Mob,Mod,Categoria/comportamento,Onde encontrar,Mecanismo,Drop/Recompensa,Quantidade,Chance/condição,Para que serve,Confiança,Imagem,Fonte da imagem,Fontes pesquisadas,Crafting
Teletor,Alex’s Caves,Criatura Monster; alvos: Player,"Bioma magnetic_caves (monster); peso 225, grupo 1–1; data/alexscaves/worldgen/biome/magnetic_caves.json; ",Drop de morte,alexscaves:raw_azure_neodymium,U[1…2] + round(L×U[0…1] em float),"pool1, rolls=1; seleção 1/2","Material de receita. Receitas confirmadas: [Azure Neodymium Node](ac-cards-2026-10-06.md#receita-azure-neodymium-node), [Azure Neodymium Pillar](ac-cards-2026-10-06.md#receita-azure-neodymium-pillar), [Azure Neodymium Ingot](ac-cards-2026-10-06.md#receita-azure-neodymium-ingot), [Azure Energized Galena](ac-cards-2026-10-06.md#receita-energized-galena-azure).",Alta no recurso; restrições da classe no inventário abaixo,/images/bestiary/audited/ac/teletor.png,src/main/java/com/github/alexmodguy/alexscaves/client/model/TeletorModel.java; src/main/java/com/github/alexmodguy/alexscaves/client/render/entity/TeletorRenderer.java; src/main/resources/assets/alexscaves/textures/entity/teletor.png; src/main/resources/assets/alexscaves/textures/entity/teletor_glow.png; output-ac/proveniencia.json,https://github.com/Raguto/AlexsCaves-1.21.1/blob/d2a7b05998d85e602d86c4999e53340fb1ee9b06/src/main/resources/data/alexscaves/loot_table/entities/teletor.json; evidence-final-ac/src/main/java/com/github/alexmodguy/alexscaves/server/entity/living/TeletorEntity.java,/bestiary/receitas/ac.html#receita-azure-neodymium-ingot | [Receita azure_neodymium_ingot](lote-final-2026-10-06/ac-cards-2026-10-06.md#receita-azure-neodymium-ingot) — data/alexscaves/recipe/azure_neodymium_ingot.json; [Receita azure_neodymium_node](lote-final-2026-10-06/ac-cards-2026-10-06.md#receita-azure-neodymium-node) — data/alexscaves/recipe/azure_neodymium_node.json; [Receita azure_neodymium_pillar](lote-final-2026-10-06/ac-cards-2026-10-06.md#receita-azure-neodymium-pillar) — data/alexscaves/recipe/azure_neodymium_pillar.json; [Receita energized_galena_azure](lote-final-2026-10-06/ac-cards-2026-10-06.md#receita-energized-galena-azure) — data/alexscaves/recipe/energized_galena_azure.json
Teletor,Alex’s Caves,Criatura Monster; alvos: Player,"Bioma magnetic_caves (monster); peso 225, grupo 1–1; data/alexscaves/worldgen/biome/magnetic_caves.json; ",Drop de morte,alexscaves:raw_scarlet_neodymium,U[1…2] + round(L×U[0…1] em float),"pool1, rolls=1; seleção 1/2","Material de receita. Receitas confirmadas: [Scarlet Neodymium Ingot](ac-cards-2026-10-06.md#receita-scarlet-neodymium-ingot), [Scarlet Neodymium Node](ac-cards-2026-10-06.md#receita-scarlet-neodymium-node), [Scarlet Neodymium Pillar](ac-cards-2026-10-06.md#receita-scarlet-neodymium-pillar), [Scarlet Energized Galena](ac-cards-2026-10-06.md#receita-energized-galena-scarlet).",Alta no recurso; restrições da classe no inventário abaixo,/images/bestiary/audited/ac/teletor.png,src/main/java/com/github/alexmodguy/alexscaves/client/model/TeletorModel.java; src/main/java/com/github/alexmodguy/alexscaves/client/render/entity/TeletorRenderer.java; src/main/resources/assets/alexscaves/textures/entity/teletor.png; src/main/resources/assets/alexscaves/textures/entity/teletor_glow.png; output-ac/proveniencia.json,https://github.com/Raguto/AlexsCaves-1.21.1/blob/d2a7b05998d85e602d86c4999e53340fb1ee9b06/src/main/resources/data/alexscaves/loot_table/entities/teletor.json; evidence-final-ac/src/main/java/com/github/alexmodguy/alexscaves/server/entity/living/TeletorEntity.java,/bestiary/receitas/ac.html#receita-energized-galena-scarlet | [Receita energized_galena_scarlet](lote-final-2026-10-06/ac-cards-2026-10-06.md#receita-energized-galena-scarlet) — data/alexscaves/recipe/energized_galena_scarlet.json; [Receita scarlet_neodymium_ingot](lote-final-2026-10-06/ac-cards-2026-10-06.md#receita-scarlet-neodymium-ingot) — data/alexscaves/recipe/scarlet_neodymium_ingot.json; [Receita scarlet_neodymium_node](lote-final-2026-10-06/ac-cards-2026-10-06.md#receita-scarlet-neodymium-node) — data/alexscaves/recipe/scarlet_neodymium_node.json; [Receita scarlet_neodymium_pillar](lote-final-2026-10-06/ac-cards-2026-10-06.md#receita-scarlet-neodymium-pillar) — data/alexscaves/recipe/scarlet_neodymium_pillar.json
Teletor,Alex’s Caves,Criatura Monster; alvos: Player,"Bioma magnetic_caves (monster); peso 225, grupo 1–1; data/alexscaves/worldgen/biome/magnetic_caves.json; ",Drop de morte,alexscaves:telecore,U[0…1] + round(L×U[0…1] em float),"pool2, rolls=1; seleção 1/1","Material de receita. Receitas confirmadas: [Galena Gauntlet](ac-cards-2026-10-06.md#receita-galena-gauntlet), [Tesla Bulb](ac-cards-2026-10-06.md#receita-tesla-bulb), [Holocoder](ac-cards-2026-10-06.md#receita-holocoder).",Alta no recurso; restrições da classe no inventário abaixo,/images/bestiary/audited/ac/teletor.png,src/main/java/com/github/alexmodguy/alexscaves/client/model/TeletorModel.java; src/main/java/com/github/alexmodguy/alexscaves/client/render/entity/TeletorRenderer.java; src/main/resources/assets/alexscaves/textures/entity/teletor.png; src/main/resources/assets/alexscaves/textures/entity/teletor_glow.png; output-ac/proveniencia.json,https://github.com/Raguto/AlexsCaves-1.21.1/blob/d2a7b05998d85e602d86c4999e53340fb1ee9b06/src/main/resources/data/alexscaves/loot_table/entities/teletor.json; evidence-final-ac/src/main/java/com/github/alexmodguy/alexscaves/server/entity/living/TeletorEntity.java,/bestiary/receitas/ac.html#receita-galena-gauntlet | [Receita galena_gauntlet](lote-final-2026-10-06/ac-cards-2026-10-06.md#receita-galena-gauntlet) — data/alexscaves/recipe/galena_gauntlet.json; [Receita holocoder](lote-final-2026-10-06/ac-cards-2026-10-06.md#receita-holocoder) — data/alexscaves/recipe/holocoder.json; [Receita tesla_bulb](lote-final-2026-10-06/ac-cards-2026-10-06.md#receita-tesla-bulb) — data/alexscaves/recipe/tesla_bulb.json
Teletor,Alex’s Caves,Criatura Monster; alvos: Player,"Bioma magnetic_caves (monster); peso 225, grupo 1–1; data/alexscaves/worldgen/biome/magnetic_caves.json; ",Drop de morte: equipamento,minecraft:iron_sword,0–1 arma total,"Ferramenta flutuante: Iron Sword/Pickaxe/Axe/Shovel/Hoe; preserva encantamentos e recebe dano de durabilidade. Sorteio usa getEquipmentDropChance(MAINHAND):8,5% no valor vanilla padrão, sem bônus explícito de Saque no método; sem PREVENT_EQUIPMENT_DROP. Mudanças no slot podem alterar esse valor.","Equipamento; cinco alternativas da tag teletor_spawns_with. Na seleção padrão de spawn: sword44%, cada ferramenta restante14%; essas são chances de equipamento gerado, não chances de drop.",Alta no código e valor padrão,/images/bestiary/audited/ac/teletor.png,src/main/java/com/github/alexmodguy/alexscaves/client/model/TeletorModel.java; src/main/java/com/github/alexmodguy/alexscaves/client/render/entity/TeletorRenderer.java; src/main/resources/assets/alexscaves/textures/entity/teletor.png; src/main/resources/assets/alexscaves/textures/entity/teletor_glow.png; output-ac/proveniencia.json,https://github.com/Raguto/AlexsCaves-1.21.1/blob/d2a7b05998d85e602d86c4999e53340fb1ee9b06/src/main/java/com/github/alexmodguy/alexscaves/server/entity/living/TeletorEntity.java; evidence-final-ac/src/main/java/com/github/alexmodguy/alexscaves/server/entity/living/TeletorEntity.java,[Receitas vanilla1.21.1](lote-final-2026-10-06/receitas-vanilla.json)
Teletor,Alex’s Caves,Criatura Monster; alvos: Player,"Bioma magnetic_caves (monster); peso 225, grupo 1–1; data/alexscaves/worldgen/biome/magnetic_caves.json; ",Recuperação da arma magnética,Arma contida em MagneticWeaponEntity,0–1 pilha,"dropEquipment: arma existente não vazia, sem PREVENT_EQUIPMENT_DROP e randomFloat<getEquipmentDropChance(MAINHAND); desgaste aleatório se damageable; remove entidade da arma. Sem incremento de Saque explícito nesta rotina.","Reutilizar arma preexistente; identidade e quantidade da pilha dependem do estado, não pool fixo",Alta nos arquivos versionados; configurações/datapacks externos não confirmados,/images/bestiary/audited/ac/teletor.png,src/main/java/com/github/alexmodguy/alexscaves/client/model/TeletorModel.java; src/main/java/com/github/alexmodguy/alexscaves/client/render/entity/TeletorRenderer.java; src/main/resources/assets/alexscaves/textures/entity/teletor.png; src/main/resources/assets/alexscaves/textures/entity/teletor_glow.png; output-ac/proveniencia.json,/workspace/scratch/25006bff7ab5/evidence-final-ac/src/main/java/com/github/alexmodguy/alexscaves/server/entity/living/TeletorEntity.java; evidence-final-ac/src/main/java/com/github/alexmodguy/alexscaves/server/entity/living/TeletorEntity.java,Não aplicável: uso direto ou nenhuma receita identificada na build
Magnetron,Alex’s Caves,Criatura Monster; alvos: Player,"Bioma magnetic_caves (monster); peso 80, grupo 1–1; data/alexscaves/worldgen/biome/magnetic_caves.json; ",Recompensa especial/pós-morte,alexscaves:heart_of_iron,1 FallingBlock,shouldDropBlocks(): fonte com entidade/direct entity ou lastHurtByPlayer; não é o mesmo teste mobGriefing das partes.,"Bloco/material: ingrediente de Resistor Shield e Magnetic Quarry. Receitas confirmadas: [Magnetic Quarry](ac-cards-2026-10-06.md#receita-magnetic-quarry), [Resistor Shield](ac-cards-2026-10-06.md#receita-resistor-shield).",Alta no código,/images/bestiary/audited/ac/magnetron.png,src/main/java/com/github/alexmodguy/alexscaves/client/model/MagnetronModel.java; src/main/java/com/github/alexmodguy/alexscaves/client/render/entity/MagnetronRenderer.java; src/main/resources/assets/alexscaves/textures/entity/magnetron.png; src/main/resources/assets/alexscaves/textures/entity/magnetron_glow_blue.png; src/main/resources/assets/alexscaves/textures/entity/magnetron_glow_red.png; src/main/resources/assets/alexscaves/textures/entity/magnetron_glow_eyes.png; output-ac/proveniencia.json,https://github.com/Raguto/AlexsCaves-1.21.1/blob/d2a7b05998d85e602d86c4999e53340fb1ee9b06/src/main/java/com/github/alexmodguy/alexscaves/server/entity/living/MagnetronEntity.java; evidence-final-ac/src/main/java/com/github/alexmodguy/alexscaves/server/entity/living/MagnetronEntity.java,/bestiary/receitas/ac.html#receita-magnetic-quarry | [Receita magnetic_quarry](lote-final-2026-10-06/ac-cards-2026-10-06.md#receita-magnetic-quarry) — data/alexscaves/recipe/magnetic_quarry.json; [Receita resistor_shield](lote-final-2026-10-06/ac-cards-2026-10-06.md#receita-resistor-shield) — data/alexscaves/recipe/resistor_shield.json
Magnetron,Alex’s Caves,Criatura Monster; alvos: Player,"Bioma magnetic_caves (monster); peso 80, grupo 1–1; data/alexscaves/worldgen/biome/magnetic_caves.json; ",Liberação das peças ao morrer,BlockState de cada MagnetronPart,Até uma entidade FallingBlock por parte não vazia,!isAlive && shouldDropBlocks; isFormed e mobGriefing; limpa cada estado após FallingBlockEntity.fall. Conversão final em bloco/item depende do FallingBlock; não é pilha garantida.,"Recuperação dos blocos usados na formação, conforme sobrevivência do FallingBlock",Alta nos arquivos versionados; configurações/datapacks externos não confirmados,/images/bestiary/audited/ac/magnetron.png,src/main/java/com/github/alexmodguy/alexscaves/client/model/MagnetronModel.java; src/main/java/com/github/alexmodguy/alexscaves/client/render/entity/MagnetronRenderer.java; src/main/resources/assets/alexscaves/textures/entity/magnetron.png; src/main/resources/assets/alexscaves/textures/entity/magnetron_glow_blue.png; src/main/resources/assets/alexscaves/textures/entity/magnetron_glow_red.png; src/main/resources/assets/alexscaves/textures/entity/magnetron_glow_eyes.png; output-ac/proveniencia.json,/workspace/scratch/25006bff7ab5/evidence-final-ac/src/main/java/com/github/alexmodguy/alexscaves/server/entity/living/MagnetronEntity.java; evidence-final-ac/src/main/java/com/github/alexmodguy/alexscaves/server/entity/living/MagnetronEntity.java,Não aplicável: uso direto ou nenhuma receita identificada na build
Boundroid,Alex’s Caves,Criatura Monster; comportamento definido na classe e herança citadas,"Bioma magnetic_caves (monster); peso 350, grupo 1–2; data/alexscaves/worldgen/biome/magnetic_caves.json; ",Drop de morte,alexscaves:heavyweight,U[0…1] + round(L×U[0…1] em float),"pool1, rolls=1; seleção 1/1",Material de receita. Receitas confirmadas: [Magnetic Quarry Smasher](ac-cards-2026-10-06.md#receita-quarry-smasher).,Alta no recurso; restrições da classe no inventário abaixo,/images/bestiary/audited/ac/boundroid.png,src/main/java/com/github/alexmodguy/alexscaves/client/model/BoundroidModel.java; src/main/java/com/github/alexmodguy/alexscaves/client/render/entity/BoundroidRenderer.java; src/main/resources/assets/alexscaves/textures/entity/boundroid.png; src/main/java/com/github/alexmodguy/alexscaves/client/model/BoundroidWinchModel.java; src/main/java/com/github/alexmodguy/alexscaves/client/render/entity/BoundroidWinchRenderer.java; src/main/resources/assets/alexscaves/textures/entity/boundroid_winch.png; src/main/resources/assets/alexscaves/textures/entity/boundroid_winch_glow.png; src/main/java/com/github/alexmodguy/alexscaves/server/entity/living/BoundroidWinchEntity.java; src/main/java/com/github/alexmodguy/alexscaves/server/entity/ACEntityRegistry.java; minecraft:assets/minecraft/textures/block/chain.png; output-ac/proveniencia.json,https://github.com/Raguto/AlexsCaves-1.21.1/blob/d2a7b05998d85e602d86c4999e53340fb1ee9b06/src/main/resources/data/alexscaves/loot_table/entities/boundroid.json; evidence-final-ac/src/main/java/com/github/alexmodguy/alexscaves/server/entity/living/BoundroidEntity.java,/bestiary/receitas/ac.html#receita-quarry-smasher | [Receita quarry_smasher](lote-final-2026-10-06/ac-cards-2026-10-06.md#receita-quarry-smasher) — data/alexscaves/recipe/quarry_smasher.json
Boundroid,Alex’s Caves,Criatura Monster; comportamento definido na classe e herança citadas,"Bioma magnetic_caves (monster); peso 350, grupo 1–2; data/alexscaves/worldgen/biome/magnetic_caves.json; ",Drop de morte,minecraft:chain,U[2…3] + round(L×U[0…1] em float),"pool2, rolls=1; seleção 1/1",Bloco para construção e decoração.,Alta no recurso; restrições da classe no inventário abaixo,/images/bestiary/audited/ac/boundroid.png,src/main/java/com/github/alexmodguy/alexscaves/client/model/BoundroidModel.java; src/main/java/com/github/alexmodguy/alexscaves/client/render/entity/BoundroidRenderer.java; src/main/resources/assets/alexscaves/textures/entity/boundroid.png; src/main/java/com/github/alexmodguy/alexscaves/client/model/BoundroidWinchModel.java; src/main/java/com/github/alexmodguy/alexscaves/client/render/entity/BoundroidWinchRenderer.java; src/main/resources/assets/alexscaves/textures/entity/boundroid_winch.png; src/main/resources/assets/alexscaves/textures/entity/boundroid_winch_glow.png; src/main/java/com/github/alexmodguy/alexscaves/server/entity/living/BoundroidWinchEntity.java; src/main/java/com/github/alexmodguy/alexscaves/server/entity/ACEntityRegistry.java; minecraft:assets/minecraft/textures/block/chain.png; output-ac/proveniencia.json,https://github.com/Raguto/AlexsCaves-1.21.1/blob/d2a7b05998d85e602d86c4999e53340fb1ee9b06/src/main/resources/data/alexscaves/loot_table/entities/boundroid.json; evidence-final-ac/src/main/java/com/github/alexmodguy/alexscaves/server/entity/living/BoundroidEntity.java,/bestiary/receitas/ac.html#receita-pewen-hanging-sign | [Receita pewen_hanging_sign](lote-final-2026-10-06/ac-cards-2026-10-06.md#receita-pewen-hanging-sign) — data/alexscaves/recipe/pewen_hanging_sign.json; [Receita quarry_smasher](lote-final-2026-10-06/ac-cards-2026-10-06.md#receita-quarry-smasher) — data/alexscaves/recipe/quarry_smasher.json; [Receita thornwood_hanging_sign](lote-final-2026-10-06/ac-cards-2026-10-06.md#receita-thornwood-hanging-sign) — data/alexscaves/recipe/thornwood_hanging_sign.json
Ferrouslime,Alex’s Caves,Criatura Monster; comportamento definido na classe e herança citadas,"Bioma magnetic_caves (monster); peso 200, grupo 1–2; data/alexscaves/worldgen/biome/magnetic_caves.json; ",Drop de morte,alexscaves:ferrouslime_ball,U[0…1] + round(L×U[0…1] em float),"pool1, rolls=1; seleção 1/1; gate de classe: headCount<=1; somente a forma final libera o loot","Material de receita. Receitas confirmadas: [Galena Gauntlet](ac-cards-2026-10-06.md#receita-galena-gauntlet), [Metal Swarf](ac-cards-2026-10-06.md#receita-metal-swarf).",Alta no recurso; restrições da classe no inventário abaixo,/images/bestiary/audited/ac/ferrouslime.png,src/main/java/com/github/alexmodguy/alexscaves/client/model/FerrouslimeModel.java; src/main/java/com/github/alexmodguy/alexscaves/client/render/entity/FerrouslimeRenderer.java; src/main/resources/assets/alexscaves/textures/entity/ferrouslime.png; src/main/resources/assets/alexscaves/textures/entity/ferrouslime_eyes.png; src/main/resources/assets/alexscaves/textures/entity/ferrouslime_gel.png; src/main/java/com/github/alexmodguy/alexscaves/server/entity/living/FerrouslimeEntity.java; src/main/resources/assets/alexscaves/shaders/core/rendertype_ferrouslime_gel.fsh; output-ac/proveniencia.json,https://github.com/Raguto/AlexsCaves-1.21.1/blob/d2a7b05998d85e602d86c4999e53340fb1ee9b06/src/main/resources/data/alexscaves/loot_table/entities/ferrouslime.json; evidence-final-ac/src/main/java/com/github/alexmodguy/alexscaves/server/entity/living/FerrouslimeEntity.java,/bestiary/receitas/ac.html#receita-galena-gauntlet | [Receita galena_gauntlet](lote-final-2026-10-06/ac-cards-2026-10-06.md#receita-galena-gauntlet) — data/alexscaves/recipe/galena_gauntlet.json; [Receita metal_swarf](lote-final-2026-10-06/ac-cards-2026-10-06.md#receita-metal-swarf) — data/alexscaves/recipe/metal_swarf.json
Notor,Alex’s Caves,Criatura PathfinderMob; comportamento definido na classe e herança citadas,"Bioma magnetic_caves (ambient); peso 20, grupo 1–4; data/alexscaves/worldgen/biome/magnetic_caves.json; ",Drop de morte,alexscaves:notor_gizmo,U[0…1] + round(L×U[0…1] em float),"pool1, rolls=1; seleção 1/1","Material de receita. Receitas confirmadas: [Hologram Projector](ac-cards-2026-10-06.md#receita-hologram-projector), [Holocoder](ac-cards-2026-10-06.md#receita-holocoder), [Magnetic Light](ac-cards-2026-10-06.md#receita-magnetic-light).",Alta no recurso; restrições da classe no inventário abaixo,/images/bestiary/audited/ac/notor.png,src/main/java/com/github/alexmodguy/alexscaves/client/model/NotorModel.java; src/main/java/com/github/alexmodguy/alexscaves/client/render/entity/NotorRenderer.java; src/main/resources/assets/alexscaves/textures/entity/notor.png; src/main/resources/assets/alexscaves/textures/entity/notor_glow.png; src/main/resources/assets/alexscaves/textures/entity/notor_eyes.png; output-ac/proveniencia.json,https://github.com/Raguto/AlexsCaves-1.21.1/blob/d2a7b05998d85e602d86c4999e53340fb1ee9b06/src/main/resources/data/alexscaves/loot_table/entities/notor.json; evidence-final-ac/src/main/java/com/github/alexmodguy/alexscaves/server/entity/living/NotorEntity.java,/bestiary/receitas/ac.html#receita-holocoder | [Receita holocoder](lote-final-2026-10-06/ac-cards-2026-10-06.md#receita-holocoder) — data/alexscaves/recipe/holocoder.json; [Receita hologram_projector](lote-final-2026-10-06/ac-cards-2026-10-06.md#receita-hologram-projector) — data/alexscaves/recipe/hologram_projector.json; [Receita magnetic_light](lote-final-2026-10-06/ac-cards-2026-10-06.md#receita-magnetic-light) — data/alexscaves/recipe/magnetic_light.json
Subterranodon,Alex’s Caves,Criatura DinosaurEntity; comportamento definido na classe e herança citadas,"Bioma primordial_caves (creature); peso 6, grupo 3–5; data/alexscaves/worldgen/biome/primordial_caves.json; ",Barter/interação,alexscaves:subterranodon_egg,1–3 ovos no bloco,"Cod ou Cooked Cod; concluir reprodução e postura em habitat válido; egg é bloco colocado, recuperação de item exige condição Silk Touch na tabela de bloco. Não prometer o mesmo total em uma única quebra.",Bloco de reprodução/eclosão. Recuperação pela tabela de bloco exige Silk Touch; não é drop de morte do animal.,Alta no código,/images/bestiary/audited/ac/subterranodon.png,src/main/java/com/github/alexmodguy/alexscaves/client/model/SubterranodonModel.java; src/main/java/com/github/alexmodguy/alexscaves/client/render/entity/SubterranodonRenderer.java; src/main/resources/assets/alexscaves/textures/entity/subterranodon.png; output-ac/proveniencia.json,https://github.com/Raguto/AlexsCaves-1.21.1/blob/d2a7b05998d85e602d86c4999e53340fb1ee9b06/src/main/java/com/github/alexmodguy/alexscaves/server/entity/living/SubterranodonEntity.java; evidence-final-ac/src/main/java/com/github/alexmodguy/alexscaves/server/entity/living/SubterranodonEntity.java,Não aplicável: uso direto ou nenhuma receita identificada na build
Subterranodon,Alex’s Caves,Criatura DinosaurEntity; comportamento definido na classe e herança citadas,"Bioma primordial_caves (creature); peso 6, grupo 3–5; data/alexscaves/worldgen/biome/primordial_caves.json; ",Postura após reprodução,alexscaves:subterranodon_egg,"1 bloco de ovos; propriedades .setValue(MultipleDinosaurEggsBlock.EGGS, 1 + random.nextInt(3))","LaysEggs.hasEgg; AnimalLayEggGoal busca habitat válido/ar acima, layEggCounter>maxTime coloca createEggBlockState e reseta hasEgg; não item solto. Quantidade de ovos contida no estado registrado.","Bloco de ovos para eclosão/reprodução; habitat e eclosão definidos na classe de bloco, Tremorzilla usa explosão nuclear",Alta nos arquivos versionados; configurações/datapacks externos não confirmados,/images/bestiary/audited/ac/subterranodon.png,src/main/java/com/github/alexmodguy/alexscaves/client/model/SubterranodonModel.java; src/main/java/com/github/alexmodguy/alexscaves/client/render/entity/SubterranodonRenderer.java; src/main/resources/assets/alexscaves/textures/entity/subterranodon.png; output-ac/proveniencia.json,/workspace/scratch/25006bff7ab5/evidence-final-ac/src/main/java/com/github/alexmodguy/alexscaves/server/entity/living/SubterranodonEntity.java; AnimalLayEggGoal.java; evidence-final-ac/src/main/java/com/github/alexmodguy/alexscaves/server/entity/living/SubterranodonEntity.java,Não aplicável: uso direto ou nenhuma receita identificada na build
Vallumraptor,Alex’s Caves,Criatura DinosaurEntity; comportamento definido na classe e herança citadas,"Bioma primordial_caves (creature); peso 6, grupo 6–7; data/alexscaves/worldgen/biome/primordial_caves.json; ",Barter/interação,alexscaves:vallumraptor_egg,1–3 ovos no bloco,"Dois elegíveis/domesticados + Dinosaur Nuggets; concluir reprodução e postura; egg é bloco colocado, recuperação de item exige condição Silk Touch na tabela de bloco. Não prometer o mesmo total em uma única quebra.",Bloco de reprodução/eclosão. Recuperação pela tabela de bloco exige Silk Touch; não é drop de morte do animal.,Alta no código,/images/bestiary/audited/ac/vallumraptor.png,src/main/java/com/github/alexmodguy/alexscaves/client/model/VallumraptorModel.java; src/main/java/com/github/alexmodguy/alexscaves/client/render/entity/VallumraptorRenderer.java; src/main/resources/assets/alexscaves/textures/entity/vallumraptor.png; output-ac/proveniencia.json,https://github.com/Raguto/AlexsCaves-1.21.1/blob/d2a7b05998d85e602d86c4999e53340fb1ee9b06/src/main/java/com/github/alexmodguy/alexscaves/server/entity/living/VallumraptorEntity.java; evidence-final-ac/src/main/java/com/github/alexmodguy/alexscaves/server/entity/living/VallumraptorEntity.java,Não aplicável: uso direto ou nenhuma receita identificada na build
Vallumraptor,Alex’s Caves,Criatura DinosaurEntity; comportamento definido na classe e herança citadas,"Bioma primordial_caves (creature); peso 6, grupo 6–7; data/alexscaves/worldgen/biome/primordial_caves.json; ",Postura após reprodução,alexscaves:vallumraptor_egg,"1 bloco de ovos; propriedades .setValue(MultipleDinosaurEggsBlock.EGGS, 1 + random.nextInt(3))","LaysEggs.hasEgg; AnimalLayEggGoal busca habitat válido/ar acima, layEggCounter>maxTime coloca createEggBlockState e reseta hasEgg; não item solto. Quantidade de ovos contida no estado registrado.","Bloco de ovos para eclosão/reprodução; habitat e eclosão definidos na classe de bloco, Tremorzilla usa explosão nuclear",Alta nos arquivos versionados; configurações/datapacks externos não confirmados,/images/bestiary/audited/ac/vallumraptor.png,src/main/java/com/github/alexmodguy/alexscaves/client/model/VallumraptorModel.java; src/main/java/com/github/alexmodguy/alexscaves/client/render/entity/VallumraptorRenderer.java; src/main/resources/assets/alexscaves/textures/entity/vallumraptor.png; output-ac/proveniencia.json,/workspace/scratch/25006bff7ab5/evidence-final-ac/src/main/java/com/github/alexmodguy/alexscaves/server/entity/living/VallumraptorEntity.java; AnimalLayEggGoal.java; evidence-final-ac/src/main/java/com/github/alexmodguy/alexscaves/server/entity/living/VallumraptorEntity.java,Não aplicável: uso direto ou nenhuma receita identificada na build
Grottoceratops,Alex’s Caves,Criatura DinosaurEntity; comportamento definido na classe e herança citadas,"Bioma primordial_caves (creature); peso 27, grupo 2–4; data/alexscaves/worldgen/biome/primordial_caves.json; ",Drop de morte,alexscaves:dinosaur_chop,U[1…2] + round(L×U[0…2] em float),"pool1, rolls=1; seleção 1/1; funções [{""conditions"":[{""condition"":""minecraft:entity_properties"",""entity"":""this"",""predicate"":{""flags"":{""is_on_fire"":true}}}],""function"":""minecraft:furnace_smelt""}]","Material de receita. Receitas confirmadas: [Cooked Dinosaur Chop](ac-cards-2026-10-06.md#receita-cooked-dinosaur-chop-smelting), [Cooked Dinosaur Chop](ac-cards-2026-10-06.md#receita-cooked-dinosaur-chop-campfire), [Cooked Dinosaur Chop](ac-cards-2026-10-06.md#receita-cooked-dinosaur-chop-smoking). Resultado cozido/gelatina é alimento; depende do predicado de fogo, não é segundo pool.",Alta no recurso; restrições da classe no inventário abaixo,/images/bestiary/audited/ac/grottoceratops.png,src/main/java/com/github/alexmodguy/alexscaves/client/model/GrottoceratopsModel.java; src/main/java/com/github/alexmodguy/alexscaves/client/render/entity/GrottoceratopsRenderer.java; src/main/resources/assets/alexscaves/textures/entity/grottoceratops.png; output-ac/proveniencia.json,https://github.com/Raguto/AlexsCaves-1.21.1/blob/d2a7b05998d85e602d86c4999e53340fb1ee9b06/src/main/resources/data/alexscaves/loot_table/entities/grottoceratops.json; evidence-final-ac/src/main/java/com/github/alexmodguy/alexscaves/server/entity/living/GrottoceratopsEntity.java,/bestiary/receitas/ac.html#receita-cooked-dinosaur-chop-campfire | [Receita cooked_dinosaur_chop_campfire](lote-final-2026-10-06/ac-cards-2026-10-06.md#receita-cooked-dinosaur-chop-campfire) — data/alexscaves/recipe/furnace/cooked_dinosaur_chop_campfire.json; [Receita cooked_dinosaur_chop_smelting](lote-final-2026-10-06/ac-cards-2026-10-06.md#receita-cooked-dinosaur-chop-smelting) — data/alexscaves/recipe/furnace/cooked_dinosaur_chop_smelting.json; [Receita cooked_dinosaur_chop_smoking](lote-final-2026-10-06/ac-cards-2026-10-06.md#receita-cooked-dinosaur-chop-smoking) — data/alexscaves/recipe/furnace/cooked_dinosaur_chop_smoking.json
Grottoceratops,Alex’s Caves,Criatura DinosaurEntity; comportamento definido na classe e herança citadas,"Bioma primordial_caves (creature); peso 27, grupo 2–4; data/alexscaves/worldgen/biome/primordial_caves.json; ",Drop de morte,alexscaves:tough_hide,U[0…2] + round(L×U[0…1] em float),"pool2, rolls=1; seleção 1/1","Material de receita. Receitas confirmadas: [Primordial Tunic](ac-cards-2026-10-06.md#receita-primordial-tunic), [Primordial Pants](ac-cards-2026-10-06.md#receita-primordial-pants), [Primordial Helmet](ac-cards-2026-10-06.md#receita-primordial-helmet).",Alta no recurso; restrições da classe no inventário abaixo,/images/bestiary/audited/ac/grottoceratops.png,src/main/java/com/github/alexmodguy/alexscaves/client/model/GrottoceratopsModel.java; src/main/java/com/github/alexmodguy/alexscaves/client/render/entity/GrottoceratopsRenderer.java; src/main/resources/assets/alexscaves/textures/entity/grottoceratops.png; output-ac/proveniencia.json,https://github.com/Raguto/AlexsCaves-1.21.1/blob/d2a7b05998d85e602d86c4999e53340fb1ee9b06/src/main/resources/data/alexscaves/loot_table/entities/grottoceratops.json; evidence-final-ac/src/main/java/com/github/alexmodguy/alexscaves/server/entity/living/GrottoceratopsEntity.java,/bestiary/receitas/ac.html#receita-primordial-helmet | [Receita primordial_helmet](lote-final-2026-10-06/ac-cards-2026-10-06.md#receita-primordial-helmet) — data/alexscaves/recipe/primordial_helmet.json; [Receita primordial_pants](lote-final-2026-10-06/ac-cards-2026-10-06.md#receita-primordial-pants) — data/alexscaves/recipe/primordial_pants.json; [Receita primordial_tunic](lote-final-2026-10-06/ac-cards-2026-10-06.md#receita-primordial-tunic) — data/alexscaves/recipe/primordial_tunic.json
Grottoceratops,Alex’s Caves,Criatura DinosaurEntity; comportamento definido na classe e herança citadas,"Bioma primordial_caves (creature); peso 27, grupo 2–4; data/alexscaves/worldgen/biome/primordial_caves.json; ",Barter/interação,alexscaves:grottoceratops_egg,1 ovo,"Tree Star + reprodução e postura; egg é bloco colocado, recuperação de item exige condição Silk Touch na tabela de bloco. Não prometer o mesmo total em uma única quebra.",Bloco de reprodução/eclosão. Recuperação pela tabela de bloco exige Silk Touch; não é drop de morte do animal.,Alta no código,/images/bestiary/audited/ac/grottoceratops.png,src/main/java/com/github/alexmodguy/alexscaves/client/model/GrottoceratopsModel.java; src/main/java/com/github/alexmodguy/alexscaves/client/render/entity/GrottoceratopsRenderer.java; src/main/resources/assets/alexscaves/textures/entity/grottoceratops.png; output-ac/proveniencia.json,https://github.com/Raguto/AlexsCaves-1.21.1/blob/d2a7b05998d85e602d86c4999e53340fb1ee9b06/src/main/java/com/github/alexmodguy/alexscaves/server/entity/living/GrottoceratopsEntity.java; evidence-final-ac/src/main/java/com/github/alexmodguy/alexscaves/server/entity/living/GrottoceratopsEntity.java,Não aplicável: uso direto ou nenhuma receita identificada na build
Grottoceratops,Alex’s Caves,Criatura DinosaurEntity; comportamento definido na classe e herança citadas,"Bioma primordial_caves (creature); peso 27, grupo 2–4; data/alexscaves/worldgen/biome/primordial_caves.json; ",Transformação de bloco durante alimentação,alexscaves:fiddlehead,1bloco por Curly Fern transformada;1item pela tabela ao quebrar,"Goal registrado com alcance16; alvo Curly Fern na metade inferior, alcançar e mastigar com animationTick>15. DestroyBlock(false) e setBlockAndUpdate colocam Fiddlehead; não é drop de morte. Tabela de bloco contém1roll sem exigência de Silk Touch.","Planta/bloco decorativo: pode ser colocado em Grass Block/Moss Block e vaso. Em randomTick tem1/7 de chance de virar Curly Fern se bloco acima é ar. Material de Serene Salad; compostável com chance0,4 por inserção.",Alta nas classes/loot do commit; pack não testado,/images/bestiary/audited/ac/grottoceratops.png,src/main/java/com/github/alexmodguy/alexscaves/client/model/GrottoceratopsModel.java; src/main/java/com/github/alexmodguy/alexscaves/client/render/entity/GrottoceratopsRenderer.java; src/main/resources/assets/alexscaves/textures/entity/grottoceratops.png; output-ac/proveniencia.json,https://github.com/Raguto/AlexsCaves-1.21.1/blob/d2a7b05998d85e602d86c4999e53340fb1ee9b06/src/main/java/com/github/alexmodguy/alexscaves/server/entity/ai/GrottoceratopsEatPlantsGoal.java; evidence-final-ac/src/main/java/com/github/alexmodguy/alexscaves/server/entity/living/GrottoceratopsEntity.java,/bestiary/receitas/ac.html#receita-fern-thatch | [Receita fern_thatch](lote-final-2026-10-06/ac-cards-2026-10-06.md#receita-fern-thatch) — data/alexscaves/recipe/fern_thatch.json; [Receita serene_salad](lote-final-2026-10-06/ac-cards-2026-10-06.md#receita-serene-salad) — data/alexscaves/recipe/serene_salad.json
Grottoceratops,Alex’s Caves,Criatura DinosaurEntity; comportamento definido na classe e herança citadas,"Bioma primordial_caves (creature); peso 27, grupo 2–4; data/alexscaves/worldgen/biome/primordial_caves.json; ",Postura após reprodução,alexscaves:grottoceratops_egg,1 bloco de ovos; propriedades ,"LaysEggs.hasEgg; AnimalLayEggGoal busca habitat válido/ar acima, layEggCounter>maxTime coloca createEggBlockState e reseta hasEgg; não item solto. Quantidade de ovos contida no estado registrado.","Bloco de ovos para eclosão/reprodução; habitat e eclosão definidos na classe de bloco, Tremorzilla usa explosão nuclear",Alta nos arquivos versionados; configurações/datapacks externos não confirmados,/images/bestiary/audited/ac/grottoceratops.png,src/main/java/com/github/alexmodguy/alexscaves/client/model/GrottoceratopsModel.java; src/main/java/com/github/alexmodguy/alexscaves/client/render/entity/GrottoceratopsRenderer.java; src/main/resources/assets/alexscaves/textures/entity/grottoceratops.png; output-ac/proveniencia.json,/workspace/scratch/25006bff7ab5/evidence-final-ac/src/main/java/com/github/alexmodguy/alexscaves/server/entity/living/GrottoceratopsEntity.java; AnimalLayEggGoal.java; evidence-final-ac/src/main/java/com/github/alexmodguy/alexscaves/server/entity/living/GrottoceratopsEntity.java,Não aplicável: uso direto ou nenhuma receita identificada na build
Trilocaris,Alex’s Caves,Criatura WaterAnimal; comportamento definido na classe e herança citadas,"Bioma primordial_caves (water_ambient); peso 15, grupo 1–2; data/alexscaves/worldgen/biome/primordial_caves.json; ",Drop de morte,alexscaves:trilocaris_tail,U[0…1],"pool1, rolls=1; seleção 1/1; funções [{""conditions"":[{""condition"":""minecraft:entity_properties"",""entity"":""this"",""predicate"":{""flags"":{""is_on_fire"":true}}}],""function"":""minecraft:furnace_smelt""}]","Alimento. Receitas confirmadas: [Cooked Trilocaris Tail](ac-cards-2026-10-06.md#receita-cooked-trilocaris-tail-campfire), [Cooked Trilocaris Tail](ac-cards-2026-10-06.md#receita-cooked-trilocaris-tail-smoking), [Cooked Trilocaris Tail](ac-cards-2026-10-06.md#receita-cooked-trilocaris-tail-smelting). Resultado cozido/gelatina é alimento; depende do predicado de fogo, não é segundo pool.",Alta no recurso; restrições da classe no inventário abaixo,/images/bestiary/audited/ac/trilocaris.png,src/main/java/com/github/alexmodguy/alexscaves/client/model/TrilocarisModel.java; src/main/java/com/github/alexmodguy/alexscaves/client/render/entity/TrilocarisRenderer.java; src/main/resources/assets/alexscaves/textures/entity/trilocaris.png; output-ac/proveniencia.json,https://github.com/Raguto/AlexsCaves-1.21.1/blob/d2a7b05998d85e602d86c4999e53340fb1ee9b06/src/main/resources/data/alexscaves/loot_table/entities/trilocaris.json; evidence-final-ac/src/main/java/com/github/alexmodguy/alexscaves/server/entity/living/TrilocarisEntity.java,/bestiary/receitas/ac.html#receita-cooked-trilocaris-tail-campfire | [Receita cooked_trilocaris_tail_campfire](lote-final-2026-10-06/ac-cards-2026-10-06.md#receita-cooked-trilocaris-tail-campfire) — data/alexscaves/recipe/furnace/cooked_trilocaris_tail_campfire.json; [Receita cooked_trilocaris_tail_smelting](lote-final-2026-10-06/ac-cards-2026-10-06.md#receita-cooked-trilocaris-tail-smelting) — data/alexscaves/recipe/furnace/cooked_trilocaris_tail_smelting.json; [Receita cooked_trilocaris_tail_smoking](lote-final-2026-10-06/ac-cards-2026-10-06.md#receita-cooked-trilocaris-tail-smoking) — data/alexscaves/recipe/furnace/cooked_trilocaris_tail_smoking.json
Trilocaris,Alex’s Caves,Criatura WaterAnimal; comportamento definido na classe e herança citadas,"Bioma primordial_caves (water_ambient); peso 15, grupo 1–2; data/alexscaves/worldgen/biome/primordial_caves.json; ",Barter/interação,alexscaves:trilocaris_bucket,1 contêiner com criatura,"Captura viva com Water Bucket, conforme mobInteract; criatura retirada do mundo e salva no contêiner.",Contêiner da criatura viva para transporte e soltura; não é drop de morte.,Alta no código,/images/bestiary/audited/ac/trilocaris.png,src/main/java/com/github/alexmodguy/alexscaves/client/model/TrilocarisModel.java; src/main/java/com/github/alexmodguy/alexscaves/client/render/entity/TrilocarisRenderer.java; src/main/resources/assets/alexscaves/textures/entity/trilocaris.png; output-ac/proveniencia.json,https://github.com/Raguto/AlexsCaves-1.21.1/blob/d2a7b05998d85e602d86c4999e53340fb1ee9b06/src/main/java/com/github/alexmodguy/alexscaves/server/entity/living/TrilocarisEntity.java; evidence-final-ac/src/main/java/com/github/alexmodguy/alexscaves/server/entity/living/TrilocarisEntity.java,Não aplicável: uso direto ou nenhuma receita identificada na build
Trilocaris,Alex’s Caves,Criatura WaterAnimal; comportamento definido na classe e herança citadas,"Bioma primordial_caves (water_ambient); peso 15, grupo 1–2; data/alexscaves/worldgen/biome/primordial_caves.json; ",Captura viva em balde,alexscaves:trilocaris_bucket,1,"Bucketable.bucketMobPickup; entidade viva, recipiente compatível; estado salvo no item; não é drop de morte",Transportar/soltar a criatura mantendo dados de balde,Alta nos arquivos versionados; configurações/datapacks externos não confirmados,/images/bestiary/audited/ac/trilocaris.png,src/main/java/com/github/alexmodguy/alexscaves/client/model/TrilocarisModel.java; src/main/java/com/github/alexmodguy/alexscaves/client/render/entity/TrilocarisRenderer.java; src/main/resources/assets/alexscaves/textures/entity/trilocaris.png; output-ac/proveniencia.json,/workspace/scratch/25006bff7ab5/evidence-final-ac/src/main/java/com/github/alexmodguy/alexscaves/server/entity/living/TrilocarisEntity.java; evidence-final-ac/src/main/java/com/github/alexmodguy/alexscaves/server/entity/living/TrilocarisEntity.java,Não aplicável: uso direto ou nenhuma receita identificada na build
Tremorsaurus,Alex’s Caves,Criatura DinosaurEntity; comportamento definido na classe e herança citadas,"Bioma primordial_caves (creature); peso 5, grupo 1–1; data/alexscaves/worldgen/biome/primordial_caves.json; ",Drop de morte,alexscaves:dinosaur_chop,U[0…2] + round(L×U[0…1] em float),"pool1, rolls=1; seleção 1/1; funções [{""conditions"":[{""condition"":""minecraft:entity_properties"",""entity"":""this"",""predicate"":{""flags"":{""is_on_fire"":true}}}],""function"":""minecraft:furnace_smelt""}]","Material de receita. Receitas confirmadas: [Cooked Dinosaur Chop](ac-cards-2026-10-06.md#receita-cooked-dinosaur-chop-smelting), [Cooked Dinosaur Chop](ac-cards-2026-10-06.md#receita-cooked-dinosaur-chop-campfire), [Cooked Dinosaur Chop](ac-cards-2026-10-06.md#receita-cooked-dinosaur-chop-smoking). Resultado cozido/gelatina é alimento; depende do predicado de fogo, não é segundo pool.",Alta no recurso; restrições da classe no inventário abaixo,/images/bestiary/audited/ac/tremorsaurus.png,src/main/java/com/github/alexmodguy/alexscaves/client/model/TremorsaurusModel.java; src/main/java/com/github/alexmodguy/alexscaves/client/render/entity/TremorsaurusRenderer.java; src/main/resources/assets/alexscaves/textures/entity/tremorsaurus.png; output-ac/proveniencia.json,https://github.com/Raguto/AlexsCaves-1.21.1/blob/d2a7b05998d85e602d86c4999e53340fb1ee9b06/src/main/resources/data/alexscaves/loot_table/entities/tremorsaurus.json; evidence-final-ac/src/main/java/com/github/alexmodguy/alexscaves/server/entity/living/TremorsaurusEntity.java,/bestiary/receitas/ac.html#receita-cooked-dinosaur-chop-campfire | [Receita cooked_dinosaur_chop_campfire](lote-final-2026-10-06/ac-cards-2026-10-06.md#receita-cooked-dinosaur-chop-campfire) — data/alexscaves/recipe/furnace/cooked_dinosaur_chop_campfire.json; [Receita cooked_dinosaur_chop_smelting](lote-final-2026-10-06/ac-cards-2026-10-06.md#receita-cooked-dinosaur-chop-smelting) — data/alexscaves/recipe/furnace/cooked_dinosaur_chop_smelting.json; [Receita cooked_dinosaur_chop_smoking](lote-final-2026-10-06/ac-cards-2026-10-06.md#receita-cooked-dinosaur-chop-smoking) — data/alexscaves/recipe/furnace/cooked_dinosaur_chop_smoking.json
Tremorsaurus,Alex’s Caves,Criatura DinosaurEntity; comportamento definido na classe e herança citadas,"Bioma primordial_caves (creature); peso 5, grupo 1–1; data/alexscaves/worldgen/biome/primordial_caves.json; ",Drop de morte,alexscaves:heavy_bone,U[2…3] + round(L×U[0…2] em float),"pool2, rolls=1; seleção 1/1","Material de receita. Receitas confirmadas: [Primitive Club](ac-cards-2026-10-06.md#receita-primitive-club), [Primordial Helmet](ac-cards-2026-10-06.md#receita-primordial-helmet), [Extinction Spear](ac-cards-2026-10-06.md#receita-extinction-spear), [Seething Stew](ac-cards-2026-10-06.md#receita-seething-stew), [Bone Meal](ac-cards-2026-10-06.md#receita-bone-meal-from-heavy-bone), [Ominous Catalyst](ac-cards-2026-10-06.md#receita-ominous-catalyst).",Alta no recurso; restrições da classe no inventário abaixo,/images/bestiary/audited/ac/tremorsaurus.png,src/main/java/com/github/alexmodguy/alexscaves/client/model/TremorsaurusModel.java; src/main/java/com/github/alexmodguy/alexscaves/client/render/entity/TremorsaurusRenderer.java; src/main/resources/assets/alexscaves/textures/entity/tremorsaurus.png; output-ac/proveniencia.json,https://github.com/Raguto/AlexsCaves-1.21.1/blob/d2a7b05998d85e602d86c4999e53340fb1ee9b06/src/main/resources/data/alexscaves/loot_table/entities/tremorsaurus.json; evidence-final-ac/src/main/java/com/github/alexmodguy/alexscaves/server/entity/living/TremorsaurusEntity.java,/bestiary/receitas/ac.html#receita-bone-meal-from-heavy-bone | [Receita bone_meal_from_heavy_bone](lote-final-2026-10-06/ac-cards-2026-10-06.md#receita-bone-meal-from-heavy-bone) — data/alexscaves/recipe/bone_meal_from_heavy_bone.json; [Receita extinction_spear](lote-final-2026-10-06/ac-cards-2026-10-06.md#receita-extinction-spear) — data/alexscaves/recipe/extinction_spear.json; [Receita ominous_catalyst](lote-final-2026-10-06/ac-cards-2026-10-06.md#receita-ominous-catalyst) — data/alexscaves/recipe/ominous_catalyst.json; [Receita primitive_club](lote-final-2026-10-06/ac-cards-2026-10-06.md#receita-primitive-club) — data/alexscaves/recipe/primitive_club.json; [Receita primordial_helmet](lote-final-2026-10-06/ac-cards-2026-10-06.md#receita-primordial-helmet) — data/alexscaves/recipe/primordial_helmet.json; [Receita seething_stew](lote-final-2026-10-06/ac-cards-2026-10-06.md#receita-seething-stew) — data/alexscaves/recipe/seething_stew.json
Tremorsaurus,Alex’s Caves,Criatura DinosaurEntity; comportamento definido na classe e herança citadas,"Bioma primordial_caves (creature); peso 5, grupo 1–1; data/alexscaves/worldgen/biome/primordial_caves.json; ",Barter/interação,alexscaves:tremorsaurus_egg,1 ovo,"Domesticado + Dinosaur Chop cru/cozido; reprodução e postura; egg é bloco colocado, recuperação de item exige condição Silk Touch na tabela de bloco. Não prometer o mesmo total em uma única quebra.",Bloco de reprodução/eclosão. Recuperação pela tabela de bloco exige Silk Touch; não é drop de morte do animal. Também ingrediente de Tremorzilla Egg.,Alta no código,/images/bestiary/audited/ac/tremorsaurus.png,src/main/java/com/github/alexmodguy/alexscaves/client/model/TremorsaurusModel.java; src/main/java/com/github/alexmodguy/alexscaves/client/render/entity/TremorsaurusRenderer.java; src/main/resources/assets/alexscaves/textures/entity/tremorsaurus.png; output-ac/proveniencia.json,https://github.com/Raguto/AlexsCaves-1.21.1/blob/d2a7b05998d85e602d86c4999e53340fb1ee9b06/src/main/java/com/github/alexmodguy/alexscaves/server/entity/living/TremorsaurusEntity.java; evidence-final-ac/src/main/java/com/github/alexmodguy/alexscaves/server/entity/living/TremorsaurusEntity.java,/bestiary/receitas/ac.html#receita-tremorzilla-egg | [Receita tremorzilla_egg](lote-final-2026-10-06/ac-cards-2026-10-06.md#receita-tremorzilla-egg) — data/alexscaves/recipe/tremorzilla_egg.json
Tremorsaurus,Alex’s Caves,Criatura DinosaurEntity; comportamento definido na classe e herança citadas,"Bioma primordial_caves (creature); peso 5, grupo 1–1; data/alexscaves/worldgen/biome/primordial_caves.json; ",Postura após reprodução,alexscaves:tremorsaurus_egg,1 bloco de ovos; propriedades ,"LaysEggs.hasEgg; AnimalLayEggGoal busca habitat válido/ar acima, layEggCounter>maxTime coloca createEggBlockState e reseta hasEgg; não item solto. Quantidade de ovos contida no estado registrado.","Bloco de ovos para eclosão/reprodução; habitat e eclosão definidos na classe de bloco, Tremorzilla usa explosão nuclear",Alta nos arquivos versionados; configurações/datapacks externos não confirmados,/images/bestiary/audited/ac/tremorsaurus.png,src/main/java/com/github/alexmodguy/alexscaves/client/model/TremorsaurusModel.java; src/main/java/com/github/alexmodguy/alexscaves/client/render/entity/TremorsaurusRenderer.java; src/main/resources/assets/alexscaves/textures/entity/tremorsaurus.png; output-ac/proveniencia.json,/workspace/scratch/25006bff7ab5/evidence-final-ac/src/main/java/com/github/alexmodguy/alexscaves/server/entity/living/TremorsaurusEntity.java; AnimalLayEggGoal.java; evidence-final-ac/src/main/java/com/github/alexmodguy/alexscaves/server/entity/living/TremorsaurusEntity.java,/bestiary/receitas/ac.html#receita-tremorzilla-egg | [Receita tremorzilla_egg](lote-final-2026-10-06/ac-cards-2026-10-06.md#receita-tremorzilla-egg) — data/alexscaves/recipe/tremorzilla_egg.json
Relicheirus,Alex’s Caves,Criatura DinosaurEntity; alvos: TrilocarisEntity,"Bioma primordial_caves (creature); peso 13, grupo 1–1; data/alexscaves/worldgen/biome/primordial_caves.json; ",Drop de morte,alexscaves:dinosaur_chop,U[1…2] + round(L×U[0…2] em float),"pool1, rolls=1; seleção 1/1; funções [{""conditions"":[{""condition"":""minecraft:entity_properties"",""entity"":""this"",""predicate"":{""flags"":{""is_on_fire"":true}}}],""function"":""minecraft:furnace_smelt""}]","Material de receita. Receitas confirmadas: [Cooked Dinosaur Chop](ac-cards-2026-10-06.md#receita-cooked-dinosaur-chop-smelting), [Cooked Dinosaur Chop](ac-cards-2026-10-06.md#receita-cooked-dinosaur-chop-campfire), [Cooked Dinosaur Chop](ac-cards-2026-10-06.md#receita-cooked-dinosaur-chop-smoking). Resultado cozido/gelatina é alimento; depende do predicado de fogo, não é segundo pool.",Alta no recurso; restrições da classe no inventário abaixo,/images/bestiary/audited/ac/relicheirus.png,src/main/java/com/github/alexmodguy/alexscaves/client/model/RelicheirusModel.java; src/main/java/com/github/alexmodguy/alexscaves/client/render/entity/RelicheirusRenderer.java; src/main/resources/assets/alexscaves/textures/entity/relicheirus.png; output-ac/proveniencia.json,https://github.com/Raguto/AlexsCaves-1.21.1/blob/d2a7b05998d85e602d86c4999e53340fb1ee9b06/src/main/resources/data/alexscaves/loot_table/entities/relicheirus.json; evidence-final-ac/src/main/java/com/github/alexmodguy/alexscaves/server/entity/living/RelicheirusEntity.java,/bestiary/receitas/ac.html#receita-cooked-dinosaur-chop-campfire | [Receita cooked_dinosaur_chop_campfire](lote-final-2026-10-06/ac-cards-2026-10-06.md#receita-cooked-dinosaur-chop-campfire) — data/alexscaves/recipe/furnace/cooked_dinosaur_chop_campfire.json; [Receita cooked_dinosaur_chop_smelting](lote-final-2026-10-06/ac-cards-2026-10-06.md#receita-cooked-dinosaur-chop-smelting) — data/alexscaves/recipe/furnace/cooked_dinosaur_chop_smelting.json; [Receita cooked_dinosaur_chop_smoking](lote-final-2026-10-06/ac-cards-2026-10-06.md#receita-cooked-dinosaur-chop-smoking) — data/alexscaves/recipe/furnace/cooked_dinosaur_chop_smoking.json
Relicheirus,Alex’s Caves,Criatura DinosaurEntity; alvos: TrilocarisEntity,"Bioma primordial_caves (creature); peso 13, grupo 1–1; data/alexscaves/worldgen/biome/primordial_caves.json; ",Drop de morte,alexscaves:heavy_bone,U[1…3] + round(L×U[0…2] em float),"pool2, rolls=1; seleção 1/1","Material de receita. Receitas confirmadas: [Primitive Club](ac-cards-2026-10-06.md#receita-primitive-club), [Primordial Helmet](ac-cards-2026-10-06.md#receita-primordial-helmet), [Extinction Spear](ac-cards-2026-10-06.md#receita-extinction-spear), [Seething Stew](ac-cards-2026-10-06.md#receita-seething-stew), [Bone Meal](ac-cards-2026-10-06.md#receita-bone-meal-from-heavy-bone), [Ominous Catalyst](ac-cards-2026-10-06.md#receita-ominous-catalyst).",Alta no recurso; restrições da classe no inventário abaixo,/images/bestiary/audited/ac/relicheirus.png,src/main/java/com/github/alexmodguy/alexscaves/client/model/RelicheirusModel.java; src/main/java/com/github/alexmodguy/alexscaves/client/render/entity/RelicheirusRenderer.java; src/main/resources/assets/alexscaves/textures/entity/relicheirus.png; output-ac/proveniencia.json,https://github.com/Raguto/AlexsCaves-1.21.1/blob/d2a7b05998d85e602d86c4999e53340fb1ee9b06/src/main/resources/data/alexscaves/loot_table/entities/relicheirus.json; evidence-final-ac/src/main/java/com/github/alexmodguy/alexscaves/server/entity/living/RelicheirusEntity.java,/bestiary/receitas/ac.html#receita-bone-meal-from-heavy-bone | [Receita bone_meal_from_heavy_bone](lote-final-2026-10-06/ac-cards-2026-10-06.md#receita-bone-meal-from-heavy-bone) — data/alexscaves/recipe/bone_meal_from_heavy_bone.json; [Receita extinction_spear](lote-final-2026-10-06/ac-cards-2026-10-06.md#receita-extinction-spear) — data/alexscaves/recipe/extinction_spear.json; [Receita ominous_catalyst](lote-final-2026-10-06/ac-cards-2026-10-06.md#receita-ominous-catalyst) — data/alexscaves/recipe/ominous_catalyst.json; [Receita primitive_club](lote-final-2026-10-06/ac-cards-2026-10-06.md#receita-primitive-club) — data/alexscaves/recipe/primitive_club.json; [Receita primordial_helmet](lote-final-2026-10-06/ac-cards-2026-10-06.md#receita-primordial-helmet) — data/alexscaves/recipe/primordial_helmet.json; [Receita seething_stew](lote-final-2026-10-06/ac-cards-2026-10-06.md#receita-seething-stew) — data/alexscaves/recipe/seething_stew.json
Relicheirus,Alex’s Caves,Criatura DinosaurEntity; alvos: TrilocarisEntity,"Bioma primordial_caves (creature); peso 13, grupo 1–1; data/alexscaves/worldgen/biome/primordial_caves.json; ",Drop de morte,minecraft:feather,U[1…4] + round(L×U[0…2] em float),"pool3, rolls=1; seleção 1/1",Material de flechas e livros com pena.,Alta no recurso; restrições da classe no inventário abaixo,/images/bestiary/audited/ac/relicheirus.png,src/main/java/com/github/alexmodguy/alexscaves/client/model/RelicheirusModel.java; src/main/java/com/github/alexmodguy/alexscaves/client/render/entity/RelicheirusRenderer.java; src/main/resources/assets/alexscaves/textures/entity/relicheirus.png; output-ac/proveniencia.json,https://github.com/Raguto/AlexsCaves-1.21.1/blob/d2a7b05998d85e602d86c4999e53340fb1ee9b06/src/main/resources/data/alexscaves/loot_table/entities/relicheirus.json; evidence-final-ac/src/main/java/com/github/alexmodguy/alexscaves/server/entity/living/RelicheirusEntity.java,[Receitas vanilla1.21.1](lote-final-2026-10-06/receitas-vanilla.json)
Relicheirus,Alex’s Caves,Criatura DinosaurEntity; alvos: TrilocarisEntity,"Bioma primordial_caves (creature); peso 13, grupo 1–1; data/alexscaves/worldgen/biome/primordial_caves.json; ",Barter/interação,alexscaves:relicheirus_egg,1 ovo,"Tree Star + reprodução e postura; egg é bloco colocado, recuperação de item exige condição Silk Touch na tabela de bloco. Não prometer o mesmo total em uma única quebra.",Bloco de reprodução/eclosão. Recuperação pela tabela de bloco exige Silk Touch; não é drop de morte do animal.,Alta no código,/images/bestiary/audited/ac/relicheirus.png,src/main/java/com/github/alexmodguy/alexscaves/client/model/RelicheirusModel.java; src/main/java/com/github/alexmodguy/alexscaves/client/render/entity/RelicheirusRenderer.java; src/main/resources/assets/alexscaves/textures/entity/relicheirus.png; output-ac/proveniencia.json,https://github.com/Raguto/AlexsCaves-1.21.1/blob/d2a7b05998d85e602d86c4999e53340fb1ee9b06/src/main/java/com/github/alexmodguy/alexscaves/server/entity/living/RelicheirusEntity.java; evidence-final-ac/src/main/java/com/github/alexmodguy/alexscaves/server/entity/living/RelicheirusEntity.java,Não aplicável: uso direto ou nenhuma receita identificada na build
Relicheirus,Alex’s Caves,Criatura DinosaurEntity; alvos: TrilocarisEntity,"Bioma primordial_caves (creature); peso 13, grupo 1–1; data/alexscaves/worldgen/biome/primordial_caves.json; ",Postura após reprodução,alexscaves:relicheirus_egg,1 bloco de ovos; propriedades ,"LaysEggs.hasEgg; AnimalLayEggGoal busca habitat válido/ar acima, layEggCounter>maxTime coloca createEggBlockState e reseta hasEgg; não item solto. Quantidade de ovos contida no estado registrado.","Bloco de ovos para eclosão/reprodução; habitat e eclosão definidos na classe de bloco, Tremorzilla usa explosão nuclear",Alta nos arquivos versionados; configurações/datapacks externos não confirmados,/images/bestiary/audited/ac/relicheirus.png,src/main/java/com/github/alexmodguy/alexscaves/client/model/RelicheirusModel.java; src/main/java/com/github/alexmodguy/alexscaves/client/render/entity/RelicheirusRenderer.java; src/main/resources/assets/alexscaves/textures/entity/relicheirus.png; output-ac/proveniencia.json,/workspace/scratch/25006bff7ab5/evidence-final-ac/src/main/java/com/github/alexmodguy/alexscaves/server/entity/living/RelicheirusEntity.java; AnimalLayEggGoal.java; evidence-final-ac/src/main/java/com/github/alexmodguy/alexscaves/server/entity/living/RelicheirusEntity.java,Não aplicável: uso direto ou nenhuma receita identificada na build
Luxtructosaurus,Alex’s Caves,Chefe de encontro; comportamento definido na classe e herança citadas,"Volcanic Core: atrai Ominous Catalyst num volume±20horizontal/±100vertical; aproximação <0.66 chama spawnBoss e consome1, cooldown24000ticks; VolcanicCoreBlockEntity na estrutura Volcano/Primordial Caves.",Drop de morte,alexscaves:tectonic_shard,U[7…11] + round(L×U[0…1] em float),"pool1, rolls=1; seleção 1/1","Material de receita. Receitas confirmadas: [Extinction Spear](ac-cards-2026-10-06.md#receita-extinction-spear), [Tremorzilla Egg](ac-cards-2026-10-06.md#receita-tremorzilla-egg).",Alta no recurso; restrições da classe no inventário abaixo,/images/bestiary/audited/ac/luxtructosaurus.png,src/main/java/com/github/alexmodguy/alexscaves/client/model/LuxtructosaurusModel.java; src/main/java/com/github/alexmodguy/alexscaves/client/render/entity/LuxtructosaurusRenderer.java; src/main/java/com/github/alexmodguy/alexscaves/client/model/SauropodBaseModel.java; src/main/resources/assets/alexscaves/textures/entity/luxtructosaurus.png; output-ac/proveniencia.json,https://github.com/Raguto/AlexsCaves-1.21.1/blob/d2a7b05998d85e602d86c4999e53340fb1ee9b06/src/main/resources/data/alexscaves/loot_table/entities/luxtructosaurus.json; evidence-final-ac/src/main/java/com/github/alexmodguy/alexscaves/server/entity/living/LuxtructosaurusEntity.java,/bestiary/receitas/ac.html#receita-extinction-spear | [Receita extinction_spear](lote-final-2026-10-06/ac-cards-2026-10-06.md#receita-extinction-spear) — data/alexscaves/recipe/extinction_spear.json; [Receita tremorzilla_egg](lote-final-2026-10-06/ac-cards-2026-10-06.md#receita-tremorzilla-egg) — data/alexscaves/recipe/tremorzilla_egg.json
Atlatitan,Alex’s Caves,Criatura SauropodBaseEntity; comportamento definido na classe e herança citadas,"Bioma primordial_caves (creature); peso 10, grupo 2–3; data/alexscaves/worldgen/biome/primordial_caves.json; ",Drop de morte,alexscaves:dinosaur_chop,U[7…9] + round(L×U[0…1] em float),"pool1, rolls=1; seleção 1/1; funções [{""conditions"":[{""condition"":""minecraft:entity_properties"",""entity"":""this"",""predicate"":{""flags"":{""is_on_fire"":true}}}],""function"":""minecraft:furnace_smelt""}]","Material de receita. Receitas confirmadas: [Cooked Dinosaur Chop](ac-cards-2026-10-06.md#receita-cooked-dinosaur-chop-smelting), [Cooked Dinosaur Chop](ac-cards-2026-10-06.md#receita-cooked-dinosaur-chop-campfire), [Cooked Dinosaur Chop](ac-cards-2026-10-06.md#receita-cooked-dinosaur-chop-smoking). Resultado cozido/gelatina é alimento; depende do predicado de fogo, não é segundo pool.",Alta no recurso; restrições da classe no inventário abaixo,/images/bestiary/audited/ac/atlatitan.png,src/main/java/com/github/alexmodguy/alexscaves/client/model/AtlatitanModel.java; src/main/java/com/github/alexmodguy/alexscaves/client/render/entity/AtlatitanRenderer.java; src/main/java/com/github/alexmodguy/alexscaves/client/model/SauropodBaseModel.java; src/main/resources/assets/alexscaves/textures/entity/atlatitan.png; output-ac/proveniencia.json,https://github.com/Raguto/AlexsCaves-1.21.1/blob/d2a7b05998d85e602d86c4999e53340fb1ee9b06/src/main/resources/data/alexscaves/loot_table/entities/atlatitan.json; evidence-final-ac/src/main/java/com/github/alexmodguy/alexscaves/server/entity/living/AtlatitanEntity.java,/bestiary/receitas/ac.html#receita-cooked-dinosaur-chop-campfire | [Receita cooked_dinosaur_chop_campfire](lote-final-2026-10-06/ac-cards-2026-10-06.md#receita-cooked-dinosaur-chop-campfire) — data/alexscaves/recipe/furnace/cooked_dinosaur_chop_campfire.json; [Receita cooked_dinosaur_chop_smelting](lote-final-2026-10-06/ac-cards-2026-10-06.md#receita-cooked-dinosaur-chop-smelting) — data/alexscaves/recipe/furnace/cooked_dinosaur_chop_smelting.json; [Receita cooked_dinosaur_chop_smoking](lote-final-2026-10-06/ac-cards-2026-10-06.md#receita-cooked-dinosaur-chop-smoking) — data/alexscaves/recipe/furnace/cooked_dinosaur_chop_smoking.json
Atlatitan,Alex’s Caves,Criatura SauropodBaseEntity; comportamento definido na classe e herança citadas,"Bioma primordial_caves (creature); peso 10, grupo 2–3; data/alexscaves/worldgen/biome/primordial_caves.json; ",Drop de morte,alexscaves:heavy_bone,U[5…9] + round(L×U[0…2] em float),"pool2, rolls=1; seleção 1/1","Material de receita. Receitas confirmadas: [Primitive Club](ac-cards-2026-10-06.md#receita-primitive-club), [Primordial Helmet](ac-cards-2026-10-06.md#receita-primordial-helmet), [Extinction Spear](ac-cards-2026-10-06.md#receita-extinction-spear), [Seething Stew](ac-cards-2026-10-06.md#receita-seething-stew), [Bone Meal](ac-cards-2026-10-06.md#receita-bone-meal-from-heavy-bone), [Ominous Catalyst](ac-cards-2026-10-06.md#receita-ominous-catalyst).",Alta no recurso; restrições da classe no inventário abaixo,/images/bestiary/audited/ac/atlatitan.png,src/main/java/com/github/alexmodguy/alexscaves/client/model/AtlatitanModel.java; src/main/java/com/github/alexmodguy/alexscaves/client/render/entity/AtlatitanRenderer.java; src/main/java/com/github/alexmodguy/alexscaves/client/model/SauropodBaseModel.java; src/main/resources/assets/alexscaves/textures/entity/atlatitan.png; output-ac/proveniencia.json,https://github.com/Raguto/AlexsCaves-1.21.1/blob/d2a7b05998d85e602d86c4999e53340fb1ee9b06/src/main/resources/data/alexscaves/loot_table/entities/atlatitan.json; evidence-final-ac/src/main/java/com/github/alexmodguy/alexscaves/server/entity/living/AtlatitanEntity.java,/bestiary/receitas/ac.html#receita-bone-meal-from-heavy-bone | [Receita bone_meal_from_heavy_bone](lote-final-2026-10-06/ac-cards-2026-10-06.md#receita-bone-meal-from-heavy-bone) — data/alexscaves/recipe/bone_meal_from_heavy_bone.json; [Receita extinction_spear](lote-final-2026-10-06/ac-cards-2026-10-06.md#receita-extinction-spear) — data/alexscaves/recipe/extinction_spear.json; [Receita ominous_catalyst](lote-final-2026-10-06/ac-cards-2026-10-06.md#receita-ominous-catalyst) — data/alexscaves/recipe/ominous_catalyst.json; [Receita primitive_club](lote-final-2026-10-06/ac-cards-2026-10-06.md#receita-primitive-club) — data/alexscaves/recipe/primitive_club.json; [Receita primordial_helmet](lote-final-2026-10-06/ac-cards-2026-10-06.md#receita-primordial-helmet) — data/alexscaves/recipe/primordial_helmet.json; [Receita seething_stew](lote-final-2026-10-06/ac-cards-2026-10-06.md#receita-seething-stew) — data/alexscaves/recipe/seething_stew.json
Atlatitan,Alex’s Caves,Criatura SauropodBaseEntity; comportamento definido na classe e herança citadas,"Bioma primordial_caves (creature); peso 10, grupo 2–3; data/alexscaves/worldgen/biome/primordial_caves.json; ",Barter/interação,alexscaves:atlatitan_egg,1 ovo,"Tree Star + reprodução e postura; egg é bloco colocado, recuperação de item exige condição Silk Touch na tabela de bloco. Não prometer o mesmo total em uma única quebra.",Bloco de reprodução/eclosão. Recuperação pela tabela de bloco exige Silk Touch; não é drop de morte do animal.,Alta no código,/images/bestiary/audited/ac/atlatitan.png,src/main/java/com/github/alexmodguy/alexscaves/client/model/AtlatitanModel.java; src/main/java/com/github/alexmodguy/alexscaves/client/render/entity/AtlatitanRenderer.java; src/main/java/com/github/alexmodguy/alexscaves/client/model/SauropodBaseModel.java; src/main/resources/assets/alexscaves/textures/entity/atlatitan.png; output-ac/proveniencia.json,https://github.com/Raguto/AlexsCaves-1.21.1/blob/d2a7b05998d85e602d86c4999e53340fb1ee9b06/src/main/java/com/github/alexmodguy/alexscaves/server/entity/living/AtlatitanEntity.java; evidence-final-ac/src/main/java/com/github/alexmodguy/alexscaves/server/entity/living/AtlatitanEntity.java,Não aplicável: uso direto ou nenhuma receita identificada na build
Atlatitan,Alex’s Caves,Criatura SauropodBaseEntity; comportamento definido na classe e herança citadas,"Bioma primordial_caves (creature); peso 10, grupo 2–3; data/alexscaves/worldgen/biome/primordial_caves.json; ",Postura após reprodução,alexscaves:atlatitan_egg,1 bloco de ovos; propriedades ,"LaysEggs.hasEgg; AnimalLayEggGoal busca habitat válido/ar acima, layEggCounter>maxTime coloca createEggBlockState e reseta hasEgg; não item solto. Quantidade de ovos contida no estado registrado.","Bloco de ovos para eclosão/reprodução; habitat e eclosão definidos na classe de bloco, Tremorzilla usa explosão nuclear",Alta nos arquivos versionados; configurações/datapacks externos não confirmados,/images/bestiary/audited/ac/atlatitan.png,src/main/java/com/github/alexmodguy/alexscaves/client/model/AtlatitanModel.java; src/main/java/com/github/alexmodguy/alexscaves/client/render/entity/AtlatitanRenderer.java; src/main/java/com/github/alexmodguy/alexscaves/client/model/SauropodBaseModel.java; src/main/resources/assets/alexscaves/textures/entity/atlatitan.png; output-ac/proveniencia.json,/workspace/scratch/25006bff7ab5/evidence-final-ac/src/main/java/com/github/alexmodguy/alexscaves/server/entity/living/AtlatitanEntity.java; AnimalLayEggGoal.java; evidence-final-ac/src/main/java/com/github/alexmodguy/alexscaves/server/entity/living/AtlatitanEntity.java,Não aplicável: uso direto ou nenhuma receita identificada na build
Nucleeper,Alex’s Caves,Criatura Monster; alvos: Player,"Bioma toxic_caves (monster); peso 45, grupo 1–1; data/alexscaves/worldgen/biome/toxic_caves.json; ",Drop de morte,alexscaves:fissile_core,U[0…1] + round(L×U[0…1] em float),"pool1, rolls=1; seleção 1/1","Material de receita. Receitas confirmadas: [Nuclear Bomb](ac-cards-2026-10-06.md#receita-nuclear-bomb), [Raygun](ac-cards-2026-10-06.md#receita-raygun), [Remote Detonator](ac-cards-2026-10-06.md#receita-remote-detonator).",Alta no recurso; restrições da classe no inventário abaixo,/images/bestiary/audited/ac/nucleeper.png,src/main/java/com/github/alexmodguy/alexscaves/client/model/NucleeperModel.java; src/main/java/com/github/alexmodguy/alexscaves/client/render/entity/NucleeperRenderer.java; src/main/resources/assets/alexscaves/textures/entity/nucleeper/nucleeper.png; src/main/resources/assets/alexscaves/textures/entity/nucleeper/nucleeper_glow.png; src/main/resources/assets/alexscaves/textures/entity/nucleeper/nucleeper_glass.png; src/main/resources/assets/alexscaves/textures/entity/nucleeper/nucleeper_buttons_0.png; output-ac/proveniencia.json,https://github.com/Raguto/AlexsCaves-1.21.1/blob/d2a7b05998d85e602d86c4999e53340fb1ee9b06/src/main/resources/data/alexscaves/loot_table/entities/nucleeper.json; evidence-final-ac/src/main/java/com/github/alexmodguy/alexscaves/server/entity/living/NucleeperEntity.java,/bestiary/receitas/ac.html#receita-nuclear-bomb | [Receita nuclear_bomb](lote-final-2026-10-06/ac-cards-2026-10-06.md#receita-nuclear-bomb) — data/alexscaves/recipe/nuclear_bomb.json; [Receita raygun](lote-final-2026-10-06/ac-cards-2026-10-06.md#receita-raygun) — data/alexscaves/recipe/raygun.json; [Receita remote_detonator](lote-final-2026-10-06/ac-cards-2026-10-06.md#receita-remote-detonator) — data/alexscaves/recipe/remote_detonator.json
Nucleeper,Alex’s Caves,Criatura Monster; alvos: Player,"Bioma toxic_caves (monster); peso 45, grupo 1–1; data/alexscaves/worldgen/biome/toxic_caves.json; ",Drop de morte,minecraft:gunpowder,U[0…2] + round(L×U[0…1] em float),"pool2, rolls=1; seleção 1/1","Material de TNT, fogos e poções arremessáveis.",Alta no recurso; restrições da classe no inventário abaixo,/images/bestiary/audited/ac/nucleeper.png,src/main/java/com/github/alexmodguy/alexscaves/client/model/NucleeperModel.java; src/main/java/com/github/alexmodguy/alexscaves/client/render/entity/NucleeperRenderer.java; src/main/resources/assets/alexscaves/textures/entity/nucleeper/nucleeper.png; src/main/resources/assets/alexscaves/textures/entity/nucleeper/nucleeper_glow.png; src/main/resources/assets/alexscaves/textures/entity/nucleeper/nucleeper_glass.png; src/main/resources/assets/alexscaves/textures/entity/nucleeper/nucleeper_buttons_0.png; output-ac/proveniencia.json,https://github.com/Raguto/AlexsCaves-1.21.1/blob/d2a7b05998d85e602d86c4999e53340fb1ee9b06/src/main/resources/data/alexscaves/loot_table/entities/nucleeper.json; evidence-final-ac/src/main/java/com/github/alexmodguy/alexscaves/server/entity/living/NucleeperEntity.java,[Receitas vanilla1.21.1](lote-final-2026-10-06/receitas-vanilla.json)
Nucleeper,Alex’s Caves,Criatura Monster; alvos: Player,"Bioma toxic_caves (monster); peso 45, grupo 1–1; data/alexscaves/worldgen/biome/toxic_caves.json; ",Drop de morte especial,alexscaves:disc_fragment_fusion,1,Morto por Tremorzilla com dano TREMORZILLA_BEAM.,Colecionável/material:9 fragmentos em grade3×3 → Music Disc Fusion. Receitas confirmadas: [Music Disc](ac-cards-2026-10-06.md#receita-music-disc-fusion).,Alta no código,/images/bestiary/audited/ac/nucleeper.png,src/main/java/com/github/alexmodguy/alexscaves/client/model/NucleeperModel.java; src/main/java/com/github/alexmodguy/alexscaves/client/render/entity/NucleeperRenderer.java; src/main/resources/assets/alexscaves/textures/entity/nucleeper/nucleeper.png; src/main/resources/assets/alexscaves/textures/entity/nucleeper/nucleeper_glow.png; src/main/resources/assets/alexscaves/textures/entity/nucleeper/nucleeper_glass.png; src/main/resources/assets/alexscaves/textures/entity/nucleeper/nucleeper_buttons_0.png; output-ac/proveniencia.json,https://github.com/Raguto/AlexsCaves-1.21.1/blob/d2a7b05998d85e602d86c4999e53340fb1ee9b06/src/main/java/com/github/alexmodguy/alexscaves/server/entity/living/NucleeperEntity.java; evidence-final-ac/src/main/java/com/github/alexmodguy/alexscaves/server/entity/living/NucleeperEntity.java,/bestiary/receitas/ac.html#receita-music-disc-fusion | [Receita music_disc_fusion](lote-final-2026-10-06/ac-cards-2026-10-06.md#receita-music-disc-fusion) — data/alexscaves/recipe/music_disc_fusion.json
Radgill,Alex’s Caves,Criatura WaterAnimal; comportamento definido na classe e herança citadas,"Bioma toxic_caves (water_ambient); peso 10, grupo 1–3; data/alexscaves/worldgen/biome/toxic_caves.json; ",Drop de morte,alexscaves:radgill,1,"pool1, rolls=1; seleção 1/1; funções [{""conditions"":[{""condition"":""minecraft:entity_properties"",""entity"":""this"",""predicate"":{""flags"":{""is_on_fire"":true}}}],""function"":""minecraft:furnace_smelt""}]","Alimento. Receitas confirmadas: [Cooked Radgill](ac-cards-2026-10-06.md#receita-cooked-radgill-smoking), [Cooked Radgill](ac-cards-2026-10-06.md#receita-cooked-radgill-smelting), [Cooked Radgill](ac-cards-2026-10-06.md#receita-cooked-radgill-campfire). Resultado cozido/gelatina é alimento; depende do predicado de fogo, não é segundo pool.",Alta no recurso; restrições da classe no inventário abaixo,/images/bestiary/audited/ac/radgill.png,src/main/java/com/github/alexmodguy/alexscaves/client/model/RadgillModel.java; src/main/java/com/github/alexmodguy/alexscaves/client/render/entity/RadgillRenderer.java; src/main/resources/assets/alexscaves/textures/entity/radgill.png; src/main/resources/assets/alexscaves/textures/entity/radgill_eyes.png; output-ac/proveniencia.json,https://github.com/Raguto/AlexsCaves-1.21.1/blob/d2a7b05998d85e602d86c4999e53340fb1ee9b06/src/main/resources/data/alexscaves/loot_table/entities/radgill.json; evidence-final-ac/src/main/java/com/github/alexmodguy/alexscaves/server/entity/living/RadgillEntity.java,/bestiary/receitas/ac.html#receita-cooked-radgill-campfire | [Receita cooked_radgill_campfire](lote-final-2026-10-06/ac-cards-2026-10-06.md#receita-cooked-radgill-campfire) — data/alexscaves/recipe/furnace/cooked_radgill_campfire.json; [Receita cooked_radgill_smelting](lote-final-2026-10-06/ac-cards-2026-10-06.md#receita-cooked-radgill-smelting) — data/alexscaves/recipe/furnace/cooked_radgill_smelting.json; [Receita cooked_radgill_smoking](lote-final-2026-10-06/ac-cards-2026-10-06.md#receita-cooked-radgill-smoking) — data/alexscaves/recipe/furnace/cooked_radgill_smoking.json
Radgill,Alex’s Caves,Criatura WaterAnimal; comportamento definido na classe e herança citadas,"Bioma toxic_caves (water_ambient); peso 10, grupo 1–3; data/alexscaves/worldgen/biome/toxic_caves.json; ",Barter/interação,alexscaves:radgill_bucket,1 contêiner com criatura,"Captura viva com Acid Bucket, conforme mobInteract; criatura retirada do mundo e salva no contêiner.",Contêiner da criatura viva para transporte e soltura; não é drop de morte.,Alta no código,/images/bestiary/audited/ac/radgill.png,src/main/java/com/github/alexmodguy/alexscaves/client/model/RadgillModel.java; src/main/java/com/github/alexmodguy/alexscaves/client/render/entity/RadgillRenderer.java; src/main/resources/assets/alexscaves/textures/entity/radgill.png; src/main/resources/assets/alexscaves/textures/entity/radgill_eyes.png; output-ac/proveniencia.json,https://github.com/Raguto/AlexsCaves-1.21.1/blob/d2a7b05998d85e602d86c4999e53340fb1ee9b06/src/main/java/com/github/alexmodguy/alexscaves/server/entity/living/RadgillEntity.java; evidence-final-ac/src/main/java/com/github/alexmodguy/alexscaves/server/entity/living/RadgillEntity.java,Não aplicável: uso direto ou nenhuma receita identificada na build
Brainiac,Alex’s Caves,"Criatura Monster; alvos: Player, AbstractVillager","Bioma toxic_caves (monster); peso 160, grupo 1–2; data/alexscaves/worldgen/biome/toxic_caves.json; ",Drop de morte,alexscaves:green_soylent,U[-2…1] + round(L×U[0…1] em float),"pool1, rolls=1; seleção 1/1",Alimento bebível e sempre comestível. A classe cura o consumidor se estiver Irradiated; não remove o efeito na implementação consultada.,Alta no recurso; restrições da classe no inventário abaixo,/images/bestiary/audited/ac/brainiac.png,src/main/java/com/github/alexmodguy/alexscaves/client/model/BrainiacModel.java; src/main/java/com/github/alexmodguy/alexscaves/client/render/entity/BrainiacRenderer.java; src/main/resources/assets/alexscaves/textures/entity/brainiac.png; src/main/resources/assets/alexscaves/textures/entity/brainiac_glow.png; output-ac/proveniencia.json,https://github.com/Raguto/AlexsCaves-1.21.1/blob/d2a7b05998d85e602d86c4999e53340fb1ee9b06/src/main/resources/data/alexscaves/loot_table/entities/brainiac.json; evidence-final-ac/src/main/java/com/github/alexmodguy/alexscaves/server/entity/living/BrainiacEntity.java,Não aplicável: uso direto ou nenhuma receita identificada na build
Brainiac,Alex’s Caves,"Criatura Monster; alvos: Player, AbstractVillager","Bioma toxic_caves (monster); peso 160, grupo 1–2; data/alexscaves/worldgen/biome/toxic_caves.json; ",Drop de morte,minecraft:rotten_flesh,U[0…2] + round(L×U[0…1] em float),"pool2, rolls=1; seleção 1/1",Alimento arriscado; troca com cleric e alimentação de lobos.,Alta no recurso; restrições da classe no inventário abaixo,/images/bestiary/audited/ac/brainiac.png,src/main/java/com/github/alexmodguy/alexscaves/client/model/BrainiacModel.java; src/main/java/com/github/alexmodguy/alexscaves/client/render/entity/BrainiacRenderer.java; src/main/resources/assets/alexscaves/textures/entity/brainiac.png; src/main/resources/assets/alexscaves/textures/entity/brainiac_glow.png; output-ac/proveniencia.json,https://github.com/Raguto/AlexsCaves-1.21.1/blob/d2a7b05998d85e602d86c4999e53340fb1ee9b06/src/main/resources/data/alexscaves/loot_table/entities/brainiac.json; evidence-final-ac/src/main/java/com/github/alexmodguy/alexscaves/server/entity/living/BrainiacEntity.java,[Receitas vanilla1.21.1](lote-final-2026-10-06/receitas-vanilla.json)
Brainiac,Alex’s Caves,"Criatura Monster; alvos: Player, AbstractVillager","Bioma toxic_caves (monster); peso 160, grupo 1–2; data/alexscaves/worldgen/biome/toxic_caves.json; ",Drop de morte,alexscaves:charred_remnant,U[0…1] + round(L×U[0…1] em float),"pool3, rolls=1; seleção 1/1","Material de receita. Receitas confirmadas: [Nuclear Furnace Component](ac-cards-2026-10-06.md#receita-nuclear-furnace-component), [Nuclear Siren](ac-cards-2026-10-06.md#receita-nuclear-siren).",Alta no recurso; restrições da classe no inventário abaixo,/images/bestiary/audited/ac/brainiac.png,src/main/java/com/github/alexmodguy/alexscaves/client/model/BrainiacModel.java; src/main/java/com/github/alexmodguy/alexscaves/client/render/entity/BrainiacRenderer.java; src/main/resources/assets/alexscaves/textures/entity/brainiac.png; src/main/resources/assets/alexscaves/textures/entity/brainiac_glow.png; output-ac/proveniencia.json,https://github.com/Raguto/AlexsCaves-1.21.1/blob/d2a7b05998d85e602d86c4999e53340fb1ee9b06/src/main/resources/data/alexscaves/loot_table/entities/brainiac.json; evidence-final-ac/src/main/java/com/github/alexmodguy/alexscaves/server/entity/living/BrainiacEntity.java,/bestiary/receitas/ac.html#receita-nuclear-furnace-component | [Receita nuclear_furnace_component](lote-final-2026-10-06/ac-cards-2026-10-06.md#receita-nuclear-furnace-component) — data/alexscaves/recipe/nuclear_furnace_component.json; [Receita nuclear_siren](lote-final-2026-10-06/ac-cards-2026-10-06.md#receita-nuclear-siren) — data/alexscaves/recipe/nuclear_siren.json
Brainiac,Alex’s Caves,"Criatura Monster; alvos: Player, AbstractVillager","Bioma toxic_caves (monster); peso 160, grupo 1–2; data/alexscaves/worldgen/biome/toxic_caves.json; ",Drop de morte: equipamento/bloco,alexscaves:waste_drum,1,hasBarrel() e última fonte possui entidade/direct entity.,Bloco/material de interação com Tremorzilla; não é um item garantido de todo Brainiac.,Alta no código,/images/bestiary/audited/ac/brainiac.png,src/main/java/com/github/alexmodguy/alexscaves/client/model/BrainiacModel.java; src/main/java/com/github/alexmodguy/alexscaves/client/render/entity/BrainiacRenderer.java; src/main/resources/assets/alexscaves/textures/entity/brainiac.png; src/main/resources/assets/alexscaves/textures/entity/brainiac_glow.png; output-ac/proveniencia.json,https://github.com/Raguto/AlexsCaves-1.21.1/blob/d2a7b05998d85e602d86c4999e53340fb1ee9b06/src/main/java/com/github/alexmodguy/alexscaves/server/entity/living/BrainiacEntity.java; evidence-final-ac/src/main/java/com/github/alexmodguy/alexscaves/server/entity/living/BrainiacEntity.java,Não aplicável: uso direto ou nenhuma receita identificada na build
Gammaroach,Alex’s Caves,Criatura PathfinderMob; alvos: LivingEntity,"Bioma toxic_caves (ambient); peso 55, grupo 8–8; data/alexscaves/worldgen/biome/toxic_caves.json; ",Drop de morte,alexscaves:toxic_paste,U[0…3] + round(L×U[0…1] em float),"pool1, rolls=1; seleção 1/1","Material de receita. Receitas confirmadas: [Polymer Plate](ac-cards-2026-10-06.md#receita-polymer-plate), [Radrock](ac-cards-2026-10-06.md#receita-radrock), [Unrefined Waste](ac-cards-2026-10-06.md#receita-unrefined-waste).",Alta no recurso; restrições da classe no inventário abaixo,/images/bestiary/audited/ac/gammaroach.png,src/main/java/com/github/alexmodguy/alexscaves/client/model/GammaroachModel.java; src/main/java/com/github/alexmodguy/alexscaves/client/render/entity/GammaroachRenderer.java; src/main/resources/assets/alexscaves/textures/entity/gammaroach.png; src/main/resources/assets/alexscaves/textures/entity/gammaroach_eyes.png; output-ac/proveniencia.json,https://github.com/Raguto/AlexsCaves-1.21.1/blob/d2a7b05998d85e602d86c4999e53340fb1ee9b06/src/main/resources/data/alexscaves/loot_table/entities/gammaroach.json; evidence-final-ac/src/main/java/com/github/alexmodguy/alexscaves/server/entity/living/GammaroachEntity.java,/bestiary/receitas/ac.html#receita-polymer-plate | [Receita polymer_plate](lote-final-2026-10-06/ac-cards-2026-10-06.md#receita-polymer-plate) — data/alexscaves/recipe/polymer_plate.json; [Receita radrock](lote-final-2026-10-06/ac-cards-2026-10-06.md#receita-radrock) — data/alexscaves/recipe/radrock.json; [Receita unrefined_waste](lote-final-2026-10-06/ac-cards-2026-10-06.md#receita-unrefined-waste) — data/alexscaves/recipe/unrefined_waste.json
Raycat,Alex’s Caves,Criatura TamableAnimal; comportamento definido na classe e herança citadas,"Bioma toxic_caves (creature); peso 10, grupo 1–1; data/alexscaves/worldgen/biome/toxic_caves.json; ",Drop de morte,minecraft:bone,U[0…1],"pool1, rolls=1; seleção 1/1",Ingrediente de farinha de osso; domesticação de lobos.,Alta no recurso; restrições da classe no inventário abaixo,/images/bestiary/audited/ac/raycat.png,src/main/java/com/github/alexmodguy/alexscaves/client/model/RaycatModel.java; src/main/java/com/github/alexmodguy/alexscaves/client/render/entity/RaycatRenderer.java; src/main/resources/assets/alexscaves/textures/entity/raycat_body.png; src/main/resources/assets/alexscaves/textures/entity/raycat.png; src/main/resources/assets/alexscaves/textures/entity/raycat_eyes.png; output-ac/proveniencia.json,https://github.com/Raguto/AlexsCaves-1.21.1/blob/d2a7b05998d85e602d86c4999e53340fb1ee9b06/src/main/resources/data/alexscaves/loot_table/entities/raycat.json; evidence-final-ac/src/main/java/com/github/alexmodguy/alexscaves/server/entity/living/RaycatEntity.java,[Receitas vanilla1.21.1](lote-final-2026-10-06/receitas-vanilla.json)
Tremorzilla,Alex’s Caves,Criatura DinosaurEntity; comportamento definido na classe e herança citadas,"Tremorzilla Egg atingido por NuclearExplosionEntity chama spawnDinosaurs; canHatchAt retorna false, não eclode por incubação normal. NuclearExplosionEntity e TremorzillaEggBlock.",Drop de morte,alexscaves:uranium,U[20…40] + round(L×U[0…3] em float),"pool1, rolls=1; seleção 1/1","Material de receita. Receitas confirmadas: [Uranium Shard](ac-cards-2026-10-06.md#receita-uranium-shard-from-uranium), [Block of Uranium](ac-cards-2026-10-06.md#receita-block-of-uranium).",Alta no recurso; restrições da classe no inventário abaixo,/images/bestiary/audited/ac/tremorzilla.png,src/main/java/com/github/alexmodguy/alexscaves/client/model/TremorzillaModel.java; src/main/java/com/github/alexmodguy/alexscaves/client/render/entity/TremorzillaRenderer.java; src/main/java/com/github/alexmodguy/alexscaves/client/model/misc/HideableModelBoxWithChildren.java; src/main/resources/assets/alexscaves/textures/entity/tremorzilla/tremorzilla.png; src/main/resources/assets/alexscaves/textures/entity/tremorzilla/tremorzilla_glow.png; output-ac/proveniencia.json,https://github.com/Raguto/AlexsCaves-1.21.1/blob/d2a7b05998d85e602d86c4999e53340fb1ee9b06/src/main/resources/data/alexscaves/loot_table/entities/tremorzilla.json; evidence-final-ac/src/main/java/com/github/alexmodguy/alexscaves/server/entity/living/TremorzillaEntity.java,/bestiary/receitas/ac.html#receita-block-of-uranium | [Receita block_of_uranium](lote-final-2026-10-06/ac-cards-2026-10-06.md#receita-block-of-uranium) — data/alexscaves/recipe/block_of_uranium.json; [Receita uranium_shard_from_uranium](lote-final-2026-10-06/ac-cards-2026-10-06.md#receita-uranium-shard-from-uranium) — data/alexscaves/recipe/uranium_shard_from_uranium.json
Tremorzilla,Alex’s Caves,Criatura DinosaurEntity; comportamento definido na classe e herança citadas,"Tremorzilla Egg atingido por NuclearExplosionEntity chama spawnDinosaurs; canHatchAt retorna false, não eclode por incubação normal. NuclearExplosionEntity e TremorzillaEggBlock.",Drop de morte,alexscaves:uranium_shard,U[10…20] + round(L×U[0…3] em float),"pool2, rolls=1; seleção 1/1",Material de receita. Receitas confirmadas: [Uranium](ac-cards-2026-10-06.md#receita-uranium-from-shard).,Alta no recurso; restrições da classe no inventário abaixo,/images/bestiary/audited/ac/tremorzilla.png,src/main/java/com/github/alexmodguy/alexscaves/client/model/TremorzillaModel.java; src/main/java/com/github/alexmodguy/alexscaves/client/render/entity/TremorzillaRenderer.java; src/main/java/com/github/alexmodguy/alexscaves/client/model/misc/HideableModelBoxWithChildren.java; src/main/resources/assets/alexscaves/textures/entity/tremorzilla/tremorzilla.png; src/main/resources/assets/alexscaves/textures/entity/tremorzilla/tremorzilla_glow.png; output-ac/proveniencia.json,https://github.com/Raguto/AlexsCaves-1.21.1/blob/d2a7b05998d85e602d86c4999e53340fb1ee9b06/src/main/resources/data/alexscaves/loot_table/entities/tremorzilla.json; evidence-final-ac/src/main/java/com/github/alexmodguy/alexscaves/server/entity/living/TremorzillaEntity.java,/bestiary/receitas/ac.html#receita-uranium-from-shard | [Receita uranium_from_shard](lote-final-2026-10-06/ac-cards-2026-10-06.md#receita-uranium-from-shard) — data/alexscaves/recipe/uranium_from_shard.json
Tremorzilla,Alex’s Caves,Criatura DinosaurEntity; comportamento definido na classe e herança citadas,"Tremorzilla Egg atingido por NuclearExplosionEntity chama spawnDinosaurs; canHatchAt retorna false, não eclode por incubação normal. NuclearExplosionEntity e TremorzillaEggBlock.",Barter/interação,alexscaves:tremorzilla_egg,1 ovo,"Nuclear Bomb como alimento de reprodução; completar postura; egg é bloco colocado, recuperação de item exige condição Silk Touch na tabela de bloco. Não prometer o mesmo total em uma única quebra.",Bloco de reprodução/eclosão. Recuperação pela tabela de bloco exige Silk Touch; não é drop de morte do animal.,Alta no código,/images/bestiary/audited/ac/tremorzilla.png,src/main/java/com/github/alexmodguy/alexscaves/client/model/TremorzillaModel.java; src/main/java/com/github/alexmodguy/alexscaves/client/render/entity/TremorzillaRenderer.java; src/main/java/com/github/alexmodguy/alexscaves/client/model/misc/HideableModelBoxWithChildren.java; src/main/resources/assets/alexscaves/textures/entity/tremorzilla/tremorzilla.png; src/main/resources/assets/alexscaves/textures/entity/tremorzilla/tremorzilla_glow.png; output-ac/proveniencia.json,https://github.com/Raguto/AlexsCaves-1.21.1/blob/d2a7b05998d85e602d86c4999e53340fb1ee9b06/src/main/java/com/github/alexmodguy/alexscaves/server/entity/living/TremorzillaEntity.java; evidence-final-ac/src/main/java/com/github/alexmodguy/alexscaves/server/entity/living/TremorzillaEntity.java,Não aplicável: uso direto ou nenhuma receita identificada na build
Tremorzilla,Alex’s Caves,Criatura DinosaurEntity; comportamento definido na classe e herança citadas,"Tremorzilla Egg atingido por NuclearExplosionEntity chama spawnDinosaurs; canHatchAt retorna false, não eclode por incubação normal. NuclearExplosionEntity e TremorzillaEggBlock.",Postura após reprodução,alexscaves:tremorzilla_egg,1 bloco de ovos; propriedades ,"LaysEggs.hasEgg; AnimalLayEggGoal busca habitat válido/ar acima, layEggCounter>maxTime coloca createEggBlockState e reseta hasEgg; não item solto. Quantidade de ovos contida no estado registrado.","Bloco de ovos para eclosão/reprodução; habitat e eclosão definidos na classe de bloco, Tremorzilla usa explosão nuclear",Alta nos arquivos versionados; configurações/datapacks externos não confirmados,/images/bestiary/audited/ac/tremorzilla.png,src/main/java/com/github/alexmodguy/alexscaves/client/model/TremorzillaModel.java; src/main/java/com/github/alexmodguy/alexscaves/client/render/entity/TremorzillaRenderer.java; src/main/java/com/github/alexmodguy/alexscaves/client/model/misc/HideableModelBoxWithChildren.java; src/main/resources/assets/alexscaves/textures/entity/tremorzilla/tremorzilla.png; src/main/resources/assets/alexscaves/textures/entity/tremorzilla/tremorzilla_glow.png; output-ac/proveniencia.json,/workspace/scratch/25006bff7ab5/evidence-final-ac/src/main/java/com/github/alexmodguy/alexscaves/server/entity/living/TremorzillaEntity.java; AnimalLayEggGoal.java; evidence-final-ac/src/main/java/com/github/alexmodguy/alexscaves/server/entity/living/TremorzillaEntity.java,Não aplicável: uso direto ou nenhuma receita identificada na build
Lanternfish,Alex’s Caves,Criatura WaterAnimal; comportamento definido na classe e herança citadas,"Bioma abyssal_chasm (water_ambient); peso 100, grupo 15–20; data/alexscaves/worldgen/biome/abyssal_chasm.json; ",Drop de morte,alexscaves:lanternfish,1,"pool1, rolls=1; seleção 1/1; funções [{""conditions"":[{""condition"":""minecraft:entity_properties"",""entity"":""this"",""predicate"":{""flags"":{""is_on_fire"":true}}}],""function"":""minecraft:furnace_smelt""}]","Alimento. Receitas confirmadas: [Deep Sea Sushi Roll](ac-cards-2026-10-06.md#receita-deep-sea-sushi-roll), [Cooked Lanternfish](ac-cards-2026-10-06.md#receita-cooked-lanternfish-smelting), [Cooked Lanternfish](ac-cards-2026-10-06.md#receita-cooked-lanternfish-campfire), [Cooked Lanternfish](ac-cards-2026-10-06.md#receita-cooked-lanternfish-smoking). Resultado cozido/gelatina é alimento; depende do predicado de fogo, não é segundo pool.",Alta no recurso; restrições da classe no inventário abaixo,/images/bestiary/audited/ac/lanternfish.png,src/main/java/com/github/alexmodguy/alexscaves/client/model/LanternfishModel.java; src/main/java/com/github/alexmodguy/alexscaves/client/render/entity/LanternfishRenderer.java; src/main/resources/assets/alexscaves/textures/entity/lanternfish.png; src/main/resources/assets/alexscaves/textures/entity/lanternfish_glow.png; output-ac/proveniencia.json,https://github.com/Raguto/AlexsCaves-1.21.1/blob/d2a7b05998d85e602d86c4999e53340fb1ee9b06/src/main/resources/data/alexscaves/loot_table/entities/lanternfish.json; evidence-final-ac/src/main/java/com/github/alexmodguy/alexscaves/server/entity/living/LanternfishEntity.java,/bestiary/receitas/ac.html#receita-deep-sea-sushi-roll | [Receita deep_sea_sushi_roll](lote-final-2026-10-06/ac-cards-2026-10-06.md#receita-deep-sea-sushi-roll) — data/alexscaves/recipe/deep_sea_sushi_roll.json; [Receita cooked_lanternfish_campfire](lote-final-2026-10-06/ac-cards-2026-10-06.md#receita-cooked-lanternfish-campfire) — data/alexscaves/recipe/furnace/cooked_lanternfish_campfire.json; [Receita cooked_lanternfish_smelting](lote-final-2026-10-06/ac-cards-2026-10-06.md#receita-cooked-lanternfish-smelting) — data/alexscaves/recipe/furnace/cooked_lanternfish_smelting.json; [Receita cooked_lanternfish_smoking](lote-final-2026-10-06/ac-cards-2026-10-06.md#receita-cooked-lanternfish-smoking) — data/alexscaves/recipe/furnace/cooked_lanternfish_smoking.json
Lanternfish,Alex’s Caves,Criatura WaterAnimal; comportamento definido na classe e herança citadas,"Bioma abyssal_chasm (water_ambient); peso 100, grupo 15–20; data/alexscaves/worldgen/biome/abyssal_chasm.json; ",Barter/interação,alexscaves:lanternfish_bucket,1 contêiner com criatura,"Captura viva com Water Bucket, conforme mobInteract; criatura retirada do mundo e salva no contêiner.",Contêiner da criatura viva para transporte e soltura; não é drop de morte.,Alta no código,/images/bestiary/audited/ac/lanternfish.png,src/main/java/com/github/alexmodguy/alexscaves/client/model/LanternfishModel.java; src/main/java/com/github/alexmodguy/alexscaves/client/render/entity/LanternfishRenderer.java; src/main/resources/assets/alexscaves/textures/entity/lanternfish.png; src/main/resources/assets/alexscaves/textures/entity/lanternfish_glow.png; output-ac/proveniencia.json,https://github.com/Raguto/AlexsCaves-1.21.1/blob/d2a7b05998d85e602d86c4999e53340fb1ee9b06/src/main/java/com/github/alexmodguy/alexscaves/server/entity/living/LanternfishEntity.java; evidence-final-ac/src/main/java/com/github/alexmodguy/alexscaves/server/entity/living/LanternfishEntity.java,Não aplicável: uso direto ou nenhuma receita identificada na build
Lanternfish,Alex’s Caves,Criatura WaterAnimal; comportamento definido na classe e herança citadas,"Bioma abyssal_chasm (water_ambient); peso 100, grupo 15–20; data/alexscaves/worldgen/biome/abyssal_chasm.json; ",Captura viva em balde,alexscaves:lanternfish_bucket,1,"Bucketable.bucketMobPickup; entidade viva, recipiente compatível; estado salvo no item; não é drop de morte",Transportar/soltar a criatura mantendo dados de balde,Alta nos arquivos versionados; configurações/datapacks externos não confirmados,/images/bestiary/audited/ac/lanternfish.png,src/main/java/com/github/alexmodguy/alexscaves/client/model/LanternfishModel.java; src/main/java/com/github/alexmodguy/alexscaves/client/render/entity/LanternfishRenderer.java; src/main/resources/assets/alexscaves/textures/entity/lanternfish.png; src/main/resources/assets/alexscaves/textures/entity/lanternfish_glow.png; output-ac/proveniencia.json,/workspace/scratch/25006bff7ab5/evidence-final-ac/src/main/java/com/github/alexmodguy/alexscaves/server/entity/living/LanternfishEntity.java; evidence-final-ac/src/main/java/com/github/alexmodguy/alexscaves/server/entity/living/LanternfishEntity.java,Não aplicável: uso direto ou nenhuma receita identificada na build
Sea Pig,Alex’s Caves,Criatura WaterAnimal; comportamento definido na classe e herança citadas,"Bioma abyssal_chasm (water_creature); peso 50, grupo 3–4; data/alexscaves/worldgen/biome/abyssal_chasm.json; ",Drop de morte,alexscaves:sea_pig,1,"pool1, rolls=1; seleção 1/1",Alimento. Receitas confirmadas: [Deep Sea Sushi Roll](ac-cards-2026-10-06.md#receita-deep-sea-sushi-roll).,Alta no recurso; restrições da classe no inventário abaixo,/images/bestiary/audited/ac/sea-pig.png,src/main/java/com/github/alexmodguy/alexscaves/client/model/SeaPigModel.java; src/main/java/com/github/alexmodguy/alexscaves/client/render/entity/SeaPigRenderer.java; src/main/resources/assets/alexscaves/textures/entity/sea_pig_innards.png; src/main/resources/assets/alexscaves/textures/entity/sea_pig.png; output-ac/proveniencia.json,https://github.com/Raguto/AlexsCaves-1.21.1/blob/d2a7b05998d85e602d86c4999e53340fb1ee9b06/src/main/resources/data/alexscaves/loot_table/entities/sea_pig.json; evidence-final-ac/src/main/java/com/github/alexmodguy/alexscaves/server/entity/living/SeaPigEntity.java,/bestiary/receitas/ac.html#receita-deep-sea-sushi-roll | [Receita deep_sea_sushi_roll](lote-final-2026-10-06/ac-cards-2026-10-06.md#receita-deep-sea-sushi-roll) — data/alexscaves/recipe/deep_sea_sushi_roll.json
Sea Pig,Alex’s Caves,Criatura WaterAnimal; comportamento definido na classe e herança citadas,"Bioma abyssal_chasm (water_creature); peso 50, grupo 3–4; data/alexscaves/worldgen/biome/abyssal_chasm.json; ",Barter/interação,alexscaves:muck,U[1…2],2/18 por seleção; rolls=1; após digerir oferta Clay Ball/Mud/Muck,Bloco; alimento aceito por Sea Pig para digestão. Sem receita de bancada que o consuma encontrada nesta fonte.,Alta no recurso,/images/bestiary/audited/ac/sea-pig.png,src/main/java/com/github/alexmodguy/alexscaves/client/model/SeaPigModel.java; src/main/java/com/github/alexmodguy/alexscaves/client/render/entity/SeaPigRenderer.java; src/main/resources/assets/alexscaves/textures/entity/sea_pig_innards.png; src/main/resources/assets/alexscaves/textures/entity/sea_pig.png; output-ac/proveniencia.json,https://github.com/Raguto/AlexsCaves-1.21.1/blob/d2a7b05998d85e602d86c4999e53340fb1ee9b06/src/main/resources/data/alexscaves/loot_table/gameplay/sea_pig_digestion.json; evidence-final-ac/src/main/java/com/github/alexmodguy/alexscaves/server/entity/living/SeaPigEntity.java,Não aplicável: uso direto ou nenhuma receita identificada na build
Sea Pig,Alex’s Caves,Criatura WaterAnimal; comportamento definido na classe e herança citadas,"Bioma abyssal_chasm (water_creature); peso 50, grupo 3–4; data/alexscaves/worldgen/biome/abyssal_chasm.json; ",Barter/interação,alexscaves:pearl,1,1/18 por seleção; rolls=1; após digerir oferta Clay Ball/Mud/Muck,"Material de receita. Receitas confirmadas: [Block of Pearl](ac-cards-2026-10-06.md#receita-block-of-pearl), [Abyssal Altar](ac-cards-2026-10-06.md#receita-abyssal-altar).",Alta no recurso,/images/bestiary/audited/ac/sea-pig.png,src/main/java/com/github/alexmodguy/alexscaves/client/model/SeaPigModel.java; src/main/java/com/github/alexmodguy/alexscaves/client/render/entity/SeaPigRenderer.java; src/main/resources/assets/alexscaves/textures/entity/sea_pig_innards.png; src/main/resources/assets/alexscaves/textures/entity/sea_pig.png; output-ac/proveniencia.json,https://github.com/Raguto/AlexsCaves-1.21.1/blob/d2a7b05998d85e602d86c4999e53340fb1ee9b06/src/main/resources/data/alexscaves/loot_table/gameplay/sea_pig_digestion.json; evidence-final-ac/src/main/java/com/github/alexmodguy/alexscaves/server/entity/living/SeaPigEntity.java,/bestiary/receitas/ac.html#receita-abyssal-altar | [Receita abyssal_altar](lote-final-2026-10-06/ac-cards-2026-10-06.md#receita-abyssal-altar) — data/alexscaves/recipe/abyssal_altar.json; [Receita block_of_pearl](lote-final-2026-10-06/ac-cards-2026-10-06.md#receita-block-of-pearl) — data/alexscaves/recipe/block_of_pearl.json
Sea Pig,Alex’s Caves,Criatura WaterAnimal; comportamento definido na classe e herança citadas,"Bioma abyssal_chasm (water_creature); peso 50, grupo 3–4; data/alexscaves/worldgen/biome/abyssal_chasm.json; ",Barter/interação,alexscaves:marine_snow,U[1…2],15/18 por seleção; rolls=1; após digerir oferta Clay Ball/Mud/Muck,Bloco/material; ingrediente na transformação de Gazing Pearl em Pearl. Receitas confirmadas: [Pearl](ac-cards-2026-10-06.md#receita-pearl-from-gazing-pearl).,Alta no recurso,/images/bestiary/audited/ac/sea-pig.png,src/main/java/com/github/alexmodguy/alexscaves/client/model/SeaPigModel.java; src/main/java/com/github/alexmodguy/alexscaves/client/render/entity/SeaPigRenderer.java; src/main/resources/assets/alexscaves/textures/entity/sea_pig_innards.png; src/main/resources/assets/alexscaves/textures/entity/sea_pig.png; output-ac/proveniencia.json,https://github.com/Raguto/AlexsCaves-1.21.1/blob/d2a7b05998d85e602d86c4999e53340fb1ee9b06/src/main/resources/data/alexscaves/loot_table/gameplay/sea_pig_digestion.json; evidence-final-ac/src/main/java/com/github/alexmodguy/alexscaves/server/entity/living/SeaPigEntity.java,/bestiary/receitas/ac.html#receita-pearl-from-gazing-pearl | [Receita pearl_from_gazing_pearl](lote-final-2026-10-06/ac-cards-2026-10-06.md#receita-pearl-from-gazing-pearl) — data/alexscaves/recipe/pearl_from_gazing_pearl.json
Sea Pig,Alex’s Caves,Criatura WaterAnimal; comportamento definido na classe e herança citadas,"Bioma abyssal_chasm (water_creature); peso 50, grupo 3–4; data/alexscaves/worldgen/biome/abyssal_chasm.json; ",Barter/interação,alexscaves:sea_pig_bucket,1 contêiner com criatura,"Captura viva com Water Bucket, conforme mobInteract; criatura retirada do mundo e salva no contêiner.",Contêiner da criatura viva para transporte e soltura; não é drop de morte.,Alta no código,/images/bestiary/audited/ac/sea-pig.png,src/main/java/com/github/alexmodguy/alexscaves/client/model/SeaPigModel.java; src/main/java/com/github/alexmodguy/alexscaves/client/render/entity/SeaPigRenderer.java; src/main/resources/assets/alexscaves/textures/entity/sea_pig_innards.png; src/main/resources/assets/alexscaves/textures/entity/sea_pig.png; output-ac/proveniencia.json,https://github.com/Raguto/AlexsCaves-1.21.1/blob/d2a7b05998d85e602d86c4999e53340fb1ee9b06/src/main/java/com/github/alexmodguy/alexscaves/server/entity/living/SeaPigEntity.java; evidence-final-ac/src/main/java/com/github/alexmodguy/alexscaves/server/entity/living/SeaPigEntity.java,Não aplicável: uso direto ou nenhuma receita identificada na build
Sea Pig,Alex’s Caves,Criatura WaterAnimal; comportamento definido na classe e herança citadas,"Bioma abyssal_chasm (water_creature); peso 50, grupo 3–4; data/alexscaves/worldgen/biome/abyssal_chasm.json; ",Captura viva em balde,alexscaves:sea_pig_bucket,1,"Bucketable.bucketMobPickup; entidade viva, recipiente compatível; estado salvo no item; não é drop de morte",Transportar/soltar a criatura mantendo dados de balde,Alta nos arquivos versionados; configurações/datapacks externos não confirmados,/images/bestiary/audited/ac/sea-pig.png,src/main/java/com/github/alexmodguy/alexscaves/client/model/SeaPigModel.java; src/main/java/com/github/alexmodguy/alexscaves/client/render/entity/SeaPigRenderer.java; src/main/resources/assets/alexscaves/textures/entity/sea_pig_innards.png; src/main/resources/assets/alexscaves/textures/entity/sea_pig.png; output-ac/proveniencia.json,/workspace/scratch/25006bff7ab5/evidence-final-ac/src/main/java/com/github/alexmodguy/alexscaves/server/entity/living/SeaPigEntity.java; evidence-final-ac/src/main/java/com/github/alexmodguy/alexscaves/server/entity/living/SeaPigEntity.java,Não aplicável: uso direto ou nenhuma receita identificada na build
Hullbreaker,Alex’s Caves,Criatura WaterAnimal; comportamento definido na classe e herança citadas,"Bioma abyssal_chasm (underground_water_creature); peso 20, grupo 1–1; data/alexscaves/worldgen/biome/abyssal_chasm.json; ",Drop de morte,alexscaves:enigmatic_engine,1,"pool1, rolls=1; seleção 1/1","Bloco funcional de montagem do submarino: cubo3×3×3 com1 engine central,6 Depth Glass em face3×2 e20 blocos da tag submarine_assembly_blocks. É montagem no mundo, não receita em bancada.",Alta no recurso; restrições da classe no inventário abaixo,/images/bestiary/audited/ac/hullbreaker.png,src/main/java/com/github/alexmodguy/alexscaves/client/model/HullbreakerModel.java; src/main/java/com/github/alexmodguy/alexscaves/client/render/entity/HullbreakerRenderer.java; src/main/resources/assets/alexscaves/textures/entity/hullbreaker.png; src/main/resources/assets/alexscaves/textures/entity/hullbreaker_glow.png; output-ac/proveniencia.json,https://github.com/Raguto/AlexsCaves-1.21.1/blob/d2a7b05998d85e602d86c4999e53340fb1ee9b06/src/main/resources/data/alexscaves/loot_table/entities/hullbreaker.json; evidence-final-ac/src/main/java/com/github/alexmodguy/alexscaves/server/entity/living/HullbreakerEntity.java,Não aplicável: uso direto ou nenhuma receita identificada na build
Hullbreaker,Alex’s Caves,Criatura WaterAnimal; comportamento definido na classe e herança citadas,"Bioma abyssal_chasm (underground_water_creature); peso 20, grupo 1–1; data/alexscaves/worldgen/biome/abyssal_chasm.json; ",Drop de morte,alexscaves:immortal_embryo,1,"pool2, rolls=1; seleção 1/1",Material de receita. Receitas confirmadas: [Tremorzilla Egg](ac-cards-2026-10-06.md#receita-tremorzilla-egg).,Alta no recurso; restrições da classe no inventário abaixo,/images/bestiary/audited/ac/hullbreaker.png,src/main/java/com/github/alexmodguy/alexscaves/client/model/HullbreakerModel.java; src/main/java/com/github/alexmodguy/alexscaves/client/render/entity/HullbreakerRenderer.java; src/main/resources/assets/alexscaves/textures/entity/hullbreaker.png; src/main/resources/assets/alexscaves/textures/entity/hullbreaker_glow.png; output-ac/proveniencia.json,https://github.com/Raguto/AlexsCaves-1.21.1/blob/d2a7b05998d85e602d86c4999e53340fb1ee9b06/src/main/resources/data/alexscaves/loot_table/entities/hullbreaker.json; evidence-final-ac/src/main/java/com/github/alexmodguy/alexscaves/server/entity/living/HullbreakerEntity.java,/bestiary/receitas/ac.html#receita-tremorzilla-egg | [Receita tremorzilla_egg](lote-final-2026-10-06/ac-cards-2026-10-06.md#receita-tremorzilla-egg) — data/alexscaves/recipe/tremorzilla_egg.json
Hullbreaker,Alex’s Caves,Criatura WaterAnimal; comportamento definido na classe e herança citadas,"Bioma abyssal_chasm (underground_water_creature); peso 20, grupo 1–1; data/alexscaves/worldgen/biome/abyssal_chasm.json; ",Drop de morte,alexscaves:sea_glass_shards,U[2…5],"pool3, rolls=1; seleção 1/1","Material de receita. Receitas confirmadas: [Glass](ac-cards-2026-10-06.md#receita-glass-from-sea-glass-shards), [Depth Glass](ac-cards-2026-10-06.md#receita-depth-glass).",Alta no recurso; restrições da classe no inventário abaixo,/images/bestiary/audited/ac/hullbreaker.png,src/main/java/com/github/alexmodguy/alexscaves/client/model/HullbreakerModel.java; src/main/java/com/github/alexmodguy/alexscaves/client/render/entity/HullbreakerRenderer.java; src/main/resources/assets/alexscaves/textures/entity/hullbreaker.png; src/main/resources/assets/alexscaves/textures/entity/hullbreaker_glow.png; output-ac/proveniencia.json,https://github.com/Raguto/AlexsCaves-1.21.1/blob/d2a7b05998d85e602d86c4999e53340fb1ee9b06/src/main/resources/data/alexscaves/loot_table/entities/hullbreaker.json; evidence-final-ac/src/main/java/com/github/alexmodguy/alexscaves/server/entity/living/HullbreakerEntity.java,/bestiary/receitas/ac.html#receita-depth-glass | [Receita depth_glass](lote-final-2026-10-06/ac-cards-2026-10-06.md#receita-depth-glass) — data/alexscaves/recipe/depth_glass.json; [Receita glass_from_sea_glass_shards](lote-final-2026-10-06/ac-cards-2026-10-06.md#receita-glass-from-sea-glass-shards) — data/alexscaves/recipe/glass_from_sea_glass_shards.json
Hullbreaker,Alex’s Caves,Criatura WaterAnimal; comportamento definido na classe e herança citadas,"Bioma abyssal_chasm (underground_water_creature); peso 20, grupo 1–1; data/alexscaves/worldgen/biome/abyssal_chasm.json; ",Drop de morte,minecraft:copper_ingot,U[2…8],"pool4, rolls=1; seleção 1/1",Material de receitas e construção.,Alta no recurso; restrições da classe no inventário abaixo,/images/bestiary/audited/ac/hullbreaker.png,src/main/java/com/github/alexmodguy/alexscaves/client/model/HullbreakerModel.java; src/main/java/com/github/alexmodguy/alexscaves/client/render/entity/HullbreakerRenderer.java; src/main/resources/assets/alexscaves/textures/entity/hullbreaker.png; src/main/resources/assets/alexscaves/textures/entity/hullbreaker_glow.png; output-ac/proveniencia.json,https://github.com/Raguto/AlexsCaves-1.21.1/blob/d2a7b05998d85e602d86c4999e53340fb1ee9b06/src/main/resources/data/alexscaves/loot_table/entities/hullbreaker.json; evidence-final-ac/src/main/java/com/github/alexmodguy/alexscaves/server/entity/living/HullbreakerEntity.java,/bestiary/receitas/ac.html#receita-copper-valve | [Receita copper_valve](lote-final-2026-10-06/ac-cards-2026-10-06.md#receita-copper-valve) — data/alexscaves/recipe/copper_valve.json
Hullbreaker,Alex’s Caves,Criatura WaterAnimal; comportamento definido na classe e herança citadas,"Bioma abyssal_chasm (underground_water_creature); peso 20, grupo 1–1; data/alexscaves/worldgen/biome/abyssal_chasm.json; ",Drop de morte,alexscaves:scrap_metal,U[2…4],"pool5, rolls=1; seleção 1/1","Material de receita. Receitas confirmadas: [Scrap Metal Plate](ac-cards-2026-10-06.md#receita-scrap-metal-plate), [Metal Scaffolding](ac-cards-2026-10-06.md#receita-metal-scaffolding), [Metal Barrel](ac-cards-2026-10-06.md#receita-metal-barrel), [Magnetic Activator](ac-cards-2026-10-06.md#receita-magnetic-activator), [Metal Rebar](ac-cards-2026-10-06.md#receita-metal-rebar), [Copper Valve](ac-cards-2026-10-06.md#receita-copper-valve), [Scrap Metal Plate](ac-cards-2026-10-06.md#receita-scrap-metal-plate-stonecutting).",Alta no recurso; restrições da classe no inventário abaixo,/images/bestiary/audited/ac/hullbreaker.png,src/main/java/com/github/alexmodguy/alexscaves/client/model/HullbreakerModel.java; src/main/java/com/github/alexmodguy/alexscaves/client/render/entity/HullbreakerRenderer.java; src/main/resources/assets/alexscaves/textures/entity/hullbreaker.png; src/main/resources/assets/alexscaves/textures/entity/hullbreaker_glow.png; output-ac/proveniencia.json,https://github.com/Raguto/AlexsCaves-1.21.1/blob/d2a7b05998d85e602d86c4999e53340fb1ee9b06/src/main/resources/data/alexscaves/loot_table/entities/hullbreaker.json; evidence-final-ac/src/main/java/com/github/alexmodguy/alexscaves/server/entity/living/HullbreakerEntity.java,/bestiary/receitas/ac.html#receita-copper-valve | [Receita copper_valve](lote-final-2026-10-06/ac-cards-2026-10-06.md#receita-copper-valve) — data/alexscaves/recipe/copper_valve.json; [Receita magnetic_activator](lote-final-2026-10-06/ac-cards-2026-10-06.md#receita-magnetic-activator) — data/alexscaves/recipe/magnetic_activator.json; [Receita metal_barrel](lote-final-2026-10-06/ac-cards-2026-10-06.md#receita-metal-barrel) — data/alexscaves/recipe/metal_barrel.json; [Receita metal_rebar](lote-final-2026-10-06/ac-cards-2026-10-06.md#receita-metal-rebar) — data/alexscaves/recipe/metal_rebar.json; [Receita metal_scaffolding](lote-final-2026-10-06/ac-cards-2026-10-06.md#receita-metal-scaffolding) — data/alexscaves/recipe/metal_scaffolding.json; [Receita scrap_metal_plate](lote-final-2026-10-06/ac-cards-2026-10-06.md#receita-scrap-metal-plate) — data/alexscaves/recipe/scrap_metal_plate.json; [Receita scrap_metal_plate_stonecutting](lote-final-2026-10-06/ac-cards-2026-10-06.md#receita-scrap-metal-plate-stonecutting) — data/alexscaves/recipe/stonecutter/scrap_metal_plate_stonecutting.json
Gossamer Worm,Alex’s Caves,Criatura WaterAnimal; comportamento definido na classe e herança citadas,"Bioma abyssal_chasm (water_creature); peso 20, grupo 1–1; data/alexscaves/worldgen/biome/abyssal_chasm.json; ",Drop de morte,alexscaves:bioluminesscence,U[0…3] + round(L×U[0…2] em float),"pool1, rolls=1; seleção 1/1","Material de receita. Receitas confirmadas: [Floater](ac-cards-2026-10-06.md#receita-floater), [Bioluminescent Torch](ac-cards-2026-10-06.md#receita-bioluminescent-torch).",Alta no recurso; restrições da classe no inventário abaixo,/images/bestiary/audited/ac/gossamer-worm.png,src/main/java/com/github/alexmodguy/alexscaves/client/model/GossamerWormModel.java; src/main/java/com/github/alexmodguy/alexscaves/client/render/entity/GossamerWormRenderer.java; src/main/resources/assets/alexscaves/textures/entity/gossamer_worm.png; output-ac/proveniencia.json,https://github.com/Raguto/AlexsCaves-1.21.1/blob/d2a7b05998d85e602d86c4999e53340fb1ee9b06/src/main/resources/data/alexscaves/loot_table/entities/gossamer_worm.json; evidence-final-ac/src/main/java/com/github/alexmodguy/alexscaves/server/entity/living/GossamerWormEntity.java,/bestiary/receitas/ac.html#receita-bioluminescent-torch | [Receita bioluminescent_torch](lote-final-2026-10-06/ac-cards-2026-10-06.md#receita-bioluminescent-torch) — data/alexscaves/recipe/bioluminescent_torch.json; [Receita floater](lote-final-2026-10-06/ac-cards-2026-10-06.md#receita-floater) — data/alexscaves/recipe/floater.json
Gossamer Worm,Alex’s Caves,Criatura WaterAnimal; comportamento definido na classe e herança citadas,"Bioma abyssal_chasm (water_creature); peso 20, grupo 1–1; data/alexscaves/worldgen/biome/abyssal_chasm.json; ",Barter/interação,alexscaves:gossamer_worm_bucket,1 contêiner com criatura,"Captura viva com Water Bucket, conforme mobInteract; criatura retirada do mundo e salva no contêiner.",Contêiner da criatura viva para transporte e soltura; não é drop de morte.,Alta no código,/images/bestiary/audited/ac/gossamer-worm.png,src/main/java/com/github/alexmodguy/alexscaves/client/model/GossamerWormModel.java; src/main/java/com/github/alexmodguy/alexscaves/client/render/entity/GossamerWormRenderer.java; src/main/resources/assets/alexscaves/textures/entity/gossamer_worm.png; output-ac/proveniencia.json,https://github.com/Raguto/AlexsCaves-1.21.1/blob/d2a7b05998d85e602d86c4999e53340fb1ee9b06/src/main/java/com/github/alexmodguy/alexscaves/server/entity/living/GossamerWormEntity.java; evidence-final-ac/src/main/java/com/github/alexmodguy/alexscaves/server/entity/living/GossamerWormEntity.java,Não aplicável: uso direto ou nenhuma receita identificada na build
Gossamer Worm,Alex’s Caves,Criatura WaterAnimal; comportamento definido na classe e herança citadas,"Bioma abyssal_chasm (water_creature); peso 20, grupo 1–1; data/alexscaves/worldgen/biome/abyssal_chasm.json; ",Captura viva em balde,alexscaves:gossamer_worm_bucket,1,"Bucketable.bucketMobPickup; entidade viva, recipiente compatível; estado salvo no item; não é drop de morte",Transportar/soltar a criatura mantendo dados de balde,Alta nos arquivos versionados; configurações/datapacks externos não confirmados,/images/bestiary/audited/ac/gossamer-worm.png,src/main/java/com/github/alexmodguy/alexscaves/client/model/GossamerWormModel.java; src/main/java/com/github/alexmodguy/alexscaves/client/render/entity/GossamerWormRenderer.java; src/main/resources/assets/alexscaves/textures/entity/gossamer_worm.png; output-ac/proveniencia.json,/workspace/scratch/25006bff7ab5/evidence-final-ac/src/main/java/com/github/alexmodguy/alexscaves/server/entity/living/GossamerWormEntity.java; evidence-final-ac/src/main/java/com/github/alexmodguy/alexscaves/server/entity/living/GossamerWormEntity.java,Não aplicável: uso direto ou nenhuma receita identificada na build
Tripodfish,Alex’s Caves,Criatura WaterAnimal; comportamento definido na classe e herança citadas,"Bioma abyssal_chasm (water_creature); peso 40, grupo 1–2; data/alexscaves/worldgen/biome/abyssal_chasm.json; ",Drop de morte,alexscaves:tripodfish,1,"pool1, rolls=1; seleção 1/1; funções [{""conditions"":[{""condition"":""minecraft:entity_properties"",""entity"":""this"",""predicate"":{""flags"":{""is_on_fire"":true}}}],""function"":""minecraft:furnace_smelt""}]","Alimento. Receitas confirmadas: [Deep Sea Sushi Roll](ac-cards-2026-10-06.md#receita-deep-sea-sushi-roll), [Cooked Tripodfish](ac-cards-2026-10-06.md#receita-cooked-tripodfish-smoking), [Cooked Tripodfish](ac-cards-2026-10-06.md#receita-cooked-tripodfish-campfire), [Cooked Tripodfish](ac-cards-2026-10-06.md#receita-cooked-tripodfish-smelting). Resultado cozido/gelatina é alimento; depende do predicado de fogo, não é segundo pool.",Alta no recurso; restrições da classe no inventário abaixo,/images/bestiary/audited/ac/tripodfish.png,src/main/java/com/github/alexmodguy/alexscaves/client/model/TripodfishModel.java; src/main/java/com/github/alexmodguy/alexscaves/client/render/entity/TripodfishRenderer.java; src/main/resources/assets/alexscaves/textures/entity/tripodfish.png; output-ac/proveniencia.json,https://github.com/Raguto/AlexsCaves-1.21.1/blob/d2a7b05998d85e602d86c4999e53340fb1ee9b06/src/main/resources/data/alexscaves/loot_table/entities/tripodfish.json; evidence-final-ac/src/main/java/com/github/alexmodguy/alexscaves/server/entity/living/TripodfishEntity.java,/bestiary/receitas/ac.html#receita-deep-sea-sushi-roll | [Receita deep_sea_sushi_roll](lote-final-2026-10-06/ac-cards-2026-10-06.md#receita-deep-sea-sushi-roll) — data/alexscaves/recipe/deep_sea_sushi_roll.json; [Receita cooked_tripodfish_campfire](lote-final-2026-10-06/ac-cards-2026-10-06.md#receita-cooked-tripodfish-campfire) — data/alexscaves/recipe/furnace/cooked_tripodfish_campfire.json; [Receita cooked_tripodfish_smelting](lote-final-2026-10-06/ac-cards-2026-10-06.md#receita-cooked-tripodfish-smelting) — data/alexscaves/recipe/furnace/cooked_tripodfish_smelting.json; [Receita cooked_tripodfish_smoking](lote-final-2026-10-06/ac-cards-2026-10-06.md#receita-cooked-tripodfish-smoking) — data/alexscaves/recipe/furnace/cooked_tripodfish_smoking.json
Tripodfish,Alex’s Caves,Criatura WaterAnimal; comportamento definido na classe e herança citadas,"Bioma abyssal_chasm (water_creature); peso 40, grupo 1–2; data/alexscaves/worldgen/biome/abyssal_chasm.json; ",Barter/interação,alexscaves:tripodfish_bucket,1 contêiner com criatura,"Captura viva com Water Bucket, conforme mobInteract; criatura retirada do mundo e salva no contêiner.",Contêiner da criatura viva para transporte e soltura; não é drop de morte.,Alta no código,/images/bestiary/audited/ac/tripodfish.png,src/main/java/com/github/alexmodguy/alexscaves/client/model/TripodfishModel.java; src/main/java/com/github/alexmodguy/alexscaves/client/render/entity/TripodfishRenderer.java; src/main/resources/assets/alexscaves/textures/entity/tripodfish.png; output-ac/proveniencia.json,https://github.com/Raguto/AlexsCaves-1.21.1/blob/d2a7b05998d85e602d86c4999e53340fb1ee9b06/src/main/java/com/github/alexmodguy/alexscaves/server/entity/living/TripodfishEntity.java; evidence-final-ac/src/main/java/com/github/alexmodguy/alexscaves/server/entity/living/TripodfishEntity.java,Não aplicável: uso direto ou nenhuma receita identificada na build
Tripodfish,Alex’s Caves,Criatura WaterAnimal; comportamento definido na classe e herança citadas,"Bioma abyssal_chasm (water_creature); peso 40, grupo 1–2; data/alexscaves/worldgen/biome/abyssal_chasm.json; ",Captura viva em balde,alexscaves:tripodfish_bucket,1,"Bucketable.bucketMobPickup; entidade viva, recipiente compatível; estado salvo no item; não é drop de morte",Transportar/soltar a criatura mantendo dados de balde,Alta nos arquivos versionados; configurações/datapacks externos não confirmados,/images/bestiary/audited/ac/tripodfish.png,src/main/java/com/github/alexmodguy/alexscaves/client/model/TripodfishModel.java; src/main/java/com/github/alexmodguy/alexscaves/client/render/entity/TripodfishRenderer.java; src/main/resources/assets/alexscaves/textures/entity/tripodfish.png; output-ac/proveniencia.json,/workspace/scratch/25006bff7ab5/evidence-final-ac/src/main/java/com/github/alexmodguy/alexscaves/server/entity/living/TripodfishEntity.java; evidence-final-ac/src/main/java/com/github/alexmodguy/alexscaves/server/entity/living/TripodfishEntity.java,Não aplicável: uso direto ou nenhuma receita identificada na build
Deep One,Alex’s Caves,Criatura DeepOneBaseEntity; comportamento definido na classe e herança citadas,"Bioma abyssal_chasm (monster); peso 8, grupo 1–1; data/alexscaves/worldgen/biome/abyssal_chasm.json; ",Barter/interação,minecraft:kelp,U[1…3],70/646 por seleção; rolls=1; oferta elegível Pearl/Heart of the Sea; comportamento/reputação e integridade do mob importam,Alimento cozinhável e material/combustível após processamento.,Alta no recurso,/images/bestiary/audited/ac/deep-one.png,src/main/java/com/github/alexmodguy/alexscaves/client/model/DeepOneModel.java; src/main/java/com/github/alexmodguy/alexscaves/client/render/entity/DeepOneRenderer.java; src/main/resources/assets/alexscaves/textures/entity/deep_one/deep_one.png; src/main/resources/assets/alexscaves/textures/entity/deep_one/deep_one_glow.png; output-ac/proveniencia.json,https://github.com/Raguto/AlexsCaves-1.21.1/blob/d2a7b05998d85e602d86c4999e53340fb1ee9b06/src/main/resources/data/alexscaves/loot_table/gameplay/deep_one_barter.json; evidence-final-ac/src/main/java/com/github/alexmodguy/alexscaves/server/entity/living/DeepOneEntity.java,[Receitas vanilla1.21.1](lote-final-2026-10-06/receitas-vanilla.json)
Deep One,Alex’s Caves,Criatura DeepOneBaseEntity; comportamento definido na classe e herança citadas,"Bioma abyssal_chasm (monster); peso 8, grupo 1–1; data/alexscaves/worldgen/biome/abyssal_chasm.json; ",Barter/interação,minecraft:fishing_rod,1,"7/646 por seleção; rolls=1; oferta elegível Pearl/Heart of the Sea; comportamento/reputação e integridade do mob importam; [{""function"":""minecraft:enchant_randomly""}]",Equipamento para pesca.,Alta no recurso,/images/bestiary/audited/ac/deep-one.png,src/main/java/com/github/alexmodguy/alexscaves/client/model/DeepOneModel.java; src/main/java/com/github/alexmodguy/alexscaves/client/render/entity/DeepOneRenderer.java; src/main/resources/assets/alexscaves/textures/entity/deep_one/deep_one.png; src/main/resources/assets/alexscaves/textures/entity/deep_one/deep_one_glow.png; output-ac/proveniencia.json,https://github.com/Raguto/AlexsCaves-1.21.1/blob/d2a7b05998d85e602d86c4999e53340fb1ee9b06/src/main/resources/data/alexscaves/loot_table/gameplay/deep_one_barter.json; evidence-final-ac/src/main/java/com/github/alexmodguy/alexscaves/server/entity/living/DeepOneEntity.java,[Receitas vanilla1.21.1](lote-final-2026-10-06/receitas-vanilla.json)
Deep One,Alex’s Caves,Criatura DeepOneBaseEntity; comportamento definido na classe e herança citadas,"Bioma abyssal_chasm (monster); peso 8, grupo 1–1; data/alexscaves/worldgen/biome/abyssal_chasm.json; ",Barter/interação,minecraft:water_bucket,1,3/646 por seleção; rolls=1; oferta elegível Pearl/Heart of the Sea; comportamento/reputação e integridade do mob importam,Contêiner da criatura viva para transporte e soltura; não é drop de morte.,Alta no recurso,/images/bestiary/audited/ac/deep-one.png,src/main/java/com/github/alexmodguy/alexscaves/client/model/DeepOneModel.java; src/main/java/com/github/alexmodguy/alexscaves/client/render/entity/DeepOneRenderer.java; src/main/resources/assets/alexscaves/textures/entity/deep_one/deep_one.png; src/main/resources/assets/alexscaves/textures/entity/deep_one/deep_one_glow.png; output-ac/proveniencia.json,https://github.com/Raguto/AlexsCaves-1.21.1/blob/d2a7b05998d85e602d86c4999e53340fb1ee9b06/src/main/resources/data/alexscaves/loot_table/gameplay/deep_one_barter.json; evidence-final-ac/src/main/java/com/github/alexmodguy/alexscaves/server/entity/living/DeepOneEntity.java,[Receitas vanilla1.21.1](lote-final-2026-10-06/receitas-vanilla.json)
Deep One,Alex’s Caves,Criatura DeepOneBaseEntity; comportamento definido na classe e herança citadas,"Bioma abyssal_chasm (monster); peso 8, grupo 1–1; data/alexscaves/worldgen/biome/abyssal_chasm.json; ",Barter/interação,minecraft:sponge,1,20/646 por seleção; rolls=1; oferta elegível Pearl/Heart of the Sea; comportamento/reputação e integridade do mob importam,Bloco que absorve água.,Alta no recurso,/images/bestiary/audited/ac/deep-one.png,src/main/java/com/github/alexmodguy/alexscaves/client/model/DeepOneModel.java; src/main/java/com/github/alexmodguy/alexscaves/client/render/entity/DeepOneRenderer.java; src/main/resources/assets/alexscaves/textures/entity/deep_one/deep_one.png; src/main/resources/assets/alexscaves/textures/entity/deep_one/deep_one_glow.png; output-ac/proveniencia.json,https://github.com/Raguto/AlexsCaves-1.21.1/blob/d2a7b05998d85e602d86c4999e53340fb1ee9b06/src/main/resources/data/alexscaves/loot_table/gameplay/deep_one_barter.json; evidence-final-ac/src/main/java/com/github/alexmodguy/alexscaves/server/entity/living/DeepOneEntity.java,[Receitas vanilla1.21.1](lote-final-2026-10-06/receitas-vanilla.json)
Deep One,Alex’s Caves,Criatura DeepOneBaseEntity; comportamento definido na classe e herança citadas,"Bioma abyssal_chasm (monster); peso 8, grupo 1–1; data/alexscaves/worldgen/biome/abyssal_chasm.json; ",Barter/interação,alexscaves:ping_pong_sponge,1,20/646 por seleção; rolls=1; oferta elegível Pearl/Heart of the Sea; comportamento/reputação e integridade do mob importam,Bloco; ingrediente de Floater. Receitas confirmadas: [Floater](ac-cards-2026-10-06.md#receita-floater).,Alta no recurso,/images/bestiary/audited/ac/deep-one.png,src/main/java/com/github/alexmodguy/alexscaves/client/model/DeepOneModel.java; src/main/java/com/github/alexmodguy/alexscaves/client/render/entity/DeepOneRenderer.java; src/main/resources/assets/alexscaves/textures/entity/deep_one/deep_one.png; src/main/resources/assets/alexscaves/textures/entity/deep_one/deep_one_glow.png; output-ac/proveniencia.json,https://github.com/Raguto/AlexsCaves-1.21.1/blob/d2a7b05998d85e602d86c4999e53340fb1ee9b06/src/main/resources/data/alexscaves/loot_table/gameplay/deep_one_barter.json; evidence-final-ac/src/main/java/com/github/alexmodguy/alexscaves/server/entity/living/DeepOneEntity.java,/bestiary/receitas/ac.html#receita-floater | [Receita floater](lote-final-2026-10-06/ac-cards-2026-10-06.md#receita-floater) — data/alexscaves/recipe/floater.json
Deep One,Alex’s Caves,Criatura DeepOneBaseEntity; comportamento definido na classe e herança citadas,"Bioma abyssal_chasm (monster); peso 8, grupo 1–1; data/alexscaves/worldgen/biome/abyssal_chasm.json; ",Barter/interação,alexscaves:dusk_anemone,1,20/646 por seleção; rolls=1; oferta elegível Pearl/Heart of the Sea; comportamento/reputação e integridade do mob importam,Bloco de flora aquática/decoração; sem receita consumidora encontrada nesta fonte.,Alta no recurso,/images/bestiary/audited/ac/deep-one.png,src/main/java/com/github/alexmodguy/alexscaves/client/model/DeepOneModel.java; src/main/java/com/github/alexmodguy/alexscaves/client/render/entity/DeepOneRenderer.java; src/main/resources/assets/alexscaves/textures/entity/deep_one/deep_one.png; src/main/resources/assets/alexscaves/textures/entity/deep_one/deep_one_glow.png; output-ac/proveniencia.json,https://github.com/Raguto/AlexsCaves-1.21.1/blob/d2a7b05998d85e602d86c4999e53340fb1ee9b06/src/main/resources/data/alexscaves/loot_table/gameplay/deep_one_barter.json; evidence-final-ac/src/main/java/com/github/alexmodguy/alexscaves/server/entity/living/DeepOneEntity.java,Não aplicável: uso direto ou nenhuma receita identificada na build
Deep One,Alex’s Caves,Criatura DeepOneBaseEntity; comportamento definido na classe e herança citadas,"Bioma abyssal_chasm (monster); peso 8, grupo 1–1; data/alexscaves/worldgen/biome/abyssal_chasm.json; ",Barter/interação,alexscaves:twilight_anemone,1,20/646 por seleção; rolls=1; oferta elegível Pearl/Heart of the Sea; comportamento/reputação e integridade do mob importam,Bloco de flora aquática/decoração; sem receita consumidora encontrada nesta fonte.,Alta no recurso,/images/bestiary/audited/ac/deep-one.png,src/main/java/com/github/alexmodguy/alexscaves/client/model/DeepOneModel.java; src/main/java/com/github/alexmodguy/alexscaves/client/render/entity/DeepOneRenderer.java; src/main/resources/assets/alexscaves/textures/entity/deep_one/deep_one.png; src/main/resources/assets/alexscaves/textures/entity/deep_one/deep_one_glow.png; output-ac/proveniencia.json,https://github.com/Raguto/AlexsCaves-1.21.1/blob/d2a7b05998d85e602d86c4999e53340fb1ee9b06/src/main/resources/data/alexscaves/loot_table/gameplay/deep_one_barter.json; evidence-final-ac/src/main/java/com/github/alexmodguy/alexscaves/server/entity/living/DeepOneEntity.java,Não aplicável: uso direto ou nenhuma receita identificada na build
Deep One,Alex’s Caves,Criatura DeepOneBaseEntity; comportamento definido na classe e herança citadas,"Bioma abyssal_chasm (monster); peso 8, grupo 1–1; data/alexscaves/worldgen/biome/abyssal_chasm.json; ",Barter/interação,alexscaves:midnight_anemone,1,20/646 por seleção; rolls=1; oferta elegível Pearl/Heart of the Sea; comportamento/reputação e integridade do mob importam,Bloco de flora aquática/decoração; sem receita consumidora encontrada nesta fonte.,Alta no recurso,/images/bestiary/audited/ac/deep-one.png,src/main/java/com/github/alexmodguy/alexscaves/client/model/DeepOneModel.java; src/main/java/com/github/alexmodguy/alexscaves/client/render/entity/DeepOneRenderer.java; src/main/resources/assets/alexscaves/textures/entity/deep_one/deep_one.png; src/main/resources/assets/alexscaves/textures/entity/deep_one/deep_one_glow.png; output-ac/proveniencia.json,https://github.com/Raguto/AlexsCaves-1.21.1/blob/d2a7b05998d85e602d86c4999e53340fb1ee9b06/src/main/resources/data/alexscaves/loot_table/gameplay/deep_one_barter.json; evidence-final-ac/src/main/java/com/github/alexmodguy/alexscaves/server/entity/living/DeepOneEntity.java,Não aplicável: uso direto ou nenhuma receita identificada na build
Deep One,Alex’s Caves,Criatura DeepOneBaseEntity; comportamento definido na classe e herança citadas,"Bioma abyssal_chasm (monster); peso 8, grupo 1–1; data/alexscaves/worldgen/biome/abyssal_chasm.json; ",Barter/interação,alexscaves:mussel,U[1…2],25/646 por seleção; rolls=1; oferta elegível Pearl/Heart of the Sea; comportamento/reputação e integridade do mob importam,"Material de receita. Receitas confirmadas: [Cooked Mussel](ac-cards-2026-10-06.md#receita-cooked-mussel-smoking), [Cooked Mussel](ac-cards-2026-10-06.md#receita-cooked-mussel-smelting), [Cooked Mussel](ac-cards-2026-10-06.md#receita-cooked-mussel-campfire).",Alta no recurso,/images/bestiary/audited/ac/deep-one.png,src/main/java/com/github/alexmodguy/alexscaves/client/model/DeepOneModel.java; src/main/java/com/github/alexmodguy/alexscaves/client/render/entity/DeepOneRenderer.java; src/main/resources/assets/alexscaves/textures/entity/deep_one/deep_one.png; src/main/resources/assets/alexscaves/textures/entity/deep_one/deep_one_glow.png; output-ac/proveniencia.json,https://github.com/Raguto/AlexsCaves-1.21.1/blob/d2a7b05998d85e602d86c4999e53340fb1ee9b06/src/main/resources/data/alexscaves/loot_table/gameplay/deep_one_barter.json; evidence-final-ac/src/main/java/com/github/alexmodguy/alexscaves/server/entity/living/DeepOneEntity.java,/bestiary/receitas/ac.html#receita-cooked-mussel-campfire | [Receita cooked_mussel_campfire](lote-final-2026-10-06/ac-cards-2026-10-06.md#receita-cooked-mussel-campfire) — data/alexscaves/recipe/furnace/cooked_mussel_campfire.json; [Receita cooked_mussel_smelting](lote-final-2026-10-06/ac-cards-2026-10-06.md#receita-cooked-mussel-smelting) — data/alexscaves/recipe/furnace/cooked_mussel_smelting.json; [Receita cooked_mussel_smoking](lote-final-2026-10-06/ac-cards-2026-10-06.md#receita-cooked-mussel-smoking) — data/alexscaves/recipe/furnace/cooked_mussel_smoking.json
Deep One,Alex’s Caves,Criatura DeepOneBaseEntity; comportamento definido na classe e herança citadas,"Bioma abyssal_chasm (monster); peso 8, grupo 1–1; data/alexscaves/worldgen/biome/abyssal_chasm.json; ",Barter/interação,alexscaves:abyssmarine,U[5…15],20/646 por seleção; rolls=1; oferta elegível Pearl/Heart of the Sea; comportamento/reputação e integridade do mob importam,"Bloco de construção e matéria-prima de variantes e Abyssal Altar. Receitas confirmadas: [Abyssmarine Bricks](ac-cards-2026-10-06.md#receita-abyssmarine-bricks), [Abyssmarine Slab](ac-cards-2026-10-06.md#receita-abyssmarine-slab), [Abyssmarine Wall](ac-cards-2026-10-06.md#receita-abyssmarine-wall), [Abyssmarine Stairs](ac-cards-2026-10-06.md#receita-abyssmarine-stairs), [Abyssal Altar](ac-cards-2026-10-06.md#receita-abyssal-altar), [Abyssmarine Pillar](ac-cards-2026-10-06.md#receita-abyssmarine-pillar), [Abyssmarine Wall](ac-cards-2026-10-06.md#receita-abyssmarine-wall-stonecutting), [Abyssmarine Tiles](ac-cards-2026-10-06.md#receita-abyssmarine-tiles-from-abyssmarine-stonecutting), [Abyssmarine Brick Slab](ac-cards-2026-10-06.md#receita-abyssmarine-brick-slab-from-abyssmarine-stonecutting), [Abyssmarine Pillar](ac-cards-2026-10-06.md#receita-abyssmarine-pillar-stonecutting), [Abyssmarine Slab](ac-cards-2026-10-06.md#receita-abyssmarine-slab-stonecutting), [Abyssmarine Brick Wall](ac-cards-2026-10-06.md#receita-abyssmarine-brick-wall-from-abyssmarine-stonecutting), [Abyssmarine Brick Stairs](ac-cards-2026-10-06.md#receita-abyssmarine-brick-stairs-from-abyssmarine-stonecutting), [Abyssmarine Bricks](ac-cards-2026-10-06.md#receita-abyssmarine-bricks-stonecutting), [Abyssmarine Stairs](ac-cards-2026-10-06.md#receita-abyssmarine-stairs-stonecutting).",Alta no recurso,/images/bestiary/audited/ac/deep-one.png,src/main/java/com/github/alexmodguy/alexscaves/client/model/DeepOneModel.java; src/main/java/com/github/alexmodguy/alexscaves/client/render/entity/DeepOneRenderer.java; src/main/resources/assets/alexscaves/textures/entity/deep_one/deep_one.png; src/main/resources/assets/alexscaves/textures/entity/deep_one/deep_one_glow.png; output-ac/proveniencia.json,https://github.com/Raguto/AlexsCaves-1.21.1/blob/d2a7b05998d85e602d86c4999e53340fb1ee9b06/src/main/resources/data/alexscaves/loot_table/gameplay/deep_one_barter.json; evidence-final-ac/src/main/java/com/github/alexmodguy/alexscaves/server/entity/living/DeepOneEntity.java,/bestiary/receitas/ac.html#receita-abyssal-altar | [Receita abyssal_altar](lote-final-2026-10-06/ac-cards-2026-10-06.md#receita-abyssal-altar) — data/alexscaves/recipe/abyssal_altar.json; [Receita abyssmarine_bricks](lote-final-2026-10-06/ac-cards-2026-10-06.md#receita-abyssmarine-bricks) — data/alexscaves/recipe/abyssmarine_bricks.json; [Receita abyssmarine_pillar](lote-final-2026-10-06/ac-cards-2026-10-06.md#receita-abyssmarine-pillar) — data/alexscaves/recipe/abyssmarine_pillar.json; [Receita abyssmarine_slab](lote-final-2026-10-06/ac-cards-2026-10-06.md#receita-abyssmarine-slab) — data/alexscaves/recipe/abyssmarine_slab.json; [Receita abyssmarine_stairs](lote-final-2026-10-06/ac-cards-2026-10-06.md#receita-abyssmarine-stairs) — data/alexscaves/recipe/abyssmarine_stairs.json; [Receita abyssmarine_wall](lote-final-2026-10-06/ac-cards-2026-10-06.md#receita-abyssmarine-wall) — data/alexscaves/recipe/abyssmarine_wall.json; [Receita abyssmarine_brick_slab_from_abyssmarine_stonecutting](lote-final-2026-10-06/ac-cards-2026-10-06.md#receita-abyssmarine-brick-slab-from-abyssmarine-stonecutting) — data/alexscaves/recipe/stonecutter/abyssmarine_brick_slab_from_abyssmarine_stonecutting.json; [Receita abyssmarine_brick_stairs_from_abyssmarine_stonecutting](lote-final-2026-10-06/ac-cards-2026-10-06.md#receita-abyssmarine-brick-stairs-from-abyssmarine-stonecutting) — data/alexscaves/recipe/stonecutter/abyssmarine_brick_stairs_from_abyssmarine_stonecutting.json; [Receita abyssmarine_brick_wall_from_abyssmarine_stonecutting](lote-final-2026-10-06/ac-cards-2026-10-06.md#receita-abyssmarine-brick-wall-from-abyssmarine-stonecutting) — data/alexscaves/recipe/stonecutter/abyssmarine_brick_wall_from_abyssmarine_stonecutting.json; [Receita abyssmarine_bricks_stonecutting](lote-final-2026-10-06/ac-cards-2026-10-06.md#receita-abyssmarine-bricks-stonecutting) — data/alexscaves/recipe/stonecutter/abyssmarine_bricks_stonecutting.json; [Receita abyssmarine_pillar_stonecutting](lote-final-2026-10-06/ac-cards-2026-10-06.md#receita-abyssmarine-pillar-stonecutting) — data/alexscaves/recipe/stonecutter/abyssmarine_pillar_stonecutting.json; [Receita abyssmarine_slab_stonecutting](lote-final-2026-10-06/ac-cards-2026-10-06.md#receita-abyssmarine-slab-stonecutting) — data/alexscaves/recipe/stonecutter/abyssmarine_slab_stonecutting.json; [Receita abyssmarine_stairs_stonecutting](lote-final-2026-10-06/ac-cards-2026-10-06.md#receita-abyssmarine-stairs-stonecutting) — data/alexscaves/recipe/stonecutter/abyssmarine_stairs_stonecutting.json; [Receita abyssmarine_tiles_from_abyssmarine_stonecutting](lote-final-2026-10-06/ac-cards-2026-10-06.md#receita-abyssmarine-tiles-from-abyssmarine-stonecutting) — data/alexscaves/recipe/stonecutter/abyssmarine_tiles_from_abyssmarine_stonecutting.json; [Receita abyssmarine_wall_stonecutting](lote-final-2026-10-06/ac-cards-2026-10-06.md#receita-abyssmarine-wall-stonecutting) — data/alexscaves/recipe/stonecutter/abyssmarine_wall_stonecutting.json
Deep One,Alex’s Caves,Criatura DeepOneBaseEntity; comportamento definido na classe e herança citadas,"Bioma abyssal_chasm (monster); peso 8, grupo 1–1; data/alexscaves/worldgen/biome/abyssal_chasm.json; ",Barter/interação,minecraft:ink_sac,1,10/646 por seleção; rolls=1; oferta elegível Pearl/Heart of the Sea; comportamento/reputação e integridade do mob importam,Material para corante preto e receitas.,Alta no recurso,/images/bestiary/audited/ac/deep-one.png,src/main/java/com/github/alexmodguy/alexscaves/client/model/DeepOneModel.java; src/main/java/com/github/alexmodguy/alexscaves/client/render/entity/DeepOneRenderer.java; src/main/resources/assets/alexscaves/textures/entity/deep_one/deep_one.png; src/main/resources/assets/alexscaves/textures/entity/deep_one/deep_one_glow.png; output-ac/proveniencia.json,https://github.com/Raguto/AlexsCaves-1.21.1/blob/d2a7b05998d85e602d86c4999e53340fb1ee9b06/src/main/resources/data/alexscaves/loot_table/gameplay/deep_one_barter.json; evidence-final-ac/src/main/java/com/github/alexmodguy/alexscaves/server/entity/living/DeepOneEntity.java,[Receitas vanilla1.21.1](lote-final-2026-10-06/receitas-vanilla.json)
Deep One,Alex’s Caves,Criatura DeepOneBaseEntity; comportamento definido na classe e herança citadas,"Bioma abyssal_chasm (monster); peso 8, grupo 1–1; data/alexscaves/worldgen/biome/abyssal_chasm.json; ",Barter/interação,minecraft:glow_ink_sac,1,10/646 por seleção; rolls=1; oferta elegível Pearl/Heart of the Sea; comportamento/reputação e integridade do mob importam,Material para glow item frame e texto luminoso.,Alta no recurso,/images/bestiary/audited/ac/deep-one.png,src/main/java/com/github/alexmodguy/alexscaves/client/model/DeepOneModel.java; src/main/java/com/github/alexmodguy/alexscaves/client/render/entity/DeepOneRenderer.java; src/main/resources/assets/alexscaves/textures/entity/deep_one/deep_one.png; src/main/resources/assets/alexscaves/textures/entity/deep_one/deep_one_glow.png; output-ac/proveniencia.json,https://github.com/Raguto/AlexsCaves-1.21.1/blob/d2a7b05998d85e602d86c4999e53340fb1ee9b06/src/main/resources/data/alexscaves/loot_table/gameplay/deep_one_barter.json; evidence-final-ac/src/main/java/com/github/alexmodguy/alexscaves/server/entity/living/DeepOneEntity.java,[Receitas vanilla1.21.1](lote-final-2026-10-06/receitas-vanilla.json)
Deep One,Alex’s Caves,Criatura DeepOneBaseEntity; comportamento definido na classe e herança citadas,"Bioma abyssal_chasm (monster); peso 8, grupo 1–1; data/alexscaves/worldgen/biome/abyssal_chasm.json; ",Barter/interação,alexscaves:ink_bomb,U[2…5],35/646 por seleção; rolls=1; oferta elegível Pearl/Heart of the Sea; comportamento/reputação e integridade do mob importam,Consumível arremessável de combate; cria projétil de tinta. Sem receita de fabricação encontrada nesta fonte.,Alta no recurso,/images/bestiary/audited/ac/deep-one.png,src/main/java/com/github/alexmodguy/alexscaves/client/model/DeepOneModel.java; src/main/java/com/github/alexmodguy/alexscaves/client/render/entity/DeepOneRenderer.java; src/main/resources/assets/alexscaves/textures/entity/deep_one/deep_one.png; src/main/resources/assets/alexscaves/textures/entity/deep_one/deep_one_glow.png; output-ac/proveniencia.json,https://github.com/Raguto/AlexsCaves-1.21.1/blob/d2a7b05998d85e602d86c4999e53340fb1ee9b06/src/main/resources/data/alexscaves/loot_table/gameplay/deep_one_barter.json; evidence-final-ac/src/main/java/com/github/alexmodguy/alexscaves/server/entity/living/DeepOneEntity.java,Não aplicável: uso direto ou nenhuma receita identificada na build
Deep One,Alex’s Caves,Criatura DeepOneBaseEntity; comportamento definido na classe e herança citadas,"Bioma abyssal_chasm (monster); peso 8, grupo 1–1; data/alexscaves/worldgen/biome/abyssal_chasm.json; ",Barter/interação,minecraft:clay_ball,1,60/646 por seleção; rolls=1; oferta elegível Pearl/Heart of the Sea; comportamento/reputação e integridade do mob importam,Material para tijolos/argila; aceito por Sea Pig.,Alta no recurso,/images/bestiary/audited/ac/deep-one.png,src/main/java/com/github/alexmodguy/alexscaves/client/model/DeepOneModel.java; src/main/java/com/github/alexmodguy/alexscaves/client/render/entity/DeepOneRenderer.java; src/main/resources/assets/alexscaves/textures/entity/deep_one/deep_one.png; src/main/resources/assets/alexscaves/textures/entity/deep_one/deep_one_glow.png; output-ac/proveniencia.json,https://github.com/Raguto/AlexsCaves-1.21.1/blob/d2a7b05998d85e602d86c4999e53340fb1ee9b06/src/main/resources/data/alexscaves/loot_table/gameplay/deep_one_barter.json; evidence-final-ac/src/main/java/com/github/alexmodguy/alexscaves/server/entity/living/DeepOneEntity.java,[Receitas vanilla1.21.1](lote-final-2026-10-06/receitas-vanilla.json)
Deep One,Alex’s Caves,Criatura DeepOneBaseEntity; comportamento definido na classe e herança citadas,"Bioma abyssal_chasm (monster); peso 8, grupo 1–1; data/alexscaves/worldgen/biome/abyssal_chasm.json; ",Barter/interação,alexscaves:gazing_pearl,1,26/646 por seleção; rolls=1; oferta elegível Pearl/Heart of the Sea; comportamento/reputação e integridade do mob importam,Item que mostra a reputação do portador com Deep Ones por dados atualizados no inventário; também ingrediente de processamento em Pearl. Receitas confirmadas: [Pearl](ac-cards-2026-10-06.md#receita-pearl-from-gazing-pearl).,Alta no recurso,/images/bestiary/audited/ac/deep-one.png,src/main/java/com/github/alexmodguy/alexscaves/client/model/DeepOneModel.java; src/main/java/com/github/alexmodguy/alexscaves/client/render/entity/DeepOneRenderer.java; src/main/resources/assets/alexscaves/textures/entity/deep_one/deep_one.png; src/main/resources/assets/alexscaves/textures/entity/deep_one/deep_one_glow.png; output-ac/proveniencia.json,https://github.com/Raguto/AlexsCaves-1.21.1/blob/d2a7b05998d85e602d86c4999e53340fb1ee9b06/src/main/resources/data/alexscaves/loot_table/gameplay/deep_one_barter.json; evidence-final-ac/src/main/java/com/github/alexmodguy/alexscaves/server/entity/living/DeepOneEntity.java,/bestiary/receitas/ac.html#receita-pearl-from-gazing-pearl | [Receita pearl_from_gazing_pearl](lote-final-2026-10-06/ac-cards-2026-10-06.md#receita-pearl-from-gazing-pearl) — data/alexscaves/recipe/pearl_from_gazing_pearl.json
Deep One,Alex’s Caves,Criatura DeepOneBaseEntity; comportamento definido na classe e herança citadas,"Bioma abyssal_chasm (monster); peso 8, grupo 1–1; data/alexscaves/worldgen/biome/abyssal_chasm.json; ",Barter/interação,alexscaves:rusty_barrel,1,4/646 por seleção; rolls=1; oferta elegível Pearl/Heart of the Sea; comportamento/reputação e integridade do mob importam,Contêiner de27slots. O barter fornece o item sem set_loot_table/componentes de inventário; não acrescentar loot de estrutura ao barrel recebido na troca.,Alta no recurso,/images/bestiary/audited/ac/deep-one.png,src/main/java/com/github/alexmodguy/alexscaves/client/model/DeepOneModel.java; src/main/java/com/github/alexmodguy/alexscaves/client/render/entity/DeepOneRenderer.java; src/main/resources/assets/alexscaves/textures/entity/deep_one/deep_one.png; src/main/resources/assets/alexscaves/textures/entity/deep_one/deep_one_glow.png; output-ac/proveniencia.json,https://github.com/Raguto/AlexsCaves-1.21.1/blob/d2a7b05998d85e602d86c4999e53340fb1ee9b06/src/main/resources/data/alexscaves/loot_table/gameplay/deep_one_barter.json; evidence-final-ac/src/main/java/com/github/alexmodguy/alexscaves/server/entity/living/DeepOneEntity.java,Não aplicável: uso direto ou nenhuma receita identificada na build
Deep One,Alex’s Caves,Criatura DeepOneBaseEntity; comportamento definido na classe e herança citadas,"Bioma abyssal_chasm (monster); peso 8, grupo 1–1; data/alexscaves/worldgen/biome/abyssal_chasm.json; ",Barter/interação,minecraft:glass_bottle,1,6/646 por seleção; rolls=1; oferta elegível Pearl/Heart of the Sea; comportamento/reputação e integridade do mob importam,"Contêiner para poções, água e mel.",Alta no recurso,/images/bestiary/audited/ac/deep-one.png,src/main/java/com/github/alexmodguy/alexscaves/client/model/DeepOneModel.java; src/main/java/com/github/alexmodguy/alexscaves/client/render/entity/DeepOneRenderer.java; src/main/resources/assets/alexscaves/textures/entity/deep_one/deep_one.png; src/main/resources/assets/alexscaves/textures/entity/deep_one/deep_one_glow.png; output-ac/proveniencia.json,https://github.com/Raguto/AlexsCaves-1.21.1/blob/d2a7b05998d85e602d86c4999e53340fb1ee9b06/src/main/resources/data/alexscaves/loot_table/gameplay/deep_one_barter.json; evidence-final-ac/src/main/java/com/github/alexmodguy/alexscaves/server/entity/living/DeepOneEntity.java,/bestiary/receitas/ac.html#receita-hot-chocolate-bottle | [Receita hot_chocolate_bottle](lote-final-2026-10-06/ac-cards-2026-10-06.md#receita-hot-chocolate-bottle) — data/alexscaves/recipe/hot_chocolate_bottle.json
Deep One,Alex’s Caves,Criatura DeepOneBaseEntity; comportamento definido na classe e herança citadas,"Bioma abyssal_chasm (monster); peso 8, grupo 1–1; data/alexscaves/worldgen/biome/abyssal_chasm.json; ",Barter/interação,minecraft:prismarine_shard,U[6…15],80/646 por seleção; rolls=1; oferta elegível Pearl/Heart of the Sea; comportamento/reputação e integridade do mob importam,Material de blocos Prismarine e Sea Lantern.,Alta no recurso,/images/bestiary/audited/ac/deep-one.png,src/main/java/com/github/alexmodguy/alexscaves/client/model/DeepOneModel.java; src/main/java/com/github/alexmodguy/alexscaves/client/render/entity/DeepOneRenderer.java; src/main/resources/assets/alexscaves/textures/entity/deep_one/deep_one.png; src/main/resources/assets/alexscaves/textures/entity/deep_one/deep_one_glow.png; output-ac/proveniencia.json,https://github.com/Raguto/AlexsCaves-1.21.1/blob/d2a7b05998d85e602d86c4999e53340fb1ee9b06/src/main/resources/data/alexscaves/loot_table/gameplay/deep_one_barter.json; evidence-final-ac/src/main/java/com/github/alexmodguy/alexscaves/server/entity/living/DeepOneEntity.java,[Receitas vanilla1.21.1](lote-final-2026-10-06/receitas-vanilla.json)
Deep One,Alex’s Caves,Criatura DeepOneBaseEntity; comportamento definido na classe e herança citadas,"Bioma abyssal_chasm (monster); peso 8, grupo 1–1; data/alexscaves/worldgen/biome/abyssal_chasm.json; ",Barter/interação,minecraft:cod,U[1…2],80/646 por seleção; rolls=1; oferta elegível Pearl/Heart of the Sea; comportamento/reputação e integridade do mob importam,"Alimento, cozinhável; reprodução de Subterranodon.",Alta no recurso,/images/bestiary/audited/ac/deep-one.png,src/main/java/com/github/alexmodguy/alexscaves/client/model/DeepOneModel.java; src/main/java/com/github/alexmodguy/alexscaves/client/render/entity/DeepOneRenderer.java; src/main/resources/assets/alexscaves/textures/entity/deep_one/deep_one.png; src/main/resources/assets/alexscaves/textures/entity/deep_one/deep_one_glow.png; output-ac/proveniencia.json,https://github.com/Raguto/AlexsCaves-1.21.1/blob/d2a7b05998d85e602d86c4999e53340fb1ee9b06/src/main/resources/data/alexscaves/loot_table/gameplay/deep_one_barter.json; evidence-final-ac/src/main/java/com/github/alexmodguy/alexscaves/server/entity/living/DeepOneEntity.java,[Receitas vanilla1.21.1](lote-final-2026-10-06/receitas-vanilla.json)
Deep One,Alex’s Caves,Criatura DeepOneBaseEntity; comportamento definido na classe e herança citadas,"Bioma abyssal_chasm (monster); peso 8, grupo 1–1; data/alexscaves/worldgen/biome/abyssal_chasm.json; ",Barter/interação,minecraft:salmon,U[1…2],80/646 por seleção; rolls=1; oferta elegível Pearl/Heart of the Sea; comportamento/reputação e integridade do mob importam,"Alimento, cozinhável.",Alta no recurso,/images/bestiary/audited/ac/deep-one.png,src/main/java/com/github/alexmodguy/alexscaves/client/model/DeepOneModel.java; src/main/java/com/github/alexmodguy/alexscaves/client/render/entity/DeepOneRenderer.java; src/main/resources/assets/alexscaves/textures/entity/deep_one/deep_one.png; src/main/resources/assets/alexscaves/textures/entity/deep_one/deep_one_glow.png; output-ac/proveniencia.json,https://github.com/Raguto/AlexsCaves-1.21.1/blob/d2a7b05998d85e602d86c4999e53340fb1ee9b06/src/main/resources/data/alexscaves/loot_table/gameplay/deep_one_barter.json; evidence-final-ac/src/main/java/com/github/alexmodguy/alexscaves/server/entity/living/DeepOneEntity.java,[Receitas vanilla1.21.1](lote-final-2026-10-06/receitas-vanilla.json)
Deep One,Alex’s Caves,Criatura DeepOneBaseEntity; comportamento definido na classe e herança citadas,"Bioma abyssal_chasm (monster); peso 8, grupo 1–1; data/alexscaves/worldgen/biome/abyssal_chasm.json; ",Barter/interação,minecraft:pufferfish,U[1…2],20/646 por seleção; rolls=1; oferta elegível Pearl/Heart of the Sea; comportamento/reputação e integridade do mob importam,Ingrediente de poção Water Breathing; alimento nocivo.,Alta no recurso,/images/bestiary/audited/ac/deep-one.png,src/main/java/com/github/alexmodguy/alexscaves/client/model/DeepOneModel.java; src/main/java/com/github/alexmodguy/alexscaves/client/render/entity/DeepOneRenderer.java; src/main/resources/assets/alexscaves/textures/entity/deep_one/deep_one.png; src/main/resources/assets/alexscaves/textures/entity/deep_one/deep_one_glow.png; output-ac/proveniencia.json,https://github.com/Raguto/AlexsCaves-1.21.1/blob/d2a7b05998d85e602d86c4999e53340fb1ee9b06/src/main/resources/data/alexscaves/loot_table/gameplay/deep_one_barter.json; evidence-final-ac/src/main/java/com/github/alexmodguy/alexscaves/server/entity/living/DeepOneEntity.java,[Receitas vanilla1.21.1](lote-final-2026-10-06/receitas-vanilla.json)
Deep One,Alex’s Caves,Criatura DeepOneBaseEntity; comportamento definido na classe e herança citadas,"Bioma abyssal_chasm (monster); peso 8, grupo 1–1; data/alexscaves/worldgen/biome/abyssal_chasm.json; ",Barter/interação,alexscaves:sea_glass_shards,U[4…8],10/646 por seleção; rolls=1; oferta elegível Pearl/Heart of the Sea; comportamento/reputação e integridade do mob importam,"Material de receita. Receitas confirmadas: [Glass](ac-cards-2026-10-06.md#receita-glass-from-sea-glass-shards), [Depth Glass](ac-cards-2026-10-06.md#receita-depth-glass).",Alta no recurso,/images/bestiary/audited/ac/deep-one.png,src/main/java/com/github/alexmodguy/alexscaves/client/model/DeepOneModel.java; src/main/java/com/github/alexmodguy/alexscaves/client/render/entity/DeepOneRenderer.java; src/main/resources/assets/alexscaves/textures/entity/deep_one/deep_one.png; src/main/resources/assets/alexscaves/textures/entity/deep_one/deep_one_glow.png; output-ac/proveniencia.json,https://github.com/Raguto/AlexsCaves-1.21.1/blob/d2a7b05998d85e602d86c4999e53340fb1ee9b06/src/main/resources/data/alexscaves/loot_table/gameplay/deep_one_barter.json; evidence-final-ac/src/main/java/com/github/alexmodguy/alexscaves/server/entity/living/DeepOneEntity.java,/bestiary/receitas/ac.html#receita-depth-glass | [Receita depth_glass](lote-final-2026-10-06/ac-cards-2026-10-06.md#receita-depth-glass) — data/alexscaves/recipe/depth_glass.json; [Receita glass_from_sea_glass_shards](lote-final-2026-10-06/ac-cards-2026-10-06.md#receita-glass-from-sea-glass-shards) — data/alexscaves/recipe/glass_from_sea_glass_shards.json
Deep One Knight,Alex’s Caves,Criatura DeepOneBaseEntity; comportamento definido na classe e herança citadas,"Bioma abyssal_chasm (monster); peso 4, grupo 1–1; data/alexscaves/worldgen/biome/abyssal_chasm.json; ",Barter/interação,minecraft:trident,1,5/247 por seleção; rolls=1; oferta elegível Pearl/Heart of the Sea; comportamento/reputação e integridade do mob importam,Equipamento/arma; sem receita vanilla1.21.1.,Alta no recurso,/images/bestiary/audited/ac/deep-one-knight.png,src/main/java/com/github/alexmodguy/alexscaves/client/model/DeepOneKnightModel.java; src/main/java/com/github/alexmodguy/alexscaves/client/render/entity/DeepOneKnightRenderer.java; src/main/resources/assets/alexscaves/textures/entity/deep_one/deep_one_knight.png; src/main/resources/assets/alexscaves/textures/entity/deep_one/deep_one_knight_glow.png; output-ac/proveniencia.json,https://github.com/Raguto/AlexsCaves-1.21.1/blob/d2a7b05998d85e602d86c4999e53340fb1ee9b06/src/main/resources/data/alexscaves/loot_table/gameplay/deep_one_knight_barter.json; evidence-final-ac/src/main/java/com/github/alexmodguy/alexscaves/server/entity/living/DeepOneKnightEntity.java,[Receitas vanilla1.21.1](lote-final-2026-10-06/receitas-vanilla.json)
Deep One Knight,Alex’s Caves,Criatura DeepOneBaseEntity; comportamento definido na classe e herança citadas,"Bioma abyssal_chasm (monster); peso 4, grupo 1–1; data/alexscaves/worldgen/biome/abyssal_chasm.json; ",Barter/interação,alexscaves:ortholance,1,10/247 por seleção; rolls=1; oferta elegível Pearl/Heart of the Sea; comportamento/reputação e integridade do mob importam,Arma/equipamento com ataque especial. Sem receita de fabricação encontrada nesta fonte.,Alta no recurso,/images/bestiary/audited/ac/deep-one-knight.png,src/main/java/com/github/alexmodguy/alexscaves/client/model/DeepOneKnightModel.java; src/main/java/com/github/alexmodguy/alexscaves/client/render/entity/DeepOneKnightRenderer.java; src/main/resources/assets/alexscaves/textures/entity/deep_one/deep_one_knight.png; src/main/resources/assets/alexscaves/textures/entity/deep_one/deep_one_knight_glow.png; output-ac/proveniencia.json,https://github.com/Raguto/AlexsCaves-1.21.1/blob/d2a7b05998d85e602d86c4999e53340fb1ee9b06/src/main/resources/data/alexscaves/loot_table/gameplay/deep_one_knight_barter.json; evidence-final-ac/src/main/java/com/github/alexmodguy/alexscaves/server/entity/living/DeepOneKnightEntity.java,Não aplicável: uso direto ou nenhuma receita identificada na build
Deep One Knight,Alex’s Caves,Criatura DeepOneBaseEntity; comportamento definido na classe e herança citadas,"Bioma abyssal_chasm (monster); peso 4, grupo 1–1; data/alexscaves/worldgen/biome/abyssal_chasm.json; ",Barter/interação,alexscaves:magic_conch,1,10/247 por seleção; rolls=1; oferta elegível Pearl/Heart of the Sea; comportamento/reputação e integridade do mob importam,Equipamento que invoca Deep Ones aliados por tempo limitado. Sem receita de fabricação encontrada nesta fonte.,Alta no recurso,/images/bestiary/audited/ac/deep-one-knight.png,src/main/java/com/github/alexmodguy/alexscaves/client/model/DeepOneKnightModel.java; src/main/java/com/github/alexmodguy/alexscaves/client/render/entity/DeepOneKnightRenderer.java; src/main/resources/assets/alexscaves/textures/entity/deep_one/deep_one_knight.png; src/main/resources/assets/alexscaves/textures/entity/deep_one/deep_one_knight_glow.png; output-ac/proveniencia.json,https://github.com/Raguto/AlexsCaves-1.21.1/blob/d2a7b05998d85e602d86c4999e53340fb1ee9b06/src/main/resources/data/alexscaves/loot_table/gameplay/deep_one_knight_barter.json; evidence-final-ac/src/main/java/com/github/alexmodguy/alexscaves/server/entity/living/DeepOneKnightEntity.java,Não aplicável: uso direto ou nenhuma receita identificada na build
Deep One Knight,Alex’s Caves,Criatura DeepOneBaseEntity; comportamento definido na classe e herança citadas,"Bioma abyssal_chasm (monster); peso 4, grupo 1–1; data/alexscaves/worldgen/biome/abyssal_chasm.json; ",Barter/interação,minecraft:nautilus_shell,1,6/247 por seleção; rolls=1; oferta elegível Pearl/Heart of the Sea; comportamento/reputação e integridade do mob importam,Material de Conduit.,Alta no recurso,/images/bestiary/audited/ac/deep-one-knight.png,src/main/java/com/github/alexmodguy/alexscaves/client/model/DeepOneKnightModel.java; src/main/java/com/github/alexmodguy/alexscaves/client/render/entity/DeepOneKnightRenderer.java; src/main/resources/assets/alexscaves/textures/entity/deep_one/deep_one_knight.png; src/main/resources/assets/alexscaves/textures/entity/deep_one/deep_one_knight_glow.png; output-ac/proveniencia.json,https://github.com/Raguto/AlexsCaves-1.21.1/blob/d2a7b05998d85e602d86c4999e53340fb1ee9b06/src/main/resources/data/alexscaves/loot_table/gameplay/deep_one_knight_barter.json; evidence-final-ac/src/main/java/com/github/alexmodguy/alexscaves/server/entity/living/DeepOneKnightEntity.java,[Receitas vanilla1.21.1](lote-final-2026-10-06/receitas-vanilla.json)
Deep One Knight,Alex’s Caves,Criatura DeepOneBaseEntity; comportamento definido na classe e herança citadas,"Bioma abyssal_chasm (monster); peso 4, grupo 1–1; data/alexscaves/worldgen/biome/abyssal_chasm.json; ",Barter/interação,minecraft:turtle_scute,1,8/247 por seleção; rolls=1; oferta elegível Pearl/Heart of the Sea; comportamento/reputação e integridade do mob importam,Material de Turtle Shell.,Alta no recurso,/images/bestiary/audited/ac/deep-one-knight.png,src/main/java/com/github/alexmodguy/alexscaves/client/model/DeepOneKnightModel.java; src/main/java/com/github/alexmodguy/alexscaves/client/render/entity/DeepOneKnightRenderer.java; src/main/resources/assets/alexscaves/textures/entity/deep_one/deep_one_knight.png; src/main/resources/assets/alexscaves/textures/entity/deep_one/deep_one_knight_glow.png; output-ac/proveniencia.json,https://github.com/Raguto/AlexsCaves-1.21.1/blob/d2a7b05998d85e602d86c4999e53340fb1ee9b06/src/main/resources/data/alexscaves/loot_table/gameplay/deep_one_knight_barter.json; evidence-final-ac/src/main/java/com/github/alexmodguy/alexscaves/server/entity/living/DeepOneKnightEntity.java,[Receitas vanilla1.21.1](lote-final-2026-10-06/receitas-vanilla.json)
Deep One Knight,Alex’s Caves,Criatura DeepOneBaseEntity; comportamento definido na classe e herança citadas,"Bioma abyssal_chasm (monster); peso 4, grupo 1–1; data/alexscaves/worldgen/biome/abyssal_chasm.json; ",Barter/interação,alexscaves:hollow_bone,U[1…3],4/247 por seleção; rolls=1; oferta elegível Pearl/Heart of the Sea; comportamento/reputação e integridade do mob importam,Bloco vazado orientável para construção/decoração; nenhuma receita que o consuma foi encontrada nesta fonte. Receitas confirmadas: [Bone Meal](ac-cards-2026-10-06.md#receita-bone-meal-from-large-bone-blocks).,Alta no recurso,/images/bestiary/audited/ac/deep-one-knight.png,src/main/java/com/github/alexmodguy/alexscaves/client/model/DeepOneKnightModel.java; src/main/java/com/github/alexmodguy/alexscaves/client/render/entity/DeepOneKnightRenderer.java; src/main/resources/assets/alexscaves/textures/entity/deep_one/deep_one_knight.png; src/main/resources/assets/alexscaves/textures/entity/deep_one/deep_one_knight_glow.png; output-ac/proveniencia.json,https://github.com/Raguto/AlexsCaves-1.21.1/blob/d2a7b05998d85e602d86c4999e53340fb1ee9b06/src/main/resources/data/alexscaves/loot_table/gameplay/deep_one_knight_barter.json; evidence-final-ac/src/main/java/com/github/alexmodguy/alexscaves/server/entity/living/DeepOneKnightEntity.java,/bestiary/receitas/ac.html#receita-bone-meal-from-large-bone-blocks | [Receita bone_meal_from_large_bone_blocks](lote-final-2026-10-06/ac-cards-2026-10-06.md#receita-bone-meal-from-large-bone-blocks) — data/alexscaves/recipe/bone_meal_from_large_bone_blocks.json
Deep One Knight,Alex’s Caves,Criatura DeepOneBaseEntity; comportamento definido na classe e herança citadas,"Bioma abyssal_chasm (monster); peso 4, grupo 1–1; data/alexscaves/worldgen/biome/abyssal_chasm.json; ",Barter/interação,minecraft:prismarine_crystals,U[6…12],80/247 por seleção; rolls=1; oferta elegível Pearl/Heart of the Sea; comportamento/reputação e integridade do mob importam,Material de Sea Lantern.,Alta no recurso,/images/bestiary/audited/ac/deep-one-knight.png,src/main/java/com/github/alexmodguy/alexscaves/client/model/DeepOneKnightModel.java; src/main/java/com/github/alexmodguy/alexscaves/client/render/entity/DeepOneKnightRenderer.java; src/main/resources/assets/alexscaves/textures/entity/deep_one/deep_one_knight.png; src/main/resources/assets/alexscaves/textures/entity/deep_one/deep_one_knight_glow.png; output-ac/proveniencia.json,https://github.com/Raguto/AlexsCaves-1.21.1/blob/d2a7b05998d85e602d86c4999e53340fb1ee9b06/src/main/resources/data/alexscaves/loot_table/gameplay/deep_one_knight_barter.json; evidence-final-ac/src/main/java/com/github/alexmodguy/alexscaves/server/entity/living/DeepOneKnightEntity.java,[Receitas vanilla1.21.1](lote-final-2026-10-06/receitas-vanilla.json)
Deep One Knight,Alex’s Caves,Criatura DeepOneBaseEntity; comportamento definido na classe e herança citadas,"Bioma abyssal_chasm (monster); peso 4, grupo 1–1; data/alexscaves/worldgen/biome/abyssal_chasm.json; ",Barter/interação,minecraft:iron_boots,1,"1/247 por seleção; rolls=1; oferta elegível Pearl/Heart of the Sea; comportamento/reputação e integridade do mob importam; [{""enchantments"":[""minecraft:depth_strider""],""function"":""minecraft:enchant_randomly""}]","Equipamento: armadura, pode vir encantada.",Alta no recurso,/images/bestiary/audited/ac/deep-one-knight.png,src/main/java/com/github/alexmodguy/alexscaves/client/model/DeepOneKnightModel.java; src/main/java/com/github/alexmodguy/alexscaves/client/render/entity/DeepOneKnightRenderer.java; src/main/resources/assets/alexscaves/textures/entity/deep_one/deep_one_knight.png; src/main/resources/assets/alexscaves/textures/entity/deep_one/deep_one_knight_glow.png; output-ac/proveniencia.json,https://github.com/Raguto/AlexsCaves-1.21.1/blob/d2a7b05998d85e602d86c4999e53340fb1ee9b06/src/main/resources/data/alexscaves/loot_table/gameplay/deep_one_knight_barter.json; evidence-final-ac/src/main/java/com/github/alexmodguy/alexscaves/server/entity/living/DeepOneKnightEntity.java,[Receitas vanilla1.21.1](lote-final-2026-10-06/receitas-vanilla.json)
Deep One Knight,Alex’s Caves,Criatura DeepOneBaseEntity; comportamento definido na classe e herança citadas,"Bioma abyssal_chasm (monster); peso 4, grupo 1–1; data/alexscaves/worldgen/biome/abyssal_chasm.json; ",Barter/interação,minecraft:leather_boots,1,"1/247 por seleção; rolls=1; oferta elegível Pearl/Heart of the Sea; comportamento/reputação e integridade do mob importam; [{""enchantments"":[""minecraft:depth_strider""],""function"":""minecraft:enchant_randomly""}]","Equipamento: armadura, pode vir encantada.",Alta no recurso,/images/bestiary/audited/ac/deep-one-knight.png,src/main/java/com/github/alexmodguy/alexscaves/client/model/DeepOneKnightModel.java; src/main/java/com/github/alexmodguy/alexscaves/client/render/entity/DeepOneKnightRenderer.java; src/main/resources/assets/alexscaves/textures/entity/deep_one/deep_one_knight.png; src/main/resources/assets/alexscaves/textures/entity/deep_one/deep_one_knight_glow.png; output-ac/proveniencia.json,https://github.com/Raguto/AlexsCaves-1.21.1/blob/d2a7b05998d85e602d86c4999e53340fb1ee9b06/src/main/resources/data/alexscaves/loot_table/gameplay/deep_one_knight_barter.json; evidence-final-ac/src/main/java/com/github/alexmodguy/alexscaves/server/entity/living/DeepOneKnightEntity.java,[Receitas vanilla1.21.1](lote-final-2026-10-06/receitas-vanilla.json)
Deep One Knight,Alex’s Caves,Criatura DeepOneBaseEntity; comportamento definido na classe e herança citadas,"Bioma abyssal_chasm (monster); peso 4, grupo 1–1; data/alexscaves/worldgen/biome/abyssal_chasm.json; ",Barter/interação,minecraft:leather_helmet,1,"1/247 por seleção; rolls=1; oferta elegível Pearl/Heart of the Sea; comportamento/reputação e integridade do mob importam; [{""enchantments"":[""minecraft:respiration""],""function"":""minecraft:enchant_randomly""}]","Equipamento: armadura, pode vir encantada.",Alta no recurso,/images/bestiary/audited/ac/deep-one-knight.png,src/main/java/com/github/alexmodguy/alexscaves/client/model/DeepOneKnightModel.java; src/main/java/com/github/alexmodguy/alexscaves/client/render/entity/DeepOneKnightRenderer.java; src/main/resources/assets/alexscaves/textures/entity/deep_one/deep_one_knight.png; src/main/resources/assets/alexscaves/textures/entity/deep_one/deep_one_knight_glow.png; output-ac/proveniencia.json,https://github.com/Raguto/AlexsCaves-1.21.1/blob/d2a7b05998d85e602d86c4999e53340fb1ee9b06/src/main/resources/data/alexscaves/loot_table/gameplay/deep_one_knight_barter.json; evidence-final-ac/src/main/java/com/github/alexmodguy/alexscaves/server/entity/living/DeepOneKnightEntity.java,[Receitas vanilla1.21.1](lote-final-2026-10-06/receitas-vanilla.json)
Deep One Knight,Alex’s Caves,Criatura DeepOneBaseEntity; comportamento definido na classe e herança citadas,"Bioma abyssal_chasm (monster); peso 4, grupo 1–1; data/alexscaves/worldgen/biome/abyssal_chasm.json; ",Barter/interação,minecraft:iron_helmet,1,"1/247 por seleção; rolls=1; oferta elegível Pearl/Heart of the Sea; comportamento/reputação e integridade do mob importam; [{""enchantments"":[""minecraft:respiration""],""function"":""minecraft:enchant_randomly""}]","Equipamento: armadura, pode vir encantada.",Alta no recurso,/images/bestiary/audited/ac/deep-one-knight.png,src/main/java/com/github/alexmodguy/alexscaves/client/model/DeepOneKnightModel.java; src/main/java/com/github/alexmodguy/alexscaves/client/render/entity/DeepOneKnightRenderer.java; src/main/resources/assets/alexscaves/textures/entity/deep_one/deep_one_knight.png; src/main/resources/assets/alexscaves/textures/entity/deep_one/deep_one_knight_glow.png; output-ac/proveniencia.json,https://github.com/Raguto/AlexsCaves-1.21.1/blob/d2a7b05998d85e602d86c4999e53340fb1ee9b06/src/main/resources/data/alexscaves/loot_table/gameplay/deep_one_knight_barter.json; evidence-final-ac/src/main/java/com/github/alexmodguy/alexscaves/server/entity/living/DeepOneKnightEntity.java,[Receitas vanilla1.21.1](lote-final-2026-10-06/receitas-vanilla.json)
Deep One Knight,Alex’s Caves,Criatura DeepOneBaseEntity; comportamento definido na classe e herança citadas,"Bioma abyssal_chasm (monster); peso 4, grupo 1–1; data/alexscaves/worldgen/biome/abyssal_chasm.json; ",Barter/interação,minecraft:prismarine_shard,U[6…12],70/247 por seleção; rolls=1; oferta elegível Pearl/Heart of the Sea; comportamento/reputação e integridade do mob importam,Material de blocos Prismarine e Sea Lantern.,Alta no recurso,/images/bestiary/audited/ac/deep-one-knight.png,src/main/java/com/github/alexmodguy/alexscaves/client/model/DeepOneKnightModel.java; src/main/java/com/github/alexmodguy/alexscaves/client/render/entity/DeepOneKnightRenderer.java; src/main/resources/assets/alexscaves/textures/entity/deep_one/deep_one_knight.png; src/main/resources/assets/alexscaves/textures/entity/deep_one/deep_one_knight_glow.png; output-ac/proveniencia.json,https://github.com/Raguto/AlexsCaves-1.21.1/blob/d2a7b05998d85e602d86c4999e53340fb1ee9b06/src/main/resources/data/alexscaves/loot_table/gameplay/deep_one_knight_barter.json; evidence-final-ac/src/main/java/com/github/alexmodguy/alexscaves/server/entity/living/DeepOneKnightEntity.java,[Receitas vanilla1.21.1](lote-final-2026-10-06/receitas-vanilla.json)
Deep One Knight,Alex’s Caves,Criatura DeepOneBaseEntity; comportamento definido na classe e herança citadas,"Bioma abyssal_chasm (monster); peso 4, grupo 1–1; data/alexscaves/worldgen/biome/abyssal_chasm.json; ",Barter/interação,minecraft:bone,U[1…3],20/247 por seleção; rolls=1; oferta elegível Pearl/Heart of the Sea; comportamento/reputação e integridade do mob importam,Ingrediente de farinha de osso; domesticação de lobos.,Alta no recurso,/images/bestiary/audited/ac/deep-one-knight.png,src/main/java/com/github/alexmodguy/alexscaves/client/model/DeepOneKnightModel.java; src/main/java/com/github/alexmodguy/alexscaves/client/render/entity/DeepOneKnightRenderer.java; src/main/resources/assets/alexscaves/textures/entity/deep_one/deep_one_knight.png; src/main/resources/assets/alexscaves/textures/entity/deep_one/deep_one_knight_glow.png; output-ac/proveniencia.json,https://github.com/Raguto/AlexsCaves-1.21.1/blob/d2a7b05998d85e602d86c4999e53340fb1ee9b06/src/main/resources/data/alexscaves/loot_table/gameplay/deep_one_knight_barter.json; evidence-final-ac/src/main/java/com/github/alexmodguy/alexscaves/server/entity/living/DeepOneKnightEntity.java,[Receitas vanilla1.21.1](lote-final-2026-10-06/receitas-vanilla.json)
Deep One Knight,Alex’s Caves,Criatura DeepOneBaseEntity; comportamento definido na classe e herança citadas,"Bioma abyssal_chasm (monster); peso 4, grupo 1–1; data/alexscaves/worldgen/biome/abyssal_chasm.json; ",Barter/interação,minecraft:gold_nugget,U[1…5],6/247 por seleção; rolls=1; oferta elegível Pearl/Heart of the Sea; comportamento/reputação e integridade do mob importam,Material de receitas/lingotes.,Alta no recurso,/images/bestiary/audited/ac/deep-one-knight.png,src/main/java/com/github/alexmodguy/alexscaves/client/model/DeepOneKnightModel.java; src/main/java/com/github/alexmodguy/alexscaves/client/render/entity/DeepOneKnightRenderer.java; src/main/resources/assets/alexscaves/textures/entity/deep_one/deep_one_knight.png; src/main/resources/assets/alexscaves/textures/entity/deep_one/deep_one_knight_glow.png; output-ac/proveniencia.json,https://github.com/Raguto/AlexsCaves-1.21.1/blob/d2a7b05998d85e602d86c4999e53340fb1ee9b06/src/main/resources/data/alexscaves/loot_table/gameplay/deep_one_knight_barter.json; evidence-final-ac/src/main/java/com/github/alexmodguy/alexscaves/server/entity/living/DeepOneKnightEntity.java,[Receitas vanilla1.21.1](lote-final-2026-10-06/receitas-vanilla.json)
Deep One Knight,Alex’s Caves,Criatura DeepOneBaseEntity; comportamento definido na classe e herança citadas,"Bioma abyssal_chasm (monster); peso 4, grupo 1–1; data/alexscaves/worldgen/biome/abyssal_chasm.json; ",Barter/interação,alexscaves:ink_bomb,U[2…5],10/247 por seleção; rolls=1; oferta elegível Pearl/Heart of the Sea; comportamento/reputação e integridade do mob importam,Consumível arremessável de combate; cria projétil de tinta. Sem receita de fabricação encontrada nesta fonte.,Alta no recurso,/images/bestiary/audited/ac/deep-one-knight.png,src/main/java/com/github/alexmodguy/alexscaves/client/model/DeepOneKnightModel.java; src/main/java/com/github/alexmodguy/alexscaves/client/render/entity/DeepOneKnightRenderer.java; src/main/resources/assets/alexscaves/textures/entity/deep_one/deep_one_knight.png; src/main/resources/assets/alexscaves/textures/entity/deep_one/deep_one_knight_glow.png; output-ac/proveniencia.json,https://github.com/Raguto/AlexsCaves-1.21.1/blob/d2a7b05998d85e602d86c4999e53340fb1ee9b06/src/main/resources/data/alexscaves/loot_table/gameplay/deep_one_knight_barter.json; evidence-final-ac/src/main/java/com/github/alexmodguy/alexscaves/server/entity/living/DeepOneKnightEntity.java,Não aplicável: uso direto ou nenhuma receita identificada na build
Deep One Knight,Alex’s Caves,Criatura DeepOneBaseEntity; comportamento definido na classe e herança citadas,"Bioma abyssal_chasm (monster); peso 4, grupo 1–1; data/alexscaves/worldgen/biome/abyssal_chasm.json; ",Barter/interação,alexscaves:sea_glass_shards,U[4…8],14/247 por seleção; rolls=1; oferta elegível Pearl/Heart of the Sea; comportamento/reputação e integridade do mob importam,"Material de receita. Receitas confirmadas: [Glass](ac-cards-2026-10-06.md#receita-glass-from-sea-glass-shards), [Depth Glass](ac-cards-2026-10-06.md#receita-depth-glass).",Alta no recurso,/images/bestiary/audited/ac/deep-one-knight.png,src/main/java/com/github/alexmodguy/alexscaves/client/model/DeepOneKnightModel.java; src/main/java/com/github/alexmodguy/alexscaves/client/render/entity/DeepOneKnightRenderer.java; src/main/resources/assets/alexscaves/textures/entity/deep_one/deep_one_knight.png; src/main/resources/assets/alexscaves/textures/entity/deep_one/deep_one_knight_glow.png; output-ac/proveniencia.json,https://github.com/Raguto/AlexsCaves-1.21.1/blob/d2a7b05998d85e602d86c4999e53340fb1ee9b06/src/main/resources/data/alexscaves/loot_table/gameplay/deep_one_knight_barter.json; evidence-final-ac/src/main/java/com/github/alexmodguy/alexscaves/server/entity/living/DeepOneKnightEntity.java,/bestiary/receitas/ac.html#receita-depth-glass | [Receita depth_glass](lote-final-2026-10-06/ac-cards-2026-10-06.md#receita-depth-glass) — data/alexscaves/recipe/depth_glass.json; [Receita glass_from_sea_glass_shards](lote-final-2026-10-06/ac-cards-2026-10-06.md#receita-glass-from-sea-glass-shards) — data/alexscaves/recipe/glass_from_sea_glass_shards.json
Deep One Knight,Alex’s Caves,Criatura DeepOneBaseEntity; comportamento definido na classe e herança citadas,"Bioma abyssal_chasm (monster); peso 4, grupo 1–1; data/alexscaves/worldgen/biome/abyssal_chasm.json; ",Drop de morte: equipamento,minecraft:trident,0–1 arma total,"Trident/Ortholance no slot principal,70/30 ao spawn. Drop vanilla:8,5% +1 ponto percentual por nível de Saque do jogador (L0=8,5%; L3=11,5%), em morte elegível com crédito recente de jogador; sem PREVENT_EQUIPMENT_DROP.","Arma Trident/Ortholance, separada do barter; não duplica o pool de troca.",Alta no código e regra vanilla,/images/bestiary/audited/ac/deep-one-knight.png,src/main/java/com/github/alexmodguy/alexscaves/client/model/DeepOneKnightModel.java; src/main/java/com/github/alexmodguy/alexscaves/client/render/entity/DeepOneKnightRenderer.java; src/main/resources/assets/alexscaves/textures/entity/deep_one/deep_one_knight.png; src/main/resources/assets/alexscaves/textures/entity/deep_one/deep_one_knight_glow.png; output-ac/proveniencia.json,https://github.com/Raguto/AlexsCaves-1.21.1/blob/d2a7b05998d85e602d86c4999e53340fb1ee9b06/src/main/java/com/github/alexmodguy/alexscaves/server/entity/living/DeepOneKnightEntity.java; evidence-final-ac/src/main/java/com/github/alexmodguy/alexscaves/server/entity/living/DeepOneKnightEntity.java,[Receitas vanilla1.21.1](lote-final-2026-10-06/receitas-vanilla.json)
Deep One Mage,Alex’s Caves,Criatura DeepOneBaseEntity; comportamento definido na classe e herança citadas,"Bioma abyssal_chasm (monster); peso 2, grupo 1–1; data/alexscaves/worldgen/biome/abyssal_chasm.json; ",Barter/interação,minecraft:raw_gold,U[1…2],10/299 por seleção; rolls=1; oferta elegível Pearl/Heart of the Sea; comportamento/reputação e integridade do mob importam,Fundir em Gold Ingot.,Alta no recurso,/images/bestiary/audited/ac/deep-one-mage.png,src/main/java/com/github/alexmodguy/alexscaves/client/model/DeepOneMageModel.java; src/main/java/com/github/alexmodguy/alexscaves/client/render/entity/DeepOneMageRenderer.java; src/main/resources/assets/alexscaves/textures/entity/deep_one/deep_one_mage.png; output-ac/proveniencia.json,https://github.com/Raguto/AlexsCaves-1.21.1/blob/d2a7b05998d85e602d86c4999e53340fb1ee9b06/src/main/resources/data/alexscaves/loot_table/gameplay/deep_one_mage_barter.json; evidence-final-ac/src/main/java/com/github/alexmodguy/alexscaves/server/entity/living/DeepOneMageEntity.java,[Receitas vanilla1.21.1](lote-final-2026-10-06/receitas-vanilla.json)
Deep One Mage,Alex’s Caves,Criatura DeepOneBaseEntity; comportamento definido na classe e herança citadas,"Bioma abyssal_chasm (monster); peso 2, grupo 1–1; data/alexscaves/worldgen/biome/abyssal_chasm.json; ",Barter/interação,minecraft:diamond,1,6/299 por seleção; rolls=1; oferta elegível Pearl/Heart of the Sea; comportamento/reputação e integridade do mob importam,Material de equipamentos e receitas.,Alta no recurso,/images/bestiary/audited/ac/deep-one-mage.png,src/main/java/com/github/alexmodguy/alexscaves/client/model/DeepOneMageModel.java; src/main/java/com/github/alexmodguy/alexscaves/client/render/entity/DeepOneMageRenderer.java; src/main/resources/assets/alexscaves/textures/entity/deep_one/deep_one_mage.png; output-ac/proveniencia.json,https://github.com/Raguto/AlexsCaves-1.21.1/blob/d2a7b05998d85e602d86c4999e53340fb1ee9b06/src/main/resources/data/alexscaves/loot_table/gameplay/deep_one_mage_barter.json; evidence-final-ac/src/main/java/com/github/alexmodguy/alexscaves/server/entity/living/DeepOneMageEntity.java,/bestiary/receitas/ac.html#receita-polarity-armor-trim-smithing-template | [Receita polarity_armor_trim_smithing_template](lote-final-2026-10-06/ac-cards-2026-10-06.md#receita-polarity-armor-trim-smithing-template) — data/alexscaves/recipe/polarity_armor_trim_smithing_template.json
Deep One Mage,Alex’s Caves,Criatura DeepOneBaseEntity; comportamento definido na classe e herança citadas,"Bioma abyssal_chasm (monster); peso 2, grupo 1–1; data/alexscaves/worldgen/biome/abyssal_chasm.json; ",Barter/interação,minecraft:nautilus_shell,1,3/299 por seleção; rolls=1; oferta elegível Pearl/Heart of the Sea; comportamento/reputação e integridade do mob importam,Material de Conduit.,Alta no recurso,/images/bestiary/audited/ac/deep-one-mage.png,src/main/java/com/github/alexmodguy/alexscaves/client/model/DeepOneMageModel.java; src/main/java/com/github/alexmodguy/alexscaves/client/render/entity/DeepOneMageRenderer.java; src/main/resources/assets/alexscaves/textures/entity/deep_one/deep_one_mage.png; output-ac/proveniencia.json,https://github.com/Raguto/AlexsCaves-1.21.1/blob/d2a7b05998d85e602d86c4999e53340fb1ee9b06/src/main/resources/data/alexscaves/loot_table/gameplay/deep_one_mage_barter.json; evidence-final-ac/src/main/java/com/github/alexmodguy/alexscaves/server/entity/living/DeepOneMageEntity.java,[Receitas vanilla1.21.1](lote-final-2026-10-06/receitas-vanilla.json)
Deep One Mage,Alex’s Caves,Criatura DeepOneBaseEntity; comportamento definido na classe e herança citadas,"Bioma abyssal_chasm (monster); peso 2, grupo 1–1; data/alexscaves/worldgen/biome/abyssal_chasm.json; ",Barter/interação,alexscaves:sea_staff,1,12/299 por seleção; rolls=1; oferta elegível Pearl/Heart of the Sea; comportamento/reputação e integridade do mob importam,Equipamento mágico que cria Sea Staff Bubbles e direciona o ataque. Sem receita de fabricação encontrada nesta fonte.,Alta no recurso,/images/bestiary/audited/ac/deep-one-mage.png,src/main/java/com/github/alexmodguy/alexscaves/client/model/DeepOneMageModel.java; src/main/java/com/github/alexmodguy/alexscaves/client/render/entity/DeepOneMageRenderer.java; src/main/resources/assets/alexscaves/textures/entity/deep_one/deep_one_mage.png; output-ac/proveniencia.json,https://github.com/Raguto/AlexsCaves-1.21.1/blob/d2a7b05998d85e602d86c4999e53340fb1ee9b06/src/main/resources/data/alexscaves/loot_table/gameplay/deep_one_mage_barter.json; evidence-final-ac/src/main/java/com/github/alexmodguy/alexscaves/server/entity/living/DeepOneMageEntity.java,Não aplicável: uso direto ou nenhuma receita identificada na build
Deep One Mage,Alex’s Caves,Criatura DeepOneBaseEntity; comportamento definido na classe e herança citadas,"Bioma abyssal_chasm (monster); peso 2, grupo 1–1; data/alexscaves/worldgen/biome/abyssal_chasm.json; ",Barter/interação,minecraft:experience_bottle,U[2…4],20/299 por seleção; rolls=1; oferta elegível Pearl/Heart of the Sea; comportamento/reputação e integridade do mob importam,Consumível arremessável que libera XP.,Alta no recurso,/images/bestiary/audited/ac/deep-one-mage.png,src/main/java/com/github/alexmodguy/alexscaves/client/model/DeepOneMageModel.java; src/main/java/com/github/alexmodguy/alexscaves/client/render/entity/DeepOneMageRenderer.java; src/main/resources/assets/alexscaves/textures/entity/deep_one/deep_one_mage.png; output-ac/proveniencia.json,https://github.com/Raguto/AlexsCaves-1.21.1/blob/d2a7b05998d85e602d86c4999e53340fb1ee9b06/src/main/resources/data/alexscaves/loot_table/gameplay/deep_one_mage_barter.json; evidence-final-ac/src/main/java/com/github/alexmodguy/alexscaves/server/entity/living/DeepOneMageEntity.java,[Receitas vanilla1.21.1](lote-final-2026-10-06/receitas-vanilla.json)
Deep One Mage,Alex’s Caves,Criatura DeepOneBaseEntity; comportamento definido na classe e herança citadas,"Bioma abyssal_chasm (monster); peso 2, grupo 1–1; data/alexscaves/worldgen/biome/abyssal_chasm.json; ",Barter/interação,minecraft:prismarine_shard,U[6…12],50/299 por seleção; rolls=1; oferta elegível Pearl/Heart of the Sea; comportamento/reputação e integridade do mob importam,Material de blocos Prismarine e Sea Lantern.,Alta no recurso,/images/bestiary/audited/ac/deep-one-mage.png,src/main/java/com/github/alexmodguy/alexscaves/client/model/DeepOneMageModel.java; src/main/java/com/github/alexmodguy/alexscaves/client/render/entity/DeepOneMageRenderer.java; src/main/resources/assets/alexscaves/textures/entity/deep_one/deep_one_mage.png; output-ac/proveniencia.json,https://github.com/Raguto/AlexsCaves-1.21.1/blob/d2a7b05998d85e602d86c4999e53340fb1ee9b06/src/main/resources/data/alexscaves/loot_table/gameplay/deep_one_mage_barter.json; evidence-final-ac/src/main/java/com/github/alexmodguy/alexscaves/server/entity/living/DeepOneMageEntity.java,[Receitas vanilla1.21.1](lote-final-2026-10-06/receitas-vanilla.json)
Deep One Mage,Alex’s Caves,Criatura DeepOneBaseEntity; comportamento definido na classe e herança citadas,"Bioma abyssal_chasm (monster); peso 2, grupo 1–1; data/alexscaves/worldgen/biome/abyssal_chasm.json; ",Barter/interação,minecraft:prismarine_crystals,U[6…12],30/299 por seleção; rolls=1; oferta elegível Pearl/Heart of the Sea; comportamento/reputação e integridade do mob importam,Material de Sea Lantern.,Alta no recurso,/images/bestiary/audited/ac/deep-one-mage.png,src/main/java/com/github/alexmodguy/alexscaves/client/model/DeepOneMageModel.java; src/main/java/com/github/alexmodguy/alexscaves/client/render/entity/DeepOneMageRenderer.java; src/main/resources/assets/alexscaves/textures/entity/deep_one/deep_one_mage.png; output-ac/proveniencia.json,https://github.com/Raguto/AlexsCaves-1.21.1/blob/d2a7b05998d85e602d86c4999e53340fb1ee9b06/src/main/resources/data/alexscaves/loot_table/gameplay/deep_one_mage_barter.json; evidence-final-ac/src/main/java/com/github/alexmodguy/alexscaves/server/entity/living/DeepOneMageEntity.java,[Receitas vanilla1.21.1](lote-final-2026-10-06/receitas-vanilla.json)
Deep One Mage,Alex’s Caves,Criatura DeepOneBaseEntity; comportamento definido na classe e herança citadas,"Bioma abyssal_chasm (monster); peso 2, grupo 1–1; data/alexscaves/worldgen/biome/abyssal_chasm.json; ",Barter/interação,minecraft:prismarine,U[10…13],60/299 por seleção; rolls=1; oferta elegível Pearl/Heart of the Sea; comportamento/reputação e integridade do mob importam,Bloco de construção.,Alta no recurso,/images/bestiary/audited/ac/deep-one-mage.png,src/main/java/com/github/alexmodguy/alexscaves/client/model/DeepOneMageModel.java; src/main/java/com/github/alexmodguy/alexscaves/client/render/entity/DeepOneMageRenderer.java; src/main/resources/assets/alexscaves/textures/entity/deep_one/deep_one_mage.png; output-ac/proveniencia.json,https://github.com/Raguto/AlexsCaves-1.21.1/blob/d2a7b05998d85e602d86c4999e53340fb1ee9b06/src/main/resources/data/alexscaves/loot_table/gameplay/deep_one_mage_barter.json; evidence-final-ac/src/main/java/com/github/alexmodguy/alexscaves/server/entity/living/DeepOneMageEntity.java,[Receitas vanilla1.21.1](lote-final-2026-10-06/receitas-vanilla.json)
Deep One Mage,Alex’s Caves,Criatura DeepOneBaseEntity; comportamento definido na classe e herança citadas,"Bioma abyssal_chasm (monster); peso 2, grupo 1–1; data/alexscaves/worldgen/biome/abyssal_chasm.json; ",Barter/interação,minecraft:dark_prismarine,U[5…10],25/299 por seleção; rolls=1; oferta elegível Pearl/Heart of the Sea; comportamento/reputação e integridade do mob importam,Bloco de construção.,Alta no recurso,/images/bestiary/audited/ac/deep-one-mage.png,src/main/java/com/github/alexmodguy/alexscaves/client/model/DeepOneMageModel.java; src/main/java/com/github/alexmodguy/alexscaves/client/render/entity/DeepOneMageRenderer.java; src/main/resources/assets/alexscaves/textures/entity/deep_one/deep_one_mage.png; output-ac/proveniencia.json,https://github.com/Raguto/AlexsCaves-1.21.1/blob/d2a7b05998d85e602d86c4999e53340fb1ee9b06/src/main/resources/data/alexscaves/loot_table/gameplay/deep_one_mage_barter.json; evidence-final-ac/src/main/java/com/github/alexmodguy/alexscaves/server/entity/living/DeepOneMageEntity.java,[Receitas vanilla1.21.1](lote-final-2026-10-06/receitas-vanilla.json)
Deep One Mage,Alex’s Caves,Criatura DeepOneBaseEntity; comportamento definido na classe e herança citadas,"Bioma abyssal_chasm (monster); peso 2, grupo 1–1; data/alexscaves/worldgen/biome/abyssal_chasm.json; ",Barter/interação,minecraft:lapis_lazuli,U[2…7],15/299 por seleção; rolls=1; oferta elegível Pearl/Heart of the Sea; comportamento/reputação e integridade do mob importam,Material de encantamentos e corante azul.,Alta no recurso,/images/bestiary/audited/ac/deep-one-mage.png,src/main/java/com/github/alexmodguy/alexscaves/client/model/DeepOneMageModel.java; src/main/java/com/github/alexmodguy/alexscaves/client/render/entity/DeepOneMageRenderer.java; src/main/resources/assets/alexscaves/textures/entity/deep_one/deep_one_mage.png; output-ac/proveniencia.json,https://github.com/Raguto/AlexsCaves-1.21.1/blob/d2a7b05998d85e602d86c4999e53340fb1ee9b06/src/main/resources/data/alexscaves/loot_table/gameplay/deep_one_mage_barter.json; evidence-final-ac/src/main/java/com/github/alexmodguy/alexscaves/server/entity/living/DeepOneMageEntity.java,[Receitas vanilla1.21.1](lote-final-2026-10-06/receitas-vanilla.json)
Deep One Mage,Alex’s Caves,Criatura DeepOneBaseEntity; comportamento definido na classe e herança citadas,"Bioma abyssal_chasm (monster); peso 2, grupo 1–1; data/alexscaves/worldgen/biome/abyssal_chasm.json; ",Barter/interação,minecraft:book,1,"3/299 por seleção; rolls=1; oferta elegível Pearl/Heart of the Sea; comportamento/reputação e integridade do mob importam; [{""enchantments"":[""minecraft:depth_strider""],""function"":""minecraft:enchant_randomly""}]",Livro/encantamento: fabricação e aplicação de encantamentos; depende da função recebida na troca.,Alta no recurso,/images/bestiary/audited/ac/deep-one-mage.png,src/main/java/com/github/alexmodguy/alexscaves/client/model/DeepOneMageModel.java; src/main/java/com/github/alexmodguy/alexscaves/client/render/entity/DeepOneMageRenderer.java; src/main/resources/assets/alexscaves/textures/entity/deep_one/deep_one_mage.png; output-ac/proveniencia.json,https://github.com/Raguto/AlexsCaves-1.21.1/blob/d2a7b05998d85e602d86c4999e53340fb1ee9b06/src/main/resources/data/alexscaves/loot_table/gameplay/deep_one_mage_barter.json; evidence-final-ac/src/main/java/com/github/alexmodguy/alexscaves/server/entity/living/DeepOneMageEntity.java,/bestiary/receitas/ac.html#receita-cave-book | [Receita cave_book](lote-final-2026-10-06/ac-cards-2026-10-06.md#receita-cave-book) — data/alexscaves/recipe/cave_book.json
Deep One Mage,Alex’s Caves,Criatura DeepOneBaseEntity; comportamento definido na classe e herança citadas,"Bioma abyssal_chasm (monster); peso 2, grupo 1–1; data/alexscaves/worldgen/biome/abyssal_chasm.json; ",Barter/interação,minecraft:book,1,"3/299 por seleção; rolls=1; oferta elegível Pearl/Heart of the Sea; comportamento/reputação e integridade do mob importam; [{""enchantments"":[""minecraft:respiration""],""function"":""minecraft:enchant_randomly""}]",Livro/encantamento: fabricação e aplicação de encantamentos; depende da função recebida na troca.,Alta no recurso,/images/bestiary/audited/ac/deep-one-mage.png,src/main/java/com/github/alexmodguy/alexscaves/client/model/DeepOneMageModel.java; src/main/java/com/github/alexmodguy/alexscaves/client/render/entity/DeepOneMageRenderer.java; src/main/resources/assets/alexscaves/textures/entity/deep_one/deep_one_mage.png; output-ac/proveniencia.json,https://github.com/Raguto/AlexsCaves-1.21.1/blob/d2a7b05998d85e602d86c4999e53340fb1ee9b06/src/main/resources/data/alexscaves/loot_table/gameplay/deep_one_mage_barter.json; evidence-final-ac/src/main/java/com/github/alexmodguy/alexscaves/server/entity/living/DeepOneMageEntity.java,/bestiary/receitas/ac.html#receita-cave-book | [Receita cave_book](lote-final-2026-10-06/ac-cards-2026-10-06.md#receita-cave-book) — data/alexscaves/recipe/cave_book.json
Deep One Mage,Alex’s Caves,Criatura DeepOneBaseEntity; comportamento definido na classe e herança citadas,"Bioma abyssal_chasm (monster); peso 2, grupo 1–1; data/alexscaves/worldgen/biome/abyssal_chasm.json; ",Barter/interação,minecraft:potion,1,"20/299 por seleção; rolls=1; oferta elegível Pearl/Heart of the Sea; comportamento/reputação e integridade do mob importam; [{""function"":""minecraft:set_potion"",""id"":""minecraft:water_breathing""}]",Consumível de efeitos; preservar tipo/componentes fornecidos.,Alta no recurso,/images/bestiary/audited/ac/deep-one-mage.png,src/main/java/com/github/alexmodguy/alexscaves/client/model/DeepOneMageModel.java; src/main/java/com/github/alexmodguy/alexscaves/client/render/entity/DeepOneMageRenderer.java; src/main/resources/assets/alexscaves/textures/entity/deep_one/deep_one_mage.png; output-ac/proveniencia.json,https://github.com/Raguto/AlexsCaves-1.21.1/blob/d2a7b05998d85e602d86c4999e53340fb1ee9b06/src/main/resources/data/alexscaves/loot_table/gameplay/deep_one_mage_barter.json; evidence-final-ac/src/main/java/com/github/alexmodguy/alexscaves/server/entity/living/DeepOneMageEntity.java,[Receitas vanilla1.21.1](lote-final-2026-10-06/receitas-vanilla.json)
Deep One Mage,Alex’s Caves,Criatura DeepOneBaseEntity; comportamento definido na classe e herança citadas,"Bioma abyssal_chasm (monster); peso 2, grupo 1–1; data/alexscaves/worldgen/biome/abyssal_chasm.json; ",Barter/interação,minecraft:potion,1,"15/299 por seleção; rolls=1; oferta elegível Pearl/Heart of the Sea; comportamento/reputação e integridade do mob importam; [{""function"":""minecraft:set_potion"",""id"":""minecraft:night_vision""}]",Consumível de efeitos; preservar tipo/componentes fornecidos.,Alta no recurso,/images/bestiary/audited/ac/deep-one-mage.png,src/main/java/com/github/alexmodguy/alexscaves/client/model/DeepOneMageModel.java; src/main/java/com/github/alexmodguy/alexscaves/client/render/entity/DeepOneMageRenderer.java; src/main/resources/assets/alexscaves/textures/entity/deep_one/deep_one_mage.png; output-ac/proveniencia.json,https://github.com/Raguto/AlexsCaves-1.21.1/blob/d2a7b05998d85e602d86c4999e53340fb1ee9b06/src/main/resources/data/alexscaves/loot_table/gameplay/deep_one_mage_barter.json; evidence-final-ac/src/main/java/com/github/alexmodguy/alexscaves/server/entity/living/DeepOneMageEntity.java,[Receitas vanilla1.21.1](lote-final-2026-10-06/receitas-vanilla.json)
Deep One Mage,Alex’s Caves,Criatura DeepOneBaseEntity; comportamento definido na classe e herança citadas,"Bioma abyssal_chasm (monster); peso 2, grupo 1–1; data/alexscaves/worldgen/biome/abyssal_chasm.json; ",Barter/interação,alexscaves:glow_ink_bomb,U[2…5],24/299 por seleção; rolls=1; oferta elegível Pearl/Heart of the Sea; comportamento/reputação e integridade do mob importam,Consumível arremessável de combate; variante de tinta luminosa. Sem receita de fabricação encontrada nesta fonte.,Alta no recurso,/images/bestiary/audited/ac/deep-one-mage.png,src/main/java/com/github/alexmodguy/alexscaves/client/model/DeepOneMageModel.java; src/main/java/com/github/alexmodguy/alexscaves/client/render/entity/DeepOneMageRenderer.java; src/main/resources/assets/alexscaves/textures/entity/deep_one/deep_one_mage.png; output-ac/proveniencia.json,https://github.com/Raguto/AlexsCaves-1.21.1/blob/d2a7b05998d85e602d86c4999e53340fb1ee9b06/src/main/resources/data/alexscaves/loot_table/gameplay/deep_one_mage_barter.json; evidence-final-ac/src/main/java/com/github/alexmodguy/alexscaves/server/entity/living/DeepOneMageEntity.java,Não aplicável: uso direto ou nenhuma receita identificada na build
Deep One Mage,Alex’s Caves,Criatura DeepOneBaseEntity; comportamento definido na classe e herança citadas,"Bioma abyssal_chasm (monster); peso 2, grupo 1–1; data/alexscaves/worldgen/biome/abyssal_chasm.json; ",Barter/interação,alexscaves:sea_glass_shards,U[4…8],3/299 por seleção; rolls=1; oferta elegível Pearl/Heart of the Sea; comportamento/reputação e integridade do mob importam,"Material de receita. Receitas confirmadas: [Glass](ac-cards-2026-10-06.md#receita-glass-from-sea-glass-shards), [Depth Glass](ac-cards-2026-10-06.md#receita-depth-glass).",Alta no recurso,/images/bestiary/audited/ac/deep-one-mage.png,src/main/java/com/github/alexmodguy/alexscaves/client/model/DeepOneMageModel.java; src/main/java/com/github/alexmodguy/alexscaves/client/render/entity/DeepOneMageRenderer.java; src/main/resources/assets/alexscaves/textures/entity/deep_one/deep_one_mage.png; output-ac/proveniencia.json,https://github.com/Raguto/AlexsCaves-1.21.1/blob/d2a7b05998d85e602d86c4999e53340fb1ee9b06/src/main/resources/data/alexscaves/loot_table/gameplay/deep_one_mage_barter.json; evidence-final-ac/src/main/java/com/github/alexmodguy/alexscaves/server/entity/living/DeepOneMageEntity.java,/bestiary/receitas/ac.html#receita-depth-glass | [Receita depth_glass](lote-final-2026-10-06/ac-cards-2026-10-06.md#receita-depth-glass) — data/alexscaves/recipe/depth_glass.json; [Receita glass_from_sea_glass_shards](lote-final-2026-10-06/ac-cards-2026-10-06.md#receita-glass-from-sea-glass-shards) — data/alexscaves/recipe/glass_from_sea_glass_shards.json
Mine Guardian,Alex’s Caves,Criatura Monster; comportamento definido na classe e herança citadas,"Spawn override da estrutura abyssal_ruins: {""monster"": {""bounding_box"": ""piece"", ""spawns"": [{""type"": ""alexscaves:mine_guardian"", ""maxCount"": 2, ""minCount"": 1, ""weight"": 20}]}}; data/alexscaves/worldgen/structure/abyssal_ruins.json",Drop de morte,alexscaves:depth_charge,U[0…2] + round(L×U[0…1] em float),"pool1, rolls=1; seleção 1/1",Material de receita. Receitas confirmadas: [Drain](ac-cards-2026-10-06.md#receita-drain).,Alta no recurso; restrições da classe no inventário abaixo,/images/bestiary/audited/ac/mine-guardian.png,src/main/java/com/github/alexmodguy/alexscaves/client/model/MineGuardianModel.java; src/main/java/com/github/alexmodguy/alexscaves/client/render/entity/MineGuardianRenderer.java; src/main/resources/assets/alexscaves/textures/entity/mine_guardian.png; src/main/resources/assets/alexscaves/textures/entity/mine_guardian_eye.png; output-ac/proveniencia.json,https://github.com/Raguto/AlexsCaves-1.21.1/blob/d2a7b05998d85e602d86c4999e53340fb1ee9b06/src/main/resources/data/alexscaves/loot_table/entities/mine_guardian.json; evidence-final-ac/src/main/java/com/github/alexmodguy/alexscaves/server/entity/living/MineGuardianEntity.java,/bestiary/receitas/ac.html#receita-drain | [Receita drain](lote-final-2026-10-06/ac-cards-2026-10-06.md#receita-drain) — data/alexscaves/recipe/drain.json
Gloomoth,Alex’s Caves,Criatura PathfinderMob; comportamento definido na classe e herança citadas,"Bioma forlorn_hollows (ambient); peso 20, grupo 4–4; data/alexscaves/worldgen/biome/forlorn_hollows.json; ",Drop de morte,alexscaves:moth_dust,U[0…2] + round(L×U[0…2] em float),"pool1, rolls=1; seleção 1/1","Consumível que direciona criaturas elegíveis da tag moth_dust_enrages a atacar o alvo atingido; também ingrediente de receitas. Receitas confirmadas: [Totem of Possession](ac-cards-2026-10-06.md#receita-totem-of-possession), [Moth Ball](ac-cards-2026-10-06.md#receita-moth-ball), [Shadow Silk](ac-cards-2026-10-06.md#receita-shadow-silk).",Alta no recurso; restrições da classe no inventário abaixo,/images/bestiary/audited/ac/gloomoth.png,src/main/java/com/github/alexmodguy/alexscaves/client/model/GloomothModel.java; src/main/java/com/github/alexmodguy/alexscaves/client/render/entity/GloomothRenderer.java; src/main/resources/assets/alexscaves/textures/entity/gloomoth.png; src/main/resources/assets/alexscaves/textures/entity/gloomoth_eyespots.png; output-ac/proveniencia.json,https://github.com/Raguto/AlexsCaves-1.21.1/blob/d2a7b05998d85e602d86c4999e53340fb1ee9b06/src/main/resources/data/alexscaves/loot_table/entities/gloomoth.json; evidence-final-ac/src/main/java/com/github/alexmodguy/alexscaves/server/entity/living/GloomothEntity.java,/bestiary/receitas/ac.html#receita-moth-ball | [Receita moth_ball](lote-final-2026-10-06/ac-cards-2026-10-06.md#receita-moth-ball) — data/alexscaves/recipe/moth_ball.json; [Receita shadow_silk](lote-final-2026-10-06/ac-cards-2026-10-06.md#receita-shadow-silk) — data/alexscaves/recipe/shadow_silk.json; [Receita totem_of_possession](lote-final-2026-10-06/ac-cards-2026-10-06.md#receita-totem-of-possession) — data/alexscaves/recipe/totem_of_possession.json
Underzealot,Alex’s Caves,Criatura Monster; comportamento definido na classe e herança citadas,"Bioma forlorn_hollows (monster); peso 100, grupo 1–1; data/alexscaves/worldgen/biome/forlorn_hollows.json; ",Drop de morte,alexscaves:dark_tatters,U[0…2],"pool1, rolls=1; seleção 1/1","Material de receita. Receitas confirmadas: [Burrowing Arrow](ac-cards-2026-10-06.md#receita-burrowing-arrow), [Black Wool](ac-cards-2026-10-06.md#receita-black-wool-from-dark-tatters), [Shadow Silk](ac-cards-2026-10-06.md#receita-shadow-silk).",Alta no recurso; restrições da classe no inventário abaixo,/images/bestiary/audited/ac/underzealot.png,src/main/java/com/github/alexmodguy/alexscaves/client/model/UnderzealotModel.java; src/main/java/com/github/alexmodguy/alexscaves/client/render/entity/UnderzealotRenderer.java; src/main/resources/assets/alexscaves/textures/entity/underzealot.png; output-ac/proveniencia.json,https://github.com/Raguto/AlexsCaves-1.21.1/blob/d2a7b05998d85e602d86c4999e53340fb1ee9b06/src/main/resources/data/alexscaves/loot_table/entities/underzealot.json; evidence-final-ac/src/main/java/com/github/alexmodguy/alexscaves/server/entity/living/UnderzealotEntity.java,/bestiary/receitas/ac.html#receita-black-wool-from-dark-tatters | [Receita black_wool_from_dark_tatters](lote-final-2026-10-06/ac-cards-2026-10-06.md#receita-black-wool-from-dark-tatters) — data/alexscaves/recipe/black_wool_from_dark_tatters.json; [Receita burrowing_arrow](lote-final-2026-10-06/ac-cards-2026-10-06.md#receita-burrowing-arrow) — data/alexscaves/recipe/burrowing_arrow.json; [Receita shadow_silk](lote-final-2026-10-06/ac-cards-2026-10-06.md#receita-shadow-silk) — data/alexscaves/recipe/shadow_silk.json
Underzealot,Alex’s Caves,Criatura Monster; comportamento definido na classe e herança citadas,"Bioma forlorn_hollows (monster); peso 100, grupo 1–1; data/alexscaves/worldgen/biome/forlorn_hollows.json; ",Drop de morte,alexscaves:desolate_dagger,1,"morto por jogador; L0=2.5%; L≥1=2.5% +1%×(L−1); pool2, rolls=1; seleção 1/1",Arma/equipamento. Sem receita de fabricação encontrada nesta fonte.,Alta no recurso; restrições da classe no inventário abaixo,/images/bestiary/audited/ac/underzealot.png,src/main/java/com/github/alexmodguy/alexscaves/client/model/UnderzealotModel.java; src/main/java/com/github/alexmodguy/alexscaves/client/render/entity/UnderzealotRenderer.java; src/main/resources/assets/alexscaves/textures/entity/underzealot.png; output-ac/proveniencia.json,https://github.com/Raguto/AlexsCaves-1.21.1/blob/d2a7b05998d85e602d86c4999e53340fb1ee9b06/src/main/resources/data/alexscaves/loot_table/entities/underzealot.json; evidence-final-ac/src/main/java/com/github/alexmodguy/alexscaves/server/entity/living/UnderzealotEntity.java,Não aplicável: uso direto ou nenhuma receita identificada na build
Watcher,Alex’s Caves,Criatura Monster; comportamento definido na classe e herança citadas,"Gloomoth sacrificado no ritual Underzealot: isBeingSacrificed no servidor e sacrificeTime<0 →convertTo(WATCHER,true); GloomothEntity.tick e ritual Underzealot. Não inferir spawn natural apenas pelo SpawnPlacement.",Drop de morte,alexscaves:occult_gem,U[0…1] + round(L×U[0…1] em float),"pool1, rolls=1; seleção 1/1","Material de receita. Receitas confirmadas: [Totem of Possession](ac-cards-2026-10-06.md#receita-totem-of-possession), [Cloak of Darkness](ac-cards-2026-10-06.md#receita-cloak-of-darkness), [Forsaken Idol](ac-cards-2026-10-06.md#receita-forsaken-idol), [Hood of Darkness](ac-cards-2026-10-06.md#receita-hood-of-darkness), [Beholder](ac-cards-2026-10-06.md#receita-beholder).",Alta no recurso; restrições da classe no inventário abaixo,/images/bestiary/audited/ac/watcher.png,src/main/java/com/github/alexmodguy/alexscaves/client/model/WatcherModel.java; src/main/java/com/github/alexmodguy/alexscaves/client/render/entity/WatcherRenderer.java; src/main/resources/assets/alexscaves/textures/entity/watcher.png; src/main/resources/assets/alexscaves/textures/entity/watcher_moth.png; src/main/resources/assets/alexscaves/textures/entity/watcher_eyespots.png; output-ac/proveniencia.json,https://github.com/Raguto/AlexsCaves-1.21.1/blob/d2a7b05998d85e602d86c4999e53340fb1ee9b06/src/main/resources/data/alexscaves/loot_table/entities/watcher.json; evidence-final-ac/src/main/java/com/github/alexmodguy/alexscaves/server/entity/living/WatcherEntity.java,/bestiary/receitas/ac.html#receita-beholder | [Receita beholder](lote-final-2026-10-06/ac-cards-2026-10-06.md#receita-beholder) — data/alexscaves/recipe/beholder.json; [Receita cloak_of_darkness](lote-final-2026-10-06/ac-cards-2026-10-06.md#receita-cloak-of-darkness) — data/alexscaves/recipe/cloak_of_darkness.json; [Receita forsaken_idol](lote-final-2026-10-06/ac-cards-2026-10-06.md#receita-forsaken-idol) — data/alexscaves/recipe/forsaken_idol.json; [Receita hood_of_darkness](lote-final-2026-10-06/ac-cards-2026-10-06.md#receita-hood-of-darkness) — data/alexscaves/recipe/hood_of_darkness.json; [Receita totem_of_possession](lote-final-2026-10-06/ac-cards-2026-10-06.md#receita-totem-of-possession) — data/alexscaves/recipe/totem_of_possession.json
Watcher,Alex’s Caves,Criatura Monster; comportamento definido na classe e herança citadas,"Gloomoth sacrificado no ritual Underzealot: isBeingSacrificed no servidor e sacrificeTime<0 →convertTo(WATCHER,true); GloomothEntity.tick e ritual Underzealot. Não inferir spawn natural apenas pelo SpawnPlacement.",Drop de morte,alexscaves:dark_tatters,U[0…2] + round(L×U[0…1] em float),"pool2, rolls=1; seleção 1/1","Material de receita. Receitas confirmadas: [Burrowing Arrow](ac-cards-2026-10-06.md#receita-burrowing-arrow), [Black Wool](ac-cards-2026-10-06.md#receita-black-wool-from-dark-tatters), [Shadow Silk](ac-cards-2026-10-06.md#receita-shadow-silk).",Alta no recurso; restrições da classe no inventário abaixo,/images/bestiary/audited/ac/watcher.png,src/main/java/com/github/alexmodguy/alexscaves/client/model/WatcherModel.java; src/main/java/com/github/alexmodguy/alexscaves/client/render/entity/WatcherRenderer.java; src/main/resources/assets/alexscaves/textures/entity/watcher.png; src/main/resources/assets/alexscaves/textures/entity/watcher_moth.png; src/main/resources/assets/alexscaves/textures/entity/watcher_eyespots.png; output-ac/proveniencia.json,https://github.com/Raguto/AlexsCaves-1.21.1/blob/d2a7b05998d85e602d86c4999e53340fb1ee9b06/src/main/resources/data/alexscaves/loot_table/entities/watcher.json; evidence-final-ac/src/main/java/com/github/alexmodguy/alexscaves/server/entity/living/WatcherEntity.java,/bestiary/receitas/ac.html#receita-black-wool-from-dark-tatters | [Receita black_wool_from_dark_tatters](lote-final-2026-10-06/ac-cards-2026-10-06.md#receita-black-wool-from-dark-tatters) — data/alexscaves/recipe/black_wool_from_dark_tatters.json; [Receita burrowing_arrow](lote-final-2026-10-06/ac-cards-2026-10-06.md#receita-burrowing-arrow) — data/alexscaves/recipe/burrowing_arrow.json; [Receita shadow_silk](lote-final-2026-10-06/ac-cards-2026-10-06.md#receita-shadow-silk) — data/alexscaves/recipe/shadow_silk.json
Corrodent,Alex’s Caves,Criatura Monster; comportamento definido na classe e herança citadas,"Bioma forlorn_hollows (monster); peso 90, grupo 3–4; data/alexscaves/worldgen/biome/forlorn_hollows.json; ",Drop de morte,alexscaves:corrodent_teeth,U[0…1] + round(L×U[0…1] em float),"pool1, rolls=1; seleção 1/1",Material de receita. Receitas confirmadas: [Burrowing Arrow](ac-cards-2026-10-06.md#receita-burrowing-arrow).,Alta no recurso; restrições da classe no inventário abaixo,/images/bestiary/audited/ac/corrodent.png,src/main/java/com/github/alexmodguy/alexscaves/client/model/CorrodentModel.java; src/main/java/com/github/alexmodguy/alexscaves/client/render/entity/CorrodentRenderer.java; src/main/resources/assets/alexscaves/textures/entity/corrodent.png; src/main/resources/assets/alexscaves/textures/entity/corrodent_eyes.png; output-ac/proveniencia.json,https://github.com/Raguto/AlexsCaves-1.21.1/blob/d2a7b05998d85e602d86c4999e53340fb1ee9b06/src/main/resources/data/alexscaves/loot_table/entities/corrodent.json; evidence-final-ac/src/main/java/com/github/alexmodguy/alexscaves/server/entity/living/CorrodentEntity.java,/bestiary/receitas/ac.html#receita-burrowing-arrow | [Receita burrowing_arrow](lote-final-2026-10-06/ac-cards-2026-10-06.md#receita-burrowing-arrow) — data/alexscaves/recipe/burrowing_arrow.json
Corrodent,Alex’s Caves,Criatura Monster; comportamento definido na classe e herança citadas,"Bioma forlorn_hollows (monster); peso 90, grupo 3–4; data/alexscaves/worldgen/biome/forlorn_hollows.json; ",Drop de morte,minecraft:coarse_dirt,U[0…2] + round(L×U[0…1] em float),"pool2, rolls=1; seleção 1/1",Bloco de construção/solo.,Alta no recurso; restrições da classe no inventário abaixo,/images/bestiary/audited/ac/corrodent.png,src/main/java/com/github/alexmodguy/alexscaves/client/model/CorrodentModel.java; src/main/java/com/github/alexmodguy/alexscaves/client/render/entity/CorrodentRenderer.java; src/main/resources/assets/alexscaves/textures/entity/corrodent.png; src/main/resources/assets/alexscaves/textures/entity/corrodent_eyes.png; output-ac/proveniencia.json,https://github.com/Raguto/AlexsCaves-1.21.1/blob/d2a7b05998d85e602d86c4999e53340fb1ee9b06/src/main/resources/data/alexscaves/loot_table/entities/corrodent.json; evidence-final-ac/src/main/java/com/github/alexmodguy/alexscaves/server/entity/living/CorrodentEntity.java,[Receitas vanilla1.21.1](lote-final-2026-10-06/receitas-vanilla.json)
Vesper,Alex’s Caves,Criatura Monster; comportamento definido na classe e herança citadas,"Bioma forlorn_hollows (monster); peso 60, grupo 2–3; data/alexscaves/worldgen/biome/forlorn_hollows.json; ",Drop de morte,alexscaves:guano,U[0…2],"pool1, rolls=1; seleção 1/1","Consumível arremessável; material para Guano Block, Moth Ball e Fertilizer. Receitas confirmadas: [Guano Block](ac-cards-2026-10-06.md#receita-guano-block), [Moth Ball](ac-cards-2026-10-06.md#receita-moth-ball), [Fertilizer](ac-cards-2026-10-06.md#receita-fertilizer).",Alta no recurso; restrições da classe no inventário abaixo,/images/bestiary/audited/ac/vesper.png,src/main/java/com/github/alexmodguy/alexscaves/client/model/VesperModel.java; src/main/java/com/github/alexmodguy/alexscaves/client/render/entity/VesperRenderer.java; src/main/resources/assets/alexscaves/textures/entity/vesper.png; output-ac/proveniencia.json,https://github.com/Raguto/AlexsCaves-1.21.1/blob/d2a7b05998d85e602d86c4999e53340fb1ee9b06/src/main/resources/data/alexscaves/loot_table/entities/vesper.json; evidence-final-ac/src/main/java/com/github/alexmodguy/alexscaves/server/entity/living/VesperEntity.java,/bestiary/receitas/ac.html#receita-fertilizer | [Receita fertilizer](lote-final-2026-10-06/ac-cards-2026-10-06.md#receita-fertilizer) — data/alexscaves/recipe/fertilizer.json; [Receita guano_block](lote-final-2026-10-06/ac-cards-2026-10-06.md#receita-guano-block) — data/alexscaves/recipe/guano_block.json; [Receita moth_ball](lote-final-2026-10-06/ac-cards-2026-10-06.md#receita-moth-ball) — data/alexscaves/recipe/moth_ball.json
Vesper,Alex’s Caves,Criatura Monster; comportamento definido na classe e herança citadas,"Bioma forlorn_hollows (monster); peso 60, grupo 2–3; data/alexscaves/worldgen/biome/forlorn_hollows.json; ",Drop de morte,alexscaves:vesper_wing,U[0…1],"pool2, rolls=1; seleção 1/1","Alimento. Receitas confirmadas: [Vesper Stew](ac-cards-2026-10-06.md#receita-vesper-stew), [Dreadbow](ac-cards-2026-10-06.md#receita-dreadbow).",Alta no recurso; restrições da classe no inventário abaixo,/images/bestiary/audited/ac/vesper.png,src/main/java/com/github/alexmodguy/alexscaves/client/model/VesperModel.java; src/main/java/com/github/alexmodguy/alexscaves/client/render/entity/VesperRenderer.java; src/main/resources/assets/alexscaves/textures/entity/vesper.png; output-ac/proveniencia.json,https://github.com/Raguto/AlexsCaves-1.21.1/blob/d2a7b05998d85e602d86c4999e53340fb1ee9b06/src/main/resources/data/alexscaves/loot_table/entities/vesper.json; evidence-final-ac/src/main/java/com/github/alexmodguy/alexscaves/server/entity/living/VesperEntity.java,/bestiary/receitas/ac.html#receita-dreadbow | [Receita dreadbow](lote-final-2026-10-06/ac-cards-2026-10-06.md#receita-dreadbow) — data/alexscaves/recipe/dreadbow.json; [Receita vesper_stew](lote-final-2026-10-06/ac-cards-2026-10-06.md#receita-vesper-stew) — data/alexscaves/recipe/vesper_stew.json
Forsaken,Alex’s Caves,"Criatura Monster; alvos: Player, Mob","Vesper sacrificado no ritual Underzealot: isBeingSacrificed e passageiro, sacrificeTime<0 no servidor →convertTo(FORSAKEN,true); VesperEntity/ritual Underzealot.",Drop de morte,alexscaves:pure_darkness,U[7…12],"pool1, rolls=1; seleção 1/1","Material de receita. Receitas confirmadas: [Darkened Apple](ac-cards-2026-10-06.md#receita-darkened-apple), [Shadow Silk](ac-cards-2026-10-06.md#receita-shadow-silk), [Dreadbow](ac-cards-2026-10-06.md#receita-dreadbow), [Peering Coprolith](ac-cards-2026-10-06.md#receita-peering-coprolith).",Alta no recurso; restrições da classe no inventário abaixo,/images/bestiary/audited/ac/forsaken.png,src/main/java/com/github/alexmodguy/alexscaves/client/model/ForsakenModel.java; src/main/java/com/github/alexmodguy/alexscaves/client/render/entity/ForsakenRenderer.java; src/main/resources/assets/alexscaves/textures/entity/forsaken.png; output-ac/proveniencia.json,https://github.com/Raguto/AlexsCaves-1.21.1/blob/d2a7b05998d85e602d86c4999e53340fb1ee9b06/src/main/resources/data/alexscaves/loot_table/entities/forsaken.json; evidence-final-ac/src/main/java/com/github/alexmodguy/alexscaves/server/entity/living/ForsakenEntity.java,/bestiary/receitas/ac.html#receita-darkened-apple | [Receita darkened_apple](lote-final-2026-10-06/ac-cards-2026-10-06.md#receita-darkened-apple) — data/alexscaves/recipe/darkened_apple.json; [Receita dreadbow](lote-final-2026-10-06/ac-cards-2026-10-06.md#receita-dreadbow) — data/alexscaves/recipe/dreadbow.json; [Receita peering_coprolith](lote-final-2026-10-06/ac-cards-2026-10-06.md#receita-peering-coprolith) — data/alexscaves/recipe/peering_coprolith.json; [Receita shadow_silk](lote-final-2026-10-06/ac-cards-2026-10-06.md#receita-shadow-silk) — data/alexscaves/recipe/shadow_silk.json
Sweetish Fish,Alex’s Caves,Criatura WaterAnimal; comportamento definido na classe e herança citadas,"Bioma candy_cavity (water_ambient); peso 10, grupo 1–3; data/alexscaves/worldgen/biome/candy_cavity.json; ",Drop de morte,alexscaves:sweetish_fish_red,1,"pool1, rolls=1; seleção 1/1; funções [{""function"":""alexscaves:gummy_colors""},{""conditions"":[{""condition"":""minecraft:entity_properties"",""entity"":""this"",""predicate"":{""flags"":{""is_on_fire"":true}}}],""function"":""minecraft:furnace_smelt""}]","Alimento, cor conforme criatura. Receitas confirmadas: [Red Gelatin](ac-cards-2026-10-06.md#receita-gelatin-red-smelting), [Red Gelatin](ac-cards-2026-10-06.md#receita-gelatin-red-smoking), [Red Gelatin](ac-cards-2026-10-06.md#receita-gelatin-red-campfire), [Green Gelatin](ac-cards-2026-10-06.md#receita-gelatin-green-smelting), [Green Gelatin](ac-cards-2026-10-06.md#receita-gelatin-green-smoking), [Green Gelatin](ac-cards-2026-10-06.md#receita-gelatin-green-campfire), [Blue Gelatin](ac-cards-2026-10-06.md#receita-gelatin-blue-smelting), [Blue Gelatin](ac-cards-2026-10-06.md#receita-gelatin-blue-campfire), [Blue Gelatin](ac-cards-2026-10-06.md#receita-gelatin-blue-smoking), [Yellow Gelatin](ac-cards-2026-10-06.md#receita-gelatin-yellow-smoking), [Yellow Gelatin](ac-cards-2026-10-06.md#receita-gelatin-yellow-campfire), [Yellow Gelatin](ac-cards-2026-10-06.md#receita-gelatin-yellow-smelting), [Pink Gelatin](ac-cards-2026-10-06.md#receita-gelatin-pink-smelting), [Pink Gelatin](ac-cards-2026-10-06.md#receita-gelatin-pink-smoking), [Pink Gelatin](ac-cards-2026-10-06.md#receita-gelatin-pink-campfire). Resultado cozido/gelatina é alimento; depende do predicado de fogo, não é segundo pool.",Alta no recurso; restrições da classe no inventário abaixo,/images/bestiary/audited/ac/sweetish-fish.png,src/main/java/com/github/alexmodguy/alexscaves/client/model/SweetishFishModel.java; src/main/java/com/github/alexmodguy/alexscaves/client/render/entity/SweetishFishRenderer.java; src/main/resources/assets/alexscaves/textures/entity/sweetish_fish_red.png; output-ac/proveniencia.json,https://github.com/Raguto/AlexsCaves-1.21.1/blob/d2a7b05998d85e602d86c4999e53340fb1ee9b06/src/main/resources/data/alexscaves/loot_table/entities/sweetish_fish.json; evidence-final-ac/src/main/java/com/github/alexmodguy/alexscaves/server/entity/living/SweetishFishEntity.java,/bestiary/receitas/ac.html#receita-gelatin-red-campfire | [Receita gelatin_red_campfire](lote-final-2026-10-06/ac-cards-2026-10-06.md#receita-gelatin-red-campfire) — data/alexscaves/recipe/furnace/gelatin_red_campfire.json; [Receita gelatin_red_smelting](lote-final-2026-10-06/ac-cards-2026-10-06.md#receita-gelatin-red-smelting) — data/alexscaves/recipe/furnace/gelatin_red_smelting.json; [Receita gelatin_red_smoking](lote-final-2026-10-06/ac-cards-2026-10-06.md#receita-gelatin-red-smoking) — data/alexscaves/recipe/furnace/gelatin_red_smoking.json
Sweetish Fish,Alex’s Caves,Criatura WaterAnimal; comportamento definido na classe e herança citadas,"Bioma candy_cavity (water_ambient); peso 10, grupo 1–3; data/alexscaves/worldgen/biome/candy_cavity.json; ",Barter/interação,alexscaves:sweetish_fish_red_bucket,1 contêiner com criatura,Captura viva com Purple Soda Bucket; variante red/green/blue/yellow/pink conforme cor do mob; não fixar red para todos.,Contêiner da criatura viva para transporte e soltura; não é drop de morte.,Alta no código,/images/bestiary/audited/ac/sweetish-fish.png,src/main/java/com/github/alexmodguy/alexscaves/client/model/SweetishFishModel.java; src/main/java/com/github/alexmodguy/alexscaves/client/render/entity/SweetishFishRenderer.java; src/main/resources/assets/alexscaves/textures/entity/sweetish_fish_red.png; output-ac/proveniencia.json,https://github.com/Raguto/AlexsCaves-1.21.1/blob/d2a7b05998d85e602d86c4999e53340fb1ee9b06/src/main/java/com/github/alexmodguy/alexscaves/server/entity/living/SweetishFishEntity.java; evidence-final-ac/src/main/java/com/github/alexmodguy/alexscaves/server/entity/living/SweetishFishEntity.java,Não aplicável: uso direto ou nenhuma receita identificada na build
Caniac,Alex’s Caves,Criatura Monster; alvos: Player,"Bioma candy_cavity (monster); peso 100, grupo 1–1; data/alexscaves/worldgen/biome/candy_cavity.json; ",Drop de morte,alexscaves:candy_cane,U[0…2] + round(L×U[0…1] em float),"pool1, rolls=1; seleção 1/1","Material de receita. Receitas confirmadas: [Peppermint Powder](ac-cards-2026-10-06.md#receita-peppermint-powder-from-candy-cane), [Sundae](ac-cards-2026-10-06.md#receita-sundae), [Confection Oven](ac-cards-2026-10-06.md#receita-confection-oven), [Candy Cane Pole](ac-cards-2026-10-06.md#receita-candy-cane-pole), [Biome Treat](ac-cards-2026-10-06.md#receita-biome-treat), [Candy Cane Block](ac-cards-2026-10-06.md#receita-candy-cane-block), [Frostmint Spear](ac-cards-2026-10-06.md#receita-frostmint-spear).",Alta no recurso; restrições da classe no inventário abaixo,/images/bestiary/audited/ac/caniac.png,src/main/java/com/github/alexmodguy/alexscaves/client/model/CaniacModel.java; src/main/java/com/github/alexmodguy/alexscaves/client/render/entity/CaniacRenderer.java; src/main/resources/assets/alexscaves/textures/entity/caniac.png; output-ac/proveniencia.json,https://github.com/Raguto/AlexsCaves-1.21.1/blob/d2a7b05998d85e602d86c4999e53340fb1ee9b06/src/main/resources/data/alexscaves/loot_table/entities/caniac.json; evidence-final-ac/src/main/java/com/github/alexmodguy/alexscaves/server/entity/living/CaniacEntity.java,/bestiary/receitas/ac.html#receita-biome-treat | [Receita biome_treat](lote-final-2026-10-06/ac-cards-2026-10-06.md#receita-biome-treat) — data/alexscaves/recipe/biome_treat.json; [Receita candy_cane_block](lote-final-2026-10-06/ac-cards-2026-10-06.md#receita-candy-cane-block) — data/alexscaves/recipe/candy_cane_block.json; [Receita candy_cane_pole](lote-final-2026-10-06/ac-cards-2026-10-06.md#receita-candy-cane-pole) — data/alexscaves/recipe/candy_cane_pole.json; [Receita confection_oven](lote-final-2026-10-06/ac-cards-2026-10-06.md#receita-confection-oven) — data/alexscaves/recipe/confection_oven.json; [Receita frostmint_spear](lote-final-2026-10-06/ac-cards-2026-10-06.md#receita-frostmint-spear) — data/alexscaves/recipe/frostmint_spear.json; [Receita peppermint_powder_from_candy_cane](lote-final-2026-10-06/ac-cards-2026-10-06.md#receita-peppermint-powder-from-candy-cane) — data/alexscaves/recipe/peppermint_powder_from_candy_cane.json; [Receita sundae](lote-final-2026-10-06/ac-cards-2026-10-06.md#receita-sundae) — data/alexscaves/recipe/sundae.json
Caniac,Alex’s Caves,Criatura Monster; alvos: Player,"Bioma candy_cavity (monster); peso 100, grupo 1–1; data/alexscaves/worldgen/biome/candy_cavity.json; ",Drop de morte,alexscaves:sharpened_candy_cane,U[0…1] + round(L×U[0…1] em float),"pool2, rolls=1; seleção 1/1","Alimento e ferramenta/arma Sharp Candy Cane; também ingrediente de receitas. Receitas confirmadas: [Peppermint Powder](ac-cards-2026-10-06.md#receita-peppermint-powder-from-sharpened-candy-cane), [Candy Cane Hook](ac-cards-2026-10-06.md#receita-candy-cane-hook), [Gobthumper](ac-cards-2026-10-06.md#receita-gobthumper).",Alta no recurso; restrições da classe no inventário abaixo,/images/bestiary/audited/ac/caniac.png,src/main/java/com/github/alexmodguy/alexscaves/client/model/CaniacModel.java; src/main/java/com/github/alexmodguy/alexscaves/client/render/entity/CaniacRenderer.java; src/main/resources/assets/alexscaves/textures/entity/caniac.png; output-ac/proveniencia.json,https://github.com/Raguto/AlexsCaves-1.21.1/blob/d2a7b05998d85e602d86c4999e53340fb1ee9b06/src/main/resources/data/alexscaves/loot_table/entities/caniac.json; evidence-final-ac/src/main/java/com/github/alexmodguy/alexscaves/server/entity/living/CaniacEntity.java,/bestiary/receitas/ac.html#receita-candy-cane-hook | [Receita candy_cane_hook](lote-final-2026-10-06/ac-cards-2026-10-06.md#receita-candy-cane-hook) — data/alexscaves/recipe/candy_cane_hook.json; [Receita gobthumper](lote-final-2026-10-06/ac-cards-2026-10-06.md#receita-gobthumper) — data/alexscaves/recipe/gobthumper.json; [Receita peppermint_powder_from_sharpened_candy_cane](lote-final-2026-10-06/ac-cards-2026-10-06.md#receita-peppermint-powder-from-sharpened-candy-cane) — data/alexscaves/recipe/peppermint_powder_from_sharpened_candy_cane.json
Gumbeeper,Alex’s Caves,"Criatura Monster; alvos: Player, Husk","Bioma candy_cavity (monster); peso 100, grupo 1–2; data/alexscaves/worldgen/biome/candy_cavity.json; ",Drop de morte,alexscaves:gumball_pile,U[0…2] + round(L×U[0…1] em float),"pool1, rolls=1; seleção 1/1","Alimento. Receitas confirmadas: [Gobthumper](ac-cards-2026-10-06.md#receita-gobthumper), [Shot Gum](ac-cards-2026-10-06.md#receita-shot-gum).",Alta no recurso; restrições da classe no inventário abaixo,/images/bestiary/audited/ac/gumbeeper.png,src/main/java/com/github/alexmodguy/alexscaves/client/model/GumbeeperModel.java; src/main/java/com/github/alexmodguy/alexscaves/client/render/entity/GumbeeperRenderer.java; src/main/resources/assets/alexscaves/textures/entity/gumbeeper.png; src/main/resources/assets/alexscaves/textures/entity/gumbeeper_glass.png; output-ac/proveniencia.json,https://github.com/Raguto/AlexsCaves-1.21.1/blob/d2a7b05998d85e602d86c4999e53340fb1ee9b06/src/main/resources/data/alexscaves/loot_table/entities/gumbeeper.json; evidence-final-ac/src/main/java/com/github/alexmodguy/alexscaves/server/entity/living/GumbeeperEntity.java,/bestiary/receitas/ac.html#receita-gobthumper | [Receita gobthumper](lote-final-2026-10-06/ac-cards-2026-10-06.md#receita-gobthumper) — data/alexscaves/recipe/gobthumper.json; [Receita shot_gum](lote-final-2026-10-06/ac-cards-2026-10-06.md#receita-shot-gum) — data/alexscaves/recipe/shot_gum.json
Gumbeeper,Alex’s Caves,"Criatura Monster; alvos: Player, Husk","Bioma candy_cavity (monster); peso 100, grupo 1–2; data/alexscaves/worldgen/biome/candy_cavity.json; ",Drop de morte,minecraft:gunpowder,U[0…1] + round(L×U[0…1] em float),"pool2, rolls=1; seleção 1/1","Material de TNT, fogos e poções arremessáveis.",Alta no recurso; restrições da classe no inventário abaixo,/images/bestiary/audited/ac/gumbeeper.png,src/main/java/com/github/alexmodguy/alexscaves/client/model/GumbeeperModel.java; src/main/java/com/github/alexmodguy/alexscaves/client/render/entity/GumbeeperRenderer.java; src/main/resources/assets/alexscaves/textures/entity/gumbeeper.png; src/main/resources/assets/alexscaves/textures/entity/gumbeeper_glass.png; output-ac/proveniencia.json,https://github.com/Raguto/AlexsCaves-1.21.1/blob/d2a7b05998d85e602d86c4999e53340fb1ee9b06/src/main/resources/data/alexscaves/loot_table/entities/gumbeeper.json; evidence-final-ac/src/main/java/com/github/alexmodguy/alexscaves/server/entity/living/GumbeeperEntity.java,[Receitas vanilla1.21.1](lote-final-2026-10-06/receitas-vanilla.json)
Gumbeeper,Alex’s Caves,"Criatura Monster; alvos: Player, Husk","Bioma candy_cavity (monster); peso 100, grupo 1–2; data/alexscaves/worldgen/biome/candy_cavity.json; ",Drop de morte especial,alexscaves:disc_fragment_tasty,1,damageSource.getEntity() é Caniac.,Colecionável/material:9 fragmentos em grade3×3 → Music Disc Tasty. Receitas confirmadas: [Music Disc](ac-cards-2026-10-06.md#receita-music-disc-tasty).,Alta no código,/images/bestiary/audited/ac/gumbeeper.png,src/main/java/com/github/alexmodguy/alexscaves/client/model/GumbeeperModel.java; src/main/java/com/github/alexmodguy/alexscaves/client/render/entity/GumbeeperRenderer.java; src/main/resources/assets/alexscaves/textures/entity/gumbeeper.png; src/main/resources/assets/alexscaves/textures/entity/gumbeeper_glass.png; output-ac/proveniencia.json,https://github.com/Raguto/AlexsCaves-1.21.1/blob/d2a7b05998d85e602d86c4999e53340fb1ee9b06/src/main/java/com/github/alexmodguy/alexscaves/server/entity/living/GumbeeperEntity.java; evidence-final-ac/src/main/java/com/github/alexmodguy/alexscaves/server/entity/living/GumbeeperEntity.java,/bestiary/receitas/ac.html#receita-music-disc-tasty | [Receita music_disc_tasty](lote-final-2026-10-06/ac-cards-2026-10-06.md#receita-music-disc-tasty) — data/alexscaves/recipe/music_disc_tasty.json
Candicorn,Alex’s Caves,Criatura TamableAnimal; comportamento definido na classe e herança citadas,"Bioma candy_cavity (creature); peso 100, grupo 4–6; data/alexscaves/worldgen/biome/candy_cavity.json; ",Drop de morte,alexscaves:sweet_puff,U[0…1] + round(L×U[0…1] em float),"pool1, rolls=1; seleção 1/1",Material de receita. Receitas confirmadas: [Block of Frosting](ac-cards-2026-10-06.md#receita-block-of-frosting).,Alta no recurso; restrições da classe no inventário abaixo,/images/bestiary/audited/ac/candicorn.png,src/main/java/com/github/alexmodguy/alexscaves/client/model/CandicornModel.java; src/main/java/com/github/alexmodguy/alexscaves/client/render/entity/CandicornRenderer.java; src/main/resources/assets/alexscaves/textures/entity/candicorn_0.png; output-ac/proveniencia.json,https://github.com/Raguto/AlexsCaves-1.21.1/blob/d2a7b05998d85e602d86c4999e53340fb1ee9b06/src/main/resources/data/alexscaves/loot_table/entities/candicorn.json; evidence-final-ac/src/main/java/com/github/alexmodguy/alexscaves/server/entity/living/CandicornEntity.java,/bestiary/receitas/ac.html#receita-block-of-frosting | [Receita block_of_frosting](lote-final-2026-10-06/ac-cards-2026-10-06.md#receita-block-of-frosting) — data/alexscaves/recipe/block_of_frosting.json
Candicorn,Alex’s Caves,Criatura TamableAnimal; comportamento definido na classe e herança citadas,"Bioma candy_cavity (creature); peso 100, grupo 4–6; data/alexscaves/worldgen/biome/candy_cavity.json; ",Drop/interação: restituição,minecraft:saddle,1,Restituição se estava selado; também removível na interação.,Equipamento de montaria; sem receita vanilla1.21.1.,Alta no código,/images/bestiary/audited/ac/candicorn.png,src/main/java/com/github/alexmodguy/alexscaves/client/model/CandicornModel.java; src/main/java/com/github/alexmodguy/alexscaves/client/render/entity/CandicornRenderer.java; src/main/resources/assets/alexscaves/textures/entity/candicorn_0.png; output-ac/proveniencia.json,https://github.com/Raguto/AlexsCaves-1.21.1/blob/d2a7b05998d85e602d86c4999e53340fb1ee9b06/src/main/java/com/github/alexmodguy/alexscaves/server/entity/living/CandicornEntity.java; evidence-final-ac/src/main/java/com/github/alexmodguy/alexscaves/server/entity/living/CandicornEntity.java,[Receitas vanilla1.21.1](lote-final-2026-10-06/receitas-vanilla.json)
Gum Worm,Alex’s Caves,Criatura Monster; comportamento definido na classe e herança citadas,"Bioma candy_cavity (monster); peso 80, grupo 1–1; data/alexscaves/worldgen/biome/candy_cavity.json; ",Drop de morte,alexscaves:sweet_tooth,U[2…4],"pool1, rolls=1; seleção 1/1",Material de receita. Receitas confirmadas: [Sack of Sating](ac-cards-2026-10-06.md#receita-sack-of-sating).,Alta no recurso; restrições da classe no inventário abaixo,/images/bestiary/audited/ac/gum-worm.png,src/main/java/com/github/alexmodguy/alexscaves/client/model/GumWormModel.java; src/main/java/com/github/alexmodguy/alexscaves/client/render/entity/GumWormRenderer.java; src/main/resources/assets/alexscaves/textures/entity/gum_worm.png; src/main/java/com/github/alexmodguy/alexscaves/client/model/GumWormSegmentModel.java; src/main/java/com/github/alexmodguy/alexscaves/client/render/entity/GumWormSegmentRenderer.java; src/main/resources/assets/alexscaves/textures/entity/gum_worm_segment_0.png; src/main/resources/assets/alexscaves/textures/entity/gum_worm_segment_1.png; src/main/resources/assets/alexscaves/textures/entity/gum_worm_segment_2.png; src/main/resources/assets/alexscaves/textures/entity/gum_worm_connection.png; src/main/java/com/github/alexmodguy/alexscaves/server/entity/living/GumWormEntity.java; src/main/java/com/github/alexmodguy/alexscaves/server/entity/living/GumWormSegmentEntity.java; output-ac/proveniencia.json,https://github.com/Raguto/AlexsCaves-1.21.1/blob/d2a7b05998d85e602d86c4999e53340fb1ee9b06/src/main/resources/data/alexscaves/loot_table/entities/gum_worm.json; evidence-final-ac/src/main/java/com/github/alexmodguy/alexscaves/server/entity/living/GumWormEntity.java,/bestiary/receitas/ac.html#receita-sack-of-sating | [Receita sack_of_sating](lote-final-2026-10-06/ac-cards-2026-10-06.md#receita-sack-of-sating) — data/alexscaves/recipe/sack_of_sating.json
Caramel Cube,Alex’s Caves,"Criatura Monster; alvos: Player, Husk","Bioma candy_cavity (monster); peso 40, grupo 2–3; data/alexscaves/worldgen/biome/candy_cavity.json; ",Drop de morte,alexscaves:caramel,U[0…2] + round(L×U[0…1] em float),"pool1, rolls=1; seleção 1/1; gate de classe: slimeSize==0; as formas maiores dividem antes, sem somar loot de cada tamanho","Alimento. Receitas confirmadas: [Sundrop](ac-cards-2026-10-06.md#receita-sundrop), [Sundae](ac-cards-2026-10-06.md#receita-sundae), [Caramel Apple](ac-cards-2026-10-06.md#receita-caramel-apple).",Alta no recurso; restrições da classe no inventário abaixo,/images/bestiary/audited/ac/caramel-cube.png,src/main/java/com/github/alexmodguy/alexscaves/client/model/CaramelCubeModel.java; src/main/java/com/github/alexmodguy/alexscaves/client/render/entity/CaramelCubeRenderer.java; src/main/resources/assets/alexscaves/textures/entity/caramel_cube/caramel_cube_small.png; src/main/resources/assets/alexscaves/textures/entity/caramel_cube/caramel_cube_small_outside.png; output-ac/proveniencia.json,https://github.com/Raguto/AlexsCaves-1.21.1/blob/d2a7b05998d85e602d86c4999e53340fb1ee9b06/src/main/resources/data/alexscaves/loot_table/entities/caramel_cube.json; evidence-final-ac/src/main/java/com/github/alexmodguy/alexscaves/server/entity/living/CaramelCubeEntity.java,/bestiary/receitas/ac.html#receita-caramel-apple | [Receita caramel_apple](lote-final-2026-10-06/ac-cards-2026-10-06.md#receita-caramel-apple) — data/alexscaves/recipe/caramel_apple.json; [Receita sundae](lote-final-2026-10-06/ac-cards-2026-10-06.md#receita-sundae) — data/alexscaves/recipe/sundae.json; [Receita sundrop](lote-final-2026-10-06/ac-cards-2026-10-06.md#receita-sundrop) — data/alexscaves/recipe/sundrop.json
Gummy Bear,Alex’s Caves,"Criatura Animal; alvos: SweetishFishEntity, Husk","Bioma candy_cavity (creature); peso 100, grupo 1–3; data/alexscaves/worldgen/biome/candy_cavity.json; ",Drop de morte,alexscaves:gelatin_red,U[0…3] + round(L×U[0…1] em float),"pool1, rolls=1; seleção 1/1; funções [{""function"":""alexscaves:gummy_colors""}]","Alimento, cor conforme criatura. Receitas confirmadas: [Sundrop](ac-cards-2026-10-06.md#receita-sundrop), [Sack of Sating](ac-cards-2026-10-06.md#receita-sack-of-sating), [Red Gummy Ring](ac-cards-2026-10-06.md#receita-gummy-ring-red), [Gobthumper](ac-cards-2026-10-06.md#receita-gobthumper), [Rainbounce Boots](ac-cards-2026-10-06.md#receita-rainbounce-boots), [Green Gummy Ring](ac-cards-2026-10-06.md#receita-gummy-ring-green), [Blue Gummy Ring](ac-cards-2026-10-06.md#receita-gummy-ring-blue), [Yellow Gummy Ring](ac-cards-2026-10-06.md#receita-gummy-ring-yellow), [Pink Gummy Ring](ac-cards-2026-10-06.md#receita-gummy-ring-pink).",Alta no recurso; restrições da classe no inventário abaixo,/images/bestiary/audited/ac/gummy-bear.png,src/main/java/com/github/alexmodguy/alexscaves/client/model/GummyBearModel.java; src/main/java/com/github/alexmodguy/alexscaves/client/render/entity/GummyBearRenderer.java; src/main/resources/assets/alexscaves/textures/entity/gummy_bear_innards.png; src/main/resources/assets/alexscaves/textures/entity/gummy_bear_red.png; output-ac/proveniencia.json,https://github.com/Raguto/AlexsCaves-1.21.1/blob/d2a7b05998d85e602d86c4999e53340fb1ee9b06/src/main/resources/data/alexscaves/loot_table/entities/gummy_bear.json; evidence-final-ac/src/main/java/com/github/alexmodguy/alexscaves/server/entity/living/GummyBearEntity.java,/bestiary/receitas/ac.html#receita-gobthumper | [Receita gobthumper](lote-final-2026-10-06/ac-cards-2026-10-06.md#receita-gobthumper) — data/alexscaves/recipe/gobthumper.json; [Receita gummy_ring_red](lote-final-2026-10-06/ac-cards-2026-10-06.md#receita-gummy-ring-red) — data/alexscaves/recipe/gummy_ring_red.json; [Receita rainbounce_boots](lote-final-2026-10-06/ac-cards-2026-10-06.md#receita-rainbounce-boots) — data/alexscaves/recipe/rainbounce_boots.json; [Receita sack_of_sating](lote-final-2026-10-06/ac-cards-2026-10-06.md#receita-sack-of-sating) — data/alexscaves/recipe/sack_of_sating.json; [Receita sundrop](lote-final-2026-10-06/ac-cards-2026-10-06.md#receita-sundrop) — data/alexscaves/recipe/sundrop.json
Gummy Bear,Alex’s Caves,"Criatura Animal; alvos: SweetishFishEntity, Husk","Bioma candy_cavity (creature); peso 100, grupo 1–3; data/alexscaves/worldgen/biome/candy_cavity.json; ",Drop de morte,alexscaves:sweetish_fish_red,U[0…1] + round(L×U[0…1] em float),"pool2, rolls=1; seleção 1/1; funções [{""function"":""alexscaves:gummy_colors""}]","Alimento, cor conforme criatura. Receitas confirmadas: [Red Gelatin](ac-cards-2026-10-06.md#receita-gelatin-red-smelting), [Red Gelatin](ac-cards-2026-10-06.md#receita-gelatin-red-smoking), [Red Gelatin](ac-cards-2026-10-06.md#receita-gelatin-red-campfire), [Green Gelatin](ac-cards-2026-10-06.md#receita-gelatin-green-smelting), [Green Gelatin](ac-cards-2026-10-06.md#receita-gelatin-green-smoking), [Green Gelatin](ac-cards-2026-10-06.md#receita-gelatin-green-campfire), [Blue Gelatin](ac-cards-2026-10-06.md#receita-gelatin-blue-smelting), [Blue Gelatin](ac-cards-2026-10-06.md#receita-gelatin-blue-campfire), [Blue Gelatin](ac-cards-2026-10-06.md#receita-gelatin-blue-smoking), [Yellow Gelatin](ac-cards-2026-10-06.md#receita-gelatin-yellow-smoking), [Yellow Gelatin](ac-cards-2026-10-06.md#receita-gelatin-yellow-campfire), [Yellow Gelatin](ac-cards-2026-10-06.md#receita-gelatin-yellow-smelting), [Pink Gelatin](ac-cards-2026-10-06.md#receita-gelatin-pink-smelting), [Pink Gelatin](ac-cards-2026-10-06.md#receita-gelatin-pink-smoking), [Pink Gelatin](ac-cards-2026-10-06.md#receita-gelatin-pink-campfire).",Alta no recurso; restrições da classe no inventário abaixo,/images/bestiary/audited/ac/gummy-bear.png,src/main/java/com/github/alexmodguy/alexscaves/client/model/GummyBearModel.java; src/main/java/com/github/alexmodguy/alexscaves/client/render/entity/GummyBearRenderer.java; src/main/resources/assets/alexscaves/textures/entity/gummy_bear_innards.png; src/main/resources/assets/alexscaves/textures/entity/gummy_bear_red.png; output-ac/proveniencia.json,https://github.com/Raguto/AlexsCaves-1.21.1/blob/d2a7b05998d85e602d86c4999e53340fb1ee9b06/src/main/resources/data/alexscaves/loot_table/entities/gummy_bear.json; evidence-final-ac/src/main/java/com/github/alexmodguy/alexscaves/server/entity/living/GummyBearEntity.java,/bestiary/receitas/ac.html#receita-gelatin-red-campfire | [Receita gelatin_red_campfire](lote-final-2026-10-06/ac-cards-2026-10-06.md#receita-gelatin-red-campfire) — data/alexscaves/recipe/furnace/gelatin_red_campfire.json; [Receita gelatin_red_smelting](lote-final-2026-10-06/ac-cards-2026-10-06.md#receita-gelatin-red-smelting) — data/alexscaves/recipe/furnace/gelatin_red_smelting.json; [Receita gelatin_red_smoking](lote-final-2026-10-06/ac-cards-2026-10-06.md#receita-gelatin-red-smoking) — data/alexscaves/recipe/furnace/gelatin_red_smoking.json
Gummy Bear,Alex’s Caves,"Criatura Animal; alvos: SweetishFishEntity, Husk","Bioma candy_cavity (creature); peso 100, grupo 1–3; data/alexscaves/worldgen/biome/candy_cavity.json; ",Barter/interação,alexscaves:jelly_bean,3–4,Digestão após receber poção não instantânea com efeitos; cada bean carrega efeito. Não confundir com loot de morte.,"Alimento com efeitos de poção, produzido pelo Gummy Bear; não generalizar todos os efeitos/tipos de poção.",Alta no código,/images/bestiary/audited/ac/gummy-bear.png,src/main/java/com/github/alexmodguy/alexscaves/client/model/GummyBearModel.java; src/main/java/com/github/alexmodguy/alexscaves/client/render/entity/GummyBearRenderer.java; src/main/resources/assets/alexscaves/textures/entity/gummy_bear_innards.png; src/main/resources/assets/alexscaves/textures/entity/gummy_bear_red.png; output-ac/proveniencia.json,https://github.com/Raguto/AlexsCaves-1.21.1/blob/d2a7b05998d85e602d86c4999e53340fb1ee9b06/src/main/java/com/github/alexmodguy/alexscaves/server/entity/living/GummyBearEntity.java; evidence-final-ac/src/main/java/com/github/alexmodguy/alexscaves/server/entity/living/GummyBearEntity.java,Não aplicável: uso direto ou nenhuma receita identificada na build
Licowitch,Alex’s Caves,"Criatura Monster; alvos: Player, Husk","Spawn override da estrutura licowitch_tower: {""monster"": {""bounding_box"": ""piece"", ""spawns"": [{""type"": ""alexscaves:licowitch"", ""maxCount"": 1, ""minCount"": 1, ""weight"": 70}, {""type"": ""minecraft:witch"", ""maxCount"": 1, ""minCount"": 1, ""weight"": 30}]}}; data/alexscaves/worldgen/structure/licowitch_tower.json",Drop de morte,alexscaves:radiant_essence,U[0…1],"pool1, rolls=1; seleção 1/1","Material de receita. Receitas confirmadas: [Sundrop](ac-cards-2026-10-06.md#receita-sundrop), [Confection Oven](ac-cards-2026-10-06.md#receita-confection-oven), [Conversion Crucible](ac-cards-2026-10-06.md#receita-conversion-crucible), [Biome Treat](ac-cards-2026-10-06.md#receita-biome-treat).",Alta no recurso; restrições da classe no inventário abaixo,/images/bestiary/audited/ac/licowitch.png,src/main/java/com/github/alexmodguy/alexscaves/client/model/LicowitchModel.java; src/main/java/com/github/alexmodguy/alexscaves/client/render/entity/LicowitchRenderer.java; src/main/resources/assets/alexscaves/textures/entity/licowitch.png; output-ac/proveniencia.json,https://github.com/Raguto/AlexsCaves-1.21.1/blob/d2a7b05998d85e602d86c4999e53340fb1ee9b06/src/main/resources/data/alexscaves/loot_table/entities/licowitch.json; evidence-final-ac/src/main/java/com/github/alexmodguy/alexscaves/server/entity/living/LicowitchEntity.java,/bestiary/receitas/ac.html#receita-biome-treat | [Receita biome_treat](lote-final-2026-10-06/ac-cards-2026-10-06.md#receita-biome-treat) — data/alexscaves/recipe/biome_treat.json; [Receita confection_oven](lote-final-2026-10-06/ac-cards-2026-10-06.md#receita-confection-oven) — data/alexscaves/recipe/confection_oven.json; [Receita conversion_crucible](lote-final-2026-10-06/ac-cards-2026-10-06.md#receita-conversion-crucible) — data/alexscaves/recipe/conversion_crucible.json; [Receita sundrop](lote-final-2026-10-06/ac-cards-2026-10-06.md#receita-sundrop) — data/alexscaves/recipe/sundrop.json
Licowitch,Alex’s Caves,"Criatura Monster; alvos: Player, Husk","Spawn override da estrutura licowitch_tower: {""monster"": {""bounding_box"": ""piece"", ""spawns"": [{""type"": ""alexscaves:licowitch"", ""maxCount"": 1, ""minCount"": 1, ""weight"": 70}, {""type"": ""minecraft:witch"", ""maxCount"": 1, ""minCount"": 1, ""weight"": 30}]}}; data/alexscaves/worldgen/structure/licowitch_tower.json",Drop de morte,alexscaves:sugar_staff,1,"morto por jogador; L0=2.5%; L≥1=2.5% +1%×(L−1); pool2, rolls=1; seleção 1/1",Equipamento mágico que cria Sugar Staff Hex ou Spinning Peppermints; sem receita de fabricação encontrada nesta fonte.,Alta no recurso; restrições da classe no inventário abaixo,/images/bestiary/audited/ac/licowitch.png,src/main/java/com/github/alexmodguy/alexscaves/client/model/LicowitchModel.java; src/main/java/com/github/alexmodguy/alexscaves/client/render/entity/LicowitchRenderer.java; src/main/resources/assets/alexscaves/textures/entity/licowitch.png; output-ac/proveniencia.json,https://github.com/Raguto/AlexsCaves-1.21.1/blob/d2a7b05998d85e602d86c4999e53340fb1ee9b06/src/main/resources/data/alexscaves/loot_table/entities/licowitch.json; evidence-final-ac/src/main/java/com/github/alexmodguy/alexscaves/server/entity/living/LicowitchEntity.java,Não aplicável: uso direto ou nenhuma receita identificada na build
Licowitch,Alex’s Caves,"Criatura Monster; alvos: Player, Husk","Spawn override da estrutura licowitch_tower: {""monster"": {""bounding_box"": ""piece"", ""spawns"": [{""type"": ""alexscaves:licowitch"", ""maxCount"": 1, ""minCount"": 1, ""weight"": 70}, {""type"": ""minecraft:witch"", ""maxCount"": 1, ""minCount"": 1, ""weight"": 30}]}}; data/alexscaves/worldgen/structure/licowitch_tower.json",Drop de morte,alexscaves:vanilla_ice_cream_scoop,U[0…1] + round(L×U[0…1] em float),"pool3, rolls=1; seleção 1/3","Consumível arremessável; ingrediente de Vanilla Ice Cream e Sundae. O scoop não é o bloco/alimento de sorvete pronto. Receitas confirmadas: [Vanilla Ice Cream](ac-cards-2026-10-06.md#receita-vanilla-ice-cream), [Sundae](ac-cards-2026-10-06.md#receita-sundae).",Alta no recurso; restrições da classe no inventário abaixo,/images/bestiary/audited/ac/licowitch.png,src/main/java/com/github/alexmodguy/alexscaves/client/model/LicowitchModel.java; src/main/java/com/github/alexmodguy/alexscaves/client/render/entity/LicowitchRenderer.java; src/main/resources/assets/alexscaves/textures/entity/licowitch.png; output-ac/proveniencia.json,https://github.com/Raguto/AlexsCaves-1.21.1/blob/d2a7b05998d85e602d86c4999e53340fb1ee9b06/src/main/resources/data/alexscaves/loot_table/entities/licowitch.json; evidence-final-ac/src/main/java/com/github/alexmodguy/alexscaves/server/entity/living/LicowitchEntity.java,/bestiary/receitas/ac.html#receita-sundae | [Receita sundae](lote-final-2026-10-06/ac-cards-2026-10-06.md#receita-sundae) — data/alexscaves/recipe/sundae.json; [Receita vanilla_ice_cream](lote-final-2026-10-06/ac-cards-2026-10-06.md#receita-vanilla-ice-cream) — data/alexscaves/recipe/vanilla_ice_cream.json
Licowitch,Alex’s Caves,"Criatura Monster; alvos: Player, Husk","Spawn override da estrutura licowitch_tower: {""monster"": {""bounding_box"": ""piece"", ""spawns"": [{""type"": ""alexscaves:licowitch"", ""maxCount"": 1, ""minCount"": 1, ""weight"": 70}, {""type"": ""minecraft:witch"", ""maxCount"": 1, ""minCount"": 1, ""weight"": 30}]}}; data/alexscaves/worldgen/structure/licowitch_tower.json",Drop de morte,alexscaves:chocolate_ice_cream_scoop,U[0…1] + round(L×U[0…1] em float),"pool3, rolls=1; seleção 1/3","Consumível arremessável; ingrediente de Chocolate Ice Cream e Sundae. Receitas confirmadas: [Chocolate Ice Cream](ac-cards-2026-10-06.md#receita-chocolate-ice-cream), [Sundae](ac-cards-2026-10-06.md#receita-sundae).",Alta no recurso; restrições da classe no inventário abaixo,/images/bestiary/audited/ac/licowitch.png,src/main/java/com/github/alexmodguy/alexscaves/client/model/LicowitchModel.java; src/main/java/com/github/alexmodguy/alexscaves/client/render/entity/LicowitchRenderer.java; src/main/resources/assets/alexscaves/textures/entity/licowitch.png; output-ac/proveniencia.json,https://github.com/Raguto/AlexsCaves-1.21.1/blob/d2a7b05998d85e602d86c4999e53340fb1ee9b06/src/main/resources/data/alexscaves/loot_table/entities/licowitch.json; evidence-final-ac/src/main/java/com/github/alexmodguy/alexscaves/server/entity/living/LicowitchEntity.java,/bestiary/receitas/ac.html#receita-chocolate-ice-cream | [Receita chocolate_ice_cream](lote-final-2026-10-06/ac-cards-2026-10-06.md#receita-chocolate-ice-cream) — data/alexscaves/recipe/chocolate_ice_cream.json; [Receita sundae](lote-final-2026-10-06/ac-cards-2026-10-06.md#receita-sundae) — data/alexscaves/recipe/sundae.json
Licowitch,Alex’s Caves,"Criatura Monster; alvos: Player, Husk","Spawn override da estrutura licowitch_tower: {""monster"": {""bounding_box"": ""piece"", ""spawns"": [{""type"": ""alexscaves:licowitch"", ""maxCount"": 1, ""minCount"": 1, ""weight"": 70}, {""type"": ""minecraft:witch"", ""maxCount"": 1, ""minCount"": 1, ""weight"": 30}]}}; data/alexscaves/worldgen/structure/licowitch_tower.json",Drop de morte,alexscaves:sweetberry_ice_cream_scoop,U[0…1] + round(L×U[0…1] em float),"pool3, rolls=1; seleção 1/3","Consumível arremessável; ingrediente de Sweetberry Ice Cream e Sundae. Receitas confirmadas: [Sweet Berry Ice Cream](ac-cards-2026-10-06.md#receita-sweetberry-ice-cream), [Sundae](ac-cards-2026-10-06.md#receita-sundae).",Alta no recurso; restrições da classe no inventário abaixo,/images/bestiary/audited/ac/licowitch.png,src/main/java/com/github/alexmodguy/alexscaves/client/model/LicowitchModel.java; src/main/java/com/github/alexmodguy/alexscaves/client/render/entity/LicowitchRenderer.java; src/main/resources/assets/alexscaves/textures/entity/licowitch.png; output-ac/proveniencia.json,https://github.com/Raguto/AlexsCaves-1.21.1/blob/d2a7b05998d85e602d86c4999e53340fb1ee9b06/src/main/resources/data/alexscaves/loot_table/entities/licowitch.json; evidence-final-ac/src/main/java/com/github/alexmodguy/alexscaves/server/entity/living/LicowitchEntity.java,/bestiary/receitas/ac.html#receita-sundae | [Receita sundae](lote-final-2026-10-06/ac-cards-2026-10-06.md#receita-sundae) — data/alexscaves/recipe/sundae.json; [Receita sweetberry_ice_cream](lote-final-2026-10-06/ac-cards-2026-10-06.md#receita-sweetberry-ice-cream) — data/alexscaves/recipe/sweetberry_ice_cream.json
Gingerbread Man,Alex’s Caves,Criatura Monster; alvos: Husk,"Spawn override da estrutura gingerbread_town: {""monster"": {""bounding_box"": ""piece"", ""spawns"": [{""type"": ""alexscaves:gingerbread_man"", ""maxCount"": 4, ""minCount"": 4, ""weight"": 100}]}}; data/alexscaves/worldgen/structure/gingerbread_town.json",Drop de morte,alexscaves:gingerbread_crumbs,U[0…1] + round(L×U[0…1] em float),"pool1, rolls=1; seleção 1/1; gate de classe: !OvenSpawned; Gingerbread temporário de Confection Oven não recebe o pool nativo","Alimento. Receitas confirmadas: [Gingerbarrel](ac-cards-2026-10-06.md#receita-gingerbarrel), [Gingerbread Block](ac-cards-2026-10-06.md#receita-gingerbread-block), [Alex Meal](ac-cards-2026-10-06.md#receita-alex-meal), [Confection Oven](ac-cards-2026-10-06.md#receita-confection-oven).",Alta no recurso; restrições da classe no inventário abaixo,/images/bestiary/audited/ac/gingerbread-man.png,src/main/java/com/github/alexmodguy/alexscaves/client/model/GingerbreadManModel.java; src/main/java/com/github/alexmodguy/alexscaves/client/render/entity/GingerbreadManRenderer.java; src/main/resources/assets/alexscaves/textures/entity/gingerbread_man/gingerbread_man_0.png; output-ac/proveniencia.json,https://github.com/Raguto/AlexsCaves-1.21.1/blob/d2a7b05998d85e602d86c4999e53340fb1ee9b06/src/main/resources/data/alexscaves/loot_table/entities/gingerbread_man.json; evidence-final-ac/src/main/java/com/github/alexmodguy/alexscaves/server/entity/living/GingerbreadManEntity.java,/bestiary/receitas/ac.html#receita-alex-meal | [Receita alex_meal](lote-final-2026-10-06/ac-cards-2026-10-06.md#receita-alex-meal) — data/alexscaves/recipe/alex_meal.json; [Receita confection_oven](lote-final-2026-10-06/ac-cards-2026-10-06.md#receita-confection-oven) — data/alexscaves/recipe/confection_oven.json; [Receita gingerbarrel](lote-final-2026-10-06/ac-cards-2026-10-06.md#receita-gingerbarrel) — data/alexscaves/recipe/gingerbarrel.json; [Receita gingerbread_block](lote-final-2026-10-06/ac-cards-2026-10-06.md#receita-gingerbread-block) — data/alexscaves/recipe/gingerbread_block.json
Gingerbread Man,Alex’s Caves,Criatura Monster; alvos: Husk,"Spawn override da estrutura gingerbread_town: {""monster"": {""bounding_box"": ""piece"", ""spawns"": [{""type"": ""alexscaves:gingerbread_man"", ""maxCount"": 4, ""minCount"": 4, ""weight"": 100}]}}; data/alexscaves/worldgen/structure/gingerbread_town.json",Interação/evento de dano,alexscaves:gingerbread_crumbs,1 por evento elegível,Perda de membro enquanto vivo: 50%; não ovenSpawned e demais regras de loot.; gate de classe: !OvenSpawned; Gingerbread temporário de Confection Oven não recebe o pool nativo,"Alimento. Receitas confirmadas: [Gingerbarrel](ac-cards-2026-10-06.md#receita-gingerbarrel), [Gingerbread Block](ac-cards-2026-10-06.md#receita-gingerbread-block), [Alex Meal](ac-cards-2026-10-06.md#receita-alex-meal), [Confection Oven](ac-cards-2026-10-06.md#receita-confection-oven).",Alta no código,/images/bestiary/audited/ac/gingerbread-man.png,src/main/java/com/github/alexmodguy/alexscaves/client/model/GingerbreadManModel.java; src/main/java/com/github/alexmodguy/alexscaves/client/render/entity/GingerbreadManRenderer.java; src/main/resources/assets/alexscaves/textures/entity/gingerbread_man/gingerbread_man_0.png; output-ac/proveniencia.json,https://github.com/Raguto/AlexsCaves-1.21.1/blob/d2a7b05998d85e602d86c4999e53340fb1ee9b06/src/main/java/com/github/alexmodguy/alexscaves/server/entity/living/GingerbreadManEntity.java; evidence-final-ac/src/main/java/com/github/alexmodguy/alexscaves/server/entity/living/GingerbreadManEntity.java,/bestiary/receitas/ac.html#receita-alex-meal | [Receita alex_meal](lote-final-2026-10-06/ac-cards-2026-10-06.md#receita-alex-meal) — data/alexscaves/recipe/alex_meal.json; [Receita confection_oven](lote-final-2026-10-06/ac-cards-2026-10-06.md#receita-confection-oven) — data/alexscaves/recipe/confection_oven.json; [Receita gingerbarrel](lote-final-2026-10-06/ac-cards-2026-10-06.md#receita-gingerbarrel) — data/alexscaves/recipe/gingerbarrel.json; [Receita gingerbread_block](lote-final-2026-10-06/ac-cards-2026-10-06.md#receita-gingerbread-block) — data/alexscaves/recipe/gingerbread_block.json
Gingerbread Man,Alex’s Caves,Criatura Monster; alvos: Husk,"Spawn override da estrutura gingerbread_town: {""monster"": {""bounding_box"": ""piece"", ""spawns"": [{""type"": ""alexscaves:gingerbread_man"", ""maxCount"": 4, ""minCount"": 4, ""weight"": 100}]}}; data/alexscaves/worldgen/structure/gingerbread_town.json",Processamento no Gingerbarrel por mob vivo,alexscaves:gingerbread_boots,"1peça sorteada por processamento; tentativa de inserir no barril, sobra na offhand do mob","25% para cada uma das4peças, condicionado à produção: mob não ovenSpawned, sem alvo vivo, com item elegível em offhand e acesso a Gingerbarrel com espaço. Após depósito, exige≥9TIPOS DIFERENTES da tag gingerbread_man_steals. Código consome1de CADA SLOT elegível do barril (pode consumir mais de9itens); não9cópias de um só item. Não exige morte.; gate de classe: !OvenSpawned; Gingerbread temporário de Confection Oven não recebe o pool nativo","Armadura. Compêndio promete bônus de velocidade crescente com desgaste, mas a classe do port devolve defaultAttributes no getter e não chama getOrCreateDurabilityAttributes; não confirmar escala dinâmica. defaultAttributes define0,1 ADD_MULTIPLIED_BASE, mas integração da assinatura antiga com API1.21 ainda não validada.",Alta na produção pelo goal; função dinâmica de velocidade não confirmada,/images/bestiary/audited/ac/gingerbread-man.png,src/main/java/com/github/alexmodguy/alexscaves/client/model/GingerbreadManModel.java; src/main/java/com/github/alexmodguy/alexscaves/client/render/entity/GingerbreadManRenderer.java; src/main/resources/assets/alexscaves/textures/entity/gingerbread_man/gingerbread_man_0.png; output-ac/proveniencia.json,https://github.com/Raguto/AlexsCaves-1.21.1/blob/d2a7b05998d85e602d86c4999e53340fb1ee9b06/src/main/java/com/github/alexmodguy/alexscaves/server/entity/ai/GingerbreadManStoreStolenItemsGoal.java; evidence-final-ac/src/main/java/com/github/alexmodguy/alexscaves/server/entity/living/GingerbreadManEntity.java,/bestiary/receitas/ac.html#receita-polarity | [Receita polarity](lote-final-2026-10-06/ac-cards-2026-10-06.md#receita-polarity) — data/alexscaves/recipe/armortrim/polarity.json
Gingerbread Man,Alex’s Caves,Criatura Monster; alvos: Husk,"Spawn override da estrutura gingerbread_town: {""monster"": {""bounding_box"": ""piece"", ""spawns"": [{""type"": ""alexscaves:gingerbread_man"", ""maxCount"": 4, ""minCount"": 4, ""weight"": 100}]}}; data/alexscaves/worldgen/structure/gingerbread_town.json",Processamento no Gingerbarrel por mob vivo,alexscaves:gingerbread_leggings,"1peça sorteada por processamento; tentativa de inserir no barril, sobra na offhand do mob","25% para cada uma das4peças, condicionado à produção: mob não ovenSpawned, sem alvo vivo, com item elegível em offhand e acesso a Gingerbarrel com espaço. Após depósito, exige≥9TIPOS DIFERENTES da tag gingerbread_man_steals. Código consome1de CADA SLOT elegível do barril (pode consumir mais de9itens); não9cópias de um só item. Não exige morte.; gate de classe: !OvenSpawned; Gingerbread temporário de Confection Oven não recebe o pool nativo","Armadura. Compêndio promete bônus de velocidade crescente com desgaste, mas a classe do port devolve defaultAttributes no getter e não chama getOrCreateDurabilityAttributes; não confirmar escala dinâmica. defaultAttributes define0,1 ADD_MULTIPLIED_BASE, mas integração da assinatura antiga com API1.21 ainda não validada.",Alta na produção pelo goal; função dinâmica de velocidade não confirmada,/images/bestiary/audited/ac/gingerbread-man.png,src/main/java/com/github/alexmodguy/alexscaves/client/model/GingerbreadManModel.java; src/main/java/com/github/alexmodguy/alexscaves/client/render/entity/GingerbreadManRenderer.java; src/main/resources/assets/alexscaves/textures/entity/gingerbread_man/gingerbread_man_0.png; output-ac/proveniencia.json,https://github.com/Raguto/AlexsCaves-1.21.1/blob/d2a7b05998d85e602d86c4999e53340fb1ee9b06/src/main/java/com/github/alexmodguy/alexscaves/server/entity/ai/GingerbreadManStoreStolenItemsGoal.java; evidence-final-ac/src/main/java/com/github/alexmodguy/alexscaves/server/entity/living/GingerbreadManEntity.java,/bestiary/receitas/ac.html#receita-polarity | [Receita polarity](lote-final-2026-10-06/ac-cards-2026-10-06.md#receita-polarity) — data/alexscaves/recipe/armortrim/polarity.json
Gingerbread Man,Alex’s Caves,Criatura Monster; alvos: Husk,"Spawn override da estrutura gingerbread_town: {""monster"": {""bounding_box"": ""piece"", ""spawns"": [{""type"": ""alexscaves:gingerbread_man"", ""maxCount"": 4, ""minCount"": 4, ""weight"": 100}]}}; data/alexscaves/worldgen/structure/gingerbread_town.json",Processamento no Gingerbarrel por mob vivo,alexscaves:gingerbread_chestplate,"1peça sorteada por processamento; tentativa de inserir no barril, sobra na offhand do mob","25% para cada uma das4peças, condicionado à produção: mob não ovenSpawned, sem alvo vivo, com item elegível em offhand e acesso a Gingerbarrel com espaço. Após depósito, exige≥9TIPOS DIFERENTES da tag gingerbread_man_steals. Código consome1de CADA SLOT elegível do barril (pode consumir mais de9itens); não9cópias de um só item. Não exige morte.; gate de classe: !OvenSpawned; Gingerbread temporário de Confection Oven não recebe o pool nativo","Armadura. Compêndio promete bônus de velocidade crescente com desgaste, mas a classe do port devolve defaultAttributes no getter e não chama getOrCreateDurabilityAttributes; não confirmar escala dinâmica. defaultAttributes define0,1 ADD_MULTIPLIED_BASE, mas integração da assinatura antiga com API1.21 ainda não validada.",Alta na produção pelo goal; função dinâmica de velocidade não confirmada,/images/bestiary/audited/ac/gingerbread-man.png,src/main/java/com/github/alexmodguy/alexscaves/client/model/GingerbreadManModel.java; src/main/java/com/github/alexmodguy/alexscaves/client/render/entity/GingerbreadManRenderer.java; src/main/resources/assets/alexscaves/textures/entity/gingerbread_man/gingerbread_man_0.png; output-ac/proveniencia.json,https://github.com/Raguto/AlexsCaves-1.21.1/blob/d2a7b05998d85e602d86c4999e53340fb1ee9b06/src/main/java/com/github/alexmodguy/alexscaves/server/entity/ai/GingerbreadManStoreStolenItemsGoal.java; evidence-final-ac/src/main/java/com/github/alexmodguy/alexscaves/server/entity/living/GingerbreadManEntity.java,/bestiary/receitas/ac.html#receita-polarity | [Receita polarity](lote-final-2026-10-06/ac-cards-2026-10-06.md#receita-polarity) — data/alexscaves/recipe/armortrim/polarity.json
Gingerbread Man,Alex’s Caves,Criatura Monster; alvos: Husk,"Spawn override da estrutura gingerbread_town: {""monster"": {""bounding_box"": ""piece"", ""spawns"": [{""type"": ""alexscaves:gingerbread_man"", ""maxCount"": 4, ""minCount"": 4, ""weight"": 100}]}}; data/alexscaves/worldgen/structure/gingerbread_town.json",Processamento no Gingerbarrel por mob vivo,alexscaves:gingerbread_helmet,"1peça sorteada por processamento; tentativa de inserir no barril, sobra na offhand do mob","25% para cada uma das4peças, condicionado à produção: mob não ovenSpawned, sem alvo vivo, com item elegível em offhand e acesso a Gingerbarrel com espaço. Após depósito, exige≥9TIPOS DIFERENTES da tag gingerbread_man_steals. Código consome1de CADA SLOT elegível do barril (pode consumir mais de9itens); não9cópias de um só item. Não exige morte.; gate de classe: !OvenSpawned; Gingerbread temporário de Confection Oven não recebe o pool nativo","Armadura. Compêndio promete bônus de velocidade crescente com desgaste, mas a classe do port devolve defaultAttributes no getter e não chama getOrCreateDurabilityAttributes; não confirmar escala dinâmica. defaultAttributes define0,1 ADD_MULTIPLIED_BASE, mas integração da assinatura antiga com API1.21 ainda não validada.",Alta na produção pelo goal; função dinâmica de velocidade não confirmada,/images/bestiary/audited/ac/gingerbread-man.png,src/main/java/com/github/alexmodguy/alexscaves/client/model/GingerbreadManModel.java; src/main/java/com/github/alexmodguy/alexscaves/client/render/entity/GingerbreadManRenderer.java; src/main/resources/assets/alexscaves/textures/entity/gingerbread_man/gingerbread_man_0.png; output-ac/proveniencia.json,https://github.com/Raguto/AlexsCaves-1.21.1/blob/d2a7b05998d85e602d86c4999e53340fb1ee9b06/src/main/java/com/github/alexmodguy/alexscaves/server/entity/ai/GingerbreadManStoreStolenItemsGoal.java; evidence-final-ac/src/main/java/com/github/alexmodguy/alexscaves/server/entity/living/GingerbreadManEntity.java,/bestiary/receitas/ac.html#receita-polarity | [Receita polarity](lote-final-2026-10-06/ac-cards-2026-10-06.md#receita-polarity) — data/alexscaves/recipe/armortrim/polarity.json
