Mob,Mod,Categoria/comportamento,Onde encontrar,Mecanismo,Drop/Recompensa,Quantidade,Chance/condição,Para que serve,Confiança,Imagem,Fonte da imagem,Fontes pesquisadas,Crafting
Zephyr,The Aether,Criatura FlyingMob; alvos: Player,"Bioma skyroot_forest (aether:aether_sky_monster); peso 20, grupo 1–1; data/aether/worldgen/biome/skyroot_forest.json; Bioma skyroot_woodland (aether:aether_sky_monster); peso 20, grupo 1–1; data/aether/worldgen/biome/skyroot_woodland.json; Bioma skyroot_meadow (aether:aether_sky_monster); peso 20, grupo 1–1; data/aether/worldgen/biome/skyroot_meadow.json; Bioma skyroot_grove (aether:aether_sky_monster); peso 20, grupo 1–1; data/aether/worldgen/biome/skyroot_grove.json; ",Loot de morte,aether:cold_aercloud,0–2,Loot condicionado ao caminho de morte; herança/interações/variantes fora deste pool separadas; pool1: 1 sorteio(s); reposição se múltiplos rolls; peso bruto 1/1; normaliza apenas entradas elegíveis; set_count; Saque minecraft:looting: bônus Math.round(nível × sorteio 0–1); limite sem limite explícito,"Ingrediente nas receitas auditadas: {'count': 1, 'id': 'aether:blue_aercloud'}, {'count': 1, 'id': 'aether:golden_aercloud'}, {'count': 1, 'id': 'aether:cold_parachute'}",Alta nos arquivos versionados; configurações/datapacks externos não confirmados,/images/bestiary/audited/aether/zephyr.png,src/main/java/com/aetherteam/aether/client/renderer/entity/model/ZephyrModel.java; src/main/java/com/aetherteam/aether/client/renderer/entity/ZephyrRenderer.java; src/main/resources/assets/aether/textures/entity/mobs/zephyr/zephyr.png; src/main/resources/assets/aether/textures/entity/mobs/zephyr/zephyr_layer.png; src/main/java/com/aetherteam/aether/client/renderer/entity/layers/ZephyrTransparencyLayer.java; src/main/java/com/aetherteam/aether/client/renderer/AetherRenderers.java; src/main/java/com/aetherteam/aether/client/renderer/AetherModelLayers.java; output-aether/proveniencia.json,evidence-final-aether/aether-1.21.1-1.5.10-neoforge.jar::data/aether/loot_table/entities/zephyr.json; evidence-final-aether/src/main/java/com/aetherteam/aether/entity/monster/Zephyr.java,/bestiary/receitas/aether.html#receita-blue-aercloud-freezing | [Receita blue_aercloud_freezing](lote-final-2026-10-06/aether-cards-2026-10-06.md#receita-blue-aercloud-freezing) — data/aether/recipe/blue_aercloud_freezing.json; [Receita golden_aercloud_enchanting](lote-final-2026-10-06/aether-cards-2026-10-06.md#receita-golden-aercloud-enchanting) — data/aether/recipe/golden_aercloud_enchanting.json; [Receita cold_parachute](lote-final-2026-10-06/aether-cards-2026-10-06.md#receita-cold-parachute) — data/aether/recipe/cold_parachute.json
Phyg,The Aether,Criatura WingedAnimal; comportamento definido na classe e herança citadas,"Bioma skyroot_forest (creature); peso 10, grupo 3–4; data/aether/worldgen/biome/skyroot_forest.json; Bioma skyroot_woodland (creature); peso 10, grupo 3–4; data/aether/worldgen/biome/skyroot_woodland.json; Bioma skyroot_meadow (creature); peso 10, grupo 3–4; data/aether/worldgen/biome/skyroot_meadow.json; Bioma skyroot_grove (creature); peso 10, grupo 3–4; data/aether/worldgen/biome/skyroot_grove.json; ",Loot de morte,minecraft:porkchop,1–3,"Loot condicionado ao caminho de morte; herança/interações/variantes fora deste pool separadas; pool1: 1 sorteio(s); reposição se múltiplos rolls; peso bruto 1/1; normaliza apenas entradas elegíveis; set_count; aplica receita de fundição ao item; função somente se (this satisfaz {""flags"": {""is_on_fire"": true}}) OU (direct_attacker satisfaz {""equipment"": {""mainhand"": {""predicates"": {""minecraft:enchantments"": [{""enchantments"": ""#minecraft:smelts_loot""}]}}}}); Saque minecraft:looting: bônus Math.round(nível × sorteio 0–1); limite sem limite explícito","Ingrediente nas receitas vanilla1.21.1: {'id': 'minecraft:cooked_porkchop'}, {'id': 'minecraft:cooked_porkchop'}, {'id': 'minecraft:cooked_porkchop'}",Alta nos arquivos versionados; configurações/datapacks externos não confirmados,/images/bestiary/audited/aether/phyg.png,src/main/java/com/aetherteam/aether/client/renderer/entity/model/QuadrupedWingsModel.java; src/main/java/com/aetherteam/aether/client/renderer/entity/PhygRenderer.java; src/main/resources/assets/aether/textures/entity/mobs/phyg/phyg.png; src/main/resources/assets/aether/textures/entity/mobs/phyg/phyg_wings.png; src/main/java/com/aetherteam/aether/client/renderer/entity/layers/QuadrupedWingsLayer.java; src/main/java/com/aetherteam/aether/client/renderer/AetherRenderers.java; src/main/java/com/aetherteam/aether/client/renderer/AetherModelLayers.java; output-aether/proveniencia.json,evidence-final-aether/aether-1.21.1-1.5.10-neoforge.jar::data/aether/loot_table/entities/phyg.json; evidence-final-aether/src/main/java/com/aetherteam/aether/entity/passive/Phyg.java,[Receitas vanilla1.21.1](lote-final-2026-10-06/receitas-vanilla.json)
Phyg,The Aether,Criatura WingedAnimal; comportamento definido na classe e herança citadas,"Bioma skyroot_forest (creature); peso 10, grupo 3–4; data/aether/worldgen/biome/skyroot_forest.json; Bioma skyroot_woodland (creature); peso 10, grupo 3–4; data/aether/worldgen/biome/skyroot_woodland.json; Bioma skyroot_meadow (creature); peso 10, grupo 3–4; data/aether/worldgen/biome/skyroot_meadow.json; Bioma skyroot_grove (creature); peso 10, grupo 3–4; data/aether/worldgen/biome/skyroot_grove.json; ",Loot de morte,minecraft:feather,0–1,Loot condicionado ao caminho de morte; herança/interações/variantes fora deste pool separadas; pool2: 1 sorteio(s); reposição se múltiplos rolls; peso bruto 1/1; normaliza apenas entradas elegíveis; set_count; Saque minecraft:looting: bônus Math.round(nível × sorteio 0–1); limite sem limite explícito,Flechas; livro e pena,Alta nos arquivos versionados; configurações/datapacks externos não confirmados,/images/bestiary/audited/aether/phyg.png,src/main/java/com/aetherteam/aether/client/renderer/entity/model/QuadrupedWingsModel.java; src/main/java/com/aetherteam/aether/client/renderer/entity/PhygRenderer.java; src/main/resources/assets/aether/textures/entity/mobs/phyg/phyg.png; src/main/resources/assets/aether/textures/entity/mobs/phyg/phyg_wings.png; src/main/java/com/aetherteam/aether/client/renderer/entity/layers/QuadrupedWingsLayer.java; src/main/java/com/aetherteam/aether/client/renderer/AetherRenderers.java; src/main/java/com/aetherteam/aether/client/renderer/AetherModelLayers.java; output-aether/proveniencia.json,evidence-final-aether/aether-1.21.1-1.5.10-neoforge.jar::data/aether/loot_table/entities/phyg.json; evidence-final-aether/src/main/java/com/aetherteam/aether/entity/passive/Phyg.java,[Receitas vanilla1.21.1](lote-final-2026-10-06/receitas-vanilla.json)
Phyg,The Aether,Criatura WingedAnimal; comportamento definido na classe e herança citadas,"Bioma skyroot_forest (creature); peso 10, grupo 3–4; data/aether/worldgen/biome/skyroot_forest.json; Bioma skyroot_woodland (creature); peso 10, grupo 3–4; data/aether/worldgen/biome/skyroot_woodland.json; Bioma skyroot_meadow (creature); peso 10, grupo 3–4; data/aether/worldgen/biome/skyroot_meadow.json; Bioma skyroot_grove (creature); peso 10, grupo 3–4; data/aether/worldgen/biome/skyroot_grove.json; ",Interação/mecânica fora do pool,minecraft:saddle,1,MountableAnimal.dropEquipment: se saddled,Recuperar sela equipada; não sela criada do nada,Alta nos arquivos versionados; configurações/datapacks externos não confirmados,/images/bestiary/audited/aether/phyg.png,src/main/java/com/aetherteam/aether/client/renderer/entity/model/QuadrupedWingsModel.java; src/main/java/com/aetherteam/aether/client/renderer/entity/PhygRenderer.java; src/main/resources/assets/aether/textures/entity/mobs/phyg/phyg.png; src/main/resources/assets/aether/textures/entity/mobs/phyg/phyg_wings.png; src/main/java/com/aetherteam/aether/client/renderer/entity/layers/QuadrupedWingsLayer.java; src/main/java/com/aetherteam/aether/client/renderer/AetherRenderers.java; src/main/java/com/aetherteam/aether/client/renderer/AetherModelLayers.java; output-aether/proveniencia.json,/workspace/scratch/25006bff7ab5/evidence-final-aether/src/main/java/com/aetherteam/aether/entity/passive/Phyg.java; MountableAnimal.java; SkyrootBucketItem.java; evidence-final-aether/src/main/java/com/aetherteam/aether/entity/passive/Phyg.java,[Receitas vanilla1.21.1](lote-final-2026-10-06/receitas-vanilla.json)
Flying Cow,The Aether,Criatura WingedAnimal; comportamento definido na classe e herança citadas,"Bioma skyroot_forest (creature); peso 12, grupo 2–5; data/aether/worldgen/biome/skyroot_forest.json; Bioma skyroot_woodland (creature); peso 12, grupo 2–5; data/aether/worldgen/biome/skyroot_woodland.json; Bioma skyroot_meadow (creature); peso 12, grupo 2–5; data/aether/worldgen/biome/skyroot_meadow.json; Bioma skyroot_grove (creature); peso 12, grupo 2–5; data/aether/worldgen/biome/skyroot_grove.json; ",Loot de morte,minecraft:leather,0–2,Loot condicionado ao caminho de morte; herança/interações/variantes fora deste pool separadas; pool1: 1 sorteio(s); reposição se múltiplos rolls; peso bruto 1/1; normaliza apenas entradas elegíveis; set_count; Saque minecraft:looting: bônus Math.round(nível × sorteio 0–1); limite sem limite explícito,"Ingrediente nas receitas auditadas: {'count': 1, 'id': 'minecraft:saddle'}",Alta nos arquivos versionados; configurações/datapacks externos não confirmados,/images/bestiary/audited/aether/flying-cow.png,src/main/java/com/aetherteam/aether/client/renderer/entity/model/QuadrupedWingsModel.java; src/main/java/com/aetherteam/aether/client/renderer/entity/FlyingCowRenderer.java; src/main/resources/assets/aether/textures/entity/mobs/flying_cow/flying_cow.png; src/main/resources/assets/aether/textures/entity/mobs/flying_cow/flying_cow_wings.png; src/main/java/com/aetherteam/aether/client/renderer/entity/layers/QuadrupedWingsLayer.java; src/main/java/com/aetherteam/aether/client/renderer/AetherRenderers.java; src/main/java/com/aetherteam/aether/client/renderer/AetherModelLayers.java; output-aether/proveniencia.json,evidence-final-aether/aether-1.21.1-1.5.10-neoforge.jar::data/aether/loot_table/entities/flying_cow.json; evidence-final-aether/src/main/java/com/aetherteam/aether/entity/passive/FlyingCow.java,/bestiary/receitas/aether.html#receita-aether-saddle | [Receita aether_saddle](lote-final-2026-10-06/aether-cards-2026-10-06.md#receita-aether-saddle) — data/aether/recipe/aether_saddle.json
Flying Cow,The Aether,Criatura WingedAnimal; comportamento definido na classe e herança citadas,"Bioma skyroot_forest (creature); peso 12, grupo 2–5; data/aether/worldgen/biome/skyroot_forest.json; Bioma skyroot_woodland (creature); peso 12, grupo 2–5; data/aether/worldgen/biome/skyroot_woodland.json; Bioma skyroot_meadow (creature); peso 12, grupo 2–5; data/aether/worldgen/biome/skyroot_meadow.json; Bioma skyroot_grove (creature); peso 12, grupo 2–5; data/aether/worldgen/biome/skyroot_grove.json; ",Loot de morte,minecraft:beef,1–3,"Loot condicionado ao caminho de morte; herança/interações/variantes fora deste pool separadas; pool2: 1 sorteio(s); reposição se múltiplos rolls; peso bruto 1/1; normaliza apenas entradas elegíveis; set_count; aplica receita de fundição ao item; função somente se (this satisfaz {""flags"": {""is_on_fire"": true}}) OU (direct_attacker satisfaz {""equipment"": {""mainhand"": {""predicates"": {""minecraft:enchantments"": [{""enchantments"": ""#minecraft:smelts_loot""}]}}}}); Saque minecraft:looting: bônus Math.round(nível × sorteio 0–1); limite sem limite explícito","Ingrediente nas receitas vanilla1.21.1: {'id': 'minecraft:cooked_beef'}, {'id': 'minecraft:cooked_beef'}, {'id': 'minecraft:cooked_beef'}",Alta nos arquivos versionados; configurações/datapacks externos não confirmados,/images/bestiary/audited/aether/flying-cow.png,src/main/java/com/aetherteam/aether/client/renderer/entity/model/QuadrupedWingsModel.java; src/main/java/com/aetherteam/aether/client/renderer/entity/FlyingCowRenderer.java; src/main/resources/assets/aether/textures/entity/mobs/flying_cow/flying_cow.png; src/main/resources/assets/aether/textures/entity/mobs/flying_cow/flying_cow_wings.png; src/main/java/com/aetherteam/aether/client/renderer/entity/layers/QuadrupedWingsLayer.java; src/main/java/com/aetherteam/aether/client/renderer/AetherRenderers.java; src/main/java/com/aetherteam/aether/client/renderer/AetherModelLayers.java; output-aether/proveniencia.json,evidence-final-aether/aether-1.21.1-1.5.10-neoforge.jar::data/aether/loot_table/entities/flying_cow.json; evidence-final-aether/src/main/java/com/aetherteam/aether/entity/passive/FlyingCow.java,[Receitas vanilla1.21.1](lote-final-2026-10-06/receitas-vanilla.json)
Flying Cow,The Aether,Criatura WingedAnimal; comportamento definido na classe e herança citadas,"Bioma skyroot_forest (creature); peso 12, grupo 2–5; data/aether/worldgen/biome/skyroot_forest.json; Bioma skyroot_woodland (creature); peso 12, grupo 2–5; data/aether/worldgen/biome/skyroot_woodland.json; Bioma skyroot_meadow (creature); peso 12, grupo 2–5; data/aether/worldgen/biome/skyroot_meadow.json; Bioma skyroot_grove (creature); peso 12, grupo 2–5; data/aether/worldgen/biome/skyroot_grove.json; ",Interação/mecânica fora do pool,minecraft:milk_bucket,1,"Bucket vanilla, adulto; FlyingCow.mobInteract replica Cow",Beber remove efeitos; ingrediente de Cake,Alta nos arquivos versionados; configurações/datapacks externos não confirmados,/images/bestiary/audited/aether/flying-cow.png,src/main/java/com/aetherteam/aether/client/renderer/entity/model/QuadrupedWingsModel.java; src/main/java/com/aetherteam/aether/client/renderer/entity/FlyingCowRenderer.java; src/main/resources/assets/aether/textures/entity/mobs/flying_cow/flying_cow.png; src/main/resources/assets/aether/textures/entity/mobs/flying_cow/flying_cow_wings.png; src/main/java/com/aetherteam/aether/client/renderer/entity/layers/QuadrupedWingsLayer.java; src/main/java/com/aetherteam/aether/client/renderer/AetherRenderers.java; src/main/java/com/aetherteam/aether/client/renderer/AetherModelLayers.java; output-aether/proveniencia.json,/workspace/scratch/25006bff7ab5/evidence-final-aether/src/main/java/com/aetherteam/aether/entity/passive/FlyingCow.java; MountableAnimal.java; SkyrootBucketItem.java; evidence-final-aether/src/main/java/com/aetherteam/aether/entity/passive/FlyingCow.java,/bestiary/receitas/aether.html#receita-moa-egg-cake | [Receita moa_egg_cake](lote-final-2026-10-06/aether-cards-2026-10-06.md#receita-moa-egg-cake) — data/aether/recipe/moa_egg_cake.json
Flying Cow,The Aether,Criatura WingedAnimal; comportamento definido na classe e herança citadas,"Bioma skyroot_forest (creature); peso 12, grupo 2–5; data/aether/worldgen/biome/skyroot_forest.json; Bioma skyroot_woodland (creature); peso 12, grupo 2–5; data/aether/worldgen/biome/skyroot_woodland.json; Bioma skyroot_meadow (creature); peso 12, grupo 2–5; data/aether/worldgen/biome/skyroot_meadow.json; Bioma skyroot_grove (creature); peso 12, grupo 2–5; data/aether/worldgen/biome/skyroot_grove.json; ",Interação/mecânica fora do pool,aether:skyroot_milk_bucket,1,Skyroot Bucket e Flying Cow adulto; SkyrootBucketItem trata milking,Leite em contêiner Skyroot; efeitos e uso por classe de balde,Alta nos arquivos versionados; configurações/datapacks externos não confirmados,/images/bestiary/audited/aether/flying-cow.png,src/main/java/com/aetherteam/aether/client/renderer/entity/model/QuadrupedWingsModel.java; src/main/java/com/aetherteam/aether/client/renderer/entity/FlyingCowRenderer.java; src/main/resources/assets/aether/textures/entity/mobs/flying_cow/flying_cow.png; src/main/resources/assets/aether/textures/entity/mobs/flying_cow/flying_cow_wings.png; src/main/java/com/aetherteam/aether/client/renderer/entity/layers/QuadrupedWingsLayer.java; src/main/java/com/aetherteam/aether/client/renderer/AetherRenderers.java; src/main/java/com/aetherteam/aether/client/renderer/AetherModelLayers.java; output-aether/proveniencia.json,/workspace/scratch/25006bff7ab5/evidence-final-aether/src/main/java/com/aetherteam/aether/entity/passive/FlyingCow.java; MountableAnimal.java; SkyrootBucketItem.java; evidence-final-aether/src/main/java/com/aetherteam/aether/entity/passive/FlyingCow.java; evidence-final-aether/src/main/java/com/aetherteam/aether/item/AetherItems.java; registros-usos-itens.json#aether:skyroot_milk_bucket,/bestiary/receitas/aether.html#receita-skyroot-milk-bucket-cake | [Receita skyroot_milk_bucket_cake](lote-final-2026-10-06/aether-cards-2026-10-06.md#receita-skyroot-milk-bucket-cake) — data/aether/recipe/skyroot_milk_bucket_cake.json; [Receita skyroot_milk_bucket_moa_egg_cake](lote-final-2026-10-06/aether-cards-2026-10-06.md#receita-skyroot-milk-bucket-moa-egg-cake) — data/aether/recipe/skyroot_milk_bucket_moa_egg_cake.json
Flying Cow,The Aether,Criatura WingedAnimal; comportamento definido na classe e herança citadas,"Bioma skyroot_forest (creature); peso 12, grupo 2–5; data/aether/worldgen/biome/skyroot_forest.json; Bioma skyroot_woodland (creature); peso 12, grupo 2–5; data/aether/worldgen/biome/skyroot_woodland.json; Bioma skyroot_meadow (creature); peso 12, grupo 2–5; data/aether/worldgen/biome/skyroot_meadow.json; Bioma skyroot_grove (creature); peso 12, grupo 2–5; data/aether/worldgen/biome/skyroot_grove.json; ",Interação/mecânica fora do pool,minecraft:saddle,1,MountableAnimal.dropEquipment: se saddled,Recuperar sela equipada,Alta nos arquivos versionados; configurações/datapacks externos não confirmados,/images/bestiary/audited/aether/flying-cow.png,src/main/java/com/aetherteam/aether/client/renderer/entity/model/QuadrupedWingsModel.java; src/main/java/com/aetherteam/aether/client/renderer/entity/FlyingCowRenderer.java; src/main/resources/assets/aether/textures/entity/mobs/flying_cow/flying_cow.png; src/main/resources/assets/aether/textures/entity/mobs/flying_cow/flying_cow_wings.png; src/main/java/com/aetherteam/aether/client/renderer/entity/layers/QuadrupedWingsLayer.java; src/main/java/com/aetherteam/aether/client/renderer/AetherRenderers.java; src/main/java/com/aetherteam/aether/client/renderer/AetherModelLayers.java; output-aether/proveniencia.json,/workspace/scratch/25006bff7ab5/evidence-final-aether/src/main/java/com/aetherteam/aether/entity/passive/FlyingCow.java; MountableAnimal.java; SkyrootBucketItem.java; evidence-final-aether/src/main/java/com/aetherteam/aether/entity/passive/FlyingCow.java,[Receitas vanilla1.21.1](lote-final-2026-10-06/receitas-vanilla.json)
Sheepuff,The Aether,Criatura AetherAnimal; comportamento definido na classe e herança citadas,"Bioma skyroot_forest (creature); peso 12, grupo 3–4; data/aether/worldgen/biome/skyroot_forest.json; Bioma skyroot_woodland (creature); peso 12, grupo 3–4; data/aether/worldgen/biome/skyroot_woodland.json; Bioma skyroot_meadow (creature); peso 12, grupo 3–4; data/aether/worldgen/biome/skyroot_meadow.json; Bioma skyroot_grove (creature); peso 12, grupo 3–4; data/aether/worldgen/biome/skyroot_grove.json; ",Loot de morte,minecraft:mutton,1–2,"Loot condicionado ao caminho de morte; herança/interações/variantes fora deste pool separadas; pool1: 1 sorteio(s); reposição se múltiplos rolls; peso bruto 1/1; normaliza apenas entradas elegíveis; set_count; aplica receita de fundição ao item; função somente se (this satisfaz {""flags"": {""is_on_fire"": true}}) OU (direct_attacker satisfaz {""equipment"": {""mainhand"": {""predicates"": {""minecraft:enchantments"": [{""enchantments"": ""#minecraft:smelts_loot""}]}}}}); Saque minecraft:looting: bônus Math.round(nível × sorteio 0–1); limite sem limite explícito; base selecionada somente quando isSheared","Ingrediente nas receitas vanilla1.21.1: {'id': 'minecraft:cooked_mutton'}, {'id': 'minecraft:cooked_mutton'}, {'id': 'minecraft:cooked_mutton'}",Alta nos arquivos versionados; configurações/datapacks externos não confirmados,/images/bestiary/audited/aether/sheepuff.png,src/main/java/com/aetherteam/aether/client/renderer/entity/model/SheepuffModel.java; src/main/java/com/aetherteam/aether/client/renderer/entity/model/SheepuffWoolModel.java; src/main/java/com/aetherteam/aether/client/renderer/entity/SheepuffRenderer.java; src/main/resources/assets/aether/textures/entity/mobs/sheepuff/sheepuff.png; src/main/resources/assets/aether/textures/entity/mobs/sheepuff/sheepuff_wool.png; src/main/java/com/aetherteam/aether/client/renderer/entity/layers/SheepuffWoolLayer.java; src/main/java/com/aetherteam/aether/client/renderer/AetherRenderers.java; src/main/java/com/aetherteam/aether/client/renderer/AetherModelLayers.java; output-aether/proveniencia.json,evidence-final-aether/aether-1.21.1-1.5.10-neoforge.jar::data/aether/loot_table/entities/sheepuff.json; evidence-final-aether/src/main/java/com/aetherteam/aether/entity/passive/Sheepuff.java,[Receitas vanilla1.21.1](lote-final-2026-10-06/receitas-vanilla.json)
Sheepuff,The Aether,Criatura AetherAnimal; comportamento definido na classe e herança citadas,"Bioma skyroot_forest (creature); peso 12, grupo 3–4; data/aether/worldgen/biome/skyroot_forest.json; Bioma skyroot_woodland (creature); peso 12, grupo 3–4; data/aether/worldgen/biome/skyroot_woodland.json; Bioma skyroot_meadow (creature); peso 12, grupo 3–4; data/aether/worldgen/biome/skyroot_meadow.json; Bioma skyroot_grove (creature); peso 12, grupo 3–4; data/aether/worldgen/biome/skyroot_grove.json; ",Loot de morte por cor,minecraft:white_wool,1,"Sheepuff não tosquiado, cor white; tabela alternativa substitui base; pool1: 1 sorteio(s); reposição se múltiplos rolls; peso bruto 1/1; normaliza apenas entradas elegíveis","Ingrediente nas receitas auditadas: {'count': 1, 'id': 'aether:white_cape'}",Alta nos arquivos versionados; configurações/datapacks externos não confirmados,/images/bestiary/audited/aether/sheepuff.png,src/main/java/com/aetherteam/aether/client/renderer/entity/model/SheepuffModel.java; src/main/java/com/aetherteam/aether/client/renderer/entity/model/SheepuffWoolModel.java; src/main/java/com/aetherteam/aether/client/renderer/entity/SheepuffRenderer.java; src/main/resources/assets/aether/textures/entity/mobs/sheepuff/sheepuff.png; src/main/resources/assets/aether/textures/entity/mobs/sheepuff/sheepuff_wool.png; src/main/java/com/aetherteam/aether/client/renderer/entity/layers/SheepuffWoolLayer.java; src/main/java/com/aetherteam/aether/client/renderer/AetherRenderers.java; src/main/java/com/aetherteam/aether/client/renderer/AetherModelLayers.java; output-aether/proveniencia.json,evidence-final-aether/aether-1.21.1-1.5.10-neoforge.jar::data/aether/loot_table/entities/sheepuff/white.json; evidence-final-aether/src/main/java/com/aetherteam/aether/entity/passive/Sheepuff.java,/bestiary/receitas/aether.html#receita-white-cape | [Receita white_cape](lote-final-2026-10-06/aether-cards-2026-10-06.md#receita-white-cape) — data/aether/recipe/white_cape.json
Sheepuff,The Aether,Criatura AetherAnimal; comportamento definido na classe e herança citadas,"Bioma skyroot_forest (creature); peso 12, grupo 3–4; data/aether/worldgen/biome/skyroot_forest.json; Bioma skyroot_woodland (creature); peso 12, grupo 3–4; data/aether/worldgen/biome/skyroot_woodland.json; Bioma skyroot_meadow (creature); peso 12, grupo 3–4; data/aether/worldgen/biome/skyroot_meadow.json; Bioma skyroot_grove (creature); peso 12, grupo 3–4; data/aether/worldgen/biome/skyroot_grove.json; ",Loot de morte por cor,minecraft:mutton,1–2,"Sheepuff não tosquiado, cor white; tabela alternativa substitui base; pool2: 1 sorteio(s); reposição se múltiplos rolls; peso bruto 1/1; normaliza apenas entradas elegíveis; pool1: 1 sorteio(s); reposição se múltiplos rolls; peso bruto 1/1; normaliza apenas entradas elegíveis; set_count; aplica receita de fundição ao item; função somente se (this satisfaz {""flags"": {""is_on_fire"": true}}) OU (direct_attacker satisfaz {""equipment"": {""mainhand"": {""predicates"": {""minecraft:enchantments"": [{""enchantments"": ""#minecraft:smelts_loot""}]}}}}); Saque minecraft:looting: bônus Math.round(nível × sorteio 0–1); limite sem limite explícito","Ingrediente nas receitas vanilla1.21.1: {'id': 'minecraft:cooked_mutton'}, {'id': 'minecraft:cooked_mutton'}, {'id': 'minecraft:cooked_mutton'}",Alta nos arquivos versionados; configurações/datapacks externos não confirmados,/images/bestiary/audited/aether/sheepuff.png,src/main/java/com/aetherteam/aether/client/renderer/entity/model/SheepuffModel.java; src/main/java/com/aetherteam/aether/client/renderer/entity/model/SheepuffWoolModel.java; src/main/java/com/aetherteam/aether/client/renderer/entity/SheepuffRenderer.java; src/main/resources/assets/aether/textures/entity/mobs/sheepuff/sheepuff.png; src/main/resources/assets/aether/textures/entity/mobs/sheepuff/sheepuff_wool.png; src/main/java/com/aetherteam/aether/client/renderer/entity/layers/SheepuffWoolLayer.java; src/main/java/com/aetherteam/aether/client/renderer/AetherRenderers.java; src/main/java/com/aetherteam/aether/client/renderer/AetherModelLayers.java; output-aether/proveniencia.json,evidence-final-aether/aether-1.21.1-1.5.10-neoforge.jar::data/aether/loot_table/entities/sheepuff.json; evidence-final-aether/src/main/java/com/aetherteam/aether/entity/passive/Sheepuff.java,[Receitas vanilla1.21.1](lote-final-2026-10-06/receitas-vanilla.json)
Sheepuff,The Aether,Criatura AetherAnimal; comportamento definido na classe e herança citadas,"Bioma skyroot_forest (creature); peso 12, grupo 3–4; data/aether/worldgen/biome/skyroot_forest.json; Bioma skyroot_woodland (creature); peso 12, grupo 3–4; data/aether/worldgen/biome/skyroot_woodland.json; Bioma skyroot_meadow (creature); peso 12, grupo 3–4; data/aether/worldgen/biome/skyroot_meadow.json; Bioma skyroot_grove (creature); peso 12, grupo 3–4; data/aether/worldgen/biome/skyroot_grove.json; ",Loot de morte por cor,minecraft:orange_wool,1,"Sheepuff não tosquiado, cor orange; tabela alternativa substitui base; pool1: 1 sorteio(s); reposição se múltiplos rolls; peso bruto 1/1; normaliza apenas entradas elegíveis","Bloco decorativo; camas, bandeiras e demais recipes vanilla",Alta nos arquivos versionados; configurações/datapacks externos não confirmados,/images/bestiary/audited/aether/sheepuff.png,src/main/java/com/aetherteam/aether/client/renderer/entity/model/SheepuffModel.java; src/main/java/com/aetherteam/aether/client/renderer/entity/model/SheepuffWoolModel.java; src/main/java/com/aetherteam/aether/client/renderer/entity/SheepuffRenderer.java; src/main/resources/assets/aether/textures/entity/mobs/sheepuff/sheepuff.png; src/main/resources/assets/aether/textures/entity/mobs/sheepuff/sheepuff_wool.png; src/main/java/com/aetherteam/aether/client/renderer/entity/layers/SheepuffWoolLayer.java; src/main/java/com/aetherteam/aether/client/renderer/AetherRenderers.java; src/main/java/com/aetherteam/aether/client/renderer/AetherModelLayers.java; output-aether/proveniencia.json,evidence-final-aether/aether-1.21.1-1.5.10-neoforge.jar::data/aether/loot_table/entities/sheepuff/orange.json; evidence-final-aether/src/main/java/com/aetherteam/aether/entity/passive/Sheepuff.java,[Receitas vanilla1.21.1](lote-final-2026-10-06/receitas-vanilla.json)
Sheepuff,The Aether,Criatura AetherAnimal; comportamento definido na classe e herança citadas,"Bioma skyroot_forest (creature); peso 12, grupo 3–4; data/aether/worldgen/biome/skyroot_forest.json; Bioma skyroot_woodland (creature); peso 12, grupo 3–4; data/aether/worldgen/biome/skyroot_woodland.json; Bioma skyroot_meadow (creature); peso 12, grupo 3–4; data/aether/worldgen/biome/skyroot_meadow.json; Bioma skyroot_grove (creature); peso 12, grupo 3–4; data/aether/worldgen/biome/skyroot_grove.json; ",Loot de morte por cor,minecraft:mutton,1–2,"Sheepuff não tosquiado, cor orange; tabela alternativa substitui base; pool2: 1 sorteio(s); reposição se múltiplos rolls; peso bruto 1/1; normaliza apenas entradas elegíveis; pool1: 1 sorteio(s); reposição se múltiplos rolls; peso bruto 1/1; normaliza apenas entradas elegíveis; set_count; aplica receita de fundição ao item; função somente se (this satisfaz {""flags"": {""is_on_fire"": true}}) OU (direct_attacker satisfaz {""equipment"": {""mainhand"": {""predicates"": {""minecraft:enchantments"": [{""enchantments"": ""#minecraft:smelts_loot""}]}}}}); Saque minecraft:looting: bônus Math.round(nível × sorteio 0–1); limite sem limite explícito","Ingrediente nas receitas vanilla1.21.1: {'id': 'minecraft:cooked_mutton'}, {'id': 'minecraft:cooked_mutton'}, {'id': 'minecraft:cooked_mutton'}",Alta nos arquivos versionados; configurações/datapacks externos não confirmados,/images/bestiary/audited/aether/sheepuff.png,src/main/java/com/aetherteam/aether/client/renderer/entity/model/SheepuffModel.java; src/main/java/com/aetherteam/aether/client/renderer/entity/model/SheepuffWoolModel.java; src/main/java/com/aetherteam/aether/client/renderer/entity/SheepuffRenderer.java; src/main/resources/assets/aether/textures/entity/mobs/sheepuff/sheepuff.png; src/main/resources/assets/aether/textures/entity/mobs/sheepuff/sheepuff_wool.png; src/main/java/com/aetherteam/aether/client/renderer/entity/layers/SheepuffWoolLayer.java; src/main/java/com/aetherteam/aether/client/renderer/AetherRenderers.java; src/main/java/com/aetherteam/aether/client/renderer/AetherModelLayers.java; output-aether/proveniencia.json,evidence-final-aether/aether-1.21.1-1.5.10-neoforge.jar::data/aether/loot_table/entities/sheepuff.json; evidence-final-aether/src/main/java/com/aetherteam/aether/entity/passive/Sheepuff.java,[Receitas vanilla1.21.1](lote-final-2026-10-06/receitas-vanilla.json)
Sheepuff,The Aether,Criatura AetherAnimal; comportamento definido na classe e herança citadas,"Bioma skyroot_forest (creature); peso 12, grupo 3–4; data/aether/worldgen/biome/skyroot_forest.json; Bioma skyroot_woodland (creature); peso 12, grupo 3–4; data/aether/worldgen/biome/skyroot_woodland.json; Bioma skyroot_meadow (creature); peso 12, grupo 3–4; data/aether/worldgen/biome/skyroot_meadow.json; Bioma skyroot_grove (creature); peso 12, grupo 3–4; data/aether/worldgen/biome/skyroot_grove.json; ",Loot de morte por cor,minecraft:magenta_wool,1,"Sheepuff não tosquiado, cor magenta; tabela alternativa substitui base; pool1: 1 sorteio(s); reposição se múltiplos rolls; peso bruto 1/1; normaliza apenas entradas elegíveis","Bloco decorativo; camas, bandeiras e demais recipes vanilla",Alta nos arquivos versionados; configurações/datapacks externos não confirmados,/images/bestiary/audited/aether/sheepuff.png,src/main/java/com/aetherteam/aether/client/renderer/entity/model/SheepuffModel.java; src/main/java/com/aetherteam/aether/client/renderer/entity/model/SheepuffWoolModel.java; src/main/java/com/aetherteam/aether/client/renderer/entity/SheepuffRenderer.java; src/main/resources/assets/aether/textures/entity/mobs/sheepuff/sheepuff.png; src/main/resources/assets/aether/textures/entity/mobs/sheepuff/sheepuff_wool.png; src/main/java/com/aetherteam/aether/client/renderer/entity/layers/SheepuffWoolLayer.java; src/main/java/com/aetherteam/aether/client/renderer/AetherRenderers.java; src/main/java/com/aetherteam/aether/client/renderer/AetherModelLayers.java; output-aether/proveniencia.json,evidence-final-aether/aether-1.21.1-1.5.10-neoforge.jar::data/aether/loot_table/entities/sheepuff/magenta.json; evidence-final-aether/src/main/java/com/aetherteam/aether/entity/passive/Sheepuff.java,[Receitas vanilla1.21.1](lote-final-2026-10-06/receitas-vanilla.json)
Sheepuff,The Aether,Criatura AetherAnimal; comportamento definido na classe e herança citadas,"Bioma skyroot_forest (creature); peso 12, grupo 3–4; data/aether/worldgen/biome/skyroot_forest.json; Bioma skyroot_woodland (creature); peso 12, grupo 3–4; data/aether/worldgen/biome/skyroot_woodland.json; Bioma skyroot_meadow (creature); peso 12, grupo 3–4; data/aether/worldgen/biome/skyroot_meadow.json; Bioma skyroot_grove (creature); peso 12, grupo 3–4; data/aether/worldgen/biome/skyroot_grove.json; ",Loot de morte por cor,minecraft:mutton,1–2,"Sheepuff não tosquiado, cor magenta; tabela alternativa substitui base; pool2: 1 sorteio(s); reposição se múltiplos rolls; peso bruto 1/1; normaliza apenas entradas elegíveis; pool1: 1 sorteio(s); reposição se múltiplos rolls; peso bruto 1/1; normaliza apenas entradas elegíveis; set_count; aplica receita de fundição ao item; função somente se (this satisfaz {""flags"": {""is_on_fire"": true}}) OU (direct_attacker satisfaz {""equipment"": {""mainhand"": {""predicates"": {""minecraft:enchantments"": [{""enchantments"": ""#minecraft:smelts_loot""}]}}}}); Saque minecraft:looting: bônus Math.round(nível × sorteio 0–1); limite sem limite explícito","Ingrediente nas receitas vanilla1.21.1: {'id': 'minecraft:cooked_mutton'}, {'id': 'minecraft:cooked_mutton'}, {'id': 'minecraft:cooked_mutton'}",Alta nos arquivos versionados; configurações/datapacks externos não confirmados,/images/bestiary/audited/aether/sheepuff.png,src/main/java/com/aetherteam/aether/client/renderer/entity/model/SheepuffModel.java; src/main/java/com/aetherteam/aether/client/renderer/entity/model/SheepuffWoolModel.java; src/main/java/com/aetherteam/aether/client/renderer/entity/SheepuffRenderer.java; src/main/resources/assets/aether/textures/entity/mobs/sheepuff/sheepuff.png; src/main/resources/assets/aether/textures/entity/mobs/sheepuff/sheepuff_wool.png; src/main/java/com/aetherteam/aether/client/renderer/entity/layers/SheepuffWoolLayer.java; src/main/java/com/aetherteam/aether/client/renderer/AetherRenderers.java; src/main/java/com/aetherteam/aether/client/renderer/AetherModelLayers.java; output-aether/proveniencia.json,evidence-final-aether/aether-1.21.1-1.5.10-neoforge.jar::data/aether/loot_table/entities/sheepuff.json; evidence-final-aether/src/main/java/com/aetherteam/aether/entity/passive/Sheepuff.java,[Receitas vanilla1.21.1](lote-final-2026-10-06/receitas-vanilla.json)
Sheepuff,The Aether,Criatura AetherAnimal; comportamento definido na classe e herança citadas,"Bioma skyroot_forest (creature); peso 12, grupo 3–4; data/aether/worldgen/biome/skyroot_forest.json; Bioma skyroot_woodland (creature); peso 12, grupo 3–4; data/aether/worldgen/biome/skyroot_woodland.json; Bioma skyroot_meadow (creature); peso 12, grupo 3–4; data/aether/worldgen/biome/skyroot_meadow.json; Bioma skyroot_grove (creature); peso 12, grupo 3–4; data/aether/worldgen/biome/skyroot_grove.json; ",Loot de morte por cor,minecraft:light_blue_wool,1,"Sheepuff não tosquiado, cor light_blue; tabela alternativa substitui base; pool1: 1 sorteio(s); reposição se múltiplos rolls; peso bruto 1/1; normaliza apenas entradas elegíveis","Ingrediente nas receitas auditadas: {'count': 1, 'id': 'aether:blue_cape'}",Alta nos arquivos versionados; configurações/datapacks externos não confirmados,/images/bestiary/audited/aether/sheepuff.png,src/main/java/com/aetherteam/aether/client/renderer/entity/model/SheepuffModel.java; src/main/java/com/aetherteam/aether/client/renderer/entity/model/SheepuffWoolModel.java; src/main/java/com/aetherteam/aether/client/renderer/entity/SheepuffRenderer.java; src/main/resources/assets/aether/textures/entity/mobs/sheepuff/sheepuff.png; src/main/resources/assets/aether/textures/entity/mobs/sheepuff/sheepuff_wool.png; src/main/java/com/aetherteam/aether/client/renderer/entity/layers/SheepuffWoolLayer.java; src/main/java/com/aetherteam/aether/client/renderer/AetherRenderers.java; src/main/java/com/aetherteam/aether/client/renderer/AetherModelLayers.java; output-aether/proveniencia.json,evidence-final-aether/aether-1.21.1-1.5.10-neoforge.jar::data/aether/loot_table/entities/sheepuff/light_blue.json; evidence-final-aether/src/main/java/com/aetherteam/aether/entity/passive/Sheepuff.java,/bestiary/receitas/aether.html#receita-blue-cape-light-blue-wool | [Receita blue_cape_light_blue_wool](lote-final-2026-10-06/aether-cards-2026-10-06.md#receita-blue-cape-light-blue-wool) — data/aether/recipe/blue_cape_light_blue_wool.json
Sheepuff,The Aether,Criatura AetherAnimal; comportamento definido na classe e herança citadas,"Bioma skyroot_forest (creature); peso 12, grupo 3–4; data/aether/worldgen/biome/skyroot_forest.json; Bioma skyroot_woodland (creature); peso 12, grupo 3–4; data/aether/worldgen/biome/skyroot_woodland.json; Bioma skyroot_meadow (creature); peso 12, grupo 3–4; data/aether/worldgen/biome/skyroot_meadow.json; Bioma skyroot_grove (creature); peso 12, grupo 3–4; data/aether/worldgen/biome/skyroot_grove.json; ",Loot de morte por cor,minecraft:mutton,1–2,"Sheepuff não tosquiado, cor light_blue; tabela alternativa substitui base; pool2: 1 sorteio(s); reposição se múltiplos rolls; peso bruto 1/1; normaliza apenas entradas elegíveis; pool1: 1 sorteio(s); reposição se múltiplos rolls; peso bruto 1/1; normaliza apenas entradas elegíveis; set_count; aplica receita de fundição ao item; função somente se (this satisfaz {""flags"": {""is_on_fire"": true}}) OU (direct_attacker satisfaz {""equipment"": {""mainhand"": {""predicates"": {""minecraft:enchantments"": [{""enchantments"": ""#minecraft:smelts_loot""}]}}}}); Saque minecraft:looting: bônus Math.round(nível × sorteio 0–1); limite sem limite explícito","Ingrediente nas receitas vanilla1.21.1: {'id': 'minecraft:cooked_mutton'}, {'id': 'minecraft:cooked_mutton'}, {'id': 'minecraft:cooked_mutton'}",Alta nos arquivos versionados; configurações/datapacks externos não confirmados,/images/bestiary/audited/aether/sheepuff.png,src/main/java/com/aetherteam/aether/client/renderer/entity/model/SheepuffModel.java; src/main/java/com/aetherteam/aether/client/renderer/entity/model/SheepuffWoolModel.java; src/main/java/com/aetherteam/aether/client/renderer/entity/SheepuffRenderer.java; src/main/resources/assets/aether/textures/entity/mobs/sheepuff/sheepuff.png; src/main/resources/assets/aether/textures/entity/mobs/sheepuff/sheepuff_wool.png; src/main/java/com/aetherteam/aether/client/renderer/entity/layers/SheepuffWoolLayer.java; src/main/java/com/aetherteam/aether/client/renderer/AetherRenderers.java; src/main/java/com/aetherteam/aether/client/renderer/AetherModelLayers.java; output-aether/proveniencia.json,evidence-final-aether/aether-1.21.1-1.5.10-neoforge.jar::data/aether/loot_table/entities/sheepuff.json; evidence-final-aether/src/main/java/com/aetherteam/aether/entity/passive/Sheepuff.java,[Receitas vanilla1.21.1](lote-final-2026-10-06/receitas-vanilla.json)
Sheepuff,The Aether,Criatura AetherAnimal; comportamento definido na classe e herança citadas,"Bioma skyroot_forest (creature); peso 12, grupo 3–4; data/aether/worldgen/biome/skyroot_forest.json; Bioma skyroot_woodland (creature); peso 12, grupo 3–4; data/aether/worldgen/biome/skyroot_woodland.json; Bioma skyroot_meadow (creature); peso 12, grupo 3–4; data/aether/worldgen/biome/skyroot_meadow.json; Bioma skyroot_grove (creature); peso 12, grupo 3–4; data/aether/worldgen/biome/skyroot_grove.json; ",Loot de morte por cor,minecraft:yellow_wool,1,"Sheepuff não tosquiado, cor yellow; tabela alternativa substitui base; pool1: 1 sorteio(s); reposição se múltiplos rolls; peso bruto 1/1; normaliza apenas entradas elegíveis","Ingrediente nas receitas auditadas: {'count': 1, 'id': 'aether:yellow_cape'}",Alta nos arquivos versionados; configurações/datapacks externos não confirmados,/images/bestiary/audited/aether/sheepuff.png,src/main/java/com/aetherteam/aether/client/renderer/entity/model/SheepuffModel.java; src/main/java/com/aetherteam/aether/client/renderer/entity/model/SheepuffWoolModel.java; src/main/java/com/aetherteam/aether/client/renderer/entity/SheepuffRenderer.java; src/main/resources/assets/aether/textures/entity/mobs/sheepuff/sheepuff.png; src/main/resources/assets/aether/textures/entity/mobs/sheepuff/sheepuff_wool.png; src/main/java/com/aetherteam/aether/client/renderer/entity/layers/SheepuffWoolLayer.java; src/main/java/com/aetherteam/aether/client/renderer/AetherRenderers.java; src/main/java/com/aetherteam/aether/client/renderer/AetherModelLayers.java; output-aether/proveniencia.json,evidence-final-aether/aether-1.21.1-1.5.10-neoforge.jar::data/aether/loot_table/entities/sheepuff/yellow.json; evidence-final-aether/src/main/java/com/aetherteam/aether/entity/passive/Sheepuff.java,/bestiary/receitas/aether.html#receita-yellow-cape | [Receita yellow_cape](lote-final-2026-10-06/aether-cards-2026-10-06.md#receita-yellow-cape) — data/aether/recipe/yellow_cape.json
Sheepuff,The Aether,Criatura AetherAnimal; comportamento definido na classe e herança citadas,"Bioma skyroot_forest (creature); peso 12, grupo 3–4; data/aether/worldgen/biome/skyroot_forest.json; Bioma skyroot_woodland (creature); peso 12, grupo 3–4; data/aether/worldgen/biome/skyroot_woodland.json; Bioma skyroot_meadow (creature); peso 12, grupo 3–4; data/aether/worldgen/biome/skyroot_meadow.json; Bioma skyroot_grove (creature); peso 12, grupo 3–4; data/aether/worldgen/biome/skyroot_grove.json; ",Loot de morte por cor,minecraft:mutton,1–2,"Sheepuff não tosquiado, cor yellow; tabela alternativa substitui base; pool2: 1 sorteio(s); reposição se múltiplos rolls; peso bruto 1/1; normaliza apenas entradas elegíveis; pool1: 1 sorteio(s); reposição se múltiplos rolls; peso bruto 1/1; normaliza apenas entradas elegíveis; set_count; aplica receita de fundição ao item; função somente se (this satisfaz {""flags"": {""is_on_fire"": true}}) OU (direct_attacker satisfaz {""equipment"": {""mainhand"": {""predicates"": {""minecraft:enchantments"": [{""enchantments"": ""#minecraft:smelts_loot""}]}}}}); Saque minecraft:looting: bônus Math.round(nível × sorteio 0–1); limite sem limite explícito","Ingrediente nas receitas vanilla1.21.1: {'id': 'minecraft:cooked_mutton'}, {'id': 'minecraft:cooked_mutton'}, {'id': 'minecraft:cooked_mutton'}",Alta nos arquivos versionados; configurações/datapacks externos não confirmados,/images/bestiary/audited/aether/sheepuff.png,src/main/java/com/aetherteam/aether/client/renderer/entity/model/SheepuffModel.java; src/main/java/com/aetherteam/aether/client/renderer/entity/model/SheepuffWoolModel.java; src/main/java/com/aetherteam/aether/client/renderer/entity/SheepuffRenderer.java; src/main/resources/assets/aether/textures/entity/mobs/sheepuff/sheepuff.png; src/main/resources/assets/aether/textures/entity/mobs/sheepuff/sheepuff_wool.png; src/main/java/com/aetherteam/aether/client/renderer/entity/layers/SheepuffWoolLayer.java; src/main/java/com/aetherteam/aether/client/renderer/AetherRenderers.java; src/main/java/com/aetherteam/aether/client/renderer/AetherModelLayers.java; output-aether/proveniencia.json,evidence-final-aether/aether-1.21.1-1.5.10-neoforge.jar::data/aether/loot_table/entities/sheepuff.json; evidence-final-aether/src/main/java/com/aetherteam/aether/entity/passive/Sheepuff.java,[Receitas vanilla1.21.1](lote-final-2026-10-06/receitas-vanilla.json)
Sheepuff,The Aether,Criatura AetherAnimal; comportamento definido na classe e herança citadas,"Bioma skyroot_forest (creature); peso 12, grupo 3–4; data/aether/worldgen/biome/skyroot_forest.json; Bioma skyroot_woodland (creature); peso 12, grupo 3–4; data/aether/worldgen/biome/skyroot_woodland.json; Bioma skyroot_meadow (creature); peso 12, grupo 3–4; data/aether/worldgen/biome/skyroot_meadow.json; Bioma skyroot_grove (creature); peso 12, grupo 3–4; data/aether/worldgen/biome/skyroot_grove.json; ",Loot de morte por cor,minecraft:lime_wool,1,"Sheepuff não tosquiado, cor lime; tabela alternativa substitui base; pool1: 1 sorteio(s); reposição se múltiplos rolls; peso bruto 1/1; normaliza apenas entradas elegíveis","Bloco decorativo; camas, bandeiras e demais recipes vanilla",Alta nos arquivos versionados; configurações/datapacks externos não confirmados,/images/bestiary/audited/aether/sheepuff.png,src/main/java/com/aetherteam/aether/client/renderer/entity/model/SheepuffModel.java; src/main/java/com/aetherteam/aether/client/renderer/entity/model/SheepuffWoolModel.java; src/main/java/com/aetherteam/aether/client/renderer/entity/SheepuffRenderer.java; src/main/resources/assets/aether/textures/entity/mobs/sheepuff/sheepuff.png; src/main/resources/assets/aether/textures/entity/mobs/sheepuff/sheepuff_wool.png; src/main/java/com/aetherteam/aether/client/renderer/entity/layers/SheepuffWoolLayer.java; src/main/java/com/aetherteam/aether/client/renderer/AetherRenderers.java; src/main/java/com/aetherteam/aether/client/renderer/AetherModelLayers.java; output-aether/proveniencia.json,evidence-final-aether/aether-1.21.1-1.5.10-neoforge.jar::data/aether/loot_table/entities/sheepuff/lime.json; evidence-final-aether/src/main/java/com/aetherteam/aether/entity/passive/Sheepuff.java,[Receitas vanilla1.21.1](lote-final-2026-10-06/receitas-vanilla.json)
Sheepuff,The Aether,Criatura AetherAnimal; comportamento definido na classe e herança citadas,"Bioma skyroot_forest (creature); peso 12, grupo 3–4; data/aether/worldgen/biome/skyroot_forest.json; Bioma skyroot_woodland (creature); peso 12, grupo 3–4; data/aether/worldgen/biome/skyroot_woodland.json; Bioma skyroot_meadow (creature); peso 12, grupo 3–4; data/aether/worldgen/biome/skyroot_meadow.json; Bioma skyroot_grove (creature); peso 12, grupo 3–4; data/aether/worldgen/biome/skyroot_grove.json; ",Loot de morte por cor,minecraft:mutton,1–2,"Sheepuff não tosquiado, cor lime; tabela alternativa substitui base; pool2: 1 sorteio(s); reposição se múltiplos rolls; peso bruto 1/1; normaliza apenas entradas elegíveis; pool1: 1 sorteio(s); reposição se múltiplos rolls; peso bruto 1/1; normaliza apenas entradas elegíveis; set_count; aplica receita de fundição ao item; função somente se (this satisfaz {""flags"": {""is_on_fire"": true}}) OU (direct_attacker satisfaz {""equipment"": {""mainhand"": {""predicates"": {""minecraft:enchantments"": [{""enchantments"": ""#minecraft:smelts_loot""}]}}}}); Saque minecraft:looting: bônus Math.round(nível × sorteio 0–1); limite sem limite explícito","Ingrediente nas receitas vanilla1.21.1: {'id': 'minecraft:cooked_mutton'}, {'id': 'minecraft:cooked_mutton'}, {'id': 'minecraft:cooked_mutton'}",Alta nos arquivos versionados; configurações/datapacks externos não confirmados,/images/bestiary/audited/aether/sheepuff.png,src/main/java/com/aetherteam/aether/client/renderer/entity/model/SheepuffModel.java; src/main/java/com/aetherteam/aether/client/renderer/entity/model/SheepuffWoolModel.java; src/main/java/com/aetherteam/aether/client/renderer/entity/SheepuffRenderer.java; src/main/resources/assets/aether/textures/entity/mobs/sheepuff/sheepuff.png; src/main/resources/assets/aether/textures/entity/mobs/sheepuff/sheepuff_wool.png; src/main/java/com/aetherteam/aether/client/renderer/entity/layers/SheepuffWoolLayer.java; src/main/java/com/aetherteam/aether/client/renderer/AetherRenderers.java; src/main/java/com/aetherteam/aether/client/renderer/AetherModelLayers.java; output-aether/proveniencia.json,evidence-final-aether/aether-1.21.1-1.5.10-neoforge.jar::data/aether/loot_table/entities/sheepuff.json; evidence-final-aether/src/main/java/com/aetherteam/aether/entity/passive/Sheepuff.java,[Receitas vanilla1.21.1](lote-final-2026-10-06/receitas-vanilla.json)
Sheepuff,The Aether,Criatura AetherAnimal; comportamento definido na classe e herança citadas,"Bioma skyroot_forest (creature); peso 12, grupo 3–4; data/aether/worldgen/biome/skyroot_forest.json; Bioma skyroot_woodland (creature); peso 12, grupo 3–4; data/aether/worldgen/biome/skyroot_woodland.json; Bioma skyroot_meadow (creature); peso 12, grupo 3–4; data/aether/worldgen/biome/skyroot_meadow.json; Bioma skyroot_grove (creature); peso 12, grupo 3–4; data/aether/worldgen/biome/skyroot_grove.json; ",Loot de morte por cor,minecraft:pink_wool,1,"Sheepuff não tosquiado, cor pink; tabela alternativa substitui base; pool1: 1 sorteio(s); reposição se múltiplos rolls; peso bruto 1/1; normaliza apenas entradas elegíveis","Bloco decorativo; camas, bandeiras e demais recipes vanilla",Alta nos arquivos versionados; configurações/datapacks externos não confirmados,/images/bestiary/audited/aether/sheepuff.png,src/main/java/com/aetherteam/aether/client/renderer/entity/model/SheepuffModel.java; src/main/java/com/aetherteam/aether/client/renderer/entity/model/SheepuffWoolModel.java; src/main/java/com/aetherteam/aether/client/renderer/entity/SheepuffRenderer.java; src/main/resources/assets/aether/textures/entity/mobs/sheepuff/sheepuff.png; src/main/resources/assets/aether/textures/entity/mobs/sheepuff/sheepuff_wool.png; src/main/java/com/aetherteam/aether/client/renderer/entity/layers/SheepuffWoolLayer.java; src/main/java/com/aetherteam/aether/client/renderer/AetherRenderers.java; src/main/java/com/aetherteam/aether/client/renderer/AetherModelLayers.java; output-aether/proveniencia.json,evidence-final-aether/aether-1.21.1-1.5.10-neoforge.jar::data/aether/loot_table/entities/sheepuff/pink.json; evidence-final-aether/src/main/java/com/aetherteam/aether/entity/passive/Sheepuff.java,[Receitas vanilla1.21.1](lote-final-2026-10-06/receitas-vanilla.json)
Sheepuff,The Aether,Criatura AetherAnimal; comportamento definido na classe e herança citadas,"Bioma skyroot_forest (creature); peso 12, grupo 3–4; data/aether/worldgen/biome/skyroot_forest.json; Bioma skyroot_woodland (creature); peso 12, grupo 3–4; data/aether/worldgen/biome/skyroot_woodland.json; Bioma skyroot_meadow (creature); peso 12, grupo 3–4; data/aether/worldgen/biome/skyroot_meadow.json; Bioma skyroot_grove (creature); peso 12, grupo 3–4; data/aether/worldgen/biome/skyroot_grove.json; ",Loot de morte por cor,minecraft:mutton,1–2,"Sheepuff não tosquiado, cor pink; tabela alternativa substitui base; pool2: 1 sorteio(s); reposição se múltiplos rolls; peso bruto 1/1; normaliza apenas entradas elegíveis; pool1: 1 sorteio(s); reposição se múltiplos rolls; peso bruto 1/1; normaliza apenas entradas elegíveis; set_count; aplica receita de fundição ao item; função somente se (this satisfaz {""flags"": {""is_on_fire"": true}}) OU (direct_attacker satisfaz {""equipment"": {""mainhand"": {""predicates"": {""minecraft:enchantments"": [{""enchantments"": ""#minecraft:smelts_loot""}]}}}}); Saque minecraft:looting: bônus Math.round(nível × sorteio 0–1); limite sem limite explícito","Ingrediente nas receitas vanilla1.21.1: {'id': 'minecraft:cooked_mutton'}, {'id': 'minecraft:cooked_mutton'}, {'id': 'minecraft:cooked_mutton'}",Alta nos arquivos versionados; configurações/datapacks externos não confirmados,/images/bestiary/audited/aether/sheepuff.png,src/main/java/com/aetherteam/aether/client/renderer/entity/model/SheepuffModel.java; src/main/java/com/aetherteam/aether/client/renderer/entity/model/SheepuffWoolModel.java; src/main/java/com/aetherteam/aether/client/renderer/entity/SheepuffRenderer.java; src/main/resources/assets/aether/textures/entity/mobs/sheepuff/sheepuff.png; src/main/resources/assets/aether/textures/entity/mobs/sheepuff/sheepuff_wool.png; src/main/java/com/aetherteam/aether/client/renderer/entity/layers/SheepuffWoolLayer.java; src/main/java/com/aetherteam/aether/client/renderer/AetherRenderers.java; src/main/java/com/aetherteam/aether/client/renderer/AetherModelLayers.java; output-aether/proveniencia.json,evidence-final-aether/aether-1.21.1-1.5.10-neoforge.jar::data/aether/loot_table/entities/sheepuff.json; evidence-final-aether/src/main/java/com/aetherteam/aether/entity/passive/Sheepuff.java,[Receitas vanilla1.21.1](lote-final-2026-10-06/receitas-vanilla.json)
Sheepuff,The Aether,Criatura AetherAnimal; comportamento definido na classe e herança citadas,"Bioma skyroot_forest (creature); peso 12, grupo 3–4; data/aether/worldgen/biome/skyroot_forest.json; Bioma skyroot_woodland (creature); peso 12, grupo 3–4; data/aether/worldgen/biome/skyroot_woodland.json; Bioma skyroot_meadow (creature); peso 12, grupo 3–4; data/aether/worldgen/biome/skyroot_meadow.json; Bioma skyroot_grove (creature); peso 12, grupo 3–4; data/aether/worldgen/biome/skyroot_grove.json; ",Loot de morte por cor,minecraft:gray_wool,1,"Sheepuff não tosquiado, cor gray; tabela alternativa substitui base; pool1: 1 sorteio(s); reposição se múltiplos rolls; peso bruto 1/1; normaliza apenas entradas elegíveis","Bloco decorativo; camas, bandeiras e demais recipes vanilla",Alta nos arquivos versionados; configurações/datapacks externos não confirmados,/images/bestiary/audited/aether/sheepuff.png,src/main/java/com/aetherteam/aether/client/renderer/entity/model/SheepuffModel.java; src/main/java/com/aetherteam/aether/client/renderer/entity/model/SheepuffWoolModel.java; src/main/java/com/aetherteam/aether/client/renderer/entity/SheepuffRenderer.java; src/main/resources/assets/aether/textures/entity/mobs/sheepuff/sheepuff.png; src/main/resources/assets/aether/textures/entity/mobs/sheepuff/sheepuff_wool.png; src/main/java/com/aetherteam/aether/client/renderer/entity/layers/SheepuffWoolLayer.java; src/main/java/com/aetherteam/aether/client/renderer/AetherRenderers.java; src/main/java/com/aetherteam/aether/client/renderer/AetherModelLayers.java; output-aether/proveniencia.json,evidence-final-aether/aether-1.21.1-1.5.10-neoforge.jar::data/aether/loot_table/entities/sheepuff/gray.json; evidence-final-aether/src/main/java/com/aetherteam/aether/entity/passive/Sheepuff.java,[Receitas vanilla1.21.1](lote-final-2026-10-06/receitas-vanilla.json)
Sheepuff,The Aether,Criatura AetherAnimal; comportamento definido na classe e herança citadas,"Bioma skyroot_forest (creature); peso 12, grupo 3–4; data/aether/worldgen/biome/skyroot_forest.json; Bioma skyroot_woodland (creature); peso 12, grupo 3–4; data/aether/worldgen/biome/skyroot_woodland.json; Bioma skyroot_meadow (creature); peso 12, grupo 3–4; data/aether/worldgen/biome/skyroot_meadow.json; Bioma skyroot_grove (creature); peso 12, grupo 3–4; data/aether/worldgen/biome/skyroot_grove.json; ",Loot de morte por cor,minecraft:mutton,1–2,"Sheepuff não tosquiado, cor gray; tabela alternativa substitui base; pool2: 1 sorteio(s); reposição se múltiplos rolls; peso bruto 1/1; normaliza apenas entradas elegíveis; pool1: 1 sorteio(s); reposição se múltiplos rolls; peso bruto 1/1; normaliza apenas entradas elegíveis; set_count; aplica receita de fundição ao item; função somente se (this satisfaz {""flags"": {""is_on_fire"": true}}) OU (direct_attacker satisfaz {""equipment"": {""mainhand"": {""predicates"": {""minecraft:enchantments"": [{""enchantments"": ""#minecraft:smelts_loot""}]}}}}); Saque minecraft:looting: bônus Math.round(nível × sorteio 0–1); limite sem limite explícito","Ingrediente nas receitas vanilla1.21.1: {'id': 'minecraft:cooked_mutton'}, {'id': 'minecraft:cooked_mutton'}, {'id': 'minecraft:cooked_mutton'}",Alta nos arquivos versionados; configurações/datapacks externos não confirmados,/images/bestiary/audited/aether/sheepuff.png,src/main/java/com/aetherteam/aether/client/renderer/entity/model/SheepuffModel.java; src/main/java/com/aetherteam/aether/client/renderer/entity/model/SheepuffWoolModel.java; src/main/java/com/aetherteam/aether/client/renderer/entity/SheepuffRenderer.java; src/main/resources/assets/aether/textures/entity/mobs/sheepuff/sheepuff.png; src/main/resources/assets/aether/textures/entity/mobs/sheepuff/sheepuff_wool.png; src/main/java/com/aetherteam/aether/client/renderer/entity/layers/SheepuffWoolLayer.java; src/main/java/com/aetherteam/aether/client/renderer/AetherRenderers.java; src/main/java/com/aetherteam/aether/client/renderer/AetherModelLayers.java; output-aether/proveniencia.json,evidence-final-aether/aether-1.21.1-1.5.10-neoforge.jar::data/aether/loot_table/entities/sheepuff.json; evidence-final-aether/src/main/java/com/aetherteam/aether/entity/passive/Sheepuff.java,[Receitas vanilla1.21.1](lote-final-2026-10-06/receitas-vanilla.json)
Sheepuff,The Aether,Criatura AetherAnimal; comportamento definido na classe e herança citadas,"Bioma skyroot_forest (creature); peso 12, grupo 3–4; data/aether/worldgen/biome/skyroot_forest.json; Bioma skyroot_woodland (creature); peso 12, grupo 3–4; data/aether/worldgen/biome/skyroot_woodland.json; Bioma skyroot_meadow (creature); peso 12, grupo 3–4; data/aether/worldgen/biome/skyroot_meadow.json; Bioma skyroot_grove (creature); peso 12, grupo 3–4; data/aether/worldgen/biome/skyroot_grove.json; ",Loot de morte por cor,minecraft:light_gray_wool,1,"Sheepuff não tosquiado, cor light_gray; tabela alternativa substitui base; pool1: 1 sorteio(s); reposição se múltiplos rolls; peso bruto 1/1; normaliza apenas entradas elegíveis","Bloco decorativo; camas, bandeiras e demais recipes vanilla",Alta nos arquivos versionados; configurações/datapacks externos não confirmados,/images/bestiary/audited/aether/sheepuff.png,src/main/java/com/aetherteam/aether/client/renderer/entity/model/SheepuffModel.java; src/main/java/com/aetherteam/aether/client/renderer/entity/model/SheepuffWoolModel.java; src/main/java/com/aetherteam/aether/client/renderer/entity/SheepuffRenderer.java; src/main/resources/assets/aether/textures/entity/mobs/sheepuff/sheepuff.png; src/main/resources/assets/aether/textures/entity/mobs/sheepuff/sheepuff_wool.png; src/main/java/com/aetherteam/aether/client/renderer/entity/layers/SheepuffWoolLayer.java; src/main/java/com/aetherteam/aether/client/renderer/AetherRenderers.java; src/main/java/com/aetherteam/aether/client/renderer/AetherModelLayers.java; output-aether/proveniencia.json,evidence-final-aether/aether-1.21.1-1.5.10-neoforge.jar::data/aether/loot_table/entities/sheepuff/light_gray.json; evidence-final-aether/src/main/java/com/aetherteam/aether/entity/passive/Sheepuff.java,[Receitas vanilla1.21.1](lote-final-2026-10-06/receitas-vanilla.json)
Sheepuff,The Aether,Criatura AetherAnimal; comportamento definido na classe e herança citadas,"Bioma skyroot_forest (creature); peso 12, grupo 3–4; data/aether/worldgen/biome/skyroot_forest.json; Bioma skyroot_woodland (creature); peso 12, grupo 3–4; data/aether/worldgen/biome/skyroot_woodland.json; Bioma skyroot_meadow (creature); peso 12, grupo 3–4; data/aether/worldgen/biome/skyroot_meadow.json; Bioma skyroot_grove (creature); peso 12, grupo 3–4; data/aether/worldgen/biome/skyroot_grove.json; ",Loot de morte por cor,minecraft:mutton,1–2,"Sheepuff não tosquiado, cor light_gray; tabela alternativa substitui base; pool2: 1 sorteio(s); reposição se múltiplos rolls; peso bruto 1/1; normaliza apenas entradas elegíveis; pool1: 1 sorteio(s); reposição se múltiplos rolls; peso bruto 1/1; normaliza apenas entradas elegíveis; set_count; aplica receita de fundição ao item; função somente se (this satisfaz {""flags"": {""is_on_fire"": true}}) OU (direct_attacker satisfaz {""equipment"": {""mainhand"": {""predicates"": {""minecraft:enchantments"": [{""enchantments"": ""#minecraft:smelts_loot""}]}}}}); Saque minecraft:looting: bônus Math.round(nível × sorteio 0–1); limite sem limite explícito","Ingrediente nas receitas vanilla1.21.1: {'id': 'minecraft:cooked_mutton'}, {'id': 'minecraft:cooked_mutton'}, {'id': 'minecraft:cooked_mutton'}",Alta nos arquivos versionados; configurações/datapacks externos não confirmados,/images/bestiary/audited/aether/sheepuff.png,src/main/java/com/aetherteam/aether/client/renderer/entity/model/SheepuffModel.java; src/main/java/com/aetherteam/aether/client/renderer/entity/model/SheepuffWoolModel.java; src/main/java/com/aetherteam/aether/client/renderer/entity/SheepuffRenderer.java; src/main/resources/assets/aether/textures/entity/mobs/sheepuff/sheepuff.png; src/main/resources/assets/aether/textures/entity/mobs/sheepuff/sheepuff_wool.png; src/main/java/com/aetherteam/aether/client/renderer/entity/layers/SheepuffWoolLayer.java; src/main/java/com/aetherteam/aether/client/renderer/AetherRenderers.java; src/main/java/com/aetherteam/aether/client/renderer/AetherModelLayers.java; output-aether/proveniencia.json,evidence-final-aether/aether-1.21.1-1.5.10-neoforge.jar::data/aether/loot_table/entities/sheepuff.json; evidence-final-aether/src/main/java/com/aetherteam/aether/entity/passive/Sheepuff.java,[Receitas vanilla1.21.1](lote-final-2026-10-06/receitas-vanilla.json)
Sheepuff,The Aether,Criatura AetherAnimal; comportamento definido na classe e herança citadas,"Bioma skyroot_forest (creature); peso 12, grupo 3–4; data/aether/worldgen/biome/skyroot_forest.json; Bioma skyroot_woodland (creature); peso 12, grupo 3–4; data/aether/worldgen/biome/skyroot_woodland.json; Bioma skyroot_meadow (creature); peso 12, grupo 3–4; data/aether/worldgen/biome/skyroot_meadow.json; Bioma skyroot_grove (creature); peso 12, grupo 3–4; data/aether/worldgen/biome/skyroot_grove.json; ",Loot de morte por cor,minecraft:cyan_wool,1,"Sheepuff não tosquiado, cor cyan; tabela alternativa substitui base; pool1: 1 sorteio(s); reposição se múltiplos rolls; peso bruto 1/1; normaliza apenas entradas elegíveis","Ingrediente nas receitas auditadas: {'count': 1, 'id': 'aether:blue_cape'}",Alta nos arquivos versionados; configurações/datapacks externos não confirmados,/images/bestiary/audited/aether/sheepuff.png,src/main/java/com/aetherteam/aether/client/renderer/entity/model/SheepuffModel.java; src/main/java/com/aetherteam/aether/client/renderer/entity/model/SheepuffWoolModel.java; src/main/java/com/aetherteam/aether/client/renderer/entity/SheepuffRenderer.java; src/main/resources/assets/aether/textures/entity/mobs/sheepuff/sheepuff.png; src/main/resources/assets/aether/textures/entity/mobs/sheepuff/sheepuff_wool.png; src/main/java/com/aetherteam/aether/client/renderer/entity/layers/SheepuffWoolLayer.java; src/main/java/com/aetherteam/aether/client/renderer/AetherRenderers.java; src/main/java/com/aetherteam/aether/client/renderer/AetherModelLayers.java; output-aether/proveniencia.json,evidence-final-aether/aether-1.21.1-1.5.10-neoforge.jar::data/aether/loot_table/entities/sheepuff/cyan.json; evidence-final-aether/src/main/java/com/aetherteam/aether/entity/passive/Sheepuff.java,/bestiary/receitas/aether.html#receita-blue-cape-cyan-wool | [Receita blue_cape_cyan_wool](lote-final-2026-10-06/aether-cards-2026-10-06.md#receita-blue-cape-cyan-wool) — data/aether/recipe/blue_cape_cyan_wool.json
Sheepuff,The Aether,Criatura AetherAnimal; comportamento definido na classe e herança citadas,"Bioma skyroot_forest (creature); peso 12, grupo 3–4; data/aether/worldgen/biome/skyroot_forest.json; Bioma skyroot_woodland (creature); peso 12, grupo 3–4; data/aether/worldgen/biome/skyroot_woodland.json; Bioma skyroot_meadow (creature); peso 12, grupo 3–4; data/aether/worldgen/biome/skyroot_meadow.json; Bioma skyroot_grove (creature); peso 12, grupo 3–4; data/aether/worldgen/biome/skyroot_grove.json; ",Loot de morte por cor,minecraft:mutton,1–2,"Sheepuff não tosquiado, cor cyan; tabela alternativa substitui base; pool2: 1 sorteio(s); reposição se múltiplos rolls; peso bruto 1/1; normaliza apenas entradas elegíveis; pool1: 1 sorteio(s); reposição se múltiplos rolls; peso bruto 1/1; normaliza apenas entradas elegíveis; set_count; aplica receita de fundição ao item; função somente se (this satisfaz {""flags"": {""is_on_fire"": true}}) OU (direct_attacker satisfaz {""equipment"": {""mainhand"": {""predicates"": {""minecraft:enchantments"": [{""enchantments"": ""#minecraft:smelts_loot""}]}}}}); Saque minecraft:looting: bônus Math.round(nível × sorteio 0–1); limite sem limite explícito","Ingrediente nas receitas vanilla1.21.1: {'id': 'minecraft:cooked_mutton'}, {'id': 'minecraft:cooked_mutton'}, {'id': 'minecraft:cooked_mutton'}",Alta nos arquivos versionados; configurações/datapacks externos não confirmados,/images/bestiary/audited/aether/sheepuff.png,src/main/java/com/aetherteam/aether/client/renderer/entity/model/SheepuffModel.java; src/main/java/com/aetherteam/aether/client/renderer/entity/model/SheepuffWoolModel.java; src/main/java/com/aetherteam/aether/client/renderer/entity/SheepuffRenderer.java; src/main/resources/assets/aether/textures/entity/mobs/sheepuff/sheepuff.png; src/main/resources/assets/aether/textures/entity/mobs/sheepuff/sheepuff_wool.png; src/main/java/com/aetherteam/aether/client/renderer/entity/layers/SheepuffWoolLayer.java; src/main/java/com/aetherteam/aether/client/renderer/AetherRenderers.java; src/main/java/com/aetherteam/aether/client/renderer/AetherModelLayers.java; output-aether/proveniencia.json,evidence-final-aether/aether-1.21.1-1.5.10-neoforge.jar::data/aether/loot_table/entities/sheepuff.json; evidence-final-aether/src/main/java/com/aetherteam/aether/entity/passive/Sheepuff.java,[Receitas vanilla1.21.1](lote-final-2026-10-06/receitas-vanilla.json)
Sheepuff,The Aether,Criatura AetherAnimal; comportamento definido na classe e herança citadas,"Bioma skyroot_forest (creature); peso 12, grupo 3–4; data/aether/worldgen/biome/skyroot_forest.json; Bioma skyroot_woodland (creature); peso 12, grupo 3–4; data/aether/worldgen/biome/skyroot_woodland.json; Bioma skyroot_meadow (creature); peso 12, grupo 3–4; data/aether/worldgen/biome/skyroot_meadow.json; Bioma skyroot_grove (creature); peso 12, grupo 3–4; data/aether/worldgen/biome/skyroot_grove.json; ",Loot de morte por cor,minecraft:purple_wool,1,"Sheepuff não tosquiado, cor purple; tabela alternativa substitui base; pool1: 1 sorteio(s); reposição se múltiplos rolls; peso bruto 1/1; normaliza apenas entradas elegíveis","Bloco decorativo; camas, bandeiras e demais recipes vanilla",Alta nos arquivos versionados; configurações/datapacks externos não confirmados,/images/bestiary/audited/aether/sheepuff.png,src/main/java/com/aetherteam/aether/client/renderer/entity/model/SheepuffModel.java; src/main/java/com/aetherteam/aether/client/renderer/entity/model/SheepuffWoolModel.java; src/main/java/com/aetherteam/aether/client/renderer/entity/SheepuffRenderer.java; src/main/resources/assets/aether/textures/entity/mobs/sheepuff/sheepuff.png; src/main/resources/assets/aether/textures/entity/mobs/sheepuff/sheepuff_wool.png; src/main/java/com/aetherteam/aether/client/renderer/entity/layers/SheepuffWoolLayer.java; src/main/java/com/aetherteam/aether/client/renderer/AetherRenderers.java; src/main/java/com/aetherteam/aether/client/renderer/AetherModelLayers.java; output-aether/proveniencia.json,evidence-final-aether/aether-1.21.1-1.5.10-neoforge.jar::data/aether/loot_table/entities/sheepuff/purple.json; evidence-final-aether/src/main/java/com/aetherteam/aether/entity/passive/Sheepuff.java,[Receitas vanilla1.21.1](lote-final-2026-10-06/receitas-vanilla.json)
Sheepuff,The Aether,Criatura AetherAnimal; comportamento definido na classe e herança citadas,"Bioma skyroot_forest (creature); peso 12, grupo 3–4; data/aether/worldgen/biome/skyroot_forest.json; Bioma skyroot_woodland (creature); peso 12, grupo 3–4; data/aether/worldgen/biome/skyroot_woodland.json; Bioma skyroot_meadow (creature); peso 12, grupo 3–4; data/aether/worldgen/biome/skyroot_meadow.json; Bioma skyroot_grove (creature); peso 12, grupo 3–4; data/aether/worldgen/biome/skyroot_grove.json; ",Loot de morte por cor,minecraft:mutton,1–2,"Sheepuff não tosquiado, cor purple; tabela alternativa substitui base; pool2: 1 sorteio(s); reposição se múltiplos rolls; peso bruto 1/1; normaliza apenas entradas elegíveis; pool1: 1 sorteio(s); reposição se múltiplos rolls; peso bruto 1/1; normaliza apenas entradas elegíveis; set_count; aplica receita de fundição ao item; função somente se (this satisfaz {""flags"": {""is_on_fire"": true}}) OU (direct_attacker satisfaz {""equipment"": {""mainhand"": {""predicates"": {""minecraft:enchantments"": [{""enchantments"": ""#minecraft:smelts_loot""}]}}}}); Saque minecraft:looting: bônus Math.round(nível × sorteio 0–1); limite sem limite explícito","Ingrediente nas receitas vanilla1.21.1: {'id': 'minecraft:cooked_mutton'}, {'id': 'minecraft:cooked_mutton'}, {'id': 'minecraft:cooked_mutton'}",Alta nos arquivos versionados; configurações/datapacks externos não confirmados,/images/bestiary/audited/aether/sheepuff.png,src/main/java/com/aetherteam/aether/client/renderer/entity/model/SheepuffModel.java; src/main/java/com/aetherteam/aether/client/renderer/entity/model/SheepuffWoolModel.java; src/main/java/com/aetherteam/aether/client/renderer/entity/SheepuffRenderer.java; src/main/resources/assets/aether/textures/entity/mobs/sheepuff/sheepuff.png; src/main/resources/assets/aether/textures/entity/mobs/sheepuff/sheepuff_wool.png; src/main/java/com/aetherteam/aether/client/renderer/entity/layers/SheepuffWoolLayer.java; src/main/java/com/aetherteam/aether/client/renderer/AetherRenderers.java; src/main/java/com/aetherteam/aether/client/renderer/AetherModelLayers.java; output-aether/proveniencia.json,evidence-final-aether/aether-1.21.1-1.5.10-neoforge.jar::data/aether/loot_table/entities/sheepuff.json; evidence-final-aether/src/main/java/com/aetherteam/aether/entity/passive/Sheepuff.java,[Receitas vanilla1.21.1](lote-final-2026-10-06/receitas-vanilla.json)
Sheepuff,The Aether,Criatura AetherAnimal; comportamento definido na classe e herança citadas,"Bioma skyroot_forest (creature); peso 12, grupo 3–4; data/aether/worldgen/biome/skyroot_forest.json; Bioma skyroot_woodland (creature); peso 12, grupo 3–4; data/aether/worldgen/biome/skyroot_woodland.json; Bioma skyroot_meadow (creature); peso 12, grupo 3–4; data/aether/worldgen/biome/skyroot_meadow.json; Bioma skyroot_grove (creature); peso 12, grupo 3–4; data/aether/worldgen/biome/skyroot_grove.json; ",Loot de morte por cor,minecraft:blue_wool,1,"Sheepuff não tosquiado, cor blue; tabela alternativa substitui base; pool1: 1 sorteio(s); reposição se múltiplos rolls; peso bruto 1/1; normaliza apenas entradas elegíveis","Ingrediente nas receitas auditadas: {'count': 1, 'id': 'aether:blue_cape'}",Alta nos arquivos versionados; configurações/datapacks externos não confirmados,/images/bestiary/audited/aether/sheepuff.png,src/main/java/com/aetherteam/aether/client/renderer/entity/model/SheepuffModel.java; src/main/java/com/aetherteam/aether/client/renderer/entity/model/SheepuffWoolModel.java; src/main/java/com/aetherteam/aether/client/renderer/entity/SheepuffRenderer.java; src/main/resources/assets/aether/textures/entity/mobs/sheepuff/sheepuff.png; src/main/resources/assets/aether/textures/entity/mobs/sheepuff/sheepuff_wool.png; src/main/java/com/aetherteam/aether/client/renderer/entity/layers/SheepuffWoolLayer.java; src/main/java/com/aetherteam/aether/client/renderer/AetherRenderers.java; src/main/java/com/aetherteam/aether/client/renderer/AetherModelLayers.java; output-aether/proveniencia.json,evidence-final-aether/aether-1.21.1-1.5.10-neoforge.jar::data/aether/loot_table/entities/sheepuff/blue.json; evidence-final-aether/src/main/java/com/aetherteam/aether/entity/passive/Sheepuff.java,/bestiary/receitas/aether.html#receita-blue-cape-blue-wool | [Receita blue_cape_blue_wool](lote-final-2026-10-06/aether-cards-2026-10-06.md#receita-blue-cape-blue-wool) — data/aether/recipe/blue_cape_blue_wool.json
Sheepuff,The Aether,Criatura AetherAnimal; comportamento definido na classe e herança citadas,"Bioma skyroot_forest (creature); peso 12, grupo 3–4; data/aether/worldgen/biome/skyroot_forest.json; Bioma skyroot_woodland (creature); peso 12, grupo 3–4; data/aether/worldgen/biome/skyroot_woodland.json; Bioma skyroot_meadow (creature); peso 12, grupo 3–4; data/aether/worldgen/biome/skyroot_meadow.json; Bioma skyroot_grove (creature); peso 12, grupo 3–4; data/aether/worldgen/biome/skyroot_grove.json; ",Loot de morte por cor,minecraft:mutton,1–2,"Sheepuff não tosquiado, cor blue; tabela alternativa substitui base; pool2: 1 sorteio(s); reposição se múltiplos rolls; peso bruto 1/1; normaliza apenas entradas elegíveis; pool1: 1 sorteio(s); reposição se múltiplos rolls; peso bruto 1/1; normaliza apenas entradas elegíveis; set_count; aplica receita de fundição ao item; função somente se (this satisfaz {""flags"": {""is_on_fire"": true}}) OU (direct_attacker satisfaz {""equipment"": {""mainhand"": {""predicates"": {""minecraft:enchantments"": [{""enchantments"": ""#minecraft:smelts_loot""}]}}}}); Saque minecraft:looting: bônus Math.round(nível × sorteio 0–1); limite sem limite explícito","Ingrediente nas receitas vanilla1.21.1: {'id': 'minecraft:cooked_mutton'}, {'id': 'minecraft:cooked_mutton'}, {'id': 'minecraft:cooked_mutton'}",Alta nos arquivos versionados; configurações/datapacks externos não confirmados,/images/bestiary/audited/aether/sheepuff.png,src/main/java/com/aetherteam/aether/client/renderer/entity/model/SheepuffModel.java; src/main/java/com/aetherteam/aether/client/renderer/entity/model/SheepuffWoolModel.java; src/main/java/com/aetherteam/aether/client/renderer/entity/SheepuffRenderer.java; src/main/resources/assets/aether/textures/entity/mobs/sheepuff/sheepuff.png; src/main/resources/assets/aether/textures/entity/mobs/sheepuff/sheepuff_wool.png; src/main/java/com/aetherteam/aether/client/renderer/entity/layers/SheepuffWoolLayer.java; src/main/java/com/aetherteam/aether/client/renderer/AetherRenderers.java; src/main/java/com/aetherteam/aether/client/renderer/AetherModelLayers.java; output-aether/proveniencia.json,evidence-final-aether/aether-1.21.1-1.5.10-neoforge.jar::data/aether/loot_table/entities/sheepuff.json; evidence-final-aether/src/main/java/com/aetherteam/aether/entity/passive/Sheepuff.java,[Receitas vanilla1.21.1](lote-final-2026-10-06/receitas-vanilla.json)
Sheepuff,The Aether,Criatura AetherAnimal; comportamento definido na classe e herança citadas,"Bioma skyroot_forest (creature); peso 12, grupo 3–4; data/aether/worldgen/biome/skyroot_forest.json; Bioma skyroot_woodland (creature); peso 12, grupo 3–4; data/aether/worldgen/biome/skyroot_woodland.json; Bioma skyroot_meadow (creature); peso 12, grupo 3–4; data/aether/worldgen/biome/skyroot_meadow.json; Bioma skyroot_grove (creature); peso 12, grupo 3–4; data/aether/worldgen/biome/skyroot_grove.json; ",Loot de morte por cor,minecraft:brown_wool,1,"Sheepuff não tosquiado, cor brown; tabela alternativa substitui base; pool1: 1 sorteio(s); reposição se múltiplos rolls; peso bruto 1/1; normaliza apenas entradas elegíveis","Bloco decorativo; camas, bandeiras e demais recipes vanilla",Alta nos arquivos versionados; configurações/datapacks externos não confirmados,/images/bestiary/audited/aether/sheepuff.png,src/main/java/com/aetherteam/aether/client/renderer/entity/model/SheepuffModel.java; src/main/java/com/aetherteam/aether/client/renderer/entity/model/SheepuffWoolModel.java; src/main/java/com/aetherteam/aether/client/renderer/entity/SheepuffRenderer.java; src/main/resources/assets/aether/textures/entity/mobs/sheepuff/sheepuff.png; src/main/resources/assets/aether/textures/entity/mobs/sheepuff/sheepuff_wool.png; src/main/java/com/aetherteam/aether/client/renderer/entity/layers/SheepuffWoolLayer.java; src/main/java/com/aetherteam/aether/client/renderer/AetherRenderers.java; src/main/java/com/aetherteam/aether/client/renderer/AetherModelLayers.java; output-aether/proveniencia.json,evidence-final-aether/aether-1.21.1-1.5.10-neoforge.jar::data/aether/loot_table/entities/sheepuff/brown.json; evidence-final-aether/src/main/java/com/aetherteam/aether/entity/passive/Sheepuff.java,[Receitas vanilla1.21.1](lote-final-2026-10-06/receitas-vanilla.json)
Sheepuff,The Aether,Criatura AetherAnimal; comportamento definido na classe e herança citadas,"Bioma skyroot_forest (creature); peso 12, grupo 3–4; data/aether/worldgen/biome/skyroot_forest.json; Bioma skyroot_woodland (creature); peso 12, grupo 3–4; data/aether/worldgen/biome/skyroot_woodland.json; Bioma skyroot_meadow (creature); peso 12, grupo 3–4; data/aether/worldgen/biome/skyroot_meadow.json; Bioma skyroot_grove (creature); peso 12, grupo 3–4; data/aether/worldgen/biome/skyroot_grove.json; ",Loot de morte por cor,minecraft:mutton,1–2,"Sheepuff não tosquiado, cor brown; tabela alternativa substitui base; pool2: 1 sorteio(s); reposição se múltiplos rolls; peso bruto 1/1; normaliza apenas entradas elegíveis; pool1: 1 sorteio(s); reposição se múltiplos rolls; peso bruto 1/1; normaliza apenas entradas elegíveis; set_count; aplica receita de fundição ao item; função somente se (this satisfaz {""flags"": {""is_on_fire"": true}}) OU (direct_attacker satisfaz {""equipment"": {""mainhand"": {""predicates"": {""minecraft:enchantments"": [{""enchantments"": ""#minecraft:smelts_loot""}]}}}}); Saque minecraft:looting: bônus Math.round(nível × sorteio 0–1); limite sem limite explícito","Ingrediente nas receitas vanilla1.21.1: {'id': 'minecraft:cooked_mutton'}, {'id': 'minecraft:cooked_mutton'}, {'id': 'minecraft:cooked_mutton'}",Alta nos arquivos versionados; configurações/datapacks externos não confirmados,/images/bestiary/audited/aether/sheepuff.png,src/main/java/com/aetherteam/aether/client/renderer/entity/model/SheepuffModel.java; src/main/java/com/aetherteam/aether/client/renderer/entity/model/SheepuffWoolModel.java; src/main/java/com/aetherteam/aether/client/renderer/entity/SheepuffRenderer.java; src/main/resources/assets/aether/textures/entity/mobs/sheepuff/sheepuff.png; src/main/resources/assets/aether/textures/entity/mobs/sheepuff/sheepuff_wool.png; src/main/java/com/aetherteam/aether/client/renderer/entity/layers/SheepuffWoolLayer.java; src/main/java/com/aetherteam/aether/client/renderer/AetherRenderers.java; src/main/java/com/aetherteam/aether/client/renderer/AetherModelLayers.java; output-aether/proveniencia.json,evidence-final-aether/aether-1.21.1-1.5.10-neoforge.jar::data/aether/loot_table/entities/sheepuff.json; evidence-final-aether/src/main/java/com/aetherteam/aether/entity/passive/Sheepuff.java,[Receitas vanilla1.21.1](lote-final-2026-10-06/receitas-vanilla.json)
Sheepuff,The Aether,Criatura AetherAnimal; comportamento definido na classe e herança citadas,"Bioma skyroot_forest (creature); peso 12, grupo 3–4; data/aether/worldgen/biome/skyroot_forest.json; Bioma skyroot_woodland (creature); peso 12, grupo 3–4; data/aether/worldgen/biome/skyroot_woodland.json; Bioma skyroot_meadow (creature); peso 12, grupo 3–4; data/aether/worldgen/biome/skyroot_meadow.json; Bioma skyroot_grove (creature); peso 12, grupo 3–4; data/aether/worldgen/biome/skyroot_grove.json; ",Loot de morte por cor,minecraft:green_wool,1,"Sheepuff não tosquiado, cor green; tabela alternativa substitui base; pool1: 1 sorteio(s); reposição se múltiplos rolls; peso bruto 1/1; normaliza apenas entradas elegíveis","Bloco decorativo; camas, bandeiras e demais recipes vanilla",Alta nos arquivos versionados; configurações/datapacks externos não confirmados,/images/bestiary/audited/aether/sheepuff.png,src/main/java/com/aetherteam/aether/client/renderer/entity/model/SheepuffModel.java; src/main/java/com/aetherteam/aether/client/renderer/entity/model/SheepuffWoolModel.java; src/main/java/com/aetherteam/aether/client/renderer/entity/SheepuffRenderer.java; src/main/resources/assets/aether/textures/entity/mobs/sheepuff/sheepuff.png; src/main/resources/assets/aether/textures/entity/mobs/sheepuff/sheepuff_wool.png; src/main/java/com/aetherteam/aether/client/renderer/entity/layers/SheepuffWoolLayer.java; src/main/java/com/aetherteam/aether/client/renderer/AetherRenderers.java; src/main/java/com/aetherteam/aether/client/renderer/AetherModelLayers.java; output-aether/proveniencia.json,evidence-final-aether/aether-1.21.1-1.5.10-neoforge.jar::data/aether/loot_table/entities/sheepuff/green.json; evidence-final-aether/src/main/java/com/aetherteam/aether/entity/passive/Sheepuff.java,[Receitas vanilla1.21.1](lote-final-2026-10-06/receitas-vanilla.json)
Sheepuff,The Aether,Criatura AetherAnimal; comportamento definido na classe e herança citadas,"Bioma skyroot_forest (creature); peso 12, grupo 3–4; data/aether/worldgen/biome/skyroot_forest.json; Bioma skyroot_woodland (creature); peso 12, grupo 3–4; data/aether/worldgen/biome/skyroot_woodland.json; Bioma skyroot_meadow (creature); peso 12, grupo 3–4; data/aether/worldgen/biome/skyroot_meadow.json; Bioma skyroot_grove (creature); peso 12, grupo 3–4; data/aether/worldgen/biome/skyroot_grove.json; ",Loot de morte por cor,minecraft:mutton,1–2,"Sheepuff não tosquiado, cor green; tabela alternativa substitui base; pool2: 1 sorteio(s); reposição se múltiplos rolls; peso bruto 1/1; normaliza apenas entradas elegíveis; pool1: 1 sorteio(s); reposição se múltiplos rolls; peso bruto 1/1; normaliza apenas entradas elegíveis; set_count; aplica receita de fundição ao item; função somente se (this satisfaz {""flags"": {""is_on_fire"": true}}) OU (direct_attacker satisfaz {""equipment"": {""mainhand"": {""predicates"": {""minecraft:enchantments"": [{""enchantments"": ""#minecraft:smelts_loot""}]}}}}); Saque minecraft:looting: bônus Math.round(nível × sorteio 0–1); limite sem limite explícito","Ingrediente nas receitas vanilla1.21.1: {'id': 'minecraft:cooked_mutton'}, {'id': 'minecraft:cooked_mutton'}, {'id': 'minecraft:cooked_mutton'}",Alta nos arquivos versionados; configurações/datapacks externos não confirmados,/images/bestiary/audited/aether/sheepuff.png,src/main/java/com/aetherteam/aether/client/renderer/entity/model/SheepuffModel.java; src/main/java/com/aetherteam/aether/client/renderer/entity/model/SheepuffWoolModel.java; src/main/java/com/aetherteam/aether/client/renderer/entity/SheepuffRenderer.java; src/main/resources/assets/aether/textures/entity/mobs/sheepuff/sheepuff.png; src/main/resources/assets/aether/textures/entity/mobs/sheepuff/sheepuff_wool.png; src/main/java/com/aetherteam/aether/client/renderer/entity/layers/SheepuffWoolLayer.java; src/main/java/com/aetherteam/aether/client/renderer/AetherRenderers.java; src/main/java/com/aetherteam/aether/client/renderer/AetherModelLayers.java; output-aether/proveniencia.json,evidence-final-aether/aether-1.21.1-1.5.10-neoforge.jar::data/aether/loot_table/entities/sheepuff.json; evidence-final-aether/src/main/java/com/aetherteam/aether/entity/passive/Sheepuff.java,[Receitas vanilla1.21.1](lote-final-2026-10-06/receitas-vanilla.json)
Sheepuff,The Aether,Criatura AetherAnimal; comportamento definido na classe e herança citadas,"Bioma skyroot_forest (creature); peso 12, grupo 3–4; data/aether/worldgen/biome/skyroot_forest.json; Bioma skyroot_woodland (creature); peso 12, grupo 3–4; data/aether/worldgen/biome/skyroot_woodland.json; Bioma skyroot_meadow (creature); peso 12, grupo 3–4; data/aether/worldgen/biome/skyroot_meadow.json; Bioma skyroot_grove (creature); peso 12, grupo 3–4; data/aether/worldgen/biome/skyroot_grove.json; ",Loot de morte por cor,minecraft:red_wool,1,"Sheepuff não tosquiado, cor red; tabela alternativa substitui base; pool1: 1 sorteio(s); reposição se múltiplos rolls; peso bruto 1/1; normaliza apenas entradas elegíveis","Ingrediente nas receitas auditadas: {'count': 1, 'id': 'aether:red_cape'}",Alta nos arquivos versionados; configurações/datapacks externos não confirmados,/images/bestiary/audited/aether/sheepuff.png,src/main/java/com/aetherteam/aether/client/renderer/entity/model/SheepuffModel.java; src/main/java/com/aetherteam/aether/client/renderer/entity/model/SheepuffWoolModel.java; src/main/java/com/aetherteam/aether/client/renderer/entity/SheepuffRenderer.java; src/main/resources/assets/aether/textures/entity/mobs/sheepuff/sheepuff.png; src/main/resources/assets/aether/textures/entity/mobs/sheepuff/sheepuff_wool.png; src/main/java/com/aetherteam/aether/client/renderer/entity/layers/SheepuffWoolLayer.java; src/main/java/com/aetherteam/aether/client/renderer/AetherRenderers.java; src/main/java/com/aetherteam/aether/client/renderer/AetherModelLayers.java; output-aether/proveniencia.json,evidence-final-aether/aether-1.21.1-1.5.10-neoforge.jar::data/aether/loot_table/entities/sheepuff/red.json; evidence-final-aether/src/main/java/com/aetherteam/aether/entity/passive/Sheepuff.java,/bestiary/receitas/aether.html#receita-red-cape | [Receita red_cape](lote-final-2026-10-06/aether-cards-2026-10-06.md#receita-red-cape) — data/aether/recipe/red_cape.json
Sheepuff,The Aether,Criatura AetherAnimal; comportamento definido na classe e herança citadas,"Bioma skyroot_forest (creature); peso 12, grupo 3–4; data/aether/worldgen/biome/skyroot_forest.json; Bioma skyroot_woodland (creature); peso 12, grupo 3–4; data/aether/worldgen/biome/skyroot_woodland.json; Bioma skyroot_meadow (creature); peso 12, grupo 3–4; data/aether/worldgen/biome/skyroot_meadow.json; Bioma skyroot_grove (creature); peso 12, grupo 3–4; data/aether/worldgen/biome/skyroot_grove.json; ",Loot de morte por cor,minecraft:mutton,1–2,"Sheepuff não tosquiado, cor red; tabela alternativa substitui base; pool2: 1 sorteio(s); reposição se múltiplos rolls; peso bruto 1/1; normaliza apenas entradas elegíveis; pool1: 1 sorteio(s); reposição se múltiplos rolls; peso bruto 1/1; normaliza apenas entradas elegíveis; set_count; aplica receita de fundição ao item; função somente se (this satisfaz {""flags"": {""is_on_fire"": true}}) OU (direct_attacker satisfaz {""equipment"": {""mainhand"": {""predicates"": {""minecraft:enchantments"": [{""enchantments"": ""#minecraft:smelts_loot""}]}}}}); Saque minecraft:looting: bônus Math.round(nível × sorteio 0–1); limite sem limite explícito","Ingrediente nas receitas vanilla1.21.1: {'id': 'minecraft:cooked_mutton'}, {'id': 'minecraft:cooked_mutton'}, {'id': 'minecraft:cooked_mutton'}",Alta nos arquivos versionados; configurações/datapacks externos não confirmados,/images/bestiary/audited/aether/sheepuff.png,src/main/java/com/aetherteam/aether/client/renderer/entity/model/SheepuffModel.java; src/main/java/com/aetherteam/aether/client/renderer/entity/model/SheepuffWoolModel.java; src/main/java/com/aetherteam/aether/client/renderer/entity/SheepuffRenderer.java; src/main/resources/assets/aether/textures/entity/mobs/sheepuff/sheepuff.png; src/main/resources/assets/aether/textures/entity/mobs/sheepuff/sheepuff_wool.png; src/main/java/com/aetherteam/aether/client/renderer/entity/layers/SheepuffWoolLayer.java; src/main/java/com/aetherteam/aether/client/renderer/AetherRenderers.java; src/main/java/com/aetherteam/aether/client/renderer/AetherModelLayers.java; output-aether/proveniencia.json,evidence-final-aether/aether-1.21.1-1.5.10-neoforge.jar::data/aether/loot_table/entities/sheepuff.json; evidence-final-aether/src/main/java/com/aetherteam/aether/entity/passive/Sheepuff.java,[Receitas vanilla1.21.1](lote-final-2026-10-06/receitas-vanilla.json)
Sheepuff,The Aether,Criatura AetherAnimal; comportamento definido na classe e herança citadas,"Bioma skyroot_forest (creature); peso 12, grupo 3–4; data/aether/worldgen/biome/skyroot_forest.json; Bioma skyroot_woodland (creature); peso 12, grupo 3–4; data/aether/worldgen/biome/skyroot_woodland.json; Bioma skyroot_meadow (creature); peso 12, grupo 3–4; data/aether/worldgen/biome/skyroot_meadow.json; Bioma skyroot_grove (creature); peso 12, grupo 3–4; data/aether/worldgen/biome/skyroot_grove.json; ",Loot de morte por cor,minecraft:black_wool,1,"Sheepuff não tosquiado, cor black; tabela alternativa substitui base; pool1: 1 sorteio(s); reposição se múltiplos rolls; peso bruto 1/1; normaliza apenas entradas elegíveis","Bloco decorativo; camas, bandeiras e demais recipes vanilla",Alta nos arquivos versionados; configurações/datapacks externos não confirmados,/images/bestiary/audited/aether/sheepuff.png,src/main/java/com/aetherteam/aether/client/renderer/entity/model/SheepuffModel.java; src/main/java/com/aetherteam/aether/client/renderer/entity/model/SheepuffWoolModel.java; src/main/java/com/aetherteam/aether/client/renderer/entity/SheepuffRenderer.java; src/main/resources/assets/aether/textures/entity/mobs/sheepuff/sheepuff.png; src/main/resources/assets/aether/textures/entity/mobs/sheepuff/sheepuff_wool.png; src/main/java/com/aetherteam/aether/client/renderer/entity/layers/SheepuffWoolLayer.java; src/main/java/com/aetherteam/aether/client/renderer/AetherRenderers.java; src/main/java/com/aetherteam/aether/client/renderer/AetherModelLayers.java; output-aether/proveniencia.json,evidence-final-aether/aether-1.21.1-1.5.10-neoforge.jar::data/aether/loot_table/entities/sheepuff/black.json; evidence-final-aether/src/main/java/com/aetherteam/aether/entity/passive/Sheepuff.java,[Receitas vanilla1.21.1](lote-final-2026-10-06/receitas-vanilla.json)
Sheepuff,The Aether,Criatura AetherAnimal; comportamento definido na classe e herança citadas,"Bioma skyroot_forest (creature); peso 12, grupo 3–4; data/aether/worldgen/biome/skyroot_forest.json; Bioma skyroot_woodland (creature); peso 12, grupo 3–4; data/aether/worldgen/biome/skyroot_woodland.json; Bioma skyroot_meadow (creature); peso 12, grupo 3–4; data/aether/worldgen/biome/skyroot_meadow.json; Bioma skyroot_grove (creature); peso 12, grupo 3–4; data/aether/worldgen/biome/skyroot_grove.json; ",Loot de morte por cor,minecraft:mutton,1–2,"Sheepuff não tosquiado, cor black; tabela alternativa substitui base; pool2: 1 sorteio(s); reposição se múltiplos rolls; peso bruto 1/1; normaliza apenas entradas elegíveis; pool1: 1 sorteio(s); reposição se múltiplos rolls; peso bruto 1/1; normaliza apenas entradas elegíveis; set_count; aplica receita de fundição ao item; função somente se (this satisfaz {""flags"": {""is_on_fire"": true}}) OU (direct_attacker satisfaz {""equipment"": {""mainhand"": {""predicates"": {""minecraft:enchantments"": [{""enchantments"": ""#minecraft:smelts_loot""}]}}}}); Saque minecraft:looting: bônus Math.round(nível × sorteio 0–1); limite sem limite explícito","Ingrediente nas receitas vanilla1.21.1: {'id': 'minecraft:cooked_mutton'}, {'id': 'minecraft:cooked_mutton'}, {'id': 'minecraft:cooked_mutton'}",Alta nos arquivos versionados; configurações/datapacks externos não confirmados,/images/bestiary/audited/aether/sheepuff.png,src/main/java/com/aetherteam/aether/client/renderer/entity/model/SheepuffModel.java; src/main/java/com/aetherteam/aether/client/renderer/entity/model/SheepuffWoolModel.java; src/main/java/com/aetherteam/aether/client/renderer/entity/SheepuffRenderer.java; src/main/resources/assets/aether/textures/entity/mobs/sheepuff/sheepuff.png; src/main/resources/assets/aether/textures/entity/mobs/sheepuff/sheepuff_wool.png; src/main/java/com/aetherteam/aether/client/renderer/entity/layers/SheepuffWoolLayer.java; src/main/java/com/aetherteam/aether/client/renderer/AetherRenderers.java; src/main/java/com/aetherteam/aether/client/renderer/AetherModelLayers.java; output-aether/proveniencia.json,evidence-final-aether/aether-1.21.1-1.5.10-neoforge.jar::data/aether/loot_table/entities/sheepuff.json; evidence-final-aether/src/main/java/com/aetherteam/aether/entity/passive/Sheepuff.java,[Receitas vanilla1.21.1](lote-final-2026-10-06/receitas-vanilla.json)
Sheepuff,The Aether,Criatura AetherAnimal; comportamento definido na classe e herança citadas,"Bioma skyroot_forest (creature); peso 12, grupo 3–4; data/aether/worldgen/biome/skyroot_forest.json; Bioma skyroot_woodland (creature); peso 12, grupo 3–4; data/aether/worldgen/biome/skyroot_woodland.json; Bioma skyroot_meadow (creature); peso 12, grupo 3–4; data/aether/worldgen/biome/skyroot_meadow.json; Bioma skyroot_grove (creature); peso 12, grupo 3–4; data/aether/worldgen/biome/skyroot_grove.json; ",Interação/mecânica fora do pool,Lã da cor atual,1–3 normal /2–4 puffed,Adulto vivo não tosquiado e tesoura. Puffed perde puff sem marcar tosquiado; normal fica tosquiado. Quantidade: base1ou2 +nextInt3,"Construção, camas e bandeiras; reprodução/regeneração por alimentação/pasto",Alta nos arquivos versionados; configurações/datapacks externos não confirmados,/images/bestiary/audited/aether/sheepuff.png,src/main/java/com/aetherteam/aether/client/renderer/entity/model/SheepuffModel.java; src/main/java/com/aetherteam/aether/client/renderer/entity/model/SheepuffWoolModel.java; src/main/java/com/aetherteam/aether/client/renderer/entity/SheepuffRenderer.java; src/main/resources/assets/aether/textures/entity/mobs/sheepuff/sheepuff.png; src/main/resources/assets/aether/textures/entity/mobs/sheepuff/sheepuff_wool.png; src/main/java/com/aetherteam/aether/client/renderer/entity/layers/SheepuffWoolLayer.java; src/main/java/com/aetherteam/aether/client/renderer/AetherRenderers.java; src/main/java/com/aetherteam/aether/client/renderer/AetherModelLayers.java; output-aether/proveniencia.json,/workspace/scratch/25006bff7ab5/evidence-final-aether/src/main/java/com/aetherteam/aether/entity/passive/Sheepuff.java; MountableAnimal.java; SkyrootBucketItem.java; evidence-final-aether/src/main/java/com/aetherteam/aether/entity/passive/Sheepuff.java,Não aplicável: uso direto ou nenhuma receita identificada na build
Moa,The Aether,"Criatura MountableAnimal; alvos: Swet, AechorPlant","Bioma skyroot_forest (creature); peso 8, grupo 1–3; data/aether/worldgen/biome/skyroot_forest.json; Bioma skyroot_woodland (creature); peso 8, grupo 1–3; data/aether/worldgen/biome/skyroot_woodland.json; Bioma skyroot_meadow (creature); peso 8, grupo 1–3; data/aether/worldgen/biome/skyroot_meadow.json; Bioma skyroot_grove (creature); peso 8, grupo 1–3; data/aether/worldgen/biome/skyroot_grove.json; ",Loot de morte,minecraft:feather,2–3,Loot condicionado ao caminho de morte; herança/interações/variantes fora deste pool separadas; pool1: 1 sorteio(s); reposição se múltiplos rolls; peso bruto 1/1; normaliza apenas entradas elegíveis; set_count; Saque minecraft:looting: bônus Math.round(nível × sorteio 0–2); limite sem limite explícito,Flechas; livro e pena,Alta nos arquivos versionados; configurações/datapacks externos não confirmados,/images/bestiary/audited/aether/moa.png,src/main/java/com/aetherteam/aether/client/renderer/entity/model/BipedBirdModel.java; src/main/java/com/aetherteam/aether/client/renderer/entity/model/MoaModel.java; src/main/java/com/aetherteam/aether/client/renderer/entity/MoaRenderer.java; src/main/resources/assets/aether/textures/entity/mobs/moa/blue_moa.png; src/main/java/com/aetherteam/aether/client/renderer/AetherRenderers.java; src/main/java/com/aetherteam/aether/client/renderer/AetherModelLayers.java; output-aether/proveniencia.json,evidence-final-aether/aether-1.21.1-1.5.10-neoforge.jar::data/aether/loot_table/entities/moa.json; evidence-final-aether/src/main/java/com/aetherteam/aether/entity/passive/Moa.java,[Receitas vanilla1.21.1](lote-final-2026-10-06/receitas-vanilla.json)
Moa,The Aether,"Criatura MountableAnimal; alvos: Swet, AechorPlant","Bioma skyroot_forest (creature); peso 8, grupo 1–3; data/aether/worldgen/biome/skyroot_forest.json; Bioma skyroot_woodland (creature); peso 8, grupo 1–3; data/aether/worldgen/biome/skyroot_woodland.json; Bioma skyroot_meadow (creature); peso 8, grupo 1–3; data/aether/worldgen/biome/skyroot_meadow.json; Bioma skyroot_grove (creature); peso 8, grupo 1–3; data/aether/worldgen/biome/skyroot_grove.json; ",Interação/mecânica fora do pool,Ovo do MoaType atual,1,"Adulto, sem passageiros; temporizador decrementado até0. Reseta6000+nextInt6000 ticks; EggLayEvent pode cancelar/alterar item",Incubação no Incubator; nasce Moa da variante do ovo,Alta nos arquivos versionados; configurações/datapacks externos não confirmados,/images/bestiary/audited/aether/moa.png,src/main/java/com/aetherteam/aether/client/renderer/entity/model/BipedBirdModel.java; src/main/java/com/aetherteam/aether/client/renderer/entity/model/MoaModel.java; src/main/java/com/aetherteam/aether/client/renderer/entity/MoaRenderer.java; src/main/resources/assets/aether/textures/entity/mobs/moa/blue_moa.png; src/main/java/com/aetherteam/aether/client/renderer/AetherRenderers.java; src/main/java/com/aetherteam/aether/client/renderer/AetherModelLayers.java; output-aether/proveniencia.json,/workspace/scratch/25006bff7ab5/evidence-final-aether/src/main/java/com/aetherteam/aether/entity/passive/Moa.java; MountableAnimal.java; SkyrootBucketItem.java; evidence-final-aether/src/main/java/com/aetherteam/aether/entity/passive/Moa.java,Não aplicável: uso direto ou nenhuma receita identificada na build
Moa,The Aether,"Criatura MountableAnimal; alvos: Swet, AechorPlant","Bioma skyroot_forest (creature); peso 8, grupo 1–3; data/aether/worldgen/biome/skyroot_forest.json; Bioma skyroot_woodland (creature); peso 8, grupo 1–3; data/aether/worldgen/biome/skyroot_woodland.json; Bioma skyroot_meadow (creature); peso 8, grupo 1–3; data/aether/worldgen/biome/skyroot_meadow.json; Bioma skyroot_grove (creature); peso 8, grupo 1–3; data/aether/worldgen/biome/skyroot_grove.json; ",Interação/mecânica fora do pool,minecraft:saddle,1,MountableAnimal.dropEquipment: se saddled,Recuperar sela equipada,Alta nos arquivos versionados; configurações/datapacks externos não confirmados,/images/bestiary/audited/aether/moa.png,src/main/java/com/aetherteam/aether/client/renderer/entity/model/BipedBirdModel.java; src/main/java/com/aetherteam/aether/client/renderer/entity/model/MoaModel.java; src/main/java/com/aetherteam/aether/client/renderer/entity/MoaRenderer.java; src/main/resources/assets/aether/textures/entity/mobs/moa/blue_moa.png; src/main/java/com/aetherteam/aether/client/renderer/AetherRenderers.java; src/main/java/com/aetherteam/aether/client/renderer/AetherModelLayers.java; output-aether/proveniencia.json,/workspace/scratch/25006bff7ab5/evidence-final-aether/src/main/java/com/aetherteam/aether/entity/passive/Moa.java; MountableAnimal.java; SkyrootBucketItem.java; evidence-final-aether/src/main/java/com/aetherteam/aether/entity/passive/Moa.java,[Receitas vanilla1.21.1](lote-final-2026-10-06/receitas-vanilla.json)
Aerbunny,The Aether,Criatura AetherAnimal; comportamento definido na classe e herança citadas,"Bioma skyroot_forest (creature); peso 11, grupo 3–3; data/aether/worldgen/biome/skyroot_forest.json; Bioma skyroot_woodland (creature); peso 11, grupo 3–3; data/aether/worldgen/biome/skyroot_woodland.json; Bioma skyroot_meadow (creature); peso 11, grupo 3–3; data/aether/worldgen/biome/skyroot_meadow.json; Bioma skyroot_grove (creature); peso 11, grupo 3–3; data/aether/worldgen/biome/skyroot_grove.json; ",Loot de morte,minecraft:string,0–2,Loot condicionado ao caminho de morte; herança/interações/variantes fora deste pool separadas; pool1: 1 sorteio(s); reposição se múltiplos rolls; peso bruto 1/1; normaliza apenas entradas elegíveis; set_count; Saque minecraft:looting: bônus Math.round(nível × sorteio 0–1); limite sem limite explícito,"Ingrediente nas receitas auditadas: {'count': 1, 'id': 'minecraft:saddle'}",Alta nos arquivos versionados; configurações/datapacks externos não confirmados,/images/bestiary/audited/aether/aerbunny.png,src/main/java/com/aetherteam/aether/client/renderer/entity/model/AerbunnyModel.java; src/main/java/com/aetherteam/aether/client/renderer/entity/AerbunnyRenderer.java; src/main/resources/assets/aether/textures/entity/mobs/aerbunny/aerbunny.png; src/main/java/com/aetherteam/aether/client/renderer/AetherRenderers.java; src/main/java/com/aetherteam/aether/client/renderer/AetherModelLayers.java; output-aether/proveniencia.json,evidence-final-aether/aether-1.21.1-1.5.10-neoforge.jar::data/aether/loot_table/entities/aerbunny.json; evidence-final-aether/src/main/java/com/aetherteam/aether/entity/passive/Aerbunny.java,/bestiary/receitas/aether.html#receita-aether-saddle | [Receita aether_saddle](lote-final-2026-10-06/aether-cards-2026-10-06.md#receita-aether-saddle) — data/aether/recipe/aether_saddle.json
Aerwhale,The Aether,Criatura FlyingMob; comportamento definido na classe e herança citadas,"Bioma skyroot_forest (aether:aether_aerwhale); peso 10, grupo 1–1; data/aether/worldgen/biome/skyroot_forest.json; Bioma skyroot_woodland (aether:aether_aerwhale); peso 10, grupo 1–1; data/aether/worldgen/biome/skyroot_woodland.json; Bioma skyroot_meadow (aether:aether_aerwhale); peso 10, grupo 1–1; data/aether/worldgen/biome/skyroot_meadow.json; Bioma skyroot_grove (aether:aether_aerwhale); peso 10, grupo 1–1; data/aether/worldgen/biome/skyroot_grove.json; ",Tabela de morte vazia,Sem itens no JSON,0,Loot condicionado ao caminho de morte; herança/interações/variantes fora deste pool separadas; pools=[]; mecanismos paralelos separados,Não aplicável,Alta nos arquivos versionados; configurações/datapacks externos não confirmados,/images/bestiary/audited/aether/aerwhale.png,src/main/java/com/aetherteam/aether/client/renderer/entity/model/AerwhaleModel.java; src/main/java/com/aetherteam/aether/client/renderer/entity/AerwhaleRenderer.java; src/main/resources/assets/aether/textures/entity/mobs/aerwhale/aerwhale.png; src/main/java/com/aetherteam/aether/client/renderer/AetherRenderers.java; src/main/java/com/aetherteam/aether/client/renderer/AetherModelLayers.java; output-aether/proveniencia.json,evidence-final-aether/aether-1.21.1-1.5.10-neoforge.jar::data/aether/loot_table/entities/aerwhale.json; evidence-final-aether/src/main/java/com/aetherteam/aether/entity/passive/Aerwhale.java,Não aplicável: uso direto ou nenhuma receita identificada na build
Blue Swet,The Aether,Criatura Slime; alvos: Player,"Bioma skyroot_forest (aether:aether_surface_monster); peso 6, grupo 1–1; data/aether/worldgen/biome/skyroot_forest.json; Bioma skyroot_woodland (aether:aether_surface_monster); peso 6, grupo 1–1; data/aether/worldgen/biome/skyroot_woodland.json; Bioma skyroot_meadow (aether:aether_surface_monster); peso 6, grupo 1–1; data/aether/worldgen/biome/skyroot_meadow.json; Bioma skyroot_grove (aether:aether_surface_monster); peso 6, grupo 1–1; data/aether/worldgen/biome/skyroot_grove.json; ",Loot de morte,aether:swet_ball,1–1,Loot condicionado ao caminho de morte; herança/interações/variantes fora deste pool separadas; pool1: 1 sorteio(s); reposição se múltiplos rolls; peso bruto 1/1; normaliza apenas entradas elegíveis; set_count; Saque minecraft:looting: bônus Math.round(nível × sorteio 0–1); limite sem limite explícito,Aplicar em bloco via receitas Swet Ball Conversion; não é apenas ingrediente de bancada,Alta no recurso/registro/classe citados; condições efetivas do pack não confirmadas,/images/bestiary/audited/aether/blue-swet.png,src/main/java/com/aetherteam/aether/client/renderer/entity/BlueSwetRenderer.java; src/main/resources/assets/aether/textures/entity/mobs/swet/swet_blue.png; src/main/java/com/aetherteam/aether/client/renderer/entity/layers/SwetOuterLayer.java; src/main/java/com/aetherteam/aether/client/renderer/entity/SwetRenderer.java; src/main/java/com/aetherteam/aether/client/renderer/AetherRenderers.java; src/main/java/com/aetherteam/aether/client/renderer/AetherModelLayers.java; output-aether/proveniencia.json,evidence-final-aether/aether-1.21.1-1.5.10-neoforge.jar::data/aether/loot_table/entities/blue_swet.json; evidence-final-aether/src/main/java/com/aetherteam/aether/entity/monster/Swet.java; evidence-final-aether/src/main/java/com/aetherteam/aether/item/AetherItems.java; registros-usos-itens.json#aether:swet_ball,/bestiary/receitas/aether.html#receita-swet-lead | [Receita swet_lead](lote-final-2026-10-06/aether-cards-2026-10-06.md#receita-swet-lead) — data/aether/recipe/swet_lead.json; [Receita swet_sticky_piston](lote-final-2026-10-06/aether-cards-2026-10-06.md#receita-swet-sticky-piston) — data/aether/recipe/swet_sticky_piston.json; [Receita swet_slime_block](lote-final-2026-10-06/aether-cards-2026-10-06.md#receita-swet-slime-block) — data/aether/recipe/swet_slime_block.json
Blue Swet,The Aether,Criatura Slime; alvos: Player,"Bioma skyroot_forest (aether:aether_surface_monster); peso 6, grupo 1–1; data/aether/worldgen/biome/skyroot_forest.json; Bioma skyroot_woodland (aether:aether_surface_monster); peso 6, grupo 1–1; data/aether/worldgen/biome/skyroot_woodland.json; Bioma skyroot_meadow (aether:aether_surface_monster); peso 6, grupo 1–1; data/aether/worldgen/biome/skyroot_meadow.json; Bioma skyroot_grove (aether:aether_surface_monster); peso 6, grupo 1–1; data/aether/worldgen/biome/skyroot_grove.json; ",Loot de morte,aether:blue_aercloud,1–1,Loot condicionado ao caminho de morte; herança/interações/variantes fora deste pool separadas; pool2: 1 sorteio(s); reposição se múltiplos rolls; peso bruto 1/1; normaliza apenas entradas elegíveis; set_count; Saque minecraft:looting: bônus Math.round(nível × sorteio 0–1); limite sem limite explícito,Bloco Aercloud azul; comportamento físico de Aercloud e construção; não consumível,Alta no recurso/registro/classe citados; condições efetivas do pack não confirmadas,/images/bestiary/audited/aether/blue-swet.png,src/main/java/com/aetherteam/aether/client/renderer/entity/BlueSwetRenderer.java; src/main/resources/assets/aether/textures/entity/mobs/swet/swet_blue.png; src/main/java/com/aetherteam/aether/client/renderer/entity/layers/SwetOuterLayer.java; src/main/java/com/aetherteam/aether/client/renderer/entity/SwetRenderer.java; src/main/java/com/aetherteam/aether/client/renderer/AetherRenderers.java; src/main/java/com/aetherteam/aether/client/renderer/AetherModelLayers.java; output-aether/proveniencia.json,evidence-final-aether/aether-1.21.1-1.5.10-neoforge.jar::data/aether/loot_table/entities/blue_swet.json; evidence-final-aether/src/main/java/com/aetherteam/aether/entity/monster/Swet.java,Não aplicável: uso direto ou nenhuma receita identificada na build
Golden Swet,The Aether,Criatura Slime; alvos: Player,"Bioma skyroot_forest (aether:aether_surface_monster); peso 6, grupo 1–1; data/aether/worldgen/biome/skyroot_forest.json; Bioma skyroot_woodland (aether:aether_surface_monster); peso 6, grupo 1–1; data/aether/worldgen/biome/skyroot_woodland.json; Bioma skyroot_meadow (aether:aether_surface_monster); peso 6, grupo 1–1; data/aether/worldgen/biome/skyroot_meadow.json; Bioma skyroot_grove (aether:aether_surface_monster); peso 6, grupo 1–1; data/aether/worldgen/biome/skyroot_grove.json; ",Loot de morte,minecraft:glowstone,1–1,Loot condicionado ao caminho de morte; herança/interações/variantes fora deste pool separadas; pool1: 1 sorteio(s); reposição se múltiplos rolls; peso bruto 1/1; normaliza apenas entradas elegíveis; set_count; Saque minecraft:looting: bônus Math.round(nível × sorteio 0–1); limite sem limite explícito,"Ingrediente nas receitas vanilla1.21.1: {'count': 1, 'id': 'minecraft:redstone_lamp'}, {'count': 1, 'id': 'minecraft:respawn_anchor'}",Alta nos arquivos versionados; configurações/datapacks externos não confirmados,/images/bestiary/audited/aether/golden-swet.png,src/main/java/com/aetherteam/aether/client/renderer/entity/GoldenSwetRenderer.java; src/main/resources/assets/aether/textures/entity/mobs/swet/swet_golden.png; src/main/java/com/aetherteam/aether/client/renderer/entity/layers/SwetOuterLayer.java; src/main/java/com/aetherteam/aether/client/renderer/entity/SwetRenderer.java; src/main/java/com/aetherteam/aether/client/renderer/AetherRenderers.java; src/main/java/com/aetherteam/aether/client/renderer/AetherModelLayers.java; output-aether/proveniencia.json,evidence-final-aether/aether-1.21.1-1.5.10-neoforge.jar::data/aether/loot_table/entities/golden_swet.json; evidence-final-aether/src/main/java/com/aetherteam/aether/entity/monster/Swet.java,[Receitas vanilla1.21.1](lote-final-2026-10-06/receitas-vanilla.json)
Whirlwind,The Aether,Criatura AbstractWhirlwind; comportamento definido na classe e herança citadas,"Bioma skyroot_forest (aether:aether_surface_monster); peso 3, grupo 1–1; data/aether/worldgen/biome/skyroot_forest.json; Bioma skyroot_woodland (aether:aether_surface_monster); peso 3, grupo 1–1; data/aether/worldgen/biome/skyroot_woodland.json; Bioma skyroot_meadow (aether:aether_surface_monster); peso 3, grupo 1–1; data/aether/worldgen/biome/skyroot_meadow.json; Bioma skyroot_grove (aether:aether_surface_monster); peso 3, grupo 1–1; data/aether/worldgen/biome/skyroot_grove.json; ",Tabela de morte vazia,Sem itens no JSON,0,Loot condicionado ao caminho de morte; herança/interações/variantes fora deste pool separadas; pools=[]; mecanismos paralelos separados,Não aplicável,Alta nos arquivos versionados; configurações/datapacks externos não confirmados,/images/bestiary/audited/aether/whirlwind.png,src/main/java/com/aetherteam/aether/client/renderer/entity/WhirlwindRenderer.java; src/main/java/com/aetherteam/aether/entity/monster/AbstractWhirlwind.java; src/main/java/com/aetherteam/aether/entity/monster/PassiveWhirlwind.java; src/main/java/com/aetherteam/aether/client/particle/AbstractWhirlwindParticle.java; src/main/java/com/aetherteam/aether/client/particle/PassiveWhirlwindParticle.java; src/main/resources/assets/aether/particles/passive_whirlwind.json; minecraft:assets/minecraft/textures/particle/generic_0.png; minecraft:assets/minecraft/textures/particle/generic_1.png; minecraft:assets/minecraft/textures/particle/generic_2.png; minecraft:assets/minecraft/textures/particle/generic_3.png; minecraft:assets/minecraft/textures/particle/generic_4.png; minecraft:assets/minecraft/textures/particle/generic_5.png; minecraft:assets/minecraft/textures/particle/generic_6.png; minecraft:assets/minecraft/textures/particle/generic_7.png; output-aether/proveniencia.json,evidence-final-aether/aether-1.21.1-1.5.10-neoforge.jar::data/aether/loot_table/entities/whirlwind.json; evidence-final-aether/src/main/java/com/aetherteam/aether/entity/monster/PassiveWhirlwind.java,Não aplicável: uso direto ou nenhuma receita identificada na build
Whirlwind,The Aether,Criatura AbstractWhirlwind; comportamento definido na classe e herança citadas,"Bioma skyroot_forest (aether:aether_surface_monster); peso 3, grupo 1–1; data/aether/worldgen/biome/skyroot_forest.json; Bioma skyroot_woodland (aether:aether_surface_monster); peso 3, grupo 1–1; data/aether/worldgen/biome/skyroot_woodland.json; Bioma skyroot_meadow (aether:aether_surface_monster); peso 3, grupo 1–1; data/aether/worldgen/biome/skyroot_meadow.json; Bioma skyroot_grove (aether:aether_surface_monster); peso 3, grupo 1–1; data/aether/worldgen/biome/skyroot_grove.json; ",Itens emitidos vivo,minecraft:diamond,1,AbstractWhirlwind: dropsTimer incrementa se getTarget!=null; a cada128 ticks elegíveis chama spawnDrops;25% de chance de executar seletor por chamada; não loot de morte; pool1: 1 sorteio(s); reposição se múltiplos rolls; peso bruto 1/100; normaliza apenas entradas elegíveis,"Ferramentas, armaduras e mecanismos de diamante",Alta nos arquivos versionados; configurações/datapacks externos não confirmados,/images/bestiary/audited/aether/whirlwind.png,src/main/java/com/aetherteam/aether/client/renderer/entity/WhirlwindRenderer.java; src/main/java/com/aetherteam/aether/entity/monster/AbstractWhirlwind.java; src/main/java/com/aetherteam/aether/entity/monster/PassiveWhirlwind.java; src/main/java/com/aetherteam/aether/client/particle/AbstractWhirlwindParticle.java; src/main/java/com/aetherteam/aether/client/particle/PassiveWhirlwindParticle.java; src/main/resources/assets/aether/particles/passive_whirlwind.json; minecraft:assets/minecraft/textures/particle/generic_0.png; minecraft:assets/minecraft/textures/particle/generic_1.png; minecraft:assets/minecraft/textures/particle/generic_2.png; minecraft:assets/minecraft/textures/particle/generic_3.png; minecraft:assets/minecraft/textures/particle/generic_4.png; minecraft:assets/minecraft/textures/particle/generic_5.png; minecraft:assets/minecraft/textures/particle/generic_6.png; minecraft:assets/minecraft/textures/particle/generic_7.png; output-aether/proveniencia.json,evidence-final-aether/aether-1.21.1-1.5.10-neoforge.jar::data/aether/loot_table/selectors/whirlwind_junk.json; evidence-final-aether/src/main/java/com/aetherteam/aether/entity/monster/PassiveWhirlwind.java,[Receitas vanilla1.21.1](lote-final-2026-10-06/receitas-vanilla.json)
Whirlwind,The Aether,Criatura AbstractWhirlwind; comportamento definido na classe e herança citadas,"Bioma skyroot_forest (aether:aether_surface_monster); peso 3, grupo 1–1; data/aether/worldgen/biome/skyroot_forest.json; Bioma skyroot_woodland (aether:aether_surface_monster); peso 3, grupo 1–1; data/aether/worldgen/biome/skyroot_woodland.json; Bioma skyroot_meadow (aether:aether_surface_monster); peso 3, grupo 1–1; data/aether/worldgen/biome/skyroot_meadow.json; Bioma skyroot_grove (aether:aether_surface_monster); peso 3, grupo 1–1; data/aether/worldgen/biome/skyroot_grove.json; ",Itens emitidos vivo,minecraft:iron_ingot,1,AbstractWhirlwind: dropsTimer incrementa se getTarget!=null; a cada128 ticks elegíveis chama spawnDrops;25% de chance de executar seletor por chamada; não loot de morte; pool1: 1 sorteio(s); reposição se múltiplos rolls; peso bruto 4/100; normaliza apenas entradas elegíveis,"Ingrediente nas receitas auditadas: {'count': 1, 'id': 'minecraft:stonecutter'}, {'count': 1, 'id': 'aether:iron_pendant'}, {'count': 1, 'id': 'aether:iron_ring'}",Alta nos arquivos versionados; configurações/datapacks externos não confirmados,/images/bestiary/audited/aether/whirlwind.png,src/main/java/com/aetherteam/aether/client/renderer/entity/WhirlwindRenderer.java; src/main/java/com/aetherteam/aether/entity/monster/AbstractWhirlwind.java; src/main/java/com/aetherteam/aether/entity/monster/PassiveWhirlwind.java; src/main/java/com/aetherteam/aether/client/particle/AbstractWhirlwindParticle.java; src/main/java/com/aetherteam/aether/client/particle/PassiveWhirlwindParticle.java; src/main/resources/assets/aether/particles/passive_whirlwind.json; minecraft:assets/minecraft/textures/particle/generic_0.png; minecraft:assets/minecraft/textures/particle/generic_1.png; minecraft:assets/minecraft/textures/particle/generic_2.png; minecraft:assets/minecraft/textures/particle/generic_3.png; minecraft:assets/minecraft/textures/particle/generic_4.png; minecraft:assets/minecraft/textures/particle/generic_5.png; minecraft:assets/minecraft/textures/particle/generic_6.png; minecraft:assets/minecraft/textures/particle/generic_7.png; output-aether/proveniencia.json,evidence-final-aether/aether-1.21.1-1.5.10-neoforge.jar::data/aether/loot_table/selectors/whirlwind_junk.json; evidence-final-aether/src/main/java/com/aetherteam/aether/entity/monster/PassiveWhirlwind.java,/bestiary/receitas/aether.html#receita-holystone-stonecutter | [Receita holystone_stonecutter](lote-final-2026-10-06/aether-cards-2026-10-06.md#receita-holystone-stonecutter) — data/aether/recipe/holystone_stonecutter.json; [Receita iron_pendant](lote-final-2026-10-06/aether-cards-2026-10-06.md#receita-iron-pendant) — data/aether/recipe/iron_pendant.json; [Receita iron_ring](lote-final-2026-10-06/aether-cards-2026-10-06.md#receita-iron-ring) — data/aether/recipe/iron_ring.json
Whirlwind,The Aether,Criatura AbstractWhirlwind; comportamento definido na classe e herança citadas,"Bioma skyroot_forest (aether:aether_surface_monster); peso 3, grupo 1–1; data/aether/worldgen/biome/skyroot_forest.json; Bioma skyroot_woodland (aether:aether_surface_monster); peso 3, grupo 1–1; data/aether/worldgen/biome/skyroot_woodland.json; Bioma skyroot_meadow (aether:aether_surface_monster); peso 3, grupo 1–1; data/aether/worldgen/biome/skyroot_meadow.json; Bioma skyroot_grove (aether:aether_surface_monster); peso 3, grupo 1–1; data/aether/worldgen/biome/skyroot_grove.json; ",Itens emitidos vivo,minecraft:gold_ingot,1,AbstractWhirlwind: dropsTimer incrementa se getTarget!=null; a cada128 ticks elegíveis chama spawnDrops;25% de chance de executar seletor por chamada; não loot de morte; pool1: 1 sorteio(s); reposição se múltiplos rolls; peso bruto 5/100; normaliza apenas entradas elegíveis,"Ingrediente nas receitas auditadas: {'count': 1, 'id': 'aether:golden_pendant'}, {'count': 1, 'id': 'aether:golden_ring'}",Alta nos arquivos versionados; configurações/datapacks externos não confirmados,/images/bestiary/audited/aether/whirlwind.png,src/main/java/com/aetherteam/aether/client/renderer/entity/WhirlwindRenderer.java; src/main/java/com/aetherteam/aether/entity/monster/AbstractWhirlwind.java; src/main/java/com/aetherteam/aether/entity/monster/PassiveWhirlwind.java; src/main/java/com/aetherteam/aether/client/particle/AbstractWhirlwindParticle.java; src/main/java/com/aetherteam/aether/client/particle/PassiveWhirlwindParticle.java; src/main/resources/assets/aether/particles/passive_whirlwind.json; minecraft:assets/minecraft/textures/particle/generic_0.png; minecraft:assets/minecraft/textures/particle/generic_1.png; minecraft:assets/minecraft/textures/particle/generic_2.png; minecraft:assets/minecraft/textures/particle/generic_3.png; minecraft:assets/minecraft/textures/particle/generic_4.png; minecraft:assets/minecraft/textures/particle/generic_5.png; minecraft:assets/minecraft/textures/particle/generic_6.png; minecraft:assets/minecraft/textures/particle/generic_7.png; output-aether/proveniencia.json,evidence-final-aether/aether-1.21.1-1.5.10-neoforge.jar::data/aether/loot_table/selectors/whirlwind_junk.json; evidence-final-aether/src/main/java/com/aetherteam/aether/entity/monster/PassiveWhirlwind.java,/bestiary/receitas/aether.html#receita-golden-pendant | [Receita golden_pendant](lote-final-2026-10-06/aether-cards-2026-10-06.md#receita-golden-pendant) — data/aether/recipe/golden_pendant.json; [Receita golden_ring](lote-final-2026-10-06/aether-cards-2026-10-06.md#receita-golden-ring) — data/aether/recipe/golden_ring.json
Whirlwind,The Aether,Criatura AbstractWhirlwind; comportamento definido na classe e herança citadas,"Bioma skyroot_forest (aether:aether_surface_monster); peso 3, grupo 1–1; data/aether/worldgen/biome/skyroot_forest.json; Bioma skyroot_woodland (aether:aether_surface_monster); peso 3, grupo 1–1; data/aether/worldgen/biome/skyroot_woodland.json; Bioma skyroot_meadow (aether:aether_surface_monster); peso 3, grupo 1–1; data/aether/worldgen/biome/skyroot_meadow.json; Bioma skyroot_grove (aether:aether_surface_monster); peso 3, grupo 1–1; data/aether/worldgen/biome/skyroot_grove.json; ",Itens emitidos vivo,minecraft:coal,1,AbstractWhirlwind: dropsTimer incrementa se getTarget!=null; a cada128 ticks elegíveis chama spawnDrops;25% de chance de executar seletor por chamada; não loot de morte; pool1: 1 sorteio(s); reposição se múltiplos rolls; peso bruto 9/100; normaliza apenas entradas elegíveis,Combustível e tochas,Alta nos arquivos versionados; configurações/datapacks externos não confirmados,/images/bestiary/audited/aether/whirlwind.png,src/main/java/com/aetherteam/aether/client/renderer/entity/WhirlwindRenderer.java; src/main/java/com/aetherteam/aether/entity/monster/AbstractWhirlwind.java; src/main/java/com/aetherteam/aether/entity/monster/PassiveWhirlwind.java; src/main/java/com/aetherteam/aether/client/particle/AbstractWhirlwindParticle.java; src/main/java/com/aetherteam/aether/client/particle/PassiveWhirlwindParticle.java; src/main/resources/assets/aether/particles/passive_whirlwind.json; minecraft:assets/minecraft/textures/particle/generic_0.png; minecraft:assets/minecraft/textures/particle/generic_1.png; minecraft:assets/minecraft/textures/particle/generic_2.png; minecraft:assets/minecraft/textures/particle/generic_3.png; minecraft:assets/minecraft/textures/particle/generic_4.png; minecraft:assets/minecraft/textures/particle/generic_5.png; minecraft:assets/minecraft/textures/particle/generic_6.png; minecraft:assets/minecraft/textures/particle/generic_7.png; output-aether/proveniencia.json,evidence-final-aether/aether-1.21.1-1.5.10-neoforge.jar::data/aether/loot_table/selectors/whirlwind_junk.json; evidence-final-aether/src/main/java/com/aetherteam/aether/entity/monster/PassiveWhirlwind.java,[Receitas vanilla1.21.1](lote-final-2026-10-06/receitas-vanilla.json)
Whirlwind,The Aether,Criatura AbstractWhirlwind; comportamento definido na classe e herança citadas,"Bioma skyroot_forest (aether:aether_surface_monster); peso 3, grupo 1–1; data/aether/worldgen/biome/skyroot_forest.json; Bioma skyroot_woodland (aether:aether_surface_monster); peso 3, grupo 1–1; data/aether/worldgen/biome/skyroot_woodland.json; Bioma skyroot_meadow (aether:aether_surface_monster); peso 3, grupo 1–1; data/aether/worldgen/biome/skyroot_meadow.json; Bioma skyroot_grove (aether:aether_surface_monster); peso 3, grupo 1–1; data/aether/worldgen/biome/skyroot_grove.json; ",Itens emitidos vivo,minecraft:pumpkin,1,AbstractWhirlwind: dropsTimer incrementa se getTarget!=null; a cada128 ticks elegíveis chama spawnDrops;25% de chance de executar seletor por chamada; não loot de morte; pool1: 1 sorteio(s); reposição se múltiplos rolls; peso bruto 2/100; normaliza apenas entradas elegíveis,"Ingrediente nas receitas auditadas: {'count': 1, 'id': 'minecraft:pumpkin_pie'}",Alta nos arquivos versionados; configurações/datapacks externos não confirmados,/images/bestiary/audited/aether/whirlwind.png,src/main/java/com/aetherteam/aether/client/renderer/entity/WhirlwindRenderer.java; src/main/java/com/aetherteam/aether/entity/monster/AbstractWhirlwind.java; src/main/java/com/aetherteam/aether/entity/monster/PassiveWhirlwind.java; src/main/java/com/aetherteam/aether/client/particle/AbstractWhirlwindParticle.java; src/main/java/com/aetherteam/aether/client/particle/PassiveWhirlwindParticle.java; src/main/resources/assets/aether/particles/passive_whirlwind.json; minecraft:assets/minecraft/textures/particle/generic_0.png; minecraft:assets/minecraft/textures/particle/generic_1.png; minecraft:assets/minecraft/textures/particle/generic_2.png; minecraft:assets/minecraft/textures/particle/generic_3.png; minecraft:assets/minecraft/textures/particle/generic_4.png; minecraft:assets/minecraft/textures/particle/generic_5.png; minecraft:assets/minecraft/textures/particle/generic_6.png; minecraft:assets/minecraft/textures/particle/generic_7.png; output-aether/proveniencia.json,evidence-final-aether/aether-1.21.1-1.5.10-neoforge.jar::data/aether/loot_table/selectors/whirlwind_junk.json; evidence-final-aether/src/main/java/com/aetherteam/aether/entity/monster/PassiveWhirlwind.java,/bestiary/receitas/aether.html#receita-moa-egg-pumpkin-pie | [Receita moa_egg_pumpkin_pie](lote-final-2026-10-06/aether-cards-2026-10-06.md#receita-moa-egg-pumpkin-pie) — data/aether/recipe/moa_egg_pumpkin_pie.json
Whirlwind,The Aether,Criatura AbstractWhirlwind; comportamento definido na classe e herança citadas,"Bioma skyroot_forest (aether:aether_surface_monster); peso 3, grupo 1–1; data/aether/worldgen/biome/skyroot_forest.json; Bioma skyroot_woodland (aether:aether_surface_monster); peso 3, grupo 1–1; data/aether/worldgen/biome/skyroot_woodland.json; Bioma skyroot_meadow (aether:aether_surface_monster); peso 3, grupo 1–1; data/aether/worldgen/biome/skyroot_meadow.json; Bioma skyroot_grove (aether:aether_surface_monster); peso 3, grupo 1–1; data/aether/worldgen/biome/skyroot_grove.json; ",Itens emitidos vivo,minecraft:gravel,1,AbstractWhirlwind: dropsTimer incrementa se getTarget!=null; a cada128 ticks elegíveis chama spawnDrops;25% de chance de executar seletor por chamada; não loot de morte; pool1: 1 sorteio(s); reposição se múltiplos rolls; peso bruto 5/100; normaliza apenas entradas elegíveis,"Ingrediente nas receitas vanilla1.21.1: {'count': 8, 'id': 'minecraft:black_concrete_powder'}, {'count': 8, 'id': 'minecraft:blue_concrete_powder'}, {'count': 8, 'id': 'minecraft:brown_concrete_powder'}, {'count': 4, 'id': 'minecraft:coarse_dirt'}, {'count': 8, 'id': 'minecraft:cyan_concrete_powder'}, {'count': 8, 'id': 'minecraft:gray_concrete_powder'}, {'count': 8, 'id': 'minecraft:green_concrete_powder'}, {'count': 8, 'id': 'minecraft:light_blue_concrete_powder'}, {'count': 8, 'id': 'minecraft:light_gray_concrete_powder'}, {'count': 8, 'id': 'minecraft:lime_concrete_powder'}, {'count': 8, 'id': 'minecraft:magenta_concrete_powder'}, {'count': 8, 'id': 'minecraft:orange_concrete_powder'}, {'count': 8, 'id': 'minecraft:pink_concrete_powder'}, {'count': 8, 'id': 'minecraft:purple_concrete_powder'}, {'count': 8, 'id': 'minecraft:red_concrete_powder'}",Alta nos arquivos versionados; configurações/datapacks externos não confirmados,/images/bestiary/audited/aether/whirlwind.png,src/main/java/com/aetherteam/aether/client/renderer/entity/WhirlwindRenderer.java; src/main/java/com/aetherteam/aether/entity/monster/AbstractWhirlwind.java; src/main/java/com/aetherteam/aether/entity/monster/PassiveWhirlwind.java; src/main/java/com/aetherteam/aether/client/particle/AbstractWhirlwindParticle.java; src/main/java/com/aetherteam/aether/client/particle/PassiveWhirlwindParticle.java; src/main/resources/assets/aether/particles/passive_whirlwind.json; minecraft:assets/minecraft/textures/particle/generic_0.png; minecraft:assets/minecraft/textures/particle/generic_1.png; minecraft:assets/minecraft/textures/particle/generic_2.png; minecraft:assets/minecraft/textures/particle/generic_3.png; minecraft:assets/minecraft/textures/particle/generic_4.png; minecraft:assets/minecraft/textures/particle/generic_5.png; minecraft:assets/minecraft/textures/particle/generic_6.png; minecraft:assets/minecraft/textures/particle/generic_7.png; output-aether/proveniencia.json,evidence-final-aether/aether-1.21.1-1.5.10-neoforge.jar::data/aether/loot_table/selectors/whirlwind_junk.json; evidence-final-aether/src/main/java/com/aetherteam/aether/entity/monster/PassiveWhirlwind.java,[Receitas vanilla1.21.1](lote-final-2026-10-06/receitas-vanilla.json)
Whirlwind,The Aether,Criatura AbstractWhirlwind; comportamento definido na classe e herança citadas,"Bioma skyroot_forest (aether:aether_surface_monster); peso 3, grupo 1–1; data/aether/worldgen/biome/skyroot_forest.json; Bioma skyroot_woodland (aether:aether_surface_monster); peso 3, grupo 1–1; data/aether/worldgen/biome/skyroot_woodland.json; Bioma skyroot_meadow (aether:aether_surface_monster); peso 3, grupo 1–1; data/aether/worldgen/biome/skyroot_meadow.json; Bioma skyroot_grove (aether:aether_surface_monster); peso 3, grupo 1–1; data/aether/worldgen/biome/skyroot_grove.json; ",Itens emitidos vivo,minecraft:clay,1,AbstractWhirlwind: dropsTimer incrementa se getTarget!=null; a cada128 ticks elegíveis chama spawnDrops;25% de chance de executar seletor por chamada; não loot de morte; pool1: 1 sorteio(s); reposição se múltiplos rolls; peso bruto 11/100; normaliza apenas entradas elegíveis,Ingrediente nas receitas vanilla1.21.1: {'id': 'minecraft:terracotta'},Alta nos arquivos versionados; configurações/datapacks externos não confirmados,/images/bestiary/audited/aether/whirlwind.png,src/main/java/com/aetherteam/aether/client/renderer/entity/WhirlwindRenderer.java; src/main/java/com/aetherteam/aether/entity/monster/AbstractWhirlwind.java; src/main/java/com/aetherteam/aether/entity/monster/PassiveWhirlwind.java; src/main/java/com/aetherteam/aether/client/particle/AbstractWhirlwindParticle.java; src/main/java/com/aetherteam/aether/client/particle/PassiveWhirlwindParticle.java; src/main/resources/assets/aether/particles/passive_whirlwind.json; minecraft:assets/minecraft/textures/particle/generic_0.png; minecraft:assets/minecraft/textures/particle/generic_1.png; minecraft:assets/minecraft/textures/particle/generic_2.png; minecraft:assets/minecraft/textures/particle/generic_3.png; minecraft:assets/minecraft/textures/particle/generic_4.png; minecraft:assets/minecraft/textures/particle/generic_5.png; minecraft:assets/minecraft/textures/particle/generic_6.png; minecraft:assets/minecraft/textures/particle/generic_7.png; output-aether/proveniencia.json,evidence-final-aether/aether-1.21.1-1.5.10-neoforge.jar::data/aether/loot_table/selectors/whirlwind_junk.json; evidence-final-aether/src/main/java/com/aetherteam/aether/entity/monster/PassiveWhirlwind.java,[Receitas vanilla1.21.1](lote-final-2026-10-06/receitas-vanilla.json)
Whirlwind,The Aether,Criatura AbstractWhirlwind; comportamento definido na classe e herança citadas,"Bioma skyroot_forest (aether:aether_surface_monster); peso 3, grupo 1–1; data/aether/worldgen/biome/skyroot_forest.json; Bioma skyroot_woodland (aether:aether_surface_monster); peso 3, grupo 1–1; data/aether/worldgen/biome/skyroot_woodland.json; Bioma skyroot_meadow (aether:aether_surface_monster); peso 3, grupo 1–1; data/aether/worldgen/biome/skyroot_meadow.json; Bioma skyroot_grove (aether:aether_surface_monster); peso 3, grupo 1–1; data/aether/worldgen/biome/skyroot_grove.json; ",Itens emitidos vivo,minecraft:stick,1,AbstractWhirlwind: dropsTimer incrementa se getTarget!=null; a cada128 ticks elegíveis chama spawnDrops;25% de chance de executar seletor por chamada; não loot de morte; pool1: 1 sorteio(s); reposição se múltiplos rolls; peso bruto 12/100; normaliza apenas entradas elegíveis,"Ferramentas, tochas e diversos crafts",Alta nos arquivos versionados; configurações/datapacks externos não confirmados,/images/bestiary/audited/aether/whirlwind.png,src/main/java/com/aetherteam/aether/client/renderer/entity/WhirlwindRenderer.java; src/main/java/com/aetherteam/aether/entity/monster/AbstractWhirlwind.java; src/main/java/com/aetherteam/aether/entity/monster/PassiveWhirlwind.java; src/main/java/com/aetherteam/aether/client/particle/AbstractWhirlwindParticle.java; src/main/java/com/aetherteam/aether/client/particle/PassiveWhirlwindParticle.java; src/main/resources/assets/aether/particles/passive_whirlwind.json; minecraft:assets/minecraft/textures/particle/generic_0.png; minecraft:assets/minecraft/textures/particle/generic_1.png; minecraft:assets/minecraft/textures/particle/generic_2.png; minecraft:assets/minecraft/textures/particle/generic_3.png; minecraft:assets/minecraft/textures/particle/generic_4.png; minecraft:assets/minecraft/textures/particle/generic_5.png; minecraft:assets/minecraft/textures/particle/generic_6.png; minecraft:assets/minecraft/textures/particle/generic_7.png; output-aether/proveniencia.json,evidence-final-aether/aether-1.21.1-1.5.10-neoforge.jar::data/aether/loot_table/selectors/whirlwind_junk.json; evidence-final-aether/src/main/java/com/aetherteam/aether/entity/monster/PassiveWhirlwind.java,[Receitas vanilla1.21.1](lote-final-2026-10-06/receitas-vanilla.json)
Whirlwind,The Aether,Criatura AbstractWhirlwind; comportamento definido na classe e herança citadas,"Bioma skyroot_forest (aether:aether_surface_monster); peso 3, grupo 1–1; data/aether/worldgen/biome/skyroot_forest.json; Bioma skyroot_woodland (aether:aether_surface_monster); peso 3, grupo 1–1; data/aether/worldgen/biome/skyroot_woodland.json; Bioma skyroot_meadow (aether:aether_surface_monster); peso 3, grupo 1–1; data/aether/worldgen/biome/skyroot_meadow.json; Bioma skyroot_grove (aether:aether_surface_monster); peso 3, grupo 1–1; data/aether/worldgen/biome/skyroot_grove.json; ",Itens emitidos vivo,minecraft:flint,1,AbstractWhirlwind: dropsTimer incrementa se getTarget!=null; a cada128 ticks elegíveis chama spawnDrops;25% de chance de executar seletor por chamada; não loot de morte; pool1: 1 sorteio(s); reposição se múltiplos rolls; peso bruto 14/100; normaliza apenas entradas elegíveis,"Ingrediente nas receitas auditadas: {'count': 1, 'id': 'minecraft:fletching_table'}",Alta nos arquivos versionados; configurações/datapacks externos não confirmados,/images/bestiary/audited/aether/whirlwind.png,src/main/java/com/aetherteam/aether/client/renderer/entity/WhirlwindRenderer.java; src/main/java/com/aetherteam/aether/entity/monster/AbstractWhirlwind.java; src/main/java/com/aetherteam/aether/entity/monster/PassiveWhirlwind.java; src/main/java/com/aetherteam/aether/client/particle/AbstractWhirlwindParticle.java; src/main/java/com/aetherteam/aether/client/particle/PassiveWhirlwindParticle.java; src/main/resources/assets/aether/particles/passive_whirlwind.json; minecraft:assets/minecraft/textures/particle/generic_0.png; minecraft:assets/minecraft/textures/particle/generic_1.png; minecraft:assets/minecraft/textures/particle/generic_2.png; minecraft:assets/minecraft/textures/particle/generic_3.png; minecraft:assets/minecraft/textures/particle/generic_4.png; minecraft:assets/minecraft/textures/particle/generic_5.png; minecraft:assets/minecraft/textures/particle/generic_6.png; minecraft:assets/minecraft/textures/particle/generic_7.png; output-aether/proveniencia.json,evidence-final-aether/aether-1.21.1-1.5.10-neoforge.jar::data/aether/loot_table/selectors/whirlwind_junk.json; evidence-final-aether/src/main/java/com/aetherteam/aether/entity/monster/PassiveWhirlwind.java,/bestiary/receitas/aether.html#receita-skyroot-fletching-table | [Receita skyroot_fletching_table](lote-final-2026-10-06/aether-cards-2026-10-06.md#receita-skyroot-fletching-table) — data/aether/recipe/skyroot_fletching_table.json; [Receita book_of_lore](lote-final-2026-10-06/aether-cards-2026-10-06.md#receita-book-of-lore) — data/aether/recipe/book_of_lore.json
Whirlwind,The Aether,Criatura AbstractWhirlwind; comportamento definido na classe e herança citadas,"Bioma skyroot_forest (aether:aether_surface_monster); peso 3, grupo 1–1; data/aether/worldgen/biome/skyroot_forest.json; Bioma skyroot_woodland (aether:aether_surface_monster); peso 3, grupo 1–1; data/aether/worldgen/biome/skyroot_woodland.json; Bioma skyroot_meadow (aether:aether_surface_monster); peso 3, grupo 1–1; data/aether/worldgen/biome/skyroot_meadow.json; Bioma skyroot_grove (aether:aether_surface_monster); peso 3, grupo 1–1; data/aether/worldgen/biome/skyroot_grove.json; ",Itens emitidos vivo,minecraft:oak_log,1,AbstractWhirlwind: dropsTimer incrementa se getTarget!=null; a cada128 ticks elegíveis chama spawnDrops;25% de chance de executar seletor por chamada; não loot de morte; pool1: 1 sorteio(s); reposição se múltiplos rolls; peso bruto 17/100; normaliza apenas entradas elegíveis,"Ingrediente nas receitas vanilla1.21.1: {'count': 3, 'id': 'minecraft:oak_wood'}",Alta nos arquivos versionados; configurações/datapacks externos não confirmados,/images/bestiary/audited/aether/whirlwind.png,src/main/java/com/aetherteam/aether/client/renderer/entity/WhirlwindRenderer.java; src/main/java/com/aetherteam/aether/entity/monster/AbstractWhirlwind.java; src/main/java/com/aetherteam/aether/entity/monster/PassiveWhirlwind.java; src/main/java/com/aetherteam/aether/client/particle/AbstractWhirlwindParticle.java; src/main/java/com/aetherteam/aether/client/particle/PassiveWhirlwindParticle.java; src/main/resources/assets/aether/particles/passive_whirlwind.json; minecraft:assets/minecraft/textures/particle/generic_0.png; minecraft:assets/minecraft/textures/particle/generic_1.png; minecraft:assets/minecraft/textures/particle/generic_2.png; minecraft:assets/minecraft/textures/particle/generic_3.png; minecraft:assets/minecraft/textures/particle/generic_4.png; minecraft:assets/minecraft/textures/particle/generic_5.png; minecraft:assets/minecraft/textures/particle/generic_6.png; minecraft:assets/minecraft/textures/particle/generic_7.png; output-aether/proveniencia.json,evidence-final-aether/aether-1.21.1-1.5.10-neoforge.jar::data/aether/loot_table/selectors/whirlwind_junk.json; evidence-final-aether/src/main/java/com/aetherteam/aether/entity/monster/PassiveWhirlwind.java,[Receitas vanilla1.21.1](lote-final-2026-10-06/receitas-vanilla.json)
Whirlwind,The Aether,Criatura AbstractWhirlwind; comportamento definido na classe e herança citadas,"Bioma skyroot_forest (aether:aether_surface_monster); peso 3, grupo 1–1; data/aether/worldgen/biome/skyroot_forest.json; Bioma skyroot_woodland (aether:aether_surface_monster); peso 3, grupo 1–1; data/aether/worldgen/biome/skyroot_woodland.json; Bioma skyroot_meadow (aether:aether_surface_monster); peso 3, grupo 1–1; data/aether/worldgen/biome/skyroot_meadow.json; Bioma skyroot_grove (aether:aether_surface_monster); peso 3, grupo 1–1; data/aether/worldgen/biome/skyroot_grove.json; ",Itens emitidos vivo,minecraft:sand,1,AbstractWhirlwind: dropsTimer incrementa se getTarget!=null; a cada128 ticks elegíveis chama spawnDrops;25% de chance de executar seletor por chamada; não loot de morte; pool1: 1 sorteio(s); reposição se múltiplos rolls; peso bruto 20/100; normaliza apenas entradas elegíveis,"Ingrediente nas receitas vanilla1.21.1: {'count': 8, 'id': 'minecraft:black_concrete_powder'}, {'count': 8, 'id': 'minecraft:blue_concrete_powder'}, {'count': 8, 'id': 'minecraft:brown_concrete_powder'}, {'count': 8, 'id': 'minecraft:cyan_concrete_powder'}, {'count': 8, 'id': 'minecraft:gray_concrete_powder'}, {'count': 8, 'id': 'minecraft:green_concrete_powder'}, {'count': 8, 'id': 'minecraft:light_blue_concrete_powder'}, {'count': 8, 'id': 'minecraft:light_gray_concrete_powder'}, {'count': 8, 'id': 'minecraft:lime_concrete_powder'}, {'count': 8, 'id': 'minecraft:magenta_concrete_powder'}, {'count': 8, 'id': 'minecraft:orange_concrete_powder'}, {'count': 8, 'id': 'minecraft:pink_concrete_powder'}, {'count': 8, 'id': 'minecraft:purple_concrete_powder'}, {'count': 8, 'id': 'minecraft:red_concrete_powder'}, {'count': 1, 'id': 'minecraft:sandstone'}",Alta nos arquivos versionados; configurações/datapacks externos não confirmados,/images/bestiary/audited/aether/whirlwind.png,src/main/java/com/aetherteam/aether/client/renderer/entity/WhirlwindRenderer.java; src/main/java/com/aetherteam/aether/entity/monster/AbstractWhirlwind.java; src/main/java/com/aetherteam/aether/entity/monster/PassiveWhirlwind.java; src/main/java/com/aetherteam/aether/client/particle/AbstractWhirlwindParticle.java; src/main/java/com/aetherteam/aether/client/particle/PassiveWhirlwindParticle.java; src/main/resources/assets/aether/particles/passive_whirlwind.json; minecraft:assets/minecraft/textures/particle/generic_0.png; minecraft:assets/minecraft/textures/particle/generic_1.png; minecraft:assets/minecraft/textures/particle/generic_2.png; minecraft:assets/minecraft/textures/particle/generic_3.png; minecraft:assets/minecraft/textures/particle/generic_4.png; minecraft:assets/minecraft/textures/particle/generic_5.png; minecraft:assets/minecraft/textures/particle/generic_6.png; minecraft:assets/minecraft/textures/particle/generic_7.png; output-aether/proveniencia.json,evidence-final-aether/aether-1.21.1-1.5.10-neoforge.jar::data/aether/loot_table/selectors/whirlwind_junk.json; evidence-final-aether/src/main/java/com/aetherteam/aether/entity/monster/PassiveWhirlwind.java,[Receitas vanilla1.21.1](lote-final-2026-10-06/receitas-vanilla.json)
Evil Whirlwind,The Aether,Criatura AbstractWhirlwind; comportamento definido na classe e herança citadas,"Bioma skyroot_forest (aether:aether_surface_monster); peso 1, grupo 1–1; data/aether/worldgen/biome/skyroot_forest.json; Bioma skyroot_woodland (aether:aether_surface_monster); peso 1, grupo 1–1; data/aether/worldgen/biome/skyroot_woodland.json; Bioma skyroot_meadow (aether:aether_surface_monster); peso 1, grupo 1–1; data/aether/worldgen/biome/skyroot_meadow.json; Bioma skyroot_grove (aether:aether_surface_monster); peso 1, grupo 1–1; data/aether/worldgen/biome/skyroot_grove.json; ",Tabela de morte vazia,Sem itens no JSON,0,Loot condicionado ao caminho de morte; herança/interações/variantes fora deste pool separadas; pools=[]; mecanismos paralelos separados,Não aplicável,Alta nos arquivos versionados; configurações/datapacks externos não confirmados,/images/bestiary/audited/aether/evil-whirlwind.png,src/main/java/com/aetherteam/aether/client/renderer/entity/WhirlwindRenderer.java; src/main/java/com/aetherteam/aether/entity/monster/AbstractWhirlwind.java; src/main/java/com/aetherteam/aether/entity/monster/EvilWhirlwind.java; src/main/java/com/aetherteam/aether/client/particle/AbstractWhirlwindParticle.java; src/main/java/com/aetherteam/aether/client/particle/EvilWhirlwindParticle.java; src/main/resources/assets/aether/particles/evil_whirlwind.json; minecraft:assets/minecraft/textures/particle/generic_0.png; minecraft:assets/minecraft/textures/particle/generic_1.png; minecraft:assets/minecraft/textures/particle/generic_2.png; minecraft:assets/minecraft/textures/particle/generic_3.png; minecraft:assets/minecraft/textures/particle/generic_4.png; minecraft:assets/minecraft/textures/particle/generic_5.png; minecraft:assets/minecraft/textures/particle/generic_6.png; minecraft:assets/minecraft/textures/particle/generic_7.png; output-aether/proveniencia.json,evidence-final-aether/aether-1.21.1-1.5.10-neoforge.jar::data/aether/loot_table/entities/evil_whirlwind.json; evidence-final-aether/src/main/java/com/aetherteam/aether/entity/monster/EvilWhirlwind.java,Não aplicável: uso direto ou nenhuma receita identificada na build
Evil Whirlwind,The Aether,Criatura AbstractWhirlwind; comportamento definido na classe e herança citadas,"Bioma skyroot_forest (aether:aether_surface_monster); peso 1, grupo 1–1; data/aether/worldgen/biome/skyroot_forest.json; Bioma skyroot_woodland (aether:aether_surface_monster); peso 1, grupo 1–1; data/aether/worldgen/biome/skyroot_woodland.json; Bioma skyroot_meadow (aether:aether_surface_monster); peso 1, grupo 1–1; data/aether/worldgen/biome/skyroot_meadow.json; Bioma skyroot_grove (aether:aether_surface_monster); peso 1, grupo 1–1; data/aether/worldgen/biome/skyroot_grove.json; ",Itens emitidos vivo,minecraft:diamond,1,AbstractWhirlwind: dropsTimer incrementa se getTarget!=null; a cada128 ticks elegíveis chama spawnDrops;25% de chance de executar seletor por chamada; não loot de morte; pool1: 1 sorteio(s); reposição se múltiplos rolls; peso bruto 1/160; normaliza apenas entradas elegíveis,"Ferramentas, armaduras e mecanismos de diamante",Alta nos arquivos versionados; configurações/datapacks externos não confirmados,/images/bestiary/audited/aether/evil-whirlwind.png,src/main/java/com/aetherteam/aether/client/renderer/entity/WhirlwindRenderer.java; src/main/java/com/aetherteam/aether/entity/monster/AbstractWhirlwind.java; src/main/java/com/aetherteam/aether/entity/monster/EvilWhirlwind.java; src/main/java/com/aetherteam/aether/client/particle/AbstractWhirlwindParticle.java; src/main/java/com/aetherteam/aether/client/particle/EvilWhirlwindParticle.java; src/main/resources/assets/aether/particles/evil_whirlwind.json; minecraft:assets/minecraft/textures/particle/generic_0.png; minecraft:assets/minecraft/textures/particle/generic_1.png; minecraft:assets/minecraft/textures/particle/generic_2.png; minecraft:assets/minecraft/textures/particle/generic_3.png; minecraft:assets/minecraft/textures/particle/generic_4.png; minecraft:assets/minecraft/textures/particle/generic_5.png; minecraft:assets/minecraft/textures/particle/generic_6.png; minecraft:assets/minecraft/textures/particle/generic_7.png; output-aether/proveniencia.json,evidence-final-aether/aether-1.21.1-1.5.10-neoforge.jar::data/aether/loot_table/selectors/evil_whirlwind_junk.json; evidence-final-aether/src/main/java/com/aetherteam/aether/entity/monster/EvilWhirlwind.java,[Receitas vanilla1.21.1](lote-final-2026-10-06/receitas-vanilla.json)
Evil Whirlwind,The Aether,Criatura AbstractWhirlwind; comportamento definido na classe e herança citadas,"Bioma skyroot_forest (aether:aether_surface_monster); peso 1, grupo 1–1; data/aether/worldgen/biome/skyroot_forest.json; Bioma skyroot_woodland (aether:aether_surface_monster); peso 1, grupo 1–1; data/aether/worldgen/biome/skyroot_woodland.json; Bioma skyroot_meadow (aether:aether_surface_monster); peso 1, grupo 1–1; data/aether/worldgen/biome/skyroot_meadow.json; Bioma skyroot_grove (aether:aether_surface_monster); peso 1, grupo 1–1; data/aether/worldgen/biome/skyroot_grove.json; ",Itens emitidos vivo,minecraft:iron_ingot,1,AbstractWhirlwind: dropsTimer incrementa se getTarget!=null; a cada128 ticks elegíveis chama spawnDrops;25% de chance de executar seletor por chamada; não loot de morte; pool1: 1 sorteio(s); reposição se múltiplos rolls; peso bruto 4/160; normaliza apenas entradas elegíveis,"Ingrediente nas receitas auditadas: {'count': 1, 'id': 'minecraft:stonecutter'}, {'count': 1, 'id': 'aether:iron_pendant'}, {'count': 1, 'id': 'aether:iron_ring'}",Alta nos arquivos versionados; configurações/datapacks externos não confirmados,/images/bestiary/audited/aether/evil-whirlwind.png,src/main/java/com/aetherteam/aether/client/renderer/entity/WhirlwindRenderer.java; src/main/java/com/aetherteam/aether/entity/monster/AbstractWhirlwind.java; src/main/java/com/aetherteam/aether/entity/monster/EvilWhirlwind.java; src/main/java/com/aetherteam/aether/client/particle/AbstractWhirlwindParticle.java; src/main/java/com/aetherteam/aether/client/particle/EvilWhirlwindParticle.java; src/main/resources/assets/aether/particles/evil_whirlwind.json; minecraft:assets/minecraft/textures/particle/generic_0.png; minecraft:assets/minecraft/textures/particle/generic_1.png; minecraft:assets/minecraft/textures/particle/generic_2.png; minecraft:assets/minecraft/textures/particle/generic_3.png; minecraft:assets/minecraft/textures/particle/generic_4.png; minecraft:assets/minecraft/textures/particle/generic_5.png; minecraft:assets/minecraft/textures/particle/generic_6.png; minecraft:assets/minecraft/textures/particle/generic_7.png; output-aether/proveniencia.json,evidence-final-aether/aether-1.21.1-1.5.10-neoforge.jar::data/aether/loot_table/selectors/evil_whirlwind_junk.json; evidence-final-aether/src/main/java/com/aetherteam/aether/entity/monster/EvilWhirlwind.java,/bestiary/receitas/aether.html#receita-holystone-stonecutter | [Receita holystone_stonecutter](lote-final-2026-10-06/aether-cards-2026-10-06.md#receita-holystone-stonecutter) — data/aether/recipe/holystone_stonecutter.json; [Receita iron_pendant](lote-final-2026-10-06/aether-cards-2026-10-06.md#receita-iron-pendant) — data/aether/recipe/iron_pendant.json; [Receita iron_ring](lote-final-2026-10-06/aether-cards-2026-10-06.md#receita-iron-ring) — data/aether/recipe/iron_ring.json
Evil Whirlwind,The Aether,Criatura AbstractWhirlwind; comportamento definido na classe e herança citadas,"Bioma skyroot_forest (aether:aether_surface_monster); peso 1, grupo 1–1; data/aether/worldgen/biome/skyroot_forest.json; Bioma skyroot_woodland (aether:aether_surface_monster); peso 1, grupo 1–1; data/aether/worldgen/biome/skyroot_woodland.json; Bioma skyroot_meadow (aether:aether_surface_monster); peso 1, grupo 1–1; data/aether/worldgen/biome/skyroot_meadow.json; Bioma skyroot_grove (aether:aether_surface_monster); peso 1, grupo 1–1; data/aether/worldgen/biome/skyroot_grove.json; ",Itens emitidos vivo,minecraft:gold_ingot,1,AbstractWhirlwind: dropsTimer incrementa se getTarget!=null; a cada128 ticks elegíveis chama spawnDrops;25% de chance de executar seletor por chamada; não loot de morte; pool1: 1 sorteio(s); reposição se múltiplos rolls; peso bruto 5/160; normaliza apenas entradas elegíveis,"Ingrediente nas receitas auditadas: {'count': 1, 'id': 'aether:golden_pendant'}, {'count': 1, 'id': 'aether:golden_ring'}",Alta nos arquivos versionados; configurações/datapacks externos não confirmados,/images/bestiary/audited/aether/evil-whirlwind.png,src/main/java/com/aetherteam/aether/client/renderer/entity/WhirlwindRenderer.java; src/main/java/com/aetherteam/aether/entity/monster/AbstractWhirlwind.java; src/main/java/com/aetherteam/aether/entity/monster/EvilWhirlwind.java; src/main/java/com/aetherteam/aether/client/particle/AbstractWhirlwindParticle.java; src/main/java/com/aetherteam/aether/client/particle/EvilWhirlwindParticle.java; src/main/resources/assets/aether/particles/evil_whirlwind.json; minecraft:assets/minecraft/textures/particle/generic_0.png; minecraft:assets/minecraft/textures/particle/generic_1.png; minecraft:assets/minecraft/textures/particle/generic_2.png; minecraft:assets/minecraft/textures/particle/generic_3.png; minecraft:assets/minecraft/textures/particle/generic_4.png; minecraft:assets/minecraft/textures/particle/generic_5.png; minecraft:assets/minecraft/textures/particle/generic_6.png; minecraft:assets/minecraft/textures/particle/generic_7.png; output-aether/proveniencia.json,evidence-final-aether/aether-1.21.1-1.5.10-neoforge.jar::data/aether/loot_table/selectors/evil_whirlwind_junk.json; evidence-final-aether/src/main/java/com/aetherteam/aether/entity/monster/EvilWhirlwind.java,/bestiary/receitas/aether.html#receita-golden-pendant | [Receita golden_pendant](lote-final-2026-10-06/aether-cards-2026-10-06.md#receita-golden-pendant) — data/aether/recipe/golden_pendant.json; [Receita golden_ring](lote-final-2026-10-06/aether-cards-2026-10-06.md#receita-golden-ring) — data/aether/recipe/golden_ring.json
Evil Whirlwind,The Aether,Criatura AbstractWhirlwind; comportamento definido na classe e herança citadas,"Bioma skyroot_forest (aether:aether_surface_monster); peso 1, grupo 1–1; data/aether/worldgen/biome/skyroot_forest.json; Bioma skyroot_woodland (aether:aether_surface_monster); peso 1, grupo 1–1; data/aether/worldgen/biome/skyroot_woodland.json; Bioma skyroot_meadow (aether:aether_surface_monster); peso 1, grupo 1–1; data/aether/worldgen/biome/skyroot_meadow.json; Bioma skyroot_grove (aether:aether_surface_monster); peso 1, grupo 1–1; data/aether/worldgen/biome/skyroot_grove.json; ",Itens emitidos vivo,minecraft:coal,1,AbstractWhirlwind: dropsTimer incrementa se getTarget!=null; a cada128 ticks elegíveis chama spawnDrops;25% de chance de executar seletor por chamada; não loot de morte; pool1: 1 sorteio(s); reposição se múltiplos rolls; peso bruto 9/160; normaliza apenas entradas elegíveis,Combustível e tochas,Alta nos arquivos versionados; configurações/datapacks externos não confirmados,/images/bestiary/audited/aether/evil-whirlwind.png,src/main/java/com/aetherteam/aether/client/renderer/entity/WhirlwindRenderer.java; src/main/java/com/aetherteam/aether/entity/monster/AbstractWhirlwind.java; src/main/java/com/aetherteam/aether/entity/monster/EvilWhirlwind.java; src/main/java/com/aetherteam/aether/client/particle/AbstractWhirlwindParticle.java; src/main/java/com/aetherteam/aether/client/particle/EvilWhirlwindParticle.java; src/main/resources/assets/aether/particles/evil_whirlwind.json; minecraft:assets/minecraft/textures/particle/generic_0.png; minecraft:assets/minecraft/textures/particle/generic_1.png; minecraft:assets/minecraft/textures/particle/generic_2.png; minecraft:assets/minecraft/textures/particle/generic_3.png; minecraft:assets/minecraft/textures/particle/generic_4.png; minecraft:assets/minecraft/textures/particle/generic_5.png; minecraft:assets/minecraft/textures/particle/generic_6.png; minecraft:assets/minecraft/textures/particle/generic_7.png; output-aether/proveniencia.json,evidence-final-aether/aether-1.21.1-1.5.10-neoforge.jar::data/aether/loot_table/selectors/evil_whirlwind_junk.json; evidence-final-aether/src/main/java/com/aetherteam/aether/entity/monster/EvilWhirlwind.java,[Receitas vanilla1.21.1](lote-final-2026-10-06/receitas-vanilla.json)
Evil Whirlwind,The Aether,Criatura AbstractWhirlwind; comportamento definido na classe e herança citadas,"Bioma skyroot_forest (aether:aether_surface_monster); peso 1, grupo 1–1; data/aether/worldgen/biome/skyroot_forest.json; Bioma skyroot_woodland (aether:aether_surface_monster); peso 1, grupo 1–1; data/aether/worldgen/biome/skyroot_woodland.json; Bioma skyroot_meadow (aether:aether_surface_monster); peso 1, grupo 1–1; data/aether/worldgen/biome/skyroot_meadow.json; Bioma skyroot_grove (aether:aether_surface_monster); peso 1, grupo 1–1; data/aether/worldgen/biome/skyroot_grove.json; ",Itens emitidos vivo,minecraft:pumpkin,1,AbstractWhirlwind: dropsTimer incrementa se getTarget!=null; a cada128 ticks elegíveis chama spawnDrops;25% de chance de executar seletor por chamada; não loot de morte; pool1: 1 sorteio(s); reposição se múltiplos rolls; peso bruto 2/160; normaliza apenas entradas elegíveis,"Ingrediente nas receitas auditadas: {'count': 1, 'id': 'minecraft:pumpkin_pie'}",Alta nos arquivos versionados; configurações/datapacks externos não confirmados,/images/bestiary/audited/aether/evil-whirlwind.png,src/main/java/com/aetherteam/aether/client/renderer/entity/WhirlwindRenderer.java; src/main/java/com/aetherteam/aether/entity/monster/AbstractWhirlwind.java; src/main/java/com/aetherteam/aether/entity/monster/EvilWhirlwind.java; src/main/java/com/aetherteam/aether/client/particle/AbstractWhirlwindParticle.java; src/main/java/com/aetherteam/aether/client/particle/EvilWhirlwindParticle.java; src/main/resources/assets/aether/particles/evil_whirlwind.json; minecraft:assets/minecraft/textures/particle/generic_0.png; minecraft:assets/minecraft/textures/particle/generic_1.png; minecraft:assets/minecraft/textures/particle/generic_2.png; minecraft:assets/minecraft/textures/particle/generic_3.png; minecraft:assets/minecraft/textures/particle/generic_4.png; minecraft:assets/minecraft/textures/particle/generic_5.png; minecraft:assets/minecraft/textures/particle/generic_6.png; minecraft:assets/minecraft/textures/particle/generic_7.png; output-aether/proveniencia.json,evidence-final-aether/aether-1.21.1-1.5.10-neoforge.jar::data/aether/loot_table/selectors/evil_whirlwind_junk.json; evidence-final-aether/src/main/java/com/aetherteam/aether/entity/monster/EvilWhirlwind.java,/bestiary/receitas/aether.html#receita-moa-egg-pumpkin-pie | [Receita moa_egg_pumpkin_pie](lote-final-2026-10-06/aether-cards-2026-10-06.md#receita-moa-egg-pumpkin-pie) — data/aether/recipe/moa_egg_pumpkin_pie.json
Evil Whirlwind,The Aether,Criatura AbstractWhirlwind; comportamento definido na classe e herança citadas,"Bioma skyroot_forest (aether:aether_surface_monster); peso 1, grupo 1–1; data/aether/worldgen/biome/skyroot_forest.json; Bioma skyroot_woodland (aether:aether_surface_monster); peso 1, grupo 1–1; data/aether/worldgen/biome/skyroot_woodland.json; Bioma skyroot_meadow (aether:aether_surface_monster); peso 1, grupo 1–1; data/aether/worldgen/biome/skyroot_meadow.json; Bioma skyroot_grove (aether:aether_surface_monster); peso 1, grupo 1–1; data/aether/worldgen/biome/skyroot_grove.json; ",Itens emitidos vivo,minecraft:gravel,1,AbstractWhirlwind: dropsTimer incrementa se getTarget!=null; a cada128 ticks elegíveis chama spawnDrops;25% de chance de executar seletor por chamada; não loot de morte; pool1: 1 sorteio(s); reposição se múltiplos rolls; peso bruto 5/160; normaliza apenas entradas elegíveis,"Ingrediente nas receitas vanilla1.21.1: {'count': 8, 'id': 'minecraft:black_concrete_powder'}, {'count': 8, 'id': 'minecraft:blue_concrete_powder'}, {'count': 8, 'id': 'minecraft:brown_concrete_powder'}, {'count': 4, 'id': 'minecraft:coarse_dirt'}, {'count': 8, 'id': 'minecraft:cyan_concrete_powder'}, {'count': 8, 'id': 'minecraft:gray_concrete_powder'}, {'count': 8, 'id': 'minecraft:green_concrete_powder'}, {'count': 8, 'id': 'minecraft:light_blue_concrete_powder'}, {'count': 8, 'id': 'minecraft:light_gray_concrete_powder'}, {'count': 8, 'id': 'minecraft:lime_concrete_powder'}, {'count': 8, 'id': 'minecraft:magenta_concrete_powder'}, {'count': 8, 'id': 'minecraft:orange_concrete_powder'}, {'count': 8, 'id': 'minecraft:pink_concrete_powder'}, {'count': 8, 'id': 'minecraft:purple_concrete_powder'}, {'count': 8, 'id': 'minecraft:red_concrete_powder'}",Alta nos arquivos versionados; configurações/datapacks externos não confirmados,/images/bestiary/audited/aether/evil-whirlwind.png,src/main/java/com/aetherteam/aether/client/renderer/entity/WhirlwindRenderer.java; src/main/java/com/aetherteam/aether/entity/monster/AbstractWhirlwind.java; src/main/java/com/aetherteam/aether/entity/monster/EvilWhirlwind.java; src/main/java/com/aetherteam/aether/client/particle/AbstractWhirlwindParticle.java; src/main/java/com/aetherteam/aether/client/particle/EvilWhirlwindParticle.java; src/main/resources/assets/aether/particles/evil_whirlwind.json; minecraft:assets/minecraft/textures/particle/generic_0.png; minecraft:assets/minecraft/textures/particle/generic_1.png; minecraft:assets/minecraft/textures/particle/generic_2.png; minecraft:assets/minecraft/textures/particle/generic_3.png; minecraft:assets/minecraft/textures/particle/generic_4.png; minecraft:assets/minecraft/textures/particle/generic_5.png; minecraft:assets/minecraft/textures/particle/generic_6.png; minecraft:assets/minecraft/textures/particle/generic_7.png; output-aether/proveniencia.json,evidence-final-aether/aether-1.21.1-1.5.10-neoforge.jar::data/aether/loot_table/selectors/evil_whirlwind_junk.json; evidence-final-aether/src/main/java/com/aetherteam/aether/entity/monster/EvilWhirlwind.java,[Receitas vanilla1.21.1](lote-final-2026-10-06/receitas-vanilla.json)
Evil Whirlwind,The Aether,Criatura AbstractWhirlwind; comportamento definido na classe e herança citadas,"Bioma skyroot_forest (aether:aether_surface_monster); peso 1, grupo 1–1; data/aether/worldgen/biome/skyroot_forest.json; Bioma skyroot_woodland (aether:aether_surface_monster); peso 1, grupo 1–1; data/aether/worldgen/biome/skyroot_woodland.json; Bioma skyroot_meadow (aether:aether_surface_monster); peso 1, grupo 1–1; data/aether/worldgen/biome/skyroot_meadow.json; Bioma skyroot_grove (aether:aether_surface_monster); peso 1, grupo 1–1; data/aether/worldgen/biome/skyroot_grove.json; ",Itens emitidos vivo,minecraft:clay,1,AbstractWhirlwind: dropsTimer incrementa se getTarget!=null; a cada128 ticks elegíveis chama spawnDrops;25% de chance de executar seletor por chamada; não loot de morte; pool1: 1 sorteio(s); reposição se múltiplos rolls; peso bruto 11/160; normaliza apenas entradas elegíveis,Ingrediente nas receitas vanilla1.21.1: {'id': 'minecraft:terracotta'},Alta nos arquivos versionados; configurações/datapacks externos não confirmados,/images/bestiary/audited/aether/evil-whirlwind.png,src/main/java/com/aetherteam/aether/client/renderer/entity/WhirlwindRenderer.java; src/main/java/com/aetherteam/aether/entity/monster/AbstractWhirlwind.java; src/main/java/com/aetherteam/aether/entity/monster/EvilWhirlwind.java; src/main/java/com/aetherteam/aether/client/particle/AbstractWhirlwindParticle.java; src/main/java/com/aetherteam/aether/client/particle/EvilWhirlwindParticle.java; src/main/resources/assets/aether/particles/evil_whirlwind.json; minecraft:assets/minecraft/textures/particle/generic_0.png; minecraft:assets/minecraft/textures/particle/generic_1.png; minecraft:assets/minecraft/textures/particle/generic_2.png; minecraft:assets/minecraft/textures/particle/generic_3.png; minecraft:assets/minecraft/textures/particle/generic_4.png; minecraft:assets/minecraft/textures/particle/generic_5.png; minecraft:assets/minecraft/textures/particle/generic_6.png; minecraft:assets/minecraft/textures/particle/generic_7.png; output-aether/proveniencia.json,evidence-final-aether/aether-1.21.1-1.5.10-neoforge.jar::data/aether/loot_table/selectors/evil_whirlwind_junk.json; evidence-final-aether/src/main/java/com/aetherteam/aether/entity/monster/EvilWhirlwind.java,[Receitas vanilla1.21.1](lote-final-2026-10-06/receitas-vanilla.json)
Evil Whirlwind,The Aether,Criatura AbstractWhirlwind; comportamento definido na classe e herança citadas,"Bioma skyroot_forest (aether:aether_surface_monster); peso 1, grupo 1–1; data/aether/worldgen/biome/skyroot_forest.json; Bioma skyroot_woodland (aether:aether_surface_monster); peso 1, grupo 1–1; data/aether/worldgen/biome/skyroot_woodland.json; Bioma skyroot_meadow (aether:aether_surface_monster); peso 1, grupo 1–1; data/aether/worldgen/biome/skyroot_meadow.json; Bioma skyroot_grove (aether:aether_surface_monster); peso 1, grupo 1–1; data/aether/worldgen/biome/skyroot_grove.json; ",Itens emitidos vivo,minecraft:stick,1,AbstractWhirlwind: dropsTimer incrementa se getTarget!=null; a cada128 ticks elegíveis chama spawnDrops;25% de chance de executar seletor por chamada; não loot de morte; pool1: 1 sorteio(s); reposição se múltiplos rolls; peso bruto 12/160; normaliza apenas entradas elegíveis,"Ferramentas, tochas e diversos crafts",Alta nos arquivos versionados; configurações/datapacks externos não confirmados,/images/bestiary/audited/aether/evil-whirlwind.png,src/main/java/com/aetherteam/aether/client/renderer/entity/WhirlwindRenderer.java; src/main/java/com/aetherteam/aether/entity/monster/AbstractWhirlwind.java; src/main/java/com/aetherteam/aether/entity/monster/EvilWhirlwind.java; src/main/java/com/aetherteam/aether/client/particle/AbstractWhirlwindParticle.java; src/main/java/com/aetherteam/aether/client/particle/EvilWhirlwindParticle.java; src/main/resources/assets/aether/particles/evil_whirlwind.json; minecraft:assets/minecraft/textures/particle/generic_0.png; minecraft:assets/minecraft/textures/particle/generic_1.png; minecraft:assets/minecraft/textures/particle/generic_2.png; minecraft:assets/minecraft/textures/particle/generic_3.png; minecraft:assets/minecraft/textures/particle/generic_4.png; minecraft:assets/minecraft/textures/particle/generic_5.png; minecraft:assets/minecraft/textures/particle/generic_6.png; minecraft:assets/minecraft/textures/particle/generic_7.png; output-aether/proveniencia.json,evidence-final-aether/aether-1.21.1-1.5.10-neoforge.jar::data/aether/loot_table/selectors/evil_whirlwind_junk.json; evidence-final-aether/src/main/java/com/aetherteam/aether/entity/monster/EvilWhirlwind.java,[Receitas vanilla1.21.1](lote-final-2026-10-06/receitas-vanilla.json)
Evil Whirlwind,The Aether,Criatura AbstractWhirlwind; comportamento definido na classe e herança citadas,"Bioma skyroot_forest (aether:aether_surface_monster); peso 1, grupo 1–1; data/aether/worldgen/biome/skyroot_forest.json; Bioma skyroot_woodland (aether:aether_surface_monster); peso 1, grupo 1–1; data/aether/worldgen/biome/skyroot_woodland.json; Bioma skyroot_meadow (aether:aether_surface_monster); peso 1, grupo 1–1; data/aether/worldgen/biome/skyroot_meadow.json; Bioma skyroot_grove (aether:aether_surface_monster); peso 1, grupo 1–1; data/aether/worldgen/biome/skyroot_grove.json; ",Itens emitidos vivo,minecraft:flint,1,AbstractWhirlwind: dropsTimer incrementa se getTarget!=null; a cada128 ticks elegíveis chama spawnDrops;25% de chance de executar seletor por chamada; não loot de morte; pool1: 1 sorteio(s); reposição se múltiplos rolls; peso bruto 14/160; normaliza apenas entradas elegíveis,"Ingrediente nas receitas auditadas: {'count': 1, 'id': 'minecraft:fletching_table'}",Alta nos arquivos versionados; configurações/datapacks externos não confirmados,/images/bestiary/audited/aether/evil-whirlwind.png,src/main/java/com/aetherteam/aether/client/renderer/entity/WhirlwindRenderer.java; src/main/java/com/aetherteam/aether/entity/monster/AbstractWhirlwind.java; src/main/java/com/aetherteam/aether/entity/monster/EvilWhirlwind.java; src/main/java/com/aetherteam/aether/client/particle/AbstractWhirlwindParticle.java; src/main/java/com/aetherteam/aether/client/particle/EvilWhirlwindParticle.java; src/main/resources/assets/aether/particles/evil_whirlwind.json; minecraft:assets/minecraft/textures/particle/generic_0.png; minecraft:assets/minecraft/textures/particle/generic_1.png; minecraft:assets/minecraft/textures/particle/generic_2.png; minecraft:assets/minecraft/textures/particle/generic_3.png; minecraft:assets/minecraft/textures/particle/generic_4.png; minecraft:assets/minecraft/textures/particle/generic_5.png; minecraft:assets/minecraft/textures/particle/generic_6.png; minecraft:assets/minecraft/textures/particle/generic_7.png; output-aether/proveniencia.json,evidence-final-aether/aether-1.21.1-1.5.10-neoforge.jar::data/aether/loot_table/selectors/evil_whirlwind_junk.json; evidence-final-aether/src/main/java/com/aetherteam/aether/entity/monster/EvilWhirlwind.java,/bestiary/receitas/aether.html#receita-skyroot-fletching-table | [Receita skyroot_fletching_table](lote-final-2026-10-06/aether-cards-2026-10-06.md#receita-skyroot-fletching-table) — data/aether/recipe/skyroot_fletching_table.json; [Receita book_of_lore](lote-final-2026-10-06/aether-cards-2026-10-06.md#receita-book-of-lore) — data/aether/recipe/book_of_lore.json
Evil Whirlwind,The Aether,Criatura AbstractWhirlwind; comportamento definido na classe e herança citadas,"Bioma skyroot_forest (aether:aether_surface_monster); peso 1, grupo 1–1; data/aether/worldgen/biome/skyroot_forest.json; Bioma skyroot_woodland (aether:aether_surface_monster); peso 1, grupo 1–1; data/aether/worldgen/biome/skyroot_woodland.json; Bioma skyroot_meadow (aether:aether_surface_monster); peso 1, grupo 1–1; data/aether/worldgen/biome/skyroot_meadow.json; Bioma skyroot_grove (aether:aether_surface_monster); peso 1, grupo 1–1; data/aether/worldgen/biome/skyroot_grove.json; ",Itens emitidos vivo,minecraft:oak_log,1,AbstractWhirlwind: dropsTimer incrementa se getTarget!=null; a cada128 ticks elegíveis chama spawnDrops;25% de chance de executar seletor por chamada; não loot de morte; pool1: 1 sorteio(s); reposição se múltiplos rolls; peso bruto 17/160; normaliza apenas entradas elegíveis,"Ingrediente nas receitas vanilla1.21.1: {'count': 3, 'id': 'minecraft:oak_wood'}",Alta nos arquivos versionados; configurações/datapacks externos não confirmados,/images/bestiary/audited/aether/evil-whirlwind.png,src/main/java/com/aetherteam/aether/client/renderer/entity/WhirlwindRenderer.java; src/main/java/com/aetherteam/aether/entity/monster/AbstractWhirlwind.java; src/main/java/com/aetherteam/aether/entity/monster/EvilWhirlwind.java; src/main/java/com/aetherteam/aether/client/particle/AbstractWhirlwindParticle.java; src/main/java/com/aetherteam/aether/client/particle/EvilWhirlwindParticle.java; src/main/resources/assets/aether/particles/evil_whirlwind.json; minecraft:assets/minecraft/textures/particle/generic_0.png; minecraft:assets/minecraft/textures/particle/generic_1.png; minecraft:assets/minecraft/textures/particle/generic_2.png; minecraft:assets/minecraft/textures/particle/generic_3.png; minecraft:assets/minecraft/textures/particle/generic_4.png; minecraft:assets/minecraft/textures/particle/generic_5.png; minecraft:assets/minecraft/textures/particle/generic_6.png; minecraft:assets/minecraft/textures/particle/generic_7.png; output-aether/proveniencia.json,evidence-final-aether/aether-1.21.1-1.5.10-neoforge.jar::data/aether/loot_table/selectors/evil_whirlwind_junk.json; evidence-final-aether/src/main/java/com/aetherteam/aether/entity/monster/EvilWhirlwind.java,[Receitas vanilla1.21.1](lote-final-2026-10-06/receitas-vanilla.json)
Evil Whirlwind,The Aether,Criatura AbstractWhirlwind; comportamento definido na classe e herança citadas,"Bioma skyroot_forest (aether:aether_surface_monster); peso 1, grupo 1–1; data/aether/worldgen/biome/skyroot_forest.json; Bioma skyroot_woodland (aether:aether_surface_monster); peso 1, grupo 1–1; data/aether/worldgen/biome/skyroot_woodland.json; Bioma skyroot_meadow (aether:aether_surface_monster); peso 1, grupo 1–1; data/aether/worldgen/biome/skyroot_meadow.json; Bioma skyroot_grove (aether:aether_surface_monster); peso 1, grupo 1–1; data/aether/worldgen/biome/skyroot_grove.json; ",Itens emitidos vivo,minecraft:sand,1,AbstractWhirlwind: dropsTimer incrementa se getTarget!=null; a cada128 ticks elegíveis chama spawnDrops;25% de chance de executar seletor por chamada; não loot de morte; pool1: 1 sorteio(s); reposição se múltiplos rolls; peso bruto 20/160; normaliza apenas entradas elegíveis,"Ingrediente nas receitas vanilla1.21.1: {'count': 8, 'id': 'minecraft:black_concrete_powder'}, {'count': 8, 'id': 'minecraft:blue_concrete_powder'}, {'count': 8, 'id': 'minecraft:brown_concrete_powder'}, {'count': 8, 'id': 'minecraft:cyan_concrete_powder'}, {'count': 8, 'id': 'minecraft:gray_concrete_powder'}, {'count': 8, 'id': 'minecraft:green_concrete_powder'}, {'count': 8, 'id': 'minecraft:light_blue_concrete_powder'}, {'count': 8, 'id': 'minecraft:light_gray_concrete_powder'}, {'count': 8, 'id': 'minecraft:lime_concrete_powder'}, {'count': 8, 'id': 'minecraft:magenta_concrete_powder'}, {'count': 8, 'id': 'minecraft:orange_concrete_powder'}, {'count': 8, 'id': 'minecraft:pink_concrete_powder'}, {'count': 8, 'id': 'minecraft:purple_concrete_powder'}, {'count': 8, 'id': 'minecraft:red_concrete_powder'}, {'count': 1, 'id': 'minecraft:sandstone'}",Alta nos arquivos versionados; configurações/datapacks externos não confirmados,/images/bestiary/audited/aether/evil-whirlwind.png,src/main/java/com/aetherteam/aether/client/renderer/entity/WhirlwindRenderer.java; src/main/java/com/aetherteam/aether/entity/monster/AbstractWhirlwind.java; src/main/java/com/aetherteam/aether/entity/monster/EvilWhirlwind.java; src/main/java/com/aetherteam/aether/client/particle/AbstractWhirlwindParticle.java; src/main/java/com/aetherteam/aether/client/particle/EvilWhirlwindParticle.java; src/main/resources/assets/aether/particles/evil_whirlwind.json; minecraft:assets/minecraft/textures/particle/generic_0.png; minecraft:assets/minecraft/textures/particle/generic_1.png; minecraft:assets/minecraft/textures/particle/generic_2.png; minecraft:assets/minecraft/textures/particle/generic_3.png; minecraft:assets/minecraft/textures/particle/generic_4.png; minecraft:assets/minecraft/textures/particle/generic_5.png; minecraft:assets/minecraft/textures/particle/generic_6.png; minecraft:assets/minecraft/textures/particle/generic_7.png; output-aether/proveniencia.json,evidence-final-aether/aether-1.21.1-1.5.10-neoforge.jar::data/aether/loot_table/selectors/evil_whirlwind_junk.json; evidence-final-aether/src/main/java/com/aetherteam/aether/entity/monster/EvilWhirlwind.java,[Receitas vanilla1.21.1](lote-final-2026-10-06/receitas-vanilla.json)
Evil Whirlwind,The Aether,Criatura AbstractWhirlwind; comportamento definido na classe e herança citadas,"Bioma skyroot_forest (aether:aether_surface_monster); peso 1, grupo 1–1; data/aether/worldgen/biome/skyroot_forest.json; Bioma skyroot_woodland (aether:aether_surface_monster); peso 1, grupo 1–1; data/aether/worldgen/biome/skyroot_woodland.json; Bioma skyroot_meadow (aether:aether_surface_monster); peso 1, grupo 1–1; data/aether/worldgen/biome/skyroot_meadow.json; Bioma skyroot_grove (aether:aether_surface_monster); peso 1, grupo 1–1; data/aether/worldgen/biome/skyroot_grove.json; ",Itens emitidos vivo,minecraft:air,1,"AbstractWhirlwind: dropsTimer incrementa se getTarget!=null; a cada128 ticks elegíveis chama spawnDrops;25% de chance de executar seletor por chamada; não loot de morte; pool1: 1 sorteio(s); reposição se múltiplos rolls; peso bruto 60/160; normaliza apenas entradas elegíveis; {""count"": 1, ""entity"": ""minecraft:creeper"", ""function"": ""aether:whirlwind_spawn_entity""}",Nenhum item coletável: AIR representa ausência de recompensa,Alta no recurso/registro/classe citados; condições efetivas do pack não confirmadas,/images/bestiary/audited/aether/evil-whirlwind.png,src/main/java/com/aetherteam/aether/client/renderer/entity/WhirlwindRenderer.java; src/main/java/com/aetherteam/aether/entity/monster/AbstractWhirlwind.java; src/main/java/com/aetherteam/aether/entity/monster/EvilWhirlwind.java; src/main/java/com/aetherteam/aether/client/particle/AbstractWhirlwindParticle.java; src/main/java/com/aetherteam/aether/client/particle/EvilWhirlwindParticle.java; src/main/resources/assets/aether/particles/evil_whirlwind.json; minecraft:assets/minecraft/textures/particle/generic_0.png; minecraft:assets/minecraft/textures/particle/generic_1.png; minecraft:assets/minecraft/textures/particle/generic_2.png; minecraft:assets/minecraft/textures/particle/generic_3.png; minecraft:assets/minecraft/textures/particle/generic_4.png; minecraft:assets/minecraft/textures/particle/generic_5.png; minecraft:assets/minecraft/textures/particle/generic_6.png; minecraft:assets/minecraft/textures/particle/generic_7.png; output-aether/proveniencia.json,evidence-final-aether/aether-1.21.1-1.5.10-neoforge.jar::data/aether/loot_table/selectors/evil_whirlwind_junk.json; evidence-final-aether/src/main/java/com/aetherteam/aether/entity/monster/EvilWhirlwind.java,[Receitas vanilla1.21.1](lote-final-2026-10-06/receitas-vanilla.json)
Aechor Plant,The Aether,Criatura PathfinderMob; alvos: Player,"Bioma skyroot_forest (aether:aether_surface_monster); peso 7, grupo 1–1; data/aether/worldgen/biome/skyroot_forest.json; Bioma skyroot_woodland (aether:aether_surface_monster); peso 7, grupo 1–1; data/aether/worldgen/biome/skyroot_woodland.json; Bioma skyroot_meadow (aether:aether_surface_monster); peso 7, grupo 1–1; data/aether/worldgen/biome/skyroot_meadow.json; Bioma skyroot_grove (aether:aether_surface_monster); peso 7, grupo 1–1; data/aether/worldgen/biome/skyroot_grove.json; ",Loot de morte,aether:aechor_petal,1–1,Loot condicionado ao caminho de morte; herança/interações/variantes fora deste pool separadas; pool1: 1 sorteio(s); reposição se múltiplos rolls; peso bruto 1/1; normaliza apenas entradas elegíveis; set_count; Saque minecraft:looting: bônus Math.round(nível × sorteio 0–1); limite sem limite explícito,"Ingrediente nas receitas auditadas: {'count': 1, 'id': 'aether:poison_dart_shooter'}",Alta nos arquivos versionados; configurações/datapacks externos não confirmados,/images/bestiary/audited/aether/aechor-plant.png,src/main/java/com/aetherteam/aether/client/renderer/entity/model/AechorPlantModel.java; src/main/java/com/aetherteam/aether/client/renderer/entity/AechorPlantRenderer.java; src/main/resources/assets/aether/textures/entity/mobs/aechor_plant/aechor_plant.png; src/main/java/com/aetherteam/aether/client/renderer/AetherRenderers.java; src/main/java/com/aetherteam/aether/client/renderer/AetherModelLayers.java; output-aether/proveniencia.json,evidence-final-aether/aether-1.21.1-1.5.10-neoforge.jar::data/aether/loot_table/entities/aechor_plant.json; evidence-final-aether/src/main/java/com/aetherteam/aether/entity/monster/AechorPlant.java; evidence-final-aether/src/main/java/com/aetherteam/aether/item/AetherItems.java; registros-usos-itens.json#aether:aechor_petal,/bestiary/receitas/aether.html#receita-poison-dart-shooter | [Receita poison_dart_shooter](lote-final-2026-10-06/aether-cards-2026-10-06.md#receita-poison-dart-shooter) — data/aether/recipe/poison_dart_shooter.json
Aechor Plant,The Aether,Criatura PathfinderMob; alvos: Player,"Bioma skyroot_forest (aether:aether_surface_monster); peso 7, grupo 1–1; data/aether/worldgen/biome/skyroot_forest.json; Bioma skyroot_woodland (aether:aether_surface_monster); peso 7, grupo 1–1; data/aether/worldgen/biome/skyroot_woodland.json; Bioma skyroot_meadow (aether:aether_surface_monster); peso 7, grupo 1–1; data/aether/worldgen/biome/skyroot_meadow.json; Bioma skyroot_grove (aether:aether_surface_monster); peso 7, grupo 1–1; data/aether/worldgen/biome/skyroot_grove.json; ",Interação/mecânica fora do pool,aether:skyroot_poison_bucket,1,Skyroot Bucket vazio e poisonRemaining>0; decrementa1; ItemUtils.createFilledResult,Contêiner de veneno; efeitos/receitas via SkyrootBucketItem e registros da build,Alta nos arquivos versionados; configurações/datapacks externos não confirmados,/images/bestiary/audited/aether/aechor-plant.png,src/main/java/com/aetherteam/aether/client/renderer/entity/model/AechorPlantModel.java; src/main/java/com/aetherteam/aether/client/renderer/entity/AechorPlantRenderer.java; src/main/resources/assets/aether/textures/entity/mobs/aechor_plant/aechor_plant.png; src/main/java/com/aetherteam/aether/client/renderer/AetherRenderers.java; src/main/java/com/aetherteam/aether/client/renderer/AetherModelLayers.java; output-aether/proveniencia.json,/workspace/scratch/25006bff7ab5/evidence-final-aether/src/main/java/com/aetherteam/aether/entity/monster/AechorPlant.java; MountableAnimal.java; SkyrootBucketItem.java; evidence-final-aether/src/main/java/com/aetherteam/aether/entity/monster/AechorPlant.java; evidence-final-aether/src/main/java/com/aetherteam/aether/item/AetherItems.java; registros-usos-itens.json#aether:skyroot_poison_bucket,/bestiary/receitas/aether.html#receita-remedy-bucket-enchanting | [Receita remedy_bucket_enchanting](lote-final-2026-10-06/aether-cards-2026-10-06.md#receita-remedy-bucket-enchanting) — data/aether/recipe/remedy_bucket_enchanting.json; [Receita poison_dart](lote-final-2026-10-06/aether-cards-2026-10-06.md#receita-poison-dart) — data/aether/recipe/poison_dart.json; [Receita inebriation](lote-final-2026-10-06/aether-cards-2026-10-06.md#receita-inebriation) — data/jeed/recipe/inebriation.json
Cockatrice,The Aether,Criatura Monster; alvos: Player,"Bioma skyroot_forest (aether:aether_darkness_monster); peso 8, grupo 1–1; data/aether/worldgen/biome/skyroot_forest.json; Bioma skyroot_woodland (aether:aether_darkness_monster); peso 8, grupo 1–1; data/aether/worldgen/biome/skyroot_woodland.json; Bioma skyroot_meadow (aether:aether_darkness_monster); peso 8, grupo 1–1; data/aether/worldgen/biome/skyroot_meadow.json; Bioma skyroot_grove (aether:aether_darkness_monster); peso 8, grupo 1–1; data/aether/worldgen/biome/skyroot_grove.json; ",Loot de morte,minecraft:feather,2–3,Loot condicionado ao caminho de morte; herança/interações/variantes fora deste pool separadas; pool1: 1 sorteio(s); reposição se múltiplos rolls; peso bruto 1/1; normaliza apenas entradas elegíveis; set_count; Saque minecraft:looting: bônus Math.round(nível × sorteio 0–2); limite sem limite explícito,Flechas; livro e pena,Alta nos arquivos versionados; configurações/datapacks externos não confirmados,/images/bestiary/audited/aether/cockatrice.png,src/main/java/com/aetherteam/aether/client/renderer/entity/model/BipedBirdModel.java; src/main/java/com/aetherteam/aether/client/renderer/entity/model/CockatriceModel.java; src/main/java/com/aetherteam/aether/client/renderer/entity/CockatriceRenderer.java; src/main/resources/assets/aether/textures/entity/mobs/cockatrice/cockatrice.png; src/main/resources/assets/aether/textures/entity/mobs/cockatrice/cockatrice_emissive.png; src/main/java/com/aetherteam/aether/client/renderer/entity/layers/CockatriceMarkingsLayer.java; src/main/java/com/aetherteam/aether/client/renderer/AetherRenderers.java; src/main/java/com/aetherteam/aether/client/renderer/AetherModelLayers.java; output-aether/proveniencia.json,evidence-final-aether/aether-1.21.1-1.5.10-neoforge.jar::data/aether/loot_table/entities/cockatrice.json; evidence-final-aether/src/main/java/com/aetherteam/aether/entity/monster/Cockatrice.java,[Receitas vanilla1.21.1](lote-final-2026-10-06/receitas-vanilla.json)
Mimic,The Aether,Criatura Monster; alvos: Player,Chest Mimic de Bronze Dungeon; ChestMimicBlock.spawnMimic cria mob ao interagir.,Loot de morte,minecraft:chest,1–1,Loot condicionado ao caminho de morte; herança/interações/variantes fora deste pool separadas; pool1: 1 sorteio(s); reposição se múltiplos rolls; peso bruto 1/1; normaliza apenas entradas elegíveis; set_count; Saque minecraft:looting: bônus Math.round(nível × sorteio 0–1); limite sem limite explícito,Contêiner e crafts,Alta nos arquivos versionados; configurações/datapacks externos não confirmados,/images/bestiary/audited/aether/mimic.png,src/main/java/com/aetherteam/aether/client/renderer/entity/model/MimicModel.java; src/main/java/com/aetherteam/aether/client/renderer/entity/MimicRenderer.java; src/main/resources/assets/aether/textures/entity/mobs/mimic/normal.png; src/main/java/com/aetherteam/aether/client/renderer/AetherRenderers.java; src/main/java/com/aetherteam/aether/client/renderer/AetherModelLayers.java; output-aether/proveniencia.json,evidence-final-aether/aether-1.21.1-1.5.10-neoforge.jar::data/aether/loot_table/entities/mimic.json; evidence-final-aether/src/main/java/com/aetherteam/aether/entity/monster/dungeon/Mimic.java,[Receitas vanilla1.21.1](lote-final-2026-10-06/receitas-vanilla.json)
Mimic,The Aether,Criatura Monster; alvos: Player,Chest Mimic de Bronze Dungeon; ChestMimicBlock.spawnMimic cria mob ao interagir.,Loot de morte,aether:golden_dart,4,Loot condicionado ao caminho de morte; herança/interações/variantes fora deste pool separadas; pool2: 1–3 sorteio(s); reposição se múltiplos rolls; peso bruto 1/11; normaliza apenas entradas elegíveis; set_count,"Ingrediente nas receitas auditadas: {'count': 8, 'id': 'aether:poison_dart'}, {'count': 1, 'id': 'aether:enchanted_dart'}",Alta nos arquivos versionados; configurações/datapacks externos não confirmados,/images/bestiary/audited/aether/mimic.png,src/main/java/com/aetherteam/aether/client/renderer/entity/model/MimicModel.java; src/main/java/com/aetherteam/aether/client/renderer/entity/MimicRenderer.java; src/main/resources/assets/aether/textures/entity/mobs/mimic/normal.png; src/main/java/com/aetherteam/aether/client/renderer/AetherRenderers.java; src/main/java/com/aetherteam/aether/client/renderer/AetherModelLayers.java; output-aether/proveniencia.json,evidence-final-aether/aether-1.21.1-1.5.10-neoforge.jar::data/aether/loot_table/entities/mimic.json; evidence-final-aether/src/main/java/com/aetherteam/aether/entity/monster/dungeon/Mimic.java; evidence-final-aether/src/main/java/com/aetherteam/aether/item/AetherItems.java; registros-usos-itens.json#aether:golden_dart,/bestiary/receitas/aether.html#receita-poison-dart | [Receita poison_dart](lote-final-2026-10-06/aether-cards-2026-10-06.md#receita-poison-dart) — data/aether/recipe/poison_dart.json; [Receita enchanted_dart_enchanting](lote-final-2026-10-06/aether-cards-2026-10-06.md#receita-enchanted-dart-enchanting) — data/aether/recipe/enchanted_dart_enchanting.json
Mimic,The Aether,Criatura Monster; alvos: Player,Chest Mimic de Bronze Dungeon; ChestMimicBlock.spawnMimic cria mob ao interagir.,Loot de morte,aether:enchanted_dart,4,Loot condicionado ao caminho de morte; herança/interações/variantes fora deste pool separadas; pool2: 1–3 sorteio(s); reposição se múltiplos rolls; peso bruto 1/11; normaliza apenas entradas elegíveis; set_count,"Arma/projétil conforme classe EnchantedDartItem; uso, dano e efeitos definidos na classe original citada no apêndice de usos",Alta no recurso/registro/classe citados; condições efetivas do pack não confirmadas,/images/bestiary/audited/aether/mimic.png,src/main/java/com/aetherteam/aether/client/renderer/entity/model/MimicModel.java; src/main/java/com/aetherteam/aether/client/renderer/entity/MimicRenderer.java; src/main/resources/assets/aether/textures/entity/mobs/mimic/normal.png; src/main/java/com/aetherteam/aether/client/renderer/AetherRenderers.java; src/main/java/com/aetherteam/aether/client/renderer/AetherModelLayers.java; output-aether/proveniencia.json,evidence-final-aether/aether-1.21.1-1.5.10-neoforge.jar::data/aether/loot_table/entities/mimic.json; evidence-final-aether/src/main/java/com/aetherteam/aether/entity/monster/dungeon/Mimic.java; evidence-final-aether/src/main/java/com/aetherteam/aether/item/AetherItems.java; registros-usos-itens.json#aether:enchanted_dart,Não aplicável: uso direto ou nenhuma receita identificada na build
Mimic,The Aether,Criatura Monster; alvos: Player,Chest Mimic de Bronze Dungeon; ChestMimicBlock.spawnMimic cria mob ao interagir.,Loot de morte,aether:poison_dart,4,Loot condicionado ao caminho de morte; herança/interações/variantes fora deste pool separadas; pool2: 1–3 sorteio(s); reposição se múltiplos rolls; peso bruto 1/11; normaliza apenas entradas elegíveis; set_count,Ingrediente nas receitas auditadas: inebriation,Alta nos arquivos versionados; configurações/datapacks externos não confirmados,/images/bestiary/audited/aether/mimic.png,src/main/java/com/aetherteam/aether/client/renderer/entity/model/MimicModel.java; src/main/java/com/aetherteam/aether/client/renderer/entity/MimicRenderer.java; src/main/resources/assets/aether/textures/entity/mobs/mimic/normal.png; src/main/java/com/aetherteam/aether/client/renderer/AetherRenderers.java; src/main/java/com/aetherteam/aether/client/renderer/AetherModelLayers.java; output-aether/proveniencia.json,evidence-final-aether/aether-1.21.1-1.5.10-neoforge.jar::data/aether/loot_table/entities/mimic.json; evidence-final-aether/src/main/java/com/aetherteam/aether/entity/monster/dungeon/Mimic.java; evidence-final-aether/src/main/java/com/aetherteam/aether/item/AetherItems.java; registros-usos-itens.json#aether:poison_dart,/bestiary/receitas/aether.html#receita-inebriation | [Receita inebriation](lote-final-2026-10-06/aether-cards-2026-10-06.md#receita-inebriation) — data/jeed/recipe/inebriation.json
Mimic,The Aether,Criatura Monster; alvos: Player,Chest Mimic de Bronze Dungeon; ChestMimicBlock.spawnMimic cria mob ao interagir.,Loot de morte,aether:skyroot_pickaxe,1,Loot condicionado ao caminho de morte; herança/interações/variantes fora deste pool separadas; pool2: 1–3 sorteio(s); reposição se múltiplos rolls; peso bruto 1/11; normaliza apenas entradas elegíveis; set_count,Ingrediente nas receitas auditadas: skyroot_pickaxe_repairing,Alta nos arquivos versionados; configurações/datapacks externos não confirmados,/images/bestiary/audited/aether/mimic.png,src/main/java/com/aetherteam/aether/client/renderer/entity/model/MimicModel.java; src/main/java/com/aetherteam/aether/client/renderer/entity/MimicRenderer.java; src/main/resources/assets/aether/textures/entity/mobs/mimic/normal.png; src/main/java/com/aetherteam/aether/client/renderer/AetherRenderers.java; src/main/java/com/aetherteam/aether/client/renderer/AetherModelLayers.java; output-aether/proveniencia.json,evidence-final-aether/aether-1.21.1-1.5.10-neoforge.jar::data/aether/loot_table/entities/mimic.json; evidence-final-aether/src/main/java/com/aetherteam/aether/entity/monster/dungeon/Mimic.java; evidence-final-aether/src/main/java/com/aetherteam/aether/item/AetherItems.java; registros-usos-itens.json#aether:skyroot_pickaxe,/bestiary/receitas/aether.html#receita-skyroot-pickaxe-repairing | [Receita skyroot_pickaxe_repairing](lote-final-2026-10-06/aether-cards-2026-10-06.md#receita-skyroot-pickaxe-repairing) — data/aether/recipe/skyroot_pickaxe_repairing.json
Mimic,The Aether,Criatura Monster; alvos: Player,Chest Mimic de Bronze Dungeon; ChestMimicBlock.spawnMimic cria mob ao interagir.,Loot de morte,aether:iron_ring,1,Loot condicionado ao caminho de morte; herança/interações/variantes fora deste pool separadas; pool2: 1–3 sorteio(s); reposição se múltiplos rolls; peso bruto 1/11; normaliza apenas entradas elegíveis; set_count,"Ingrediente nas receitas auditadas: {'count': 1, 'id': 'minecraft:iron_nugget'}, {'count': 1, 'id': 'minecraft:iron_nugget'}",Alta nos arquivos versionados; configurações/datapacks externos não confirmados,/images/bestiary/audited/aether/mimic.png,src/main/java/com/aetherteam/aether/client/renderer/entity/model/MimicModel.java; src/main/java/com/aetherteam/aether/client/renderer/entity/MimicRenderer.java; src/main/resources/assets/aether/textures/entity/mobs/mimic/normal.png; src/main/java/com/aetherteam/aether/client/renderer/AetherRenderers.java; src/main/java/com/aetherteam/aether/client/renderer/AetherModelLayers.java; output-aether/proveniencia.json,evidence-final-aether/aether-1.21.1-1.5.10-neoforge.jar::data/aether/loot_table/entities/mimic.json; evidence-final-aether/src/main/java/com/aetherteam/aether/entity/monster/dungeon/Mimic.java; evidence-final-aether/src/main/java/com/aetherteam/aether/item/AetherItems.java; registros-usos-itens.json#aether:iron_ring,/bestiary/receitas/aether.html#receita-aether-iron-nugget-from-blasting | [Receita aether_iron_nugget_from_blasting](lote-final-2026-10-06/aether-cards-2026-10-06.md#receita-aether-iron-nugget-from-blasting) — data/aether/recipe/aether_iron_nugget_from_blasting.json; [Receita ice_ring_from_freezing](lote-final-2026-10-06/aether-cards-2026-10-06.md#receita-ice-ring-from-freezing) — data/aether/recipe/ice_ring_from_freezing.json; [Receita aether_iron_nugget_from_smelting](lote-final-2026-10-06/aether-cards-2026-10-06.md#receita-aether-iron-nugget-from-smelting) — data/aether/recipe/aether_iron_nugget_from_smelting.json
Mimic,The Aether,Criatura Monster; alvos: Player,Chest Mimic de Bronze Dungeon; ChestMimicBlock.spawnMimic cria mob ao interagir.,Loot de morte,aether:golden_amber,1,Loot condicionado ao caminho de morte; herança/interações/variantes fora deste pool separadas; pool2: 1–3 sorteio(s); reposição se múltiplos rolls; peso bruto 1/11; normaliza apenas entradas elegíveis; set_count,"Ingrediente nas receitas auditadas: {'count': 1, 'id': 'aether:golden_dart_shooter'}, {'count': 4, 'id': 'aether:golden_dart'}",Alta nos arquivos versionados; configurações/datapacks externos não confirmados,/images/bestiary/audited/aether/mimic.png,src/main/java/com/aetherteam/aether/client/renderer/entity/model/MimicModel.java; src/main/java/com/aetherteam/aether/client/renderer/entity/MimicRenderer.java; src/main/resources/assets/aether/textures/entity/mobs/mimic/normal.png; src/main/java/com/aetherteam/aether/client/renderer/AetherRenderers.java; src/main/java/com/aetherteam/aether/client/renderer/AetherModelLayers.java; output-aether/proveniencia.json,evidence-final-aether/aether-1.21.1-1.5.10-neoforge.jar::data/aether/loot_table/entities/mimic.json; evidence-final-aether/src/main/java/com/aetherteam/aether/entity/monster/dungeon/Mimic.java; evidence-final-aether/src/main/java/com/aetherteam/aether/item/AetherItems.java; registros-usos-itens.json#aether:golden_amber,/bestiary/receitas/aether.html#receita-golden-dart-shooter | [Receita golden_dart_shooter](lote-final-2026-10-06/aether-cards-2026-10-06.md#receita-golden-dart-shooter) — data/aether/recipe/golden_dart_shooter.json; [Receita golden_dart](lote-final-2026-10-06/aether-cards-2026-10-06.md#receita-golden-dart) — data/aether/recipe/golden_dart.json
Mimic,The Aether,Criatura Monster; alvos: Player,Chest Mimic de Bronze Dungeon; ChestMimicBlock.spawnMimic cria mob ao interagir.,Loot de morte,aether:zanite_gemstone,1,Loot condicionado ao caminho de morte; herança/interações/variantes fora deste pool separadas; pool2: 1–3 sorteio(s); reposição se múltiplos rolls; peso bruto 1/11; normaliza apenas entradas elegíveis; set_count,"Ingrediente nas receitas auditadas: {'count': 1, 'id': 'aether:zanite_block'}",Alta nos arquivos versionados; configurações/datapacks externos não confirmados,/images/bestiary/audited/aether/mimic.png,src/main/java/com/aetherteam/aether/client/renderer/entity/model/MimicModel.java; src/main/java/com/aetherteam/aether/client/renderer/entity/MimicRenderer.java; src/main/resources/assets/aether/textures/entity/mobs/mimic/normal.png; src/main/java/com/aetherteam/aether/client/renderer/AetherRenderers.java; src/main/java/com/aetherteam/aether/client/renderer/AetherModelLayers.java; output-aether/proveniencia.json,evidence-final-aether/aether-1.21.1-1.5.10-neoforge.jar::data/aether/loot_table/entities/mimic.json; evidence-final-aether/src/main/java/com/aetherteam/aether/entity/monster/dungeon/Mimic.java; evidence-final-aether/src/main/java/com/aetherteam/aether/item/AetherItems.java; registros-usos-itens.json#aether:zanite_gemstone,/bestiary/receitas/aether.html#receita-zanite-pendant | [Receita zanite_pendant](lote-final-2026-10-06/aether-cards-2026-10-06.md#receita-zanite-pendant) — data/aether/recipe/zanite_pendant.json; [Receita zanite_chestplate](lote-final-2026-10-06/aether-cards-2026-10-06.md#receita-zanite-chestplate) — data/aether/recipe/zanite_chestplate.json; [Receita zanite_leggings](lote-final-2026-10-06/aether-cards-2026-10-06.md#receita-zanite-leggings) — data/aether/recipe/zanite_leggings.json; [Receita zanite_hoe](lote-final-2026-10-06/aether-cards-2026-10-06.md#receita-zanite-hoe) — data/aether/recipe/zanite_hoe.json; [Receita zanite_boots](lote-final-2026-10-06/aether-cards-2026-10-06.md#receita-zanite-boots) — data/aether/recipe/zanite_boots.json; [Receita zanite_sword](lote-final-2026-10-06/aether-cards-2026-10-06.md#receita-zanite-sword) — data/aether/recipe/zanite_sword.json; [Receita zanite_shovel](lote-final-2026-10-06/aether-cards-2026-10-06.md#receita-zanite-shovel) — data/aether/recipe/zanite_shovel.json; [Receita altar](lote-final-2026-10-06/aether-cards-2026-10-06.md#receita-altar) — data/aether/recipe/altar.json; [Receita zanite_helmet](lote-final-2026-10-06/aether-cards-2026-10-06.md#receita-zanite-helmet) — data/aether/recipe/zanite_helmet.json; [Receita zanite_ring](lote-final-2026-10-06/aether-cards-2026-10-06.md#receita-zanite-ring) — data/aether/recipe/zanite_ring.json; [Receita zanite_axe](lote-final-2026-10-06/aether-cards-2026-10-06.md#receita-zanite-axe) — data/aether/recipe/zanite_axe.json; [Receita zanite_pickaxe](lote-final-2026-10-06/aether-cards-2026-10-06.md#receita-zanite-pickaxe) — data/aether/recipe/zanite_pickaxe.json; [Receita skyroot_zanite_vanilla_shield](lote-final-2026-10-06/aether-cards-2026-10-06.md#receita-skyroot-zanite-vanilla-shield) — data/aether/recipe/skyroot_zanite_vanilla_shield.json; [Receita nature_staff](lote-final-2026-10-06/aether-cards-2026-10-06.md#receita-nature-staff) — data/aether/recipe/nature_staff.json; [Receita zanite_gloves](lote-final-2026-10-06/aether-cards-2026-10-06.md#receita-zanite-gloves) — data/aether/recipe/zanite_gloves.json; [Receita wood_zanite_vanilla_shield](lote-final-2026-10-06/aether-cards-2026-10-06.md#receita-wood-zanite-vanilla-shield) — data/aether/recipe/wood_zanite_vanilla_shield.json; [Receita zanite_block](lote-final-2026-10-06/aether-cards-2026-10-06.md#receita-zanite-block) — data/aether/recipe/zanite_block.json
Mimic,The Aether,Criatura Monster; alvos: Player,Chest Mimic de Bronze Dungeon; ChestMimicBlock.spawnMimic cria mob ao interagir.,Loot de morte,aether:holystone_pickaxe,1,Loot condicionado ao caminho de morte; herança/interações/variantes fora deste pool separadas; pool2: 1–3 sorteio(s); reposição se múltiplos rolls; peso bruto 1/11; normaliza apenas entradas elegíveis; set_count,Ingrediente nas receitas auditadas: holystone_pickaxe_repairing,Alta nos arquivos versionados; configurações/datapacks externos não confirmados,/images/bestiary/audited/aether/mimic.png,src/main/java/com/aetherteam/aether/client/renderer/entity/model/MimicModel.java; src/main/java/com/aetherteam/aether/client/renderer/entity/MimicRenderer.java; src/main/resources/assets/aether/textures/entity/mobs/mimic/normal.png; src/main/java/com/aetherteam/aether/client/renderer/AetherRenderers.java; src/main/java/com/aetherteam/aether/client/renderer/AetherModelLayers.java; output-aether/proveniencia.json,evidence-final-aether/aether-1.21.1-1.5.10-neoforge.jar::data/aether/loot_table/entities/mimic.json; evidence-final-aether/src/main/java/com/aetherteam/aether/entity/monster/dungeon/Mimic.java; evidence-final-aether/src/main/java/com/aetherteam/aether/item/AetherItems.java; registros-usos-itens.json#aether:holystone_pickaxe,/bestiary/receitas/aether.html#receita-holystone-pickaxe-repairing | [Receita holystone_pickaxe_repairing](lote-final-2026-10-06/aether-cards-2026-10-06.md#receita-holystone-pickaxe-repairing) — data/aether/recipe/holystone_pickaxe_repairing.json
Mimic,The Aether,Criatura Monster; alvos: Player,Chest Mimic de Bronze Dungeon; ChestMimicBlock.spawnMimic cria mob ao interagir.,Loot de morte,aether:icestone,1,Loot condicionado ao caminho de morte; herança/interações/variantes fora deste pool separadas; pool2: 1–3 sorteio(s); reposição se múltiplos rolls; peso bruto 1/11; normaliza apenas entradas elegíveis; set_count,"Ingrediente nas receitas auditadas: {'count': 1, 'id': 'aether:icestone_wall'}, {'count': 4, 'id': 'aether:icestone_stairs'}, {'count': 6, 'id': 'aether:icestone_wall'}, {'count': 2, 'id': 'aether:icestone_slab'}, {'count': 1, 'id': 'aether:icestone_stairs'}, {'count': 6, 'id': 'aether:icestone_slab'}, {'count': 1, 'id': 'aether:freezer'}",Alta nos arquivos versionados; configurações/datapacks externos não confirmados,/images/bestiary/audited/aether/mimic.png,src/main/java/com/aetherteam/aether/client/renderer/entity/model/MimicModel.java; src/main/java/com/aetherteam/aether/client/renderer/entity/MimicRenderer.java; src/main/resources/assets/aether/textures/entity/mobs/mimic/normal.png; src/main/java/com/aetherteam/aether/client/renderer/AetherRenderers.java; src/main/java/com/aetherteam/aether/client/renderer/AetherModelLayers.java; output-aether/proveniencia.json,evidence-final-aether/aether-1.21.1-1.5.10-neoforge.jar::data/aether/loot_table/entities/mimic.json; evidence-final-aether/src/main/java/com/aetherteam/aether/entity/monster/dungeon/Mimic.java,/bestiary/receitas/aether.html#receita-icestone-wall-from-icestone-stonecutting | [Receita icestone_wall_from_icestone_stonecutting](lote-final-2026-10-06/aether-cards-2026-10-06.md#receita-icestone-wall-from-icestone-stonecutting) — data/aether/recipe/icestone_wall_from_icestone_stonecutting.json; [Receita icestone_stairs](lote-final-2026-10-06/aether-cards-2026-10-06.md#receita-icestone-stairs) — data/aether/recipe/icestone_stairs.json; [Receita icestone_wall](lote-final-2026-10-06/aether-cards-2026-10-06.md#receita-icestone-wall) — data/aether/recipe/icestone_wall.json; [Receita icestone_slab_from_icestone_stonecutting](lote-final-2026-10-06/aether-cards-2026-10-06.md#receita-icestone-slab-from-icestone-stonecutting) — data/aether/recipe/icestone_slab_from_icestone_stonecutting.json; [Receita icestone_stairs_from_icestone_stonecutting](lote-final-2026-10-06/aether-cards-2026-10-06.md#receita-icestone-stairs-from-icestone-stonecutting) — data/aether/recipe/icestone_stairs_from_icestone_stonecutting.json; [Receita icestone_slab](lote-final-2026-10-06/aether-cards-2026-10-06.md#receita-icestone-slab) — data/aether/recipe/icestone_slab.json; [Receita freezer](lote-final-2026-10-06/aether-cards-2026-10-06.md#receita-freezer) — data/aether/recipe/freezer.json
Mimic,The Aether,Criatura Monster; alvos: Player,Chest Mimic de Bronze Dungeon; ChestMimicBlock.spawnMimic cria mob ao interagir.,Loot de morte,aether:ambrosium_shard,1,Loot condicionado ao caminho de morte; herança/interações/variantes fora deste pool separadas; pool2: 1–3 sorteio(s); reposição se múltiplos rolls; peso bruto 1/11; normaliza apenas entradas elegíveis; set_count,"Ingrediente nas receitas auditadas: {'count': 1, 'id': 'aether:ambrosium_block'}",Alta nos arquivos versionados; configurações/datapacks externos não confirmados,/images/bestiary/audited/aether/mimic.png,src/main/java/com/aetherteam/aether/client/renderer/entity/model/MimicModel.java; src/main/java/com/aetherteam/aether/client/renderer/entity/MimicRenderer.java; src/main/resources/assets/aether/textures/entity/mobs/mimic/normal.png; src/main/java/com/aetherteam/aether/client/renderer/AetherRenderers.java; src/main/java/com/aetherteam/aether/client/renderer/AetherModelLayers.java; output-aether/proveniencia.json,evidence-final-aether/aether-1.21.1-1.5.10-neoforge.jar::data/aether/loot_table/entities/mimic.json; evidence-final-aether/src/main/java/com/aetherteam/aether/entity/monster/dungeon/Mimic.java; evidence-final-aether/src/main/java/com/aetherteam/aether/item/AetherItems.java; registros-usos-itens.json#aether:ambrosium_shard,/bestiary/receitas/aether.html#receita-ambrosium-torch | [Receita ambrosium_torch](lote-final-2026-10-06/aether-cards-2026-10-06.md#receita-ambrosium-torch) — data/aether/recipe/ambrosium_torch.json; [Receita ambrosium_block](lote-final-2026-10-06/aether-cards-2026-10-06.md#receita-ambrosium-block) — data/aether/recipe/ambrosium_block.json; [Receita book_of_lore](lote-final-2026-10-06/aether-cards-2026-10-06.md#receita-book-of-lore) — data/aether/recipe/book_of_lore.json
Mimic,The Aether,Criatura Monster; alvos: Player,Chest Mimic de Bronze Dungeon; ChestMimicBlock.spawnMimic cria mob ao interagir.,Loot de morte,aether:ambrosium_torch,1,Loot condicionado ao caminho de morte; herança/interações/variantes fora deste pool separadas; pool2: 1–3 sorteio(s); reposição se múltiplos rolls; peso bruto 1/11; normaliza apenas entradas elegíveis; set_count,"Ingrediente nas receitas auditadas: {'count': 1, 'id': 'aether:incubator'}",Alta nos arquivos versionados; configurações/datapacks externos não confirmados,/images/bestiary/audited/aether/mimic.png,src/main/java/com/aetherteam/aether/client/renderer/entity/model/MimicModel.java; src/main/java/com/aetherteam/aether/client/renderer/entity/MimicRenderer.java; src/main/resources/assets/aether/textures/entity/mobs/mimic/normal.png; src/main/java/com/aetherteam/aether/client/renderer/AetherRenderers.java; src/main/java/com/aetherteam/aether/client/renderer/AetherModelLayers.java; output-aether/proveniencia.json,evidence-final-aether/aether-1.21.1-1.5.10-neoforge.jar::data/aether/loot_table/entities/mimic.json; evidence-final-aether/src/main/java/com/aetherteam/aether/entity/monster/dungeon/Mimic.java,/bestiary/receitas/aether.html#receita-incubator | [Receita incubator](lote-final-2026-10-06/aether-cards-2026-10-06.md#receita-incubator) — data/aether/recipe/incubator.json
Sentry,The Aether,Criatura Slime; alvos: Player,Trapped Carved Stone/Trapped Sentry Stone de Bronze Dungeon; TrappedBlock cria Sentry.,Loot de morte,aether:carved_stone,1–1,Loot condicionado ao caminho de morte; herança/interações/variantes fora deste pool separadas; pool1: 1 sorteio(s); reposição se múltiplos rolls; peso bruto 4/5; normaliza apenas entradas elegíveis; set_count; Saque minecraft:looting: bônus Math.round(nível × sorteio 0–1); limite sem limite explícito,"Ingrediente nas receitas auditadas: {'count': 6, 'id': 'aether:carved_slab'}, {'count': 1, 'id': 'aether:carved_wall'}, {'count': 2, 'id': 'aether:carved_slab'}, {'count': 1, 'id': 'aether:carved_stairs'}, {'count': 4, 'id': 'aether:carved_stairs'}, {'count': 1, 'id': 'aether:sentry_stone'}, {'count': 6, 'id': 'aether:carved_wall'}",Alta nos arquivos versionados; configurações/datapacks externos não confirmados,/images/bestiary/audited/aether/sentry.png,src/main/java/com/aetherteam/aether/client/renderer/entity/SentryRenderer.java; src/main/resources/assets/aether/textures/entity/mobs/sentry/sentry_lit.png; src/main/resources/assets/aether/textures/entity/mobs/sentry/eye.png; src/main/java/com/aetherteam/aether/client/renderer/entity/layers/SentryGlowLayer.java; src/main/java/com/aetherteam/aether/client/renderer/AetherRenderers.java; src/main/java/com/aetherteam/aether/client/renderer/AetherModelLayers.java; output-aether/proveniencia.json,evidence-final-aether/aether-1.21.1-1.5.10-neoforge.jar::data/aether/loot_table/entities/sentry.json; evidence-final-aether/src/main/java/com/aetherteam/aether/entity/monster/dungeon/Sentry.java,/bestiary/receitas/aether.html#receita-carved-slab | [Receita carved_slab](lote-final-2026-10-06/aether-cards-2026-10-06.md#receita-carved-slab) — data/aether/recipe/carved_slab.json; [Receita carved_wall_from_carved_stone_stonecutting](lote-final-2026-10-06/aether-cards-2026-10-06.md#receita-carved-wall-from-carved-stone-stonecutting) — data/aether/recipe/carved_wall_from_carved_stone_stonecutting.json; [Receita carved_slab_from_carved_stone_stonecutting](lote-final-2026-10-06/aether-cards-2026-10-06.md#receita-carved-slab-from-carved-stone-stonecutting) — data/aether/recipe/carved_slab_from_carved_stone_stonecutting.json; [Receita carved_stairs_from_carved_stone_stonecutting](lote-final-2026-10-06/aether-cards-2026-10-06.md#receita-carved-stairs-from-carved-stone-stonecutting) — data/aether/recipe/carved_stairs_from_carved_stone_stonecutting.json; [Receita carved_stairs](lote-final-2026-10-06/aether-cards-2026-10-06.md#receita-carved-stairs) — data/aether/recipe/carved_stairs.json; [Receita sentry_stone_from_carved_stone_stonecutting](lote-final-2026-10-06/aether-cards-2026-10-06.md#receita-sentry-stone-from-carved-stone-stonecutting) — data/aether/recipe/sentry_stone_from_carved_stone_stonecutting.json; [Receita carved_wall](lote-final-2026-10-06/aether-cards-2026-10-06.md#receita-carved-wall) — data/aether/recipe/carved_wall.json
Sentry,The Aether,Criatura Slime; alvos: Player,Trapped Carved Stone/Trapped Sentry Stone de Bronze Dungeon; TrappedBlock cria Sentry.,Loot de morte,aether:sentry_stone,1–1,Loot condicionado ao caminho de morte; herança/interações/variantes fora deste pool separadas; pool1: 1 sorteio(s); reposição se múltiplos rolls; peso bruto 1/5; normaliza apenas entradas elegíveis; set_count; Saque minecraft:looting: bônus Math.round(nível × sorteio 0–1); limite sem limite explícito,"Ingrediente nas receitas auditadas: {'count': 1, 'id': 'aether:carved_stone'}",Alta nos arquivos versionados; configurações/datapacks externos não confirmados,/images/bestiary/audited/aether/sentry.png,src/main/java/com/aetherteam/aether/client/renderer/entity/SentryRenderer.java; src/main/resources/assets/aether/textures/entity/mobs/sentry/sentry_lit.png; src/main/resources/assets/aether/textures/entity/mobs/sentry/eye.png; src/main/java/com/aetherteam/aether/client/renderer/entity/layers/SentryGlowLayer.java; src/main/java/com/aetherteam/aether/client/renderer/AetherRenderers.java; src/main/java/com/aetherteam/aether/client/renderer/AetherModelLayers.java; output-aether/proveniencia.json,evidence-final-aether/aether-1.21.1-1.5.10-neoforge.jar::data/aether/loot_table/entities/sentry.json; evidence-final-aether/src/main/java/com/aetherteam/aether/entity/monster/dungeon/Sentry.java,/bestiary/receitas/aether.html#receita-carved-stone-from-sentry-stone-stonecutting | [Receita carved_stone_from_sentry_stone_stonecutting](lote-final-2026-10-06/aether-cards-2026-10-06.md#receita-carved-stone-from-sentry-stone-stonecutting) — data/aether/recipe/carved_stone_from_sentry_stone_stonecutting.json
Slider,The Aether,Chefe de encontro; alvos: Player,"Bronze Dungeon, sala do Slider.",Loot de morte,aether:bronze_dungeon_key,1,Loot condicionado ao caminho de morte; herança/interações/variantes fora deste pool separadas; pool1: 1 sorteio(s); reposição se múltiplos rolls; peso bruto 1/1; normaliza apenas entradas elegíveis; set_count,Destrancar Treasure Chest de Bronze Dungeon; DungeonKeyItem valida tier,Alta no recurso/registro/classe citados; condições efetivas do pack não confirmadas,/images/bestiary/audited/aether/slider.png,src/main/java/com/aetherteam/aether/client/renderer/entity/model/SliderModel.java; src/main/java/com/aetherteam/aether/client/renderer/entity/SliderRenderer.java; src/main/resources/assets/aether/textures/entity/mobs/slider/slider_awake.png; src/main/resources/assets/aether/textures/entity/mobs/slider/slider_awake_glow.png; src/main/java/com/aetherteam/aether/client/renderer/entity/layers/SliderGlowLayer.java; src/main/java/com/aetherteam/aether/client/renderer/AetherRenderers.java; src/main/java/com/aetherteam/aether/client/renderer/AetherModelLayers.java; output-aether/proveniencia.json,evidence-final-aether/aether-1.21.1-1.5.10-neoforge.jar::data/aether/loot_table/entities/slider.json; evidence-final-aether/src/main/java/com/aetherteam/aether/entity/monster/dungeon/boss/Slider.java; evidence-final-aether/src/main/java/com/aetherteam/aether/item/AetherItems.java; registros-usos-itens.json#aether:bronze_dungeon_key,Não aplicável: uso direto ou nenhuma receita identificada na build
Slider,The Aether,Chefe de encontro; alvos: Player,"Bronze Dungeon, sala do Slider.",Loot de morte,aether:carved_stone,7–9,Loot condicionado ao caminho de morte; herança/interações/variantes fora deste pool separadas; pool2: 1 sorteio(s); reposição se múltiplos rolls; peso bruto 1/1; normaliza apenas entradas elegíveis; set_count,"Ingrediente nas receitas auditadas: {'count': 6, 'id': 'aether:carved_slab'}, {'count': 1, 'id': 'aether:carved_wall'}, {'count': 2, 'id': 'aether:carved_slab'}, {'count': 1, 'id': 'aether:carved_stairs'}, {'count': 4, 'id': 'aether:carved_stairs'}, {'count': 1, 'id': 'aether:sentry_stone'}, {'count': 6, 'id': 'aether:carved_wall'}",Alta nos arquivos versionados; configurações/datapacks externos não confirmados,/images/bestiary/audited/aether/slider.png,src/main/java/com/aetherteam/aether/client/renderer/entity/model/SliderModel.java; src/main/java/com/aetherteam/aether/client/renderer/entity/SliderRenderer.java; src/main/resources/assets/aether/textures/entity/mobs/slider/slider_awake.png; src/main/resources/assets/aether/textures/entity/mobs/slider/slider_awake_glow.png; src/main/java/com/aetherteam/aether/client/renderer/entity/layers/SliderGlowLayer.java; src/main/java/com/aetherteam/aether/client/renderer/AetherRenderers.java; src/main/java/com/aetherteam/aether/client/renderer/AetherModelLayers.java; output-aether/proveniencia.json,evidence-final-aether/aether-1.21.1-1.5.10-neoforge.jar::data/aether/loot_table/entities/slider.json; evidence-final-aether/src/main/java/com/aetherteam/aether/entity/monster/dungeon/boss/Slider.java,/bestiary/receitas/aether.html#receita-carved-slab | [Receita carved_slab](lote-final-2026-10-06/aether-cards-2026-10-06.md#receita-carved-slab) — data/aether/recipe/carved_slab.json; [Receita carved_wall_from_carved_stone_stonecutting](lote-final-2026-10-06/aether-cards-2026-10-06.md#receita-carved-wall-from-carved-stone-stonecutting) — data/aether/recipe/carved_wall_from_carved_stone_stonecutting.json; [Receita carved_slab_from_carved_stone_stonecutting](lote-final-2026-10-06/aether-cards-2026-10-06.md#receita-carved-slab-from-carved-stone-stonecutting) — data/aether/recipe/carved_slab_from_carved_stone_stonecutting.json; [Receita carved_stairs_from_carved_stone_stonecutting](lote-final-2026-10-06/aether-cards-2026-10-06.md#receita-carved-stairs-from-carved-stone-stonecutting) — data/aether/recipe/carved_stairs_from_carved_stone_stonecutting.json; [Receita carved_stairs](lote-final-2026-10-06/aether-cards-2026-10-06.md#receita-carved-stairs) — data/aether/recipe/carved_stairs.json; [Receita sentry_stone_from_carved_stone_stonecutting](lote-final-2026-10-06/aether-cards-2026-10-06.md#receita-sentry-stone-from-carved-stone-stonecutting) — data/aether/recipe/sentry_stone_from_carved_stone_stonecutting.json; [Receita carved_wall](lote-final-2026-10-06/aether-cards-2026-10-06.md#receita-carved-wall) — data/aether/recipe/carved_wall.json
Slider,The Aether,Chefe de encontro; alvos: Player,"Bronze Dungeon, sala do Slider.",Baú de recompensa da dungeon,aether:neptune_helmet,1,"Tesouro de bronze; baú pré-gerado/trancado, desbloqueável pela Dungeon Key correspondente após combate. Independente dos drops físicos de morte; subtables/config respeitados.; pool1: 1–1 sorteio(s); reposição se múltiplos rolls; peso bruto 1/1; normaliza apenas entradas elegíveis; pool1: 1 sorteio(s); reposição se múltiplos rolls; peso bruto 1/5; normaliza apenas entradas elegíveis","Equipamento vestível; slot/material/durabilidade confirmados no registro: public static final DeferredItem<Item> NEPTUNE_HELMET = ITEMS.register(""neptune_helmet"", () -> new ArmorItem(AetherArmorMaterials.NEPTUNE, ArmorItem.Type.HELMET, new Item.Properties().durability(ArmorItem.Type.HELMET.getDurability(15)).rarity(AETHER_LOOT)));",Alta no recurso/registro/classe citados; condições efetivas do pack não confirmadas,/images/bestiary/audited/aether/slider.png,src/main/java/com/aetherteam/aether/client/renderer/entity/model/SliderModel.java; src/main/java/com/aetherteam/aether/client/renderer/entity/SliderRenderer.java; src/main/resources/assets/aether/textures/entity/mobs/slider/slider_awake.png; src/main/resources/assets/aether/textures/entity/mobs/slider/slider_awake_glow.png; src/main/java/com/aetherteam/aether/client/renderer/entity/layers/SliderGlowLayer.java; src/main/java/com/aetherteam/aether/client/renderer/AetherRenderers.java; src/main/java/com/aetherteam/aether/client/renderer/AetherModelLayers.java; output-aether/proveniencia.json,evidence-final-aether/aether-1.21.1-1.5.10-neoforge.jar::data/aether/loot_table/chests/dungeon/bronze/bronze_dungeon_neptune.json; evidence-final-aether/src/main/java/com/aetherteam/aether/entity/monster/dungeon/boss/Slider.java; evidence-final-aether/src/main/java/com/aetherteam/aether/item/AetherItems.java; registros-usos-itens.json#aether:neptune_helmet,Não aplicável: uso direto ou nenhuma receita identificada na build
Slider,The Aether,Chefe de encontro; alvos: Player,"Bronze Dungeon, sala do Slider.",Baú de recompensa da dungeon,aether:neptune_chestplate,1,"Tesouro de bronze; baú pré-gerado/trancado, desbloqueável pela Dungeon Key correspondente após combate. Independente dos drops físicos de morte; subtables/config respeitados.; pool1: 1–1 sorteio(s); reposição se múltiplos rolls; peso bruto 1/1; normaliza apenas entradas elegíveis; pool1: 1 sorteio(s); reposição se múltiplos rolls; peso bruto 1/5; normaliza apenas entradas elegíveis","Equipamento vestível; slot/material/durabilidade confirmados no registro: public static final DeferredItem<Item> NEPTUNE_CHESTPLATE = ITEMS.register(""neptune_chestplate"", () -> new ArmorItem(AetherArmorMaterials.NEPTUNE, ArmorItem.Type.CHESTPLATE, new Item.Properties().durability(ArmorItem.Type.CHESTPLATE.getDurability(15)).rarity(AETHER_LOOT)));",Alta no recurso/registro/classe citados; condições efetivas do pack não confirmadas,/images/bestiary/audited/aether/slider.png,src/main/java/com/aetherteam/aether/client/renderer/entity/model/SliderModel.java; src/main/java/com/aetherteam/aether/client/renderer/entity/SliderRenderer.java; src/main/resources/assets/aether/textures/entity/mobs/slider/slider_awake.png; src/main/resources/assets/aether/textures/entity/mobs/slider/slider_awake_glow.png; src/main/java/com/aetherteam/aether/client/renderer/entity/layers/SliderGlowLayer.java; src/main/java/com/aetherteam/aether/client/renderer/AetherRenderers.java; src/main/java/com/aetherteam/aether/client/renderer/AetherModelLayers.java; output-aether/proveniencia.json,evidence-final-aether/aether-1.21.1-1.5.10-neoforge.jar::data/aether/loot_table/chests/dungeon/bronze/bronze_dungeon_neptune.json; evidence-final-aether/src/main/java/com/aetherteam/aether/entity/monster/dungeon/boss/Slider.java; evidence-final-aether/src/main/java/com/aetherteam/aether/item/AetherItems.java; registros-usos-itens.json#aether:neptune_chestplate,Não aplicável: uso direto ou nenhuma receita identificada na build
Slider,The Aether,Chefe de encontro; alvos: Player,"Bronze Dungeon, sala do Slider.",Baú de recompensa da dungeon,aether:neptune_leggings,1,"Tesouro de bronze; baú pré-gerado/trancado, desbloqueável pela Dungeon Key correspondente após combate. Independente dos drops físicos de morte; subtables/config respeitados.; pool1: 1–1 sorteio(s); reposição se múltiplos rolls; peso bruto 1/1; normaliza apenas entradas elegíveis; pool1: 1 sorteio(s); reposição se múltiplos rolls; peso bruto 1/5; normaliza apenas entradas elegíveis","Equipamento vestível; slot/material/durabilidade confirmados no registro: public static final DeferredItem<Item> NEPTUNE_LEGGINGS = ITEMS.register(""neptune_leggings"", () -> new ArmorItem(AetherArmorMaterials.NEPTUNE, ArmorItem.Type.LEGGINGS, new Item.Properties().durability(ArmorItem.Type.LEGGINGS.getDurability(15)).rarity(AETHER_LOOT)));",Alta no recurso/registro/classe citados; condições efetivas do pack não confirmadas,/images/bestiary/audited/aether/slider.png,src/main/java/com/aetherteam/aether/client/renderer/entity/model/SliderModel.java; src/main/java/com/aetherteam/aether/client/renderer/entity/SliderRenderer.java; src/main/resources/assets/aether/textures/entity/mobs/slider/slider_awake.png; src/main/resources/assets/aether/textures/entity/mobs/slider/slider_awake_glow.png; src/main/java/com/aetherteam/aether/client/renderer/entity/layers/SliderGlowLayer.java; src/main/java/com/aetherteam/aether/client/renderer/AetherRenderers.java; src/main/java/com/aetherteam/aether/client/renderer/AetherModelLayers.java; output-aether/proveniencia.json,evidence-final-aether/aether-1.21.1-1.5.10-neoforge.jar::data/aether/loot_table/chests/dungeon/bronze/bronze_dungeon_neptune.json; evidence-final-aether/src/main/java/com/aetherteam/aether/entity/monster/dungeon/boss/Slider.java; evidence-final-aether/src/main/java/com/aetherteam/aether/item/AetherItems.java; registros-usos-itens.json#aether:neptune_leggings,Não aplicável: uso direto ou nenhuma receita identificada na build
Slider,The Aether,Chefe de encontro; alvos: Player,"Bronze Dungeon, sala do Slider.",Baú de recompensa da dungeon,aether:neptune_boots,1,"Tesouro de bronze; baú pré-gerado/trancado, desbloqueável pela Dungeon Key correspondente após combate. Independente dos drops físicos de morte; subtables/config respeitados.; pool1: 1–1 sorteio(s); reposição se múltiplos rolls; peso bruto 1/1; normaliza apenas entradas elegíveis; pool1: 1 sorteio(s); reposição se múltiplos rolls; peso bruto 1/5; normaliza apenas entradas elegíveis","Equipamento vestível; slot/material/durabilidade confirmados no registro: public static final DeferredItem<Item> NEPTUNE_BOOTS = ITEMS.register(""neptune_boots"", () -> new ArmorItem(AetherArmorMaterials.NEPTUNE, ArmorItem.Type.BOOTS, new Item.Properties().durability(ArmorItem.Type.BOOTS.getDurability(15)).rarity(AETHER_LOOT)));",Alta no recurso/registro/classe citados; condições efetivas do pack não confirmadas,/images/bestiary/audited/aether/slider.png,src/main/java/com/aetherteam/aether/client/renderer/entity/model/SliderModel.java; src/main/java/com/aetherteam/aether/client/renderer/entity/SliderRenderer.java; src/main/resources/assets/aether/textures/entity/mobs/slider/slider_awake.png; src/main/resources/assets/aether/textures/entity/mobs/slider/slider_awake_glow.png; src/main/java/com/aetherteam/aether/client/renderer/entity/layers/SliderGlowLayer.java; src/main/java/com/aetherteam/aether/client/renderer/AetherRenderers.java; src/main/java/com/aetherteam/aether/client/renderer/AetherModelLayers.java; output-aether/proveniencia.json,evidence-final-aether/aether-1.21.1-1.5.10-neoforge.jar::data/aether/loot_table/chests/dungeon/bronze/bronze_dungeon_neptune.json; evidence-final-aether/src/main/java/com/aetherteam/aether/entity/monster/dungeon/boss/Slider.java; evidence-final-aether/src/main/java/com/aetherteam/aether/item/AetherItems.java; registros-usos-itens.json#aether:neptune_boots,Não aplicável: uso direto ou nenhuma receita identificada na build
Slider,The Aether,Chefe de encontro; alvos: Player,"Bronze Dungeon, sala do Slider.",Baú de recompensa da dungeon,aether:neptune_gloves,1,"Tesouro de bronze; baú pré-gerado/trancado, desbloqueável pela Dungeon Key correspondente após combate. Independente dos drops físicos de morte; subtables/config respeitados.; pool1: 1–1 sorteio(s); reposição se múltiplos rolls; peso bruto 1/1; normaliza apenas entradas elegíveis; pool1: 1 sorteio(s); reposição se múltiplos rolls; peso bruto 1/5; normaliza apenas entradas elegíveis","Equipamento vestível; slot/material/durabilidade confirmados no registro: public static final DeferredItem<Item> NEPTUNE_GLOVES = ITEMS.register(""neptune_gloves"", () -> new GlovesItem(AetherArmorMaterials.NEPTUNE, 0.5, ""neptune_gloves"", AetherSoundEvents.ITEM_ARMOR_EQUIP_NEPTUNE, new Item.Properties().stacksTo(1).rarity(AETHER_LOOT).durability(250)));",Alta no recurso/registro/classe citados; condições efetivas do pack não confirmadas,/images/bestiary/audited/aether/slider.png,src/main/java/com/aetherteam/aether/client/renderer/entity/model/SliderModel.java; src/main/java/com/aetherteam/aether/client/renderer/entity/SliderRenderer.java; src/main/resources/assets/aether/textures/entity/mobs/slider/slider_awake.png; src/main/resources/assets/aether/textures/entity/mobs/slider/slider_awake_glow.png; src/main/java/com/aetherteam/aether/client/renderer/entity/layers/SliderGlowLayer.java; src/main/java/com/aetherteam/aether/client/renderer/AetherRenderers.java; src/main/java/com/aetherteam/aether/client/renderer/AetherModelLayers.java; output-aether/proveniencia.json,evidence-final-aether/aether-1.21.1-1.5.10-neoforge.jar::data/aether/loot_table/chests/dungeon/bronze/bronze_dungeon_neptune.json; evidence-final-aether/src/main/java/com/aetherteam/aether/entity/monster/dungeon/boss/Slider.java; evidence-final-aether/src/main/java/com/aetherteam/aether/item/AetherItems.java; registros-usos-itens.json#aether:neptune_gloves,Não aplicável: uso direto ou nenhuma receita identificada na build
Slider,The Aether,Chefe de encontro; alvos: Player,"Bronze Dungeon, sala do Slider.",Baú de recompensa da dungeon,aether:valkyrie_lance,1,"Tesouro de bronze; baú pré-gerado/trancado, desbloqueável pela Dungeon Key correspondente após combate. Independente dos drops físicos de morte; subtables/config respeitados.; pool2: 1–1 sorteio(s); reposição se múltiplos rolls; peso bruto 1/1; normaliza apenas entradas elegíveis; pool1: 1–1 sorteio(s); reposição se múltiplos rolls; peso bruto 1/6; normaliza apenas entradas elegíveis","Arma/projétil conforme classe ValkyrieLanceItem; uso, dano e efeitos definidos na classe original citada no apêndice de usos",Alta no recurso/registro/classe citados; condições efetivas do pack não confirmadas,/images/bestiary/audited/aether/slider.png,src/main/java/com/aetherteam/aether/client/renderer/entity/model/SliderModel.java; src/main/java/com/aetherteam/aether/client/renderer/entity/SliderRenderer.java; src/main/resources/assets/aether/textures/entity/mobs/slider/slider_awake.png; src/main/resources/assets/aether/textures/entity/mobs/slider/slider_awake_glow.png; src/main/java/com/aetherteam/aether/client/renderer/entity/layers/SliderGlowLayer.java; src/main/java/com/aetherteam/aether/client/renderer/AetherRenderers.java; src/main/java/com/aetherteam/aether/client/renderer/AetherModelLayers.java; output-aether/proveniencia.json,evidence-final-aether/aether-1.21.1-1.5.10-neoforge.jar::data/aether/loot_table/chests/dungeon/bronze/bronze_dungeon_treasure.json; evidence-final-aether/src/main/java/com/aetherteam/aether/entity/monster/dungeon/boss/Slider.java; evidence-final-aether/src/main/java/com/aetherteam/aether/item/AetherItems.java; registros-usos-itens.json#aether:valkyrie_lance,Não aplicável: uso direto ou nenhuma receita identificada na build
Slider,The Aether,Chefe de encontro; alvos: Player,"Bronze Dungeon, sala do Slider.",Baú de recompensa da dungeon,aether:hammer_of_kingbdogz,1,"Tesouro de bronze; baú pré-gerado/trancado, desbloqueável pela Dungeon Key correspondente após combate. Independente dos drops físicos de morte; subtables/config respeitados.; pool2: 1–1 sorteio(s); reposição se múltiplos rolls; peso bruto 1/1; normaliza apenas entradas elegíveis; pool1: 1–1 sorteio(s); reposição se múltiplos rolls; peso bruto 1/6; normaliza apenas entradas elegíveis","Arma/projétil conforme classe HammerOfKingbdogzItem; uso, dano e efeitos definidos na classe original citada no apêndice de usos",Alta no recurso/registro/classe citados; condições efetivas do pack não confirmadas,/images/bestiary/audited/aether/slider.png,src/main/java/com/aetherteam/aether/client/renderer/entity/model/SliderModel.java; src/main/java/com/aetherteam/aether/client/renderer/entity/SliderRenderer.java; src/main/resources/assets/aether/textures/entity/mobs/slider/slider_awake.png; src/main/resources/assets/aether/textures/entity/mobs/slider/slider_awake_glow.png; src/main/java/com/aetherteam/aether/client/renderer/entity/layers/SliderGlowLayer.java; src/main/java/com/aetherteam/aether/client/renderer/AetherRenderers.java; src/main/java/com/aetherteam/aether/client/renderer/AetherModelLayers.java; output-aether/proveniencia.json,evidence-final-aether/aether-1.21.1-1.5.10-neoforge.jar::data/aether/loot_table/chests/dungeon/bronze/bronze_dungeon_treasure.json; evidence-final-aether/src/main/java/com/aetherteam/aether/entity/monster/dungeon/boss/Slider.java; evidence-final-aether/src/main/java/com/aetherteam/aether/item/AetherItems.java; registros-usos-itens.json#aether:hammer_of_kingbdogz,Não aplicável: uso direto ou nenhuma receita identificada na build
Slider,The Aether,Chefe de encontro; alvos: Player,"Bronze Dungeon, sala do Slider.",Baú de recompensa da dungeon,aether:sentry_boots,1,"Tesouro de bronze; baú pré-gerado/trancado, desbloqueável pela Dungeon Key correspondente após combate. Independente dos drops físicos de morte; subtables/config respeitados.; pool2: 1–1 sorteio(s); reposição se múltiplos rolls; peso bruto 1/1; normaliza apenas entradas elegíveis; pool1: 1–1 sorteio(s); reposição se múltiplos rolls; peso bruto 1/6; normaliza apenas entradas elegíveis","Equipamento vestível; slot/material/durabilidade confirmados no registro: public static final DeferredItem<Item> SENTRY_BOOTS = ITEMS.register(""sentry_boots"", () -> new ArmorItem(AetherArmorMaterials.SENTRY, ArmorItem.Type.BOOTS, new Item.Properties().durability(ArmorItem.Type.BOOTS.getDurability(15)).rarity(AETHER_LOOT)));",Alta no recurso/registro/classe citados; condições efetivas do pack não confirmadas,/images/bestiary/audited/aether/slider.png,src/main/java/com/aetherteam/aether/client/renderer/entity/model/SliderModel.java; src/main/java/com/aetherteam/aether/client/renderer/entity/SliderRenderer.java; src/main/resources/assets/aether/textures/entity/mobs/slider/slider_awake.png; src/main/resources/assets/aether/textures/entity/mobs/slider/slider_awake_glow.png; src/main/java/com/aetherteam/aether/client/renderer/entity/layers/SliderGlowLayer.java; src/main/java/com/aetherteam/aether/client/renderer/AetherRenderers.java; src/main/java/com/aetherteam/aether/client/renderer/AetherModelLayers.java; output-aether/proveniencia.json,evidence-final-aether/aether-1.21.1-1.5.10-neoforge.jar::data/aether/loot_table/chests/dungeon/bronze/bronze_dungeon_treasure.json; evidence-final-aether/src/main/java/com/aetherteam/aether/entity/monster/dungeon/boss/Slider.java; evidence-final-aether/src/main/java/com/aetherteam/aether/item/AetherItems.java; registros-usos-itens.json#aether:sentry_boots,Não aplicável: uso direto ou nenhuma receita identificada na build
Slider,The Aether,Chefe de encontro; alvos: Player,"Bronze Dungeon, sala do Slider.",Baú de recompensa da dungeon,aether:music_disc_sliders_wrath,1,"Tesouro de bronze; baú pré-gerado/trancado, desbloqueável pela Dungeon Key correspondente após combate. Independente dos drops físicos de morte; subtables/config respeitados.; pool2: 1–1 sorteio(s); reposição se múltiplos rolls; peso bruto 1/1; normaliza apenas entradas elegíveis; pool1: 1–1 sorteio(s); reposição se múltiplos rolls; peso bruto 3/6; normaliza apenas entradas elegíveis",Disco musical da build para jukebox,Alta nos arquivos versionados; configurações/datapacks externos não confirmados,/images/bestiary/audited/aether/slider.png,src/main/java/com/aetherteam/aether/client/renderer/entity/model/SliderModel.java; src/main/java/com/aetherteam/aether/client/renderer/entity/SliderRenderer.java; src/main/resources/assets/aether/textures/entity/mobs/slider/slider_awake.png; src/main/resources/assets/aether/textures/entity/mobs/slider/slider_awake_glow.png; src/main/java/com/aetherteam/aether/client/renderer/entity/layers/SliderGlowLayer.java; src/main/java/com/aetherteam/aether/client/renderer/AetherRenderers.java; src/main/java/com/aetherteam/aether/client/renderer/AetherModelLayers.java; output-aether/proveniencia.json,evidence-final-aether/aether-1.21.1-1.5.10-neoforge.jar::data/aether/loot_table/chests/dungeon/bronze/bronze_dungeon_treasure.json; evidence-final-aether/src/main/java/com/aetherteam/aether/entity/monster/dungeon/boss/Slider.java; evidence-final-aether/src/main/java/com/aetherteam/aether/item/AetherItems.java; registros-usos-itens.json#aether:music_disc_sliders_wrath,Não aplicável: uso direto ou nenhuma receita identificada na build
Slider,The Aether,Chefe de encontro; alvos: Player,"Bronze Dungeon, sala do Slider.",Baú de recompensa da dungeon,aether:blue_gummy_swet,1,"Tesouro de bronze; baú pré-gerado/trancado, desbloqueável pela Dungeon Key correspondente após combate. Independente dos drops físicos de morte; subtables/config respeitados.; pool3: 1–2 sorteio(s); reposição se múltiplos rolls; peso bruto 1/1; normaliza apenas entradas elegíveis; pool1: 2–4 sorteio(s); reposição se múltiplos rolls; peso bruto 4/6; normaliza apenas entradas elegíveis","Consumir em16ticks; healing_gummy_swets=false: alimento AetherFoods.GUMMY_SWET; true: restaura até saúde máxima, apenas jogador ferido não criativo. Config efetiva não confirmada.",Alta no recurso/registro/classe citados; condições efetivas do pack não confirmadas,/images/bestiary/audited/aether/slider.png,src/main/java/com/aetherteam/aether/client/renderer/entity/model/SliderModel.java; src/main/java/com/aetherteam/aether/client/renderer/entity/SliderRenderer.java; src/main/resources/assets/aether/textures/entity/mobs/slider/slider_awake.png; src/main/resources/assets/aether/textures/entity/mobs/slider/slider_awake_glow.png; src/main/java/com/aetherteam/aether/client/renderer/entity/layers/SliderGlowLayer.java; src/main/java/com/aetherteam/aether/client/renderer/AetherRenderers.java; src/main/java/com/aetherteam/aether/client/renderer/AetherModelLayers.java; output-aether/proveniencia.json,evidence-final-aether/aether-1.21.1-1.5.10-neoforge.jar::data/aether/loot_table/chests/dungeon/bronze/bronze_dungeon_gummies.json; evidence-final-aether/src/main/java/com/aetherteam/aether/entity/monster/dungeon/boss/Slider.java; evidence-final-aether/src/main/java/com/aetherteam/aether/item/AetherItems.java; registros-usos-itens.json#aether:blue_gummy_swet,Não aplicável: uso direto ou nenhuma receita identificada na build
Slider,The Aether,Chefe de encontro; alvos: Player,"Bronze Dungeon, sala do Slider.",Baú de recompensa da dungeon,aether:golden_gummy_swet,1,"Tesouro de bronze; baú pré-gerado/trancado, desbloqueável pela Dungeon Key correspondente após combate. Independente dos drops físicos de morte; subtables/config respeitados.; pool3: 1–2 sorteio(s); reposição se múltiplos rolls; peso bruto 1/1; normaliza apenas entradas elegíveis; pool1: 2–4 sorteio(s); reposição se múltiplos rolls; peso bruto 2/6; normaliza apenas entradas elegíveis","Mesmo GummySwetItem: alimento ou cura até saúde máxima conforme healing_gummy_swets; consumo16ticks, condições na classe.",Alta no recurso/registro/classe citados; condições efetivas do pack não confirmadas,/images/bestiary/audited/aether/slider.png,src/main/java/com/aetherteam/aether/client/renderer/entity/model/SliderModel.java; src/main/java/com/aetherteam/aether/client/renderer/entity/SliderRenderer.java; src/main/resources/assets/aether/textures/entity/mobs/slider/slider_awake.png; src/main/resources/assets/aether/textures/entity/mobs/slider/slider_awake_glow.png; src/main/java/com/aetherteam/aether/client/renderer/entity/layers/SliderGlowLayer.java; src/main/java/com/aetherteam/aether/client/renderer/AetherRenderers.java; src/main/java/com/aetherteam/aether/client/renderer/AetherModelLayers.java; output-aether/proveniencia.json,evidence-final-aether/aether-1.21.1-1.5.10-neoforge.jar::data/aether/loot_table/chests/dungeon/bronze/bronze_dungeon_gummies.json; evidence-final-aether/src/main/java/com/aetherteam/aether/entity/monster/dungeon/boss/Slider.java; evidence-final-aether/src/main/java/com/aetherteam/aether/item/AetherItems.java; registros-usos-itens.json#aether:golden_gummy_swet,Não aplicável: uso direto ou nenhuma receita identificada na build
Slider,The Aether,Chefe de encontro; alvos: Player,"Bronze Dungeon, sala do Slider.",Baú de recompensa da dungeon,aether:zanite_helmet,1,"Tesouro de bronze; baú pré-gerado/trancado, desbloqueável pela Dungeon Key correspondente após combate. Independente dos drops físicos de morte; subtables/config respeitados.; pool4: 3–5 sorteio(s); reposição se múltiplos rolls; peso bruto 2/52; normaliza apenas entradas elegíveis",Ingrediente nas receitas auditadas: zanite_helmet_repairing,Alta nos arquivos versionados; configurações/datapacks externos não confirmados,/images/bestiary/audited/aether/slider.png,src/main/java/com/aetherteam/aether/client/renderer/entity/model/SliderModel.java; src/main/java/com/aetherteam/aether/client/renderer/entity/SliderRenderer.java; src/main/resources/assets/aether/textures/entity/mobs/slider/slider_awake.png; src/main/resources/assets/aether/textures/entity/mobs/slider/slider_awake_glow.png; src/main/java/com/aetherteam/aether/client/renderer/entity/layers/SliderGlowLayer.java; src/main/java/com/aetherteam/aether/client/renderer/AetherRenderers.java; src/main/java/com/aetherteam/aether/client/renderer/AetherModelLayers.java; output-aether/proveniencia.json,evidence-final-aether/aether-1.21.1-1.5.10-neoforge.jar::data/aether/loot_table/chests/dungeon/bronze/bronze_dungeon_reward.json; evidence-final-aether/src/main/java/com/aetherteam/aether/entity/monster/dungeon/boss/Slider.java; evidence-final-aether/src/main/java/com/aetherteam/aether/item/AetherItems.java; registros-usos-itens.json#aether:zanite_helmet,/bestiary/receitas/aether.html#receita-zanite-helmet-repairing | [Receita zanite_helmet_repairing](lote-final-2026-10-06/aether-cards-2026-10-06.md#receita-zanite-helmet-repairing) — data/aether/recipe/zanite_helmet_repairing.json
Slider,The Aether,Chefe de encontro; alvos: Player,"Bronze Dungeon, sala do Slider.",Baú de recompensa da dungeon,aether:zanite_chestplate,1,"Tesouro de bronze; baú pré-gerado/trancado, desbloqueável pela Dungeon Key correspondente após combate. Independente dos drops físicos de morte; subtables/config respeitados.; pool4: 3–5 sorteio(s); reposição se múltiplos rolls; peso bruto 2/52; normaliza apenas entradas elegíveis",Ingrediente nas receitas auditadas: zanite_chestplate_repairing,Alta nos arquivos versionados; configurações/datapacks externos não confirmados,/images/bestiary/audited/aether/slider.png,src/main/java/com/aetherteam/aether/client/renderer/entity/model/SliderModel.java; src/main/java/com/aetherteam/aether/client/renderer/entity/SliderRenderer.java; src/main/resources/assets/aether/textures/entity/mobs/slider/slider_awake.png; src/main/resources/assets/aether/textures/entity/mobs/slider/slider_awake_glow.png; src/main/java/com/aetherteam/aether/client/renderer/entity/layers/SliderGlowLayer.java; src/main/java/com/aetherteam/aether/client/renderer/AetherRenderers.java; src/main/java/com/aetherteam/aether/client/renderer/AetherModelLayers.java; output-aether/proveniencia.json,evidence-final-aether/aether-1.21.1-1.5.10-neoforge.jar::data/aether/loot_table/chests/dungeon/bronze/bronze_dungeon_reward.json; evidence-final-aether/src/main/java/com/aetherteam/aether/entity/monster/dungeon/boss/Slider.java; evidence-final-aether/src/main/java/com/aetherteam/aether/item/AetherItems.java; registros-usos-itens.json#aether:zanite_chestplate,/bestiary/receitas/aether.html#receita-zanite-chestplate-repairing | [Receita zanite_chestplate_repairing](lote-final-2026-10-06/aether-cards-2026-10-06.md#receita-zanite-chestplate-repairing) — data/aether/recipe/zanite_chestplate_repairing.json
Slider,The Aether,Chefe de encontro; alvos: Player,"Bronze Dungeon, sala do Slider.",Baú de recompensa da dungeon,aether:zanite_leggings,1,"Tesouro de bronze; baú pré-gerado/trancado, desbloqueável pela Dungeon Key correspondente após combate. Independente dos drops físicos de morte; subtables/config respeitados.; pool4: 3–5 sorteio(s); reposição se múltiplos rolls; peso bruto 2/52; normaliza apenas entradas elegíveis",Ingrediente nas receitas auditadas: zanite_leggings_repairing,Alta nos arquivos versionados; configurações/datapacks externos não confirmados,/images/bestiary/audited/aether/slider.png,src/main/java/com/aetherteam/aether/client/renderer/entity/model/SliderModel.java; src/main/java/com/aetherteam/aether/client/renderer/entity/SliderRenderer.java; src/main/resources/assets/aether/textures/entity/mobs/slider/slider_awake.png; src/main/resources/assets/aether/textures/entity/mobs/slider/slider_awake_glow.png; src/main/java/com/aetherteam/aether/client/renderer/entity/layers/SliderGlowLayer.java; src/main/java/com/aetherteam/aether/client/renderer/AetherRenderers.java; src/main/java/com/aetherteam/aether/client/renderer/AetherModelLayers.java; output-aether/proveniencia.json,evidence-final-aether/aether-1.21.1-1.5.10-neoforge.jar::data/aether/loot_table/chests/dungeon/bronze/bronze_dungeon_reward.json; evidence-final-aether/src/main/java/com/aetherteam/aether/entity/monster/dungeon/boss/Slider.java; evidence-final-aether/src/main/java/com/aetherteam/aether/item/AetherItems.java; registros-usos-itens.json#aether:zanite_leggings,/bestiary/receitas/aether.html#receita-zanite-leggings-repairing | [Receita zanite_leggings_repairing](lote-final-2026-10-06/aether-cards-2026-10-06.md#receita-zanite-leggings-repairing) — data/aether/recipe/zanite_leggings_repairing.json
Slider,The Aether,Chefe de encontro; alvos: Player,"Bronze Dungeon, sala do Slider.",Baú de recompensa da dungeon,aether:zanite_boots,1,"Tesouro de bronze; baú pré-gerado/trancado, desbloqueável pela Dungeon Key correspondente após combate. Independente dos drops físicos de morte; subtables/config respeitados.; pool4: 3–5 sorteio(s); reposição se múltiplos rolls; peso bruto 2/52; normaliza apenas entradas elegíveis",Ingrediente nas receitas auditadas: zanite_boots_repairing,Alta nos arquivos versionados; configurações/datapacks externos não confirmados,/images/bestiary/audited/aether/slider.png,src/main/java/com/aetherteam/aether/client/renderer/entity/model/SliderModel.java; src/main/java/com/aetherteam/aether/client/renderer/entity/SliderRenderer.java; src/main/resources/assets/aether/textures/entity/mobs/slider/slider_awake.png; src/main/resources/assets/aether/textures/entity/mobs/slider/slider_awake_glow.png; src/main/java/com/aetherteam/aether/client/renderer/entity/layers/SliderGlowLayer.java; src/main/java/com/aetherteam/aether/client/renderer/AetherRenderers.java; src/main/java/com/aetherteam/aether/client/renderer/AetherModelLayers.java; output-aether/proveniencia.json,evidence-final-aether/aether-1.21.1-1.5.10-neoforge.jar::data/aether/loot_table/chests/dungeon/bronze/bronze_dungeon_reward.json; evidence-final-aether/src/main/java/com/aetherteam/aether/entity/monster/dungeon/boss/Slider.java; evidence-final-aether/src/main/java/com/aetherteam/aether/item/AetherItems.java; registros-usos-itens.json#aether:zanite_boots,/bestiary/receitas/aether.html#receita-zanite-boots-repairing | [Receita zanite_boots_repairing](lote-final-2026-10-06/aether-cards-2026-10-06.md#receita-zanite-boots-repairing) — data/aether/recipe/zanite_boots_repairing.json
Slider,The Aether,Chefe de encontro; alvos: Player,"Bronze Dungeon, sala do Slider.",Baú de recompensa da dungeon,aether:zanite_gloves,1,"Tesouro de bronze; baú pré-gerado/trancado, desbloqueável pela Dungeon Key correspondente após combate. Independente dos drops físicos de morte; subtables/config respeitados.; pool4: 3–5 sorteio(s); reposição se múltiplos rolls; peso bruto 2/52; normaliza apenas entradas elegíveis",Ingrediente nas receitas auditadas: zanite_gloves_repairing,Alta nos arquivos versionados; configurações/datapacks externos não confirmados,/images/bestiary/audited/aether/slider.png,src/main/java/com/aetherteam/aether/client/renderer/entity/model/SliderModel.java; src/main/java/com/aetherteam/aether/client/renderer/entity/SliderRenderer.java; src/main/resources/assets/aether/textures/entity/mobs/slider/slider_awake.png; src/main/resources/assets/aether/textures/entity/mobs/slider/slider_awake_glow.png; src/main/java/com/aetherteam/aether/client/renderer/entity/layers/SliderGlowLayer.java; src/main/java/com/aetherteam/aether/client/renderer/AetherRenderers.java; src/main/java/com/aetherteam/aether/client/renderer/AetherModelLayers.java; output-aether/proveniencia.json,evidence-final-aether/aether-1.21.1-1.5.10-neoforge.jar::data/aether/loot_table/chests/dungeon/bronze/bronze_dungeon_reward.json; evidence-final-aether/src/main/java/com/aetherteam/aether/entity/monster/dungeon/boss/Slider.java; evidence-final-aether/src/main/java/com/aetherteam/aether/item/AetherItems.java; registros-usos-itens.json#aether:zanite_gloves,/bestiary/receitas/aether.html#receita-zanite-gloves-repairing | [Receita zanite_gloves_repairing](lote-final-2026-10-06/aether-cards-2026-10-06.md#receita-zanite-gloves-repairing) — data/aether/recipe/zanite_gloves_repairing.json
Slider,The Aether,Chefe de encontro; alvos: Player,"Bronze Dungeon, sala do Slider.",Baú de recompensa da dungeon,aether:zanite_ring,1,"Tesouro de bronze; baú pré-gerado/trancado, desbloqueável pela Dungeon Key correspondente após combate. Independente dos drops físicos de morte; subtables/config respeitados.; pool4: 3–5 sorteio(s); reposição se múltiplos rolls; peso bruto 1/52; normaliza apenas entradas elegíveis",Ingrediente nas receitas auditadas: zanite_ring_repairing,Alta nos arquivos versionados; configurações/datapacks externos não confirmados,/images/bestiary/audited/aether/slider.png,src/main/java/com/aetherteam/aether/client/renderer/entity/model/SliderModel.java; src/main/java/com/aetherteam/aether/client/renderer/entity/SliderRenderer.java; src/main/resources/assets/aether/textures/entity/mobs/slider/slider_awake.png; src/main/resources/assets/aether/textures/entity/mobs/slider/slider_awake_glow.png; src/main/java/com/aetherteam/aether/client/renderer/entity/layers/SliderGlowLayer.java; src/main/java/com/aetherteam/aether/client/renderer/AetherRenderers.java; src/main/java/com/aetherteam/aether/client/renderer/AetherModelLayers.java; output-aether/proveniencia.json,evidence-final-aether/aether-1.21.1-1.5.10-neoforge.jar::data/aether/loot_table/chests/dungeon/bronze/bronze_dungeon_reward.json; evidence-final-aether/src/main/java/com/aetherteam/aether/entity/monster/dungeon/boss/Slider.java; evidence-final-aether/src/main/java/com/aetherteam/aether/item/AetherItems.java; registros-usos-itens.json#aether:zanite_ring,/bestiary/receitas/aether.html#receita-zanite-ring-repairing | [Receita zanite_ring_repairing](lote-final-2026-10-06/aether-cards-2026-10-06.md#receita-zanite-ring-repairing) — data/aether/recipe/zanite_ring_repairing.json
Slider,The Aether,Chefe de encontro; alvos: Player,"Bronze Dungeon, sala do Slider.",Baú de recompensa da dungeon,aether:zanite_pendant,1,"Tesouro de bronze; baú pré-gerado/trancado, desbloqueável pela Dungeon Key correspondente após combate. Independente dos drops físicos de morte; subtables/config respeitados.; pool4: 3–5 sorteio(s); reposição se múltiplos rolls; peso bruto 1/52; normaliza apenas entradas elegíveis",Ingrediente nas receitas auditadas: zanite_pendant_repairing,Alta nos arquivos versionados; configurações/datapacks externos não confirmados,/images/bestiary/audited/aether/slider.png,src/main/java/com/aetherteam/aether/client/renderer/entity/model/SliderModel.java; src/main/java/com/aetherteam/aether/client/renderer/entity/SliderRenderer.java; src/main/resources/assets/aether/textures/entity/mobs/slider/slider_awake.png; src/main/resources/assets/aether/textures/entity/mobs/slider/slider_awake_glow.png; src/main/java/com/aetherteam/aether/client/renderer/entity/layers/SliderGlowLayer.java; src/main/java/com/aetherteam/aether/client/renderer/AetherRenderers.java; src/main/java/com/aetherteam/aether/client/renderer/AetherModelLayers.java; output-aether/proveniencia.json,evidence-final-aether/aether-1.21.1-1.5.10-neoforge.jar::data/aether/loot_table/chests/dungeon/bronze/bronze_dungeon_reward.json; evidence-final-aether/src/main/java/com/aetherteam/aether/entity/monster/dungeon/boss/Slider.java; evidence-final-aether/src/main/java/com/aetherteam/aether/item/AetherItems.java; registros-usos-itens.json#aether:zanite_pendant,/bestiary/receitas/aether.html#receita-zanite-pendant-repairing | [Receita zanite_pendant_repairing](lote-final-2026-10-06/aether-cards-2026-10-06.md#receita-zanite-pendant-repairing) — data/aether/recipe/zanite_pendant_repairing.json
Slider,The Aether,Chefe de encontro; alvos: Player,"Bronze Dungeon, sala do Slider.",Baú de recompensa da dungeon,minecraft:saddle,1,"Tesouro de bronze; baú pré-gerado/trancado, desbloqueável pela Dungeon Key correspondente após combate. Independente dos drops físicos de morte; subtables/config respeitados.; pool4: 3–5 sorteio(s); reposição se múltiplos rolls; peso bruto 1/52; normaliza apenas entradas elegíveis",Equipar montaria compatível,Alta nos arquivos versionados; configurações/datapacks externos não confirmados,/images/bestiary/audited/aether/slider.png,src/main/java/com/aetherteam/aether/client/renderer/entity/model/SliderModel.java; src/main/java/com/aetherteam/aether/client/renderer/entity/SliderRenderer.java; src/main/resources/assets/aether/textures/entity/mobs/slider/slider_awake.png; src/main/resources/assets/aether/textures/entity/mobs/slider/slider_awake_glow.png; src/main/java/com/aetherteam/aether/client/renderer/entity/layers/SliderGlowLayer.java; src/main/java/com/aetherteam/aether/client/renderer/AetherRenderers.java; src/main/java/com/aetherteam/aether/client/renderer/AetherModelLayers.java; output-aether/proveniencia.json,evidence-final-aether/aether-1.21.1-1.5.10-neoforge.jar::data/aether/loot_table/chests/dungeon/bronze/bronze_dungeon_reward.json; evidence-final-aether/src/main/java/com/aetherteam/aether/entity/monster/dungeon/boss/Slider.java,[Receitas vanilla1.21.1](lote-final-2026-10-06/receitas-vanilla.json)
Slider,The Aether,Chefe de encontro; alvos: Player,"Bronze Dungeon, sala do Slider.",Baú de recompensa da dungeon,aether:shield_of_repulsion,1,"Tesouro de bronze; baú pré-gerado/trancado, desbloqueável pela Dungeon Key correspondente após combate. Independente dos drops físicos de morte; subtables/config respeitados.; pool4: 3–5 sorteio(s); reposição se múltiplos rolls; peso bruto 4/52; normaliza apenas entradas elegíveis","Acessório equipável da classe ShieldOfRepulsionItem; capacidade/slot definidos na classe versionada citada, efeito não inferido de nome",Alta no recurso/registro/classe citados; condições efetivas do pack não confirmadas,/images/bestiary/audited/aether/slider.png,src/main/java/com/aetherteam/aether/client/renderer/entity/model/SliderModel.java; src/main/java/com/aetherteam/aether/client/renderer/entity/SliderRenderer.java; src/main/resources/assets/aether/textures/entity/mobs/slider/slider_awake.png; src/main/resources/assets/aether/textures/entity/mobs/slider/slider_awake_glow.png; src/main/java/com/aetherteam/aether/client/renderer/entity/layers/SliderGlowLayer.java; src/main/java/com/aetherteam/aether/client/renderer/AetherRenderers.java; src/main/java/com/aetherteam/aether/client/renderer/AetherModelLayers.java; output-aether/proveniencia.json,evidence-final-aether/aether-1.21.1-1.5.10-neoforge.jar::data/aether/loot_table/chests/dungeon/bronze/bronze_dungeon_reward.json; evidence-final-aether/src/main/java/com/aetherteam/aether/entity/monster/dungeon/boss/Slider.java; evidence-final-aether/src/main/java/com/aetherteam/aether/item/AetherItems.java; registros-usos-itens.json#aether:shield_of_repulsion,Não aplicável: uso direto ou nenhuma receita identificada na build
Slider,The Aether,Chefe de encontro; alvos: Player,"Bronze Dungeon, sala do Slider.",Baú de recompensa da dungeon,aether:cloud_staff,1,"Tesouro de bronze; baú pré-gerado/trancado, desbloqueável pela Dungeon Key correspondente após combate. Independente dos drops físicos de morte; subtables/config respeitados.; pool4: 3–5 sorteio(s); reposição se múltiplos rolls; peso bruto 4/52; normaliza apenas entradas elegíveis","Invoca2CloudMinions quando não há minions, gasta1durabilidade; Shift+uso desfaz; ataque com minions dispara projéteis e cooldown configurável.",Alta no recurso/registro/classe citados; condições efetivas do pack não confirmadas,/images/bestiary/audited/aether/slider.png,src/main/java/com/aetherteam/aether/client/renderer/entity/model/SliderModel.java; src/main/java/com/aetherteam/aether/client/renderer/entity/SliderRenderer.java; src/main/resources/assets/aether/textures/entity/mobs/slider/slider_awake.png; src/main/resources/assets/aether/textures/entity/mobs/slider/slider_awake_glow.png; src/main/java/com/aetherteam/aether/client/renderer/entity/layers/SliderGlowLayer.java; src/main/java/com/aetherteam/aether/client/renderer/AetherRenderers.java; src/main/java/com/aetherteam/aether/client/renderer/AetherModelLayers.java; output-aether/proveniencia.json,evidence-final-aether/aether-1.21.1-1.5.10-neoforge.jar::data/aether/loot_table/chests/dungeon/bronze/bronze_dungeon_reward.json; evidence-final-aether/src/main/java/com/aetherteam/aether/entity/monster/dungeon/boss/Slider.java; evidence-final-aether/src/main/java/com/aetherteam/aether/item/AetherItems.java; registros-usos-itens.json#aether:cloud_staff,Não aplicável: uso direto ou nenhuma receita identificada na build
Slider,The Aether,Chefe de encontro; alvos: Player,"Bronze Dungeon, sala do Slider.",Baú de recompensa da dungeon,aether:phoenix_bow,1,"Tesouro de bronze; baú pré-gerado/trancado, desbloqueável pela Dungeon Key correspondente após combate. Independente dos drops físicos de morte; subtables/config respeitados.; pool4: 3–5 sorteio(s); reposição se múltiplos rolls; peso bruto 4/52; normaliza apenas entradas elegíveis","Arma/projétil conforme classe PhoenixBowItem; uso, dano e efeitos definidos na classe original citada no apêndice de usos",Alta no recurso/registro/classe citados; condições efetivas do pack não confirmadas,/images/bestiary/audited/aether/slider.png,src/main/java/com/aetherteam/aether/client/renderer/entity/model/SliderModel.java; src/main/java/com/aetherteam/aether/client/renderer/entity/SliderRenderer.java; src/main/resources/assets/aether/textures/entity/mobs/slider/slider_awake.png; src/main/resources/assets/aether/textures/entity/mobs/slider/slider_awake_glow.png; src/main/java/com/aetherteam/aether/client/renderer/entity/layers/SliderGlowLayer.java; src/main/java/com/aetherteam/aether/client/renderer/AetherRenderers.java; src/main/java/com/aetherteam/aether/client/renderer/AetherModelLayers.java; output-aether/proveniencia.json,evidence-final-aether/aether-1.21.1-1.5.10-neoforge.jar::data/aether/loot_table/chests/dungeon/bronze/bronze_dungeon_reward.json; evidence-final-aether/src/main/java/com/aetherteam/aether/entity/monster/dungeon/boss/Slider.java; evidence-final-aether/src/main/java/com/aetherteam/aether/item/AetherItems.java; registros-usos-itens.json#aether:phoenix_bow,Não aplicável: uso direto ou nenhuma receita identificada na build
Slider,The Aether,Chefe de encontro; alvos: Player,"Bronze Dungeon, sala do Slider.",Baú de recompensa da dungeon,aether:flaming_sword,1,"Tesouro de bronze; baú pré-gerado/trancado, desbloqueável pela Dungeon Key correspondente após combate. Independente dos drops físicos de morte; subtables/config respeitados.; pool4: 3–5 sorteio(s); reposição se múltiplos rolls; peso bruto 4/52; normaliza apenas entradas elegíveis","Arma/projétil conforme classe FlamingSwordItem; uso, dano e efeitos definidos na classe original citada no apêndice de usos",Alta no recurso/registro/classe citados; condições efetivas do pack não confirmadas,/images/bestiary/audited/aether/slider.png,src/main/java/com/aetherteam/aether/client/renderer/entity/model/SliderModel.java; src/main/java/com/aetherteam/aether/client/renderer/entity/SliderRenderer.java; src/main/resources/assets/aether/textures/entity/mobs/slider/slider_awake.png; src/main/resources/assets/aether/textures/entity/mobs/slider/slider_awake_glow.png; src/main/java/com/aetherteam/aether/client/renderer/entity/layers/SliderGlowLayer.java; src/main/java/com/aetherteam/aether/client/renderer/AetherRenderers.java; src/main/java/com/aetherteam/aether/client/renderer/AetherModelLayers.java; output-aether/proveniencia.json,evidence-final-aether/aether-1.21.1-1.5.10-neoforge.jar::data/aether/loot_table/chests/dungeon/bronze/bronze_dungeon_reward.json; evidence-final-aether/src/main/java/com/aetherteam/aether/entity/monster/dungeon/boss/Slider.java; evidence-final-aether/src/main/java/com/aetherteam/aether/item/AetherItems.java; registros-usos-itens.json#aether:flaming_sword,Não aplicável: uso direto ou nenhuma receita identificada na build
Slider,The Aether,Chefe de encontro; alvos: Player,"Bronze Dungeon, sala do Slider.",Baú de recompensa da dungeon,aether:agility_cape,1,"Tesouro de bronze; baú pré-gerado/trancado, desbloqueável pela Dungeon Key correspondente após combate. Independente dos drops físicos de morte; subtables/config respeitados.; pool4: 3–5 sorteio(s); reposição se múltiplos rolls; peso bruto 4/52; normaliza apenas entradas elegíveis","Acessório equipável da classe AgilityCapeItem; capacidade/slot definidos na classe versionada citada, efeito não inferido de nome",Alta no recurso/registro/classe citados; condições efetivas do pack não confirmadas,/images/bestiary/audited/aether/slider.png,src/main/java/com/aetherteam/aether/client/renderer/entity/model/SliderModel.java; src/main/java/com/aetherteam/aether/client/renderer/entity/SliderRenderer.java; src/main/resources/assets/aether/textures/entity/mobs/slider/slider_awake.png; src/main/resources/assets/aether/textures/entity/mobs/slider/slider_awake_glow.png; src/main/java/com/aetherteam/aether/client/renderer/entity/layers/SliderGlowLayer.java; src/main/java/com/aetherteam/aether/client/renderer/AetherRenderers.java; src/main/java/com/aetherteam/aether/client/renderer/AetherModelLayers.java; output-aether/proveniencia.json,evidence-final-aether/aether-1.21.1-1.5.10-neoforge.jar::data/aether/loot_table/chests/dungeon/bronze/bronze_dungeon_reward.json; evidence-final-aether/src/main/java/com/aetherteam/aether/entity/monster/dungeon/boss/Slider.java; evidence-final-aether/src/main/java/com/aetherteam/aether/item/AetherItems.java; registros-usos-itens.json#aether:agility_cape,Não aplicável: uso direto ou nenhuma receita identificada na build
Slider,The Aether,Chefe de encontro; alvos: Player,"Bronze Dungeon, sala do Slider.",Baú de recompensa da dungeon,aether:zanite_gemstone,1–2,"Tesouro de bronze; baú pré-gerado/trancado, desbloqueável pela Dungeon Key correspondente após combate. Independente dos drops físicos de morte; subtables/config respeitados.; pool4: 3–5 sorteio(s); reposição se múltiplos rolls; peso bruto 3/52; normaliza apenas entradas elegíveis; set_count","Ingrediente nas receitas auditadas: {'count': 1, 'id': 'aether:zanite_block'}",Alta nos arquivos versionados; configurações/datapacks externos não confirmados,/images/bestiary/audited/aether/slider.png,src/main/java/com/aetherteam/aether/client/renderer/entity/model/SliderModel.java; src/main/java/com/aetherteam/aether/client/renderer/entity/SliderRenderer.java; src/main/resources/assets/aether/textures/entity/mobs/slider/slider_awake.png; src/main/resources/assets/aether/textures/entity/mobs/slider/slider_awake_glow.png; src/main/java/com/aetherteam/aether/client/renderer/entity/layers/SliderGlowLayer.java; src/main/java/com/aetherteam/aether/client/renderer/AetherRenderers.java; src/main/java/com/aetherteam/aether/client/renderer/AetherModelLayers.java; output-aether/proveniencia.json,evidence-final-aether/aether-1.21.1-1.5.10-neoforge.jar::data/aether/loot_table/chests/dungeon/bronze/bronze_dungeon_reward.json; evidence-final-aether/src/main/java/com/aetherteam/aether/entity/monster/dungeon/boss/Slider.java; evidence-final-aether/src/main/java/com/aetherteam/aether/item/AetherItems.java; registros-usos-itens.json#aether:zanite_gemstone,/bestiary/receitas/aether.html#receita-zanite-pendant | [Receita zanite_pendant](lote-final-2026-10-06/aether-cards-2026-10-06.md#receita-zanite-pendant) — data/aether/recipe/zanite_pendant.json; [Receita zanite_chestplate](lote-final-2026-10-06/aether-cards-2026-10-06.md#receita-zanite-chestplate) — data/aether/recipe/zanite_chestplate.json; [Receita zanite_leggings](lote-final-2026-10-06/aether-cards-2026-10-06.md#receita-zanite-leggings) — data/aether/recipe/zanite_leggings.json; [Receita zanite_hoe](lote-final-2026-10-06/aether-cards-2026-10-06.md#receita-zanite-hoe) — data/aether/recipe/zanite_hoe.json; [Receita zanite_boots](lote-final-2026-10-06/aether-cards-2026-10-06.md#receita-zanite-boots) — data/aether/recipe/zanite_boots.json; [Receita zanite_sword](lote-final-2026-10-06/aether-cards-2026-10-06.md#receita-zanite-sword) — data/aether/recipe/zanite_sword.json; [Receita zanite_shovel](lote-final-2026-10-06/aether-cards-2026-10-06.md#receita-zanite-shovel) — data/aether/recipe/zanite_shovel.json; [Receita altar](lote-final-2026-10-06/aether-cards-2026-10-06.md#receita-altar) — data/aether/recipe/altar.json; [Receita zanite_helmet](lote-final-2026-10-06/aether-cards-2026-10-06.md#receita-zanite-helmet) — data/aether/recipe/zanite_helmet.json; [Receita zanite_ring](lote-final-2026-10-06/aether-cards-2026-10-06.md#receita-zanite-ring) — data/aether/recipe/zanite_ring.json; [Receita zanite_axe](lote-final-2026-10-06/aether-cards-2026-10-06.md#receita-zanite-axe) — data/aether/recipe/zanite_axe.json; [Receita zanite_pickaxe](lote-final-2026-10-06/aether-cards-2026-10-06.md#receita-zanite-pickaxe) — data/aether/recipe/zanite_pickaxe.json; [Receita skyroot_zanite_vanilla_shield](lote-final-2026-10-06/aether-cards-2026-10-06.md#receita-skyroot-zanite-vanilla-shield) — data/aether/recipe/skyroot_zanite_vanilla_shield.json; [Receita nature_staff](lote-final-2026-10-06/aether-cards-2026-10-06.md#receita-nature-staff) — data/aether/recipe/nature_staff.json; [Receita zanite_gloves](lote-final-2026-10-06/aether-cards-2026-10-06.md#receita-zanite-gloves) — data/aether/recipe/zanite_gloves.json; [Receita wood_zanite_vanilla_shield](lote-final-2026-10-06/aether-cards-2026-10-06.md#receita-wood-zanite-vanilla-shield) — data/aether/recipe/wood_zanite_vanilla_shield.json; [Receita zanite_block](lote-final-2026-10-06/aether-cards-2026-10-06.md#receita-zanite-block) — data/aether/recipe/zanite_block.json
Slider,The Aether,Chefe de encontro; alvos: Player,"Bronze Dungeon, sala do Slider.",Baú de recompensa da dungeon,aether:golden_amber,1,"Tesouro de bronze; baú pré-gerado/trancado, desbloqueável pela Dungeon Key correspondente após combate. Independente dos drops físicos de morte; subtables/config respeitados.; pool4: 3–5 sorteio(s); reposição se múltiplos rolls; peso bruto 3/52; normaliza apenas entradas elegíveis","Ingrediente nas receitas auditadas: {'count': 1, 'id': 'aether:golden_dart_shooter'}, {'count': 4, 'id': 'aether:golden_dart'}",Alta nos arquivos versionados; configurações/datapacks externos não confirmados,/images/bestiary/audited/aether/slider.png,src/main/java/com/aetherteam/aether/client/renderer/entity/model/SliderModel.java; src/main/java/com/aetherteam/aether/client/renderer/entity/SliderRenderer.java; src/main/resources/assets/aether/textures/entity/mobs/slider/slider_awake.png; src/main/resources/assets/aether/textures/entity/mobs/slider/slider_awake_glow.png; src/main/java/com/aetherteam/aether/client/renderer/entity/layers/SliderGlowLayer.java; src/main/java/com/aetherteam/aether/client/renderer/AetherRenderers.java; src/main/java/com/aetherteam/aether/client/renderer/AetherModelLayers.java; output-aether/proveniencia.json,evidence-final-aether/aether-1.21.1-1.5.10-neoforge.jar::data/aether/loot_table/chests/dungeon/bronze/bronze_dungeon_reward.json; evidence-final-aether/src/main/java/com/aetherteam/aether/entity/monster/dungeon/boss/Slider.java; evidence-final-aether/src/main/java/com/aetherteam/aether/item/AetherItems.java; registros-usos-itens.json#aether:golden_amber,/bestiary/receitas/aether.html#receita-golden-dart-shooter | [Receita golden_dart_shooter](lote-final-2026-10-06/aether-cards-2026-10-06.md#receita-golden-dart-shooter) — data/aether/recipe/golden_dart_shooter.json; [Receita golden_dart](lote-final-2026-10-06/aether-cards-2026-10-06.md#receita-golden-dart) — data/aether/recipe/golden_dart.json
Slider,The Aether,Chefe de encontro; alvos: Player,"Bronze Dungeon, sala do Slider.",Baú de recompensa da dungeon,aether:valkyrie_lance,1,"Tesouro de bronze; baú pré-gerado/trancado, desbloqueável pela Dungeon Key correspondente após combate. Independente dos drops físicos de morte; subtables/config respeitados.; pool4: 3–5 sorteio(s); reposição se múltiplos rolls; peso bruto 1/52; normaliza apenas entradas elegíveis","Arma/projétil conforme classe ValkyrieLanceItem; uso, dano e efeitos definidos na classe original citada no apêndice de usos",Alta no recurso/registro/classe citados; condições efetivas do pack não confirmadas,/images/bestiary/audited/aether/slider.png,src/main/java/com/aetherteam/aether/client/renderer/entity/model/SliderModel.java; src/main/java/com/aetherteam/aether/client/renderer/entity/SliderRenderer.java; src/main/resources/assets/aether/textures/entity/mobs/slider/slider_awake.png; src/main/resources/assets/aether/textures/entity/mobs/slider/slider_awake_glow.png; src/main/java/com/aetherteam/aether/client/renderer/entity/layers/SliderGlowLayer.java; src/main/java/com/aetherteam/aether/client/renderer/AetherRenderers.java; src/main/java/com/aetherteam/aether/client/renderer/AetherModelLayers.java; output-aether/proveniencia.json,evidence-final-aether/aether-1.21.1-1.5.10-neoforge.jar::data/aether/loot_table/chests/dungeon/bronze/bronze_dungeon_reward.json; evidence-final-aether/src/main/java/com/aetherteam/aether/entity/monster/dungeon/boss/Slider.java; evidence-final-aether/src/main/java/com/aetherteam/aether/item/AetherItems.java; registros-usos-itens.json#aether:valkyrie_lance,Não aplicável: uso direto ou nenhuma receita identificada na build
Slider,The Aether,Chefe de encontro; alvos: Player,"Bronze Dungeon, sala do Slider.",Baú de recompensa da dungeon,aether:hammer_of_kingbdogz,1,"Tesouro de bronze; baú pré-gerado/trancado, desbloqueável pela Dungeon Key correspondente após combate. Independente dos drops físicos de morte; subtables/config respeitados.; pool4: 3–5 sorteio(s); reposição se múltiplos rolls; peso bruto 1/52; normaliza apenas entradas elegíveis","Arma/projétil conforme classe HammerOfKingbdogzItem; uso, dano e efeitos definidos na classe original citada no apêndice de usos",Alta no recurso/registro/classe citados; condições efetivas do pack não confirmadas,/images/bestiary/audited/aether/slider.png,src/main/java/com/aetherteam/aether/client/renderer/entity/model/SliderModel.java; src/main/java/com/aetherteam/aether/client/renderer/entity/SliderRenderer.java; src/main/resources/assets/aether/textures/entity/mobs/slider/slider_awake.png; src/main/resources/assets/aether/textures/entity/mobs/slider/slider_awake_glow.png; src/main/java/com/aetherteam/aether/client/renderer/entity/layers/SliderGlowLayer.java; src/main/java/com/aetherteam/aether/client/renderer/AetherRenderers.java; src/main/java/com/aetherteam/aether/client/renderer/AetherModelLayers.java; output-aether/proveniencia.json,evidence-final-aether/aether-1.21.1-1.5.10-neoforge.jar::data/aether/loot_table/chests/dungeon/bronze/bronze_dungeon_reward.json; evidence-final-aether/src/main/java/com/aetherteam/aether/entity/monster/dungeon/boss/Slider.java; evidence-final-aether/src/main/java/com/aetherteam/aether/item/AetherItems.java; registros-usos-itens.json#aether:hammer_of_kingbdogz,Não aplicável: uso direto ou nenhuma receita identificada na build
Slider,The Aether,Chefe de encontro; alvos: Player,"Bronze Dungeon, sala do Slider.",Baú de recompensa da dungeon,aether:neptune_helmet,1,"Tesouro de bronze; baú pré-gerado/trancado, desbloqueável pela Dungeon Key correspondente após combate. Independente dos drops físicos de morte; subtables/config respeitados.; pool4: 3–5 sorteio(s); reposição se múltiplos rolls; peso bruto 8/52; normaliza apenas entradas elegíveis; pool1: 1 sorteio(s); reposição se múltiplos rolls; peso bruto 1/5; normaliza apenas entradas elegíveis","Equipamento vestível; slot/material/durabilidade confirmados no registro: public static final DeferredItem<Item> NEPTUNE_HELMET = ITEMS.register(""neptune_helmet"", () -> new ArmorItem(AetherArmorMaterials.NEPTUNE, ArmorItem.Type.HELMET, new Item.Properties().durability(ArmorItem.Type.HELMET.getDurability(15)).rarity(AETHER_LOOT)));",Alta no recurso/registro/classe citados; condições efetivas do pack não confirmadas,/images/bestiary/audited/aether/slider.png,src/main/java/com/aetherteam/aether/client/renderer/entity/model/SliderModel.java; src/main/java/com/aetherteam/aether/client/renderer/entity/SliderRenderer.java; src/main/resources/assets/aether/textures/entity/mobs/slider/slider_awake.png; src/main/resources/assets/aether/textures/entity/mobs/slider/slider_awake_glow.png; src/main/java/com/aetherteam/aether/client/renderer/entity/layers/SliderGlowLayer.java; src/main/java/com/aetherteam/aether/client/renderer/AetherRenderers.java; src/main/java/com/aetherteam/aether/client/renderer/AetherModelLayers.java; output-aether/proveniencia.json,evidence-final-aether/aether-1.21.1-1.5.10-neoforge.jar::data/aether/loot_table/chests/dungeon/bronze/bronze_dungeon_neptune.json; evidence-final-aether/src/main/java/com/aetherteam/aether/entity/monster/dungeon/boss/Slider.java; evidence-final-aether/src/main/java/com/aetherteam/aether/item/AetherItems.java; registros-usos-itens.json#aether:neptune_helmet,Não aplicável: uso direto ou nenhuma receita identificada na build
Slider,The Aether,Chefe de encontro; alvos: Player,"Bronze Dungeon, sala do Slider.",Baú de recompensa da dungeon,aether:neptune_chestplate,1,"Tesouro de bronze; baú pré-gerado/trancado, desbloqueável pela Dungeon Key correspondente após combate. Independente dos drops físicos de morte; subtables/config respeitados.; pool4: 3–5 sorteio(s); reposição se múltiplos rolls; peso bruto 8/52; normaliza apenas entradas elegíveis; pool1: 1 sorteio(s); reposição se múltiplos rolls; peso bruto 1/5; normaliza apenas entradas elegíveis","Equipamento vestível; slot/material/durabilidade confirmados no registro: public static final DeferredItem<Item> NEPTUNE_CHESTPLATE = ITEMS.register(""neptune_chestplate"", () -> new ArmorItem(AetherArmorMaterials.NEPTUNE, ArmorItem.Type.CHESTPLATE, new Item.Properties().durability(ArmorItem.Type.CHESTPLATE.getDurability(15)).rarity(AETHER_LOOT)));",Alta no recurso/registro/classe citados; condições efetivas do pack não confirmadas,/images/bestiary/audited/aether/slider.png,src/main/java/com/aetherteam/aether/client/renderer/entity/model/SliderModel.java; src/main/java/com/aetherteam/aether/client/renderer/entity/SliderRenderer.java; src/main/resources/assets/aether/textures/entity/mobs/slider/slider_awake.png; src/main/resources/assets/aether/textures/entity/mobs/slider/slider_awake_glow.png; src/main/java/com/aetherteam/aether/client/renderer/entity/layers/SliderGlowLayer.java; src/main/java/com/aetherteam/aether/client/renderer/AetherRenderers.java; src/main/java/com/aetherteam/aether/client/renderer/AetherModelLayers.java; output-aether/proveniencia.json,evidence-final-aether/aether-1.21.1-1.5.10-neoforge.jar::data/aether/loot_table/chests/dungeon/bronze/bronze_dungeon_neptune.json; evidence-final-aether/src/main/java/com/aetherteam/aether/entity/monster/dungeon/boss/Slider.java; evidence-final-aether/src/main/java/com/aetherteam/aether/item/AetherItems.java; registros-usos-itens.json#aether:neptune_chestplate,Não aplicável: uso direto ou nenhuma receita identificada na build
Slider,The Aether,Chefe de encontro; alvos: Player,"Bronze Dungeon, sala do Slider.",Baú de recompensa da dungeon,aether:neptune_leggings,1,"Tesouro de bronze; baú pré-gerado/trancado, desbloqueável pela Dungeon Key correspondente após combate. Independente dos drops físicos de morte; subtables/config respeitados.; pool4: 3–5 sorteio(s); reposição se múltiplos rolls; peso bruto 8/52; normaliza apenas entradas elegíveis; pool1: 1 sorteio(s); reposição se múltiplos rolls; peso bruto 1/5; normaliza apenas entradas elegíveis","Equipamento vestível; slot/material/durabilidade confirmados no registro: public static final DeferredItem<Item> NEPTUNE_LEGGINGS = ITEMS.register(""neptune_leggings"", () -> new ArmorItem(AetherArmorMaterials.NEPTUNE, ArmorItem.Type.LEGGINGS, new Item.Properties().durability(ArmorItem.Type.LEGGINGS.getDurability(15)).rarity(AETHER_LOOT)));",Alta no recurso/registro/classe citados; condições efetivas do pack não confirmadas,/images/bestiary/audited/aether/slider.png,src/main/java/com/aetherteam/aether/client/renderer/entity/model/SliderModel.java; src/main/java/com/aetherteam/aether/client/renderer/entity/SliderRenderer.java; src/main/resources/assets/aether/textures/entity/mobs/slider/slider_awake.png; src/main/resources/assets/aether/textures/entity/mobs/slider/slider_awake_glow.png; src/main/java/com/aetherteam/aether/client/renderer/entity/layers/SliderGlowLayer.java; src/main/java/com/aetherteam/aether/client/renderer/AetherRenderers.java; src/main/java/com/aetherteam/aether/client/renderer/AetherModelLayers.java; output-aether/proveniencia.json,evidence-final-aether/aether-1.21.1-1.5.10-neoforge.jar::data/aether/loot_table/chests/dungeon/bronze/bronze_dungeon_neptune.json; evidence-final-aether/src/main/java/com/aetherteam/aether/entity/monster/dungeon/boss/Slider.java; evidence-final-aether/src/main/java/com/aetherteam/aether/item/AetherItems.java; registros-usos-itens.json#aether:neptune_leggings,Não aplicável: uso direto ou nenhuma receita identificada na build
Slider,The Aether,Chefe de encontro; alvos: Player,"Bronze Dungeon, sala do Slider.",Baú de recompensa da dungeon,aether:neptune_boots,1,"Tesouro de bronze; baú pré-gerado/trancado, desbloqueável pela Dungeon Key correspondente após combate. Independente dos drops físicos de morte; subtables/config respeitados.; pool4: 3–5 sorteio(s); reposição se múltiplos rolls; peso bruto 8/52; normaliza apenas entradas elegíveis; pool1: 1 sorteio(s); reposição se múltiplos rolls; peso bruto 1/5; normaliza apenas entradas elegíveis","Equipamento vestível; slot/material/durabilidade confirmados no registro: public static final DeferredItem<Item> NEPTUNE_BOOTS = ITEMS.register(""neptune_boots"", () -> new ArmorItem(AetherArmorMaterials.NEPTUNE, ArmorItem.Type.BOOTS, new Item.Properties().durability(ArmorItem.Type.BOOTS.getDurability(15)).rarity(AETHER_LOOT)));",Alta no recurso/registro/classe citados; condições efetivas do pack não confirmadas,/images/bestiary/audited/aether/slider.png,src/main/java/com/aetherteam/aether/client/renderer/entity/model/SliderModel.java; src/main/java/com/aetherteam/aether/client/renderer/entity/SliderRenderer.java; src/main/resources/assets/aether/textures/entity/mobs/slider/slider_awake.png; src/main/resources/assets/aether/textures/entity/mobs/slider/slider_awake_glow.png; src/main/java/com/aetherteam/aether/client/renderer/entity/layers/SliderGlowLayer.java; src/main/java/com/aetherteam/aether/client/renderer/AetherRenderers.java; src/main/java/com/aetherteam/aether/client/renderer/AetherModelLayers.java; output-aether/proveniencia.json,evidence-final-aether/aether-1.21.1-1.5.10-neoforge.jar::data/aether/loot_table/chests/dungeon/bronze/bronze_dungeon_neptune.json; evidence-final-aether/src/main/java/com/aetherteam/aether/entity/monster/dungeon/boss/Slider.java; evidence-final-aether/src/main/java/com/aetherteam/aether/item/AetherItems.java; registros-usos-itens.json#aether:neptune_boots,Não aplicável: uso direto ou nenhuma receita identificada na build
Slider,The Aether,Chefe de encontro; alvos: Player,"Bronze Dungeon, sala do Slider.",Baú de recompensa da dungeon,aether:neptune_gloves,1,"Tesouro de bronze; baú pré-gerado/trancado, desbloqueável pela Dungeon Key correspondente após combate. Independente dos drops físicos de morte; subtables/config respeitados.; pool4: 3–5 sorteio(s); reposição se múltiplos rolls; peso bruto 8/52; normaliza apenas entradas elegíveis; pool1: 1 sorteio(s); reposição se múltiplos rolls; peso bruto 1/5; normaliza apenas entradas elegíveis","Equipamento vestível; slot/material/durabilidade confirmados no registro: public static final DeferredItem<Item> NEPTUNE_GLOVES = ITEMS.register(""neptune_gloves"", () -> new GlovesItem(AetherArmorMaterials.NEPTUNE, 0.5, ""neptune_gloves"", AetherSoundEvents.ITEM_ARMOR_EQUIP_NEPTUNE, new Item.Properties().stacksTo(1).rarity(AETHER_LOOT).durability(250)));",Alta no recurso/registro/classe citados; condições efetivas do pack não confirmadas,/images/bestiary/audited/aether/slider.png,src/main/java/com/aetherteam/aether/client/renderer/entity/model/SliderModel.java; src/main/java/com/aetherteam/aether/client/renderer/entity/SliderRenderer.java; src/main/resources/assets/aether/textures/entity/mobs/slider/slider_awake.png; src/main/resources/assets/aether/textures/entity/mobs/slider/slider_awake_glow.png; src/main/java/com/aetherteam/aether/client/renderer/entity/layers/SliderGlowLayer.java; src/main/java/com/aetherteam/aether/client/renderer/AetherRenderers.java; src/main/java/com/aetherteam/aether/client/renderer/AetherModelLayers.java; output-aether/proveniencia.json,evidence-final-aether/aether-1.21.1-1.5.10-neoforge.jar::data/aether/loot_table/chests/dungeon/bronze/bronze_dungeon_neptune.json; evidence-final-aether/src/main/java/com/aetherteam/aether/entity/monster/dungeon/boss/Slider.java; evidence-final-aether/src/main/java/com/aetherteam/aether/item/AetherItems.java; registros-usos-itens.json#aether:neptune_gloves,Não aplicável: uso direto ou nenhuma receita identificada na build
Slider,The Aether,Chefe de encontro; alvos: Player,"Bronze Dungeon, sala do Slider.",Baú de recompensa da dungeon,aether:sentry_boots,1,"Tesouro de bronze; baú pré-gerado/trancado, desbloqueável pela Dungeon Key correspondente após combate. Independente dos drops físicos de morte; subtables/config respeitados.; pool4: 3–5 sorteio(s); reposição se múltiplos rolls; peso bruto 1/52; normaliza apenas entradas elegíveis","Equipamento vestível; slot/material/durabilidade confirmados no registro: public static final DeferredItem<Item> SENTRY_BOOTS = ITEMS.register(""sentry_boots"", () -> new ArmorItem(AetherArmorMaterials.SENTRY, ArmorItem.Type.BOOTS, new Item.Properties().durability(ArmorItem.Type.BOOTS.getDurability(15)).rarity(AETHER_LOOT)));",Alta no recurso/registro/classe citados; condições efetivas do pack não confirmadas,/images/bestiary/audited/aether/slider.png,src/main/java/com/aetherteam/aether/client/renderer/entity/model/SliderModel.java; src/main/java/com/aetherteam/aether/client/renderer/entity/SliderRenderer.java; src/main/resources/assets/aether/textures/entity/mobs/slider/slider_awake.png; src/main/resources/assets/aether/textures/entity/mobs/slider/slider_awake_glow.png; src/main/java/com/aetherteam/aether/client/renderer/entity/layers/SliderGlowLayer.java; src/main/java/com/aetherteam/aether/client/renderer/AetherRenderers.java; src/main/java/com/aetherteam/aether/client/renderer/AetherModelLayers.java; output-aether/proveniencia.json,evidence-final-aether/aether-1.21.1-1.5.10-neoforge.jar::data/aether/loot_table/chests/dungeon/bronze/bronze_dungeon_reward.json; evidence-final-aether/src/main/java/com/aetherteam/aether/entity/monster/dungeon/boss/Slider.java; evidence-final-aether/src/main/java/com/aetherteam/aether/item/AetherItems.java; registros-usos-itens.json#aether:sentry_boots,Não aplicável: uso direto ou nenhuma receita identificada na build
Slider,The Aether,Chefe de encontro; alvos: Player,"Bronze Dungeon, sala do Slider.",Baú de recompensa da dungeon,aether:sentry_stone,1,"Tesouro de bronze; baú pré-gerado/trancado, desbloqueável pela Dungeon Key correspondente após combate. Independente dos drops físicos de morte; subtables/config respeitados.; pool4: 3–5 sorteio(s); reposição se múltiplos rolls; peso bruto 1/52; normaliza apenas entradas elegíveis","Ingrediente nas receitas auditadas: {'count': 1, 'id': 'aether:carved_stone'}",Alta nos arquivos versionados; configurações/datapacks externos não confirmados,/images/bestiary/audited/aether/slider.png,src/main/java/com/aetherteam/aether/client/renderer/entity/model/SliderModel.java; src/main/java/com/aetherteam/aether/client/renderer/entity/SliderRenderer.java; src/main/resources/assets/aether/textures/entity/mobs/slider/slider_awake.png; src/main/resources/assets/aether/textures/entity/mobs/slider/slider_awake_glow.png; src/main/java/com/aetherteam/aether/client/renderer/entity/layers/SliderGlowLayer.java; src/main/java/com/aetherteam/aether/client/renderer/AetherRenderers.java; src/main/java/com/aetherteam/aether/client/renderer/AetherModelLayers.java; output-aether/proveniencia.json,evidence-final-aether/aether-1.21.1-1.5.10-neoforge.jar::data/aether/loot_table/chests/dungeon/bronze/bronze_dungeon_reward.json; evidence-final-aether/src/main/java/com/aetherteam/aether/entity/monster/dungeon/boss/Slider.java,/bestiary/receitas/aether.html#receita-carved-stone-from-sentry-stone-stonecutting | [Receita carved_stone_from_sentry_stone_stonecutting](lote-final-2026-10-06/aether-cards-2026-10-06.md#receita-carved-stone-from-sentry-stone-stonecutting) — data/aether/recipe/carved_stone_from_sentry_stone_stonecutting.json
Slider,The Aether,Chefe de encontro; alvos: Player,"Bronze Dungeon, sala do Slider.",Baú de recompensa da dungeon,aether:carved_stone,1,"Tesouro de bronze; baú pré-gerado/trancado, desbloqueável pela Dungeon Key correspondente após combate. Independente dos drops físicos de morte; subtables/config respeitados.; pool4: 3–5 sorteio(s); reposição se múltiplos rolls; peso bruto 1/52; normaliza apenas entradas elegíveis","Ingrediente nas receitas auditadas: {'count': 6, 'id': 'aether:carved_slab'}, {'count': 1, 'id': 'aether:carved_wall'}, {'count': 2, 'id': 'aether:carved_slab'}, {'count': 1, 'id': 'aether:carved_stairs'}, {'count': 4, 'id': 'aether:carved_stairs'}, {'count': 1, 'id': 'aether:sentry_stone'}, {'count': 6, 'id': 'aether:carved_wall'}",Alta nos arquivos versionados; configurações/datapacks externos não confirmados,/images/bestiary/audited/aether/slider.png,src/main/java/com/aetherteam/aether/client/renderer/entity/model/SliderModel.java; src/main/java/com/aetherteam/aether/client/renderer/entity/SliderRenderer.java; src/main/resources/assets/aether/textures/entity/mobs/slider/slider_awake.png; src/main/resources/assets/aether/textures/entity/mobs/slider/slider_awake_glow.png; src/main/java/com/aetherteam/aether/client/renderer/entity/layers/SliderGlowLayer.java; src/main/java/com/aetherteam/aether/client/renderer/AetherRenderers.java; src/main/java/com/aetherteam/aether/client/renderer/AetherModelLayers.java; output-aether/proveniencia.json,evidence-final-aether/aether-1.21.1-1.5.10-neoforge.jar::data/aether/loot_table/chests/dungeon/bronze/bronze_dungeon_reward.json; evidence-final-aether/src/main/java/com/aetherteam/aether/entity/monster/dungeon/boss/Slider.java,/bestiary/receitas/aether.html#receita-carved-slab | [Receita carved_slab](lote-final-2026-10-06/aether-cards-2026-10-06.md#receita-carved-slab) — data/aether/recipe/carved_slab.json; [Receita carved_wall_from_carved_stone_stonecutting](lote-final-2026-10-06/aether-cards-2026-10-06.md#receita-carved-wall-from-carved-stone-stonecutting) — data/aether/recipe/carved_wall_from_carved_stone_stonecutting.json; [Receita carved_slab_from_carved_stone_stonecutting](lote-final-2026-10-06/aether-cards-2026-10-06.md#receita-carved-slab-from-carved-stone-stonecutting) — data/aether/recipe/carved_slab_from_carved_stone_stonecutting.json; [Receita carved_stairs_from_carved_stone_stonecutting](lote-final-2026-10-06/aether-cards-2026-10-06.md#receita-carved-stairs-from-carved-stone-stonecutting) — data/aether/recipe/carved_stairs_from_carved_stone_stonecutting.json; [Receita carved_stairs](lote-final-2026-10-06/aether-cards-2026-10-06.md#receita-carved-stairs) — data/aether/recipe/carved_stairs.json; [Receita sentry_stone_from_carved_stone_stonecutting](lote-final-2026-10-06/aether-cards-2026-10-06.md#receita-sentry-stone-from-carved-stone-stonecutting) — data/aether/recipe/sentry_stone_from_carved_stone_stonecutting.json; [Receita carved_wall](lote-final-2026-10-06/aether-cards-2026-10-06.md#receita-carved-wall) — data/aether/recipe/carved_wall.json
Slider,The Aether,Chefe de encontro; alvos: Player,"Bronze Dungeon, sala do Slider.",Baú de recompensa da dungeon,aether:lightning_knife,1,"Tesouro de bronze; baú pré-gerado/trancado, desbloqueável pela Dungeon Key correspondente após combate. Independente dos drops físicos de morte; subtables/config respeitados.; pool5: 4–15 sorteio(s); reposição se múltiplos rolls; peso bruto 5/11; normaliza apenas entradas elegíveis","Arma/projétil conforme classe LightningKnifeItem; uso, dano e efeitos definidos na classe original citada no apêndice de usos",Alta no recurso/registro/classe citados; condições efetivas do pack não confirmadas,/images/bestiary/audited/aether/slider.png,src/main/java/com/aetherteam/aether/client/renderer/entity/model/SliderModel.java; src/main/java/com/aetherteam/aether/client/renderer/entity/SliderRenderer.java; src/main/resources/assets/aether/textures/entity/mobs/slider/slider_awake.png; src/main/resources/assets/aether/textures/entity/mobs/slider/slider_awake_glow.png; src/main/java/com/aetherteam/aether/client/renderer/entity/layers/SliderGlowLayer.java; src/main/java/com/aetherteam/aether/client/renderer/AetherRenderers.java; src/main/java/com/aetherteam/aether/client/renderer/AetherModelLayers.java; output-aether/proveniencia.json,evidence-final-aether/aether-1.21.1-1.5.10-neoforge.jar::data/aether/loot_table/chests/dungeon/bronze/bronze_dungeon_reward.json; evidence-final-aether/src/main/java/com/aetherteam/aether/entity/monster/dungeon/boss/Slider.java; evidence-final-aether/src/main/java/com/aetherteam/aether/item/AetherItems.java; registros-usos-itens.json#aether:lightning_knife,Não aplicável: uso direto ou nenhuma receita identificada na build
Slider,The Aether,Chefe de encontro; alvos: Player,"Bronze Dungeon, sala do Slider.",Baú de recompensa da dungeon,aether:golden_dart,1,"Tesouro de bronze; baú pré-gerado/trancado, desbloqueável pela Dungeon Key correspondente após combate. Independente dos drops físicos de morte; subtables/config respeitados.; pool5: 4–15 sorteio(s); reposição se múltiplos rolls; peso bruto 3/11; normaliza apenas entradas elegíveis","Ingrediente nas receitas auditadas: {'count': 8, 'id': 'aether:poison_dart'}, {'count': 1, 'id': 'aether:enchanted_dart'}",Alta nos arquivos versionados; configurações/datapacks externos não confirmados,/images/bestiary/audited/aether/slider.png,src/main/java/com/aetherteam/aether/client/renderer/entity/model/SliderModel.java; src/main/java/com/aetherteam/aether/client/renderer/entity/SliderRenderer.java; src/main/resources/assets/aether/textures/entity/mobs/slider/slider_awake.png; src/main/resources/assets/aether/textures/entity/mobs/slider/slider_awake_glow.png; src/main/java/com/aetherteam/aether/client/renderer/entity/layers/SliderGlowLayer.java; src/main/java/com/aetherteam/aether/client/renderer/AetherRenderers.java; src/main/java/com/aetherteam/aether/client/renderer/AetherModelLayers.java; output-aether/proveniencia.json,evidence-final-aether/aether-1.21.1-1.5.10-neoforge.jar::data/aether/loot_table/chests/dungeon/bronze/bronze_dungeon_reward.json; evidence-final-aether/src/main/java/com/aetherteam/aether/entity/monster/dungeon/boss/Slider.java; evidence-final-aether/src/main/java/com/aetherteam/aether/item/AetherItems.java; registros-usos-itens.json#aether:golden_dart,/bestiary/receitas/aether.html#receita-poison-dart | [Receita poison_dart](lote-final-2026-10-06/aether-cards-2026-10-06.md#receita-poison-dart) — data/aether/recipe/poison_dart.json; [Receita enchanted_dart_enchanting](lote-final-2026-10-06/aether-cards-2026-10-06.md#receita-enchanted-dart-enchanting) — data/aether/recipe/enchanted_dart_enchanting.json
Slider,The Aether,Chefe de encontro; alvos: Player,"Bronze Dungeon, sala do Slider.",Baú de recompensa da dungeon,minecraft:arrow,1,"Tesouro de bronze; baú pré-gerado/trancado, desbloqueável pela Dungeon Key correspondente após combate. Independente dos drops físicos de morte; subtables/config respeitados.; pool5: 4–15 sorteio(s); reposição se múltiplos rolls; peso bruto 2/11; normaliza apenas entradas elegíveis","Ingrediente nas receitas vanilla1.21.1: {'count': 2, 'id': 'minecraft:spectral_arrow'}",Alta nos arquivos versionados; configurações/datapacks externos não confirmados,/images/bestiary/audited/aether/slider.png,src/main/java/com/aetherteam/aether/client/renderer/entity/model/SliderModel.java; src/main/java/com/aetherteam/aether/client/renderer/entity/SliderRenderer.java; src/main/resources/assets/aether/textures/entity/mobs/slider/slider_awake.png; src/main/resources/assets/aether/textures/entity/mobs/slider/slider_awake_glow.png; src/main/java/com/aetherteam/aether/client/renderer/entity/layers/SliderGlowLayer.java; src/main/java/com/aetherteam/aether/client/renderer/AetherRenderers.java; src/main/java/com/aetherteam/aether/client/renderer/AetherModelLayers.java; output-aether/proveniencia.json,evidence-final-aether/aether-1.21.1-1.5.10-neoforge.jar::data/aether/loot_table/chests/dungeon/bronze/bronze_dungeon_reward.json; evidence-final-aether/src/main/java/com/aetherteam/aether/entity/monster/dungeon/boss/Slider.java,[Receitas vanilla1.21.1](lote-final-2026-10-06/receitas-vanilla.json)
Slider,The Aether,Chefe de encontro; alvos: Player,"Bronze Dungeon, sala do Slider.",Baú de recompensa da dungeon,aether:sentry_stone,1,"Tesouro de bronze; baú pré-gerado/trancado, desbloqueável pela Dungeon Key correspondente após combate. Independente dos drops físicos de morte; subtables/config respeitados.; pool5: 4–15 sorteio(s); reposição se múltiplos rolls; peso bruto 1/11; normaliza apenas entradas elegíveis","Ingrediente nas receitas auditadas: {'count': 1, 'id': 'aether:carved_stone'}",Alta nos arquivos versionados; configurações/datapacks externos não confirmados,/images/bestiary/audited/aether/slider.png,src/main/java/com/aetherteam/aether/client/renderer/entity/model/SliderModel.java; src/main/java/com/aetherteam/aether/client/renderer/entity/SliderRenderer.java; src/main/resources/assets/aether/textures/entity/mobs/slider/slider_awake.png; src/main/resources/assets/aether/textures/entity/mobs/slider/slider_awake_glow.png; src/main/java/com/aetherteam/aether/client/renderer/entity/layers/SliderGlowLayer.java; src/main/java/com/aetherteam/aether/client/renderer/AetherRenderers.java; src/main/java/com/aetherteam/aether/client/renderer/AetherModelLayers.java; output-aether/proveniencia.json,evidence-final-aether/aether-1.21.1-1.5.10-neoforge.jar::data/aether/loot_table/chests/dungeon/bronze/bronze_dungeon_reward.json; evidence-final-aether/src/main/java/com/aetherteam/aether/entity/monster/dungeon/boss/Slider.java,/bestiary/receitas/aether.html#receita-carved-stone-from-sentry-stone-stonecutting | [Receita carved_stone_from_sentry_stone_stonecutting](lote-final-2026-10-06/aether-cards-2026-10-06.md#receita-carved-stone-from-sentry-stone-stonecutting) — data/aether/recipe/carved_stone_from_sentry_stone_stonecutting.json
Valkyrie,The Aether,Criatura AbstractValkyrie; alvos: Player,Trapped Angelic/Light Angelic Stone de Silver Dungeon; blocos criam Valkyrie.,Loot de morte,aether:victory_medal,1,Loot condicionado ao caminho de morte; herança/interações/variantes fora deste pool separadas; pool1: 1 sorteio(s); reposição se múltiplos rolls; peso bruto 1/1; normaliza apenas entradas elegíveis; set_count,"Ingrediente nas receitas auditadas: {'count': 1, 'id': 'minecraft:gold_nugget'}, {'count': 1, 'id': 'minecraft:gold_nugget'}",Alta nos arquivos versionados; configurações/datapacks externos não confirmados,/images/bestiary/audited/aether/valkyrie.png,src/main/java/com/aetherteam/aether/client/renderer/entity/model/ValkyrieModel.java; src/main/java/com/aetherteam/aether/client/renderer/entity/model/ValkyrieWingsModel.java; src/main/java/com/aetherteam/aether/client/renderer/entity/ValkyrieRenderer.java; src/main/resources/assets/aether/textures/entity/mobs/valkyrie/valkyrie.png; src/main/java/com/aetherteam/aether/client/renderer/entity/layers/ValkyrieWingsLayer.java; src/main/java/com/aetherteam/aether/client/renderer/AetherRenderers.java; src/main/java/com/aetherteam/aether/client/renderer/AetherModelLayers.java; output-aether/proveniencia.json,evidence-final-aether/aether-1.21.1-1.5.10-neoforge.jar::data/aether/loot_table/entities/valkyrie.json; evidence-final-aether/src/main/java/com/aetherteam/aether/entity/monster/dungeon/Valkyrie.java; evidence-final-aether/src/main/java/com/aetherteam/aether/item/AetherItems.java; registros-usos-itens.json#aether:victory_medal,/bestiary/receitas/aether.html#receita-aether-gold-nugget-from-smelting | [Receita aether_gold_nugget_from_smelting](lote-final-2026-10-06/aether-cards-2026-10-06.md#receita-aether-gold-nugget-from-smelting) — data/aether/recipe/aether_gold_nugget_from_smelting.json; [Receita aether_gold_nugget_from_blasting](lote-final-2026-10-06/aether-cards-2026-10-06.md#receita-aether-gold-nugget-from-blasting) — data/aether/recipe/aether_gold_nugget_from_blasting.json
Valkyrie Queen,The Aether,Chefe de encontro; alvos: Player,"Silver Dungeon, arena da rainha.",Loot de morte,aether:silver_dungeon_key,1,Loot condicionado ao caminho de morte; herança/interações/variantes fora deste pool separadas; pool1: 1 sorteio(s); reposição se múltiplos rolls; peso bruto 1/1; normaliza apenas entradas elegíveis; set_count,Destrancar Treasure Chest de Silver Dungeon; tier silver,Alta no recurso/registro/classe citados; condições efetivas do pack não confirmadas,/images/bestiary/audited/aether/valkyrie-queen.png,src/main/java/com/aetherteam/aether/client/renderer/entity/model/ValkyrieModel.java; src/main/java/com/aetherteam/aether/client/renderer/entity/model/ValkyrieWingsModel.java; src/main/java/com/aetherteam/aether/client/renderer/entity/ValkyrieQueenRenderer.java; src/main/resources/assets/aether/textures/entity/mobs/valkyrie_queen/valkyrie_queen.png; src/main/java/com/aetherteam/aether/client/renderer/entity/layers/ValkyrieWingsLayer.java; src/main/java/com/aetherteam/aether/client/renderer/AetherRenderers.java; src/main/java/com/aetherteam/aether/client/renderer/AetherModelLayers.java; output-aether/proveniencia.json,evidence-final-aether/aether-1.21.1-1.5.10-neoforge.jar::data/aether/loot_table/entities/valkyrie_queen.json; evidence-final-aether/src/main/java/com/aetherteam/aether/entity/monster/dungeon/boss/ValkyrieQueen.java; evidence-final-aether/src/main/java/com/aetherteam/aether/item/AetherItems.java; registros-usos-itens.json#aether:silver_dungeon_key,Não aplicável: uso direto ou nenhuma receita identificada na build
Valkyrie Queen,The Aether,Chefe de encontro; alvos: Player,"Silver Dungeon, arena da rainha.",Loot de morte,minecraft:golden_sword,1,Loot condicionado ao caminho de morte; herança/interações/variantes fora deste pool separadas; pool2: 1 sorteio(s); reposição se múltiplos rolls; peso bruto 1/1; normaliza apenas entradas elegíveis; set_count,Ingrediente nas receitas auditadas: golden_sword_repairing,Alta nos arquivos versionados; configurações/datapacks externos não confirmados,/images/bestiary/audited/aether/valkyrie-queen.png,src/main/java/com/aetherteam/aether/client/renderer/entity/model/ValkyrieModel.java; src/main/java/com/aetherteam/aether/client/renderer/entity/model/ValkyrieWingsModel.java; src/main/java/com/aetherteam/aether/client/renderer/entity/ValkyrieQueenRenderer.java; src/main/resources/assets/aether/textures/entity/mobs/valkyrie_queen/valkyrie_queen.png; src/main/java/com/aetherteam/aether/client/renderer/entity/layers/ValkyrieWingsLayer.java; src/main/java/com/aetherteam/aether/client/renderer/AetherRenderers.java; src/main/java/com/aetherteam/aether/client/renderer/AetherModelLayers.java; output-aether/proveniencia.json,evidence-final-aether/aether-1.21.1-1.5.10-neoforge.jar::data/aether/loot_table/entities/valkyrie_queen.json; evidence-final-aether/src/main/java/com/aetherteam/aether/entity/monster/dungeon/boss/ValkyrieQueen.java,/bestiary/receitas/aether.html#receita-golden-sword-repairing | [Receita golden_sword_repairing](lote-final-2026-10-06/aether-cards-2026-10-06.md#receita-golden-sword-repairing) — data/aether/recipe/golden_sword_repairing.json
Valkyrie Queen,The Aether,Chefe de encontro; alvos: Player,"Silver Dungeon, arena da rainha.",Baú de recompensa da dungeon,aether:valkyrie_cape,1,"Tesouro de silver; baú pré-gerado/trancado, desbloqueável pela Dungeon Key correspondente após combate. Independente dos drops físicos de morte; subtables/config respeitados.; pool1: 1 sorteio(s); reposição se múltiplos rolls; peso bruto 1/1; normaliza apenas entradas elegíveis; pool1: 1 sorteio(s); reposição se múltiplos rolls; peso bruto 3/34; normaliza apenas entradas elegíveis; pool1: 1 sorteio(s); reposição se múltiplos rolls; {""condition"": ""aether:config_enabled"", ""config"": ""[Loot, Valkyrie Cape in loot]""}; peso bruto 1/2; normaliza apenas entradas elegíveis; set_count","Acessório equipável da classe ValkyrieCapeItem; capacidade/slot definidos na classe versionada citada, efeito não inferido de nome",Alta no recurso/registro/classe citados; condições efetivas do pack não confirmadas,/images/bestiary/audited/aether/valkyrie-queen.png,src/main/java/com/aetherteam/aether/client/renderer/entity/model/ValkyrieModel.java; src/main/java/com/aetherteam/aether/client/renderer/entity/model/ValkyrieWingsModel.java; src/main/java/com/aetherteam/aether/client/renderer/entity/ValkyrieQueenRenderer.java; src/main/resources/assets/aether/textures/entity/mobs/valkyrie_queen/valkyrie_queen.png; src/main/java/com/aetherteam/aether/client/renderer/entity/layers/ValkyrieWingsLayer.java; src/main/java/com/aetherteam/aether/client/renderer/AetherRenderers.java; src/main/java/com/aetherteam/aether/client/renderer/AetherModelLayers.java; output-aether/proveniencia.json,evidence-final-aether/aether-1.21.1-1.5.10-neoforge.jar::data/aether/loot_table/chests/dungeon/silver/silver_dungeon_cape_config.json; evidence-final-aether/src/main/java/com/aetherteam/aether/entity/monster/dungeon/boss/ValkyrieQueen.java; evidence-final-aether/src/main/java/com/aetherteam/aether/item/AetherItems.java; registros-usos-itens.json#aether:valkyrie_cape,Não aplicável: uso direto ou nenhuma receita identificada na build
Valkyrie Queen,The Aether,Chefe de encontro; alvos: Player,"Silver Dungeon, arena da rainha.",Baú de recompensa da dungeon,aether:golden_feather,1,"Tesouro de silver; baú pré-gerado/trancado, desbloqueável pela Dungeon Key correspondente após combate. Independente dos drops físicos de morte; subtables/config respeitados.; pool1: 1 sorteio(s); reposição se múltiplos rolls; peso bruto 1/1; normaliza apenas entradas elegíveis; pool1: 1 sorteio(s); reposição se múltiplos rolls; peso bruto 3/34; normaliza apenas entradas elegíveis; pool1: 1 sorteio(s); reposição se múltiplos rolls; {""condition"": ""aether:config_enabled"", ""config"": ""[Loot, Golden Feather in loot]""}; peso bruto 1/2; normaliza apenas entradas elegíveis; set_count","Acessório equipável da classe GoldenFeatherItem; capacidade/slot definidos na classe versionada citada, efeito não inferido de nome",Alta no recurso/registro/classe citados; condições efetivas do pack não confirmadas,/images/bestiary/audited/aether/valkyrie-queen.png,src/main/java/com/aetherteam/aether/client/renderer/entity/model/ValkyrieModel.java; src/main/java/com/aetherteam/aether/client/renderer/entity/model/ValkyrieWingsModel.java; src/main/java/com/aetherteam/aether/client/renderer/entity/ValkyrieQueenRenderer.java; src/main/resources/assets/aether/textures/entity/mobs/valkyrie_queen/valkyrie_queen.png; src/main/java/com/aetherteam/aether/client/renderer/entity/layers/ValkyrieWingsLayer.java; src/main/java/com/aetherteam/aether/client/renderer/AetherRenderers.java; src/main/java/com/aetherteam/aether/client/renderer/AetherModelLayers.java; output-aether/proveniencia.json,evidence-final-aether/aether-1.21.1-1.5.10-neoforge.jar::data/aether/loot_table/chests/dungeon/silver/silver_dungeon_cape_config.json; evidence-final-aether/src/main/java/com/aetherteam/aether/entity/monster/dungeon/boss/ValkyrieQueen.java; evidence-final-aether/src/main/java/com/aetherteam/aether/item/AetherItems.java; registros-usos-itens.json#aether:golden_feather,Não aplicável: uso direto ou nenhuma receita identificada na build
Valkyrie Queen,The Aether,Chefe de encontro; alvos: Player,"Silver Dungeon, arena da rainha.",Baú de recompensa da dungeon,aether:valkyrie_helmet,1,"Tesouro de silver; baú pré-gerado/trancado, desbloqueável pela Dungeon Key correspondente após combate. Independente dos drops físicos de morte; subtables/config respeitados.; pool1: 1 sorteio(s); reposição se múltiplos rolls; peso bruto 1/1; normaliza apenas entradas elegíveis; pool1: 1 sorteio(s); reposição se múltiplos rolls; peso bruto 4/34; normaliza apenas entradas elegíveis","Equipamento vestível; slot/material/durabilidade confirmados no registro: public static final DeferredItem<Item> VALKYRIE_HELMET = ITEMS.register(""valkyrie_helmet"", () -> new ArmorItem(AetherArmorMaterials.VALKYRIE, ArmorItem.Type.HELMET, new Item.Properties().durability(ArmorItem.Type.HELMET.getDurability(33)).rarity(AETHER_LOOT)));",Alta no recurso/registro/classe citados; condições efetivas do pack não confirmadas,/images/bestiary/audited/aether/valkyrie-queen.png,src/main/java/com/aetherteam/aether/client/renderer/entity/model/ValkyrieModel.java; src/main/java/com/aetherteam/aether/client/renderer/entity/model/ValkyrieWingsModel.java; src/main/java/com/aetherteam/aether/client/renderer/entity/ValkyrieQueenRenderer.java; src/main/resources/assets/aether/textures/entity/mobs/valkyrie_queen/valkyrie_queen.png; src/main/java/com/aetherteam/aether/client/renderer/entity/layers/ValkyrieWingsLayer.java; src/main/java/com/aetherteam/aether/client/renderer/AetherRenderers.java; src/main/java/com/aetherteam/aether/client/renderer/AetherModelLayers.java; output-aether/proveniencia.json,evidence-final-aether/aether-1.21.1-1.5.10-neoforge.jar::data/aether/loot_table/chests/dungeon/silver/silver_dungeon_valkyrie.json; evidence-final-aether/src/main/java/com/aetherteam/aether/entity/monster/dungeon/boss/ValkyrieQueen.java; evidence-final-aether/src/main/java/com/aetherteam/aether/item/AetherItems.java; registros-usos-itens.json#aether:valkyrie_helmet,Não aplicável: uso direto ou nenhuma receita identificada na build
Valkyrie Queen,The Aether,Chefe de encontro; alvos: Player,"Silver Dungeon, arena da rainha.",Baú de recompensa da dungeon,aether:valkyrie_chestplate,1,"Tesouro de silver; baú pré-gerado/trancado, desbloqueável pela Dungeon Key correspondente após combate. Independente dos drops físicos de morte; subtables/config respeitados.; pool1: 1 sorteio(s); reposição se múltiplos rolls; peso bruto 1/1; normaliza apenas entradas elegíveis; pool1: 1 sorteio(s); reposição se múltiplos rolls; peso bruto 4/34; normaliza apenas entradas elegíveis","Equipamento vestível; slot/material/durabilidade confirmados no registro: public static final DeferredItem<Item> VALKYRIE_CHESTPLATE = ITEMS.register(""valkyrie_chestplate"", () -> new ArmorItem(AetherArmorMaterials.VALKYRIE, ArmorItem.Type.CHESTPLATE, new Item.Properties().durability(ArmorItem.Type.CHESTPLATE.getDurability(33)).rarity(AETHER_LOOT)));",Alta no recurso/registro/classe citados; condições efetivas do pack não confirmadas,/images/bestiary/audited/aether/valkyrie-queen.png,src/main/java/com/aetherteam/aether/client/renderer/entity/model/ValkyrieModel.java; src/main/java/com/aetherteam/aether/client/renderer/entity/model/ValkyrieWingsModel.java; src/main/java/com/aetherteam/aether/client/renderer/entity/ValkyrieQueenRenderer.java; src/main/resources/assets/aether/textures/entity/mobs/valkyrie_queen/valkyrie_queen.png; src/main/java/com/aetherteam/aether/client/renderer/entity/layers/ValkyrieWingsLayer.java; src/main/java/com/aetherteam/aether/client/renderer/AetherRenderers.java; src/main/java/com/aetherteam/aether/client/renderer/AetherModelLayers.java; output-aether/proveniencia.json,evidence-final-aether/aether-1.21.1-1.5.10-neoforge.jar::data/aether/loot_table/chests/dungeon/silver/silver_dungeon_valkyrie.json; evidence-final-aether/src/main/java/com/aetherteam/aether/entity/monster/dungeon/boss/ValkyrieQueen.java; evidence-final-aether/src/main/java/com/aetherteam/aether/item/AetherItems.java; registros-usos-itens.json#aether:valkyrie_chestplate,Não aplicável: uso direto ou nenhuma receita identificada na build
Valkyrie Queen,The Aether,Chefe de encontro; alvos: Player,"Silver Dungeon, arena da rainha.",Baú de recompensa da dungeon,aether:valkyrie_leggings,1,"Tesouro de silver; baú pré-gerado/trancado, desbloqueável pela Dungeon Key correspondente após combate. Independente dos drops físicos de morte; subtables/config respeitados.; pool1: 1 sorteio(s); reposição se múltiplos rolls; peso bruto 1/1; normaliza apenas entradas elegíveis; pool1: 1 sorteio(s); reposição se múltiplos rolls; peso bruto 4/34; normaliza apenas entradas elegíveis","Equipamento vestível; slot/material/durabilidade confirmados no registro: public static final DeferredItem<Item> VALKYRIE_LEGGINGS = ITEMS.register(""valkyrie_leggings"", () -> new ArmorItem(AetherArmorMaterials.VALKYRIE, ArmorItem.Type.LEGGINGS, new Item.Properties().durability(ArmorItem.Type.LEGGINGS.getDurability(33)).rarity(AETHER_LOOT)));",Alta no recurso/registro/classe citados; condições efetivas do pack não confirmadas,/images/bestiary/audited/aether/valkyrie-queen.png,src/main/java/com/aetherteam/aether/client/renderer/entity/model/ValkyrieModel.java; src/main/java/com/aetherteam/aether/client/renderer/entity/model/ValkyrieWingsModel.java; src/main/java/com/aetherteam/aether/client/renderer/entity/ValkyrieQueenRenderer.java; src/main/resources/assets/aether/textures/entity/mobs/valkyrie_queen/valkyrie_queen.png; src/main/java/com/aetherteam/aether/client/renderer/entity/layers/ValkyrieWingsLayer.java; src/main/java/com/aetherteam/aether/client/renderer/AetherRenderers.java; src/main/java/com/aetherteam/aether/client/renderer/AetherModelLayers.java; output-aether/proveniencia.json,evidence-final-aether/aether-1.21.1-1.5.10-neoforge.jar::data/aether/loot_table/chests/dungeon/silver/silver_dungeon_valkyrie.json; evidence-final-aether/src/main/java/com/aetherteam/aether/entity/monster/dungeon/boss/ValkyrieQueen.java; evidence-final-aether/src/main/java/com/aetherteam/aether/item/AetherItems.java; registros-usos-itens.json#aether:valkyrie_leggings,Não aplicável: uso direto ou nenhuma receita identificada na build
Valkyrie Queen,The Aether,Chefe de encontro; alvos: Player,"Silver Dungeon, arena da rainha.",Baú de recompensa da dungeon,aether:valkyrie_boots,1,"Tesouro de silver; baú pré-gerado/trancado, desbloqueável pela Dungeon Key correspondente após combate. Independente dos drops físicos de morte; subtables/config respeitados.; pool1: 1 sorteio(s); reposição se múltiplos rolls; peso bruto 1/1; normaliza apenas entradas elegíveis; pool1: 1 sorteio(s); reposição se múltiplos rolls; peso bruto 4/34; normaliza apenas entradas elegíveis","Equipamento vestível; slot/material/durabilidade confirmados no registro: public static final DeferredItem<Item> VALKYRIE_BOOTS = ITEMS.register(""valkyrie_boots"", () -> new ArmorItem(AetherArmorMaterials.VALKYRIE, ArmorItem.Type.BOOTS, new Item.Properties().durability(ArmorItem.Type.BOOTS.getDurability(33)).rarity(AETHER_LOOT)));",Alta no recurso/registro/classe citados; condições efetivas do pack não confirmadas,/images/bestiary/audited/aether/valkyrie-queen.png,src/main/java/com/aetherteam/aether/client/renderer/entity/model/ValkyrieModel.java; src/main/java/com/aetherteam/aether/client/renderer/entity/model/ValkyrieWingsModel.java; src/main/java/com/aetherteam/aether/client/renderer/entity/ValkyrieQueenRenderer.java; src/main/resources/assets/aether/textures/entity/mobs/valkyrie_queen/valkyrie_queen.png; src/main/java/com/aetherteam/aether/client/renderer/entity/layers/ValkyrieWingsLayer.java; src/main/java/com/aetherteam/aether/client/renderer/AetherRenderers.java; src/main/java/com/aetherteam/aether/client/renderer/AetherModelLayers.java; output-aether/proveniencia.json,evidence-final-aether/aether-1.21.1-1.5.10-neoforge.jar::data/aether/loot_table/chests/dungeon/silver/silver_dungeon_valkyrie.json; evidence-final-aether/src/main/java/com/aetherteam/aether/entity/monster/dungeon/boss/ValkyrieQueen.java; evidence-final-aether/src/main/java/com/aetherteam/aether/item/AetherItems.java; registros-usos-itens.json#aether:valkyrie_boots,Não aplicável: uso direto ou nenhuma receita identificada na build
Valkyrie Queen,The Aether,Chefe de encontro; alvos: Player,"Silver Dungeon, arena da rainha.",Baú de recompensa da dungeon,aether:valkyrie_gloves,1,"Tesouro de silver; baú pré-gerado/trancado, desbloqueável pela Dungeon Key correspondente após combate. Independente dos drops físicos de morte; subtables/config respeitados.; pool1: 1 sorteio(s); reposição se múltiplos rolls; peso bruto 1/1; normaliza apenas entradas elegíveis; pool1: 1 sorteio(s); reposição se múltiplos rolls; peso bruto 4/34; normaliza apenas entradas elegíveis","Equipamento vestível; slot/material/durabilidade confirmados no registro: public static final DeferredItem<Item> VALKYRIE_GLOVES = ITEMS.register(""valkyrie_gloves"", () -> new GlovesItem(AetherArmorMaterials.VALKYRIE, 1.0, ""valkyrie_gloves"", AetherSoundEvents.ITEM_ARMOR_EQUIP_VALKYRIE, new Item.Properties().stacksTo(1).rarity(AETHER_LOOT).durability(1561)));",Alta no recurso/registro/classe citados; condições efetivas do pack não confirmadas,/images/bestiary/audited/aether/valkyrie-queen.png,src/main/java/com/aetherteam/aether/client/renderer/entity/model/ValkyrieModel.java; src/main/java/com/aetherteam/aether/client/renderer/entity/model/ValkyrieWingsModel.java; src/main/java/com/aetherteam/aether/client/renderer/entity/ValkyrieQueenRenderer.java; src/main/resources/assets/aether/textures/entity/mobs/valkyrie_queen/valkyrie_queen.png; src/main/java/com/aetherteam/aether/client/renderer/entity/layers/ValkyrieWingsLayer.java; src/main/java/com/aetherteam/aether/client/renderer/AetherRenderers.java; src/main/java/com/aetherteam/aether/client/renderer/AetherModelLayers.java; output-aether/proveniencia.json,evidence-final-aether/aether-1.21.1-1.5.10-neoforge.jar::data/aether/loot_table/chests/dungeon/silver/silver_dungeon_valkyrie.json; evidence-final-aether/src/main/java/com/aetherteam/aether/entity/monster/dungeon/boss/ValkyrieQueen.java; evidence-final-aether/src/main/java/com/aetherteam/aether/item/AetherItems.java; registros-usos-itens.json#aether:valkyrie_gloves,Não aplicável: uso direto ou nenhuma receita identificada na build
Valkyrie Queen,The Aether,Chefe de encontro; alvos: Player,"Silver Dungeon, arena da rainha.",Baú de recompensa da dungeon,aether:valkyrie_pickaxe,1,"Tesouro de silver; baú pré-gerado/trancado, desbloqueável pela Dungeon Key correspondente após combate. Independente dos drops físicos de morte; subtables/config respeitados.; pool1: 1 sorteio(s); reposição se múltiplos rolls; peso bruto 1/1; normaliza apenas entradas elegíveis; pool1: 1 sorteio(s); reposição se múltiplos rolls; peso bruto 3/34; normaliza apenas entradas elegíveis",Ferramenta de coleta/trabalho da classe ValkyriePickaxeItem; propriedades originais no registro/classe,Alta no recurso/registro/classe citados; condições efetivas do pack não confirmadas,/images/bestiary/audited/aether/valkyrie-queen.png,src/main/java/com/aetherteam/aether/client/renderer/entity/model/ValkyrieModel.java; src/main/java/com/aetherteam/aether/client/renderer/entity/model/ValkyrieWingsModel.java; src/main/java/com/aetherteam/aether/client/renderer/entity/ValkyrieQueenRenderer.java; src/main/resources/assets/aether/textures/entity/mobs/valkyrie_queen/valkyrie_queen.png; src/main/java/com/aetherteam/aether/client/renderer/entity/layers/ValkyrieWingsLayer.java; src/main/java/com/aetherteam/aether/client/renderer/AetherRenderers.java; src/main/java/com/aetherteam/aether/client/renderer/AetherModelLayers.java; output-aether/proveniencia.json,evidence-final-aether/aether-1.21.1-1.5.10-neoforge.jar::data/aether/loot_table/chests/dungeon/silver/silver_dungeon_valkyrie.json; evidence-final-aether/src/main/java/com/aetherteam/aether/entity/monster/dungeon/boss/ValkyrieQueen.java; evidence-final-aether/src/main/java/com/aetherteam/aether/item/AetherItems.java; registros-usos-itens.json#aether:valkyrie_pickaxe,Não aplicável: uso direto ou nenhuma receita identificada na build
Valkyrie Queen,The Aether,Chefe de encontro; alvos: Player,"Silver Dungeon, arena da rainha.",Baú de recompensa da dungeon,aether:valkyrie_axe,1,"Tesouro de silver; baú pré-gerado/trancado, desbloqueável pela Dungeon Key correspondente após combate. Independente dos drops físicos de morte; subtables/config respeitados.; pool1: 1 sorteio(s); reposição se múltiplos rolls; peso bruto 1/1; normaliza apenas entradas elegíveis; pool1: 1 sorteio(s); reposição se múltiplos rolls; peso bruto 3/34; normaliza apenas entradas elegíveis",Ferramenta de coleta/trabalho da classe ValkyrieAxeItem; propriedades originais no registro/classe,Alta no recurso/registro/classe citados; condições efetivas do pack não confirmadas,/images/bestiary/audited/aether/valkyrie-queen.png,src/main/java/com/aetherteam/aether/client/renderer/entity/model/ValkyrieModel.java; src/main/java/com/aetherteam/aether/client/renderer/entity/model/ValkyrieWingsModel.java; src/main/java/com/aetherteam/aether/client/renderer/entity/ValkyrieQueenRenderer.java; src/main/resources/assets/aether/textures/entity/mobs/valkyrie_queen/valkyrie_queen.png; src/main/java/com/aetherteam/aether/client/renderer/entity/layers/ValkyrieWingsLayer.java; src/main/java/com/aetherteam/aether/client/renderer/AetherRenderers.java; src/main/java/com/aetherteam/aether/client/renderer/AetherModelLayers.java; output-aether/proveniencia.json,evidence-final-aether/aether-1.21.1-1.5.10-neoforge.jar::data/aether/loot_table/chests/dungeon/silver/silver_dungeon_valkyrie.json; evidence-final-aether/src/main/java/com/aetherteam/aether/entity/monster/dungeon/boss/ValkyrieQueen.java; evidence-final-aether/src/main/java/com/aetherteam/aether/item/AetherItems.java; registros-usos-itens.json#aether:valkyrie_axe,Não aplicável: uso direto ou nenhuma receita identificada na build
Valkyrie Queen,The Aether,Chefe de encontro; alvos: Player,"Silver Dungeon, arena da rainha.",Baú de recompensa da dungeon,aether:valkyrie_shovel,1,"Tesouro de silver; baú pré-gerado/trancado, desbloqueável pela Dungeon Key correspondente após combate. Independente dos drops físicos de morte; subtables/config respeitados.; pool1: 1 sorteio(s); reposição se múltiplos rolls; peso bruto 1/1; normaliza apenas entradas elegíveis; pool1: 1 sorteio(s); reposição se múltiplos rolls; peso bruto 3/34; normaliza apenas entradas elegíveis",Ferramenta de coleta/trabalho da classe ValkyrieShovelItem; propriedades originais no registro/classe,Alta no recurso/registro/classe citados; condições efetivas do pack não confirmadas,/images/bestiary/audited/aether/valkyrie-queen.png,src/main/java/com/aetherteam/aether/client/renderer/entity/model/ValkyrieModel.java; src/main/java/com/aetherteam/aether/client/renderer/entity/model/ValkyrieWingsModel.java; src/main/java/com/aetherteam/aether/client/renderer/entity/ValkyrieQueenRenderer.java; src/main/resources/assets/aether/textures/entity/mobs/valkyrie_queen/valkyrie_queen.png; src/main/java/com/aetherteam/aether/client/renderer/entity/layers/ValkyrieWingsLayer.java; src/main/java/com/aetherteam/aether/client/renderer/AetherRenderers.java; src/main/java/com/aetherteam/aether/client/renderer/AetherModelLayers.java; output-aether/proveniencia.json,evidence-final-aether/aether-1.21.1-1.5.10-neoforge.jar::data/aether/loot_table/chests/dungeon/silver/silver_dungeon_valkyrie.json; evidence-final-aether/src/main/java/com/aetherteam/aether/entity/monster/dungeon/boss/ValkyrieQueen.java; evidence-final-aether/src/main/java/com/aetherteam/aether/item/AetherItems.java; registros-usos-itens.json#aether:valkyrie_shovel,Não aplicável: uso direto ou nenhuma receita identificada na build
Valkyrie Queen,The Aether,Chefe de encontro; alvos: Player,"Silver Dungeon, arena da rainha.",Baú de recompensa da dungeon,aether:valkyrie_hoe,1,"Tesouro de silver; baú pré-gerado/trancado, desbloqueável pela Dungeon Key correspondente após combate. Independente dos drops físicos de morte; subtables/config respeitados.; pool1: 1 sorteio(s); reposição se múltiplos rolls; peso bruto 1/1; normaliza apenas entradas elegíveis; pool1: 1 sorteio(s); reposição se múltiplos rolls; peso bruto 2/34; normaliza apenas entradas elegíveis",Ferramenta de coleta/trabalho da classe ValkyrieHoeItem; propriedades originais no registro/classe,Alta no recurso/registro/classe citados; condições efetivas do pack não confirmadas,/images/bestiary/audited/aether/valkyrie-queen.png,src/main/java/com/aetherteam/aether/client/renderer/entity/model/ValkyrieModel.java; src/main/java/com/aetherteam/aether/client/renderer/entity/model/ValkyrieWingsModel.java; src/main/java/com/aetherteam/aether/client/renderer/entity/ValkyrieQueenRenderer.java; src/main/resources/assets/aether/textures/entity/mobs/valkyrie_queen/valkyrie_queen.png; src/main/java/com/aetherteam/aether/client/renderer/entity/layers/ValkyrieWingsLayer.java; src/main/java/com/aetherteam/aether/client/renderer/AetherRenderers.java; src/main/java/com/aetherteam/aether/client/renderer/AetherModelLayers.java; output-aether/proveniencia.json,evidence-final-aether/aether-1.21.1-1.5.10-neoforge.jar::data/aether/loot_table/chests/dungeon/silver/silver_dungeon_valkyrie.json; evidence-final-aether/src/main/java/com/aetherteam/aether/entity/monster/dungeon/boss/ValkyrieQueen.java; evidence-final-aether/src/main/java/com/aetherteam/aether/item/AetherItems.java; registros-usos-itens.json#aether:valkyrie_hoe,Não aplicável: uso direto ou nenhuma receita identificada na build
Valkyrie Queen,The Aether,Chefe de encontro; alvos: Player,"Silver Dungeon, arena da rainha.",Baú de recompensa da dungeon,aether:valkyrie_cape,1,"Tesouro de silver; baú pré-gerado/trancado, desbloqueável pela Dungeon Key correspondente após combate. Independente dos drops físicos de morte; subtables/config respeitados.; pool2: 2–3 sorteio(s); reposição se múltiplos rolls; peso bruto 1/1; normaliza apenas entradas elegíveis; pool1: 1 sorteio(s); reposição se múltiplos rolls; peso bruto 8/16; normaliza apenas entradas elegíveis; pool1: 1 sorteio(s); reposição se múltiplos rolls; peso bruto 3/34; normaliza apenas entradas elegíveis; pool1: 1 sorteio(s); reposição se múltiplos rolls; {""condition"": ""aether:config_enabled"", ""config"": ""[Loot, Valkyrie Cape in loot]""}; peso bruto 1/2; normaliza apenas entradas elegíveis; set_count","Acessório equipável da classe ValkyrieCapeItem; capacidade/slot definidos na classe versionada citada, efeito não inferido de nome",Alta no recurso/registro/classe citados; condições efetivas do pack não confirmadas,/images/bestiary/audited/aether/valkyrie-queen.png,src/main/java/com/aetherteam/aether/client/renderer/entity/model/ValkyrieModel.java; src/main/java/com/aetherteam/aether/client/renderer/entity/model/ValkyrieWingsModel.java; src/main/java/com/aetherteam/aether/client/renderer/entity/ValkyrieQueenRenderer.java; src/main/resources/assets/aether/textures/entity/mobs/valkyrie_queen/valkyrie_queen.png; src/main/java/com/aetherteam/aether/client/renderer/entity/layers/ValkyrieWingsLayer.java; src/main/java/com/aetherteam/aether/client/renderer/AetherRenderers.java; src/main/java/com/aetherteam/aether/client/renderer/AetherModelLayers.java; output-aether/proveniencia.json,evidence-final-aether/aether-1.21.1-1.5.10-neoforge.jar::data/aether/loot_table/chests/dungeon/silver/silver_dungeon_cape_config.json; evidence-final-aether/src/main/java/com/aetherteam/aether/entity/monster/dungeon/boss/ValkyrieQueen.java; evidence-final-aether/src/main/java/com/aetherteam/aether/item/AetherItems.java; registros-usos-itens.json#aether:valkyrie_cape,Não aplicável: uso direto ou nenhuma receita identificada na build
Valkyrie Queen,The Aether,Chefe de encontro; alvos: Player,"Silver Dungeon, arena da rainha.",Baú de recompensa da dungeon,aether:golden_feather,1,"Tesouro de silver; baú pré-gerado/trancado, desbloqueável pela Dungeon Key correspondente após combate. Independente dos drops físicos de morte; subtables/config respeitados.; pool2: 2–3 sorteio(s); reposição se múltiplos rolls; peso bruto 1/1; normaliza apenas entradas elegíveis; pool1: 1 sorteio(s); reposição se múltiplos rolls; peso bruto 8/16; normaliza apenas entradas elegíveis; pool1: 1 sorteio(s); reposição se múltiplos rolls; peso bruto 3/34; normaliza apenas entradas elegíveis; pool1: 1 sorteio(s); reposição se múltiplos rolls; {""condition"": ""aether:config_enabled"", ""config"": ""[Loot, Golden Feather in loot]""}; peso bruto 1/2; normaliza apenas entradas elegíveis; set_count","Acessório equipável da classe GoldenFeatherItem; capacidade/slot definidos na classe versionada citada, efeito não inferido de nome",Alta no recurso/registro/classe citados; condições efetivas do pack não confirmadas,/images/bestiary/audited/aether/valkyrie-queen.png,src/main/java/com/aetherteam/aether/client/renderer/entity/model/ValkyrieModel.java; src/main/java/com/aetherteam/aether/client/renderer/entity/model/ValkyrieWingsModel.java; src/main/java/com/aetherteam/aether/client/renderer/entity/ValkyrieQueenRenderer.java; src/main/resources/assets/aether/textures/entity/mobs/valkyrie_queen/valkyrie_queen.png; src/main/java/com/aetherteam/aether/client/renderer/entity/layers/ValkyrieWingsLayer.java; src/main/java/com/aetherteam/aether/client/renderer/AetherRenderers.java; src/main/java/com/aetherteam/aether/client/renderer/AetherModelLayers.java; output-aether/proveniencia.json,evidence-final-aether/aether-1.21.1-1.5.10-neoforge.jar::data/aether/loot_table/chests/dungeon/silver/silver_dungeon_cape_config.json; evidence-final-aether/src/main/java/com/aetherteam/aether/entity/monster/dungeon/boss/ValkyrieQueen.java; evidence-final-aether/src/main/java/com/aetherteam/aether/item/AetherItems.java; registros-usos-itens.json#aether:golden_feather,Não aplicável: uso direto ou nenhuma receita identificada na build
Valkyrie Queen,The Aether,Chefe de encontro; alvos: Player,"Silver Dungeon, arena da rainha.",Baú de recompensa da dungeon,aether:valkyrie_helmet,1,"Tesouro de silver; baú pré-gerado/trancado, desbloqueável pela Dungeon Key correspondente após combate. Independente dos drops físicos de morte; subtables/config respeitados.; pool2: 2–3 sorteio(s); reposição se múltiplos rolls; peso bruto 1/1; normaliza apenas entradas elegíveis; pool1: 1 sorteio(s); reposição se múltiplos rolls; peso bruto 8/16; normaliza apenas entradas elegíveis; pool1: 1 sorteio(s); reposição se múltiplos rolls; peso bruto 4/34; normaliza apenas entradas elegíveis","Equipamento vestível; slot/material/durabilidade confirmados no registro: public static final DeferredItem<Item> VALKYRIE_HELMET = ITEMS.register(""valkyrie_helmet"", () -> new ArmorItem(AetherArmorMaterials.VALKYRIE, ArmorItem.Type.HELMET, new Item.Properties().durability(ArmorItem.Type.HELMET.getDurability(33)).rarity(AETHER_LOOT)));",Alta no recurso/registro/classe citados; condições efetivas do pack não confirmadas,/images/bestiary/audited/aether/valkyrie-queen.png,src/main/java/com/aetherteam/aether/client/renderer/entity/model/ValkyrieModel.java; src/main/java/com/aetherteam/aether/client/renderer/entity/model/ValkyrieWingsModel.java; src/main/java/com/aetherteam/aether/client/renderer/entity/ValkyrieQueenRenderer.java; src/main/resources/assets/aether/textures/entity/mobs/valkyrie_queen/valkyrie_queen.png; src/main/java/com/aetherteam/aether/client/renderer/entity/layers/ValkyrieWingsLayer.java; src/main/java/com/aetherteam/aether/client/renderer/AetherRenderers.java; src/main/java/com/aetherteam/aether/client/renderer/AetherModelLayers.java; output-aether/proveniencia.json,evidence-final-aether/aether-1.21.1-1.5.10-neoforge.jar::data/aether/loot_table/chests/dungeon/silver/silver_dungeon_valkyrie.json; evidence-final-aether/src/main/java/com/aetherteam/aether/entity/monster/dungeon/boss/ValkyrieQueen.java; evidence-final-aether/src/main/java/com/aetherteam/aether/item/AetherItems.java; registros-usos-itens.json#aether:valkyrie_helmet,Não aplicável: uso direto ou nenhuma receita identificada na build
Valkyrie Queen,The Aether,Chefe de encontro; alvos: Player,"Silver Dungeon, arena da rainha.",Baú de recompensa da dungeon,aether:valkyrie_chestplate,1,"Tesouro de silver; baú pré-gerado/trancado, desbloqueável pela Dungeon Key correspondente após combate. Independente dos drops físicos de morte; subtables/config respeitados.; pool2: 2–3 sorteio(s); reposição se múltiplos rolls; peso bruto 1/1; normaliza apenas entradas elegíveis; pool1: 1 sorteio(s); reposição se múltiplos rolls; peso bruto 8/16; normaliza apenas entradas elegíveis; pool1: 1 sorteio(s); reposição se múltiplos rolls; peso bruto 4/34; normaliza apenas entradas elegíveis","Equipamento vestível; slot/material/durabilidade confirmados no registro: public static final DeferredItem<Item> VALKYRIE_CHESTPLATE = ITEMS.register(""valkyrie_chestplate"", () -> new ArmorItem(AetherArmorMaterials.VALKYRIE, ArmorItem.Type.CHESTPLATE, new Item.Properties().durability(ArmorItem.Type.CHESTPLATE.getDurability(33)).rarity(AETHER_LOOT)));",Alta no recurso/registro/classe citados; condições efetivas do pack não confirmadas,/images/bestiary/audited/aether/valkyrie-queen.png,src/main/java/com/aetherteam/aether/client/renderer/entity/model/ValkyrieModel.java; src/main/java/com/aetherteam/aether/client/renderer/entity/model/ValkyrieWingsModel.java; src/main/java/com/aetherteam/aether/client/renderer/entity/ValkyrieQueenRenderer.java; src/main/resources/assets/aether/textures/entity/mobs/valkyrie_queen/valkyrie_queen.png; src/main/java/com/aetherteam/aether/client/renderer/entity/layers/ValkyrieWingsLayer.java; src/main/java/com/aetherteam/aether/client/renderer/AetherRenderers.java; src/main/java/com/aetherteam/aether/client/renderer/AetherModelLayers.java; output-aether/proveniencia.json,evidence-final-aether/aether-1.21.1-1.5.10-neoforge.jar::data/aether/loot_table/chests/dungeon/silver/silver_dungeon_valkyrie.json; evidence-final-aether/src/main/java/com/aetherteam/aether/entity/monster/dungeon/boss/ValkyrieQueen.java; evidence-final-aether/src/main/java/com/aetherteam/aether/item/AetherItems.java; registros-usos-itens.json#aether:valkyrie_chestplate,Não aplicável: uso direto ou nenhuma receita identificada na build
Valkyrie Queen,The Aether,Chefe de encontro; alvos: Player,"Silver Dungeon, arena da rainha.",Baú de recompensa da dungeon,aether:valkyrie_leggings,1,"Tesouro de silver; baú pré-gerado/trancado, desbloqueável pela Dungeon Key correspondente após combate. Independente dos drops físicos de morte; subtables/config respeitados.; pool2: 2–3 sorteio(s); reposição se múltiplos rolls; peso bruto 1/1; normaliza apenas entradas elegíveis; pool1: 1 sorteio(s); reposição se múltiplos rolls; peso bruto 8/16; normaliza apenas entradas elegíveis; pool1: 1 sorteio(s); reposição se múltiplos rolls; peso bruto 4/34; normaliza apenas entradas elegíveis","Equipamento vestível; slot/material/durabilidade confirmados no registro: public static final DeferredItem<Item> VALKYRIE_LEGGINGS = ITEMS.register(""valkyrie_leggings"", () -> new ArmorItem(AetherArmorMaterials.VALKYRIE, ArmorItem.Type.LEGGINGS, new Item.Properties().durability(ArmorItem.Type.LEGGINGS.getDurability(33)).rarity(AETHER_LOOT)));",Alta no recurso/registro/classe citados; condições efetivas do pack não confirmadas,/images/bestiary/audited/aether/valkyrie-queen.png,src/main/java/com/aetherteam/aether/client/renderer/entity/model/ValkyrieModel.java; src/main/java/com/aetherteam/aether/client/renderer/entity/model/ValkyrieWingsModel.java; src/main/java/com/aetherteam/aether/client/renderer/entity/ValkyrieQueenRenderer.java; src/main/resources/assets/aether/textures/entity/mobs/valkyrie_queen/valkyrie_queen.png; src/main/java/com/aetherteam/aether/client/renderer/entity/layers/ValkyrieWingsLayer.java; src/main/java/com/aetherteam/aether/client/renderer/AetherRenderers.java; src/main/java/com/aetherteam/aether/client/renderer/AetherModelLayers.java; output-aether/proveniencia.json,evidence-final-aether/aether-1.21.1-1.5.10-neoforge.jar::data/aether/loot_table/chests/dungeon/silver/silver_dungeon_valkyrie.json; evidence-final-aether/src/main/java/com/aetherteam/aether/entity/monster/dungeon/boss/ValkyrieQueen.java; evidence-final-aether/src/main/java/com/aetherteam/aether/item/AetherItems.java; registros-usos-itens.json#aether:valkyrie_leggings,Não aplicável: uso direto ou nenhuma receita identificada na build
Valkyrie Queen,The Aether,Chefe de encontro; alvos: Player,"Silver Dungeon, arena da rainha.",Baú de recompensa da dungeon,aether:valkyrie_boots,1,"Tesouro de silver; baú pré-gerado/trancado, desbloqueável pela Dungeon Key correspondente após combate. Independente dos drops físicos de morte; subtables/config respeitados.; pool2: 2–3 sorteio(s); reposição se múltiplos rolls; peso bruto 1/1; normaliza apenas entradas elegíveis; pool1: 1 sorteio(s); reposição se múltiplos rolls; peso bruto 8/16; normaliza apenas entradas elegíveis; pool1: 1 sorteio(s); reposição se múltiplos rolls; peso bruto 4/34; normaliza apenas entradas elegíveis","Equipamento vestível; slot/material/durabilidade confirmados no registro: public static final DeferredItem<Item> VALKYRIE_BOOTS = ITEMS.register(""valkyrie_boots"", () -> new ArmorItem(AetherArmorMaterials.VALKYRIE, ArmorItem.Type.BOOTS, new Item.Properties().durability(ArmorItem.Type.BOOTS.getDurability(33)).rarity(AETHER_LOOT)));",Alta no recurso/registro/classe citados; condições efetivas do pack não confirmadas,/images/bestiary/audited/aether/valkyrie-queen.png,src/main/java/com/aetherteam/aether/client/renderer/entity/model/ValkyrieModel.java; src/main/java/com/aetherteam/aether/client/renderer/entity/model/ValkyrieWingsModel.java; src/main/java/com/aetherteam/aether/client/renderer/entity/ValkyrieQueenRenderer.java; src/main/resources/assets/aether/textures/entity/mobs/valkyrie_queen/valkyrie_queen.png; src/main/java/com/aetherteam/aether/client/renderer/entity/layers/ValkyrieWingsLayer.java; src/main/java/com/aetherteam/aether/client/renderer/AetherRenderers.java; src/main/java/com/aetherteam/aether/client/renderer/AetherModelLayers.java; output-aether/proveniencia.json,evidence-final-aether/aether-1.21.1-1.5.10-neoforge.jar::data/aether/loot_table/chests/dungeon/silver/silver_dungeon_valkyrie.json; evidence-final-aether/src/main/java/com/aetherteam/aether/entity/monster/dungeon/boss/ValkyrieQueen.java; evidence-final-aether/src/main/java/com/aetherteam/aether/item/AetherItems.java; registros-usos-itens.json#aether:valkyrie_boots,Não aplicável: uso direto ou nenhuma receita identificada na build
Valkyrie Queen,The Aether,Chefe de encontro; alvos: Player,"Silver Dungeon, arena da rainha.",Baú de recompensa da dungeon,aether:valkyrie_gloves,1,"Tesouro de silver; baú pré-gerado/trancado, desbloqueável pela Dungeon Key correspondente após combate. Independente dos drops físicos de morte; subtables/config respeitados.; pool2: 2–3 sorteio(s); reposição se múltiplos rolls; peso bruto 1/1; normaliza apenas entradas elegíveis; pool1: 1 sorteio(s); reposição se múltiplos rolls; peso bruto 8/16; normaliza apenas entradas elegíveis; pool1: 1 sorteio(s); reposição se múltiplos rolls; peso bruto 4/34; normaliza apenas entradas elegíveis","Equipamento vestível; slot/material/durabilidade confirmados no registro: public static final DeferredItem<Item> VALKYRIE_GLOVES = ITEMS.register(""valkyrie_gloves"", () -> new GlovesItem(AetherArmorMaterials.VALKYRIE, 1.0, ""valkyrie_gloves"", AetherSoundEvents.ITEM_ARMOR_EQUIP_VALKYRIE, new Item.Properties().stacksTo(1).rarity(AETHER_LOOT).durability(1561)));",Alta no recurso/registro/classe citados; condições efetivas do pack não confirmadas,/images/bestiary/audited/aether/valkyrie-queen.png,src/main/java/com/aetherteam/aether/client/renderer/entity/model/ValkyrieModel.java; src/main/java/com/aetherteam/aether/client/renderer/entity/model/ValkyrieWingsModel.java; src/main/java/com/aetherteam/aether/client/renderer/entity/ValkyrieQueenRenderer.java; src/main/resources/assets/aether/textures/entity/mobs/valkyrie_queen/valkyrie_queen.png; src/main/java/com/aetherteam/aether/client/renderer/entity/layers/ValkyrieWingsLayer.java; src/main/java/com/aetherteam/aether/client/renderer/AetherRenderers.java; src/main/java/com/aetherteam/aether/client/renderer/AetherModelLayers.java; output-aether/proveniencia.json,evidence-final-aether/aether-1.21.1-1.5.10-neoforge.jar::data/aether/loot_table/chests/dungeon/silver/silver_dungeon_valkyrie.json; evidence-final-aether/src/main/java/com/aetherteam/aether/entity/monster/dungeon/boss/ValkyrieQueen.java; evidence-final-aether/src/main/java/com/aetherteam/aether/item/AetherItems.java; registros-usos-itens.json#aether:valkyrie_gloves,Não aplicável: uso direto ou nenhuma receita identificada na build
Valkyrie Queen,The Aether,Chefe de encontro; alvos: Player,"Silver Dungeon, arena da rainha.",Baú de recompensa da dungeon,aether:valkyrie_pickaxe,1,"Tesouro de silver; baú pré-gerado/trancado, desbloqueável pela Dungeon Key correspondente após combate. Independente dos drops físicos de morte; subtables/config respeitados.; pool2: 2–3 sorteio(s); reposição se múltiplos rolls; peso bruto 1/1; normaliza apenas entradas elegíveis; pool1: 1 sorteio(s); reposição se múltiplos rolls; peso bruto 8/16; normaliza apenas entradas elegíveis; pool1: 1 sorteio(s); reposição se múltiplos rolls; peso bruto 3/34; normaliza apenas entradas elegíveis",Ferramenta de coleta/trabalho da classe ValkyriePickaxeItem; propriedades originais no registro/classe,Alta no recurso/registro/classe citados; condições efetivas do pack não confirmadas,/images/bestiary/audited/aether/valkyrie-queen.png,src/main/java/com/aetherteam/aether/client/renderer/entity/model/ValkyrieModel.java; src/main/java/com/aetherteam/aether/client/renderer/entity/model/ValkyrieWingsModel.java; src/main/java/com/aetherteam/aether/client/renderer/entity/ValkyrieQueenRenderer.java; src/main/resources/assets/aether/textures/entity/mobs/valkyrie_queen/valkyrie_queen.png; src/main/java/com/aetherteam/aether/client/renderer/entity/layers/ValkyrieWingsLayer.java; src/main/java/com/aetherteam/aether/client/renderer/AetherRenderers.java; src/main/java/com/aetherteam/aether/client/renderer/AetherModelLayers.java; output-aether/proveniencia.json,evidence-final-aether/aether-1.21.1-1.5.10-neoforge.jar::data/aether/loot_table/chests/dungeon/silver/silver_dungeon_valkyrie.json; evidence-final-aether/src/main/java/com/aetherteam/aether/entity/monster/dungeon/boss/ValkyrieQueen.java; evidence-final-aether/src/main/java/com/aetherteam/aether/item/AetherItems.java; registros-usos-itens.json#aether:valkyrie_pickaxe,Não aplicável: uso direto ou nenhuma receita identificada na build
Valkyrie Queen,The Aether,Chefe de encontro; alvos: Player,"Silver Dungeon, arena da rainha.",Baú de recompensa da dungeon,aether:valkyrie_axe,1,"Tesouro de silver; baú pré-gerado/trancado, desbloqueável pela Dungeon Key correspondente após combate. Independente dos drops físicos de morte; subtables/config respeitados.; pool2: 2–3 sorteio(s); reposição se múltiplos rolls; peso bruto 1/1; normaliza apenas entradas elegíveis; pool1: 1 sorteio(s); reposição se múltiplos rolls; peso bruto 8/16; normaliza apenas entradas elegíveis; pool1: 1 sorteio(s); reposição se múltiplos rolls; peso bruto 3/34; normaliza apenas entradas elegíveis",Ferramenta de coleta/trabalho da classe ValkyrieAxeItem; propriedades originais no registro/classe,Alta no recurso/registro/classe citados; condições efetivas do pack não confirmadas,/images/bestiary/audited/aether/valkyrie-queen.png,src/main/java/com/aetherteam/aether/client/renderer/entity/model/ValkyrieModel.java; src/main/java/com/aetherteam/aether/client/renderer/entity/model/ValkyrieWingsModel.java; src/main/java/com/aetherteam/aether/client/renderer/entity/ValkyrieQueenRenderer.java; src/main/resources/assets/aether/textures/entity/mobs/valkyrie_queen/valkyrie_queen.png; src/main/java/com/aetherteam/aether/client/renderer/entity/layers/ValkyrieWingsLayer.java; src/main/java/com/aetherteam/aether/client/renderer/AetherRenderers.java; src/main/java/com/aetherteam/aether/client/renderer/AetherModelLayers.java; output-aether/proveniencia.json,evidence-final-aether/aether-1.21.1-1.5.10-neoforge.jar::data/aether/loot_table/chests/dungeon/silver/silver_dungeon_valkyrie.json; evidence-final-aether/src/main/java/com/aetherteam/aether/entity/monster/dungeon/boss/ValkyrieQueen.java; evidence-final-aether/src/main/java/com/aetherteam/aether/item/AetherItems.java; registros-usos-itens.json#aether:valkyrie_axe,Não aplicável: uso direto ou nenhuma receita identificada na build
Valkyrie Queen,The Aether,Chefe de encontro; alvos: Player,"Silver Dungeon, arena da rainha.",Baú de recompensa da dungeon,aether:valkyrie_shovel,1,"Tesouro de silver; baú pré-gerado/trancado, desbloqueável pela Dungeon Key correspondente após combate. Independente dos drops físicos de morte; subtables/config respeitados.; pool2: 2–3 sorteio(s); reposição se múltiplos rolls; peso bruto 1/1; normaliza apenas entradas elegíveis; pool1: 1 sorteio(s); reposição se múltiplos rolls; peso bruto 8/16; normaliza apenas entradas elegíveis; pool1: 1 sorteio(s); reposição se múltiplos rolls; peso bruto 3/34; normaliza apenas entradas elegíveis",Ferramenta de coleta/trabalho da classe ValkyrieShovelItem; propriedades originais no registro/classe,Alta no recurso/registro/classe citados; condições efetivas do pack não confirmadas,/images/bestiary/audited/aether/valkyrie-queen.png,src/main/java/com/aetherteam/aether/client/renderer/entity/model/ValkyrieModel.java; src/main/java/com/aetherteam/aether/client/renderer/entity/model/ValkyrieWingsModel.java; src/main/java/com/aetherteam/aether/client/renderer/entity/ValkyrieQueenRenderer.java; src/main/resources/assets/aether/textures/entity/mobs/valkyrie_queen/valkyrie_queen.png; src/main/java/com/aetherteam/aether/client/renderer/entity/layers/ValkyrieWingsLayer.java; src/main/java/com/aetherteam/aether/client/renderer/AetherRenderers.java; src/main/java/com/aetherteam/aether/client/renderer/AetherModelLayers.java; output-aether/proveniencia.json,evidence-final-aether/aether-1.21.1-1.5.10-neoforge.jar::data/aether/loot_table/chests/dungeon/silver/silver_dungeon_valkyrie.json; evidence-final-aether/src/main/java/com/aetherteam/aether/entity/monster/dungeon/boss/ValkyrieQueen.java; evidence-final-aether/src/main/java/com/aetherteam/aether/item/AetherItems.java; registros-usos-itens.json#aether:valkyrie_shovel,Não aplicável: uso direto ou nenhuma receita identificada na build
Valkyrie Queen,The Aether,Chefe de encontro; alvos: Player,"Silver Dungeon, arena da rainha.",Baú de recompensa da dungeon,aether:valkyrie_hoe,1,"Tesouro de silver; baú pré-gerado/trancado, desbloqueável pela Dungeon Key correspondente após combate. Independente dos drops físicos de morte; subtables/config respeitados.; pool2: 2–3 sorteio(s); reposição se múltiplos rolls; peso bruto 1/1; normaliza apenas entradas elegíveis; pool1: 1 sorteio(s); reposição se múltiplos rolls; peso bruto 8/16; normaliza apenas entradas elegíveis; pool1: 1 sorteio(s); reposição se múltiplos rolls; peso bruto 2/34; normaliza apenas entradas elegíveis",Ferramenta de coleta/trabalho da classe ValkyrieHoeItem; propriedades originais no registro/classe,Alta no recurso/registro/classe citados; condições efetivas do pack não confirmadas,/images/bestiary/audited/aether/valkyrie-queen.png,src/main/java/com/aetherteam/aether/client/renderer/entity/model/ValkyrieModel.java; src/main/java/com/aetherteam/aether/client/renderer/entity/model/ValkyrieWingsModel.java; src/main/java/com/aetherteam/aether/client/renderer/entity/ValkyrieQueenRenderer.java; src/main/resources/assets/aether/textures/entity/mobs/valkyrie_queen/valkyrie_queen.png; src/main/java/com/aetherteam/aether/client/renderer/entity/layers/ValkyrieWingsLayer.java; src/main/java/com/aetherteam/aether/client/renderer/AetherRenderers.java; src/main/java/com/aetherteam/aether/client/renderer/AetherModelLayers.java; output-aether/proveniencia.json,evidence-final-aether/aether-1.21.1-1.5.10-neoforge.jar::data/aether/loot_table/chests/dungeon/silver/silver_dungeon_valkyrie.json; evidence-final-aether/src/main/java/com/aetherteam/aether/entity/monster/dungeon/boss/ValkyrieQueen.java; evidence-final-aether/src/main/java/com/aetherteam/aether/item/AetherItems.java; registros-usos-itens.json#aether:valkyrie_hoe,Não aplicável: uso direto ou nenhuma receita identificada na build
Valkyrie Queen,The Aether,Chefe de encontro; alvos: Player,"Silver Dungeon, arena da rainha.",Baú de recompensa da dungeon,aether:lightning_sword,1,"Tesouro de silver; baú pré-gerado/trancado, desbloqueável pela Dungeon Key correspondente após combate. Independente dos drops físicos de morte; subtables/config respeitados.; pool2: 2–3 sorteio(s); reposição se múltiplos rolls; peso bruto 1/1; normaliza apenas entradas elegíveis; pool1: 1 sorteio(s); reposição se múltiplos rolls; peso bruto 2/16; normaliza apenas entradas elegíveis","Arma/projétil conforme classe LightningSwordItem; uso, dano e efeitos definidos na classe original citada no apêndice de usos",Alta no recurso/registro/classe citados; condições efetivas do pack não confirmadas,/images/bestiary/audited/aether/valkyrie-queen.png,src/main/java/com/aetherteam/aether/client/renderer/entity/model/ValkyrieModel.java; src/main/java/com/aetherteam/aether/client/renderer/entity/model/ValkyrieWingsModel.java; src/main/java/com/aetherteam/aether/client/renderer/entity/ValkyrieQueenRenderer.java; src/main/resources/assets/aether/textures/entity/mobs/valkyrie_queen/valkyrie_queen.png; src/main/java/com/aetherteam/aether/client/renderer/entity/layers/ValkyrieWingsLayer.java; src/main/java/com/aetherteam/aether/client/renderer/AetherRenderers.java; src/main/java/com/aetherteam/aether/client/renderer/AetherModelLayers.java; output-aether/proveniencia.json,evidence-final-aether/aether-1.21.1-1.5.10-neoforge.jar::data/aether/loot_table/chests/dungeon/silver/silver_dungeon_treasure.json; evidence-final-aether/src/main/java/com/aetherteam/aether/entity/monster/dungeon/boss/ValkyrieQueen.java; evidence-final-aether/src/main/java/com/aetherteam/aether/item/AetherItems.java; registros-usos-itens.json#aether:lightning_sword,Não aplicável: uso direto ou nenhuma receita identificada na build
Valkyrie Queen,The Aether,Chefe de encontro; alvos: Player,"Silver Dungeon, arena da rainha.",Baú de recompensa da dungeon,aether:holy_sword,1,"Tesouro de silver; baú pré-gerado/trancado, desbloqueável pela Dungeon Key correspondente após combate. Independente dos drops físicos de morte; subtables/config respeitados.; pool2: 2–3 sorteio(s); reposição se múltiplos rolls; peso bruto 1/1; normaliza apenas entradas elegíveis; pool1: 1 sorteio(s); reposição se múltiplos rolls; peso bruto 2/16; normaliza apenas entradas elegíveis","Arma/projétil conforme classe HolySwordItem; uso, dano e efeitos definidos na classe original citada no apêndice de usos",Alta no recurso/registro/classe citados; condições efetivas do pack não confirmadas,/images/bestiary/audited/aether/valkyrie-queen.png,src/main/java/com/aetherteam/aether/client/renderer/entity/model/ValkyrieModel.java; src/main/java/com/aetherteam/aether/client/renderer/entity/model/ValkyrieWingsModel.java; src/main/java/com/aetherteam/aether/client/renderer/entity/ValkyrieQueenRenderer.java; src/main/resources/assets/aether/textures/entity/mobs/valkyrie_queen/valkyrie_queen.png; src/main/java/com/aetherteam/aether/client/renderer/entity/layers/ValkyrieWingsLayer.java; src/main/java/com/aetherteam/aether/client/renderer/AetherRenderers.java; src/main/java/com/aetherteam/aether/client/renderer/AetherModelLayers.java; output-aether/proveniencia.json,evidence-final-aether/aether-1.21.1-1.5.10-neoforge.jar::data/aether/loot_table/chests/dungeon/silver/silver_dungeon_treasure.json; evidence-final-aether/src/main/java/com/aetherteam/aether/entity/monster/dungeon/boss/ValkyrieQueen.java; evidence-final-aether/src/main/java/com/aetherteam/aether/item/AetherItems.java; registros-usos-itens.json#aether:holy_sword,Não aplicável: uso direto ou nenhuma receita identificada na build
Valkyrie Queen,The Aether,Chefe de encontro; alvos: Player,"Silver Dungeon, arena da rainha.",Baú de recompensa da dungeon,aether:invisibility_cloak,1,"Tesouro de silver; baú pré-gerado/trancado, desbloqueável pela Dungeon Key correspondente após combate. Independente dos drops físicos de morte; subtables/config respeitados.; pool2: 2–3 sorteio(s); reposição se múltiplos rolls; peso bruto 1/1; normaliza apenas entradas elegíveis; pool1: 1 sorteio(s); reposição se múltiplos rolls; peso bruto 1/16; normaliza apenas entradas elegíveis","Acessório equipável da classe InvisibilityCloakItem; capacidade/slot definidos na classe versionada citada, efeito não inferido de nome",Alta no recurso/registro/classe citados; condições efetivas do pack não confirmadas,/images/bestiary/audited/aether/valkyrie-queen.png,src/main/java/com/aetherteam/aether/client/renderer/entity/model/ValkyrieModel.java; src/main/java/com/aetherteam/aether/client/renderer/entity/model/ValkyrieWingsModel.java; src/main/java/com/aetherteam/aether/client/renderer/entity/ValkyrieQueenRenderer.java; src/main/resources/assets/aether/textures/entity/mobs/valkyrie_queen/valkyrie_queen.png; src/main/java/com/aetherteam/aether/client/renderer/entity/layers/ValkyrieWingsLayer.java; src/main/java/com/aetherteam/aether/client/renderer/AetherRenderers.java; src/main/java/com/aetherteam/aether/client/renderer/AetherModelLayers.java; output-aether/proveniencia.json,evidence-final-aether/aether-1.21.1-1.5.10-neoforge.jar::data/aether/loot_table/chests/dungeon/silver/silver_dungeon_treasure.json; evidence-final-aether/src/main/java/com/aetherteam/aether/entity/monster/dungeon/boss/ValkyrieQueen.java; evidence-final-aether/src/main/java/com/aetherteam/aether/item/AetherItems.java; registros-usos-itens.json#aether:invisibility_cloak,Não aplicável: uso direto ou nenhuma receita identificada na build
Valkyrie Queen,The Aether,Chefe de encontro; alvos: Player,"Silver Dungeon, arena da rainha.",Baú de recompensa da dungeon,aether:regeneration_stone,1,"Tesouro de silver; baú pré-gerado/trancado, desbloqueável pela Dungeon Key correspondente após combate. Independente dos drops físicos de morte; subtables/config respeitados.; pool2: 2–3 sorteio(s); reposição se múltiplos rolls; peso bruto 1/1; normaliza apenas entradas elegíveis; pool1: 1 sorteio(s); reposição se múltiplos rolls; peso bruto 3/16; normaliza apenas entradas elegíveis","Acessório equipável da classe RegenerationStoneItem; capacidade/slot definidos na classe versionada citada, efeito não inferido de nome",Alta no recurso/registro/classe citados; condições efetivas do pack não confirmadas,/images/bestiary/audited/aether/valkyrie-queen.png,src/main/java/com/aetherteam/aether/client/renderer/entity/model/ValkyrieModel.java; src/main/java/com/aetherteam/aether/client/renderer/entity/model/ValkyrieWingsModel.java; src/main/java/com/aetherteam/aether/client/renderer/entity/ValkyrieQueenRenderer.java; src/main/resources/assets/aether/textures/entity/mobs/valkyrie_queen/valkyrie_queen.png; src/main/java/com/aetherteam/aether/client/renderer/entity/layers/ValkyrieWingsLayer.java; src/main/java/com/aetherteam/aether/client/renderer/AetherRenderers.java; src/main/java/com/aetherteam/aether/client/renderer/AetherModelLayers.java; output-aether/proveniencia.json,evidence-final-aether/aether-1.21.1-1.5.10-neoforge.jar::data/aether/loot_table/chests/dungeon/silver/silver_dungeon_treasure.json; evidence-final-aether/src/main/java/com/aetherteam/aether/entity/monster/dungeon/boss/ValkyrieQueen.java; evidence-final-aether/src/main/java/com/aetherteam/aether/item/AetherItems.java; registros-usos-itens.json#aether:regeneration_stone,Não aplicável: uso direto ou nenhuma receita identificada na build
Valkyrie Queen,The Aether,Chefe de encontro; alvos: Player,"Silver Dungeon, arena da rainha.",Baú de recompensa da dungeon,aether:blue_gummy_swet,1–4,"Tesouro de silver; baú pré-gerado/trancado, desbloqueável pela Dungeon Key correspondente após combate. Independente dos drops físicos de morte; subtables/config respeitados.; pool3: 2–3 sorteio(s); reposição se múltiplos rolls; peso bruto 1/1; normaliza apenas entradas elegíveis; pool1: 1–1 sorteio(s); reposição se múltiplos rolls; peso bruto 2/8; normaliza apenas entradas elegíveis; set_count","Consumir em16ticks; healing_gummy_swets=false: alimento AetherFoods.GUMMY_SWET; true: restaura até saúde máxima, apenas jogador ferido não criativo. Config efetiva não confirmada.",Alta no recurso/registro/classe citados; condições efetivas do pack não confirmadas,/images/bestiary/audited/aether/valkyrie-queen.png,src/main/java/com/aetherteam/aether/client/renderer/entity/model/ValkyrieModel.java; src/main/java/com/aetherteam/aether/client/renderer/entity/model/ValkyrieWingsModel.java; src/main/java/com/aetherteam/aether/client/renderer/entity/ValkyrieQueenRenderer.java; src/main/resources/assets/aether/textures/entity/mobs/valkyrie_queen/valkyrie_queen.png; src/main/java/com/aetherteam/aether/client/renderer/entity/layers/ValkyrieWingsLayer.java; src/main/java/com/aetherteam/aether/client/renderer/AetherRenderers.java; src/main/java/com/aetherteam/aether/client/renderer/AetherModelLayers.java; output-aether/proveniencia.json,evidence-final-aether/aether-1.21.1-1.5.10-neoforge.jar::data/aether/loot_table/chests/dungeon/silver/silver_dungeon_gummies.json; evidence-final-aether/src/main/java/com/aetherteam/aether/entity/monster/dungeon/boss/ValkyrieQueen.java; evidence-final-aether/src/main/java/com/aetherteam/aether/item/AetherItems.java; registros-usos-itens.json#aether:blue_gummy_swet,Não aplicável: uso direto ou nenhuma receita identificada na build
Valkyrie Queen,The Aether,Chefe de encontro; alvos: Player,"Silver Dungeon, arena da rainha.",Baú de recompensa da dungeon,aether:golden_gummy_swet,1–4,"Tesouro de silver; baú pré-gerado/trancado, desbloqueável pela Dungeon Key correspondente após combate. Independente dos drops físicos de morte; subtables/config respeitados.; pool3: 2–3 sorteio(s); reposição se múltiplos rolls; peso bruto 1/1; normaliza apenas entradas elegíveis; pool1: 1–1 sorteio(s); reposição se múltiplos rolls; peso bruto 6/8; normaliza apenas entradas elegíveis; set_count","Mesmo GummySwetItem: alimento ou cura até saúde máxima conforme healing_gummy_swets; consumo16ticks, condições na classe.",Alta no recurso/registro/classe citados; condições efetivas do pack não confirmadas,/images/bestiary/audited/aether/valkyrie-queen.png,src/main/java/com/aetherteam/aether/client/renderer/entity/model/ValkyrieModel.java; src/main/java/com/aetherteam/aether/client/renderer/entity/model/ValkyrieWingsModel.java; src/main/java/com/aetherteam/aether/client/renderer/entity/ValkyrieQueenRenderer.java; src/main/resources/assets/aether/textures/entity/mobs/valkyrie_queen/valkyrie_queen.png; src/main/java/com/aetherteam/aether/client/renderer/entity/layers/ValkyrieWingsLayer.java; src/main/java/com/aetherteam/aether/client/renderer/AetherRenderers.java; src/main/java/com/aetherteam/aether/client/renderer/AetherModelLayers.java; output-aether/proveniencia.json,evidence-final-aether/aether-1.21.1-1.5.10-neoforge.jar::data/aether/loot_table/chests/dungeon/silver/silver_dungeon_gummies.json; evidence-final-aether/src/main/java/com/aetherteam/aether/entity/monster/dungeon/boss/ValkyrieQueen.java; evidence-final-aether/src/main/java/com/aetherteam/aether/item/AetherItems.java; registros-usos-itens.json#aether:golden_gummy_swet,Não aplicável: uso direto ou nenhuma receita identificada na build
Valkyrie Queen,The Aether,Chefe de encontro; alvos: Player,"Silver Dungeon, arena da rainha.",Baú de recompensa da dungeon,aether:lightning_sword,1,"Tesouro de silver; baú pré-gerado/trancado, desbloqueável pela Dungeon Key correspondente após combate. Independente dos drops físicos de morte; subtables/config respeitados.; pool4: 6–10 sorteio(s); reposição se múltiplos rolls; peso bruto 4/90; normaliza apenas entradas elegíveis","Arma/projétil conforme classe LightningSwordItem; uso, dano e efeitos definidos na classe original citada no apêndice de usos",Alta no recurso/registro/classe citados; condições efetivas do pack não confirmadas,/images/bestiary/audited/aether/valkyrie-queen.png,src/main/java/com/aetherteam/aether/client/renderer/entity/model/ValkyrieModel.java; src/main/java/com/aetherteam/aether/client/renderer/entity/model/ValkyrieWingsModel.java; src/main/java/com/aetherteam/aether/client/renderer/entity/ValkyrieQueenRenderer.java; src/main/resources/assets/aether/textures/entity/mobs/valkyrie_queen/valkyrie_queen.png; src/main/java/com/aetherteam/aether/client/renderer/entity/layers/ValkyrieWingsLayer.java; src/main/java/com/aetherteam/aether/client/renderer/AetherRenderers.java; src/main/java/com/aetherteam/aether/client/renderer/AetherModelLayers.java; output-aether/proveniencia.json,evidence-final-aether/aether-1.21.1-1.5.10-neoforge.jar::data/aether/loot_table/chests/dungeon/silver/silver_dungeon_reward.json; evidence-final-aether/src/main/java/com/aetherteam/aether/entity/monster/dungeon/boss/ValkyrieQueen.java; evidence-final-aether/src/main/java/com/aetherteam/aether/item/AetherItems.java; registros-usos-itens.json#aether:lightning_sword,Não aplicável: uso direto ou nenhuma receita identificada na build
Valkyrie Queen,The Aether,Chefe de encontro; alvos: Player,"Silver Dungeon, arena da rainha.",Baú de recompensa da dungeon,aether:holy_sword,1,"Tesouro de silver; baú pré-gerado/trancado, desbloqueável pela Dungeon Key correspondente após combate. Independente dos drops físicos de morte; subtables/config respeitados.; pool4: 6–10 sorteio(s); reposição se múltiplos rolls; peso bruto 4/90; normaliza apenas entradas elegíveis","Arma/projétil conforme classe HolySwordItem; uso, dano e efeitos definidos na classe original citada no apêndice de usos",Alta no recurso/registro/classe citados; condições efetivas do pack não confirmadas,/images/bestiary/audited/aether/valkyrie-queen.png,src/main/java/com/aetherteam/aether/client/renderer/entity/model/ValkyrieModel.java; src/main/java/com/aetherteam/aether/client/renderer/entity/model/ValkyrieWingsModel.java; src/main/java/com/aetherteam/aether/client/renderer/entity/ValkyrieQueenRenderer.java; src/main/resources/assets/aether/textures/entity/mobs/valkyrie_queen/valkyrie_queen.png; src/main/java/com/aetherteam/aether/client/renderer/entity/layers/ValkyrieWingsLayer.java; src/main/java/com/aetherteam/aether/client/renderer/AetherRenderers.java; src/main/java/com/aetherteam/aether/client/renderer/AetherModelLayers.java; output-aether/proveniencia.json,evidence-final-aether/aether-1.21.1-1.5.10-neoforge.jar::data/aether/loot_table/chests/dungeon/silver/silver_dungeon_reward.json; evidence-final-aether/src/main/java/com/aetherteam/aether/entity/monster/dungeon/boss/ValkyrieQueen.java; evidence-final-aether/src/main/java/com/aetherteam/aether/item/AetherItems.java; registros-usos-itens.json#aether:holy_sword,Não aplicável: uso direto ou nenhuma receita identificada na build
Valkyrie Queen,The Aether,Chefe de encontro; alvos: Player,"Silver Dungeon, arena da rainha.",Baú de recompensa da dungeon,aether:invisibility_cloak,1,"Tesouro de silver; baú pré-gerado/trancado, desbloqueável pela Dungeon Key correspondente após combate. Independente dos drops físicos de morte; subtables/config respeitados.; pool4: 6–10 sorteio(s); reposição se múltiplos rolls; peso bruto 6/90; normaliza apenas entradas elegíveis","Acessório equipável da classe InvisibilityCloakItem; capacidade/slot definidos na classe versionada citada, efeito não inferido de nome",Alta no recurso/registro/classe citados; condições efetivas do pack não confirmadas,/images/bestiary/audited/aether/valkyrie-queen.png,src/main/java/com/aetherteam/aether/client/renderer/entity/model/ValkyrieModel.java; src/main/java/com/aetherteam/aether/client/renderer/entity/model/ValkyrieWingsModel.java; src/main/java/com/aetherteam/aether/client/renderer/entity/ValkyrieQueenRenderer.java; src/main/resources/assets/aether/textures/entity/mobs/valkyrie_queen/valkyrie_queen.png; src/main/java/com/aetherteam/aether/client/renderer/entity/layers/ValkyrieWingsLayer.java; src/main/java/com/aetherteam/aether/client/renderer/AetherRenderers.java; src/main/java/com/aetherteam/aether/client/renderer/AetherModelLayers.java; output-aether/proveniencia.json,evidence-final-aether/aether-1.21.1-1.5.10-neoforge.jar::data/aether/loot_table/chests/dungeon/silver/silver_dungeon_reward.json; evidence-final-aether/src/main/java/com/aetherteam/aether/entity/monster/dungeon/boss/ValkyrieQueen.java; evidence-final-aether/src/main/java/com/aetherteam/aether/item/AetherItems.java; registros-usos-itens.json#aether:invisibility_cloak,Não aplicável: uso direto ou nenhuma receita identificada na build
Valkyrie Queen,The Aether,Chefe de encontro; alvos: Player,"Silver Dungeon, arena da rainha.",Baú de recompensa da dungeon,aether:gravitite_sword,1,"Tesouro de silver; baú pré-gerado/trancado, desbloqueável pela Dungeon Key correspondente após combate. Independente dos drops físicos de morte; subtables/config respeitados.; pool4: 6–10 sorteio(s); reposição se múltiplos rolls; peso bruto 3/90; normaliza apenas entradas elegíveis; pool1: 1 sorteio(s); reposição se múltiplos rolls; peso bruto 3/30; normaliza apenas entradas elegíveis",Ingrediente nas receitas auditadas: gravitite_sword_repairing,Alta nos arquivos versionados; configurações/datapacks externos não confirmados,/images/bestiary/audited/aether/valkyrie-queen.png,src/main/java/com/aetherteam/aether/client/renderer/entity/model/ValkyrieModel.java; src/main/java/com/aetherteam/aether/client/renderer/entity/model/ValkyrieWingsModel.java; src/main/java/com/aetherteam/aether/client/renderer/entity/ValkyrieQueenRenderer.java; src/main/resources/assets/aether/textures/entity/mobs/valkyrie_queen/valkyrie_queen.png; src/main/java/com/aetherteam/aether/client/renderer/entity/layers/ValkyrieWingsLayer.java; src/main/java/com/aetherteam/aether/client/renderer/AetherRenderers.java; src/main/java/com/aetherteam/aether/client/renderer/AetherModelLayers.java; output-aether/proveniencia.json,evidence-final-aether/aether-1.21.1-1.5.10-neoforge.jar::data/aether/loot_table/chests/dungeon/silver/silver_dungeon_gravitite.json; evidence-final-aether/src/main/java/com/aetherteam/aether/entity/monster/dungeon/boss/ValkyrieQueen.java; evidence-final-aether/src/main/java/com/aetherteam/aether/item/AetherItems.java; registros-usos-itens.json#aether:gravitite_sword,/bestiary/receitas/aether.html#receita-gravitite-sword-repairing | [Receita gravitite_sword_repairing](lote-final-2026-10-06/aether-cards-2026-10-06.md#receita-gravitite-sword-repairing) — data/aether/recipe/gravitite_sword_repairing.json
Valkyrie Queen,The Aether,Chefe de encontro; alvos: Player,"Silver Dungeon, arena da rainha.",Baú de recompensa da dungeon,aether:gravitite_axe,1,"Tesouro de silver; baú pré-gerado/trancado, desbloqueável pela Dungeon Key correspondente após combate. Independente dos drops físicos de morte; subtables/config respeitados.; pool4: 6–10 sorteio(s); reposição se múltiplos rolls; peso bruto 3/90; normaliza apenas entradas elegíveis; pool1: 1 sorteio(s); reposição se múltiplos rolls; peso bruto 3/30; normaliza apenas entradas elegíveis",Ingrediente nas receitas auditadas: gravitite_axe_repairing,Alta nos arquivos versionados; configurações/datapacks externos não confirmados,/images/bestiary/audited/aether/valkyrie-queen.png,src/main/java/com/aetherteam/aether/client/renderer/entity/model/ValkyrieModel.java; src/main/java/com/aetherteam/aether/client/renderer/entity/model/ValkyrieWingsModel.java; src/main/java/com/aetherteam/aether/client/renderer/entity/ValkyrieQueenRenderer.java; src/main/resources/assets/aether/textures/entity/mobs/valkyrie_queen/valkyrie_queen.png; src/main/java/com/aetherteam/aether/client/renderer/entity/layers/ValkyrieWingsLayer.java; src/main/java/com/aetherteam/aether/client/renderer/AetherRenderers.java; src/main/java/com/aetherteam/aether/client/renderer/AetherModelLayers.java; output-aether/proveniencia.json,evidence-final-aether/aether-1.21.1-1.5.10-neoforge.jar::data/aether/loot_table/chests/dungeon/silver/silver_dungeon_gravitite.json; evidence-final-aether/src/main/java/com/aetherteam/aether/entity/monster/dungeon/boss/ValkyrieQueen.java; evidence-final-aether/src/main/java/com/aetherteam/aether/item/AetherItems.java; registros-usos-itens.json#aether:gravitite_axe,/bestiary/receitas/aether.html#receita-gravitite-axe-repairing | [Receita gravitite_axe_repairing](lote-final-2026-10-06/aether-cards-2026-10-06.md#receita-gravitite-axe-repairing) — data/aether/recipe/gravitite_axe_repairing.json
Valkyrie Queen,The Aether,Chefe de encontro; alvos: Player,"Silver Dungeon, arena da rainha.",Baú de recompensa da dungeon,aether:gravitite_helmet,1,"Tesouro de silver; baú pré-gerado/trancado, desbloqueável pela Dungeon Key correspondente após combate. Independente dos drops físicos de morte; subtables/config respeitados.; pool4: 6–10 sorteio(s); reposição se múltiplos rolls; peso bruto 3/90; normaliza apenas entradas elegíveis; pool1: 1 sorteio(s); reposição se múltiplos rolls; peso bruto 4/30; normaliza apenas entradas elegíveis",Ingrediente nas receitas auditadas: gravitite_helmet_repairing,Alta nos arquivos versionados; configurações/datapacks externos não confirmados,/images/bestiary/audited/aether/valkyrie-queen.png,src/main/java/com/aetherteam/aether/client/renderer/entity/model/ValkyrieModel.java; src/main/java/com/aetherteam/aether/client/renderer/entity/model/ValkyrieWingsModel.java; src/main/java/com/aetherteam/aether/client/renderer/entity/ValkyrieQueenRenderer.java; src/main/resources/assets/aether/textures/entity/mobs/valkyrie_queen/valkyrie_queen.png; src/main/java/com/aetherteam/aether/client/renderer/entity/layers/ValkyrieWingsLayer.java; src/main/java/com/aetherteam/aether/client/renderer/AetherRenderers.java; src/main/java/com/aetherteam/aether/client/renderer/AetherModelLayers.java; output-aether/proveniencia.json,evidence-final-aether/aether-1.21.1-1.5.10-neoforge.jar::data/aether/loot_table/chests/dungeon/silver/silver_dungeon_gravitite.json; evidence-final-aether/src/main/java/com/aetherteam/aether/entity/monster/dungeon/boss/ValkyrieQueen.java; evidence-final-aether/src/main/java/com/aetherteam/aether/item/AetherItems.java; registros-usos-itens.json#aether:gravitite_helmet,/bestiary/receitas/aether.html#receita-gravitite-helmet-repairing | [Receita gravitite_helmet_repairing](lote-final-2026-10-06/aether-cards-2026-10-06.md#receita-gravitite-helmet-repairing) — data/aether/recipe/gravitite_helmet_repairing.json
Valkyrie Queen,The Aether,Chefe de encontro; alvos: Player,"Silver Dungeon, arena da rainha.",Baú de recompensa da dungeon,aether:gravitite_chestplate,1,"Tesouro de silver; baú pré-gerado/trancado, desbloqueável pela Dungeon Key correspondente após combate. Independente dos drops físicos de morte; subtables/config respeitados.; pool4: 6–10 sorteio(s); reposição se múltiplos rolls; peso bruto 3/90; normaliza apenas entradas elegíveis; pool1: 1 sorteio(s); reposição se múltiplos rolls; peso bruto 4/30; normaliza apenas entradas elegíveis",Ingrediente nas receitas auditadas: gravitite_chestplate_repairing,Alta nos arquivos versionados; configurações/datapacks externos não confirmados,/images/bestiary/audited/aether/valkyrie-queen.png,src/main/java/com/aetherteam/aether/client/renderer/entity/model/ValkyrieModel.java; src/main/java/com/aetherteam/aether/client/renderer/entity/model/ValkyrieWingsModel.java; src/main/java/com/aetherteam/aether/client/renderer/entity/ValkyrieQueenRenderer.java; src/main/resources/assets/aether/textures/entity/mobs/valkyrie_queen/valkyrie_queen.png; src/main/java/com/aetherteam/aether/client/renderer/entity/layers/ValkyrieWingsLayer.java; src/main/java/com/aetherteam/aether/client/renderer/AetherRenderers.java; src/main/java/com/aetherteam/aether/client/renderer/AetherModelLayers.java; output-aether/proveniencia.json,evidence-final-aether/aether-1.21.1-1.5.10-neoforge.jar::data/aether/loot_table/chests/dungeon/silver/silver_dungeon_gravitite.json; evidence-final-aether/src/main/java/com/aetherteam/aether/entity/monster/dungeon/boss/ValkyrieQueen.java; evidence-final-aether/src/main/java/com/aetherteam/aether/item/AetherItems.java; registros-usos-itens.json#aether:gravitite_chestplate,/bestiary/receitas/aether.html#receita-gravitite-chestplate-repairing | [Receita gravitite_chestplate_repairing](lote-final-2026-10-06/aether-cards-2026-10-06.md#receita-gravitite-chestplate-repairing) — data/aether/recipe/gravitite_chestplate_repairing.json
Valkyrie Queen,The Aether,Chefe de encontro; alvos: Player,"Silver Dungeon, arena da rainha.",Baú de recompensa da dungeon,aether:gravitite_leggings,1,"Tesouro de silver; baú pré-gerado/trancado, desbloqueável pela Dungeon Key correspondente após combate. Independente dos drops físicos de morte; subtables/config respeitados.; pool4: 6–10 sorteio(s); reposição se múltiplos rolls; peso bruto 3/90; normaliza apenas entradas elegíveis; pool1: 1 sorteio(s); reposição se múltiplos rolls; peso bruto 4/30; normaliza apenas entradas elegíveis",Ingrediente nas receitas auditadas: gravitite_leggings_repairing,Alta nos arquivos versionados; configurações/datapacks externos não confirmados,/images/bestiary/audited/aether/valkyrie-queen.png,src/main/java/com/aetherteam/aether/client/renderer/entity/model/ValkyrieModel.java; src/main/java/com/aetherteam/aether/client/renderer/entity/model/ValkyrieWingsModel.java; src/main/java/com/aetherteam/aether/client/renderer/entity/ValkyrieQueenRenderer.java; src/main/resources/assets/aether/textures/entity/mobs/valkyrie_queen/valkyrie_queen.png; src/main/java/com/aetherteam/aether/client/renderer/entity/layers/ValkyrieWingsLayer.java; src/main/java/com/aetherteam/aether/client/renderer/AetherRenderers.java; src/main/java/com/aetherteam/aether/client/renderer/AetherModelLayers.java; output-aether/proveniencia.json,evidence-final-aether/aether-1.21.1-1.5.10-neoforge.jar::data/aether/loot_table/chests/dungeon/silver/silver_dungeon_gravitite.json; evidence-final-aether/src/main/java/com/aetherteam/aether/entity/monster/dungeon/boss/ValkyrieQueen.java; evidence-final-aether/src/main/java/com/aetherteam/aether/item/AetherItems.java; registros-usos-itens.json#aether:gravitite_leggings,/bestiary/receitas/aether.html#receita-gravitite-leggings-repairing | [Receita gravitite_leggings_repairing](lote-final-2026-10-06/aether-cards-2026-10-06.md#receita-gravitite-leggings-repairing) — data/aether/recipe/gravitite_leggings_repairing.json
Valkyrie Queen,The Aether,Chefe de encontro; alvos: Player,"Silver Dungeon, arena da rainha.",Baú de recompensa da dungeon,aether:gravitite_boots,1,"Tesouro de silver; baú pré-gerado/trancado, desbloqueável pela Dungeon Key correspondente após combate. Independente dos drops físicos de morte; subtables/config respeitados.; pool4: 6–10 sorteio(s); reposição se múltiplos rolls; peso bruto 3/90; normaliza apenas entradas elegíveis; pool1: 1 sorteio(s); reposição se múltiplos rolls; peso bruto 4/30; normaliza apenas entradas elegíveis",Ingrediente nas receitas auditadas: gravitite_boots_repairing,Alta nos arquivos versionados; configurações/datapacks externos não confirmados,/images/bestiary/audited/aether/valkyrie-queen.png,src/main/java/com/aetherteam/aether/client/renderer/entity/model/ValkyrieModel.java; src/main/java/com/aetherteam/aether/client/renderer/entity/model/ValkyrieWingsModel.java; src/main/java/com/aetherteam/aether/client/renderer/entity/ValkyrieQueenRenderer.java; src/main/resources/assets/aether/textures/entity/mobs/valkyrie_queen/valkyrie_queen.png; src/main/java/com/aetherteam/aether/client/renderer/entity/layers/ValkyrieWingsLayer.java; src/main/java/com/aetherteam/aether/client/renderer/AetherRenderers.java; src/main/java/com/aetherteam/aether/client/renderer/AetherModelLayers.java; output-aether/proveniencia.json,evidence-final-aether/aether-1.21.1-1.5.10-neoforge.jar::data/aether/loot_table/chests/dungeon/silver/silver_dungeon_gravitite.json; evidence-final-aether/src/main/java/com/aetherteam/aether/entity/monster/dungeon/boss/ValkyrieQueen.java; evidence-final-aether/src/main/java/com/aetherteam/aether/item/AetherItems.java; registros-usos-itens.json#aether:gravitite_boots,/bestiary/receitas/aether.html#receita-gravitite-boots-repairing | [Receita gravitite_boots_repairing](lote-final-2026-10-06/aether-cards-2026-10-06.md#receita-gravitite-boots-repairing) — data/aether/recipe/gravitite_boots_repairing.json
Valkyrie Queen,The Aether,Chefe de encontro; alvos: Player,"Silver Dungeon, arena da rainha.",Baú de recompensa da dungeon,aether:gravitite_gloves,1,"Tesouro de silver; baú pré-gerado/trancado, desbloqueável pela Dungeon Key correspondente após combate. Independente dos drops físicos de morte; subtables/config respeitados.; pool4: 6–10 sorteio(s); reposição se múltiplos rolls; peso bruto 3/90; normaliza apenas entradas elegíveis; pool1: 1 sorteio(s); reposição se múltiplos rolls; peso bruto 4/30; normaliza apenas entradas elegíveis",Ingrediente nas receitas auditadas: gravitite_gloves_repairing,Alta nos arquivos versionados; configurações/datapacks externos não confirmados,/images/bestiary/audited/aether/valkyrie-queen.png,src/main/java/com/aetherteam/aether/client/renderer/entity/model/ValkyrieModel.java; src/main/java/com/aetherteam/aether/client/renderer/entity/model/ValkyrieWingsModel.java; src/main/java/com/aetherteam/aether/client/renderer/entity/ValkyrieQueenRenderer.java; src/main/resources/assets/aether/textures/entity/mobs/valkyrie_queen/valkyrie_queen.png; src/main/java/com/aetherteam/aether/client/renderer/entity/layers/ValkyrieWingsLayer.java; src/main/java/com/aetherteam/aether/client/renderer/AetherRenderers.java; src/main/java/com/aetherteam/aether/client/renderer/AetherModelLayers.java; output-aether/proveniencia.json,evidence-final-aether/aether-1.21.1-1.5.10-neoforge.jar::data/aether/loot_table/chests/dungeon/silver/silver_dungeon_gravitite.json; evidence-final-aether/src/main/java/com/aetherteam/aether/entity/monster/dungeon/boss/ValkyrieQueen.java; evidence-final-aether/src/main/java/com/aetherteam/aether/item/AetherItems.java; registros-usos-itens.json#aether:gravitite_gloves,/bestiary/receitas/aether.html#receita-gravitite-gloves-repairing | [Receita gravitite_gloves_repairing](lote-final-2026-10-06/aether-cards-2026-10-06.md#receita-gravitite-gloves-repairing) — data/aether/recipe/gravitite_gloves_repairing.json
Valkyrie Queen,The Aether,Chefe de encontro; alvos: Player,"Silver Dungeon, arena da rainha.",Baú de recompensa da dungeon,aether:gravitite_pickaxe,1,"Tesouro de silver; baú pré-gerado/trancado, desbloqueável pela Dungeon Key correspondente após combate. Independente dos drops físicos de morte; subtables/config respeitados.; pool4: 6–10 sorteio(s); reposição se múltiplos rolls; peso bruto 3/90; normaliza apenas entradas elegíveis; pool1: 1 sorteio(s); reposição se múltiplos rolls; peso bruto 3/30; normaliza apenas entradas elegíveis",Ingrediente nas receitas auditadas: gravitite_pickaxe_repairing,Alta nos arquivos versionados; configurações/datapacks externos não confirmados,/images/bestiary/audited/aether/valkyrie-queen.png,src/main/java/com/aetherteam/aether/client/renderer/entity/model/ValkyrieModel.java; src/main/java/com/aetherteam/aether/client/renderer/entity/model/ValkyrieWingsModel.java; src/main/java/com/aetherteam/aether/client/renderer/entity/ValkyrieQueenRenderer.java; src/main/resources/assets/aether/textures/entity/mobs/valkyrie_queen/valkyrie_queen.png; src/main/java/com/aetherteam/aether/client/renderer/entity/layers/ValkyrieWingsLayer.java; src/main/java/com/aetherteam/aether/client/renderer/AetherRenderers.java; src/main/java/com/aetherteam/aether/client/renderer/AetherModelLayers.java; output-aether/proveniencia.json,evidence-final-aether/aether-1.21.1-1.5.10-neoforge.jar::data/aether/loot_table/chests/dungeon/silver/silver_dungeon_gravitite.json; evidence-final-aether/src/main/java/com/aetherteam/aether/entity/monster/dungeon/boss/ValkyrieQueen.java; evidence-final-aether/src/main/java/com/aetherteam/aether/item/AetherItems.java; registros-usos-itens.json#aether:gravitite_pickaxe,/bestiary/receitas/aether.html#receita-gravitite-pickaxe-repairing | [Receita gravitite_pickaxe_repairing](lote-final-2026-10-06/aether-cards-2026-10-06.md#receita-gravitite-pickaxe-repairing) — data/aether/recipe/gravitite_pickaxe_repairing.json
Valkyrie Queen,The Aether,Chefe de encontro; alvos: Player,"Silver Dungeon, arena da rainha.",Baú de recompensa da dungeon,aether:gravitite_ore,1,"Tesouro de silver; baú pré-gerado/trancado, desbloqueável pela Dungeon Key correspondente após combate. Independente dos drops físicos de morte; subtables/config respeitados.; pool4: 6–10 sorteio(s); reposição se múltiplos rolls; peso bruto 3/90; normaliza apenas entradas elegíveis; pool1: 1 sorteio(s); reposição se múltiplos rolls; peso bruto 1/30; normaliza apenas entradas elegíveis","Ingrediente nas receitas auditadas: {'count': 1, 'id': 'aether:enchanted_gravitite'}",Alta nos arquivos versionados; configurações/datapacks externos não confirmados,/images/bestiary/audited/aether/valkyrie-queen.png,src/main/java/com/aetherteam/aether/client/renderer/entity/model/ValkyrieModel.java; src/main/java/com/aetherteam/aether/client/renderer/entity/model/ValkyrieWingsModel.java; src/main/java/com/aetherteam/aether/client/renderer/entity/ValkyrieQueenRenderer.java; src/main/resources/assets/aether/textures/entity/mobs/valkyrie_queen/valkyrie_queen.png; src/main/java/com/aetherteam/aether/client/renderer/entity/layers/ValkyrieWingsLayer.java; src/main/java/com/aetherteam/aether/client/renderer/AetherRenderers.java; src/main/java/com/aetherteam/aether/client/renderer/AetherModelLayers.java; output-aether/proveniencia.json,evidence-final-aether/aether-1.21.1-1.5.10-neoforge.jar::data/aether/loot_table/chests/dungeon/silver/silver_dungeon_gravitite.json; evidence-final-aether/src/main/java/com/aetherteam/aether/entity/monster/dungeon/boss/ValkyrieQueen.java,/bestiary/receitas/aether.html#receita-enchanted-gravitite-enchanting | [Receita enchanted_gravitite_enchanting](lote-final-2026-10-06/aether-cards-2026-10-06.md#receita-enchanted-gravitite-enchanting) — data/aether/recipe/enchanted_gravitite_enchanting.json
Valkyrie Queen,The Aether,Chefe de encontro; alvos: Player,"Silver Dungeon, arena da rainha.",Baú de recompensa da dungeon,aether:enchanted_dart_shooter,1,"Tesouro de silver; baú pré-gerado/trancado, desbloqueável pela Dungeon Key correspondente após combate. Independente dos drops físicos de morte; subtables/config respeitados.; pool4: 6–10 sorteio(s); reposição se múltiplos rolls; peso bruto 8/90; normaliza apenas entradas elegíveis","Arma/projétil conforme classe DartShooterItem; uso, dano e efeitos definidos na classe original citada no apêndice de usos",Alta no recurso/registro/classe citados; condições efetivas do pack não confirmadas,/images/bestiary/audited/aether/valkyrie-queen.png,src/main/java/com/aetherteam/aether/client/renderer/entity/model/ValkyrieModel.java; src/main/java/com/aetherteam/aether/client/renderer/entity/model/ValkyrieWingsModel.java; src/main/java/com/aetherteam/aether/client/renderer/entity/ValkyrieQueenRenderer.java; src/main/resources/assets/aether/textures/entity/mobs/valkyrie_queen/valkyrie_queen.png; src/main/java/com/aetherteam/aether/client/renderer/entity/layers/ValkyrieWingsLayer.java; src/main/java/com/aetherteam/aether/client/renderer/AetherRenderers.java; src/main/java/com/aetherteam/aether/client/renderer/AetherModelLayers.java; output-aether/proveniencia.json,evidence-final-aether/aether-1.21.1-1.5.10-neoforge.jar::data/aether/loot_table/chests/dungeon/silver/silver_dungeon_reward.json; evidence-final-aether/src/main/java/com/aetherteam/aether/entity/monster/dungeon/boss/ValkyrieQueen.java; evidence-final-aether/src/main/java/com/aetherteam/aether/item/AetherItems.java; registros-usos-itens.json#aether:enchanted_dart_shooter,Não aplicável: uso direto ou nenhuma receita identificada na build
Valkyrie Queen,The Aether,Chefe de encontro; alvos: Player,"Silver Dungeon, arena da rainha.",Baú de recompensa da dungeon,aether:poison_dart_shooter,1,"Tesouro de silver; baú pré-gerado/trancado, desbloqueável pela Dungeon Key correspondente após combate. Independente dos drops físicos de morte; subtables/config respeitados.; pool4: 6–10 sorteio(s); reposição se múltiplos rolls; peso bruto 6/90; normaliza apenas entradas elegíveis",Ingrediente nas receitas auditadas: inebriation,Alta nos arquivos versionados; configurações/datapacks externos não confirmados,/images/bestiary/audited/aether/valkyrie-queen.png,src/main/java/com/aetherteam/aether/client/renderer/entity/model/ValkyrieModel.java; src/main/java/com/aetherteam/aether/client/renderer/entity/model/ValkyrieWingsModel.java; src/main/java/com/aetherteam/aether/client/renderer/entity/ValkyrieQueenRenderer.java; src/main/resources/assets/aether/textures/entity/mobs/valkyrie_queen/valkyrie_queen.png; src/main/java/com/aetherteam/aether/client/renderer/entity/layers/ValkyrieWingsLayer.java; src/main/java/com/aetherteam/aether/client/renderer/AetherRenderers.java; src/main/java/com/aetherteam/aether/client/renderer/AetherModelLayers.java; output-aether/proveniencia.json,evidence-final-aether/aether-1.21.1-1.5.10-neoforge.jar::data/aether/loot_table/chests/dungeon/silver/silver_dungeon_reward.json; evidence-final-aether/src/main/java/com/aetherteam/aether/entity/monster/dungeon/boss/ValkyrieQueen.java; evidence-final-aether/src/main/java/com/aetherteam/aether/item/AetherItems.java; registros-usos-itens.json#aether:poison_dart_shooter,/bestiary/receitas/aether.html#receita-inebriation | [Receita inebriation](lote-final-2026-10-06/aether-cards-2026-10-06.md#receita-inebriation) — data/jeed/recipe/inebriation.json
Valkyrie Queen,The Aether,Chefe de encontro; alvos: Player,"Silver Dungeon, arena da rainha.",Baú de recompensa da dungeon,minecraft:golden_sword,1,"Tesouro de silver; baú pré-gerado/trancado, desbloqueável pela Dungeon Key correspondente após combate. Independente dos drops físicos de morte; subtables/config respeitados.; pool4: 6–10 sorteio(s); reposição se múltiplos rolls; peso bruto 4/90; normaliza apenas entradas elegíveis",Ingrediente nas receitas auditadas: golden_sword_repairing,Alta nos arquivos versionados; configurações/datapacks externos não confirmados,/images/bestiary/audited/aether/valkyrie-queen.png,src/main/java/com/aetherteam/aether/client/renderer/entity/model/ValkyrieModel.java; src/main/java/com/aetherteam/aether/client/renderer/entity/model/ValkyrieWingsModel.java; src/main/java/com/aetherteam/aether/client/renderer/entity/ValkyrieQueenRenderer.java; src/main/resources/assets/aether/textures/entity/mobs/valkyrie_queen/valkyrie_queen.png; src/main/java/com/aetherteam/aether/client/renderer/entity/layers/ValkyrieWingsLayer.java; src/main/java/com/aetherteam/aether/client/renderer/AetherRenderers.java; src/main/java/com/aetherteam/aether/client/renderer/AetherModelLayers.java; output-aether/proveniencia.json,evidence-final-aether/aether-1.21.1-1.5.10-neoforge.jar::data/aether/loot_table/chests/dungeon/silver/silver_dungeon_reward.json; evidence-final-aether/src/main/java/com/aetherteam/aether/entity/monster/dungeon/boss/ValkyrieQueen.java,/bestiary/receitas/aether.html#receita-golden-sword-repairing | [Receita golden_sword_repairing](lote-final-2026-10-06/aether-cards-2026-10-06.md#receita-golden-sword-repairing) — data/aether/recipe/golden_sword_repairing.json
Valkyrie Queen,The Aether,Chefe de encontro; alvos: Player,"Silver Dungeon, arena da rainha.",Baú de recompensa da dungeon,minecraft:iron_sword,1,"Tesouro de silver; baú pré-gerado/trancado, desbloqueável pela Dungeon Key correspondente após combate. Independente dos drops físicos de morte; subtables/config respeitados.; pool4: 6–10 sorteio(s); reposição se múltiplos rolls; peso bruto 4/90; normaliza apenas entradas elegíveis",Ingrediente nas receitas auditadas: iron_sword_repairing,Alta nos arquivos versionados; configurações/datapacks externos não confirmados,/images/bestiary/audited/aether/valkyrie-queen.png,src/main/java/com/aetherteam/aether/client/renderer/entity/model/ValkyrieModel.java; src/main/java/com/aetherteam/aether/client/renderer/entity/model/ValkyrieWingsModel.java; src/main/java/com/aetherteam/aether/client/renderer/entity/ValkyrieQueenRenderer.java; src/main/resources/assets/aether/textures/entity/mobs/valkyrie_queen/valkyrie_queen.png; src/main/java/com/aetherteam/aether/client/renderer/entity/layers/ValkyrieWingsLayer.java; src/main/java/com/aetherteam/aether/client/renderer/AetherRenderers.java; src/main/java/com/aetherteam/aether/client/renderer/AetherModelLayers.java; output-aether/proveniencia.json,evidence-final-aether/aether-1.21.1-1.5.10-neoforge.jar::data/aether/loot_table/chests/dungeon/silver/silver_dungeon_reward.json; evidence-final-aether/src/main/java/com/aetherteam/aether/entity/monster/dungeon/boss/ValkyrieQueen.java,/bestiary/receitas/aether.html#receita-iron-sword-repairing | [Receita iron_sword_repairing](lote-final-2026-10-06/aether-cards-2026-10-06.md#receita-iron-sword-repairing) — data/aether/recipe/iron_sword_repairing.json
Valkyrie Queen,The Aether,Chefe de encontro; alvos: Player,"Silver Dungeon, arena da rainha.",Baú de recompensa da dungeon,minecraft:saddle,1,"Tesouro de silver; baú pré-gerado/trancado, desbloqueável pela Dungeon Key correspondente após combate. Independente dos drops físicos de morte; subtables/config respeitados.; pool4: 6–10 sorteio(s); reposição se múltiplos rolls; peso bruto 6/90; normaliza apenas entradas elegíveis",Equipar montaria compatível,Alta nos arquivos versionados; configurações/datapacks externos não confirmados,/images/bestiary/audited/aether/valkyrie-queen.png,src/main/java/com/aetherteam/aether/client/renderer/entity/model/ValkyrieModel.java; src/main/java/com/aetherteam/aether/client/renderer/entity/model/ValkyrieWingsModel.java; src/main/java/com/aetherteam/aether/client/renderer/entity/ValkyrieQueenRenderer.java; src/main/resources/assets/aether/textures/entity/mobs/valkyrie_queen/valkyrie_queen.png; src/main/java/com/aetherteam/aether/client/renderer/entity/layers/ValkyrieWingsLayer.java; src/main/java/com/aetherteam/aether/client/renderer/AetherRenderers.java; src/main/java/com/aetherteam/aether/client/renderer/AetherModelLayers.java; output-aether/proveniencia.json,evidence-final-aether/aether-1.21.1-1.5.10-neoforge.jar::data/aether/loot_table/chests/dungeon/silver/silver_dungeon_reward.json; evidence-final-aether/src/main/java/com/aetherteam/aether/entity/monster/dungeon/boss/ValkyrieQueen.java,[Receitas vanilla1.21.1](lote-final-2026-10-06/receitas-vanilla.json)
Valkyrie Queen,The Aether,Chefe de encontro; alvos: Player,"Silver Dungeon, arena da rainha.",Baú de recompensa da dungeon,aether:music_disc_aether_tune,1,"Tesouro de silver; baú pré-gerado/trancado, desbloqueável pela Dungeon Key correspondente após combate. Independente dos drops físicos de morte; subtables/config respeitados.; pool4: 6–10 sorteio(s); reposição se múltiplos rolls; peso bruto 1/90; normaliza apenas entradas elegíveis",Disco musical da build para jukebox,Alta nos arquivos versionados; configurações/datapacks externos não confirmados,/images/bestiary/audited/aether/valkyrie-queen.png,src/main/java/com/aetherteam/aether/client/renderer/entity/model/ValkyrieModel.java; src/main/java/com/aetherteam/aether/client/renderer/entity/model/ValkyrieWingsModel.java; src/main/java/com/aetherteam/aether/client/renderer/entity/ValkyrieQueenRenderer.java; src/main/resources/assets/aether/textures/entity/mobs/valkyrie_queen/valkyrie_queen.png; src/main/java/com/aetherteam/aether/client/renderer/entity/layers/ValkyrieWingsLayer.java; src/main/java/com/aetherteam/aether/client/renderer/AetherRenderers.java; src/main/java/com/aetherteam/aether/client/renderer/AetherModelLayers.java; output-aether/proveniencia.json,evidence-final-aether/aether-1.21.1-1.5.10-neoforge.jar::data/aether/loot_table/chests/dungeon/silver/silver_dungeon_reward.json; evidence-final-aether/src/main/java/com/aetherteam/aether/entity/monster/dungeon/boss/ValkyrieQueen.java; evidence-final-aether/src/main/java/com/aetherteam/aether/item/AetherItems.java; registros-usos-itens.json#aether:music_disc_aether_tune,Não aplicável: uso direto ou nenhuma receita identificada na build
Valkyrie Queen,The Aether,Chefe de encontro; alvos: Player,"Silver Dungeon, arena da rainha.",Baú de recompensa da dungeon,aether:music_disc_ascending_dawn,1,"Tesouro de silver; baú pré-gerado/trancado, desbloqueável pela Dungeon Key correspondente após combate. Independente dos drops físicos de morte; subtables/config respeitados.; pool4: 6–10 sorteio(s); reposição se múltiplos rolls; peso bruto 1/90; normaliza apenas entradas elegíveis",Disco musical da build para jukebox,Alta nos arquivos versionados; configurações/datapacks externos não confirmados,/images/bestiary/audited/aether/valkyrie-queen.png,src/main/java/com/aetherteam/aether/client/renderer/entity/model/ValkyrieModel.java; src/main/java/com/aetherteam/aether/client/renderer/entity/model/ValkyrieWingsModel.java; src/main/java/com/aetherteam/aether/client/renderer/entity/ValkyrieQueenRenderer.java; src/main/resources/assets/aether/textures/entity/mobs/valkyrie_queen/valkyrie_queen.png; src/main/java/com/aetherteam/aether/client/renderer/entity/layers/ValkyrieWingsLayer.java; src/main/java/com/aetherteam/aether/client/renderer/AetherRenderers.java; src/main/java/com/aetherteam/aether/client/renderer/AetherModelLayers.java; output-aether/proveniencia.json,evidence-final-aether/aether-1.21.1-1.5.10-neoforge.jar::data/aether/loot_table/chests/dungeon/silver/silver_dungeon_reward.json; evidence-final-aether/src/main/java/com/aetherteam/aether/entity/monster/dungeon/boss/ValkyrieQueen.java; evidence-final-aether/src/main/java/com/aetherteam/aether/item/AetherItems.java; registros-usos-itens.json#aether:music_disc_ascending_dawn,Não aplicável: uso direto ou nenhuma receita identificada na build
Valkyrie Queen,The Aether,Chefe de encontro; alvos: Player,"Silver Dungeon, arena da rainha.",Baú de recompensa da dungeon,aether:golden_amber,1–4,"Tesouro de silver; baú pré-gerado/trancado, desbloqueável pela Dungeon Key correspondente após combate. Independente dos drops físicos de morte; subtables/config respeitados.; pool4: 6–10 sorteio(s); reposição se múltiplos rolls; peso bruto 6/90; normaliza apenas entradas elegíveis; set_count","Ingrediente nas receitas auditadas: {'count': 1, 'id': 'aether:golden_dart_shooter'}, {'count': 4, 'id': 'aether:golden_dart'}",Alta nos arquivos versionados; configurações/datapacks externos não confirmados,/images/bestiary/audited/aether/valkyrie-queen.png,src/main/java/com/aetherteam/aether/client/renderer/entity/model/ValkyrieModel.java; src/main/java/com/aetherteam/aether/client/renderer/entity/model/ValkyrieWingsModel.java; src/main/java/com/aetherteam/aether/client/renderer/entity/ValkyrieQueenRenderer.java; src/main/resources/assets/aether/textures/entity/mobs/valkyrie_queen/valkyrie_queen.png; src/main/java/com/aetherteam/aether/client/renderer/entity/layers/ValkyrieWingsLayer.java; src/main/java/com/aetherteam/aether/client/renderer/AetherRenderers.java; src/main/java/com/aetherteam/aether/client/renderer/AetherModelLayers.java; output-aether/proveniencia.json,evidence-final-aether/aether-1.21.1-1.5.10-neoforge.jar::data/aether/loot_table/chests/dungeon/silver/silver_dungeon_reward.json; evidence-final-aether/src/main/java/com/aetherteam/aether/entity/monster/dungeon/boss/ValkyrieQueen.java; evidence-final-aether/src/main/java/com/aetherteam/aether/item/AetherItems.java; registros-usos-itens.json#aether:golden_amber,/bestiary/receitas/aether.html#receita-golden-dart-shooter | [Receita golden_dart_shooter](lote-final-2026-10-06/aether-cards-2026-10-06.md#receita-golden-dart-shooter) — data/aether/recipe/golden_dart_shooter.json; [Receita golden_dart](lote-final-2026-10-06/aether-cards-2026-10-06.md#receita-golden-dart) — data/aether/recipe/golden_dart.json
Valkyrie Queen,The Aether,Chefe de encontro; alvos: Player,"Silver Dungeon, arena da rainha.",Baú de recompensa da dungeon,aether:zanite_gemstone,1–4,"Tesouro de silver; baú pré-gerado/trancado, desbloqueável pela Dungeon Key correspondente após combate. Independente dos drops físicos de morte; subtables/config respeitados.; pool4: 6–10 sorteio(s); reposição se múltiplos rolls; peso bruto 6/90; normaliza apenas entradas elegíveis; set_count","Ingrediente nas receitas auditadas: {'count': 1, 'id': 'aether:zanite_block'}",Alta nos arquivos versionados; configurações/datapacks externos não confirmados,/images/bestiary/audited/aether/valkyrie-queen.png,src/main/java/com/aetherteam/aether/client/renderer/entity/model/ValkyrieModel.java; src/main/java/com/aetherteam/aether/client/renderer/entity/model/ValkyrieWingsModel.java; src/main/java/com/aetherteam/aether/client/renderer/entity/ValkyrieQueenRenderer.java; src/main/resources/assets/aether/textures/entity/mobs/valkyrie_queen/valkyrie_queen.png; src/main/java/com/aetherteam/aether/client/renderer/entity/layers/ValkyrieWingsLayer.java; src/main/java/com/aetherteam/aether/client/renderer/AetherRenderers.java; src/main/java/com/aetherteam/aether/client/renderer/AetherModelLayers.java; output-aether/proveniencia.json,evidence-final-aether/aether-1.21.1-1.5.10-neoforge.jar::data/aether/loot_table/chests/dungeon/silver/silver_dungeon_reward.json; evidence-final-aether/src/main/java/com/aetherteam/aether/entity/monster/dungeon/boss/ValkyrieQueen.java; evidence-final-aether/src/main/java/com/aetherteam/aether/item/AetherItems.java; registros-usos-itens.json#aether:zanite_gemstone,/bestiary/receitas/aether.html#receita-zanite-pendant | [Receita zanite_pendant](lote-final-2026-10-06/aether-cards-2026-10-06.md#receita-zanite-pendant) — data/aether/recipe/zanite_pendant.json; [Receita zanite_chestplate](lote-final-2026-10-06/aether-cards-2026-10-06.md#receita-zanite-chestplate) — data/aether/recipe/zanite_chestplate.json; [Receita zanite_leggings](lote-final-2026-10-06/aether-cards-2026-10-06.md#receita-zanite-leggings) — data/aether/recipe/zanite_leggings.json; [Receita zanite_hoe](lote-final-2026-10-06/aether-cards-2026-10-06.md#receita-zanite-hoe) — data/aether/recipe/zanite_hoe.json; [Receita zanite_boots](lote-final-2026-10-06/aether-cards-2026-10-06.md#receita-zanite-boots) — data/aether/recipe/zanite_boots.json; [Receita zanite_sword](lote-final-2026-10-06/aether-cards-2026-10-06.md#receita-zanite-sword) — data/aether/recipe/zanite_sword.json; [Receita zanite_shovel](lote-final-2026-10-06/aether-cards-2026-10-06.md#receita-zanite-shovel) — data/aether/recipe/zanite_shovel.json; [Receita altar](lote-final-2026-10-06/aether-cards-2026-10-06.md#receita-altar) — data/aether/recipe/altar.json; [Receita zanite_helmet](lote-final-2026-10-06/aether-cards-2026-10-06.md#receita-zanite-helmet) — data/aether/recipe/zanite_helmet.json; [Receita zanite_ring](lote-final-2026-10-06/aether-cards-2026-10-06.md#receita-zanite-ring) — data/aether/recipe/zanite_ring.json; [Receita zanite_axe](lote-final-2026-10-06/aether-cards-2026-10-06.md#receita-zanite-axe) — data/aether/recipe/zanite_axe.json; [Receita zanite_pickaxe](lote-final-2026-10-06/aether-cards-2026-10-06.md#receita-zanite-pickaxe) — data/aether/recipe/zanite_pickaxe.json; [Receita skyroot_zanite_vanilla_shield](lote-final-2026-10-06/aether-cards-2026-10-06.md#receita-skyroot-zanite-vanilla-shield) — data/aether/recipe/skyroot_zanite_vanilla_shield.json; [Receita nature_staff](lote-final-2026-10-06/aether-cards-2026-10-06.md#receita-nature-staff) — data/aether/recipe/nature_staff.json; [Receita zanite_gloves](lote-final-2026-10-06/aether-cards-2026-10-06.md#receita-zanite-gloves) — data/aether/recipe/zanite_gloves.json; [Receita wood_zanite_vanilla_shield](lote-final-2026-10-06/aether-cards-2026-10-06.md#receita-wood-zanite-vanilla-shield) — data/aether/recipe/wood_zanite_vanilla_shield.json; [Receita zanite_block](lote-final-2026-10-06/aether-cards-2026-10-06.md#receita-zanite-block) — data/aether/recipe/zanite_block.json
Valkyrie Queen,The Aether,Chefe de encontro; alvos: Player,"Silver Dungeon, arena da rainha.",Baú de recompensa da dungeon,aether:enchanted_berry,2–8,"Tesouro de silver; baú pré-gerado/trancado, desbloqueável pela Dungeon Key correspondente após combate. Independente dos drops físicos de morte; subtables/config respeitados.; pool4: 6–10 sorteio(s); reposição se múltiplos rolls; peso bruto 8/90; normaliza apenas entradas elegíveis; set_count","Alimento registrado; efeitos/consumo conforme registro original: public static final DeferredItem<Item> ENCHANTED_BERRY = ITEMS.register(""enchanted_berry"", () -> new Item(new Item.Properties().rarity(Rarity.RARE).food(AetherFoods.ENCHANTED_BERRY)));",Alta no recurso/registro/classe citados; condições efetivas do pack não confirmadas,/images/bestiary/audited/aether/valkyrie-queen.png,src/main/java/com/aetherteam/aether/client/renderer/entity/model/ValkyrieModel.java; src/main/java/com/aetherteam/aether/client/renderer/entity/model/ValkyrieWingsModel.java; src/main/java/com/aetherteam/aether/client/renderer/entity/ValkyrieQueenRenderer.java; src/main/resources/assets/aether/textures/entity/mobs/valkyrie_queen/valkyrie_queen.png; src/main/java/com/aetherteam/aether/client/renderer/entity/layers/ValkyrieWingsLayer.java; src/main/java/com/aetherteam/aether/client/renderer/AetherRenderers.java; src/main/java/com/aetherteam/aether/client/renderer/AetherModelLayers.java; output-aether/proveniencia.json,evidence-final-aether/aether-1.21.1-1.5.10-neoforge.jar::data/aether/loot_table/chests/dungeon/silver/silver_dungeon_reward.json; evidence-final-aether/src/main/java/com/aetherteam/aether/entity/monster/dungeon/boss/ValkyrieQueen.java; evidence-final-aether/src/main/java/com/aetherteam/aether/item/AetherItems.java; registros-usos-itens.json#aether:enchanted_berry,Não aplicável: uso direto ou nenhuma receita identificada na build
Valkyrie Queen,The Aether,Chefe de encontro; alvos: Player,"Silver Dungeon, arena da rainha.",Baú de recompensa da dungeon,aether:blue_berry,2–10,"Tesouro de silver; baú pré-gerado/trancado, desbloqueável pela Dungeon Key correspondente após combate. Independente dos drops físicos de morte; subtables/config respeitados.; pool4: 6–10 sorteio(s); reposição se múltiplos rolls; peso bruto 8/90; normaliza apenas entradas elegíveis; set_count","Ingrediente nas receitas auditadas: {'count': 1, 'id': 'aether:enchanted_berry'}",Alta nos arquivos versionados; configurações/datapacks externos não confirmados,/images/bestiary/audited/aether/valkyrie-queen.png,src/main/java/com/aetherteam/aether/client/renderer/entity/model/ValkyrieModel.java; src/main/java/com/aetherteam/aether/client/renderer/entity/model/ValkyrieWingsModel.java; src/main/java/com/aetherteam/aether/client/renderer/entity/ValkyrieQueenRenderer.java; src/main/resources/assets/aether/textures/entity/mobs/valkyrie_queen/valkyrie_queen.png; src/main/java/com/aetherteam/aether/client/renderer/entity/layers/ValkyrieWingsLayer.java; src/main/java/com/aetherteam/aether/client/renderer/AetherRenderers.java; src/main/java/com/aetherteam/aether/client/renderer/AetherModelLayers.java; output-aether/proveniencia.json,evidence-final-aether/aether-1.21.1-1.5.10-neoforge.jar::data/aether/loot_table/chests/dungeon/silver/silver_dungeon_reward.json; evidence-final-aether/src/main/java/com/aetherteam/aether/entity/monster/dungeon/boss/ValkyrieQueen.java; evidence-final-aether/src/main/java/com/aetherteam/aether/item/AetherItems.java; registros-usos-itens.json#aether:blue_berry,/bestiary/receitas/aether.html#receita-enchanted-berry-enchanting | [Receita enchanted_berry_enchanting](lote-final-2026-10-06/aether-cards-2026-10-06.md#receita-enchanted-berry-enchanting) — data/aether/recipe/enchanted_berry_enchanting.json
Valkyrie Queen,The Aether,Chefe de encontro; alvos: Player,"Silver Dungeon, arena da rainha.",Baú de recompensa da dungeon,aether:angelic_stone,1,"Tesouro de silver; baú pré-gerado/trancado, desbloqueável pela Dungeon Key correspondente após combate. Independente dos drops físicos de morte; subtables/config respeitados.; pool4: 6–10 sorteio(s); reposição se múltiplos rolls; peso bruto 2/90; normaliza apenas entradas elegíveis","Ingrediente nas receitas auditadas: {'count': 1, 'id': 'aether:angelic_wall'}, {'count': 1, 'id': 'aether:pillar'}, {'count': 1, 'id': 'aether:light_angelic_stone'}, {'count': 2, 'id': 'aether:angelic_slab'}, {'count': 6, 'id': 'aether:angelic_slab'}, {'count': 1, 'id': 'aether:pillar_top'}, {'count': 1, 'id': 'aether:angelic_stairs'}, {'count': 4, 'id': 'aether:angelic_stairs'}, {'count': 6, 'id': 'aether:angelic_wall'}",Alta nos arquivos versionados; configurações/datapacks externos não confirmados,/images/bestiary/audited/aether/valkyrie-queen.png,src/main/java/com/aetherteam/aether/client/renderer/entity/model/ValkyrieModel.java; src/main/java/com/aetherteam/aether/client/renderer/entity/model/ValkyrieWingsModel.java; src/main/java/com/aetherteam/aether/client/renderer/entity/ValkyrieQueenRenderer.java; src/main/resources/assets/aether/textures/entity/mobs/valkyrie_queen/valkyrie_queen.png; src/main/java/com/aetherteam/aether/client/renderer/entity/layers/ValkyrieWingsLayer.java; src/main/java/com/aetherteam/aether/client/renderer/AetherRenderers.java; src/main/java/com/aetherteam/aether/client/renderer/AetherModelLayers.java; output-aether/proveniencia.json,evidence-final-aether/aether-1.21.1-1.5.10-neoforge.jar::data/aether/loot_table/chests/dungeon/silver/silver_dungeon_reward.json; evidence-final-aether/src/main/java/com/aetherteam/aether/entity/monster/dungeon/boss/ValkyrieQueen.java,/bestiary/receitas/aether.html#receita-angelic-wall-from-angelic-stone-stonecutting | [Receita angelic_wall_from_angelic_stone_stonecutting](lote-final-2026-10-06/aether-cards-2026-10-06.md#receita-angelic-wall-from-angelic-stone-stonecutting) — data/aether/recipe/angelic_wall_from_angelic_stone_stonecutting.json; [Receita pillar_from_angelic_stone_stonecutting](lote-final-2026-10-06/aether-cards-2026-10-06.md#receita-pillar-from-angelic-stone-stonecutting) — data/aether/recipe/pillar_from_angelic_stone_stonecutting.json; [Receita light_angelic_stone_from_angelic_stone_stonecutting](lote-final-2026-10-06/aether-cards-2026-10-06.md#receita-light-angelic-stone-from-angelic-stone-stonecutting) — data/aether/recipe/light_angelic_stone_from_angelic_stone_stonecutting.json; [Receita angelic_slab_from_angelic_stone_stonecutting](lote-final-2026-10-06/aether-cards-2026-10-06.md#receita-angelic-slab-from-angelic-stone-stonecutting) — data/aether/recipe/angelic_slab_from_angelic_stone_stonecutting.json; [Receita angelic_slab](lote-final-2026-10-06/aether-cards-2026-10-06.md#receita-angelic-slab) — data/aether/recipe/angelic_slab.json; [Receita pillar_top_from_angelic_stone_stonecutting](lote-final-2026-10-06/aether-cards-2026-10-06.md#receita-pillar-top-from-angelic-stone-stonecutting) — data/aether/recipe/pillar_top_from_angelic_stone_stonecutting.json; [Receita angelic_stairs_from_angelic_stone_stonecutting](lote-final-2026-10-06/aether-cards-2026-10-06.md#receita-angelic-stairs-from-angelic-stone-stonecutting) — data/aether/recipe/angelic_stairs_from_angelic_stone_stonecutting.json; [Receita angelic_stairs](lote-final-2026-10-06/aether-cards-2026-10-06.md#receita-angelic-stairs) — data/aether/recipe/angelic_stairs.json; [Receita angelic_wall](lote-final-2026-10-06/aether-cards-2026-10-06.md#receita-angelic-wall) — data/aether/recipe/angelic_wall.json
Valkyrie Queen,The Aether,Chefe de encontro; alvos: Player,"Silver Dungeon, arena da rainha.",Baú de recompensa da dungeon,aether:valkyrie_cape,1,"Tesouro de silver; baú pré-gerado/trancado, desbloqueável pela Dungeon Key correspondente após combate. Independente dos drops físicos de morte; subtables/config respeitados.; pool4: 6–10 sorteio(s); reposição se múltiplos rolls; peso bruto 10/90; normaliza apenas entradas elegíveis; pool1: 1 sorteio(s); reposição se múltiplos rolls; peso bruto 3/34; normaliza apenas entradas elegíveis; pool1: 1 sorteio(s); reposição se múltiplos rolls; {""condition"": ""aether:config_enabled"", ""config"": ""[Loot, Valkyrie Cape in loot]""}; peso bruto 1/2; normaliza apenas entradas elegíveis; set_count","Acessório equipável da classe ValkyrieCapeItem; capacidade/slot definidos na classe versionada citada, efeito não inferido de nome",Alta no recurso/registro/classe citados; condições efetivas do pack não confirmadas,/images/bestiary/audited/aether/valkyrie-queen.png,src/main/java/com/aetherteam/aether/client/renderer/entity/model/ValkyrieModel.java; src/main/java/com/aetherteam/aether/client/renderer/entity/model/ValkyrieWingsModel.java; src/main/java/com/aetherteam/aether/client/renderer/entity/ValkyrieQueenRenderer.java; src/main/resources/assets/aether/textures/entity/mobs/valkyrie_queen/valkyrie_queen.png; src/main/java/com/aetherteam/aether/client/renderer/entity/layers/ValkyrieWingsLayer.java; src/main/java/com/aetherteam/aether/client/renderer/AetherRenderers.java; src/main/java/com/aetherteam/aether/client/renderer/AetherModelLayers.java; output-aether/proveniencia.json,evidence-final-aether/aether-1.21.1-1.5.10-neoforge.jar::data/aether/loot_table/chests/dungeon/silver/silver_dungeon_cape_config.json; evidence-final-aether/src/main/java/com/aetherteam/aether/entity/monster/dungeon/boss/ValkyrieQueen.java; evidence-final-aether/src/main/java/com/aetherteam/aether/item/AetherItems.java; registros-usos-itens.json#aether:valkyrie_cape,Não aplicável: uso direto ou nenhuma receita identificada na build
Valkyrie Queen,The Aether,Chefe de encontro; alvos: Player,"Silver Dungeon, arena da rainha.",Baú de recompensa da dungeon,aether:golden_feather,1,"Tesouro de silver; baú pré-gerado/trancado, desbloqueável pela Dungeon Key correspondente após combate. Independente dos drops físicos de morte; subtables/config respeitados.; pool4: 6–10 sorteio(s); reposição se múltiplos rolls; peso bruto 10/90; normaliza apenas entradas elegíveis; pool1: 1 sorteio(s); reposição se múltiplos rolls; peso bruto 3/34; normaliza apenas entradas elegíveis; pool1: 1 sorteio(s); reposição se múltiplos rolls; {""condition"": ""aether:config_enabled"", ""config"": ""[Loot, Golden Feather in loot]""}; peso bruto 1/2; normaliza apenas entradas elegíveis; set_count","Acessório equipável da classe GoldenFeatherItem; capacidade/slot definidos na classe versionada citada, efeito não inferido de nome",Alta no recurso/registro/classe citados; condições efetivas do pack não confirmadas,/images/bestiary/audited/aether/valkyrie-queen.png,src/main/java/com/aetherteam/aether/client/renderer/entity/model/ValkyrieModel.java; src/main/java/com/aetherteam/aether/client/renderer/entity/model/ValkyrieWingsModel.java; src/main/java/com/aetherteam/aether/client/renderer/entity/ValkyrieQueenRenderer.java; src/main/resources/assets/aether/textures/entity/mobs/valkyrie_queen/valkyrie_queen.png; src/main/java/com/aetherteam/aether/client/renderer/entity/layers/ValkyrieWingsLayer.java; src/main/java/com/aetherteam/aether/client/renderer/AetherRenderers.java; src/main/java/com/aetherteam/aether/client/renderer/AetherModelLayers.java; output-aether/proveniencia.json,evidence-final-aether/aether-1.21.1-1.5.10-neoforge.jar::data/aether/loot_table/chests/dungeon/silver/silver_dungeon_cape_config.json; evidence-final-aether/src/main/java/com/aetherteam/aether/entity/monster/dungeon/boss/ValkyrieQueen.java; evidence-final-aether/src/main/java/com/aetherteam/aether/item/AetherItems.java; registros-usos-itens.json#aether:golden_feather,Não aplicável: uso direto ou nenhuma receita identificada na build
Valkyrie Queen,The Aether,Chefe de encontro; alvos: Player,"Silver Dungeon, arena da rainha.",Baú de recompensa da dungeon,aether:valkyrie_helmet,1,"Tesouro de silver; baú pré-gerado/trancado, desbloqueável pela Dungeon Key correspondente após combate. Independente dos drops físicos de morte; subtables/config respeitados.; pool4: 6–10 sorteio(s); reposição se múltiplos rolls; peso bruto 10/90; normaliza apenas entradas elegíveis; pool1: 1 sorteio(s); reposição se múltiplos rolls; peso bruto 4/34; normaliza apenas entradas elegíveis","Equipamento vestível; slot/material/durabilidade confirmados no registro: public static final DeferredItem<Item> VALKYRIE_HELMET = ITEMS.register(""valkyrie_helmet"", () -> new ArmorItem(AetherArmorMaterials.VALKYRIE, ArmorItem.Type.HELMET, new Item.Properties().durability(ArmorItem.Type.HELMET.getDurability(33)).rarity(AETHER_LOOT)));",Alta no recurso/registro/classe citados; condições efetivas do pack não confirmadas,/images/bestiary/audited/aether/valkyrie-queen.png,src/main/java/com/aetherteam/aether/client/renderer/entity/model/ValkyrieModel.java; src/main/java/com/aetherteam/aether/client/renderer/entity/model/ValkyrieWingsModel.java; src/main/java/com/aetherteam/aether/client/renderer/entity/ValkyrieQueenRenderer.java; src/main/resources/assets/aether/textures/entity/mobs/valkyrie_queen/valkyrie_queen.png; src/main/java/com/aetherteam/aether/client/renderer/entity/layers/ValkyrieWingsLayer.java; src/main/java/com/aetherteam/aether/client/renderer/AetherRenderers.java; src/main/java/com/aetherteam/aether/client/renderer/AetherModelLayers.java; output-aether/proveniencia.json,evidence-final-aether/aether-1.21.1-1.5.10-neoforge.jar::data/aether/loot_table/chests/dungeon/silver/silver_dungeon_valkyrie.json; evidence-final-aether/src/main/java/com/aetherteam/aether/entity/monster/dungeon/boss/ValkyrieQueen.java; evidence-final-aether/src/main/java/com/aetherteam/aether/item/AetherItems.java; registros-usos-itens.json#aether:valkyrie_helmet,Não aplicável: uso direto ou nenhuma receita identificada na build
Valkyrie Queen,The Aether,Chefe de encontro; alvos: Player,"Silver Dungeon, arena da rainha.",Baú de recompensa da dungeon,aether:valkyrie_chestplate,1,"Tesouro de silver; baú pré-gerado/trancado, desbloqueável pela Dungeon Key correspondente após combate. Independente dos drops físicos de morte; subtables/config respeitados.; pool4: 6–10 sorteio(s); reposição se múltiplos rolls; peso bruto 10/90; normaliza apenas entradas elegíveis; pool1: 1 sorteio(s); reposição se múltiplos rolls; peso bruto 4/34; normaliza apenas entradas elegíveis","Equipamento vestível; slot/material/durabilidade confirmados no registro: public static final DeferredItem<Item> VALKYRIE_CHESTPLATE = ITEMS.register(""valkyrie_chestplate"", () -> new ArmorItem(AetherArmorMaterials.VALKYRIE, ArmorItem.Type.CHESTPLATE, new Item.Properties().durability(ArmorItem.Type.CHESTPLATE.getDurability(33)).rarity(AETHER_LOOT)));",Alta no recurso/registro/classe citados; condições efetivas do pack não confirmadas,/images/bestiary/audited/aether/valkyrie-queen.png,src/main/java/com/aetherteam/aether/client/renderer/entity/model/ValkyrieModel.java; src/main/java/com/aetherteam/aether/client/renderer/entity/model/ValkyrieWingsModel.java; src/main/java/com/aetherteam/aether/client/renderer/entity/ValkyrieQueenRenderer.java; src/main/resources/assets/aether/textures/entity/mobs/valkyrie_queen/valkyrie_queen.png; src/main/java/com/aetherteam/aether/client/renderer/entity/layers/ValkyrieWingsLayer.java; src/main/java/com/aetherteam/aether/client/renderer/AetherRenderers.java; src/main/java/com/aetherteam/aether/client/renderer/AetherModelLayers.java; output-aether/proveniencia.json,evidence-final-aether/aether-1.21.1-1.5.10-neoforge.jar::data/aether/loot_table/chests/dungeon/silver/silver_dungeon_valkyrie.json; evidence-final-aether/src/main/java/com/aetherteam/aether/entity/monster/dungeon/boss/ValkyrieQueen.java; evidence-final-aether/src/main/java/com/aetherteam/aether/item/AetherItems.java; registros-usos-itens.json#aether:valkyrie_chestplate,Não aplicável: uso direto ou nenhuma receita identificada na build
Valkyrie Queen,The Aether,Chefe de encontro; alvos: Player,"Silver Dungeon, arena da rainha.",Baú de recompensa da dungeon,aether:valkyrie_leggings,1,"Tesouro de silver; baú pré-gerado/trancado, desbloqueável pela Dungeon Key correspondente após combate. Independente dos drops físicos de morte; subtables/config respeitados.; pool4: 6–10 sorteio(s); reposição se múltiplos rolls; peso bruto 10/90; normaliza apenas entradas elegíveis; pool1: 1 sorteio(s); reposição se múltiplos rolls; peso bruto 4/34; normaliza apenas entradas elegíveis","Equipamento vestível; slot/material/durabilidade confirmados no registro: public static final DeferredItem<Item> VALKYRIE_LEGGINGS = ITEMS.register(""valkyrie_leggings"", () -> new ArmorItem(AetherArmorMaterials.VALKYRIE, ArmorItem.Type.LEGGINGS, new Item.Properties().durability(ArmorItem.Type.LEGGINGS.getDurability(33)).rarity(AETHER_LOOT)));",Alta no recurso/registro/classe citados; condições efetivas do pack não confirmadas,/images/bestiary/audited/aether/valkyrie-queen.png,src/main/java/com/aetherteam/aether/client/renderer/entity/model/ValkyrieModel.java; src/main/java/com/aetherteam/aether/client/renderer/entity/model/ValkyrieWingsModel.java; src/main/java/com/aetherteam/aether/client/renderer/entity/ValkyrieQueenRenderer.java; src/main/resources/assets/aether/textures/entity/mobs/valkyrie_queen/valkyrie_queen.png; src/main/java/com/aetherteam/aether/client/renderer/entity/layers/ValkyrieWingsLayer.java; src/main/java/com/aetherteam/aether/client/renderer/AetherRenderers.java; src/main/java/com/aetherteam/aether/client/renderer/AetherModelLayers.java; output-aether/proveniencia.json,evidence-final-aether/aether-1.21.1-1.5.10-neoforge.jar::data/aether/loot_table/chests/dungeon/silver/silver_dungeon_valkyrie.json; evidence-final-aether/src/main/java/com/aetherteam/aether/entity/monster/dungeon/boss/ValkyrieQueen.java; evidence-final-aether/src/main/java/com/aetherteam/aether/item/AetherItems.java; registros-usos-itens.json#aether:valkyrie_leggings,Não aplicável: uso direto ou nenhuma receita identificada na build
Valkyrie Queen,The Aether,Chefe de encontro; alvos: Player,"Silver Dungeon, arena da rainha.",Baú de recompensa da dungeon,aether:valkyrie_boots,1,"Tesouro de silver; baú pré-gerado/trancado, desbloqueável pela Dungeon Key correspondente após combate. Independente dos drops físicos de morte; subtables/config respeitados.; pool4: 6–10 sorteio(s); reposição se múltiplos rolls; peso bruto 10/90; normaliza apenas entradas elegíveis; pool1: 1 sorteio(s); reposição se múltiplos rolls; peso bruto 4/34; normaliza apenas entradas elegíveis","Equipamento vestível; slot/material/durabilidade confirmados no registro: public static final DeferredItem<Item> VALKYRIE_BOOTS = ITEMS.register(""valkyrie_boots"", () -> new ArmorItem(AetherArmorMaterials.VALKYRIE, ArmorItem.Type.BOOTS, new Item.Properties().durability(ArmorItem.Type.BOOTS.getDurability(33)).rarity(AETHER_LOOT)));",Alta no recurso/registro/classe citados; condições efetivas do pack não confirmadas,/images/bestiary/audited/aether/valkyrie-queen.png,src/main/java/com/aetherteam/aether/client/renderer/entity/model/ValkyrieModel.java; src/main/java/com/aetherteam/aether/client/renderer/entity/model/ValkyrieWingsModel.java; src/main/java/com/aetherteam/aether/client/renderer/entity/ValkyrieQueenRenderer.java; src/main/resources/assets/aether/textures/entity/mobs/valkyrie_queen/valkyrie_queen.png; src/main/java/com/aetherteam/aether/client/renderer/entity/layers/ValkyrieWingsLayer.java; src/main/java/com/aetherteam/aether/client/renderer/AetherRenderers.java; src/main/java/com/aetherteam/aether/client/renderer/AetherModelLayers.java; output-aether/proveniencia.json,evidence-final-aether/aether-1.21.1-1.5.10-neoforge.jar::data/aether/loot_table/chests/dungeon/silver/silver_dungeon_valkyrie.json; evidence-final-aether/src/main/java/com/aetherteam/aether/entity/monster/dungeon/boss/ValkyrieQueen.java; evidence-final-aether/src/main/java/com/aetherteam/aether/item/AetherItems.java; registros-usos-itens.json#aether:valkyrie_boots,Não aplicável: uso direto ou nenhuma receita identificada na build
Valkyrie Queen,The Aether,Chefe de encontro; alvos: Player,"Silver Dungeon, arena da rainha.",Baú de recompensa da dungeon,aether:valkyrie_gloves,1,"Tesouro de silver; baú pré-gerado/trancado, desbloqueável pela Dungeon Key correspondente após combate. Independente dos drops físicos de morte; subtables/config respeitados.; pool4: 6–10 sorteio(s); reposição se múltiplos rolls; peso bruto 10/90; normaliza apenas entradas elegíveis; pool1: 1 sorteio(s); reposição se múltiplos rolls; peso bruto 4/34; normaliza apenas entradas elegíveis","Equipamento vestível; slot/material/durabilidade confirmados no registro: public static final DeferredItem<Item> VALKYRIE_GLOVES = ITEMS.register(""valkyrie_gloves"", () -> new GlovesItem(AetherArmorMaterials.VALKYRIE, 1.0, ""valkyrie_gloves"", AetherSoundEvents.ITEM_ARMOR_EQUIP_VALKYRIE, new Item.Properties().stacksTo(1).rarity(AETHER_LOOT).durability(1561)));",Alta no recurso/registro/classe citados; condições efetivas do pack não confirmadas,/images/bestiary/audited/aether/valkyrie-queen.png,src/main/java/com/aetherteam/aether/client/renderer/entity/model/ValkyrieModel.java; src/main/java/com/aetherteam/aether/client/renderer/entity/model/ValkyrieWingsModel.java; src/main/java/com/aetherteam/aether/client/renderer/entity/ValkyrieQueenRenderer.java; src/main/resources/assets/aether/textures/entity/mobs/valkyrie_queen/valkyrie_queen.png; src/main/java/com/aetherteam/aether/client/renderer/entity/layers/ValkyrieWingsLayer.java; src/main/java/com/aetherteam/aether/client/renderer/AetherRenderers.java; src/main/java/com/aetherteam/aether/client/renderer/AetherModelLayers.java; output-aether/proveniencia.json,evidence-final-aether/aether-1.21.1-1.5.10-neoforge.jar::data/aether/loot_table/chests/dungeon/silver/silver_dungeon_valkyrie.json; evidence-final-aether/src/main/java/com/aetherteam/aether/entity/monster/dungeon/boss/ValkyrieQueen.java; evidence-final-aether/src/main/java/com/aetherteam/aether/item/AetherItems.java; registros-usos-itens.json#aether:valkyrie_gloves,Não aplicável: uso direto ou nenhuma receita identificada na build
Valkyrie Queen,The Aether,Chefe de encontro; alvos: Player,"Silver Dungeon, arena da rainha.",Baú de recompensa da dungeon,aether:valkyrie_pickaxe,1,"Tesouro de silver; baú pré-gerado/trancado, desbloqueável pela Dungeon Key correspondente após combate. Independente dos drops físicos de morte; subtables/config respeitados.; pool4: 6–10 sorteio(s); reposição se múltiplos rolls; peso bruto 10/90; normaliza apenas entradas elegíveis; pool1: 1 sorteio(s); reposição se múltiplos rolls; peso bruto 3/34; normaliza apenas entradas elegíveis",Ferramenta de coleta/trabalho da classe ValkyriePickaxeItem; propriedades originais no registro/classe,Alta no recurso/registro/classe citados; condições efetivas do pack não confirmadas,/images/bestiary/audited/aether/valkyrie-queen.png,src/main/java/com/aetherteam/aether/client/renderer/entity/model/ValkyrieModel.java; src/main/java/com/aetherteam/aether/client/renderer/entity/model/ValkyrieWingsModel.java; src/main/java/com/aetherteam/aether/client/renderer/entity/ValkyrieQueenRenderer.java; src/main/resources/assets/aether/textures/entity/mobs/valkyrie_queen/valkyrie_queen.png; src/main/java/com/aetherteam/aether/client/renderer/entity/layers/ValkyrieWingsLayer.java; src/main/java/com/aetherteam/aether/client/renderer/AetherRenderers.java; src/main/java/com/aetherteam/aether/client/renderer/AetherModelLayers.java; output-aether/proveniencia.json,evidence-final-aether/aether-1.21.1-1.5.10-neoforge.jar::data/aether/loot_table/chests/dungeon/silver/silver_dungeon_valkyrie.json; evidence-final-aether/src/main/java/com/aetherteam/aether/entity/monster/dungeon/boss/ValkyrieQueen.java; evidence-final-aether/src/main/java/com/aetherteam/aether/item/AetherItems.java; registros-usos-itens.json#aether:valkyrie_pickaxe,Não aplicável: uso direto ou nenhuma receita identificada na build
Valkyrie Queen,The Aether,Chefe de encontro; alvos: Player,"Silver Dungeon, arena da rainha.",Baú de recompensa da dungeon,aether:valkyrie_axe,1,"Tesouro de silver; baú pré-gerado/trancado, desbloqueável pela Dungeon Key correspondente após combate. Independente dos drops físicos de morte; subtables/config respeitados.; pool4: 6–10 sorteio(s); reposição se múltiplos rolls; peso bruto 10/90; normaliza apenas entradas elegíveis; pool1: 1 sorteio(s); reposição se múltiplos rolls; peso bruto 3/34; normaliza apenas entradas elegíveis",Ferramenta de coleta/trabalho da classe ValkyrieAxeItem; propriedades originais no registro/classe,Alta no recurso/registro/classe citados; condições efetivas do pack não confirmadas,/images/bestiary/audited/aether/valkyrie-queen.png,src/main/java/com/aetherteam/aether/client/renderer/entity/model/ValkyrieModel.java; src/main/java/com/aetherteam/aether/client/renderer/entity/model/ValkyrieWingsModel.java; src/main/java/com/aetherteam/aether/client/renderer/entity/ValkyrieQueenRenderer.java; src/main/resources/assets/aether/textures/entity/mobs/valkyrie_queen/valkyrie_queen.png; src/main/java/com/aetherteam/aether/client/renderer/entity/layers/ValkyrieWingsLayer.java; src/main/java/com/aetherteam/aether/client/renderer/AetherRenderers.java; src/main/java/com/aetherteam/aether/client/renderer/AetherModelLayers.java; output-aether/proveniencia.json,evidence-final-aether/aether-1.21.1-1.5.10-neoforge.jar::data/aether/loot_table/chests/dungeon/silver/silver_dungeon_valkyrie.json; evidence-final-aether/src/main/java/com/aetherteam/aether/entity/monster/dungeon/boss/ValkyrieQueen.java; evidence-final-aether/src/main/java/com/aetherteam/aether/item/AetherItems.java; registros-usos-itens.json#aether:valkyrie_axe,Não aplicável: uso direto ou nenhuma receita identificada na build
Valkyrie Queen,The Aether,Chefe de encontro; alvos: Player,"Silver Dungeon, arena da rainha.",Baú de recompensa da dungeon,aether:valkyrie_shovel,1,"Tesouro de silver; baú pré-gerado/trancado, desbloqueável pela Dungeon Key correspondente após combate. Independente dos drops físicos de morte; subtables/config respeitados.; pool4: 6–10 sorteio(s); reposição se múltiplos rolls; peso bruto 10/90; normaliza apenas entradas elegíveis; pool1: 1 sorteio(s); reposição se múltiplos rolls; peso bruto 3/34; normaliza apenas entradas elegíveis",Ferramenta de coleta/trabalho da classe ValkyrieShovelItem; propriedades originais no registro/classe,Alta no recurso/registro/classe citados; condições efetivas do pack não confirmadas,/images/bestiary/audited/aether/valkyrie-queen.png,src/main/java/com/aetherteam/aether/client/renderer/entity/model/ValkyrieModel.java; src/main/java/com/aetherteam/aether/client/renderer/entity/model/ValkyrieWingsModel.java; src/main/java/com/aetherteam/aether/client/renderer/entity/ValkyrieQueenRenderer.java; src/main/resources/assets/aether/textures/entity/mobs/valkyrie_queen/valkyrie_queen.png; src/main/java/com/aetherteam/aether/client/renderer/entity/layers/ValkyrieWingsLayer.java; src/main/java/com/aetherteam/aether/client/renderer/AetherRenderers.java; src/main/java/com/aetherteam/aether/client/renderer/AetherModelLayers.java; output-aether/proveniencia.json,evidence-final-aether/aether-1.21.1-1.5.10-neoforge.jar::data/aether/loot_table/chests/dungeon/silver/silver_dungeon_valkyrie.json; evidence-final-aether/src/main/java/com/aetherteam/aether/entity/monster/dungeon/boss/ValkyrieQueen.java; evidence-final-aether/src/main/java/com/aetherteam/aether/item/AetherItems.java; registros-usos-itens.json#aether:valkyrie_shovel,Não aplicável: uso direto ou nenhuma receita identificada na build
Valkyrie Queen,The Aether,Chefe de encontro; alvos: Player,"Silver Dungeon, arena da rainha.",Baú de recompensa da dungeon,aether:valkyrie_hoe,1,"Tesouro de silver; baú pré-gerado/trancado, desbloqueável pela Dungeon Key correspondente após combate. Independente dos drops físicos de morte; subtables/config respeitados.; pool4: 6–10 sorteio(s); reposição se múltiplos rolls; peso bruto 10/90; normaliza apenas entradas elegíveis; pool1: 1 sorteio(s); reposição se múltiplos rolls; peso bruto 2/34; normaliza apenas entradas elegíveis",Ferramenta de coleta/trabalho da classe ValkyrieHoeItem; propriedades originais no registro/classe,Alta no recurso/registro/classe citados; condições efetivas do pack não confirmadas,/images/bestiary/audited/aether/valkyrie-queen.png,src/main/java/com/aetherteam/aether/client/renderer/entity/model/ValkyrieModel.java; src/main/java/com/aetherteam/aether/client/renderer/entity/model/ValkyrieWingsModel.java; src/main/java/com/aetherteam/aether/client/renderer/entity/ValkyrieQueenRenderer.java; src/main/resources/assets/aether/textures/entity/mobs/valkyrie_queen/valkyrie_queen.png; src/main/java/com/aetherteam/aether/client/renderer/entity/layers/ValkyrieWingsLayer.java; src/main/java/com/aetherteam/aether/client/renderer/AetherRenderers.java; src/main/java/com/aetherteam/aether/client/renderer/AetherModelLayers.java; output-aether/proveniencia.json,evidence-final-aether/aether-1.21.1-1.5.10-neoforge.jar::data/aether/loot_table/chests/dungeon/silver/silver_dungeon_valkyrie.json; evidence-final-aether/src/main/java/com/aetherteam/aether/entity/monster/dungeon/boss/ValkyrieQueen.java; evidence-final-aether/src/main/java/com/aetherteam/aether/item/AetherItems.java; registros-usos-itens.json#aether:valkyrie_hoe,Não aplicável: uso direto ou nenhuma receita identificada na build
Valkyrie Queen,The Aether,Chefe de encontro; alvos: Player,"Silver Dungeon, arena da rainha.",Baú de recompensa da dungeon,aether:regeneration_stone,1,"Tesouro de silver; baú pré-gerado/trancado, desbloqueável pela Dungeon Key correspondente após combate. Independente dos drops físicos de morte; subtables/config respeitados.; pool4: 6–10 sorteio(s); reposição se múltiplos rolls; peso bruto 3/90; normaliza apenas entradas elegíveis","Acessório equipável da classe RegenerationStoneItem; capacidade/slot definidos na classe versionada citada, efeito não inferido de nome",Alta no recurso/registro/classe citados; condições efetivas do pack não confirmadas,/images/bestiary/audited/aether/valkyrie-queen.png,src/main/java/com/aetherteam/aether/client/renderer/entity/model/ValkyrieModel.java; src/main/java/com/aetherteam/aether/client/renderer/entity/model/ValkyrieWingsModel.java; src/main/java/com/aetherteam/aether/client/renderer/entity/ValkyrieQueenRenderer.java; src/main/resources/assets/aether/textures/entity/mobs/valkyrie_queen/valkyrie_queen.png; src/main/java/com/aetherteam/aether/client/renderer/entity/layers/ValkyrieWingsLayer.java; src/main/java/com/aetherteam/aether/client/renderer/AetherRenderers.java; src/main/java/com/aetherteam/aether/client/renderer/AetherModelLayers.java; output-aether/proveniencia.json,evidence-final-aether/aether-1.21.1-1.5.10-neoforge.jar::data/aether/loot_table/chests/dungeon/silver/silver_dungeon_reward.json; evidence-final-aether/src/main/java/com/aetherteam/aether/entity/monster/dungeon/boss/ValkyrieQueen.java; evidence-final-aether/src/main/java/com/aetherteam/aether/item/AetherItems.java; registros-usos-itens.json#aether:regeneration_stone,Não aplicável: uso direto ou nenhuma receita identificada na build
Fire Minion,The Aether,Criatura Monster; alvos: Player,Gold Dungeon: Trapped Hellfire Stone e minion criado por Sun Spirit.,Tabela de morte vazia,Sem itens no JSON,0,Loot condicionado ao caminho de morte; herança/interações/variantes fora deste pool separadas; pools=[]; mecanismos paralelos separados,Não aplicável,Alta nos arquivos versionados; configurações/datapacks externos não confirmados,/images/bestiary/audited/aether/fire-minion.png,src/main/java/com/aetherteam/aether/client/renderer/entity/model/SunSpiritModel.java; src/main/java/com/aetherteam/aether/client/renderer/entity/model/FireMinionModel.java; src/main/java/com/aetherteam/aether/client/renderer/entity/FireMinionRenderer.java; src/main/resources/assets/aether/textures/entity/mobs/sun_spirit/sun_spirit.png; src/main/java/com/aetherteam/aether/client/renderer/AetherRenderers.java; src/main/java/com/aetherteam/aether/client/renderer/AetherModelLayers.java; output-aether/proveniencia.json,evidence-final-aether/aether-1.21.1-1.5.10-neoforge.jar::data/aether/loot_table/entities/fire_minion.json; evidence-final-aether/src/main/java/com/aetherteam/aether/entity/monster/dungeon/FireMinion.java,Não aplicável: uso direto ou nenhuma receita identificada na build
Sun Spirit,The Aether,Chefe de encontro; comportamento definido na classe e herança citadas,"Gold Dungeon, sala do Sun Spirit.",Loot de morte,aether:gold_dungeon_key,1,Loot condicionado ao caminho de morte; herança/interações/variantes fora deste pool separadas; pool1: 1 sorteio(s); reposição se múltiplos rolls; peso bruto 1/1; normaliza apenas entradas elegíveis; set_count,Destrancar Treasure Chest de Gold Dungeon; tier gold,Alta no recurso/registro/classe citados; condições efetivas do pack não confirmadas,/images/bestiary/audited/aether/sun-spirit.png,src/main/java/com/aetherteam/aether/client/renderer/entity/model/SunSpiritModel.java; src/main/java/com/aetherteam/aether/client/renderer/entity/SunSpiritRenderer.java; src/main/resources/assets/aether/textures/entity/mobs/sun_spirit/sun_spirit.png; src/main/java/com/aetherteam/aether/client/renderer/AetherRenderers.java; src/main/java/com/aetherteam/aether/client/renderer/AetherModelLayers.java; output-aether/proveniencia.json,evidence-final-aether/aether-1.21.1-1.5.10-neoforge.jar::data/aether/loot_table/entities/sun_spirit.json; evidence-final-aether/src/main/java/com/aetherteam/aether/entity/monster/dungeon/boss/SunSpirit.java; evidence-final-aether/src/main/java/com/aetherteam/aether/item/AetherItems.java; registros-usos-itens.json#aether:gold_dungeon_key,Não aplicável: uso direto ou nenhuma receita identificada na build
Sun Spirit,The Aether,Chefe de encontro; comportamento definido na classe e herança citadas,"Gold Dungeon, sala do Sun Spirit.",Loot de morte,aether:sun_altar,1,Loot condicionado ao caminho de morte; herança/interações/variantes fora deste pool separadas; pool2: 1 sorteio(s); reposição se múltiplos rolls; peso bruto 1/1; normaliza apenas entradas elegíveis; set_count,Bloco Sun Altar abre interface para ajustar hora do Aether sob permissões do servidor; SunAltarBlock/Entity,Alta no recurso/registro/classe citados; condições efetivas do pack não confirmadas,/images/bestiary/audited/aether/sun-spirit.png,src/main/java/com/aetherteam/aether/client/renderer/entity/model/SunSpiritModel.java; src/main/java/com/aetherteam/aether/client/renderer/entity/SunSpiritRenderer.java; src/main/resources/assets/aether/textures/entity/mobs/sun_spirit/sun_spirit.png; src/main/java/com/aetherteam/aether/client/renderer/AetherRenderers.java; src/main/java/com/aetherteam/aether/client/renderer/AetherModelLayers.java; output-aether/proveniencia.json,evidence-final-aether/aether-1.21.1-1.5.10-neoforge.jar::data/aether/loot_table/entities/sun_spirit.json; evidence-final-aether/src/main/java/com/aetherteam/aether/entity/monster/dungeon/boss/SunSpirit.java,Não aplicável: uso direto ou nenhuma receita identificada na build
Sun Spirit,The Aether,Chefe de encontro; comportamento definido na classe e herança citadas,"Gold Dungeon, sala do Sun Spirit.",Baú de recompensa da dungeon,aether:phoenix_helmet,1,"Tesouro de gold; baú pré-gerado/trancado, desbloqueável pela Dungeon Key correspondente após combate. Independente dos drops físicos de morte; subtables/config respeitados.; pool1: 1 sorteio(s); reposição se múltiplos rolls; peso bruto 1/1; normaliza apenas entradas elegíveis; pool1: 2–5 sorteio(s); reposição se múltiplos rolls; peso bruto 2/11; normaliza apenas entradas elegíveis","Equipamento vestível; slot/material/durabilidade confirmados no registro: public static final DeferredItem<Item> PHOENIX_HELMET = ITEMS.register(""phoenix_helmet"", () -> new ArmorItem(AetherArmorMaterials.PHOENIX, ArmorItem.Type.HELMET, new Item.Properties().durability(ArmorItem.Type.HELMET.getDurability(33)).rarity(AETHER_LOOT).fireResistant()));",Alta no recurso/registro/classe citados; condições efetivas do pack não confirmadas,/images/bestiary/audited/aether/sun-spirit.png,src/main/java/com/aetherteam/aether/client/renderer/entity/model/SunSpiritModel.java; src/main/java/com/aetherteam/aether/client/renderer/entity/SunSpiritRenderer.java; src/main/resources/assets/aether/textures/entity/mobs/sun_spirit/sun_spirit.png; src/main/java/com/aetherteam/aether/client/renderer/AetherRenderers.java; src/main/java/com/aetherteam/aether/client/renderer/AetherModelLayers.java; output-aether/proveniencia.json,evidence-final-aether/aether-1.21.1-1.5.10-neoforge.jar::data/aether/loot_table/chests/dungeon/gold/gold_dungeon_treasure.json; evidence-final-aether/src/main/java/com/aetherteam/aether/entity/monster/dungeon/boss/SunSpirit.java; evidence-final-aether/src/main/java/com/aetherteam/aether/item/AetherItems.java; registros-usos-itens.json#aether:phoenix_helmet,Não aplicável: uso direto ou nenhuma receita identificada na build
Sun Spirit,The Aether,Chefe de encontro; comportamento definido na classe e herança citadas,"Gold Dungeon, sala do Sun Spirit.",Baú de recompensa da dungeon,aether:phoenix_chestplate,1,"Tesouro de gold; baú pré-gerado/trancado, desbloqueável pela Dungeon Key correspondente após combate. Independente dos drops físicos de morte; subtables/config respeitados.; pool1: 1 sorteio(s); reposição se múltiplos rolls; peso bruto 1/1; normaliza apenas entradas elegíveis; pool1: 2–5 sorteio(s); reposição se múltiplos rolls; peso bruto 2/11; normaliza apenas entradas elegíveis","Equipamento vestível; slot/material/durabilidade confirmados no registro: public static final DeferredItem<Item> PHOENIX_CHESTPLATE = ITEMS.register(""phoenix_chestplate"", () -> new ArmorItem(AetherArmorMaterials.PHOENIX, ArmorItem.Type.CHESTPLATE, new Item.Properties().durability(ArmorItem.Type.CHESTPLATE.getDurability(33)).rarity(AETHER_LOOT).fireResistant()));",Alta no recurso/registro/classe citados; condições efetivas do pack não confirmadas,/images/bestiary/audited/aether/sun-spirit.png,src/main/java/com/aetherteam/aether/client/renderer/entity/model/SunSpiritModel.java; src/main/java/com/aetherteam/aether/client/renderer/entity/SunSpiritRenderer.java; src/main/resources/assets/aether/textures/entity/mobs/sun_spirit/sun_spirit.png; src/main/java/com/aetherteam/aether/client/renderer/AetherRenderers.java; src/main/java/com/aetherteam/aether/client/renderer/AetherModelLayers.java; output-aether/proveniencia.json,evidence-final-aether/aether-1.21.1-1.5.10-neoforge.jar::data/aether/loot_table/chests/dungeon/gold/gold_dungeon_treasure.json; evidence-final-aether/src/main/java/com/aetherteam/aether/entity/monster/dungeon/boss/SunSpirit.java; evidence-final-aether/src/main/java/com/aetherteam/aether/item/AetherItems.java; registros-usos-itens.json#aether:phoenix_chestplate,Não aplicável: uso direto ou nenhuma receita identificada na build
Sun Spirit,The Aether,Chefe de encontro; comportamento definido na classe e herança citadas,"Gold Dungeon, sala do Sun Spirit.",Baú de recompensa da dungeon,aether:phoenix_leggings,1,"Tesouro de gold; baú pré-gerado/trancado, desbloqueável pela Dungeon Key correspondente após combate. Independente dos drops físicos de morte; subtables/config respeitados.; pool1: 1 sorteio(s); reposição se múltiplos rolls; peso bruto 1/1; normaliza apenas entradas elegíveis; pool1: 2–5 sorteio(s); reposição se múltiplos rolls; peso bruto 2/11; normaliza apenas entradas elegíveis","Equipamento vestível; slot/material/durabilidade confirmados no registro: public static final DeferredItem<Item> PHOENIX_LEGGINGS = ITEMS.register(""phoenix_leggings"", () -> new ArmorItem(AetherArmorMaterials.PHOENIX, ArmorItem.Type.LEGGINGS, new Item.Properties().durability(ArmorItem.Type.LEGGINGS.getDurability(33)).rarity(AETHER_LOOT).fireResistant()));",Alta no recurso/registro/classe citados; condições efetivas do pack não confirmadas,/images/bestiary/audited/aether/sun-spirit.png,src/main/java/com/aetherteam/aether/client/renderer/entity/model/SunSpiritModel.java; src/main/java/com/aetherteam/aether/client/renderer/entity/SunSpiritRenderer.java; src/main/resources/assets/aether/textures/entity/mobs/sun_spirit/sun_spirit.png; src/main/java/com/aetherteam/aether/client/renderer/AetherRenderers.java; src/main/java/com/aetherteam/aether/client/renderer/AetherModelLayers.java; output-aether/proveniencia.json,evidence-final-aether/aether-1.21.1-1.5.10-neoforge.jar::data/aether/loot_table/chests/dungeon/gold/gold_dungeon_treasure.json; evidence-final-aether/src/main/java/com/aetherteam/aether/entity/monster/dungeon/boss/SunSpirit.java; evidence-final-aether/src/main/java/com/aetherteam/aether/item/AetherItems.java; registros-usos-itens.json#aether:phoenix_leggings,Não aplicável: uso direto ou nenhuma receita identificada na build
Sun Spirit,The Aether,Chefe de encontro; comportamento definido na classe e herança citadas,"Gold Dungeon, sala do Sun Spirit.",Baú de recompensa da dungeon,aether:phoenix_boots,1,"Tesouro de gold; baú pré-gerado/trancado, desbloqueável pela Dungeon Key correspondente após combate. Independente dos drops físicos de morte; subtables/config respeitados.; pool1: 1 sorteio(s); reposição se múltiplos rolls; peso bruto 1/1; normaliza apenas entradas elegíveis; pool1: 2–5 sorteio(s); reposição se múltiplos rolls; peso bruto 2/11; normaliza apenas entradas elegíveis","Equipamento vestível; slot/material/durabilidade confirmados no registro: public static final DeferredItem<Item> PHOENIX_BOOTS = ITEMS.register(""phoenix_boots"", () -> new ArmorItem(AetherArmorMaterials.PHOENIX, ArmorItem.Type.BOOTS, new Item.Properties().durability(ArmorItem.Type.BOOTS.getDurability(33)).rarity(AETHER_LOOT).fireResistant()));",Alta no recurso/registro/classe citados; condições efetivas do pack não confirmadas,/images/bestiary/audited/aether/sun-spirit.png,src/main/java/com/aetherteam/aether/client/renderer/entity/model/SunSpiritModel.java; src/main/java/com/aetherteam/aether/client/renderer/entity/SunSpiritRenderer.java; src/main/resources/assets/aether/textures/entity/mobs/sun_spirit/sun_spirit.png; src/main/java/com/aetherteam/aether/client/renderer/AetherRenderers.java; src/main/java/com/aetherteam/aether/client/renderer/AetherModelLayers.java; output-aether/proveniencia.json,evidence-final-aether/aether-1.21.1-1.5.10-neoforge.jar::data/aether/loot_table/chests/dungeon/gold/gold_dungeon_treasure.json; evidence-final-aether/src/main/java/com/aetherteam/aether/entity/monster/dungeon/boss/SunSpirit.java; evidence-final-aether/src/main/java/com/aetherteam/aether/item/AetherItems.java; registros-usos-itens.json#aether:phoenix_boots,Não aplicável: uso direto ou nenhuma receita identificada na build
Sun Spirit,The Aether,Chefe de encontro; comportamento definido na classe e herança citadas,"Gold Dungeon, sala do Sun Spirit.",Baú de recompensa da dungeon,aether:phoenix_gloves,1,"Tesouro de gold; baú pré-gerado/trancado, desbloqueável pela Dungeon Key correspondente após combate. Independente dos drops físicos de morte; subtables/config respeitados.; pool1: 1 sorteio(s); reposição se múltiplos rolls; peso bruto 1/1; normaliza apenas entradas elegíveis; pool1: 2–5 sorteio(s); reposição se múltiplos rolls; peso bruto 2/11; normaliza apenas entradas elegíveis","Equipamento vestível; slot/material/durabilidade confirmados no registro: public static final DeferredItem<Item> PHOENIX_GLOVES = ITEMS.register(""phoenix_gloves"", () -> new GlovesItem(AetherArmorMaterials.PHOENIX, 1.0, ""phoenix_gloves"", AetherSoundEvents.ITEM_ARMOR_EQUIP_PHOENIX, new Item.Properties().stacksTo(1).rarity(AETHER_LOOT).fireResistant().durability(1561)));",Alta no recurso/registro/classe citados; condições efetivas do pack não confirmadas,/images/bestiary/audited/aether/sun-spirit.png,src/main/java/com/aetherteam/aether/client/renderer/entity/model/SunSpiritModel.java; src/main/java/com/aetherteam/aether/client/renderer/entity/SunSpiritRenderer.java; src/main/resources/assets/aether/textures/entity/mobs/sun_spirit/sun_spirit.png; src/main/java/com/aetherteam/aether/client/renderer/AetherRenderers.java; src/main/java/com/aetherteam/aether/client/renderer/AetherModelLayers.java; output-aether/proveniencia.json,evidence-final-aether/aether-1.21.1-1.5.10-neoforge.jar::data/aether/loot_table/chests/dungeon/gold/gold_dungeon_treasure.json; evidence-final-aether/src/main/java/com/aetherteam/aether/entity/monster/dungeon/boss/SunSpirit.java; evidence-final-aether/src/main/java/com/aetherteam/aether/item/AetherItems.java; registros-usos-itens.json#aether:phoenix_gloves,Não aplicável: uso direto ou nenhuma receita identificada na build
Sun Spirit,The Aether,Chefe de encontro; comportamento definido na classe e herança citadas,"Gold Dungeon, sala do Sun Spirit.",Baú de recompensa da dungeon,aether:life_shard,1,"Tesouro de gold; baú pré-gerado/trancado, desbloqueável pela Dungeon Key correspondente após combate. Independente dos drops físicos de morte; subtables/config respeitados.; pool1: 1 sorteio(s); reposição se múltiplos rolls; peso bruto 1/1; normaliza apenas entradas elegíveis; pool1: 2–5 sorteio(s); reposição se múltiplos rolls; peso bruto 1/11; normaliza apenas entradas elegíveis",Consumir aumenta LifeShardCount em1 até LifeShardLimit; attachment modifica saúde máxima; limite configurável,Alta no recurso/registro/classe citados; condições efetivas do pack não confirmadas,/images/bestiary/audited/aether/sun-spirit.png,src/main/java/com/aetherteam/aether/client/renderer/entity/model/SunSpiritModel.java; src/main/java/com/aetherteam/aether/client/renderer/entity/SunSpiritRenderer.java; src/main/resources/assets/aether/textures/entity/mobs/sun_spirit/sun_spirit.png; src/main/java/com/aetherteam/aether/client/renderer/AetherRenderers.java; src/main/java/com/aetherteam/aether/client/renderer/AetherModelLayers.java; output-aether/proveniencia.json,evidence-final-aether/aether-1.21.1-1.5.10-neoforge.jar::data/aether/loot_table/chests/dungeon/gold/gold_dungeon_treasure.json; evidence-final-aether/src/main/java/com/aetherteam/aether/entity/monster/dungeon/boss/SunSpirit.java; evidence-final-aether/src/main/java/com/aetherteam/aether/item/AetherItems.java; registros-usos-itens.json#aether:life_shard,Não aplicável: uso direto ou nenhuma receita identificada na build
Sun Spirit,The Aether,Chefe de encontro; comportamento definido na classe e herança citadas,"Gold Dungeon, sala do Sun Spirit.",Baú de recompensa da dungeon,aether:iron_bubble,1,"Tesouro de gold; baú pré-gerado/trancado, desbloqueável pela Dungeon Key correspondente após combate. Independente dos drops físicos de morte; subtables/config respeitados.; pool2: 5–8 sorteio(s); reposição se múltiplos rolls; peso bruto 12/97; normaliza apenas entradas elegíveis","Acessório equipável da classe IronBubbleItem; capacidade/slot definidos na classe versionada citada, efeito não inferido de nome",Alta no recurso/registro/classe citados; condições efetivas do pack não confirmadas,/images/bestiary/audited/aether/sun-spirit.png,src/main/java/com/aetherteam/aether/client/renderer/entity/model/SunSpiritModel.java; src/main/java/com/aetherteam/aether/client/renderer/entity/SunSpiritRenderer.java; src/main/resources/assets/aether/textures/entity/mobs/sun_spirit/sun_spirit.png; src/main/java/com/aetherteam/aether/client/renderer/AetherRenderers.java; src/main/java/com/aetherteam/aether/client/renderer/AetherModelLayers.java; output-aether/proveniencia.json,evidence-final-aether/aether-1.21.1-1.5.10-neoforge.jar::data/aether/loot_table/chests/dungeon/gold/gold_dungeon_reward.json; evidence-final-aether/src/main/java/com/aetherteam/aether/entity/monster/dungeon/boss/SunSpirit.java; evidence-final-aether/src/main/java/com/aetherteam/aether/item/AetherItems.java; registros-usos-itens.json#aether:iron_bubble,Não aplicável: uso direto ou nenhuma receita identificada na build
Sun Spirit,The Aether,Chefe de encontro; comportamento definido na classe e herança citadas,"Gold Dungeon, sala do Sun Spirit.",Baú de recompensa da dungeon,aether:vampire_blade,1,"Tesouro de gold; baú pré-gerado/trancado, desbloqueável pela Dungeon Key correspondente após combate. Independente dos drops físicos de morte; subtables/config respeitados.; pool2: 5–8 sorteio(s); reposição se múltiplos rolls; peso bruto 12/97; normaliza apenas entradas elegíveis",Espada Vampire Blade; ataque pleno com saúde abaixo do máximo cura1ponto (meio coração); jogadores via attachment VampireHealing.,Alta no recurso/registro/classe citados; condições efetivas do pack não confirmadas,/images/bestiary/audited/aether/sun-spirit.png,src/main/java/com/aetherteam/aether/client/renderer/entity/model/SunSpiritModel.java; src/main/java/com/aetherteam/aether/client/renderer/entity/SunSpiritRenderer.java; src/main/resources/assets/aether/textures/entity/mobs/sun_spirit/sun_spirit.png; src/main/java/com/aetherteam/aether/client/renderer/AetherRenderers.java; src/main/java/com/aetherteam/aether/client/renderer/AetherModelLayers.java; output-aether/proveniencia.json,evidence-final-aether/aether-1.21.1-1.5.10-neoforge.jar::data/aether/loot_table/chests/dungeon/gold/gold_dungeon_reward.json; evidence-final-aether/src/main/java/com/aetherteam/aether/entity/monster/dungeon/boss/SunSpirit.java; evidence-final-aether/src/main/java/com/aetherteam/aether/item/AetherItems.java; registros-usos-itens.json#aether:vampire_blade,Não aplicável: uso direto ou nenhuma receita identificada na build
Sun Spirit,The Aether,Chefe de encontro; comportamento definido na classe e herança citadas,"Gold Dungeon, sala do Sun Spirit.",Baú de recompensa da dungeon,aether:pig_slayer,1,"Tesouro de gold; baú pré-gerado/trancado, desbloqueável pela Dungeon Key correspondente após combate. Independente dos drops físicos de morte; subtables/config respeitados.; pool2: 5–8 sorteio(s); reposição se múltiplos rolls; peso bruto 12/97; normaliza apenas entradas elegíveis",Espada Pig Slayer; ataque pleno contra #aether:pigs recebe+16pontos de dano no evento LivingDamage; pode alertar Zombified Piglins.,Alta no recurso/registro/classe citados; condições efetivas do pack não confirmadas,/images/bestiary/audited/aether/sun-spirit.png,src/main/java/com/aetherteam/aether/client/renderer/entity/model/SunSpiritModel.java; src/main/java/com/aetherteam/aether/client/renderer/entity/SunSpiritRenderer.java; src/main/resources/assets/aether/textures/entity/mobs/sun_spirit/sun_spirit.png; src/main/java/com/aetherteam/aether/client/renderer/AetherRenderers.java; src/main/java/com/aetherteam/aether/client/renderer/AetherModelLayers.java; output-aether/proveniencia.json,evidence-final-aether/aether-1.21.1-1.5.10-neoforge.jar::data/aether/loot_table/chests/dungeon/gold/gold_dungeon_reward.json; evidence-final-aether/src/main/java/com/aetherteam/aether/entity/monster/dungeon/boss/SunSpirit.java; evidence-final-aether/src/main/java/com/aetherteam/aether/item/AetherItems.java; registros-usos-itens.json#aether:pig_slayer,Não aplicável: uso direto ou nenhuma receita identificada na build
Sun Spirit,The Aether,Chefe de encontro; comportamento definido na classe e herança citadas,"Gold Dungeon, sala do Sun Spirit.",Baú de recompensa da dungeon,aether:phoenix_helmet,1,"Tesouro de gold; baú pré-gerado/trancado, desbloqueável pela Dungeon Key correspondente após combate. Independente dos drops físicos de morte; subtables/config respeitados.; pool2: 5–8 sorteio(s); reposição se múltiplos rolls; peso bruto 2/97; normaliza apenas entradas elegíveis; pool1: 2–5 sorteio(s); reposição se múltiplos rolls; peso bruto 2/11; normaliza apenas entradas elegíveis","Equipamento vestível; slot/material/durabilidade confirmados no registro: public static final DeferredItem<Item> PHOENIX_HELMET = ITEMS.register(""phoenix_helmet"", () -> new ArmorItem(AetherArmorMaterials.PHOENIX, ArmorItem.Type.HELMET, new Item.Properties().durability(ArmorItem.Type.HELMET.getDurability(33)).rarity(AETHER_LOOT).fireResistant()));",Alta no recurso/registro/classe citados; condições efetivas do pack não confirmadas,/images/bestiary/audited/aether/sun-spirit.png,src/main/java/com/aetherteam/aether/client/renderer/entity/model/SunSpiritModel.java; src/main/java/com/aetherteam/aether/client/renderer/entity/SunSpiritRenderer.java; src/main/resources/assets/aether/textures/entity/mobs/sun_spirit/sun_spirit.png; src/main/java/com/aetherteam/aether/client/renderer/AetherRenderers.java; src/main/java/com/aetherteam/aether/client/renderer/AetherModelLayers.java; output-aether/proveniencia.json,evidence-final-aether/aether-1.21.1-1.5.10-neoforge.jar::data/aether/loot_table/chests/dungeon/gold/gold_dungeon_treasure.json; evidence-final-aether/src/main/java/com/aetherteam/aether/entity/monster/dungeon/boss/SunSpirit.java; evidence-final-aether/src/main/java/com/aetherteam/aether/item/AetherItems.java; registros-usos-itens.json#aether:phoenix_helmet,Não aplicável: uso direto ou nenhuma receita identificada na build
Sun Spirit,The Aether,Chefe de encontro; comportamento definido na classe e herança citadas,"Gold Dungeon, sala do Sun Spirit.",Baú de recompensa da dungeon,aether:phoenix_chestplate,1,"Tesouro de gold; baú pré-gerado/trancado, desbloqueável pela Dungeon Key correspondente após combate. Independente dos drops físicos de morte; subtables/config respeitados.; pool2: 5–8 sorteio(s); reposição se múltiplos rolls; peso bruto 2/97; normaliza apenas entradas elegíveis; pool1: 2–5 sorteio(s); reposição se múltiplos rolls; peso bruto 2/11; normaliza apenas entradas elegíveis","Equipamento vestível; slot/material/durabilidade confirmados no registro: public static final DeferredItem<Item> PHOENIX_CHESTPLATE = ITEMS.register(""phoenix_chestplate"", () -> new ArmorItem(AetherArmorMaterials.PHOENIX, ArmorItem.Type.CHESTPLATE, new Item.Properties().durability(ArmorItem.Type.CHESTPLATE.getDurability(33)).rarity(AETHER_LOOT).fireResistant()));",Alta no recurso/registro/classe citados; condições efetivas do pack não confirmadas,/images/bestiary/audited/aether/sun-spirit.png,src/main/java/com/aetherteam/aether/client/renderer/entity/model/SunSpiritModel.java; src/main/java/com/aetherteam/aether/client/renderer/entity/SunSpiritRenderer.java; src/main/resources/assets/aether/textures/entity/mobs/sun_spirit/sun_spirit.png; src/main/java/com/aetherteam/aether/client/renderer/AetherRenderers.java; src/main/java/com/aetherteam/aether/client/renderer/AetherModelLayers.java; output-aether/proveniencia.json,evidence-final-aether/aether-1.21.1-1.5.10-neoforge.jar::data/aether/loot_table/chests/dungeon/gold/gold_dungeon_treasure.json; evidence-final-aether/src/main/java/com/aetherteam/aether/entity/monster/dungeon/boss/SunSpirit.java; evidence-final-aether/src/main/java/com/aetherteam/aether/item/AetherItems.java; registros-usos-itens.json#aether:phoenix_chestplate,Não aplicável: uso direto ou nenhuma receita identificada na build
Sun Spirit,The Aether,Chefe de encontro; comportamento definido na classe e herança citadas,"Gold Dungeon, sala do Sun Spirit.",Baú de recompensa da dungeon,aether:phoenix_leggings,1,"Tesouro de gold; baú pré-gerado/trancado, desbloqueável pela Dungeon Key correspondente após combate. Independente dos drops físicos de morte; subtables/config respeitados.; pool2: 5–8 sorteio(s); reposição se múltiplos rolls; peso bruto 2/97; normaliza apenas entradas elegíveis; pool1: 2–5 sorteio(s); reposição se múltiplos rolls; peso bruto 2/11; normaliza apenas entradas elegíveis","Equipamento vestível; slot/material/durabilidade confirmados no registro: public static final DeferredItem<Item> PHOENIX_LEGGINGS = ITEMS.register(""phoenix_leggings"", () -> new ArmorItem(AetherArmorMaterials.PHOENIX, ArmorItem.Type.LEGGINGS, new Item.Properties().durability(ArmorItem.Type.LEGGINGS.getDurability(33)).rarity(AETHER_LOOT).fireResistant()));",Alta no recurso/registro/classe citados; condições efetivas do pack não confirmadas,/images/bestiary/audited/aether/sun-spirit.png,src/main/java/com/aetherteam/aether/client/renderer/entity/model/SunSpiritModel.java; src/main/java/com/aetherteam/aether/client/renderer/entity/SunSpiritRenderer.java; src/main/resources/assets/aether/textures/entity/mobs/sun_spirit/sun_spirit.png; src/main/java/com/aetherteam/aether/client/renderer/AetherRenderers.java; src/main/java/com/aetherteam/aether/client/renderer/AetherModelLayers.java; output-aether/proveniencia.json,evidence-final-aether/aether-1.21.1-1.5.10-neoforge.jar::data/aether/loot_table/chests/dungeon/gold/gold_dungeon_treasure.json; evidence-final-aether/src/main/java/com/aetherteam/aether/entity/monster/dungeon/boss/SunSpirit.java; evidence-final-aether/src/main/java/com/aetherteam/aether/item/AetherItems.java; registros-usos-itens.json#aether:phoenix_leggings,Não aplicável: uso direto ou nenhuma receita identificada na build
Sun Spirit,The Aether,Chefe de encontro; comportamento definido na classe e herança citadas,"Gold Dungeon, sala do Sun Spirit.",Baú de recompensa da dungeon,aether:phoenix_boots,1,"Tesouro de gold; baú pré-gerado/trancado, desbloqueável pela Dungeon Key correspondente após combate. Independente dos drops físicos de morte; subtables/config respeitados.; pool2: 5–8 sorteio(s); reposição se múltiplos rolls; peso bruto 2/97; normaliza apenas entradas elegíveis; pool1: 2–5 sorteio(s); reposição se múltiplos rolls; peso bruto 2/11; normaliza apenas entradas elegíveis","Equipamento vestível; slot/material/durabilidade confirmados no registro: public static final DeferredItem<Item> PHOENIX_BOOTS = ITEMS.register(""phoenix_boots"", () -> new ArmorItem(AetherArmorMaterials.PHOENIX, ArmorItem.Type.BOOTS, new Item.Properties().durability(ArmorItem.Type.BOOTS.getDurability(33)).rarity(AETHER_LOOT).fireResistant()));",Alta no recurso/registro/classe citados; condições efetivas do pack não confirmadas,/images/bestiary/audited/aether/sun-spirit.png,src/main/java/com/aetherteam/aether/client/renderer/entity/model/SunSpiritModel.java; src/main/java/com/aetherteam/aether/client/renderer/entity/SunSpiritRenderer.java; src/main/resources/assets/aether/textures/entity/mobs/sun_spirit/sun_spirit.png; src/main/java/com/aetherteam/aether/client/renderer/AetherRenderers.java; src/main/java/com/aetherteam/aether/client/renderer/AetherModelLayers.java; output-aether/proveniencia.json,evidence-final-aether/aether-1.21.1-1.5.10-neoforge.jar::data/aether/loot_table/chests/dungeon/gold/gold_dungeon_treasure.json; evidence-final-aether/src/main/java/com/aetherteam/aether/entity/monster/dungeon/boss/SunSpirit.java; evidence-final-aether/src/main/java/com/aetherteam/aether/item/AetherItems.java; registros-usos-itens.json#aether:phoenix_boots,Não aplicável: uso direto ou nenhuma receita identificada na build
Sun Spirit,The Aether,Chefe de encontro; comportamento definido na classe e herança citadas,"Gold Dungeon, sala do Sun Spirit.",Baú de recompensa da dungeon,aether:phoenix_gloves,1,"Tesouro de gold; baú pré-gerado/trancado, desbloqueável pela Dungeon Key correspondente após combate. Independente dos drops físicos de morte; subtables/config respeitados.; pool2: 5–8 sorteio(s); reposição se múltiplos rolls; peso bruto 2/97; normaliza apenas entradas elegíveis; pool1: 2–5 sorteio(s); reposição se múltiplos rolls; peso bruto 2/11; normaliza apenas entradas elegíveis","Equipamento vestível; slot/material/durabilidade confirmados no registro: public static final DeferredItem<Item> PHOENIX_GLOVES = ITEMS.register(""phoenix_gloves"", () -> new GlovesItem(AetherArmorMaterials.PHOENIX, 1.0, ""phoenix_gloves"", AetherSoundEvents.ITEM_ARMOR_EQUIP_PHOENIX, new Item.Properties().stacksTo(1).rarity(AETHER_LOOT).fireResistant().durability(1561)));",Alta no recurso/registro/classe citados; condições efetivas do pack não confirmadas,/images/bestiary/audited/aether/sun-spirit.png,src/main/java/com/aetherteam/aether/client/renderer/entity/model/SunSpiritModel.java; src/main/java/com/aetherteam/aether/client/renderer/entity/SunSpiritRenderer.java; src/main/resources/assets/aether/textures/entity/mobs/sun_spirit/sun_spirit.png; src/main/java/com/aetherteam/aether/client/renderer/AetherRenderers.java; src/main/java/com/aetherteam/aether/client/renderer/AetherModelLayers.java; output-aether/proveniencia.json,evidence-final-aether/aether-1.21.1-1.5.10-neoforge.jar::data/aether/loot_table/chests/dungeon/gold/gold_dungeon_treasure.json; evidence-final-aether/src/main/java/com/aetherteam/aether/entity/monster/dungeon/boss/SunSpirit.java; evidence-final-aether/src/main/java/com/aetherteam/aether/item/AetherItems.java; registros-usos-itens.json#aether:phoenix_gloves,Não aplicável: uso direto ou nenhuma receita identificada na build
Sun Spirit,The Aether,Chefe de encontro; comportamento definido na classe e herança citadas,"Gold Dungeon, sala do Sun Spirit.",Baú de recompensa da dungeon,aether:life_shard,1,"Tesouro de gold; baú pré-gerado/trancado, desbloqueável pela Dungeon Key correspondente após combate. Independente dos drops físicos de morte; subtables/config respeitados.; pool2: 5–8 sorteio(s); reposição se múltiplos rolls; peso bruto 2/97; normaliza apenas entradas elegíveis; pool1: 2–5 sorteio(s); reposição se múltiplos rolls; peso bruto 1/11; normaliza apenas entradas elegíveis",Consumir aumenta LifeShardCount em1 até LifeShardLimit; attachment modifica saúde máxima; limite configurável,Alta no recurso/registro/classe citados; condições efetivas do pack não confirmadas,/images/bestiary/audited/aether/sun-spirit.png,src/main/java/com/aetherteam/aether/client/renderer/entity/model/SunSpiritModel.java; src/main/java/com/aetherteam/aether/client/renderer/entity/SunSpiritRenderer.java; src/main/resources/assets/aether/textures/entity/mobs/sun_spirit/sun_spirit.png; src/main/java/com/aetherteam/aether/client/renderer/AetherRenderers.java; src/main/java/com/aetherteam/aether/client/renderer/AetherModelLayers.java; output-aether/proveniencia.json,evidence-final-aether/aether-1.21.1-1.5.10-neoforge.jar::data/aether/loot_table/chests/dungeon/gold/gold_dungeon_treasure.json; evidence-final-aether/src/main/java/com/aetherteam/aether/entity/monster/dungeon/boss/SunSpirit.java; evidence-final-aether/src/main/java/com/aetherteam/aether/item/AetherItems.java; registros-usos-itens.json#aether:life_shard,Não aplicável: uso direto ou nenhuma receita identificada na build
Sun Spirit,The Aether,Chefe de encontro; comportamento definido na classe e herança citadas,"Gold Dungeon, sala do Sun Spirit.",Baú de recompensa da dungeon,aether:life_shard,1,"Tesouro de gold; baú pré-gerado/trancado, desbloqueável pela Dungeon Key correspondente após combate. Independente dos drops físicos de morte; subtables/config respeitados.; pool2: 5–8 sorteio(s); reposição se múltiplos rolls; peso bruto 1/97; normaliza apenas entradas elegíveis",Consumir aumenta LifeShardCount em1 até LifeShardLimit; attachment modifica saúde máxima; limite configurável,Alta no recurso/registro/classe citados; condições efetivas do pack não confirmadas,/images/bestiary/audited/aether/sun-spirit.png,src/main/java/com/aetherteam/aether/client/renderer/entity/model/SunSpiritModel.java; src/main/java/com/aetherteam/aether/client/renderer/entity/SunSpiritRenderer.java; src/main/resources/assets/aether/textures/entity/mobs/sun_spirit/sun_spirit.png; src/main/java/com/aetherteam/aether/client/renderer/AetherRenderers.java; src/main/java/com/aetherteam/aether/client/renderer/AetherModelLayers.java; output-aether/proveniencia.json,evidence-final-aether/aether-1.21.1-1.5.10-neoforge.jar::data/aether/loot_table/chests/dungeon/gold/gold_dungeon_reward.json; evidence-final-aether/src/main/java/com/aetherteam/aether/entity/monster/dungeon/boss/SunSpirit.java; evidence-final-aether/src/main/java/com/aetherteam/aether/item/AetherItems.java; registros-usos-itens.json#aether:life_shard,Não aplicável: uso direto ou nenhuma receita identificada na build
Sun Spirit,The Aether,Chefe de encontro; comportamento definido na classe e herança citadas,"Gold Dungeon, sala do Sun Spirit.",Baú de recompensa da dungeon,aether:gravitite_helmet,1,"Tesouro de gold; baú pré-gerado/trancado, desbloqueável pela Dungeon Key correspondente após combate. Independente dos drops físicos de morte; subtables/config respeitados.; pool2: 5–8 sorteio(s); reposição se múltiplos rolls; peso bruto 5/97; normaliza apenas entradas elegíveis",Ingrediente nas receitas auditadas: gravitite_helmet_repairing,Alta nos arquivos versionados; configurações/datapacks externos não confirmados,/images/bestiary/audited/aether/sun-spirit.png,src/main/java/com/aetherteam/aether/client/renderer/entity/model/SunSpiritModel.java; src/main/java/com/aetherteam/aether/client/renderer/entity/SunSpiritRenderer.java; src/main/resources/assets/aether/textures/entity/mobs/sun_spirit/sun_spirit.png; src/main/java/com/aetherteam/aether/client/renderer/AetherRenderers.java; src/main/java/com/aetherteam/aether/client/renderer/AetherModelLayers.java; output-aether/proveniencia.json,evidence-final-aether/aether-1.21.1-1.5.10-neoforge.jar::data/aether/loot_table/chests/dungeon/gold/gold_dungeon_reward.json; evidence-final-aether/src/main/java/com/aetherteam/aether/entity/monster/dungeon/boss/SunSpirit.java; evidence-final-aether/src/main/java/com/aetherteam/aether/item/AetherItems.java; registros-usos-itens.json#aether:gravitite_helmet,/bestiary/receitas/aether.html#receita-gravitite-helmet-repairing | [Receita gravitite_helmet_repairing](lote-final-2026-10-06/aether-cards-2026-10-06.md#receita-gravitite-helmet-repairing) — data/aether/recipe/gravitite_helmet_repairing.json
Sun Spirit,The Aether,Chefe de encontro; comportamento definido na classe e herança citadas,"Gold Dungeon, sala do Sun Spirit.",Baú de recompensa da dungeon,aether:gravitite_chestplate,1,"Tesouro de gold; baú pré-gerado/trancado, desbloqueável pela Dungeon Key correspondente após combate. Independente dos drops físicos de morte; subtables/config respeitados.; pool2: 5–8 sorteio(s); reposição se múltiplos rolls; peso bruto 5/97; normaliza apenas entradas elegíveis",Ingrediente nas receitas auditadas: gravitite_chestplate_repairing,Alta nos arquivos versionados; configurações/datapacks externos não confirmados,/images/bestiary/audited/aether/sun-spirit.png,src/main/java/com/aetherteam/aether/client/renderer/entity/model/SunSpiritModel.java; src/main/java/com/aetherteam/aether/client/renderer/entity/SunSpiritRenderer.java; src/main/resources/assets/aether/textures/entity/mobs/sun_spirit/sun_spirit.png; src/main/java/com/aetherteam/aether/client/renderer/AetherRenderers.java; src/main/java/com/aetherteam/aether/client/renderer/AetherModelLayers.java; output-aether/proveniencia.json,evidence-final-aether/aether-1.21.1-1.5.10-neoforge.jar::data/aether/loot_table/chests/dungeon/gold/gold_dungeon_reward.json; evidence-final-aether/src/main/java/com/aetherteam/aether/entity/monster/dungeon/boss/SunSpirit.java; evidence-final-aether/src/main/java/com/aetherteam/aether/item/AetherItems.java; registros-usos-itens.json#aether:gravitite_chestplate,/bestiary/receitas/aether.html#receita-gravitite-chestplate-repairing | [Receita gravitite_chestplate_repairing](lote-final-2026-10-06/aether-cards-2026-10-06.md#receita-gravitite-chestplate-repairing) — data/aether/recipe/gravitite_chestplate_repairing.json
Sun Spirit,The Aether,Chefe de encontro; comportamento definido na classe e herança citadas,"Gold Dungeon, sala do Sun Spirit.",Baú de recompensa da dungeon,aether:gravitite_leggings,1,"Tesouro de gold; baú pré-gerado/trancado, desbloqueável pela Dungeon Key correspondente após combate. Independente dos drops físicos de morte; subtables/config respeitados.; pool2: 5–8 sorteio(s); reposição se múltiplos rolls; peso bruto 5/97; normaliza apenas entradas elegíveis",Ingrediente nas receitas auditadas: gravitite_leggings_repairing,Alta nos arquivos versionados; configurações/datapacks externos não confirmados,/images/bestiary/audited/aether/sun-spirit.png,src/main/java/com/aetherteam/aether/client/renderer/entity/model/SunSpiritModel.java; src/main/java/com/aetherteam/aether/client/renderer/entity/SunSpiritRenderer.java; src/main/resources/assets/aether/textures/entity/mobs/sun_spirit/sun_spirit.png; src/main/java/com/aetherteam/aether/client/renderer/AetherRenderers.java; src/main/java/com/aetherteam/aether/client/renderer/AetherModelLayers.java; output-aether/proveniencia.json,evidence-final-aether/aether-1.21.1-1.5.10-neoforge.jar::data/aether/loot_table/chests/dungeon/gold/gold_dungeon_reward.json; evidence-final-aether/src/main/java/com/aetherteam/aether/entity/monster/dungeon/boss/SunSpirit.java; evidence-final-aether/src/main/java/com/aetherteam/aether/item/AetherItems.java; registros-usos-itens.json#aether:gravitite_leggings,/bestiary/receitas/aether.html#receita-gravitite-leggings-repairing | [Receita gravitite_leggings_repairing](lote-final-2026-10-06/aether-cards-2026-10-06.md#receita-gravitite-leggings-repairing) — data/aether/recipe/gravitite_leggings_repairing.json
Sun Spirit,The Aether,Chefe de encontro; comportamento definido na classe e herança citadas,"Gold Dungeon, sala do Sun Spirit.",Baú de recompensa da dungeon,aether:gravitite_boots,1,"Tesouro de gold; baú pré-gerado/trancado, desbloqueável pela Dungeon Key correspondente após combate. Independente dos drops físicos de morte; subtables/config respeitados.; pool2: 5–8 sorteio(s); reposição se múltiplos rolls; peso bruto 5/97; normaliza apenas entradas elegíveis",Ingrediente nas receitas auditadas: gravitite_boots_repairing,Alta nos arquivos versionados; configurações/datapacks externos não confirmados,/images/bestiary/audited/aether/sun-spirit.png,src/main/java/com/aetherteam/aether/client/renderer/entity/model/SunSpiritModel.java; src/main/java/com/aetherteam/aether/client/renderer/entity/SunSpiritRenderer.java; src/main/resources/assets/aether/textures/entity/mobs/sun_spirit/sun_spirit.png; src/main/java/com/aetherteam/aether/client/renderer/AetherRenderers.java; src/main/java/com/aetherteam/aether/client/renderer/AetherModelLayers.java; output-aether/proveniencia.json,evidence-final-aether/aether-1.21.1-1.5.10-neoforge.jar::data/aether/loot_table/chests/dungeon/gold/gold_dungeon_reward.json; evidence-final-aether/src/main/java/com/aetherteam/aether/entity/monster/dungeon/boss/SunSpirit.java; evidence-final-aether/src/main/java/com/aetherteam/aether/item/AetherItems.java; registros-usos-itens.json#aether:gravitite_boots,/bestiary/receitas/aether.html#receita-gravitite-boots-repairing | [Receita gravitite_boots_repairing](lote-final-2026-10-06/aether-cards-2026-10-06.md#receita-gravitite-boots-repairing) — data/aether/recipe/gravitite_boots_repairing.json
Sun Spirit,The Aether,Chefe de encontro; comportamento definido na classe e herança citadas,"Gold Dungeon, sala do Sun Spirit.",Baú de recompensa da dungeon,aether:gravitite_gloves,1,"Tesouro de gold; baú pré-gerado/trancado, desbloqueável pela Dungeon Key correspondente após combate. Independente dos drops físicos de morte; subtables/config respeitados.; pool2: 5–8 sorteio(s); reposição se múltiplos rolls; peso bruto 5/97; normaliza apenas entradas elegíveis",Ingrediente nas receitas auditadas: gravitite_gloves_repairing,Alta nos arquivos versionados; configurações/datapacks externos não confirmados,/images/bestiary/audited/aether/sun-spirit.png,src/main/java/com/aetherteam/aether/client/renderer/entity/model/SunSpiritModel.java; src/main/java/com/aetherteam/aether/client/renderer/entity/SunSpiritRenderer.java; src/main/resources/assets/aether/textures/entity/mobs/sun_spirit/sun_spirit.png; src/main/java/com/aetherteam/aether/client/renderer/AetherRenderers.java; src/main/java/com/aetherteam/aether/client/renderer/AetherModelLayers.java; output-aether/proveniencia.json,evidence-final-aether/aether-1.21.1-1.5.10-neoforge.jar::data/aether/loot_table/chests/dungeon/gold/gold_dungeon_reward.json; evidence-final-aether/src/main/java/com/aetherteam/aether/entity/monster/dungeon/boss/SunSpirit.java; evidence-final-aether/src/main/java/com/aetherteam/aether/item/AetherItems.java; registros-usos-itens.json#aether:gravitite_gloves,/bestiary/receitas/aether.html#receita-gravitite-gloves-repairing | [Receita gravitite_gloves_repairing](lote-final-2026-10-06/aether-cards-2026-10-06.md#receita-gravitite-gloves-repairing) — data/aether/recipe/gravitite_gloves_repairing.json
Sun Spirit,The Aether,Chefe de encontro; comportamento definido na classe e herança citadas,"Gold Dungeon, sala do Sun Spirit.",Baú de recompensa da dungeon,aether:gravitite_sword,1,"Tesouro de gold; baú pré-gerado/trancado, desbloqueável pela Dungeon Key correspondente após combate. Independente dos drops físicos de morte; subtables/config respeitados.; pool2: 5–8 sorteio(s); reposição se múltiplos rolls; peso bruto 5/97; normaliza apenas entradas elegíveis",Ingrediente nas receitas auditadas: gravitite_sword_repairing,Alta nos arquivos versionados; configurações/datapacks externos não confirmados,/images/bestiary/audited/aether/sun-spirit.png,src/main/java/com/aetherteam/aether/client/renderer/entity/model/SunSpiritModel.java; src/main/java/com/aetherteam/aether/client/renderer/entity/SunSpiritRenderer.java; src/main/resources/assets/aether/textures/entity/mobs/sun_spirit/sun_spirit.png; src/main/java/com/aetherteam/aether/client/renderer/AetherRenderers.java; src/main/java/com/aetherteam/aether/client/renderer/AetherModelLayers.java; output-aether/proveniencia.json,evidence-final-aether/aether-1.21.1-1.5.10-neoforge.jar::data/aether/loot_table/chests/dungeon/gold/gold_dungeon_reward.json; evidence-final-aether/src/main/java/com/aetherteam/aether/entity/monster/dungeon/boss/SunSpirit.java; evidence-final-aether/src/main/java/com/aetherteam/aether/item/AetherItems.java; registros-usos-itens.json#aether:gravitite_sword,/bestiary/receitas/aether.html#receita-gravitite-sword-repairing | [Receita gravitite_sword_repairing](lote-final-2026-10-06/aether-cards-2026-10-06.md#receita-gravitite-sword-repairing) — data/aether/recipe/gravitite_sword_repairing.json
Sun Spirit,The Aether,Chefe de encontro; comportamento definido na classe e herança citadas,"Gold Dungeon, sala do Sun Spirit.",Baú de recompensa da dungeon,aether:gravitite_axe,1,"Tesouro de gold; baú pré-gerado/trancado, desbloqueável pela Dungeon Key correspondente após combate. Independente dos drops físicos de morte; subtables/config respeitados.; pool2: 5–8 sorteio(s); reposição se múltiplos rolls; peso bruto 5/97; normaliza apenas entradas elegíveis",Ingrediente nas receitas auditadas: gravitite_axe_repairing,Alta nos arquivos versionados; configurações/datapacks externos não confirmados,/images/bestiary/audited/aether/sun-spirit.png,src/main/java/com/aetherteam/aether/client/renderer/entity/model/SunSpiritModel.java; src/main/java/com/aetherteam/aether/client/renderer/entity/SunSpiritRenderer.java; src/main/resources/assets/aether/textures/entity/mobs/sun_spirit/sun_spirit.png; src/main/java/com/aetherteam/aether/client/renderer/AetherRenderers.java; src/main/java/com/aetherteam/aether/client/renderer/AetherModelLayers.java; output-aether/proveniencia.json,evidence-final-aether/aether-1.21.1-1.5.10-neoforge.jar::data/aether/loot_table/chests/dungeon/gold/gold_dungeon_reward.json; evidence-final-aether/src/main/java/com/aetherteam/aether/entity/monster/dungeon/boss/SunSpirit.java; evidence-final-aether/src/main/java/com/aetherteam/aether/item/AetherItems.java; registros-usos-itens.json#aether:gravitite_axe,/bestiary/receitas/aether.html#receita-gravitite-axe-repairing | [Receita gravitite_axe_repairing](lote-final-2026-10-06/aether-cards-2026-10-06.md#receita-gravitite-axe-repairing) — data/aether/recipe/gravitite_axe_repairing.json
Sun Spirit,The Aether,Chefe de encontro; comportamento definido na classe e herança citadas,"Gold Dungeon, sala do Sun Spirit.",Baú de recompensa da dungeon,aether:enchanted_gravitite,1,"Tesouro de gold; baú pré-gerado/trancado, desbloqueável pela Dungeon Key correspondente após combate. Independente dos drops físicos de morte; subtables/config respeitados.; pool2: 5–8 sorteio(s); reposição se múltiplos rolls; peso bruto 1/97; normaliza apenas entradas elegíveis",Bloco do material Gravitite encantado; construção/fabricação conforme recipes da build,Alta no recurso/registro/classe citados; condições efetivas do pack não confirmadas,/images/bestiary/audited/aether/sun-spirit.png,src/main/java/com/aetherteam/aether/client/renderer/entity/model/SunSpiritModel.java; src/main/java/com/aetherteam/aether/client/renderer/entity/SunSpiritRenderer.java; src/main/resources/assets/aether/textures/entity/mobs/sun_spirit/sun_spirit.png; src/main/java/com/aetherteam/aether/client/renderer/AetherRenderers.java; src/main/java/com/aetherteam/aether/client/renderer/AetherModelLayers.java; output-aether/proveniencia.json,evidence-final-aether/aether-1.21.1-1.5.10-neoforge.jar::data/aether/loot_table/chests/dungeon/gold/gold_dungeon_reward.json; evidence-final-aether/src/main/java/com/aetherteam/aether/entity/monster/dungeon/boss/SunSpirit.java,/bestiary/receitas/aether.html#receita-gravitite-jukebox | [Receita gravitite_jukebox](lote-final-2026-10-06/aether-cards-2026-10-06.md#receita-gravitite-jukebox) — data/aether/recipe/gravitite_jukebox.json; [Receita gravitite_shovel](lote-final-2026-10-06/aether-cards-2026-10-06.md#receita-gravitite-shovel) — data/aether/recipe/gravitite_shovel.json; [Receita gravitite_leggings](lote-final-2026-10-06/aether-cards-2026-10-06.md#receita-gravitite-leggings) — data/aether/recipe/gravitite_leggings.json; [Receita gravitite_hoe](lote-final-2026-10-06/aether-cards-2026-10-06.md#receita-gravitite-hoe) — data/aether/recipe/gravitite_hoe.json; [Receita gravitite_sword](lote-final-2026-10-06/aether-cards-2026-10-06.md#receita-gravitite-sword) — data/aether/recipe/gravitite_sword.json; [Receita gravitite_axe](lote-final-2026-10-06/aether-cards-2026-10-06.md#receita-gravitite-axe) — data/aether/recipe/gravitite_axe.json; [Receita gravitite_chestplate](lote-final-2026-10-06/aether-cards-2026-10-06.md#receita-gravitite-chestplate) — data/aether/recipe/gravitite_chestplate.json; [Receita gravitite_boots](lote-final-2026-10-06/aether-cards-2026-10-06.md#receita-gravitite-boots) — data/aether/recipe/gravitite_boots.json; [Receita gravitite_helmet](lote-final-2026-10-06/aether-cards-2026-10-06.md#receita-gravitite-helmet) — data/aether/recipe/gravitite_helmet.json; [Receita gravitite_pickaxe](lote-final-2026-10-06/aether-cards-2026-10-06.md#receita-gravitite-pickaxe) — data/aether/recipe/gravitite_pickaxe.json; [Receita skyroot_gravitite_jukebox](lote-final-2026-10-06/aether-cards-2026-10-06.md#receita-skyroot-gravitite-jukebox) — data/aether/recipe/skyroot_gravitite_jukebox.json; [Receita gravitite_gloves](lote-final-2026-10-06/aether-cards-2026-10-06.md#receita-gravitite-gloves) — data/aether/recipe/gravitite_gloves.json
Sun Spirit,The Aether,Chefe de encontro; comportamento definido na classe e herança citadas,"Gold Dungeon, sala do Sun Spirit.",Baú de recompensa da dungeon,minecraft:chainmail_helmet,1,"Tesouro de gold; baú pré-gerado/trancado, desbloqueável pela Dungeon Key correspondente após combate. Independente dos drops físicos de morte; subtables/config respeitados.; pool2: 5–8 sorteio(s); reposição se múltiplos rolls; peso bruto 2/97; normaliza apenas entradas elegíveis",Ingrediente nas receitas auditadas: chainmail_helmet_repairing,Alta nos arquivos versionados; configurações/datapacks externos não confirmados,/images/bestiary/audited/aether/sun-spirit.png,src/main/java/com/aetherteam/aether/client/renderer/entity/model/SunSpiritModel.java; src/main/java/com/aetherteam/aether/client/renderer/entity/SunSpiritRenderer.java; src/main/resources/assets/aether/textures/entity/mobs/sun_spirit/sun_spirit.png; src/main/java/com/aetherteam/aether/client/renderer/AetherRenderers.java; src/main/java/com/aetherteam/aether/client/renderer/AetherModelLayers.java; output-aether/proveniencia.json,evidence-final-aether/aether-1.21.1-1.5.10-neoforge.jar::data/aether/loot_table/chests/dungeon/gold/gold_dungeon_reward.json; evidence-final-aether/src/main/java/com/aetherteam/aether/entity/monster/dungeon/boss/SunSpirit.java,/bestiary/receitas/aether.html#receita-chainmail-helmet-repairing | [Receita chainmail_helmet_repairing](lote-final-2026-10-06/aether-cards-2026-10-06.md#receita-chainmail-helmet-repairing) — data/aether/recipe/chainmail_helmet_repairing.json
Sun Spirit,The Aether,Chefe de encontro; comportamento definido na classe e herança citadas,"Gold Dungeon, sala do Sun Spirit.",Baú de recompensa da dungeon,minecraft:chainmail_chestplate,1,"Tesouro de gold; baú pré-gerado/trancado, desbloqueável pela Dungeon Key correspondente após combate. Independente dos drops físicos de morte; subtables/config respeitados.; pool2: 5–8 sorteio(s); reposição se múltiplos rolls; peso bruto 2/97; normaliza apenas entradas elegíveis",Ingrediente nas receitas auditadas: chainmail_chestplate_repairing,Alta nos arquivos versionados; configurações/datapacks externos não confirmados,/images/bestiary/audited/aether/sun-spirit.png,src/main/java/com/aetherteam/aether/client/renderer/entity/model/SunSpiritModel.java; src/main/java/com/aetherteam/aether/client/renderer/entity/SunSpiritRenderer.java; src/main/resources/assets/aether/textures/entity/mobs/sun_spirit/sun_spirit.png; src/main/java/com/aetherteam/aether/client/renderer/AetherRenderers.java; src/main/java/com/aetherteam/aether/client/renderer/AetherModelLayers.java; output-aether/proveniencia.json,evidence-final-aether/aether-1.21.1-1.5.10-neoforge.jar::data/aether/loot_table/chests/dungeon/gold/gold_dungeon_reward.json; evidence-final-aether/src/main/java/com/aetherteam/aether/entity/monster/dungeon/boss/SunSpirit.java,/bestiary/receitas/aether.html#receita-chainmail-chestplate-repairing | [Receita chainmail_chestplate_repairing](lote-final-2026-10-06/aether-cards-2026-10-06.md#receita-chainmail-chestplate-repairing) — data/aether/recipe/chainmail_chestplate_repairing.json
Sun Spirit,The Aether,Chefe de encontro; comportamento definido na classe e herança citadas,"Gold Dungeon, sala do Sun Spirit.",Baú de recompensa da dungeon,minecraft:chainmail_leggings,1,"Tesouro de gold; baú pré-gerado/trancado, desbloqueável pela Dungeon Key correspondente após combate. Independente dos drops físicos de morte; subtables/config respeitados.; pool2: 5–8 sorteio(s); reposição se múltiplos rolls; peso bruto 2/97; normaliza apenas entradas elegíveis",Ingrediente nas receitas auditadas: chainmail_leggings_repairing,Alta nos arquivos versionados; configurações/datapacks externos não confirmados,/images/bestiary/audited/aether/sun-spirit.png,src/main/java/com/aetherteam/aether/client/renderer/entity/model/SunSpiritModel.java; src/main/java/com/aetherteam/aether/client/renderer/entity/SunSpiritRenderer.java; src/main/resources/assets/aether/textures/entity/mobs/sun_spirit/sun_spirit.png; src/main/java/com/aetherteam/aether/client/renderer/AetherRenderers.java; src/main/java/com/aetherteam/aether/client/renderer/AetherModelLayers.java; output-aether/proveniencia.json,evidence-final-aether/aether-1.21.1-1.5.10-neoforge.jar::data/aether/loot_table/chests/dungeon/gold/gold_dungeon_reward.json; evidence-final-aether/src/main/java/com/aetherteam/aether/entity/monster/dungeon/boss/SunSpirit.java,/bestiary/receitas/aether.html#receita-chainmail-leggings-repairing | [Receita chainmail_leggings_repairing](lote-final-2026-10-06/aether-cards-2026-10-06.md#receita-chainmail-leggings-repairing) — data/aether/recipe/chainmail_leggings_repairing.json
Sun Spirit,The Aether,Chefe de encontro; comportamento definido na classe e herança citadas,"Gold Dungeon, sala do Sun Spirit.",Baú de recompensa da dungeon,minecraft:chainmail_boots,1,"Tesouro de gold; baú pré-gerado/trancado, desbloqueável pela Dungeon Key correspondente após combate. Independente dos drops físicos de morte; subtables/config respeitados.; pool2: 5–8 sorteio(s); reposição se múltiplos rolls; peso bruto 2/97; normaliza apenas entradas elegíveis",Ingrediente nas receitas auditadas: chainmail_boots_repairing,Alta nos arquivos versionados; configurações/datapacks externos não confirmados,/images/bestiary/audited/aether/sun-spirit.png,src/main/java/com/aetherteam/aether/client/renderer/entity/model/SunSpiritModel.java; src/main/java/com/aetherteam/aether/client/renderer/entity/SunSpiritRenderer.java; src/main/resources/assets/aether/textures/entity/mobs/sun_spirit/sun_spirit.png; src/main/java/com/aetherteam/aether/client/renderer/AetherRenderers.java; src/main/java/com/aetherteam/aether/client/renderer/AetherModelLayers.java; output-aether/proveniencia.json,evidence-final-aether/aether-1.21.1-1.5.10-neoforge.jar::data/aether/loot_table/chests/dungeon/gold/gold_dungeon_reward.json; evidence-final-aether/src/main/java/com/aetherteam/aether/entity/monster/dungeon/boss/SunSpirit.java,/bestiary/receitas/aether.html#receita-chainmail-boots-repairing | [Receita chainmail_boots_repairing](lote-final-2026-10-06/aether-cards-2026-10-06.md#receita-chainmail-boots-repairing) — data/aether/recipe/chainmail_boots_repairing.json
Sun Spirit,The Aether,Chefe de encontro; comportamento definido na classe e herança citadas,"Gold Dungeon, sala do Sun Spirit.",Baú de recompensa da dungeon,aether:chainmail_gloves,1,"Tesouro de gold; baú pré-gerado/trancado, desbloqueável pela Dungeon Key correspondente após combate. Independente dos drops físicos de morte; subtables/config respeitados.; pool2: 5–8 sorteio(s); reposição se múltiplos rolls; peso bruto 2/97; normaliza apenas entradas elegíveis","Ingrediente nas receitas auditadas: {'count': 1, 'id': 'minecraft:iron_nugget'}, {'count': 1, 'id': 'minecraft:iron_nugget'}, chainmail_gloves_repairing",Alta nos arquivos versionados; configurações/datapacks externos não confirmados,/images/bestiary/audited/aether/sun-spirit.png,src/main/java/com/aetherteam/aether/client/renderer/entity/model/SunSpiritModel.java; src/main/java/com/aetherteam/aether/client/renderer/entity/SunSpiritRenderer.java; src/main/resources/assets/aether/textures/entity/mobs/sun_spirit/sun_spirit.png; src/main/java/com/aetherteam/aether/client/renderer/AetherRenderers.java; src/main/java/com/aetherteam/aether/client/renderer/AetherModelLayers.java; output-aether/proveniencia.json,evidence-final-aether/aether-1.21.1-1.5.10-neoforge.jar::data/aether/loot_table/chests/dungeon/gold/gold_dungeon_reward.json; evidence-final-aether/src/main/java/com/aetherteam/aether/entity/monster/dungeon/boss/SunSpirit.java; evidence-final-aether/src/main/java/com/aetherteam/aether/item/AetherItems.java; registros-usos-itens.json#aether:chainmail_gloves,/bestiary/receitas/aether.html#receita-aether-iron-nugget-from-blasting | [Receita aether_iron_nugget_from_blasting](lote-final-2026-10-06/aether-cards-2026-10-06.md#receita-aether-iron-nugget-from-blasting) — data/aether/recipe/aether_iron_nugget_from_blasting.json; [Receita aether_iron_nugget_from_smelting](lote-final-2026-10-06/aether-cards-2026-10-06.md#receita-aether-iron-nugget-from-smelting) — data/aether/recipe/aether_iron_nugget_from_smelting.json; [Receita chainmail_gloves_repairing](lote-final-2026-10-06/aether-cards-2026-10-06.md#receita-chainmail-gloves-repairing) — data/aether/recipe/chainmail_gloves_repairing.json
Sun Spirit,The Aether,Chefe de encontro; comportamento definido na classe e herança citadas,"Gold Dungeon, sala do Sun Spirit.",Baú de recompensa da dungeon,aether:ice_pendant,1,"Tesouro de gold; baú pré-gerado/trancado, desbloqueável pela Dungeon Key correspondente após combate. Independente dos drops físicos de morte; subtables/config respeitados.; pool2: 5–8 sorteio(s); reposição se múltiplos rolls; peso bruto 6/97; normaliza apenas entradas elegíveis","Acessório equipável da classe IcePendantItem; capacidade/slot definidos na classe versionada citada, efeito não inferido de nome",Alta no recurso/registro/classe citados; condições efetivas do pack não confirmadas,/images/bestiary/audited/aether/sun-spirit.png,src/main/java/com/aetherteam/aether/client/renderer/entity/model/SunSpiritModel.java; src/main/java/com/aetherteam/aether/client/renderer/entity/SunSpiritRenderer.java; src/main/resources/assets/aether/textures/entity/mobs/sun_spirit/sun_spirit.png; src/main/java/com/aetherteam/aether/client/renderer/AetherRenderers.java; src/main/java/com/aetherteam/aether/client/renderer/AetherModelLayers.java; output-aether/proveniencia.json,evidence-final-aether/aether-1.21.1-1.5.10-neoforge.jar::data/aether/loot_table/chests/dungeon/gold/gold_dungeon_reward.json; evidence-final-aether/src/main/java/com/aetherteam/aether/entity/monster/dungeon/boss/SunSpirit.java; evidence-final-aether/src/main/java/com/aetherteam/aether/item/AetherItems.java; registros-usos-itens.json#aether:ice_pendant,Não aplicável: uso direto ou nenhuma receita identificada na build
Sun Spirit,The Aether,Chefe de encontro; comportamento definido na classe e herança citadas,"Gold Dungeon, sala do Sun Spirit.",Baú de recompensa da dungeon,aether:ice_ring,1,"Tesouro de gold; baú pré-gerado/trancado, desbloqueável pela Dungeon Key correspondente após combate. Independente dos drops físicos de morte; subtables/config respeitados.; pool2: 5–8 sorteio(s); reposição se múltiplos rolls; peso bruto 6/97; normaliza apenas entradas elegíveis","Acessório equipável da classe IceRingItem; capacidade/slot definidos na classe versionada citada, efeito não inferido de nome",Alta no recurso/registro/classe citados; condições efetivas do pack não confirmadas,/images/bestiary/audited/aether/sun-spirit.png,src/main/java/com/aetherteam/aether/client/renderer/entity/model/SunSpiritModel.java; src/main/java/com/aetherteam/aether/client/renderer/entity/SunSpiritRenderer.java; src/main/resources/assets/aether/textures/entity/mobs/sun_spirit/sun_spirit.png; src/main/java/com/aetherteam/aether/client/renderer/AetherRenderers.java; src/main/java/com/aetherteam/aether/client/renderer/AetherModelLayers.java; output-aether/proveniencia.json,evidence-final-aether/aether-1.21.1-1.5.10-neoforge.jar::data/aether/loot_table/chests/dungeon/gold/gold_dungeon_reward.json; evidence-final-aether/src/main/java/com/aetherteam/aether/entity/monster/dungeon/boss/SunSpirit.java; evidence-final-aether/src/main/java/com/aetherteam/aether/item/AetherItems.java; registros-usos-itens.json#aether:ice_ring,Não aplicável: uso direto ou nenhuma receita identificada na build
Sun Spirit,The Aether,Chefe de encontro; comportamento definido na classe e herança citadas,"Gold Dungeon, sala do Sun Spirit.",Baú de recompensa da dungeon,aether:golden_gummy_swet,1,"Tesouro de gold; baú pré-gerado/trancado, desbloqueável pela Dungeon Key correspondente após combate. Independente dos drops físicos de morte; subtables/config respeitados.; pool3: 4–20 sorteio(s); reposição se múltiplos rolls; peso bruto 6/14; normaliza apenas entradas elegíveis","Mesmo GummySwetItem: alimento ou cura até saúde máxima conforme healing_gummy_swets; consumo16ticks, condições na classe.",Alta no recurso/registro/classe citados; condições efetivas do pack não confirmadas,/images/bestiary/audited/aether/sun-spirit.png,src/main/java/com/aetherteam/aether/client/renderer/entity/model/SunSpiritModel.java; src/main/java/com/aetherteam/aether/client/renderer/entity/SunSpiritRenderer.java; src/main/resources/assets/aether/textures/entity/mobs/sun_spirit/sun_spirit.png; src/main/java/com/aetherteam/aether/client/renderer/AetherRenderers.java; src/main/java/com/aetherteam/aether/client/renderer/AetherModelLayers.java; output-aether/proveniencia.json,evidence-final-aether/aether-1.21.1-1.5.10-neoforge.jar::data/aether/loot_table/chests/dungeon/gold/gold_dungeon_reward.json; evidence-final-aether/src/main/java/com/aetherteam/aether/entity/monster/dungeon/boss/SunSpirit.java; evidence-final-aether/src/main/java/com/aetherteam/aether/item/AetherItems.java; registros-usos-itens.json#aether:golden_gummy_swet,Não aplicável: uso direto ou nenhuma receita identificada na build
Sun Spirit,The Aether,Chefe de encontro; comportamento definido na classe e herança citadas,"Gold Dungeon, sala do Sun Spirit.",Baú de recompensa da dungeon,aether:healing_stone,1,"Tesouro de gold; baú pré-gerado/trancado, desbloqueável pela Dungeon Key correspondente após combate. Independente dos drops físicos de morte; subtables/config respeitados.; pool3: 4–20 sorteio(s); reposição se múltiplos rolls; peso bruto 3/14; normaliza apenas entradas elegíveis",Consumível de cura pela HealingStoneItem; comportamento original preservado,Alta no recurso/registro/classe citados; condições efetivas do pack não confirmadas,/images/bestiary/audited/aether/sun-spirit.png,src/main/java/com/aetherteam/aether/client/renderer/entity/model/SunSpiritModel.java; src/main/java/com/aetherteam/aether/client/renderer/entity/SunSpiritRenderer.java; src/main/resources/assets/aether/textures/entity/mobs/sun_spirit/sun_spirit.png; src/main/java/com/aetherteam/aether/client/renderer/AetherRenderers.java; src/main/java/com/aetherteam/aether/client/renderer/AetherModelLayers.java; output-aether/proveniencia.json,evidence-final-aether/aether-1.21.1-1.5.10-neoforge.jar::data/aether/loot_table/chests/dungeon/gold/gold_dungeon_reward.json; evidence-final-aether/src/main/java/com/aetherteam/aether/entity/monster/dungeon/boss/SunSpirit.java; evidence-final-aether/src/main/java/com/aetherteam/aether/item/AetherItems.java; registros-usos-itens.json#aether:healing_stone,Não aplicável: uso direto ou nenhuma receita identificada na build
Sun Spirit,The Aether,Chefe de encontro; comportamento definido na classe e herança citadas,"Gold Dungeon, sala do Sun Spirit.",Baú de recompensa da dungeon,aether:enchanted_berry,1,"Tesouro de gold; baú pré-gerado/trancado, desbloqueável pela Dungeon Key correspondente após combate. Independente dos drops físicos de morte; subtables/config respeitados.; pool3: 4–20 sorteio(s); reposição se múltiplos rolls; peso bruto 5/14; normaliza apenas entradas elegíveis","Alimento registrado; efeitos/consumo conforme registro original: public static final DeferredItem<Item> ENCHANTED_BERRY = ITEMS.register(""enchanted_berry"", () -> new Item(new Item.Properties().rarity(Rarity.RARE).food(AetherFoods.ENCHANTED_BERRY)));",Alta no recurso/registro/classe citados; condições efetivas do pack não confirmadas,/images/bestiary/audited/aether/sun-spirit.png,src/main/java/com/aetherteam/aether/client/renderer/entity/model/SunSpiritModel.java; src/main/java/com/aetherteam/aether/client/renderer/entity/SunSpiritRenderer.java; src/main/resources/assets/aether/textures/entity/mobs/sun_spirit/sun_spirit.png; src/main/java/com/aetherteam/aether/client/renderer/AetherRenderers.java; src/main/java/com/aetherteam/aether/client/renderer/AetherModelLayers.java; output-aether/proveniencia.json,evidence-final-aether/aether-1.21.1-1.5.10-neoforge.jar::data/aether/loot_table/chests/dungeon/gold/gold_dungeon_reward.json; evidence-final-aether/src/main/java/com/aetherteam/aether/entity/monster/dungeon/boss/SunSpirit.java; evidence-final-aether/src/main/java/com/aetherteam/aether/item/AetherItems.java; registros-usos-itens.json#aether:enchanted_berry,Não aplicável: uso direto ou nenhuma receita identificada na build
Sun Spirit,The Aether,Chefe de encontro; comportamento definido na classe e herança citadas,"Gold Dungeon, sala do Sun Spirit.",Baú de recompensa da dungeon,aether:icestone,1,"Tesouro de gold; baú pré-gerado/trancado, desbloqueável pela Dungeon Key correspondente após combate. Independente dos drops físicos de morte; subtables/config respeitados.; pool4: 0–4 sorteio(s); reposição se múltiplos rolls; peso bruto 3/6; normaliza apenas entradas elegíveis","Ingrediente nas receitas auditadas: {'count': 1, 'id': 'aether:icestone_wall'}, {'count': 4, 'id': 'aether:icestone_stairs'}, {'count': 6, 'id': 'aether:icestone_wall'}, {'count': 2, 'id': 'aether:icestone_slab'}, {'count': 1, 'id': 'aether:icestone_stairs'}, {'count': 6, 'id': 'aether:icestone_slab'}, {'count': 1, 'id': 'aether:freezer'}",Alta nos arquivos versionados; configurações/datapacks externos não confirmados,/images/bestiary/audited/aether/sun-spirit.png,src/main/java/com/aetherteam/aether/client/renderer/entity/model/SunSpiritModel.java; src/main/java/com/aetherteam/aether/client/renderer/entity/SunSpiritRenderer.java; src/main/resources/assets/aether/textures/entity/mobs/sun_spirit/sun_spirit.png; src/main/java/com/aetherteam/aether/client/renderer/AetherRenderers.java; src/main/java/com/aetherteam/aether/client/renderer/AetherModelLayers.java; output-aether/proveniencia.json,evidence-final-aether/aether-1.21.1-1.5.10-neoforge.jar::data/aether/loot_table/chests/dungeon/gold/gold_dungeon_reward.json; evidence-final-aether/src/main/java/com/aetherteam/aether/entity/monster/dungeon/boss/SunSpirit.java,/bestiary/receitas/aether.html#receita-icestone-wall-from-icestone-stonecutting | [Receita icestone_wall_from_icestone_stonecutting](lote-final-2026-10-06/aether-cards-2026-10-06.md#receita-icestone-wall-from-icestone-stonecutting) — data/aether/recipe/icestone_wall_from_icestone_stonecutting.json; [Receita icestone_stairs](lote-final-2026-10-06/aether-cards-2026-10-06.md#receita-icestone-stairs) — data/aether/recipe/icestone_stairs.json; [Receita icestone_wall](lote-final-2026-10-06/aether-cards-2026-10-06.md#receita-icestone-wall) — data/aether/recipe/icestone_wall.json; [Receita icestone_slab_from_icestone_stonecutting](lote-final-2026-10-06/aether-cards-2026-10-06.md#receita-icestone-slab-from-icestone-stonecutting) — data/aether/recipe/icestone_slab_from_icestone_stonecutting.json; [Receita icestone_stairs_from_icestone_stonecutting](lote-final-2026-10-06/aether-cards-2026-10-06.md#receita-icestone-stairs-from-icestone-stonecutting) — data/aether/recipe/icestone_stairs_from_icestone_stonecutting.json; [Receita icestone_slab](lote-final-2026-10-06/aether-cards-2026-10-06.md#receita-icestone-slab) — data/aether/recipe/icestone_slab.json; [Receita freezer](lote-final-2026-10-06/aether-cards-2026-10-06.md#receita-freezer) — data/aether/recipe/freezer.json
Sun Spirit,The Aether,Chefe de encontro; comportamento definido na classe e herança citadas,"Gold Dungeon, sala do Sun Spirit.",Baú de recompensa da dungeon,minecraft:obsidian,1,"Tesouro de gold; baú pré-gerado/trancado, desbloqueável pela Dungeon Key correspondente após combate. Independente dos drops físicos de morte; subtables/config respeitados.; pool4: 0–4 sorteio(s); reposição se múltiplos rolls; peso bruto 2/6; normaliza apenas entradas elegíveis","Portal Nether, decoração e outros crafts",Alta nos arquivos versionados; configurações/datapacks externos não confirmados,/images/bestiary/audited/aether/sun-spirit.png,src/main/java/com/aetherteam/aether/client/renderer/entity/model/SunSpiritModel.java; src/main/java/com/aetherteam/aether/client/renderer/entity/SunSpiritRenderer.java; src/main/resources/assets/aether/textures/entity/mobs/sun_spirit/sun_spirit.png; src/main/java/com/aetherteam/aether/client/renderer/AetherRenderers.java; src/main/java/com/aetherteam/aether/client/renderer/AetherModelLayers.java; output-aether/proveniencia.json,evidence-final-aether/aether-1.21.1-1.5.10-neoforge.jar::data/aether/loot_table/chests/dungeon/gold/gold_dungeon_reward.json; evidence-final-aether/src/main/java/com/aetherteam/aether/entity/monster/dungeon/boss/SunSpirit.java,[Receitas vanilla1.21.1](lote-final-2026-10-06/receitas-vanilla.json)
Sun Spirit,The Aether,Chefe de encontro; comportamento definido na classe e herança citadas,"Gold Dungeon, sala do Sun Spirit.",Baú de recompensa da dungeon,aether:aerogel,1,"Tesouro de gold; baú pré-gerado/trancado, desbloqueável pela Dungeon Key correspondente após combate. Independente dos drops físicos de morte; subtables/config respeitados.; pool4: 0–4 sorteio(s); reposição se múltiplos rolls; peso bruto 1/6; normaliza apenas entradas elegíveis","Ingrediente nas receitas auditadas: {'count': 1, 'id': 'aether:aerogel_stairs'}, {'count': 6, 'id': 'aether:aerogel_wall'}, {'count': 2, 'id': 'aether:aerogel_slab'}, {'count': 6, 'id': 'aether:aerogel_slab'}, {'count': 1, 'id': 'aether:aerogel_wall'}, {'count': 4, 'id': 'aether:aerogel_stairs'}",Alta nos arquivos versionados; configurações/datapacks externos não confirmados,/images/bestiary/audited/aether/sun-spirit.png,src/main/java/com/aetherteam/aether/client/renderer/entity/model/SunSpiritModel.java; src/main/java/com/aetherteam/aether/client/renderer/entity/SunSpiritRenderer.java; src/main/resources/assets/aether/textures/entity/mobs/sun_spirit/sun_spirit.png; src/main/java/com/aetherteam/aether/client/renderer/AetherRenderers.java; src/main/java/com/aetherteam/aether/client/renderer/AetherModelLayers.java; output-aether/proveniencia.json,evidence-final-aether/aether-1.21.1-1.5.10-neoforge.jar::data/aether/loot_table/chests/dungeon/gold/gold_dungeon_reward.json; evidence-final-aether/src/main/java/com/aetherteam/aether/entity/monster/dungeon/boss/SunSpirit.java,/bestiary/receitas/aether.html#receita-aerogel-stairs-from-aerogel-stonecutting | [Receita aerogel_stairs_from_aerogel_stonecutting](lote-final-2026-10-06/aether-cards-2026-10-06.md#receita-aerogel-stairs-from-aerogel-stonecutting) — data/aether/recipe/aerogel_stairs_from_aerogel_stonecutting.json; [Receita aerogel_wall](lote-final-2026-10-06/aether-cards-2026-10-06.md#receita-aerogel-wall) — data/aether/recipe/aerogel_wall.json; [Receita aerogel_slab_from_aerogel_stonecutting](lote-final-2026-10-06/aether-cards-2026-10-06.md#receita-aerogel-slab-from-aerogel-stonecutting) — data/aether/recipe/aerogel_slab_from_aerogel_stonecutting.json; [Receita aerogel_slab](lote-final-2026-10-06/aether-cards-2026-10-06.md#receita-aerogel-slab) — data/aether/recipe/aerogel_slab.json; [Receita aerogel_wall_from_aerogel_stonecutting](lote-final-2026-10-06/aether-cards-2026-10-06.md#receita-aerogel-wall-from-aerogel-stonecutting) — data/aether/recipe/aerogel_wall_from_aerogel_stonecutting.json; [Receita aerogel_stairs](lote-final-2026-10-06/aether-cards-2026-10-06.md#receita-aerogel-stairs) — data/aether/recipe/aerogel_stairs.json
