Mob,Mod,Categoria/comportamento,Onde encontrar,Mecanismo,Drop/Recompensa,Quantidade,Chance/condição,Para que serve,Confiança,Imagem,Fonte da imagem,Fontes pesquisadas,Crafting
Bone Serpent,Alex’s Mobs Continued,Criatura Monster; comportamento definido na classe e herança citadas,BiomeConfig padrão: (NÃO #forge:no_default_monsters E #minecraft:is_nether); grupos alternativos; entradas externas só se biomas existirem. Fonte: evidence-am/decompiled-full/com/github/alexthe666/alexsmobs/config/BiomeConfig.java → evidence-am/decompiled-full/com/github/alexthe666/alexsmobs/config/DefaultBiomes.java; configuração efetiva do servidor não confirmada.,Loot de morte,alexsmobs:bone_serpent_tooth,0–1,Loot condicionado ao caminho de morte; herança/interações/variantes fora deste pool separadas; pool1: 1 sorteio(s); reposição se múltiplos rolls; peso bruto 1/1; normaliza apenas entradas elegíveis; set_count; Saque minecraft:looting: bônus Math.round(nível × sorteio 0–1); limite sem limite explícito,"não confirmado: material Item simples fireResistant; nenhuma receita, tag consumidora ou habilidade própria encontrada na build2.1.14 após varredura integral. Falta evidência versionada de uma serventia ativa",Exceção de uso; recompensa confirmada apenas quando fontes demonstram o mecanismo,/images/bestiary/audited/am/bone-serpent.png,com/github/alexthe666/alexsmobs/client/model/ModelBoneSerpentHead.class; com/github/alexthe666/alexsmobs/client/render/RenderBoneSerpent.class; assets/alexsmobs/textures/entity/bone_serpent_head.png; assets/alexsmobs/textures/entity/bone_serpent_mid.png; assets/alexsmobs/textures/entity/bone_serpent_tail.png; com/github/alexthe666/alexsmobs/ClientProxy.class; com/github/alexthe666/alexsmobs/citadel/client/model/AdvancedEntityModel.class; com/github/alexthe666/alexsmobs/citadel/client/model/AdvancedModelBox.class; com/github/alexthe666/alexsmobs/client/model/ModelBoneSerpentBody.class; com/github/alexthe666/alexsmobs/client/model/ModelBoneSerpentTail.class; com/github/alexthe666/alexsmobs/client/render/RenderBoneSerpentPart.class; com/github/alexthe666/alexsmobs/entity/AMEntityRegistry.class; com/github/alexthe666/alexsmobs/entity/EntityBoneSerpent.class; com/github/alexthe666/alexsmobs/entity/EntityBoneSerpentPart.class; output-am/proveniencia.json,evidence-am/alexsmobs-2.1.14-neoforge+1.21.1.jar::data/alexsmobs/loot_table/entities/bone_serpent.json; evidence-am/decompiled-full/com/github/alexthe666/alexsmobs/entity/EntityBoneSerpent.java; evidence-am/decompiled-full/com/github/alexthe666/alexsmobs/item/AMItemRegistry.java; registros-usos-itens.json#alexsmobs:bone_serpent_tooth,Não aplicável: uso direto ou nenhuma receita identificada na build
Bone Serpent,Alex’s Mobs Continued,Criatura Monster; comportamento definido na classe e herança citadas,BiomeConfig padrão: (NÃO #forge:no_default_monsters E #minecraft:is_nether); grupos alternativos; entradas externas só se biomas existirem. Fonte: evidence-am/decompiled-full/com/github/alexthe666/alexsmobs/config/BiomeConfig.java → evidence-am/decompiled-full/com/github/alexthe666/alexsmobs/config/DefaultBiomes.java; configuração efetiva do servidor não confirmada.,Loot de morte,minecraft:bone,10–15,Loot condicionado ao caminho de morte; herança/interações/variantes fora deste pool separadas; pool2: 1 sorteio(s); reposição se múltiplos rolls; peso bruto 1/1; normaliza apenas entradas elegíveis; set_count; Saque minecraft:looting: bônus Math.round(nível × sorteio 0–3); limite sem limite explícito,Ingrediente nas receitas auditadas: {'id': 'alexsmobs:sopa_de_macaco'},Alta nos arquivos versionados; configurações/datapacks externos não confirmados,/images/bestiary/audited/am/bone-serpent.png,com/github/alexthe666/alexsmobs/client/model/ModelBoneSerpentHead.class; com/github/alexthe666/alexsmobs/client/render/RenderBoneSerpent.class; assets/alexsmobs/textures/entity/bone_serpent_head.png; assets/alexsmobs/textures/entity/bone_serpent_mid.png; assets/alexsmobs/textures/entity/bone_serpent_tail.png; com/github/alexthe666/alexsmobs/ClientProxy.class; com/github/alexthe666/alexsmobs/citadel/client/model/AdvancedEntityModel.class; com/github/alexthe666/alexsmobs/citadel/client/model/AdvancedModelBox.class; com/github/alexthe666/alexsmobs/client/model/ModelBoneSerpentBody.class; com/github/alexthe666/alexsmobs/client/model/ModelBoneSerpentTail.class; com/github/alexthe666/alexsmobs/client/render/RenderBoneSerpentPart.class; com/github/alexthe666/alexsmobs/entity/AMEntityRegistry.class; com/github/alexthe666/alexsmobs/entity/EntityBoneSerpent.class; com/github/alexthe666/alexsmobs/entity/EntityBoneSerpentPart.class; output-am/proveniencia.json,evidence-am/alexsmobs-2.1.14-neoforge+1.21.1.jar::data/alexsmobs/loot_table/entities/bone_serpent.json; evidence-am/decompiled-full/com/github/alexthe666/alexsmobs/entity/EntityBoneSerpent.java,/bestiary/receitas/am.html#receita-sopa-de-macaco | [Receita sopa_de_macaco](lote-final-2026-10-06/am-cards-2026-10-06.md#receita-sopa-de-macaco) — data/alexsmobs/recipe/sopa_de_macaco.json
Bone Serpent,Alex’s Mobs Continued,Criatura Monster; comportamento definido na classe e herança citadas,BiomeConfig padrão: (NÃO #forge:no_default_monsters E #minecraft:is_nether); grupos alternativos; entradas externas só se biomas existirem. Fonte: evidence-am/decompiled-full/com/github/alexthe666/alexsmobs/config/BiomeConfig.java → evidence-am/decompiled-full/com/github/alexthe666/alexsmobs/config/DefaultBiomes.java; configuração efetiva do servidor não confirmada.,Loot de morte,minecraft:bone_block,1–4,Loot condicionado ao caminho de morte; herança/interações/variantes fora deste pool separadas; pool3: 1 sorteio(s); reposição se múltiplos rolls; peso bruto 1/1; normaliza apenas entradas elegíveis; set_count; Saque minecraft:looting: bônus Math.round(nível × sorteio 0–2); limite sem limite explícito,"Ingrediente nas receitas auditadas: {'id': 'alexsmobs:sculk_boomer', 'count': 1}",Alta nos arquivos versionados; configurações/datapacks externos não confirmados,/images/bestiary/audited/am/bone-serpent.png,com/github/alexthe666/alexsmobs/client/model/ModelBoneSerpentHead.class; com/github/alexthe666/alexsmobs/client/render/RenderBoneSerpent.class; assets/alexsmobs/textures/entity/bone_serpent_head.png; assets/alexsmobs/textures/entity/bone_serpent_mid.png; assets/alexsmobs/textures/entity/bone_serpent_tail.png; com/github/alexthe666/alexsmobs/ClientProxy.class; com/github/alexthe666/alexsmobs/citadel/client/model/AdvancedEntityModel.class; com/github/alexthe666/alexsmobs/citadel/client/model/AdvancedModelBox.class; com/github/alexthe666/alexsmobs/client/model/ModelBoneSerpentBody.class; com/github/alexthe666/alexsmobs/client/model/ModelBoneSerpentTail.class; com/github/alexthe666/alexsmobs/client/render/RenderBoneSerpentPart.class; com/github/alexthe666/alexsmobs/entity/AMEntityRegistry.class; com/github/alexthe666/alexsmobs/entity/EntityBoneSerpent.class; com/github/alexthe666/alexsmobs/entity/EntityBoneSerpentPart.class; output-am/proveniencia.json,evidence-am/alexsmobs-2.1.14-neoforge+1.21.1.jar::data/alexsmobs/loot_table/entities/bone_serpent.json; evidence-am/decompiled-full/com/github/alexthe666/alexsmobs/entity/EntityBoneSerpent.java,/bestiary/receitas/am.html#receita-sculk-boomer | [Receita sculk_boomer](lote-final-2026-10-06/am-cards-2026-10-06.md#receita-sculk-boomer) — data/alexsmobs/recipe/sculk_boomer.json
Crow,Alex’s Mobs Continued,Criatura TamableAnimal; comportamento definido na classe e herança citadas,BiomeConfig padrão: (#minecraft:is_overworld E NÃO #minecraft:is_savanna E #forge:is_plains) OU (#minecraft:is_overworld E #minecraft:is_forest) OU (#minecraft:is_overworld E #minecraft:is_taiga) OU (terralith:cold_shrubland) OU (terralith:highlands) OU (terralith:hot_shrubland) OU (terralith:rocky_shrubland) OU (terralith:shield_clearing) OU (terralith:steppe) OU (terralith:valley_clearing) OU (terralith:alpine_grove) OU (terralith:birch_taiga) OU (terralith:blooming_valley) OU (terralith:lavender_forest) OU (terralith:lavender_valley) OU (terralith:moonlight_grove) OU (terralith:moonlight_valley) OU (terralith:sakura_grove) OU (terralith:sakura_valley) OU (terralith:highlands) OU (terralith:shield_clearing) OU (terralith:alpine_highlands) OU (terralith:forested_highlands) OU (terralith:lush_valley) OU (terralith:shield) OU (terralith:snowy_maple_forest) OU (terralith:temperate_highlands) OU (terralith:wintry_forest) OU (terralith:yosemite_lowlands) OU (terralith:skylands_autumn) OU (terralith:skylands_spring) OU (terralith:skylands_winter) OU (terralith:mirage_isles) OU (terralith:cloud_forest) OU (minecraft:cherry_grove) OU (biomesoplenty:snowblossom_grove); grupos alternativos; entradas externas só se biomas existirem. Fonte: evidence-am/decompiled-full/com/github/alexthe666/alexsmobs/config/BiomeConfig.java → evidence-am/decompiled-full/com/github/alexthe666/alexsmobs/config/DefaultBiomes.java; configuração efetiva do servidor não confirmada.,Loot de morte,minecraft:feather,0–1,Loot condicionado ao caminho de morte; herança/interações/variantes fora deste pool separadas; pool1: 1 sorteio(s); reposição se múltiplos rolls; peso bruto 1/1; normaliza apenas entradas elegíveis; set_count; Saque minecraft:looting: bônus Math.round(nível × sorteio 0–1); limite sem limite explícito,Flechas; livro e pena,Alta nos arquivos versionados; configurações/datapacks externos não confirmados,/images/bestiary/audited/am/crow.png,com/github/alexthe666/alexsmobs/client/model/ModelCrow.class; com/github/alexthe666/alexsmobs/client/render/RenderCrow.class; assets/alexsmobs/textures/entity/crow.png; com/github/alexthe666/alexsmobs/ClientProxy.class; com/github/alexthe666/alexsmobs/citadel/client/model/AdvancedEntityModel.class; com/github/alexthe666/alexsmobs/citadel/client/model/AdvancedModelBox.class; com/github/alexthe666/alexsmobs/client/render/layer/LayerCrowItem.class; com/github/alexthe666/alexsmobs/entity/AMEntityRegistry.class; output-am/proveniencia.json,evidence-am/alexsmobs-2.1.14-neoforge+1.21.1.jar::data/alexsmobs/loot_table/entities/crow.json; evidence-am/decompiled-full/com/github/alexthe666/alexsmobs/entity/EntityCrow.java,[Receitas vanilla1.21.1](lote-final-2026-10-06/receitas-vanilla.json)
Crow,Alex’s Mobs Continued,Criatura TamableAnimal; comportamento definido na classe e herança citadas,BiomeConfig padrão: (#minecraft:is_overworld E NÃO #minecraft:is_savanna E #forge:is_plains) OU (#minecraft:is_overworld E #minecraft:is_forest) OU (#minecraft:is_overworld E #minecraft:is_taiga) OU (terralith:cold_shrubland) OU (terralith:highlands) OU (terralith:hot_shrubland) OU (terralith:rocky_shrubland) OU (terralith:shield_clearing) OU (terralith:steppe) OU (terralith:valley_clearing) OU (terralith:alpine_grove) OU (terralith:birch_taiga) OU (terralith:blooming_valley) OU (terralith:lavender_forest) OU (terralith:lavender_valley) OU (terralith:moonlight_grove) OU (terralith:moonlight_valley) OU (terralith:sakura_grove) OU (terralith:sakura_valley) OU (terralith:highlands) OU (terralith:shield_clearing) OU (terralith:alpine_highlands) OU (terralith:forested_highlands) OU (terralith:lush_valley) OU (terralith:shield) OU (terralith:snowy_maple_forest) OU (terralith:temperate_highlands) OU (terralith:wintry_forest) OU (terralith:yosemite_lowlands) OU (terralith:skylands_autumn) OU (terralith:skylands_spring) OU (terralith:skylands_winter) OU (terralith:mirage_isles) OU (terralith:cloud_forest) OU (minecraft:cherry_grove) OU (biomesoplenty:snowblossom_grove); grupos alternativos; entradas externas só se biomas existirem. Fonte: evidence-am/decompiled-full/com/github/alexthe666/alexsmobs/config/BiomeConfig.java → evidence-am/decompiled-full/com/github/alexthe666/alexsmobs/config/DefaultBiomes.java; configuração efetiva do servidor não confirmada.,Devolver item carregado,Mainhand ItemStack,pilha carregada,"Rotina da classe solta mão principal na morte/removal pertinente; linha contextual, não item literal garantido",Recuperar item apanhado/carregado; não somar ao pool como geração nativa,Alta nos arquivos versionados; configurações/datapacks externos não confirmados,/images/bestiary/audited/am/crow.png,com/github/alexthe666/alexsmobs/client/model/ModelCrow.class; com/github/alexthe666/alexsmobs/client/render/RenderCrow.class; assets/alexsmobs/textures/entity/crow.png; com/github/alexthe666/alexsmobs/ClientProxy.class; com/github/alexthe666/alexsmobs/citadel/client/model/AdvancedEntityModel.class; com/github/alexthe666/alexsmobs/citadel/client/model/AdvancedModelBox.class; com/github/alexthe666/alexsmobs/client/render/layer/LayerCrowItem.class; com/github/alexthe666/alexsmobs/entity/AMEntityRegistry.class; output-am/proveniencia.json,/workspace/scratch/25006bff7ab5/evidence-am/decompiled-full/com/github/alexthe666/alexsmobs/entity/EntityCrow.java; evidence-am/decompiled-full/com/github/alexthe666/alexsmobs/entity/EntityCrow.java,Não aplicável: uso direto ou nenhuma receita identificada na build
Grizzly Bear,Alex’s Mobs Continued,Criatura TamableAnimal; alvos: Player,BiomeConfig padrão: (#minecraft:is_overworld E #minecraft:is_forest E NÃO minecraft:sparse_jungle) OU (#minecraft:is_overworld E #minecraft:is_taiga) OU (terralith:alpine_grove) OU (terralith:blooming_valley) OU (terralith:lavender_forest) OU (terralith:lavender_valley) OU (terralith:moonlight_grove) OU (terralith:moonlight_valley) OU (terralith:sakura_grove) OU (terralith:sakura_valley) OU (terralith:highlands) OU (terralith:shield_clearing) OU (terralith:valley_clearing) OU (terralith:alpine_highlands) OU (terralith:cloud_forest) OU (terralith:forested_highlands) OU (terralith:lush_valley) OU (terralith:shield) OU (terralith:snowy_maple_forest) OU (terralith:snowy_shield) OU (terralith:temperate_highlands) OU (terralith:wintry_forest) OU (terralith:yosemite_lowlands) OU (terralith:bryce_canyon) OU (terralith:skylands_autumn) OU (biomesoplenty:redwood_forest) OU (minecraft:cherry_grove) OU (biomesoplenty:snowblossom_grove); grupos alternativos; entradas externas só se biomas existirem. Fonte: evidence-am/decompiled-full/com/github/alexthe666/alexsmobs/config/BiomeConfig.java → evidence-am/decompiled-full/com/github/alexthe666/alexsmobs/config/DefaultBiomes.java; configuração efetiva do servidor não confirmada.,Loot de morte,alexsmobs:bear_fur,-1–2,Loot condicionado ao caminho de morte; herança/interações/variantes fora deste pool separadas; pool1: 1 sorteio(s); reposição se múltiplos rolls; peso bruto 1/1; normaliza apenas entradas elegíveis; set_count; Saque minecraft:looting: bônus Math.round(nível × sorteio 0–1); limite sem limite explícito,"Ingrediente nas receitas auditadas: {'id': 'alexsmobs:banner_pattern_bear'}, {'id': 'alexsmobs:falconry_glove', 'count': 1}, {'id': 'alexsmobs:frontier_cap', 'count': 1}, {'id': 'alexsmobs:frontier_cap', 'count': 1}",Alta nos arquivos versionados; configurações/datapacks externos não confirmados,/images/bestiary/audited/am/grizzly-bear.png,com/github/alexthe666/alexsmobs/client/model/ModelGrizzlyBear.class; com/github/alexthe666/alexsmobs/client/render/RenderGrizzlyBear.class; assets/alexsmobs/textures/entity/grizzly_bear.png; com/github/alexthe666/alexsmobs/ClientProxy.class; com/github/alexthe666/alexsmobs/citadel/client/model/AdvancedEntityModel.class; com/github/alexthe666/alexsmobs/citadel/client/model/AdvancedModelBox.class; com/github/alexthe666/alexsmobs/client/render/RenderGrizzlyBear$LayerFreddyEyes.class; com/github/alexthe666/alexsmobs/client/render/RenderGrizzlyBear$LayerSnow.class; com/github/alexthe666/alexsmobs/client/render/layer/LayerGrizzlyHoney.class; com/github/alexthe666/alexsmobs/client/render/layer/LayerGrizzlyItem.class; com/github/alexthe666/alexsmobs/entity/AMEntityRegistry.class; output-am/proveniencia.json,evidence-am/alexsmobs-2.1.14-neoforge+1.21.1.jar::data/alexsmobs/loot_table/entities/grizzly_bear.json; evidence-am/decompiled-full/com/github/alexthe666/alexsmobs/entity/EntityGrizzlyBear.java; evidence-am/decompiled-full/com/github/alexthe666/alexsmobs/item/AMItemRegistry.java; registros-usos-itens.json#alexsmobs:bear_fur,/bestiary/receitas/am.html#receita-animal-dictionary | [Receita animal_dictionary](lote-final-2026-10-06/am-cards-2026-10-06.md#receita-animal-dictionary) — data/alexsmobs/recipe/animal_dictionary.json; [Receita banner_pattern_bear](lote-final-2026-10-06/am-cards-2026-10-06.md#receita-banner-pattern-bear) — data/alexsmobs/recipe/banner_pattern_bear.json; [Receita falconry_glove](lote-final-2026-10-06/am-cards-2026-10-06.md#receita-falconry-glove) — data/alexsmobs/recipe/falconry_glove.json; [Receita frontier_cap](lote-final-2026-10-06/am-cards-2026-10-06.md#receita-frontier-cap) — data/alexsmobs/recipe/frontier_cap.json; [Receita frontier_cap_alt](lote-final-2026-10-06/am-cards-2026-10-06.md#receita-frontier-cap-alt) — data/alexsmobs/recipe/frontier_cap_alt.json
Grizzly Bear,Alex’s Mobs Continued,Criatura TamableAnimal; alvos: Player,BiomeConfig padrão: (#minecraft:is_overworld E #minecraft:is_forest E NÃO minecraft:sparse_jungle) OU (#minecraft:is_overworld E #minecraft:is_taiga) OU (terralith:alpine_grove) OU (terralith:blooming_valley) OU (terralith:lavender_forest) OU (terralith:lavender_valley) OU (terralith:moonlight_grove) OU (terralith:moonlight_valley) OU (terralith:sakura_grove) OU (terralith:sakura_valley) OU (terralith:highlands) OU (terralith:shield_clearing) OU (terralith:valley_clearing) OU (terralith:alpine_highlands) OU (terralith:cloud_forest) OU (terralith:forested_highlands) OU (terralith:lush_valley) OU (terralith:shield) OU (terralith:snowy_maple_forest) OU (terralith:snowy_shield) OU (terralith:temperate_highlands) OU (terralith:wintry_forest) OU (terralith:yosemite_lowlands) OU (terralith:bryce_canyon) OU (terralith:skylands_autumn) OU (biomesoplenty:redwood_forest) OU (minecraft:cherry_grove) OU (biomesoplenty:snowblossom_grove); grupos alternativos; entradas externas só se biomas existirem. Fonte: evidence-am/decompiled-full/com/github/alexthe666/alexsmobs/config/BiomeConfig.java → evidence-am/decompiled-full/com/github/alexthe666/alexsmobs/config/DefaultBiomes.java; configuração efetiva do servidor não confirmada.,Loot de morte,alexsmobs:bear_dust,1,"Loot condicionado ao caminho de morte; herança/interações/variantes fora deste pool separadas; pool2: 1 sorteio(s); reposição se múltiplos rolls; sem Saque 1%; Saque I 2%, +1 p.p./nível acima de I; peso bruto 1/1; normaliza apenas entradas elegíveis",Usar reproduz som Bear Dust e aplica cooldown3ticks; não há bônus de combate no ItemBearDust.use,Alta no recurso/registro/classe citados; condições efetivas do pack não confirmadas,/images/bestiary/audited/am/grizzly-bear.png,com/github/alexthe666/alexsmobs/client/model/ModelGrizzlyBear.class; com/github/alexthe666/alexsmobs/client/render/RenderGrizzlyBear.class; assets/alexsmobs/textures/entity/grizzly_bear.png; com/github/alexthe666/alexsmobs/ClientProxy.class; com/github/alexthe666/alexsmobs/citadel/client/model/AdvancedEntityModel.class; com/github/alexthe666/alexsmobs/citadel/client/model/AdvancedModelBox.class; com/github/alexthe666/alexsmobs/client/render/RenderGrizzlyBear$LayerFreddyEyes.class; com/github/alexthe666/alexsmobs/client/render/RenderGrizzlyBear$LayerSnow.class; com/github/alexthe666/alexsmobs/client/render/layer/LayerGrizzlyHoney.class; com/github/alexthe666/alexsmobs/client/render/layer/LayerGrizzlyItem.class; com/github/alexthe666/alexsmobs/entity/AMEntityRegistry.class; output-am/proveniencia.json,evidence-am/alexsmobs-2.1.14-neoforge+1.21.1.jar::data/alexsmobs/loot_table/entities/grizzly_bear.json; evidence-am/decompiled-full/com/github/alexthe666/alexsmobs/entity/EntityGrizzlyBear.java; evidence-am/decompiled-full/com/github/alexthe666/alexsmobs/item/AMItemRegistry.java; registros-usos-itens.json#alexsmobs:bear_dust,Não aplicável: uso direto ou nenhuma receita identificada na build
Roadrunner,Alex’s Mobs Continued,Criatura Animal; alvos: LivingEntity,BiomeConfig padrão: (#minecraft:is_badlands) OU (#forge:is_dry/overworld E #forge:is_hot/overworld E #forge:is_sandy) OU (terralith:ancient_sands) OU (terralith:desert_canyon) OU (terralith:desert_oasis) OU (terralith:desert_spires) OU (terralith:red_oasis) OU (terralith:sandstone_valley) OU (terralith:warped_mesa) OU (terralith:white_mesa) OU (terralith:red_oasis); grupos alternativos; entradas externas só se biomas existirem. Fonte: evidence-am/decompiled-full/com/github/alexthe666/alexsmobs/config/BiomeConfig.java → evidence-am/decompiled-full/com/github/alexthe666/alexsmobs/config/DefaultBiomes.java; configuração efetiva do servidor não confirmada.,Loot de morte,alexsmobs:roadrunner_feather,-2–1,Loot condicionado ao caminho de morte; herança/interações/variantes fora deste pool separadas; pool1: 1 sorteio(s); reposição se múltiplos rolls; peso bruto 1/1; normaliza apenas entradas elegíveis; set_count; Saque minecraft:looting: bônus Math.round(nível × sorteio 0–1); limite sem limite explícito,"Ingrediente nas receitas auditadas: {'id': 'alexsmobs:falconry_hood', 'count': 1}, {'id': 'alexsmobs:falconry_hood', 'count': 1}, {'id': 'alexsmobs:roadrunner_boots', 'count': 1}",Alta nos arquivos versionados; configurações/datapacks externos não confirmados,/images/bestiary/audited/am/roadrunner.png,com/github/alexthe666/alexsmobs/client/model/ModelRoadrunner.class; com/github/alexthe666/alexsmobs/client/render/RenderRoadrunner.class; assets/alexsmobs/textures/entity/roadrunner.png; com/github/alexthe666/alexsmobs/ClientProxy.class; com/github/alexthe666/alexsmobs/citadel/client/model/AdvancedEntityModel.class; com/github/alexthe666/alexsmobs/citadel/client/model/AdvancedModelBox.class; com/github/alexthe666/alexsmobs/entity/AMEntityRegistry.class; output-am/proveniencia.json,evidence-am/alexsmobs-2.1.14-neoforge+1.21.1.jar::data/alexsmobs/loot_table/entities/roadrunner.json; evidence-am/decompiled-full/com/github/alexthe666/alexsmobs/entity/EntityRoadrunner.java; evidence-am/decompiled-full/com/github/alexthe666/alexsmobs/item/AMItemRegistry.java; registros-usos-itens.json#alexsmobs:roadrunner_feather,/bestiary/receitas/am.html#receita-animal-dictionary | [Receita animal_dictionary](lote-final-2026-10-06/am-cards-2026-10-06.md#receita-animal-dictionary) — data/alexsmobs/recipe/animal_dictionary.json; [Receita falconry_hood](lote-final-2026-10-06/am-cards-2026-10-06.md#receita-falconry-hood) — data/alexsmobs/recipe/falconry_hood.json; [Receita falconry_hood_alt](lote-final-2026-10-06/am-cards-2026-10-06.md#receita-falconry-hood-alt) — data/alexsmobs/recipe/falconry_hood_alt.json; [Receita roadrunner_boots](lote-final-2026-10-06/am-cards-2026-10-06.md#receita-roadrunner-boots) — data/alexsmobs/recipe/roadrunner_boots.json
Roadrunner,Alex’s Mobs Continued,Criatura Animal; alvos: LivingEntity,BiomeConfig padrão: (#minecraft:is_badlands) OU (#forge:is_dry/overworld E #forge:is_hot/overworld E #forge:is_sandy) OU (terralith:ancient_sands) OU (terralith:desert_canyon) OU (terralith:desert_oasis) OU (terralith:desert_spires) OU (terralith:red_oasis) OU (terralith:sandstone_valley) OU (terralith:warped_mesa) OU (terralith:white_mesa) OU (terralith:red_oasis); grupos alternativos; entradas externas só se biomas existirem. Fonte: evidence-am/decompiled-full/com/github/alexthe666/alexsmobs/config/BiomeConfig.java → evidence-am/decompiled-full/com/github/alexthe666/alexsmobs/config/DefaultBiomes.java; configuração efetiva do servidor não confirmada.,Loot de morte,minecraft:feather,0–2,Loot condicionado ao caminho de morte; herança/interações/variantes fora deste pool separadas; pool2: 1 sorteio(s); reposição se múltiplos rolls; peso bruto 1/1; normaliza apenas entradas elegíveis; set_count; Saque minecraft:looting: bônus Math.round(nível × sorteio 0–1); limite sem limite explícito,Flechas; livro e pena,Alta nos arquivos versionados; configurações/datapacks externos não confirmados,/images/bestiary/audited/am/roadrunner.png,com/github/alexthe666/alexsmobs/client/model/ModelRoadrunner.class; com/github/alexthe666/alexsmobs/client/render/RenderRoadrunner.class; assets/alexsmobs/textures/entity/roadrunner.png; com/github/alexthe666/alexsmobs/ClientProxy.class; com/github/alexthe666/alexsmobs/citadel/client/model/AdvancedEntityModel.class; com/github/alexthe666/alexsmobs/citadel/client/model/AdvancedModelBox.class; com/github/alexthe666/alexsmobs/entity/AMEntityRegistry.class; output-am/proveniencia.json,evidence-am/alexsmobs-2.1.14-neoforge+1.21.1.jar::data/alexsmobs/loot_table/entities/roadrunner.json; evidence-am/decompiled-full/com/github/alexthe666/alexsmobs/entity/EntityRoadrunner.java,[Receitas vanilla1.21.1](lote-final-2026-10-06/receitas-vanilla.json)
Roadrunner,Alex’s Mobs Continued,Criatura Animal; alvos: LivingEntity,BiomeConfig padrão: (#minecraft:is_badlands) OU (#forge:is_dry/overworld E #forge:is_hot/overworld E #forge:is_sandy) OU (terralith:ancient_sands) OU (terralith:desert_canyon) OU (terralith:desert_oasis) OU (terralith:desert_spires) OU (terralith:red_oasis) OU (terralith:sandstone_valley) OU (terralith:warped_mesa) OU (terralith:white_mesa) OU (terralith:red_oasis); grupos alternativos; entradas externas só se biomas existirem. Fonte: evidence-am/decompiled-full/com/github/alexthe666/alexsmobs/config/BiomeConfig.java → evidence-am/decompiled-full/com/github/alexthe666/alexsmobs/config/DefaultBiomes.java; configuração efetiva do servidor não confirmada.,Recompensa com mob vivo,alexsmobs:roadrunner_feather,1,Adulto vivo no servidor; timer reseta24000+nextInt24000 ticks,"Ingrediente nas receitas auditadas: {'id': 'alexsmobs:falconry_hood', 'count': 1}, {'id': 'alexsmobs:falconry_hood', 'count': 1}, {'id': 'alexsmobs:roadrunner_boots', 'count': 1}",Alta nos arquivos versionados; configurações/datapacks externos não confirmados,/images/bestiary/audited/am/roadrunner.png,com/github/alexthe666/alexsmobs/client/model/ModelRoadrunner.class; com/github/alexthe666/alexsmobs/client/render/RenderRoadrunner.class; assets/alexsmobs/textures/entity/roadrunner.png; com/github/alexthe666/alexsmobs/ClientProxy.class; com/github/alexthe666/alexsmobs/citadel/client/model/AdvancedEntityModel.class; com/github/alexthe666/alexsmobs/citadel/client/model/AdvancedModelBox.class; com/github/alexthe666/alexsmobs/entity/AMEntityRegistry.class; output-am/proveniencia.json,/workspace/scratch/25006bff7ab5/evidence-am/decompiled-full/com/github/alexthe666/alexsmobs/entity/EntityRoadrunner.java; evidence-am/decompiled-full/com/github/alexthe666/alexsmobs/entity/EntityRoadrunner.java; evidence-am/decompiled-full/com/github/alexthe666/alexsmobs/item/AMItemRegistry.java; registros-usos-itens.json#alexsmobs:roadrunner_feather,/bestiary/receitas/am.html#receita-animal-dictionary | [Receita animal_dictionary](lote-final-2026-10-06/am-cards-2026-10-06.md#receita-animal-dictionary) — data/alexsmobs/recipe/animal_dictionary.json; [Receita falconry_hood](lote-final-2026-10-06/am-cards-2026-10-06.md#receita-falconry-hood) — data/alexsmobs/recipe/falconry_hood.json; [Receita falconry_hood_alt](lote-final-2026-10-06/am-cards-2026-10-06.md#receita-falconry-hood-alt) — data/alexsmobs/recipe/falconry_hood_alt.json; [Receita roadrunner_boots](lote-final-2026-10-06/am-cards-2026-10-06.md#receita-roadrunner-boots) — data/alexsmobs/recipe/roadrunner_boots.json
Gazelle,Alex’s Mobs Continued,Criatura Animal; comportamento definido na classe e herança citadas,BiomeConfig padrão: (#minecraft:is_savanna) OU (terralith:arid_highlands) OU (terralith:brushland) OU (terralith:fractured_savanna) OU (terralith:savanna_badlands) OU (terralith:savanna_slopes) OU (terralith:shrubland) OU (terralith:red_oasis); grupos alternativos; entradas externas só se biomas existirem. Fonte: evidence-am/decompiled-full/com/github/alexthe666/alexsmobs/config/BiomeConfig.java → evidence-am/decompiled-full/com/github/alexthe666/alexsmobs/config/DefaultBiomes.java; configuração efetiva do servidor não confirmada.,Loot de morte,minecraft:mutton,0–1,"Loot condicionado ao caminho de morte; herança/interações/variantes fora deste pool separadas; pool1: 1 sorteio(s); reposição se múltiplos rolls; peso bruto 1/1; normaliza apenas entradas elegíveis; set_count; Saque minecraft:looting: bônus Math.round(nível × sorteio 0–1); limite sem limite explícito; aplica receita de fundição ao item; função somente se this satisfaz {""flags"": {""is_on_fire"": true}}","Ingrediente nas receitas vanilla1.21.1: {'id': 'minecraft:cooked_mutton'}, {'id': 'minecraft:cooked_mutton'}, {'id': 'minecraft:cooked_mutton'}",Alta nos arquivos versionados; configurações/datapacks externos não confirmados,/images/bestiary/audited/am/gazelle.png,com/github/alexthe666/alexsmobs/client/model/ModelGazelle.class; com/github/alexthe666/alexsmobs/client/render/RenderGazelle.class; assets/alexsmobs/textures/entity/gazelle.png; com/github/alexthe666/alexsmobs/ClientProxy.class; com/github/alexthe666/alexsmobs/citadel/client/model/AdvancedEntityModel.class; com/github/alexthe666/alexsmobs/citadel/client/model/AdvancedModelBox.class; com/github/alexthe666/alexsmobs/entity/AMEntityRegistry.class; output-am/proveniencia.json,evidence-am/alexsmobs-2.1.14-neoforge+1.21.1.jar::data/alexsmobs/loot_table/entities/gazelle.json; evidence-am/decompiled-full/com/github/alexthe666/alexsmobs/entity/EntityGazelle.java,[Receitas vanilla1.21.1](lote-final-2026-10-06/receitas-vanilla.json)
Gazelle,Alex’s Mobs Continued,Criatura Animal; comportamento definido na classe e herança citadas,BiomeConfig padrão: (#minecraft:is_savanna) OU (terralith:arid_highlands) OU (terralith:brushland) OU (terralith:fractured_savanna) OU (terralith:savanna_badlands) OU (terralith:savanna_slopes) OU (terralith:shrubland) OU (terralith:red_oasis); grupos alternativos; entradas externas só se biomas existirem. Fonte: evidence-am/decompiled-full/com/github/alexthe666/alexsmobs/config/BiomeConfig.java → evidence-am/decompiled-full/com/github/alexthe666/alexsmobs/config/DefaultBiomes.java; configuração efetiva do servidor não confirmada.,Loot de morte,alexsmobs:gazelle_horn,0–1,Loot condicionado ao caminho de morte; herança/interações/variantes fora deste pool separadas; pool2: 1 sorteio(s); reposição se múltiplos rolls; peso bruto 1/1; normaliza apenas entradas elegíveis; set_count; Saque minecraft:looting: bônus Math.round(nível × sorteio 0–1); limite sem limite explícito,Ingrediente permitido pela tag alexsmobs:animal_dictionary_ingredient; crafting de Animal Dictionary; item simples fireResistant sem habilidade própria,Alta no recurso/registro/classe citados; condições efetivas do pack não confirmadas,/images/bestiary/audited/am/gazelle.png,com/github/alexthe666/alexsmobs/client/model/ModelGazelle.class; com/github/alexthe666/alexsmobs/client/render/RenderGazelle.class; assets/alexsmobs/textures/entity/gazelle.png; com/github/alexthe666/alexsmobs/ClientProxy.class; com/github/alexthe666/alexsmobs/citadel/client/model/AdvancedEntityModel.class; com/github/alexthe666/alexsmobs/citadel/client/model/AdvancedModelBox.class; com/github/alexthe666/alexsmobs/entity/AMEntityRegistry.class; output-am/proveniencia.json,evidence-am/alexsmobs-2.1.14-neoforge+1.21.1.jar::data/alexsmobs/loot_table/entities/gazelle.json; evidence-am/decompiled-full/com/github/alexthe666/alexsmobs/entity/EntityGazelle.java; evidence-am/decompiled-full/com/github/alexthe666/alexsmobs/item/AMItemRegistry.java; registros-usos-itens.json#alexsmobs:gazelle_horn,/bestiary/receitas/am.html#receita-animal-dictionary | [Receita animal_dictionary](lote-final-2026-10-06/am-cards-2026-10-06.md#receita-animal-dictionary) — data/alexsmobs/recipe/animal_dictionary.json
Crocodile,Alex’s Mobs Continued,Criatura TamableAnimal; comportamento definido na classe e herança citadas,BiomeConfig padrão: (#forge:is_swamp) OU (minecraft:mangrove_swamp) OU (#minecraft:is_river E NÃO #forge:is_cold) OU (biomesoplenty:tropic_beach) OU (terralith:orchid_swamp) OU (terralith:red_oasis) OU (terralith:warm_river); grupos alternativos; entradas externas só se biomas existirem. Fonte: evidence-am/decompiled-full/com/github/alexthe666/alexsmobs/config/BiomeConfig.java → evidence-am/decompiled-full/com/github/alexthe666/alexsmobs/config/DefaultBiomes.java; configuração efetiva do servidor não confirmada.,Loot de morte,alexsmobs:crocodile_scute,-1–2,Loot condicionado ao caminho de morte; herança/interações/variantes fora deste pool separadas; pool1: 1 sorteio(s); reposição se múltiplos rolls; peso bruto 1/1; normaliza apenas entradas elegíveis; set_count; Saque minecraft:looting: bônus Math.round(nível × sorteio 0–1); limite sem limite explícito,"Ingrediente nas receitas auditadas: {'id': 'alexsmobs:crocodile_chestplate', 'count': 1}",Alta nos arquivos versionados; configurações/datapacks externos não confirmados,/images/bestiary/audited/am/crocodile.png,com/github/alexthe666/alexsmobs/client/model/ModelCrocodile.class; com/github/alexthe666/alexsmobs/client/render/RenderCrocodile.class; assets/alexsmobs/textures/entity/crocodile_0.png; com/github/alexthe666/alexsmobs/ClientProxy.class; com/github/alexthe666/alexsmobs/citadel/client/model/AdvancedEntityModel.class; com/github/alexthe666/alexsmobs/citadel/client/model/AdvancedModelBox.class; com/github/alexthe666/alexsmobs/client/render/RenderCrocodile$CrownLayer.class; com/github/alexthe666/alexsmobs/entity/AMEntityRegistry.class; output-am/proveniencia.json,evidence-am/alexsmobs-2.1.14-neoforge+1.21.1.jar::data/alexsmobs/loot_table/entities/crocodile.json; evidence-am/decompiled-full/com/github/alexthe666/alexsmobs/entity/EntityCrocodile.java; evidence-am/decompiled-full/com/github/alexthe666/alexsmobs/item/AMItemRegistry.java; registros-usos-itens.json#alexsmobs:crocodile_scute,/bestiary/receitas/am.html#receita-animal-dictionary | [Receita animal_dictionary](lote-final-2026-10-06/am-cards-2026-10-06.md#receita-animal-dictionary) — data/alexsmobs/recipe/animal_dictionary.json; [Receita crocodile_chestplate](lote-final-2026-10-06/am-cards-2026-10-06.md#receita-crocodile-chestplate) — data/alexsmobs/recipe/crocodile_chestplate.json
Crocodile,Alex’s Mobs Continued,Criatura TamableAnimal; comportamento definido na classe e herança citadas,BiomeConfig padrão: (#forge:is_swamp) OU (minecraft:mangrove_swamp) OU (#minecraft:is_river E NÃO #forge:is_cold) OU (biomesoplenty:tropic_beach) OU (terralith:orchid_swamp) OU (terralith:red_oasis) OU (terralith:warm_river); grupos alternativos; entradas externas só se biomas existirem. Fonte: evidence-am/decompiled-full/com/github/alexthe666/alexsmobs/config/BiomeConfig.java → evidence-am/decompiled-full/com/github/alexthe666/alexsmobs/config/DefaultBiomes.java; configuração efetiva do servidor não confirmada.,Loot de morte,alexsmobs:crocodile_egg,-2–1,Loot condicionado ao caminho de morte; herança/interações/variantes fora deste pool separadas; pool2: 1 sorteio(s); reposição se múltiplos rolls; peso bruto 1/1; normaliza apenas entradas elegíveis; set_count; Saque minecraft:looting: bônus Math.round(nível × sorteio 0–1); limite sem limite explícito,Colocar ovo de Crocodile; bloco CrocodileEgg e eclosão; alimentar/breeding pela classe,Alta no recurso/registro/classe citados; condições efetivas do pack não confirmadas,/images/bestiary/audited/am/crocodile.png,com/github/alexthe666/alexsmobs/client/model/ModelCrocodile.class; com/github/alexthe666/alexsmobs/client/render/RenderCrocodile.class; assets/alexsmobs/textures/entity/crocodile_0.png; com/github/alexthe666/alexsmobs/ClientProxy.class; com/github/alexthe666/alexsmobs/citadel/client/model/AdvancedEntityModel.class; com/github/alexthe666/alexsmobs/citadel/client/model/AdvancedModelBox.class; com/github/alexthe666/alexsmobs/client/render/RenderCrocodile$CrownLayer.class; com/github/alexthe666/alexsmobs/entity/AMEntityRegistry.class; output-am/proveniencia.json,evidence-am/alexsmobs-2.1.14-neoforge+1.21.1.jar::data/alexsmobs/loot_table/entities/crocodile.json; evidence-am/decompiled-full/com/github/alexthe666/alexsmobs/entity/EntityCrocodile.java,Não aplicável: uso direto ou nenhuma receita identificada na build
Crocodile,Alex’s Mobs Continued,Criatura TamableAnimal; comportamento definido na classe e herança citadas,BiomeConfig padrão: (#forge:is_swamp) OU (minecraft:mangrove_swamp) OU (#minecraft:is_river E NÃO #forge:is_cold) OU (biomesoplenty:tropic_beach) OU (terralith:orchid_swamp) OU (terralith:red_oasis) OU (terralith:warm_river); grupos alternativos; entradas externas só se biomas existirem. Fonte: evidence-am/decompiled-full/com/github/alexthe666/alexsmobs/config/BiomeConfig.java → evidence-am/decompiled-full/com/github/alexthe666/alexsmobs/config/DefaultBiomes.java; configuração efetiva do servidor não confirmada.,Recompensa com mob vivo,alexsmobs:crocodile_scute,1,ageBoundaryReached; vira adulto; doMobLoot=true; nextInt1+1=1,"Ingrediente nas receitas auditadas: {'id': 'alexsmobs:crocodile_chestplate', 'count': 1}",Alta nos arquivos versionados; configurações/datapacks externos não confirmados,/images/bestiary/audited/am/crocodile.png,com/github/alexthe666/alexsmobs/client/model/ModelCrocodile.class; com/github/alexthe666/alexsmobs/client/render/RenderCrocodile.class; assets/alexsmobs/textures/entity/crocodile_0.png; com/github/alexthe666/alexsmobs/ClientProxy.class; com/github/alexthe666/alexsmobs/citadel/client/model/AdvancedEntityModel.class; com/github/alexthe666/alexsmobs/citadel/client/model/AdvancedModelBox.class; com/github/alexthe666/alexsmobs/client/render/RenderCrocodile$CrownLayer.class; com/github/alexthe666/alexsmobs/entity/AMEntityRegistry.class; output-am/proveniencia.json,/workspace/scratch/25006bff7ab5/evidence-am/decompiled-full/com/github/alexthe666/alexsmobs/entity/EntityCrocodile.java; evidence-am/decompiled-full/com/github/alexthe666/alexsmobs/entity/EntityCrocodile.java; evidence-am/decompiled-full/com/github/alexthe666/alexsmobs/item/AMItemRegistry.java; registros-usos-itens.json#alexsmobs:crocodile_scute,/bestiary/receitas/am.html#receita-animal-dictionary | [Receita animal_dictionary](lote-final-2026-10-06/am-cards-2026-10-06.md#receita-animal-dictionary) — data/alexsmobs/recipe/animal_dictionary.json; [Receita crocodile_chestplate](lote-final-2026-10-06/am-cards-2026-10-06.md#receita-crocodile-chestplate) — data/alexsmobs/recipe/crocodile_chestplate.json
Fly,Alex’s Mobs Continued,Criatura Animal; comportamento definido na classe e herança citadas,BiomeConfig padrão: (#minecraft:is_overworld); grupos alternativos; entradas externas só se biomas existirem. Fonte: evidence-am/decompiled-full/com/github/alexthe666/alexsmobs/config/BiomeConfig.java → evidence-am/decompiled-full/com/github/alexthe666/alexsmobs/config/DefaultBiomes.java; configuração efetiva do servidor não confirmada.,Loot de morte,alexsmobs:maggot,0–2,Loot condicionado ao caminho de morte; herança/interações/variantes fora deste pool separadas; pool1: 1 sorteio(s); reposição se múltiplos rolls; peso bruto 1/1; normaliza apenas entradas elegíveis; set_count; Saque minecraft:looting: bônus Math.round(nível × sorteio 0–1); limite sem limite explícito,Ingrediente nas receitas auditadas: {'id': 'alexsmobs:mosquito_larva'},Alta nos arquivos versionados; configurações/datapacks externos não confirmados,/images/bestiary/audited/am/fly.png,com/github/alexthe666/alexsmobs/client/model/ModelFly.class; com/github/alexthe666/alexsmobs/client/render/RenderFly.class; assets/alexsmobs/textures/entity/fly.png; com/github/alexthe666/alexsmobs/ClientProxy.class; com/github/alexthe666/alexsmobs/citadel/client/model/AdvancedEntityModel.class; com/github/alexthe666/alexsmobs/citadel/client/model/AdvancedModelBox.class; com/github/alexthe666/alexsmobs/entity/AMEntityRegistry.class; output-am/proveniencia.json,evidence-am/alexsmobs-2.1.14-neoforge+1.21.1.jar::data/alexsmobs/loot_table/entities/fly.json; evidence-am/decompiled-full/com/github/alexthe666/alexsmobs/entity/EntityFly.java; evidence-am/decompiled-full/com/github/alexthe666/alexsmobs/item/AMItemRegistry.java; registros-usos-itens.json#alexsmobs:maggot,/bestiary/receitas/am.html#receita-mosquito-larva | [Receita mosquito_larva](lote-final-2026-10-06/am-cards-2026-10-06.md#receita-mosquito-larva) — data/alexsmobs/recipe/mosquito_larva.json
Hummingbird,Alex’s Mobs Continued,Criatura Animal; comportamento definido na classe e herança citadas,BiomeConfig padrão: (minecraft:flower_forest) OU (minecraft:sunflower_plains) OU (#minecraft:is_jungle) OU (minecraft:meadow) OU (terralith:blooming_valley) OU (terralith:lavender_forest) OU (terralith:lavender_valley) OU (terralith:moonlight_grove) OU (terralith:moonlight_valley) OU (terralith:sakura_grove) OU (terralith:sakura_valley) OU (terralith:amethyst_canyon) OU (terralith:amethyst_rainforest) OU (terralith:jungle_mountains) OU (terralith:rocky_jungle) OU (terralith:tropical_jungle) OU (terralith:blooming_plateau) OU (terralith:valley_clearing) OU (terralith:orchid_swamp) OU (terralith:skylands_autumn) OU (terralith:skylands_spring) OU (terralith:skylands_summer) OU (minecraft:cherry_grove); grupos alternativos; entradas externas só se biomas existirem. Fonte: evidence-am/decompiled-full/com/github/alexthe666/alexsmobs/config/BiomeConfig.java → evidence-am/decompiled-full/com/github/alexthe666/alexsmobs/config/DefaultBiomes.java; configuração efetiva do servidor não confirmada.,Tabela de morte vazia,Sem itens no JSON,0,Loot condicionado ao caminho de morte; herança/interações/variantes fora deste pool separadas; pools=[]; mecanismos paralelos separados,Não aplicável,Alta nos arquivos versionados; configurações/datapacks externos não confirmados,/images/bestiary/audited/am/hummingbird-variant-0.png,com/github/alexthe666/alexsmobs/client/model/ModelHummingbird.class; com/github/alexthe666/alexsmobs/client/render/RenderHummingbird.class; assets/alexsmobs/textures/entity/hummingbird_0.png; com/github/alexthe666/alexsmobs/ClientProxy.class; com/github/alexthe666/alexsmobs/citadel/client/model/AdvancedEntityModel.class; com/github/alexthe666/alexsmobs/citadel/client/model/AdvancedModelBox.class; com/github/alexthe666/alexsmobs/entity/AMEntityRegistry.class; assets/alexsmobs/textures/entity/hummingbird_1.png; assets/alexsmobs/textures/entity/hummingbird_2.png; output-am/proveniencia.json,evidence-am/alexsmobs-2.1.14-neoforge+1.21.1.jar::data/alexsmobs/loot_table/entities/hummingbird.json; evidence-am/decompiled-full/com/github/alexthe666/alexsmobs/entity/EntityHummingbird.java,Não aplicável: uso direto ou nenhuma receita identificada na build
Orca,Alex’s Mobs Continued,Criatura TamableAnimal; comportamento definido na classe e herança citadas,BiomeConfig padrão: (#minecraft:is_ocean E #forge:is_cold/overworld); grupos alternativos; entradas externas só se biomas existirem. Fonte: evidence-am/decompiled-full/com/github/alexthe666/alexsmobs/config/BiomeConfig.java → evidence-am/decompiled-full/com/github/alexthe666/alexsmobs/config/DefaultBiomes.java; configuração efetiva do servidor não confirmada.,Tabela de morte vazia,Sem itens no JSON,0,Loot condicionado ao caminho de morte; herança/interações/variantes fora deste pool separadas; pools=[]; mecanismos paralelos separados,Não aplicável,Alta nos arquivos versionados; configurações/datapacks externos não confirmados,/images/bestiary/audited/am/orca-variant-0.png,com/github/alexthe666/alexsmobs/client/model/ModelOrca.class; com/github/alexthe666/alexsmobs/client/render/RenderOrca.class; assets/alexsmobs/textures/entity/orca_ne.png; com/github/alexthe666/alexsmobs/ClientProxy.class; com/github/alexthe666/alexsmobs/citadel/client/model/AdvancedEntityModel.class; com/github/alexthe666/alexsmobs/citadel/client/model/AdvancedModelBox.class; com/github/alexthe666/alexsmobs/entity/AMEntityRegistry.class; assets/alexsmobs/textures/entity/orca_nw.png; assets/alexsmobs/textures/entity/orca_se.png; assets/alexsmobs/textures/entity/orca_sw.png; output-am/proveniencia.json,evidence-am/alexsmobs-2.1.14-neoforge+1.21.1.jar::data/alexsmobs/loot_table/entities/orca.json; evidence-am/decompiled-full/com/github/alexthe666/alexsmobs/entity/EntityOrca.java,Não aplicável: uso direto ou nenhuma receita identificada na build
Sunbird,Alex’s Mobs Continued,Criatura Animal; comportamento definido na classe e herança citadas,BiomeConfig padrão: (#minecraft:is_overworld E #minecraft:is_mountain) OU (minecraft:snowy_slopes) OU (minecraft:frozen_peaks) OU (minecraft:jagged_peaks) OU (terralith:blooming_valley) OU (terralith:emerald_peaks) OU (terralith:painted_mountains) OU (terralith:rocky_mountains) OU (terralith:scarlet_mountains) OU (terralith:stony_spires) OU (terralith:volcanic_crater) OU (terralith:volcanic_peaks) OU (terralith:skylands_autumn) OU (terralith:skylands_spring) OU (terralith:skylands_summer) OU (terralith:skylands_winter) OU (terralith:savanna_badlands) OU (terralith:savanna_slopes) OU (terralith:yellowstone) OU (terralith:yosemite_cliffs) OU (terralith:bryce_canyon) OU (terralith:jungle_mountains) OU (terralith:haze_mountain) OU (terralith:windswept_spires) OU (terralith:desert_spires) OU (terralith:desert_canyon) OU (terralith:basalt_cliffs) OU (terralith:granite_cliffs) OU (terralith:white_cliffs); grupos alternativos; entradas externas só se biomas existirem. Fonte: evidence-am/decompiled-full/com/github/alexthe666/alexsmobs/config/BiomeConfig.java → evidence-am/decompiled-full/com/github/alexthe666/alexsmobs/config/DefaultBiomes.java; configuração efetiva do servidor não confirmada.,Tabela de morte vazia,Sem itens no JSON,0,Loot condicionado ao caminho de morte; herança/interações/variantes fora deste pool separadas; pools=[]; mecanismos paralelos separados,Não aplicável,Alta nos arquivos versionados; configurações/datapacks externos não confirmados,/images/bestiary/audited/am/sunbird.png,com/github/alexthe666/alexsmobs/client/model/ModelSunbird.class; com/github/alexthe666/alexsmobs/client/render/RenderSunbird.class; assets/alexsmobs/textures/entity/sunbird.png; com/github/alexthe666/alexsmobs/ClientProxy.class; com/github/alexthe666/alexsmobs/citadel/client/model/AdvancedEntityModel.class; com/github/alexthe666/alexsmobs/citadel/client/model/AdvancedModelBox.class; com/github/alexthe666/alexsmobs/client/render/RenderSunbird$LayerScorch.class; com/github/alexthe666/alexsmobs/entity/AMEntityRegistry.class; output-am/proveniencia.json,evidence-am/alexsmobs-2.1.14-neoforge+1.21.1.jar::data/alexsmobs/loot_table/entities/sunbird.json; evidence-am/decompiled-full/com/github/alexthe666/alexsmobs/entity/EntitySunbird.java,Não aplicável: uso direto ou nenhuma receita identificada na build
Gorilla,Alex’s Mobs Continued,Criatura TamableAnimal; comportamento definido na classe e herança citadas,BiomeConfig padrão: (#minecraft:is_jungle E NÃO minecraft:bamboo_jungle) OU (terralith:amethyst_canyon) OU (terralith:amethyst_rainforest) OU (terralith:jungle_mountains) OU (terralith:rocky_jungle) OU (terralith:tropical_jungle) OU (terralith:skylands_summer); grupos alternativos; entradas externas só se biomas existirem. Fonte: evidence-am/decompiled-full/com/github/alexthe666/alexsmobs/config/BiomeConfig.java → evidence-am/decompiled-full/com/github/alexthe666/alexsmobs/config/DefaultBiomes.java; configuração efetiva do servidor não confirmada.,Tabela de morte vazia,Sem itens no JSON,0,Loot condicionado ao caminho de morte; herança/interações/variantes fora deste pool separadas; pools=[]; mecanismos paralelos separados,Não aplicável,Alta nos arquivos versionados; configurações/datapacks externos não confirmados,/images/bestiary/audited/am/gorilla.png,com/github/alexthe666/alexsmobs/client/model/ModelGorilla.class; com/github/alexthe666/alexsmobs/client/render/RenderGorilla.class; assets/alexsmobs/textures/entity/gorilla.png; com/github/alexthe666/alexsmobs/ClientProxy.class; com/github/alexthe666/alexsmobs/citadel/client/model/AdvancedEntityModel.class; com/github/alexthe666/alexsmobs/citadel/client/model/AdvancedModelBox.class; com/github/alexthe666/alexsmobs/client/render/layer/LayerGorillaItem.class; com/github/alexthe666/alexsmobs/entity/AMEntityRegistry.class; output-am/proveniencia.json,evidence-am/alexsmobs-2.1.14-neoforge+1.21.1.jar::data/alexsmobs/loot_table/entities/gorilla.json; evidence-am/decompiled-full/com/github/alexthe666/alexsmobs/entity/EntityGorilla.java,Não aplicável: uso direto ou nenhuma receita identificada na build
Gorilla,Alex’s Mobs Continued,Criatura TamableAnimal; comportamento definido na classe e herança citadas,BiomeConfig padrão: (#minecraft:is_jungle E NÃO minecraft:bamboo_jungle) OU (terralith:amethyst_canyon) OU (terralith:amethyst_rainforest) OU (terralith:jungle_mountains) OU (terralith:rocky_jungle) OU (terralith:tropical_jungle) OU (terralith:skylands_summer); grupos alternativos; entradas externas só se biomas existirem. Fonte: evidence-am/decompiled-full/com/github/alexthe666/alexsmobs/config/BiomeConfig.java → evidence-am/decompiled-full/com/github/alexthe666/alexsmobs/config/DefaultBiomes.java; configuração efetiva do servidor não confirmada.,Devolver item carregado,Mainhand ItemStack,pilha carregada,"Rotina da classe solta mão principal na morte/removal pertinente; linha contextual, não item literal garantido",Recuperar item apanhado/carregado; não somar ao pool como geração nativa,Alta nos arquivos versionados; configurações/datapacks externos não confirmados,/images/bestiary/audited/am/gorilla.png,com/github/alexthe666/alexsmobs/client/model/ModelGorilla.class; com/github/alexthe666/alexsmobs/client/render/RenderGorilla.class; assets/alexsmobs/textures/entity/gorilla.png; com/github/alexthe666/alexsmobs/ClientProxy.class; com/github/alexthe666/alexsmobs/citadel/client/model/AdvancedEntityModel.class; com/github/alexthe666/alexsmobs/citadel/client/model/AdvancedModelBox.class; com/github/alexthe666/alexsmobs/client/render/layer/LayerGorillaItem.class; com/github/alexthe666/alexsmobs/entity/AMEntityRegistry.class; output-am/proveniencia.json,/workspace/scratch/25006bff7ab5/evidence-am/decompiled-full/com/github/alexthe666/alexsmobs/entity/EntityGorilla.java; evidence-am/decompiled-full/com/github/alexthe666/alexsmobs/entity/EntityGorilla.java,Não aplicável: uso direto ou nenhuma receita identificada na build
Crimson Mosquito,Alex’s Mobs Continued,Criatura Monster; comportamento definido na classe e herança citadas,BiomeConfig padrão: (NÃO #forge:no_default_monsters E minecraft:crimson_forest) OU (byg:crimson_gardens) OU (biomesoplenty:visceral_heap) OU (incendium:ash_barrens) OU (incendium:infernal_dunes); grupos alternativos; entradas externas só se biomas existirem. Fonte: evidence-am/decompiled-full/com/github/alexthe666/alexsmobs/config/BiomeConfig.java → evidence-am/decompiled-full/com/github/alexthe666/alexsmobs/config/DefaultBiomes.java; configuração efetiva do servidor não confirmada.,Loot de morte,alexsmobs:mosquito_proboscis,1,"Loot condicionado ao caminho de morte; herança/interações/variantes fora deste pool separadas; pool1: 1 sorteio(s); reposição se múltiplos rolls; sem Saque 10%; Saque I 11%, +1 p.p./nível acima de I; peso bruto 1/1; normaliza apenas entradas elegíveis; tabela base apenas quando nenhum estado alternativo ativo em EntityCrimsonMosquito.getDefaultLootTable","Ingrediente nas receitas auditadas: {'id': 'alexsmobs:blood_sprayer', 'count': 1}, {'id': 'alexsmobs:hemolymph_blaster', 'count': 1}, {'id': 'alexsmobs:mosquito_larva'}",Alta nos arquivos versionados; configurações/datapacks externos não confirmados,/images/bestiary/audited/am/crimson-mosquito.png,com/github/alexthe666/alexsmobs/client/model/ModelCrimsonMosquito.class; com/github/alexthe666/alexsmobs/client/render/RenderCrimsonMosquito.class; assets/alexsmobs/textures/entity/crimson_mosquito.png; com/github/alexthe666/alexsmobs/ClientProxy.class; com/github/alexthe666/alexsmobs/citadel/client/model/AdvancedEntityModel.class; com/github/alexthe666/alexsmobs/citadel/client/model/AdvancedModelBox.class; com/github/alexthe666/alexsmobs/client/render/layer/LayerCrimsonMosquitoBlood.class; com/github/alexthe666/alexsmobs/entity/AMEntityRegistry.class; output-am/proveniencia.json,evidence-am/alexsmobs-2.1.14-neoforge+1.21.1.jar::data/alexsmobs/loot_table/entities/crimson_mosquito.json; evidence-am/decompiled-full/com/github/alexthe666/alexsmobs/entity/EntityCrimsonMosquito.java; evidence-am/decompiled-full/com/github/alexthe666/alexsmobs/item/AMItemRegistry.java; registros-usos-itens.json#alexsmobs:mosquito_proboscis,/bestiary/receitas/am.html#receita-blood-sprayer | [Receita blood_sprayer](lote-final-2026-10-06/am-cards-2026-10-06.md#receita-blood-sprayer) — data/alexsmobs/recipe/blood_sprayer.json; [Receita hemolymph_blaster](lote-final-2026-10-06/am-cards-2026-10-06.md#receita-hemolymph-blaster) — data/alexsmobs/recipe/hemolymph_blaster.json; [Receita mosquito_larva](lote-final-2026-10-06/am-cards-2026-10-06.md#receita-mosquito-larva) — data/alexsmobs/recipe/mosquito_larva.json
Crimson Mosquito,Alex’s Mobs Continued,Criatura Monster; comportamento definido na classe e herança citadas,BiomeConfig padrão: (NÃO #forge:no_default_monsters E minecraft:crimson_forest) OU (byg:crimson_gardens) OU (biomesoplenty:visceral_heap) OU (incendium:ash_barrens) OU (incendium:infernal_dunes); grupos alternativos; entradas externas só se biomas existirem. Fonte: evidence-am/decompiled-full/com/github/alexthe666/alexsmobs/config/BiomeConfig.java → evidence-am/decompiled-full/com/github/alexthe666/alexsmobs/config/DefaultBiomes.java; configuração efetiva do servidor não confirmada.,Loot de morte alternativo,alexsmobs:mosquito_proboscis,1,"isFromFly && bloodLevel==0; tabela selecionada pela classe substitui a base; não somar pools; pool1: 1 sorteio(s); reposição se múltiplos rolls; sem Saque 30%; Saque I 33%, +3 p.p./nível acima de I; peso bruto 1/1; normaliza apenas entradas elegíveis","Ingrediente nas receitas auditadas: {'id': 'alexsmobs:blood_sprayer', 'count': 1}, {'id': 'alexsmobs:hemolymph_blaster', 'count': 1}, {'id': 'alexsmobs:mosquito_larva'}",Alta nos arquivos versionados; configurações/datapacks externos não confirmados,/images/bestiary/audited/am/crimson-mosquito.png,com/github/alexthe666/alexsmobs/client/model/ModelCrimsonMosquito.class; com/github/alexthe666/alexsmobs/client/render/RenderCrimsonMosquito.class; assets/alexsmobs/textures/entity/crimson_mosquito.png; com/github/alexthe666/alexsmobs/ClientProxy.class; com/github/alexthe666/alexsmobs/citadel/client/model/AdvancedEntityModel.class; com/github/alexthe666/alexsmobs/citadel/client/model/AdvancedModelBox.class; com/github/alexthe666/alexsmobs/client/render/layer/LayerCrimsonMosquitoBlood.class; com/github/alexthe666/alexsmobs/entity/AMEntityRegistry.class; output-am/proveniencia.json,evidence-am/alexsmobs-2.1.14-neoforge+1.21.1.jar::data/alexsmobs/loot_table/entities/crimson_mosquito_fly.json; evidence-am/decompiled-full/com/github/alexthe666/alexsmobs/entity/EntityCrimsonMosquito.java; evidence-am/decompiled-full/com/github/alexthe666/alexsmobs/item/AMItemRegistry.java; registros-usos-itens.json#alexsmobs:mosquito_proboscis,/bestiary/receitas/am.html#receita-blood-sprayer | [Receita blood_sprayer](lote-final-2026-10-06/am-cards-2026-10-06.md#receita-blood-sprayer) — data/alexsmobs/recipe/blood_sprayer.json; [Receita hemolymph_blaster](lote-final-2026-10-06/am-cards-2026-10-06.md#receita-hemolymph-blaster) — data/alexsmobs/recipe/hemolymph_blaster.json; [Receita mosquito_larva](lote-final-2026-10-06/am-cards-2026-10-06.md#receita-mosquito-larva) — data/alexsmobs/recipe/mosquito_larva.json
Crimson Mosquito,Alex’s Mobs Continued,Criatura Monster; comportamento definido na classe e herança citadas,BiomeConfig padrão: (NÃO #forge:no_default_monsters E minecraft:crimson_forest) OU (byg:crimson_gardens) OU (biomesoplenty:visceral_heap) OU (incendium:ash_barrens) OU (incendium:infernal_dunes); grupos alternativos; entradas externas só se biomas existirem. Fonte: evidence-am/decompiled-full/com/github/alexthe666/alexsmobs/config/BiomeConfig.java → evidence-am/decompiled-full/com/github/alexthe666/alexsmobs/config/DefaultBiomes.java; configuração efetiva do servidor não confirmada.,Loot de morte alternativo,alexsmobs:blood_sac,1,"isFromFly && bloodLevel==0; tabela selecionada pela classe substitui a base; não somar pools; pool2: 1 sorteio(s); reposição se múltiplos rolls; sem Saque 10%; Saque I 11%, +1 p.p./nível acima de I; peso bruto 1/1; normaliza apenas entradas elegíveis","Ingrediente nas receitas auditadas: {'id': 'alexsmobs:blood_sprayer', 'count': 1}",Alta nos arquivos versionados; configurações/datapacks externos não confirmados,/images/bestiary/audited/am/crimson-mosquito.png,com/github/alexthe666/alexsmobs/client/model/ModelCrimsonMosquito.class; com/github/alexthe666/alexsmobs/client/render/RenderCrimsonMosquito.class; assets/alexsmobs/textures/entity/crimson_mosquito.png; com/github/alexthe666/alexsmobs/ClientProxy.class; com/github/alexthe666/alexsmobs/citadel/client/model/AdvancedEntityModel.class; com/github/alexthe666/alexsmobs/citadel/client/model/AdvancedModelBox.class; com/github/alexthe666/alexsmobs/client/render/layer/LayerCrimsonMosquitoBlood.class; com/github/alexthe666/alexsmobs/entity/AMEntityRegistry.class; output-am/proveniencia.json,evidence-am/alexsmobs-2.1.14-neoforge+1.21.1.jar::data/alexsmobs/loot_table/entities/crimson_mosquito_fly.json; evidence-am/decompiled-full/com/github/alexthe666/alexsmobs/entity/EntityCrimsonMosquito.java; evidence-am/decompiled-full/com/github/alexthe666/alexsmobs/item/AMItemRegistry.java; registros-usos-itens.json#alexsmobs:blood_sac,/bestiary/receitas/am.html#receita-blood-sprayer | [Receita blood_sprayer](lote-final-2026-10-06/am-cards-2026-10-06.md#receita-blood-sprayer) — data/alexsmobs/recipe/blood_sprayer.json
Crimson Mosquito,Alex’s Mobs Continued,Criatura Monster; comportamento definido na classe e herança citadas,BiomeConfig padrão: (NÃO #forge:no_default_monsters E minecraft:crimson_forest) OU (byg:crimson_gardens) OU (biomesoplenty:visceral_heap) OU (incendium:ash_barrens) OU (incendium:infernal_dunes); grupos alternativos; entradas externas só se biomas existirem. Fonte: evidence-am/decompiled-full/com/github/alexthe666/alexsmobs/config/BiomeConfig.java → evidence-am/decompiled-full/com/github/alexthe666/alexsmobs/config/DefaultBiomes.java; configuração efetiva do servidor não confirmada.,Loot de morte alternativo,alexsmobs:mosquito_proboscis,1,"bloodLevel>0 && !isFromFly; substitui base; EntityCrimsonMosquito.getDefaultLootTable; pool1: 1 sorteio(s); reposição se múltiplos rolls; sem Saque 10%; Saque I 11%, +1 p.p./nível acima de I; peso bruto 1/1; normaliza apenas entradas elegíveis","Ingrediente nas receitas auditadas: {'id': 'alexsmobs:blood_sprayer', 'count': 1}, {'id': 'alexsmobs:hemolymph_blaster', 'count': 1}, {'id': 'alexsmobs:mosquito_larva'}",Alta nos arquivos versionados; configurações/datapacks externos não confirmados,/images/bestiary/audited/am/crimson-mosquito.png,com/github/alexthe666/alexsmobs/client/model/ModelCrimsonMosquito.class; com/github/alexthe666/alexsmobs/client/render/RenderCrimsonMosquito.class; assets/alexsmobs/textures/entity/crimson_mosquito.png; com/github/alexthe666/alexsmobs/ClientProxy.class; com/github/alexthe666/alexsmobs/citadel/client/model/AdvancedEntityModel.class; com/github/alexthe666/alexsmobs/citadel/client/model/AdvancedModelBox.class; com/github/alexthe666/alexsmobs/client/render/layer/LayerCrimsonMosquitoBlood.class; com/github/alexthe666/alexsmobs/entity/AMEntityRegistry.class; output-am/proveniencia.json,evidence-am/alexsmobs-2.1.14-neoforge+1.21.1.jar::data/alexsmobs/loot_table/entities/crimson_mosquito_full.json; evidence-am/decompiled-full/com/github/alexthe666/alexsmobs/entity/EntityCrimsonMosquito.java; evidence-am/decompiled-full/com/github/alexthe666/alexsmobs/item/AMItemRegistry.java; registros-usos-itens.json#alexsmobs:mosquito_proboscis,/bestiary/receitas/am.html#receita-blood-sprayer | [Receita blood_sprayer](lote-final-2026-10-06/am-cards-2026-10-06.md#receita-blood-sprayer) — data/alexsmobs/recipe/blood_sprayer.json; [Receita hemolymph_blaster](lote-final-2026-10-06/am-cards-2026-10-06.md#receita-hemolymph-blaster) — data/alexsmobs/recipe/hemolymph_blaster.json; [Receita mosquito_larva](lote-final-2026-10-06/am-cards-2026-10-06.md#receita-mosquito-larva) — data/alexsmobs/recipe/mosquito_larva.json
Crimson Mosquito,Alex’s Mobs Continued,Criatura Monster; comportamento definido na classe e herança citadas,BiomeConfig padrão: (NÃO #forge:no_default_monsters E minecraft:crimson_forest) OU (byg:crimson_gardens) OU (biomesoplenty:visceral_heap) OU (incendium:ash_barrens) OU (incendium:infernal_dunes); grupos alternativos; entradas externas só se biomas existirem. Fonte: evidence-am/decompiled-full/com/github/alexthe666/alexsmobs/config/BiomeConfig.java → evidence-am/decompiled-full/com/github/alexthe666/alexsmobs/config/DefaultBiomes.java; configuração efetiva do servidor não confirmada.,Loot de morte alternativo,alexsmobs:blood_sac,1,"bloodLevel>0 && !isFromFly; substitui base; EntityCrimsonMosquito.getDefaultLootTable; pool2: 1 sorteio(s); reposição se múltiplos rolls; sem Saque 80%; Saque I 81%, +1 p.p./nível acima de I; peso bruto 1/1; normaliza apenas entradas elegíveis","Ingrediente nas receitas auditadas: {'id': 'alexsmobs:blood_sprayer', 'count': 1}",Alta nos arquivos versionados; configurações/datapacks externos não confirmados,/images/bestiary/audited/am/crimson-mosquito.png,com/github/alexthe666/alexsmobs/client/model/ModelCrimsonMosquito.class; com/github/alexthe666/alexsmobs/client/render/RenderCrimsonMosquito.class; assets/alexsmobs/textures/entity/crimson_mosquito.png; com/github/alexthe666/alexsmobs/ClientProxy.class; com/github/alexthe666/alexsmobs/citadel/client/model/AdvancedEntityModel.class; com/github/alexthe666/alexsmobs/citadel/client/model/AdvancedModelBox.class; com/github/alexthe666/alexsmobs/client/render/layer/LayerCrimsonMosquitoBlood.class; com/github/alexthe666/alexsmobs/entity/AMEntityRegistry.class; output-am/proveniencia.json,evidence-am/alexsmobs-2.1.14-neoforge+1.21.1.jar::data/alexsmobs/loot_table/entities/crimson_mosquito_full.json; evidence-am/decompiled-full/com/github/alexthe666/alexsmobs/entity/EntityCrimsonMosquito.java; evidence-am/decompiled-full/com/github/alexthe666/alexsmobs/item/AMItemRegistry.java; registros-usos-itens.json#alexsmobs:blood_sac,/bestiary/receitas/am.html#receita-blood-sprayer | [Receita blood_sprayer](lote-final-2026-10-06/am-cards-2026-10-06.md#receita-blood-sprayer) — data/alexsmobs/recipe/blood_sprayer.json
Crimson Mosquito,Alex’s Mobs Continued,Criatura Monster; comportamento definido na classe e herança citadas,BiomeConfig padrão: (NÃO #forge:no_default_monsters E minecraft:crimson_forest) OU (byg:crimson_gardens) OU (biomesoplenty:visceral_heap) OU (incendium:ash_barrens) OU (incendium:infernal_dunes); grupos alternativos; entradas externas só se biomas existirem. Fonte: evidence-am/decompiled-full/com/github/alexthe666/alexsmobs/config/BiomeConfig.java → evidence-am/decompiled-full/com/github/alexthe666/alexsmobs/config/DefaultBiomes.java; configuração efetiva do servidor não confirmada.,Loot de morte alternativo,alexsmobs:mosquito_proboscis,1,"bloodLevel>0 && isFromFly; substitui base; EntityCrimsonMosquito.getDefaultLootTable; pool1: 1 sorteio(s); reposição se múltiplos rolls; sem Saque 50%; Saque I 53%, +3 p.p./nível acima de I; peso bruto 1/1; normaliza apenas entradas elegíveis","Ingrediente nas receitas auditadas: {'id': 'alexsmobs:blood_sprayer', 'count': 1}, {'id': 'alexsmobs:hemolymph_blaster', 'count': 1}, {'id': 'alexsmobs:mosquito_larva'}",Alta nos arquivos versionados; configurações/datapacks externos não confirmados,/images/bestiary/audited/am/crimson-mosquito.png,com/github/alexthe666/alexsmobs/client/model/ModelCrimsonMosquito.class; com/github/alexthe666/alexsmobs/client/render/RenderCrimsonMosquito.class; assets/alexsmobs/textures/entity/crimson_mosquito.png; com/github/alexthe666/alexsmobs/ClientProxy.class; com/github/alexthe666/alexsmobs/citadel/client/model/AdvancedEntityModel.class; com/github/alexthe666/alexsmobs/citadel/client/model/AdvancedModelBox.class; com/github/alexthe666/alexsmobs/client/render/layer/LayerCrimsonMosquitoBlood.class; com/github/alexthe666/alexsmobs/entity/AMEntityRegistry.class; output-am/proveniencia.json,evidence-am/alexsmobs-2.1.14-neoforge+1.21.1.jar::data/alexsmobs/loot_table/entities/crimson_mosquito_fly_full.json; evidence-am/decompiled-full/com/github/alexthe666/alexsmobs/entity/EntityCrimsonMosquito.java; evidence-am/decompiled-full/com/github/alexthe666/alexsmobs/item/AMItemRegistry.java; registros-usos-itens.json#alexsmobs:mosquito_proboscis,/bestiary/receitas/am.html#receita-blood-sprayer | [Receita blood_sprayer](lote-final-2026-10-06/am-cards-2026-10-06.md#receita-blood-sprayer) — data/alexsmobs/recipe/blood_sprayer.json; [Receita hemolymph_blaster](lote-final-2026-10-06/am-cards-2026-10-06.md#receita-hemolymph-blaster) — data/alexsmobs/recipe/hemolymph_blaster.json; [Receita mosquito_larva](lote-final-2026-10-06/am-cards-2026-10-06.md#receita-mosquito-larva) — data/alexsmobs/recipe/mosquito_larva.json
Crimson Mosquito,Alex’s Mobs Continued,Criatura Monster; comportamento definido na classe e herança citadas,BiomeConfig padrão: (NÃO #forge:no_default_monsters E minecraft:crimson_forest) OU (byg:crimson_gardens) OU (biomesoplenty:visceral_heap) OU (incendium:ash_barrens) OU (incendium:infernal_dunes); grupos alternativos; entradas externas só se biomas existirem. Fonte: evidence-am/decompiled-full/com/github/alexthe666/alexsmobs/config/BiomeConfig.java → evidence-am/decompiled-full/com/github/alexthe666/alexsmobs/config/DefaultBiomes.java; configuração efetiva do servidor não confirmada.,Loot de morte alternativo,alexsmobs:blood_sac,1,bloodLevel>0 && isFromFly; substitui base; EntityCrimsonMosquito.getDefaultLootTable; pool2: 1 sorteio(s); reposição se múltiplos rolls; peso bruto 1/1; normaliza apenas entradas elegíveis,"Ingrediente nas receitas auditadas: {'id': 'alexsmobs:blood_sprayer', 'count': 1}",Alta nos arquivos versionados; configurações/datapacks externos não confirmados,/images/bestiary/audited/am/crimson-mosquito.png,com/github/alexthe666/alexsmobs/client/model/ModelCrimsonMosquito.class; com/github/alexthe666/alexsmobs/client/render/RenderCrimsonMosquito.class; assets/alexsmobs/textures/entity/crimson_mosquito.png; com/github/alexthe666/alexsmobs/ClientProxy.class; com/github/alexthe666/alexsmobs/citadel/client/model/AdvancedEntityModel.class; com/github/alexthe666/alexsmobs/citadel/client/model/AdvancedModelBox.class; com/github/alexthe666/alexsmobs/client/render/layer/LayerCrimsonMosquitoBlood.class; com/github/alexthe666/alexsmobs/entity/AMEntityRegistry.class; output-am/proveniencia.json,evidence-am/alexsmobs-2.1.14-neoforge+1.21.1.jar::data/alexsmobs/loot_table/entities/crimson_mosquito_fly_full.json; evidence-am/decompiled-full/com/github/alexthe666/alexsmobs/entity/EntityCrimsonMosquito.java; evidence-am/decompiled-full/com/github/alexthe666/alexsmobs/item/AMItemRegistry.java; registros-usos-itens.json#alexsmobs:blood_sac,/bestiary/receitas/am.html#receita-blood-sprayer | [Receita blood_sprayer](lote-final-2026-10-06/am-cards-2026-10-06.md#receita-blood-sprayer) — data/alexsmobs/recipe/blood_sprayer.json
Rattlesnake,Alex’s Mobs Continued,"Criatura Animal; alvos: Rabbit, EntityJerboa",BiomeConfig padrão: (#minecraft:is_badlands) OU (#forge:is_dry/overworld E #forge:is_hot/overworld E #forge:is_sandy) OU (terralith:ancient_sands) OU (terralith:desert_canyon) OU (terralith:desert_oasis) OU (terralith:desert_spires) OU (terralith:red_oasis) OU (terralith:sandstone_valley) OU (terralith:warped_mesa) OU (terralith:white_mesa) OU (terralith:red_oasis); grupos alternativos; entradas externas só se biomas existirem. Fonte: evidence-am/decompiled-full/com/github/alexthe666/alexsmobs/config/BiomeConfig.java → evidence-am/decompiled-full/com/github/alexthe666/alexsmobs/config/DefaultBiomes.java; configuração efetiva do servidor não confirmada.,Loot de morte,alexsmobs:rattlesnake_rattle,0–1,Loot condicionado ao caminho de morte; herança/interações/variantes fora deste pool separadas; pool1: 1 sorteio(s); reposição se múltiplos rolls; peso bruto 1/1; normaliza apenas entradas elegíveis; set_count,"Ingrediente nas receitas auditadas: {'id': 'alexsmobs:maraca', 'count': 1}",Alta nos arquivos versionados; configurações/datapacks externos não confirmados,/images/bestiary/audited/am/rattlesnake.png,com/github/alexthe666/alexsmobs/client/model/ModelRattlesnake.class; com/github/alexthe666/alexsmobs/client/render/RenderRattlesnake.class; assets/alexsmobs/textures/entity/rattlesnake.png; com/github/alexthe666/alexsmobs/ClientProxy.class; com/github/alexthe666/alexsmobs/citadel/client/model/AdvancedEntityModel.class; com/github/alexthe666/alexsmobs/citadel/client/model/AdvancedModelBox.class; com/github/alexthe666/alexsmobs/entity/AMEntityRegistry.class; output-am/proveniencia.json,evidence-am/alexsmobs-2.1.14-neoforge+1.21.1.jar::data/alexsmobs/loot_table/entities/rattlesnake.json; evidence-am/decompiled-full/com/github/alexthe666/alexsmobs/entity/EntityRattlesnake.java; evidence-am/decompiled-full/com/github/alexthe666/alexsmobs/item/AMItemRegistry.java; registros-usos-itens.json#alexsmobs:rattlesnake_rattle,/bestiary/receitas/am.html#receita-animal-dictionary | [Receita animal_dictionary](lote-final-2026-10-06/am-cards-2026-10-06.md#receita-animal-dictionary) — data/alexsmobs/recipe/animal_dictionary.json; [Receita maraca](lote-final-2026-10-06/am-cards-2026-10-06.md#receita-maraca) — data/alexsmobs/recipe/maraca.json
Endergrade,Alex’s Mobs Continued,Criatura Animal; comportamento definido na classe e herança citadas,BiomeConfig padrão: (#minecraft:is_end E NÃO minecraft:the_end); grupos alternativos; entradas externas só se biomas existirem. Fonte: evidence-am/decompiled-full/com/github/alexthe666/alexsmobs/config/BiomeConfig.java → evidence-am/decompiled-full/com/github/alexthe666/alexsmobs/config/DefaultBiomes.java; configuração efetiva do servidor não confirmada.,Tabela de morte vazia,Sem itens no JSON,0,Loot condicionado ao caminho de morte; herança/interações/variantes fora deste pool separadas; pools=[]; mecanismos paralelos separados,Não aplicável,Alta nos arquivos versionados; configurações/datapacks externos não confirmados,/images/bestiary/audited/am/endergrade.png,com/github/alexthe666/alexsmobs/client/model/ModelEndergrade.class; com/github/alexthe666/alexsmobs/client/render/RenderEndergrade.class; assets/alexsmobs/textures/entity/endergrade.png; com/github/alexthe666/alexsmobs/ClientProxy.class; com/github/alexthe666/alexsmobs/citadel/client/model/AdvancedEntityModel.class; com/github/alexthe666/alexsmobs/citadel/client/model/AdvancedModelBox.class; com/github/alexthe666/alexsmobs/client/render/layer/LayerEndergradeSaddle.class; com/github/alexthe666/alexsmobs/entity/AMEntityRegistry.class; output-am/proveniencia.json,evidence-am/alexsmobs-2.1.14-neoforge+1.21.1.jar::data/alexsmobs/loot_table/entities/endergrade.json; evidence-am/decompiled-full/com/github/alexthe666/alexsmobs/entity/EntityEndergrade.java,Não aplicável: uso direto ou nenhuma receita identificada na build
Endergrade,Alex’s Mobs Continued,Criatura Animal; comportamento definido na classe e herança citadas,BiomeConfig padrão: (#minecraft:is_end E NÃO minecraft:the_end); grupos alternativos; entradas externas só se biomas existirem. Fonte: evidence-am/decompiled-full/com/github/alexthe666/alexsmobs/config/BiomeConfig.java → evidence-am/decompiled-full/com/github/alexthe666/alexsmobs/config/DefaultBiomes.java; configuração efetiva do servidor não confirmada.,Recuperação de equipamento/contexto,minecraft:saddle,1,"isSaddled; dropEquipment; recupera equipamento preexistente, não pool incondicional",Recuperar e reutilizar o item equipado; pilha/variante conforme estado salvo,Alta nos arquivos versionados; configurações/datapacks externos não confirmados,/images/bestiary/audited/am/endergrade.png,com/github/alexthe666/alexsmobs/client/model/ModelEndergrade.class; com/github/alexthe666/alexsmobs/client/render/RenderEndergrade.class; assets/alexsmobs/textures/entity/endergrade.png; com/github/alexthe666/alexsmobs/ClientProxy.class; com/github/alexthe666/alexsmobs/citadel/client/model/AdvancedEntityModel.class; com/github/alexthe666/alexsmobs/citadel/client/model/AdvancedModelBox.class; com/github/alexthe666/alexsmobs/client/render/layer/LayerEndergradeSaddle.class; com/github/alexthe666/alexsmobs/entity/AMEntityRegistry.class; output-am/proveniencia.json,/workspace/scratch/25006bff7ab5/evidence-am/decompiled-full/com/github/alexthe666/alexsmobs/entity/EntityEndergrade.java; evidence-am/decompiled-full/com/github/alexthe666/alexsmobs/entity/EntityEndergrade.java,/bestiary/receitas/am.html#receita-straddle-saddle | [Receita straddle_saddle](lote-final-2026-10-06/am-cards-2026-10-06.md#receita-straddle-saddle) — data/alexsmobs/recipe/straddle_saddle.json
Hammerhead Shark,Alex’s Mobs Continued,Criatura WaterAnimal; comportamento definido na classe e herança citadas,BiomeConfig padrão: (#minecraft:is_ocean E #forge:is_hot/overworld); grupos alternativos; entradas externas só se biomas existirem. Fonte: evidence-am/decompiled-full/com/github/alexthe666/alexsmobs/config/BiomeConfig.java → evidence-am/decompiled-full/com/github/alexthe666/alexsmobs/config/DefaultBiomes.java; configuração efetiva do servidor não confirmada.,Tabela de morte vazia,Sem itens no JSON,0,Loot condicionado ao caminho de morte; herança/interações/variantes fora deste pool separadas; pools=[]; mecanismos paralelos separados,Não aplicável,Alta nos arquivos versionados; configurações/datapacks externos não confirmados,/images/bestiary/audited/am/hammerhead-shark.png,com/github/alexthe666/alexsmobs/client/model/ModelHammerheadShark.class; com/github/alexthe666/alexsmobs/client/render/RenderHammerheadShark.class; assets/alexsmobs/textures/entity/hammerhead_shark.png; com/github/alexthe666/alexsmobs/ClientProxy.class; com/github/alexthe666/alexsmobs/citadel/client/model/AdvancedEntityModel.class; com/github/alexthe666/alexsmobs/citadel/client/model/AdvancedModelBox.class; com/github/alexthe666/alexsmobs/entity/AMEntityRegistry.class; output-am/proveniencia.json,evidence-am/alexsmobs-2.1.14-neoforge+1.21.1.jar::data/alexsmobs/loot_table/entities/hammerhead_shark.json; evidence-am/decompiled-full/com/github/alexthe666/alexsmobs/entity/EntityHammerheadShark.java,Não aplicável: uso direto ou nenhuma receita identificada na build
Hammerhead Shark,Alex’s Mobs Continued,Criatura WaterAnimal; comportamento definido na classe e herança citadas,BiomeConfig padrão: (#minecraft:is_ocean E #forge:is_hot/overworld); grupos alternativos; entradas externas só se biomas existirem. Fonte: evidence-am/decompiled-full/com/github/alexthe666/alexsmobs/config/BiomeConfig.java → evidence-am/decompiled-full/com/github/alexthe666/alexsmobs/config/DefaultBiomes.java; configuração efetiva do servidor não confirmada.,Dente durante ataque de IA,alexsmobs:shark_tooth,1,AI: aproximação<2 na fase de ataque; chama doHurtTarget e sorteio randomFloat<0.3. Não exige retorno true de doHurtTarget;30% por tentativa elegível,"Ingrediente nas receitas auditadas: {'id': 'alexsmobs:shark_tooth_arrow', 'count': 6}, {'id': 'alexsmobs:shield_of_the_deep', 'count': 1}",Alta nos arquivos versionados; configurações/datapacks externos não confirmados,/images/bestiary/audited/am/hammerhead-shark.png,com/github/alexthe666/alexsmobs/client/model/ModelHammerheadShark.class; com/github/alexthe666/alexsmobs/client/render/RenderHammerheadShark.class; assets/alexsmobs/textures/entity/hammerhead_shark.png; com/github/alexthe666/alexsmobs/ClientProxy.class; com/github/alexthe666/alexsmobs/citadel/client/model/AdvancedEntityModel.class; com/github/alexthe666/alexsmobs/citadel/client/model/AdvancedModelBox.class; com/github/alexthe666/alexsmobs/entity/AMEntityRegistry.class; output-am/proveniencia.json,/workspace/scratch/25006bff7ab5/evidence-am/decompiled-full/com/github/alexthe666/alexsmobs/entity/EntityHammerheadShark.java; evidence-am/decompiled-full/com/github/alexthe666/alexsmobs/entity/EntityHammerheadShark.java; evidence-am/decompiled-full/com/github/alexthe666/alexsmobs/item/AMItemRegistry.java; registros-usos-itens.json#alexsmobs:shark_tooth,/bestiary/receitas/am.html#receita-shark-tooth-arrow | [Receita shark_tooth_arrow](lote-final-2026-10-06/am-cards-2026-10-06.md#receita-shark-tooth-arrow) — data/alexsmobs/recipe/shark_tooth_arrow.json; [Receita shield_of_the_deep](lote-final-2026-10-06/am-cards-2026-10-06.md#receita-shield-of-the-deep) — data/alexsmobs/recipe/shield_of_the_deep.json
Lobster,Alex’s Mobs Continued,Criatura WaterAnimal; comportamento definido na classe e herança citadas,BiomeConfig padrão: (#minecraft:is_beach) OU (terralith:gravel_beach) OU (minecraft:stony_shore); grupos alternativos; entradas externas só se biomas existirem. Fonte: evidence-am/decompiled-full/com/github/alexthe666/alexsmobs/config/BiomeConfig.java → evidence-am/decompiled-full/com/github/alexthe666/alexsmobs/config/DefaultBiomes.java; configuração efetiva do servidor não confirmada.,Loot de morte,alexsmobs:lobster_tail,0–1,"Loot condicionado ao caminho de morte; herança/interações/variantes fora deste pool separadas; pool1: 1 sorteio(s); reposição se múltiplos rolls; peso bruto 1/1; normaliza apenas entradas elegíveis; set_count; Saque minecraft:looting: bônus Math.round(nível × sorteio 0–1); limite sem limite explícito; aplica receita de fundição ao item; função somente se this satisfaz {""flags"": {""is_on_fire"": true}}","Ingrediente nas receitas auditadas: {'id': 'alexsmobs:cooked_lobster_tail'}, {'id': 'alexsmobs:cooked_lobster_tail'}, {'id': 'alexsmobs:cooked_lobster_tail'}",Alta nos arquivos versionados; configurações/datapacks externos não confirmados,/images/bestiary/audited/am/lobster-variant-0.png,com/github/alexthe666/alexsmobs/client/model/ModelLobster.class; com/github/alexthe666/alexsmobs/client/render/RenderLobster.class; assets/alexsmobs/textures/entity/lobster_red.png; com/github/alexthe666/alexsmobs/ClientProxy.class; com/github/alexthe666/alexsmobs/citadel/client/model/AdvancedEntityModel.class; com/github/alexthe666/alexsmobs/citadel/client/model/AdvancedModelBox.class; com/github/alexthe666/alexsmobs/entity/AMEntityRegistry.class; assets/alexsmobs/textures/entity/lobster_blue.png; assets/alexsmobs/textures/entity/lobster_yellow.png; assets/alexsmobs/textures/entity/lobster_redblue.png; assets/alexsmobs/textures/entity/lobster_black.png; assets/alexsmobs/textures/entity/lobster_white.png; output-am/proveniencia.json,evidence-am/alexsmobs-2.1.14-neoforge+1.21.1.jar::data/alexsmobs/loot_table/entities/lobster.json; evidence-am/decompiled-full/com/github/alexthe666/alexsmobs/entity/EntityLobster.java; evidence-am/decompiled-full/com/github/alexthe666/alexsmobs/item/AMItemRegistry.java; registros-usos-itens.json#alexsmobs:lobster_tail,/bestiary/receitas/am.html#receita-cooked-lobster-tail | [Receita cooked_lobster_tail](lote-final-2026-10-06/am-cards-2026-10-06.md#receita-cooked-lobster-tail) — data/alexsmobs/recipe/cooked_lobster_tail.json; [Receita cooked_lobster_tail_campfire](lote-final-2026-10-06/am-cards-2026-10-06.md#receita-cooked-lobster-tail-campfire) — data/alexsmobs/recipe/cooked_lobster_tail_campfire.json; [Receita cooked_lobster_tail_smoke](lote-final-2026-10-06/am-cards-2026-10-06.md#receita-cooked-lobster-tail-smoke) — data/alexsmobs/recipe/cooked_lobster_tail_smoke.json
Lobster,Alex’s Mobs Continued,Criatura WaterAnimal; comportamento definido na classe e herança citadas,BiomeConfig padrão: (#minecraft:is_beach) OU (terralith:gravel_beach) OU (minecraft:stony_shore); grupos alternativos; entradas externas só se biomas existirem. Fonte: evidence-am/decompiled-full/com/github/alexthe666/alexsmobs/config/BiomeConfig.java → evidence-am/decompiled-full/com/github/alexthe666/alexsmobs/config/DefaultBiomes.java; configuração efetiva do servidor não confirmada.,Captura viva em balde,alexsmobs:lobster_bucket,1,"Bucketable.bucketMobPickup; entidade viva, recipiente compatível; estado salvo no item; não é drop de morte",Transportar/soltar a criatura mantendo dados de balde,Alta nos arquivos versionados; configurações/datapacks externos não confirmados,/images/bestiary/audited/am/lobster-variant-0.png,com/github/alexthe666/alexsmobs/client/model/ModelLobster.class; com/github/alexthe666/alexsmobs/client/render/RenderLobster.class; assets/alexsmobs/textures/entity/lobster_red.png; com/github/alexthe666/alexsmobs/ClientProxy.class; com/github/alexthe666/alexsmobs/citadel/client/model/AdvancedEntityModel.class; com/github/alexthe666/alexsmobs/citadel/client/model/AdvancedModelBox.class; com/github/alexthe666/alexsmobs/entity/AMEntityRegistry.class; assets/alexsmobs/textures/entity/lobster_blue.png; assets/alexsmobs/textures/entity/lobster_yellow.png; assets/alexsmobs/textures/entity/lobster_redblue.png; assets/alexsmobs/textures/entity/lobster_black.png; assets/alexsmobs/textures/entity/lobster_white.png; output-am/proveniencia.json,/workspace/scratch/25006bff7ab5/evidence-am/decompiled-full/com/github/alexthe666/alexsmobs/entity/EntityLobster.java; evidence-am/decompiled-full/com/github/alexthe666/alexsmobs/entity/EntityLobster.java; evidence-am/decompiled-full/com/github/alexthe666/alexsmobs/item/AMItemRegistry.java; registros-usos-itens.json#alexsmobs:lobster_bucket,Não aplicável: uso direto ou nenhuma receita identificada na build
Komodo Dragon,Alex’s Mobs Continued,"Criatura TamableAnimal; alvos: EntityKomodoDragon, Player",BiomeConfig padrão: (#minecraft:is_jungle E NÃO #forge:is_dense/overworld) OU (terralith:sandstone_valley) OU (terralith:red_oasis) OU (terralith:skylands_summer) OU (biomesoplenty:tropics) OU (minecraft:bamboo_jungle); grupos alternativos; entradas externas só se biomas existirem. Fonte: evidence-am/decompiled-full/com/github/alexthe666/alexsmobs/config/BiomeConfig.java → evidence-am/decompiled-full/com/github/alexthe666/alexsmobs/config/DefaultBiomes.java; configuração efetiva do servidor não confirmada.,Tabela de morte vazia,Sem itens no JSON,0,Loot condicionado ao caminho de morte; herança/interações/variantes fora deste pool separadas; pools=[]; mecanismos paralelos separados,Não aplicável,Alta nos arquivos versionados; configurações/datapacks externos não confirmados,/images/bestiary/audited/am/komodo-dragon.png,com/github/alexthe666/alexsmobs/client/model/ModelKomodoDragon.class; com/github/alexthe666/alexsmobs/client/render/RenderKomodoDragon.class; assets/alexsmobs/textures/entity/komodo_dragon.png; com/github/alexthe666/alexsmobs/ClientProxy.class; com/github/alexthe666/alexsmobs/citadel/client/model/AdvancedEntityModel.class; com/github/alexthe666/alexsmobs/citadel/client/model/AdvancedModelBox.class; com/github/alexthe666/alexsmobs/client/render/RenderKomodoDragon$LayerSaddle.class; com/github/alexthe666/alexsmobs/entity/AMEntityRegistry.class; output-am/proveniencia.json,evidence-am/alexsmobs-2.1.14-neoforge+1.21.1.jar::data/alexsmobs/loot_table/entities/komodo_dragon.json; evidence-am/decompiled-full/com/github/alexthe666/alexsmobs/entity/EntityKomodoDragon.java,Não aplicável: uso direto ou nenhuma receita identificada na build
Komodo Dragon,Alex’s Mobs Continued,"Criatura TamableAnimal; alvos: EntityKomodoDragon, Player",BiomeConfig padrão: (#minecraft:is_jungle E NÃO #forge:is_dense/overworld) OU (terralith:sandstone_valley) OU (terralith:red_oasis) OU (terralith:skylands_summer) OU (biomesoplenty:tropics) OU (minecraft:bamboo_jungle); grupos alternativos; entradas externas só se biomas existirem. Fonte: evidence-am/decompiled-full/com/github/alexthe666/alexsmobs/config/BiomeConfig.java → evidence-am/decompiled-full/com/github/alexthe666/alexsmobs/config/DefaultBiomes.java; configuração efetiva do servidor não confirmada.,Recompensa com mob vivo,alexsmobs:komodo_spit,1,Adulto vivo; timer reseta24000+nextInt12000 ticks,"Ingrediente nas receitas auditadas: {'id': 'alexsmobs:komodo_spit_bottle'}, {'id': 'minecraft:slime_ball'}",Alta nos arquivos versionados; configurações/datapacks externos não confirmados,/images/bestiary/audited/am/komodo-dragon.png,com/github/alexthe666/alexsmobs/client/model/ModelKomodoDragon.class; com/github/alexthe666/alexsmobs/client/render/RenderKomodoDragon.class; assets/alexsmobs/textures/entity/komodo_dragon.png; com/github/alexthe666/alexsmobs/ClientProxy.class; com/github/alexthe666/alexsmobs/citadel/client/model/AdvancedEntityModel.class; com/github/alexthe666/alexsmobs/citadel/client/model/AdvancedModelBox.class; com/github/alexthe666/alexsmobs/client/render/RenderKomodoDragon$LayerSaddle.class; com/github/alexthe666/alexsmobs/entity/AMEntityRegistry.class; output-am/proveniencia.json,/workspace/scratch/25006bff7ab5/evidence-am/decompiled-full/com/github/alexthe666/alexsmobs/entity/EntityKomodoDragon.java; evidence-am/decompiled-full/com/github/alexthe666/alexsmobs/entity/EntityKomodoDragon.java; evidence-am/decompiled-full/com/github/alexthe666/alexsmobs/item/AMItemRegistry.java; registros-usos-itens.json#alexsmobs:komodo_spit,/bestiary/receitas/am.html#receita-animal-dictionary | [Receita animal_dictionary](lote-final-2026-10-06/am-cards-2026-10-06.md#receita-animal-dictionary) — data/alexsmobs/recipe/animal_dictionary.json; [Receita komodo_spit_bottle](lote-final-2026-10-06/am-cards-2026-10-06.md#receita-komodo-spit-bottle) — data/alexsmobs/recipe/komodo_spit_bottle.json; [Receita komodo_spit_to_slime](lote-final-2026-10-06/am-cards-2026-10-06.md#receita-komodo-spit-to-slime) — data/alexsmobs/recipe/komodo_spit_to_slime.json
Komodo Dragon,Alex’s Mobs Continued,"Criatura TamableAnimal; alvos: EntityKomodoDragon, Player",BiomeConfig padrão: (#minecraft:is_jungle E NÃO #forge:is_dense/overworld) OU (terralith:sandstone_valley) OU (terralith:red_oasis) OU (terralith:skylands_summer) OU (biomesoplenty:tropics) OU (minecraft:bamboo_jungle); grupos alternativos; entradas externas só se biomas existirem. Fonte: evidence-am/decompiled-full/com/github/alexthe666/alexsmobs/config/BiomeConfig.java → evidence-am/decompiled-full/com/github/alexthe666/alexsmobs/config/DefaultBiomes.java; configuração efetiva do servidor não confirmada.,Recuperação de equipamento/contexto,minecraft:saddle,1,"isSaddled; dropEquipment; recupera equipamento preexistente, não pool incondicional",Recuperar e reutilizar o item equipado; pilha/variante conforme estado salvo,Alta nos arquivos versionados; configurações/datapacks externos não confirmados,/images/bestiary/audited/am/komodo-dragon.png,com/github/alexthe666/alexsmobs/client/model/ModelKomodoDragon.class; com/github/alexthe666/alexsmobs/client/render/RenderKomodoDragon.class; assets/alexsmobs/textures/entity/komodo_dragon.png; com/github/alexthe666/alexsmobs/ClientProxy.class; com/github/alexthe666/alexsmobs/citadel/client/model/AdvancedEntityModel.class; com/github/alexthe666/alexsmobs/citadel/client/model/AdvancedModelBox.class; com/github/alexthe666/alexsmobs/client/render/RenderKomodoDragon$LayerSaddle.class; com/github/alexthe666/alexsmobs/entity/AMEntityRegistry.class; output-am/proveniencia.json,/workspace/scratch/25006bff7ab5/evidence-am/decompiled-full/com/github/alexthe666/alexsmobs/entity/EntityKomodoDragon.java; evidence-am/decompiled-full/com/github/alexthe666/alexsmobs/entity/EntityKomodoDragon.java,/bestiary/receitas/am.html#receita-straddle-saddle | [Receita straddle_saddle](lote-final-2026-10-06/am-cards-2026-10-06.md#receita-straddle-saddle) — data/alexsmobs/recipe/straddle_saddle.json
Capuchin Monkey,Alex’s Mobs Continued,Criatura TamableAnimal; comportamento definido na classe e herança citadas,BiomeConfig padrão: (#minecraft:is_jungle E NÃO minecraft:bamboo_jungle) OU (minecraft:mangrove_swamp) OU (terralith:amethyst_canyon) OU (terralith:amethyst_rainforest) OU (terralith:jungle_mountains) OU (terralith:rocky_jungle) OU (terralith:tropical_jungle) OU (terralith:skylands_summer); grupos alternativos; entradas externas só se biomas existirem. Fonte: evidence-am/decompiled-full/com/github/alexthe666/alexsmobs/config/BiomeConfig.java → evidence-am/decompiled-full/com/github/alexthe666/alexsmobs/config/DefaultBiomes.java; configuração efetiva do servidor não confirmada.,Tabela de morte vazia,Sem itens no JSON,0,Loot condicionado ao caminho de morte; herança/interações/variantes fora deste pool separadas; pools=[]; mecanismos paralelos separados,Não aplicável,Alta nos arquivos versionados; configurações/datapacks externos não confirmados,/images/bestiary/audited/am/capuchin-monkey-variant-0.png,com/github/alexthe666/alexsmobs/client/model/ModelCapuchinMonkey.class; com/github/alexthe666/alexsmobs/client/render/RenderCapuchinMonkey.class; assets/alexsmobs/textures/entity/capuchin_monkey_0.png; com/github/alexthe666/alexsmobs/ClientProxy.class; com/github/alexthe666/alexsmobs/citadel/client/model/AdvancedEntityModel.class; com/github/alexthe666/alexsmobs/citadel/client/model/AdvancedModelBox.class; com/github/alexthe666/alexsmobs/client/render/layer/LayerCapuchinItem.class; com/github/alexthe666/alexsmobs/entity/AMEntityRegistry.class; assets/alexsmobs/textures/entity/capuchin_monkey_1.png; assets/alexsmobs/textures/entity/capuchin_monkey_2.png; assets/alexsmobs/textures/entity/capuchin_monkey_3.png; output-am/proveniencia.json,evidence-am/alexsmobs-2.1.14-neoforge+1.21.1.jar::data/alexsmobs/loot_table/entities/capuchin_monkey.json; evidence-am/decompiled-full/com/github/alexthe666/alexsmobs/entity/EntityCapuchinMonkey.java,Não aplicável: uso direto ou nenhuma receita identificada na build
Capuchin Monkey,Alex’s Mobs Continued,Criatura TamableAnimal; comportamento definido na classe e herança citadas,BiomeConfig padrão: (#minecraft:is_jungle E NÃO minecraft:bamboo_jungle) OU (minecraft:mangrove_swamp) OU (terralith:amethyst_canyon) OU (terralith:amethyst_rainforest) OU (terralith:jungle_mountains) OU (terralith:rocky_jungle) OU (terralith:tropical_jungle) OU (terralith:skylands_summer); grupos alternativos; entradas externas só se biomas existirem. Fonte: evidence-am/decompiled-full/com/github/alexthe666/alexsmobs/config/BiomeConfig.java → evidence-am/decompiled-full/com/github/alexthe666/alexsmobs/config/DefaultBiomes.java; configuração efetiva do servidor não confirmada.,Recuperação de equipamento/contexto,alexsmobs:ancient_dart,1,"hasDart; dropEquipment; recupera equipamento preexistente, não pool incondicional",Recuperar e reutilizar o item equipado; pilha/variante conforme estado salvo,Alta nos arquivos versionados; configurações/datapacks externos não confirmados,/images/bestiary/audited/am/capuchin-monkey-variant-0.png,com/github/alexthe666/alexsmobs/client/model/ModelCapuchinMonkey.class; com/github/alexthe666/alexsmobs/client/render/RenderCapuchinMonkey.class; assets/alexsmobs/textures/entity/capuchin_monkey_0.png; com/github/alexthe666/alexsmobs/ClientProxy.class; com/github/alexthe666/alexsmobs/citadel/client/model/AdvancedEntityModel.class; com/github/alexthe666/alexsmobs/citadel/client/model/AdvancedModelBox.class; com/github/alexthe666/alexsmobs/client/render/layer/LayerCapuchinItem.class; com/github/alexthe666/alexsmobs/entity/AMEntityRegistry.class; assets/alexsmobs/textures/entity/capuchin_monkey_1.png; assets/alexsmobs/textures/entity/capuchin_monkey_2.png; assets/alexsmobs/textures/entity/capuchin_monkey_3.png; output-am/proveniencia.json,/workspace/scratch/25006bff7ab5/evidence-am/decompiled-full/com/github/alexthe666/alexsmobs/entity/EntityCapuchinMonkey.java; evidence-am/decompiled-full/com/github/alexthe666/alexsmobs/entity/EntityCapuchinMonkey.java; evidence-am/decompiled-full/com/github/alexthe666/alexsmobs/item/AMItemRegistry.java; registros-usos-itens.json#alexsmobs:ancient_dart,Não aplicável: uso direto ou nenhuma receita identificada na build
Capuchin Monkey,Alex’s Mobs Continued,Criatura TamableAnimal; comportamento definido na classe e herança citadas,BiomeConfig padrão: (#minecraft:is_jungle E NÃO minecraft:bamboo_jungle) OU (minecraft:mangrove_swamp) OU (terralith:amethyst_canyon) OU (terralith:amethyst_rainforest) OU (terralith:jungle_mountains) OU (terralith:rocky_jungle) OU (terralith:tropical_jungle) OU (terralith:skylands_summer); grupos alternativos; entradas externas só se biomas existirem. Fonte: evidence-am/decompiled-full/com/github/alexthe666/alexsmobs/config/BiomeConfig.java → evidence-am/decompiled-full/com/github/alexthe666/alexsmobs/config/DefaultBiomes.java; configuração efetiva do servidor não confirmada.,Resto após comer Banana,alexsmobs:banana_peel,1,Rotina de consumo de Banana termina e cria Banana Peel; não loot incondicional de morte,Bloco Banana Peel colocável; função própria do bloco e receitas quando aplicáveis,Alta nos arquivos versionados; configurações/datapacks externos não confirmados,/images/bestiary/audited/am/capuchin-monkey-variant-0.png,com/github/alexthe666/alexsmobs/client/model/ModelCapuchinMonkey.class; com/github/alexthe666/alexsmobs/client/render/RenderCapuchinMonkey.class; assets/alexsmobs/textures/entity/capuchin_monkey_0.png; com/github/alexthe666/alexsmobs/ClientProxy.class; com/github/alexthe666/alexsmobs/citadel/client/model/AdvancedEntityModel.class; com/github/alexthe666/alexsmobs/citadel/client/model/AdvancedModelBox.class; com/github/alexthe666/alexsmobs/client/render/layer/LayerCapuchinItem.class; com/github/alexthe666/alexsmobs/entity/AMEntityRegistry.class; assets/alexsmobs/textures/entity/capuchin_monkey_1.png; assets/alexsmobs/textures/entity/capuchin_monkey_2.png; assets/alexsmobs/textures/entity/capuchin_monkey_3.png; output-am/proveniencia.json,/workspace/scratch/25006bff7ab5/evidence-am/decompiled-full/com/github/alexthe666/alexsmobs/entity/EntityCapuchinMonkey.java; evidence-am/decompiled-full/com/github/alexthe666/alexsmobs/entity/EntityCapuchinMonkey.java,/bestiary/receitas/am.html#receita-sopa-de-macaco | [Receita sopa_de_macaco](lote-final-2026-10-06/am-cards-2026-10-06.md#receita-sopa-de-macaco) — data/alexsmobs/recipe/sopa_de_macaco.json
Centipede Head,Alex’s Mobs Continued,"Criatura Monster; alvos: Player, AbstractVillager, EntityCockroach",BiomeConfig padrão: (#minecraft:is_overworld E NÃO #forge:no_default_monsters E NÃO #minecraft:is_ocean E NÃO #forge:is_mushroom E NÃO minecraft:deep_dark) OU (terralith:cave/andesite_caves) OU (terralith:cave/desert_caves) OU (terralith:cave/diorite_caves) OU (terralith:cave/granite_caves) OU (terralith:cave/ice_caves) OU (terralith:cave/infested_caves) OU (terralith:cave/thermal_caves) OU (terralith:cave/crystal_caves) OU (terralith:cave/frostfire_caves) OU (terralith:cave/mantle_caves) OU (terralith:cave/deep_caves) OU (terralith:cave/tuff_caves); grupos alternativos; entradas externas só se biomas existirem. Fonte: evidence-am/decompiled-full/com/github/alexthe666/alexsmobs/config/BiomeConfig.java → evidence-am/decompiled-full/com/github/alexthe666/alexsmobs/config/DefaultBiomes.java; configuração efetiva do servidor não confirmada.,Loot de morte,alexsmobs:centipede_leg,0–2,Loot condicionado ao caminho de morte; herança/interações/variantes fora deste pool separadas; pool1: 1 sorteio(s); reposição se múltiplos rolls; peso bruto 1/1; normaliza apenas entradas elegíveis; set_count; Saque minecraft:looting: bônus Math.round(nível × sorteio 0–1); limite sem limite explícito,"Ingrediente nas receitas auditadas: {'id': 'alexsmobs:centipede_leggings', 'count': 1}",Alta nos arquivos versionados; configurações/datapacks externos não confirmados,/images/bestiary/audited/am/cave-centipede.png,com/github/alexthe666/alexsmobs/client/model/ModelCaveCentipede.class; com/github/alexthe666/alexsmobs/client/render/RenderCentipedeHead.class; assets/alexsmobs/textures/entity/cave_centipede.png; com/github/alexthe666/alexsmobs/ClientProxy.class; com/github/alexthe666/alexsmobs/citadel/client/model/AdvancedEntityModel.class; com/github/alexthe666/alexsmobs/citadel/client/model/AdvancedModelBox.class; com/github/alexthe666/alexsmobs/client/render/RenderCentipedeBody.class; com/github/alexthe666/alexsmobs/client/render/RenderCentipedeTail.class; com/github/alexthe666/alexsmobs/entity/AMEntityRegistry.class; com/github/alexthe666/alexsmobs/entity/EntityCentipedeBody.class; com/github/alexthe666/alexsmobs/entity/EntityCentipedeHead.class; com/github/alexthe666/alexsmobs/entity/EntityCentipedeTail.class; com/github/alexthe666/alexsmobs/entity/IHurtableMultipart.class; output-am/proveniencia.json,evidence-am/alexsmobs-2.1.14-neoforge+1.21.1.jar::data/alexsmobs/loot_table/entities/centipede_head.json; evidence-am/decompiled-full/com/github/alexthe666/alexsmobs/entity/EntityCentipedeHead.java; evidence-am/decompiled-full/com/github/alexthe666/alexsmobs/item/AMItemRegistry.java; registros-usos-itens.json#alexsmobs:centipede_leg,/bestiary/receitas/am.html#receita-animal-dictionary | [Receita animal_dictionary](lote-final-2026-10-06/am-cards-2026-10-06.md#receita-animal-dictionary) — data/alexsmobs/recipe/animal_dictionary.json; [Receita centipede_leggings](lote-final-2026-10-06/am-cards-2026-10-06.md#receita-centipede-leggings) — data/alexsmobs/recipe/centipede_leggings.json
Warped Toad,Alex’s Mobs Continued,Criatura TamableAnimal; comportamento definido na classe e herança citadas,BiomeConfig padrão: (minecraft:warped_forest) OU (byg:crimson_gardens) OU (byg:warped_desert) OU (incendium:inverted_forest) OU (incendium:quartz_flats); grupos alternativos; entradas externas só se biomas existirem. Fonte: evidence-am/decompiled-full/com/github/alexthe666/alexsmobs/config/BiomeConfig.java → evidence-am/decompiled-full/com/github/alexthe666/alexsmobs/config/DefaultBiomes.java; configuração efetiva do servidor não confirmada.,Loot de morte,minecraft:shroomlight,0–1,Loot condicionado ao caminho de morte; herança/interações/variantes fora deste pool separadas; pool1: 1 sorteio(s); reposição se múltiplos rolls; peso bruto 1/2; normaliza apenas entradas elegíveis; set_count; Saque minecraft:looting: bônus Math.round(nível × sorteio 0–1); limite sem limite explícito,"Bloco/planta vanilla1.21.1 para colocação, construção ou cultivo; comportamento específico conforme registro/bloco vanilla",Alta no recurso/registro/classe citados; condições efetivas do pack não confirmadas,/images/bestiary/audited/am/warped-toad.png,com/github/alexthe666/alexsmobs/client/model/ModelWarpedToad.class; com/github/alexthe666/alexsmobs/client/render/RenderWarpedToad.class; assets/alexsmobs/textures/entity/warped_toad.png; com/github/alexthe666/alexsmobs/ClientProxy.class; com/github/alexthe666/alexsmobs/citadel/client/model/AdvancedEntityModel.class; com/github/alexthe666/alexsmobs/citadel/client/model/AdvancedModelBox.class; com/github/alexthe666/alexsmobs/client/render/layer/LayerWarpedToadGlow.class; com/github/alexthe666/alexsmobs/entity/AMEntityRegistry.class; output-am/proveniencia.json,evidence-am/alexsmobs-2.1.14-neoforge+1.21.1.jar::data/alexsmobs/loot_table/entities/warped_toad.json; evidence-am/decompiled-full/com/github/alexthe666/alexsmobs/entity/EntityWarpedToad.java,[Receitas vanilla1.21.1](lote-final-2026-10-06/receitas-vanilla.json)
Warped Toad,Alex’s Mobs Continued,Criatura TamableAnimal; comportamento definido na classe e herança citadas,BiomeConfig padrão: (minecraft:warped_forest) OU (byg:crimson_gardens) OU (byg:warped_desert) OU (incendium:inverted_forest) OU (incendium:quartz_flats); grupos alternativos; entradas externas só se biomas existirem. Fonte: evidence-am/decompiled-full/com/github/alexthe666/alexsmobs/config/BiomeConfig.java → evidence-am/decompiled-full/com/github/alexthe666/alexsmobs/config/DefaultBiomes.java; configuração efetiva do servidor não confirmada.,Loot de morte,minecraft:nether_wart,0–1,Loot condicionado ao caminho de morte; herança/interações/variantes fora deste pool separadas; pool1: 1 sorteio(s); reposição se múltiplos rolls; peso bruto 1/2; normaliza apenas entradas elegíveis; set_count; Saque minecraft:looting: bônus Math.round(nível × sorteio 0–1); limite sem limite explícito,"Ingrediente nas receitas vanilla1.21.1: {'count': 1, 'id': 'minecraft:nether_wart_block'}, {'count': 1, 'id': 'minecraft:red_nether_bricks'}",Alta nos arquivos versionados; configurações/datapacks externos não confirmados,/images/bestiary/audited/am/warped-toad.png,com/github/alexthe666/alexsmobs/client/model/ModelWarpedToad.class; com/github/alexthe666/alexsmobs/client/render/RenderWarpedToad.class; assets/alexsmobs/textures/entity/warped_toad.png; com/github/alexthe666/alexsmobs/ClientProxy.class; com/github/alexthe666/alexsmobs/citadel/client/model/AdvancedEntityModel.class; com/github/alexthe666/alexsmobs/citadel/client/model/AdvancedModelBox.class; com/github/alexthe666/alexsmobs/client/render/layer/LayerWarpedToadGlow.class; com/github/alexthe666/alexsmobs/entity/AMEntityRegistry.class; output-am/proveniencia.json,evidence-am/alexsmobs-2.1.14-neoforge+1.21.1.jar::data/alexsmobs/loot_table/entities/warped_toad.json; evidence-am/decompiled-full/com/github/alexthe666/alexsmobs/entity/EntityWarpedToad.java,[Receitas vanilla1.21.1](lote-final-2026-10-06/receitas-vanilla.json)
Moose,Alex’s Mobs Continued,Criatura Animal; comportamento definido na classe e herança citadas,BiomeConfig padrão: (#minecraft:is_overworld E #forge:is_snowy E #forge:is_wasteland) OU (#minecraft:is_overworld E #forge:is_snowy E #minecraft:is_taiga) OU (biomesoplenty:snowy_coniferous_forest) OU (biomesoplenty:snowy_fir_clearing) OU (snowy_maple_woods) OU (terralith:alpine_grove) OU (terralith:snowy_badlands) OU (terralith:snowy_maple_forest) OU (terralith:snowy_shield) OU (terralith:wintry_forest) OU (terralith:wintry_lowlands) OU (terralith:gravel_desert) OU (terralith:skylands_winter) OU (biomesoplenty:snowblossom_grove); grupos alternativos; entradas externas só se biomas existirem. Fonte: evidence-am/decompiled-full/com/github/alexthe666/alexsmobs/config/BiomeConfig.java → evidence-am/decompiled-full/com/github/alexthe666/alexsmobs/config/DefaultBiomes.java; configuração efetiva do servidor não confirmada.,Loot de morte,alexsmobs:moose_ribs,1–3,"Loot condicionado ao caminho de morte; herança/interações/variantes fora deste pool separadas; pool1: 1 sorteio(s); reposição se múltiplos rolls; peso bruto 1/1; normaliza apenas entradas elegíveis; set_count; Saque minecraft:looting: bônus Math.round(nível × sorteio 0–1); limite sem limite explícito; aplica receita de fundição ao item; função somente se this satisfaz {""flags"": {""is_on_fire"": true}}","Ingrediente nas receitas auditadas: {'id': 'alexsmobs:cooked_moose_ribs'}, {'id': 'alexsmobs:cooked_moose_ribs'}, {'id': 'alexsmobs:cooked_moose_ribs'}",Alta nos arquivos versionados; configurações/datapacks externos não confirmados,/images/bestiary/audited/am/moose.png,com/github/alexthe666/alexsmobs/client/model/ModelMoose.class; com/github/alexthe666/alexsmobs/client/render/RenderMoose.class; assets/alexsmobs/textures/entity/moose.png; com/github/alexthe666/alexsmobs/ClientProxy.class; com/github/alexthe666/alexsmobs/citadel/client/model/AdvancedEntityModel.class; com/github/alexthe666/alexsmobs/citadel/client/model/AdvancedModelBox.class; com/github/alexthe666/alexsmobs/client/render/RenderMoose$LayerSnow.class; com/github/alexthe666/alexsmobs/entity/AMEntityRegistry.class; output-am/proveniencia.json,evidence-am/alexsmobs-2.1.14-neoforge+1.21.1.jar::data/alexsmobs/loot_table/entities/moose.json; evidence-am/decompiled-full/com/github/alexthe666/alexsmobs/entity/EntityMoose.java; evidence-am/decompiled-full/com/github/alexthe666/alexsmobs/item/AMItemRegistry.java; registros-usos-itens.json#alexsmobs:moose_ribs,/bestiary/receitas/am.html#receita-cooked-moose-ribs | [Receita cooked_moose_ribs](lote-final-2026-10-06/am-cards-2026-10-06.md#receita-cooked-moose-ribs) — data/alexsmobs/recipe/cooked_moose_ribs.json; [Receita cooked_moose_ribs_campfire](lote-final-2026-10-06/am-cards-2026-10-06.md#receita-cooked-moose-ribs-campfire) — data/alexsmobs/recipe/cooked_moose_ribs_campfire.json; [Receita cooked_moose_ribs_smoke](lote-final-2026-10-06/am-cards-2026-10-06.md#receita-cooked-moose-ribs-smoke) — data/alexsmobs/recipe/cooked_moose_ribs_smoke.json
Moose,Alex’s Mobs Continued,Criatura Animal; comportamento definido na classe e herança citadas,BiomeConfig padrão: (#minecraft:is_overworld E #forge:is_snowy E #forge:is_wasteland) OU (#minecraft:is_overworld E #forge:is_snowy E #minecraft:is_taiga) OU (biomesoplenty:snowy_coniferous_forest) OU (biomesoplenty:snowy_fir_clearing) OU (snowy_maple_woods) OU (terralith:alpine_grove) OU (terralith:snowy_badlands) OU (terralith:snowy_maple_forest) OU (terralith:snowy_shield) OU (terralith:wintry_forest) OU (terralith:wintry_lowlands) OU (terralith:gravel_desert) OU (terralith:skylands_winter) OU (biomesoplenty:snowblossom_grove); grupos alternativos; entradas externas só se biomas existirem. Fonte: evidence-am/decompiled-full/com/github/alexthe666/alexsmobs/config/BiomeConfig.java → evidence-am/decompiled-full/com/github/alexthe666/alexsmobs/config/DefaultBiomes.java; configuração efetiva do servidor não confirmada.,Recompensa com mob vivo,alexsmobs:moose_antler,1,timeUntilAntlerDrop==0 e isAntlered; perde galhada; ausência reseta48000+nextInt3×24000ticks e presença168000+nextInt3×24000,"Ingrediente nas receitas auditadas: {'id': 'alexsmobs:moose_headgear', 'count': 1}",Alta nos arquivos versionados; configurações/datapacks externos não confirmados,/images/bestiary/audited/am/moose.png,com/github/alexthe666/alexsmobs/client/model/ModelMoose.class; com/github/alexthe666/alexsmobs/client/render/RenderMoose.class; assets/alexsmobs/textures/entity/moose.png; com/github/alexthe666/alexsmobs/ClientProxy.class; com/github/alexthe666/alexsmobs/citadel/client/model/AdvancedEntityModel.class; com/github/alexthe666/alexsmobs/citadel/client/model/AdvancedModelBox.class; com/github/alexthe666/alexsmobs/client/render/RenderMoose$LayerSnow.class; com/github/alexthe666/alexsmobs/entity/AMEntityRegistry.class; output-am/proveniencia.json,/workspace/scratch/25006bff7ab5/evidence-am/decompiled-full/com/github/alexthe666/alexsmobs/entity/EntityMoose.java; evidence-am/decompiled-full/com/github/alexthe666/alexsmobs/entity/EntityMoose.java; evidence-am/decompiled-full/com/github/alexthe666/alexsmobs/item/AMItemRegistry.java; registros-usos-itens.json#alexsmobs:moose_antler,/bestiary/receitas/am.html#receita-animal-dictionary | [Receita animal_dictionary](lote-final-2026-10-06/am-cards-2026-10-06.md#receita-animal-dictionary) — data/alexsmobs/recipe/animal_dictionary.json; [Receita moose_headgear](lote-final-2026-10-06/am-cards-2026-10-06.md#receita-moose-headgear) — data/alexsmobs/recipe/moose_headgear.json
Mimicube,Alex’s Mobs Continued,"Criatura Monster; alvos: Player, AbstractVillager",BiomeConfig padrão: (NÃO #forge:no_default_monsters E #minecraft:is_end E NÃO minecraft:the_end); grupos alternativos; entradas externas só se biomas existirem. Fonte: evidence-am/decompiled-full/com/github/alexthe666/alexsmobs/config/BiomeConfig.java → evidence-am/decompiled-full/com/github/alexthe666/alexsmobs/config/DefaultBiomes.java; configuração efetiva do servidor não confirmada.,Loot de morte,alexsmobs:mimicream,-1–1,Loot condicionado ao caminho de morte; herança/interações/variantes fora deste pool separadas; pool1: 1 sorteio(s); reposição se múltiplos rolls; peso bruto 1/1; normaliza apenas entradas elegíveis; set_count,"Ingrediente nas receitas auditadas: {'id': 'alexsmobs:hemolymph_blaster', 'count': 1}",Alta nos arquivos versionados; configurações/datapacks externos não confirmados,/images/bestiary/audited/am/mimicube.png,com/github/alexthe666/alexsmobs/client/model/ModelMimicube.class; com/github/alexthe666/alexsmobs/client/render/RenderMimicube.class; assets/alexsmobs/textures/entity/mimicube.png; assets/alexsmobs/textures/entity/mimicube_outer.png; com/github/alexthe666/alexsmobs/ClientProxy.class; com/github/alexthe666/alexsmobs/citadel/client/model/AdvancedEntityModel.class; com/github/alexthe666/alexsmobs/citadel/client/model/AdvancedModelBox.class; com/github/alexthe666/alexsmobs/client/render/layer/LayerMimicubeHeldItem.class; com/github/alexthe666/alexsmobs/client/render/layer/LayerMimicubeHelmet.class; com/github/alexthe666/alexsmobs/client/render/layer/LayerMimicubeTexture.class; com/github/alexthe666/alexsmobs/entity/AMEntityRegistry.class; output-am/proveniencia.json,evidence-am/alexsmobs-2.1.14-neoforge+1.21.1.jar::data/alexsmobs/loot_table/entities/mimicube.json; evidence-am/decompiled-full/com/github/alexthe666/alexsmobs/entity/EntityMimicube.java; evidence-am/decompiled-full/com/github/alexthe666/alexsmobs/item/AMItemRegistry.java; registros-usos-itens.json#alexsmobs:mimicream,/bestiary/receitas/am.html#receita-hemolymph-blaster | [Receita hemolymph_blaster](lote-final-2026-10-06/am-cards-2026-10-06.md#receita-hemolymph-blaster) — data/alexsmobs/recipe/hemolymph_blaster.json
Raccoon,Alex’s Mobs Continued,Criatura TamableAnimal; comportamento definido na classe e herança citadas,BiomeConfig padrão: (#minecraft:is_overworld E #minecraft:is_forest) OU (#minecraft:is_overworld E NÃO #minecraft:is_savanna E #forge:is_plains) OU (#minecraft:is_overworld E #minecraft:is_taiga) OU (terralith:alpine_grove) OU (terralith:birch_taiga) OU (terralith:blooming_valley) OU (terralith:lavender_forest) OU (terralith:lavender_valley) OU (terralith:moonlight_grove) OU (terralith:moonlight_valley) OU (terralith:sakura_grove) OU (terralith:sakura_valley) OU (terralith:cold_shrubland) OU (terralith:highlands) OU (terralith:hot_shrubland) OU (terralith:rocky_shrubland) OU (terralith:shield_clearing) OU (terralith:steppe) OU (terralith:valley_clearing) OU (terralith:temperate_highlands) OU (terralith:skylands_autumn) OU (terralith:mirage_isles) OU (biomesoplenty:redwood_forest) OU (minecraft:cherry_grove) OU (biomesoplenty:snowblossom_grove); grupos alternativos; entradas externas só se biomas existirem. Fonte: evidence-am/decompiled-full/com/github/alexthe666/alexsmobs/config/BiomeConfig.java → evidence-am/decompiled-full/com/github/alexthe666/alexsmobs/config/DefaultBiomes.java; configuração efetiva do servidor não confirmada.,Loot de morte,alexsmobs:raccoon_tail,-1–1,Loot condicionado ao caminho de morte; herança/interações/variantes fora deste pool separadas; pool1: 1 sorteio(s); reposição se múltiplos rolls; peso bruto 1/1; normaliza apenas entradas elegíveis; set_count,"Ingrediente nas receitas auditadas: {'id': 'alexsmobs:frontier_cap', 'count': 1}, {'id': 'alexsmobs:frontier_cap', 'count': 1}",Alta nos arquivos versionados; configurações/datapacks externos não confirmados,/images/bestiary/audited/am/raccoon.png,com/github/alexthe666/alexsmobs/client/model/ModelRaccoon.class; com/github/alexthe666/alexsmobs/client/render/RenderRaccoon.class; assets/alexsmobs/textures/entity/raccoon.png; com/github/alexthe666/alexsmobs/ClientProxy.class; com/github/alexthe666/alexsmobs/citadel/client/model/AdvancedEntityModel.class; com/github/alexthe666/alexsmobs/citadel/client/model/AdvancedModelBox.class; com/github/alexthe666/alexsmobs/client/render/RenderRaccoon$BandanaLayer.class; com/github/alexthe666/alexsmobs/client/render/layer/LayerRaccoonEyes.class; com/github/alexthe666/alexsmobs/client/render/layer/LayerRaccoonItem.class; com/github/alexthe666/alexsmobs/entity/AMEntityRegistry.class; output-am/proveniencia.json,evidence-am/alexsmobs-2.1.14-neoforge+1.21.1.jar::data/alexsmobs/loot_table/entities/raccoon.json; evidence-am/decompiled-full/com/github/alexthe666/alexsmobs/entity/EntityRaccoon.java; evidence-am/decompiled-full/com/github/alexthe666/alexsmobs/item/AMItemRegistry.java; registros-usos-itens.json#alexsmobs:raccoon_tail,/bestiary/receitas/am.html#receita-animal-dictionary | [Receita animal_dictionary](lote-final-2026-10-06/am-cards-2026-10-06.md#receita-animal-dictionary) — data/alexsmobs/recipe/animal_dictionary.json; [Receita frontier_cap](lote-final-2026-10-06/am-cards-2026-10-06.md#receita-frontier-cap) — data/alexsmobs/recipe/frontier_cap.json; [Receita frontier_cap_alt](lote-final-2026-10-06/am-cards-2026-10-06.md#receita-frontier-cap-alt) — data/alexsmobs/recipe/frontier_cap_alt.json
Raccoon,Alex’s Mobs Continued,Criatura TamableAnimal; comportamento definido na classe e herança citadas,BiomeConfig padrão: (#minecraft:is_overworld E #minecraft:is_forest) OU (#minecraft:is_overworld E NÃO #minecraft:is_savanna E #forge:is_plains) OU (#minecraft:is_overworld E #minecraft:is_taiga) OU (terralith:alpine_grove) OU (terralith:birch_taiga) OU (terralith:blooming_valley) OU (terralith:lavender_forest) OU (terralith:lavender_valley) OU (terralith:moonlight_grove) OU (terralith:moonlight_valley) OU (terralith:sakura_grove) OU (terralith:sakura_valley) OU (terralith:cold_shrubland) OU (terralith:highlands) OU (terralith:hot_shrubland) OU (terralith:rocky_shrubland) OU (terralith:shield_clearing) OU (terralith:steppe) OU (terralith:valley_clearing) OU (terralith:temperate_highlands) OU (terralith:skylands_autumn) OU (terralith:mirage_isles) OU (biomesoplenty:redwood_forest) OU (minecraft:cherry_grove) OU (biomesoplenty:snowblossom_grove); grupos alternativos; entradas externas só se biomas existirem. Fonte: evidence-am/decompiled-full/com/github/alexthe666/alexsmobs/config/BiomeConfig.java → evidence-am/decompiled-full/com/github/alexthe666/alexsmobs/config/DefaultBiomes.java; configuração efetiva do servidor não confirmada.,Recuperação de equipamento/contexto,Carpet equipado,1,"getCarpetColor!=-1; dropEquipment; recupera equipamento preexistente, não pool incondicional",Recuperar e reutilizar o item equipado; pilha/variante conforme estado salvo,Alta nos arquivos versionados; configurações/datapacks externos não confirmados,/images/bestiary/audited/am/raccoon.png,com/github/alexthe666/alexsmobs/client/model/ModelRaccoon.class; com/github/alexthe666/alexsmobs/client/render/RenderRaccoon.class; assets/alexsmobs/textures/entity/raccoon.png; com/github/alexthe666/alexsmobs/ClientProxy.class; com/github/alexthe666/alexsmobs/citadel/client/model/AdvancedEntityModel.class; com/github/alexthe666/alexsmobs/citadel/client/model/AdvancedModelBox.class; com/github/alexthe666/alexsmobs/client/render/RenderRaccoon$BandanaLayer.class; com/github/alexthe666/alexsmobs/client/render/layer/LayerRaccoonEyes.class; com/github/alexthe666/alexsmobs/client/render/layer/LayerRaccoonItem.class; com/github/alexthe666/alexsmobs/entity/AMEntityRegistry.class; output-am/proveniencia.json,/workspace/scratch/25006bff7ab5/evidence-am/decompiled-full/com/github/alexthe666/alexsmobs/entity/EntityRaccoon.java; evidence-am/decompiled-full/com/github/alexthe666/alexsmobs/entity/EntityRaccoon.java,Não aplicável: uso direto ou nenhuma receita identificada na build
Blobfish,Alex’s Mobs Continued,Criatura WaterAnimal; comportamento definido na classe e herança citadas,BiomeConfig padrão: (#minecraft:is_deep_ocean); grupos alternativos; entradas externas só se biomas existirem. Fonte: evidence-am/decompiled-full/com/github/alexthe666/alexsmobs/config/BiomeConfig.java → evidence-am/decompiled-full/com/github/alexthe666/alexsmobs/config/DefaultBiomes.java; configuração efetiva do servidor não confirmada.,Loot de morte,alexsmobs:blobfish,1,Loot condicionado ao caminho de morte; herança/interações/variantes fora deste pool separadas; pool1: 1 sorteio(s); reposição se múltiplos rolls; peso bruto 1/1; normaliza apenas entradas elegíveis; set_count,Ingrediente nas receitas auditadas: {'id': 'alexsmobs:fish_oil'},Alta nos arquivos versionados; configurações/datapacks externos não confirmados,/images/bestiary/audited/am/blobfish-pressurized.png,com/github/alexthe666/alexsmobs/client/model/ModelBlobfish.class; com/github/alexthe666/alexsmobs/client/render/RenderBlobfish.class; assets/alexsmobs/textures/entity/blobfish.png; com/github/alexthe666/alexsmobs/ClientProxy.class; com/github/alexthe666/alexsmobs/citadel/client/model/AdvancedEntityModel.class; com/github/alexthe666/alexsmobs/citadel/client/model/AdvancedModelBox.class; com/github/alexthe666/alexsmobs/entity/AMEntityRegistry.class; com/github/alexthe666/alexsmobs/client/model/ModelBlobfishDepressurized.class; assets/alexsmobs/textures/entity/blobfish_depressurized.png; output-am/proveniencia.json,evidence-am/alexsmobs-2.1.14-neoforge+1.21.1.jar::data/alexsmobs/loot_table/entities/blobfish.json; evidence-am/decompiled-full/com/github/alexthe666/alexsmobs/entity/EntityBlobfish.java; evidence-am/decompiled-full/com/github/alexthe666/alexsmobs/item/AMItemRegistry.java; registros-usos-itens.json#alexsmobs:blobfish,/bestiary/receitas/am.html#receita-fish-oil | [Receita fish_oil](lote-final-2026-10-06/am-cards-2026-10-06.md#receita-fish-oil) — data/alexsmobs/recipe/fish_oil.json
Blobfish,Alex’s Mobs Continued,Criatura WaterAnimal; comportamento definido na classe e herança citadas,BiomeConfig padrão: (#minecraft:is_deep_ocean); grupos alternativos; entradas externas só se biomas existirem. Fonte: evidence-am/decompiled-full/com/github/alexthe666/alexsmobs/config/BiomeConfig.java → evidence-am/decompiled-full/com/github/alexthe666/alexsmobs/config/DefaultBiomes.java; configuração efetiva do servidor não confirmada.,Loot de morte,minecraft:bone_meal,1,Loot condicionado ao caminho de morte; herança/interações/variantes fora deste pool separadas; pool2: 1 sorteio(s); reposição se múltiplos rolls; chance 5%; peso bruto 1/1; normaliza apenas entradas elegíveis,"Ingrediente nas receitas vanilla1.21.1: {'count': 1, 'id': 'minecraft:bone_block'}, {'count': 1, 'id': 'minecraft:white_dye'}",Alta nos arquivos versionados; configurações/datapacks externos não confirmados,/images/bestiary/audited/am/blobfish-pressurized.png,com/github/alexthe666/alexsmobs/client/model/ModelBlobfish.class; com/github/alexthe666/alexsmobs/client/render/RenderBlobfish.class; assets/alexsmobs/textures/entity/blobfish.png; com/github/alexthe666/alexsmobs/ClientProxy.class; com/github/alexthe666/alexsmobs/citadel/client/model/AdvancedEntityModel.class; com/github/alexthe666/alexsmobs/citadel/client/model/AdvancedModelBox.class; com/github/alexthe666/alexsmobs/entity/AMEntityRegistry.class; com/github/alexthe666/alexsmobs/client/model/ModelBlobfishDepressurized.class; assets/alexsmobs/textures/entity/blobfish_depressurized.png; output-am/proveniencia.json,evidence-am/alexsmobs-2.1.14-neoforge+1.21.1.jar::data/alexsmobs/loot_table/entities/blobfish.json; evidence-am/decompiled-full/com/github/alexthe666/alexsmobs/entity/EntityBlobfish.java,[Receitas vanilla1.21.1](lote-final-2026-10-06/receitas-vanilla.json)
Blobfish,Alex’s Mobs Continued,Criatura WaterAnimal; comportamento definido na classe e herança citadas,BiomeConfig padrão: (#minecraft:is_deep_ocean); grupos alternativos; entradas externas só se biomas existirem. Fonte: evidence-am/decompiled-full/com/github/alexthe666/alexsmobs/config/BiomeConfig.java → evidence-am/decompiled-full/com/github/alexthe666/alexsmobs/config/DefaultBiomes.java; configuração efetiva do servidor não confirmada.,Captura viva em balde,alexsmobs:blobfish_bucket,1,"Bucketable.bucketMobPickup; entidade viva, recipiente compatível; estado salvo no item; não é drop de morte",Transportar/soltar a criatura mantendo dados de balde,Alta nos arquivos versionados; configurações/datapacks externos não confirmados,/images/bestiary/audited/am/blobfish-pressurized.png,com/github/alexthe666/alexsmobs/client/model/ModelBlobfish.class; com/github/alexthe666/alexsmobs/client/render/RenderBlobfish.class; assets/alexsmobs/textures/entity/blobfish.png; com/github/alexthe666/alexsmobs/ClientProxy.class; com/github/alexthe666/alexsmobs/citadel/client/model/AdvancedEntityModel.class; com/github/alexthe666/alexsmobs/citadel/client/model/AdvancedModelBox.class; com/github/alexthe666/alexsmobs/entity/AMEntityRegistry.class; com/github/alexthe666/alexsmobs/client/model/ModelBlobfishDepressurized.class; assets/alexsmobs/textures/entity/blobfish_depressurized.png; output-am/proveniencia.json,/workspace/scratch/25006bff7ab5/evidence-am/decompiled-full/com/github/alexthe666/alexsmobs/entity/EntityBlobfish.java; evidence-am/decompiled-full/com/github/alexthe666/alexsmobs/entity/EntityBlobfish.java; evidence-am/decompiled-full/com/github/alexthe666/alexsmobs/item/AMItemRegistry.java; registros-usos-itens.json#alexsmobs:blobfish_bucket,Não aplicável: uso direto ou nenhuma receita identificada na build
Seal,Alex’s Mobs Continued,Criatura Animal; alvos: EntityFlyingFish,BiomeConfig padrão: (#minecraft:is_beach) OU (#minecraft:is_overworld E #minecraft:is_ocean E #forge:is_cold/overworld) OU (terralith:gravel_beach) OU (biomesoplenty:dune_beach) OU (minecraft:stony_shore); grupos alternativos; entradas externas só se biomas existirem. Fonte: evidence-am/decompiled-full/com/github/alexthe666/alexsmobs/config/BiomeConfig.java → evidence-am/decompiled-full/com/github/alexthe666/alexsmobs/config/DefaultBiomes.java; configuração efetiva do servidor não confirmada.,Tabela de morte vazia,Sem itens no JSON,0,Loot condicionado ao caminho de morte; herança/interações/variantes fora deste pool separadas; pools=[]; mecanismos paralelos separados,Não aplicável,Alta nos arquivos versionados; configurações/datapacks externos não confirmados,/images/bestiary/audited/am/seal.png,com/github/alexthe666/alexsmobs/client/model/ModelSeal.class; com/github/alexthe666/alexsmobs/client/render/RenderSeal.class; assets/alexsmobs/textures/entity/seal/seal_arctic_1.png; com/github/alexthe666/alexsmobs/ClientProxy.class; com/github/alexthe666/alexsmobs/citadel/client/model/AdvancedEntityModel.class; com/github/alexthe666/alexsmobs/citadel/client/model/AdvancedModelBox.class; com/github/alexthe666/alexsmobs/client/render/RenderSeal$SealTearsLayer.class; com/github/alexthe666/alexsmobs/client/render/layer/LayerSealItem.class; com/github/alexthe666/alexsmobs/entity/AMEntityRegistry.class; output-am/proveniencia.json,evidence-am/alexsmobs-2.1.14-neoforge+1.21.1.jar::data/alexsmobs/loot_table/entities/seal.json; evidence-am/decompiled-full/com/github/alexthe666/alexsmobs/entity/EntitySeal.java,Não aplicável: uso direto ou nenhuma receita identificada na build
Seal,Alex’s Mobs Continued,Criatura Animal; alvos: EntityFlyingFish,BiomeConfig padrão: (#minecraft:is_beach) OU (#minecraft:is_overworld E #minecraft:is_ocean E #forge:is_cold/overworld) OU (terralith:gravel_beach) OU (biomesoplenty:dune_beach) OU (minecraft:stony_shore); grupos alternativos; entradas externas só se biomas existirem. Fonte: evidence-am/decompiled-full/com/github/alexthe666/alexsmobs/config/BiomeConfig.java → evidence-am/decompiled-full/com/github/alexthe666/alexsmobs/config/DefaultBiomes.java; configuração efetiva do servidor não confirmada.,Busca de tesouro com mob vivo,minecraft:lily_pad,1,"Seal alimentada com3 itens de comida, feederUUID válido, sem combate/revenge e fundo aquático cavável; busca100ticks e devolve ao jogador; pool1: 1 sorteio(s); reposição se múltiplos rolls; peso bruto 4/310; normaliza apenas entradas elegíveis; pool1: 1 sorteio(s); reposição se múltiplos rolls; peso bruto 17/110; normaliza apenas entradas elegíveis","Bloco/planta vanilla1.21.1 para colocação, construção ou cultivo; comportamento específico conforme registro/bloco vanilla",Alta no recurso/registro/classe citados; condições efetivas do pack não confirmadas,/images/bestiary/audited/am/seal.png,com/github/alexthe666/alexsmobs/client/model/ModelSeal.class; com/github/alexthe666/alexsmobs/client/render/RenderSeal.class; assets/alexsmobs/textures/entity/seal/seal_arctic_1.png; com/github/alexthe666/alexsmobs/ClientProxy.class; com/github/alexthe666/alexsmobs/citadel/client/model/AdvancedEntityModel.class; com/github/alexthe666/alexsmobs/citadel/client/model/AdvancedModelBox.class; com/github/alexthe666/alexsmobs/client/render/RenderSeal$SealTearsLayer.class; com/github/alexthe666/alexsmobs/client/render/layer/LayerSealItem.class; com/github/alexthe666/alexsmobs/entity/AMEntityRegistry.class; output-am/proveniencia.json,evidence/minecraft-1.21.1-client.jar::data/minecraft/loot_table/gameplay/fishing/junk.json; evidence-am/decompiled-full/com/github/alexthe666/alexsmobs/entity/EntitySeal.java,[Receitas vanilla1.21.1](lote-final-2026-10-06/receitas-vanilla.json)
Seal,Alex’s Mobs Continued,Criatura Animal; alvos: EntityFlyingFish,BiomeConfig padrão: (#minecraft:is_beach) OU (#minecraft:is_overworld E #minecraft:is_ocean E #forge:is_cold/overworld) OU (terralith:gravel_beach) OU (biomesoplenty:dune_beach) OU (minecraft:stony_shore); grupos alternativos; entradas externas só se biomas existirem. Fonte: evidence-am/decompiled-full/com/github/alexthe666/alexsmobs/config/BiomeConfig.java → evidence-am/decompiled-full/com/github/alexthe666/alexsmobs/config/DefaultBiomes.java; configuração efetiva do servidor não confirmada.,Busca de tesouro com mob vivo,minecraft:leather_boots,1,"Seal alimentada com3 itens de comida, feederUUID válido, sem combate/revenge e fundo aquático cavável; busca100ticks e devolve ao jogador; pool1: 1 sorteio(s); reposição se múltiplos rolls; peso bruto 4/310; normaliza apenas entradas elegíveis; pool1: 1 sorteio(s); reposição se múltiplos rolls; peso bruto 10/110; normaliza apenas entradas elegíveis; {""add"": false, ""damage"": {""type"": ""minecraft:uniform"", ""max"": 0.9, ""min"": 0.0}, ""function"": ""minecraft:set_damage""}","Ingrediente nas receitas auditadas: {'id': 'alexsmobs:roadrunner_boots', 'count': 1}",Alta nos arquivos versionados; configurações/datapacks externos não confirmados,/images/bestiary/audited/am/seal.png,com/github/alexthe666/alexsmobs/client/model/ModelSeal.class; com/github/alexthe666/alexsmobs/client/render/RenderSeal.class; assets/alexsmobs/textures/entity/seal/seal_arctic_1.png; com/github/alexthe666/alexsmobs/ClientProxy.class; com/github/alexthe666/alexsmobs/citadel/client/model/AdvancedEntityModel.class; com/github/alexthe666/alexsmobs/citadel/client/model/AdvancedModelBox.class; com/github/alexthe666/alexsmobs/client/render/RenderSeal$SealTearsLayer.class; com/github/alexthe666/alexsmobs/client/render/layer/LayerSealItem.class; com/github/alexthe666/alexsmobs/entity/AMEntityRegistry.class; output-am/proveniencia.json,evidence/minecraft-1.21.1-client.jar::data/minecraft/loot_table/gameplay/fishing/junk.json; evidence-am/decompiled-full/com/github/alexthe666/alexsmobs/entity/EntitySeal.java,/bestiary/receitas/am.html#receita-roadrunner-boots | [Receita roadrunner_boots](lote-final-2026-10-06/am-cards-2026-10-06.md#receita-roadrunner-boots) — data/alexsmobs/recipe/roadrunner_boots.json
Seal,Alex’s Mobs Continued,Criatura Animal; alvos: EntityFlyingFish,BiomeConfig padrão: (#minecraft:is_beach) OU (#minecraft:is_overworld E #minecraft:is_ocean E #forge:is_cold/overworld) OU (terralith:gravel_beach) OU (biomesoplenty:dune_beach) OU (minecraft:stony_shore); grupos alternativos; entradas externas só se biomas existirem. Fonte: evidence-am/decompiled-full/com/github/alexthe666/alexsmobs/config/BiomeConfig.java → evidence-am/decompiled-full/com/github/alexthe666/alexsmobs/config/DefaultBiomes.java; configuração efetiva do servidor não confirmada.,Busca de tesouro com mob vivo,minecraft:leather,1,"Seal alimentada com3 itens de comida, feederUUID válido, sem combate/revenge e fundo aquático cavável; busca100ticks e devolve ao jogador; pool1: 1 sorteio(s); reposição se múltiplos rolls; peso bruto 4/310; normaliza apenas entradas elegíveis; pool1: 1 sorteio(s); reposição se múltiplos rolls; peso bruto 10/110; normaliza apenas entradas elegíveis","Ingrediente nas receitas auditadas: {'id': 'alexsmobs:falconry_glove', 'count': 1}, {'id': 'alexsmobs:falconry_hood', 'count': 1}, {'id': 'alexsmobs:falconry_hood', 'count': 1}, {'id': 'alexsmobs:pocket_sand', 'count': 1}",Alta nos arquivos versionados; configurações/datapacks externos não confirmados,/images/bestiary/audited/am/seal.png,com/github/alexthe666/alexsmobs/client/model/ModelSeal.class; com/github/alexthe666/alexsmobs/client/render/RenderSeal.class; assets/alexsmobs/textures/entity/seal/seal_arctic_1.png; com/github/alexthe666/alexsmobs/ClientProxy.class; com/github/alexthe666/alexsmobs/citadel/client/model/AdvancedEntityModel.class; com/github/alexthe666/alexsmobs/citadel/client/model/AdvancedModelBox.class; com/github/alexthe666/alexsmobs/client/render/RenderSeal$SealTearsLayer.class; com/github/alexthe666/alexsmobs/client/render/layer/LayerSealItem.class; com/github/alexthe666/alexsmobs/entity/AMEntityRegistry.class; output-am/proveniencia.json,evidence/minecraft-1.21.1-client.jar::data/minecraft/loot_table/gameplay/fishing/junk.json; evidence-am/decompiled-full/com/github/alexthe666/alexsmobs/entity/EntitySeal.java,/bestiary/receitas/am.html#receita-falconry-glove | [Receita falconry_glove](lote-final-2026-10-06/am-cards-2026-10-06.md#receita-falconry-glove) — data/alexsmobs/recipe/falconry_glove.json; [Receita falconry_hood](lote-final-2026-10-06/am-cards-2026-10-06.md#receita-falconry-hood) — data/alexsmobs/recipe/falconry_hood.json; [Receita falconry_hood_alt](lote-final-2026-10-06/am-cards-2026-10-06.md#receita-falconry-hood-alt) — data/alexsmobs/recipe/falconry_hood_alt.json; [Receita pocket_sand](lote-final-2026-10-06/am-cards-2026-10-06.md#receita-pocket-sand) — data/alexsmobs/recipe/pocket_sand.json
Seal,Alex’s Mobs Continued,Criatura Animal; alvos: EntityFlyingFish,BiomeConfig padrão: (#minecraft:is_beach) OU (#minecraft:is_overworld E #minecraft:is_ocean E #forge:is_cold/overworld) OU (terralith:gravel_beach) OU (biomesoplenty:dune_beach) OU (minecraft:stony_shore); grupos alternativos; entradas externas só se biomas existirem. Fonte: evidence-am/decompiled-full/com/github/alexthe666/alexsmobs/config/BiomeConfig.java → evidence-am/decompiled-full/com/github/alexthe666/alexsmobs/config/DefaultBiomes.java; configuração efetiva do servidor não confirmada.,Busca de tesouro com mob vivo,minecraft:bone,1,"Seal alimentada com3 itens de comida, feederUUID válido, sem combate/revenge e fundo aquático cavável; busca100ticks e devolve ao jogador; pool1: 1 sorteio(s); reposição se múltiplos rolls; peso bruto 4/310; normaliza apenas entradas elegíveis; pool1: 1 sorteio(s); reposição se múltiplos rolls; peso bruto 10/110; normaliza apenas entradas elegíveis",Ingrediente nas receitas auditadas: {'id': 'alexsmobs:sopa_de_macaco'},Alta nos arquivos versionados; configurações/datapacks externos não confirmados,/images/bestiary/audited/am/seal.png,com/github/alexthe666/alexsmobs/client/model/ModelSeal.class; com/github/alexthe666/alexsmobs/client/render/RenderSeal.class; assets/alexsmobs/textures/entity/seal/seal_arctic_1.png; com/github/alexthe666/alexsmobs/ClientProxy.class; com/github/alexthe666/alexsmobs/citadel/client/model/AdvancedEntityModel.class; com/github/alexthe666/alexsmobs/citadel/client/model/AdvancedModelBox.class; com/github/alexthe666/alexsmobs/client/render/RenderSeal$SealTearsLayer.class; com/github/alexthe666/alexsmobs/client/render/layer/LayerSealItem.class; com/github/alexthe666/alexsmobs/entity/AMEntityRegistry.class; output-am/proveniencia.json,evidence/minecraft-1.21.1-client.jar::data/minecraft/loot_table/gameplay/fishing/junk.json; evidence-am/decompiled-full/com/github/alexthe666/alexsmobs/entity/EntitySeal.java,/bestiary/receitas/am.html#receita-sopa-de-macaco | [Receita sopa_de_macaco](lote-final-2026-10-06/am-cards-2026-10-06.md#receita-sopa-de-macaco) — data/alexsmobs/recipe/sopa_de_macaco.json
Seal,Alex’s Mobs Continued,Criatura Animal; alvos: EntityFlyingFish,BiomeConfig padrão: (#minecraft:is_beach) OU (#minecraft:is_overworld E #minecraft:is_ocean E #forge:is_cold/overworld) OU (terralith:gravel_beach) OU (biomesoplenty:dune_beach) OU (minecraft:stony_shore); grupos alternativos; entradas externas só se biomas existirem. Fonte: evidence-am/decompiled-full/com/github/alexthe666/alexsmobs/config/BiomeConfig.java → evidence-am/decompiled-full/com/github/alexthe666/alexsmobs/config/DefaultBiomes.java; configuração efetiva do servidor não confirmada.,Busca de tesouro com mob vivo,minecraft:potion,1,"Seal alimentada com3 itens de comida, feederUUID válido, sem combate/revenge e fundo aquático cavável; busca100ticks e devolve ao jogador; pool1: 1 sorteio(s); reposição se múltiplos rolls; peso bruto 4/310; normaliza apenas entradas elegíveis; pool1: 1 sorteio(s); reposição se múltiplos rolls; peso bruto 10/110; normaliza apenas entradas elegíveis; poção minecraft:water",Consumível; efeito definido pelo componente Potion da linha,Alta no recurso/registro/classe citados; condições efetivas do pack não confirmadas,/images/bestiary/audited/am/seal.png,com/github/alexthe666/alexsmobs/client/model/ModelSeal.class; com/github/alexthe666/alexsmobs/client/render/RenderSeal.class; assets/alexsmobs/textures/entity/seal/seal_arctic_1.png; com/github/alexthe666/alexsmobs/ClientProxy.class; com/github/alexthe666/alexsmobs/citadel/client/model/AdvancedEntityModel.class; com/github/alexthe666/alexsmobs/citadel/client/model/AdvancedModelBox.class; com/github/alexthe666/alexsmobs/client/render/RenderSeal$SealTearsLayer.class; com/github/alexthe666/alexsmobs/client/render/layer/LayerSealItem.class; com/github/alexthe666/alexsmobs/entity/AMEntityRegistry.class; output-am/proveniencia.json,evidence/minecraft-1.21.1-client.jar::data/minecraft/loot_table/gameplay/fishing/junk.json; evidence-am/decompiled-full/com/github/alexthe666/alexsmobs/entity/EntitySeal.java,[Receitas vanilla1.21.1](lote-final-2026-10-06/receitas-vanilla.json)
Seal,Alex’s Mobs Continued,Criatura Animal; alvos: EntityFlyingFish,BiomeConfig padrão: (#minecraft:is_beach) OU (#minecraft:is_overworld E #minecraft:is_ocean E #forge:is_cold/overworld) OU (terralith:gravel_beach) OU (biomesoplenty:dune_beach) OU (minecraft:stony_shore); grupos alternativos; entradas externas só se biomas existirem. Fonte: evidence-am/decompiled-full/com/github/alexthe666/alexsmobs/config/BiomeConfig.java → evidence-am/decompiled-full/com/github/alexthe666/alexsmobs/config/DefaultBiomes.java; configuração efetiva do servidor não confirmada.,Busca de tesouro com mob vivo,minecraft:string,1,"Seal alimentada com3 itens de comida, feederUUID válido, sem combate/revenge e fundo aquático cavável; busca100ticks e devolve ao jogador; pool1: 1 sorteio(s); reposição se múltiplos rolls; peso bruto 4/310; normaliza apenas entradas elegíveis; pool1: 1 sorteio(s); reposição se múltiplos rolls; peso bruto 5/110; normaliza apenas entradas elegíveis","Ingrediente nas receitas auditadas: {'id': 'alexsmobs:straddle_helmet', 'count': 1}",Alta nos arquivos versionados; configurações/datapacks externos não confirmados,/images/bestiary/audited/am/seal.png,com/github/alexthe666/alexsmobs/client/model/ModelSeal.class; com/github/alexthe666/alexsmobs/client/render/RenderSeal.class; assets/alexsmobs/textures/entity/seal/seal_arctic_1.png; com/github/alexthe666/alexsmobs/ClientProxy.class; com/github/alexthe666/alexsmobs/citadel/client/model/AdvancedEntityModel.class; com/github/alexthe666/alexsmobs/citadel/client/model/AdvancedModelBox.class; com/github/alexthe666/alexsmobs/client/render/RenderSeal$SealTearsLayer.class; com/github/alexthe666/alexsmobs/client/render/layer/LayerSealItem.class; com/github/alexthe666/alexsmobs/entity/AMEntityRegistry.class; output-am/proveniencia.json,evidence/minecraft-1.21.1-client.jar::data/minecraft/loot_table/gameplay/fishing/junk.json; evidence-am/decompiled-full/com/github/alexthe666/alexsmobs/entity/EntitySeal.java,/bestiary/receitas/am.html#receita-straddle-helmet | [Receita straddle_helmet](lote-final-2026-10-06/am-cards-2026-10-06.md#receita-straddle-helmet) — data/alexsmobs/recipe/straddle_helmet.json
Seal,Alex’s Mobs Continued,Criatura Animal; alvos: EntityFlyingFish,BiomeConfig padrão: (#minecraft:is_beach) OU (#minecraft:is_overworld E #minecraft:is_ocean E #forge:is_cold/overworld) OU (terralith:gravel_beach) OU (biomesoplenty:dune_beach) OU (minecraft:stony_shore); grupos alternativos; entradas externas só se biomas existirem. Fonte: evidence-am/decompiled-full/com/github/alexthe666/alexsmobs/config/BiomeConfig.java → evidence-am/decompiled-full/com/github/alexthe666/alexsmobs/config/DefaultBiomes.java; configuração efetiva do servidor não confirmada.,Busca de tesouro com mob vivo,minecraft:fishing_rod,1,"Seal alimentada com3 itens de comida, feederUUID válido, sem combate/revenge e fundo aquático cavável; busca100ticks e devolve ao jogador; pool1: 1 sorteio(s); reposição se múltiplos rolls; peso bruto 4/310; normaliza apenas entradas elegíveis; pool1: 1 sorteio(s); reposição se múltiplos rolls; peso bruto 2/110; normaliza apenas entradas elegíveis; {""add"": false, ""damage"": {""type"": ""minecraft:uniform"", ""max"": 0.9, ""min"": 0.0}, ""function"": ""minecraft:set_damage""}",Ingrediente nas receitas auditadas: {'id': 'alexsmobs:chorus_on_a_stick'},Alta nos arquivos versionados; configurações/datapacks externos não confirmados,/images/bestiary/audited/am/seal.png,com/github/alexthe666/alexsmobs/client/model/ModelSeal.class; com/github/alexthe666/alexsmobs/client/render/RenderSeal.class; assets/alexsmobs/textures/entity/seal/seal_arctic_1.png; com/github/alexthe666/alexsmobs/ClientProxy.class; com/github/alexthe666/alexsmobs/citadel/client/model/AdvancedEntityModel.class; com/github/alexthe666/alexsmobs/citadel/client/model/AdvancedModelBox.class; com/github/alexthe666/alexsmobs/client/render/RenderSeal$SealTearsLayer.class; com/github/alexthe666/alexsmobs/client/render/layer/LayerSealItem.class; com/github/alexthe666/alexsmobs/entity/AMEntityRegistry.class; output-am/proveniencia.json,evidence/minecraft-1.21.1-client.jar::data/minecraft/loot_table/gameplay/fishing/junk.json; evidence-am/decompiled-full/com/github/alexthe666/alexsmobs/entity/EntitySeal.java,/bestiary/receitas/am.html#receita-chorus-on-a-stick | [Receita chorus_on_a_stick](lote-final-2026-10-06/am-cards-2026-10-06.md#receita-chorus-on-a-stick) — data/alexsmobs/recipe/chorus_on_a_stick.json
Seal,Alex’s Mobs Continued,Criatura Animal; alvos: EntityFlyingFish,BiomeConfig padrão: (#minecraft:is_beach) OU (#minecraft:is_overworld E #minecraft:is_ocean E #forge:is_cold/overworld) OU (terralith:gravel_beach) OU (biomesoplenty:dune_beach) OU (minecraft:stony_shore); grupos alternativos; entradas externas só se biomas existirem. Fonte: evidence-am/decompiled-full/com/github/alexthe666/alexsmobs/config/BiomeConfig.java → evidence-am/decompiled-full/com/github/alexthe666/alexsmobs/config/DefaultBiomes.java; configuração efetiva do servidor não confirmada.,Busca de tesouro com mob vivo,minecraft:bowl,1,"Seal alimentada com3 itens de comida, feederUUID válido, sem combate/revenge e fundo aquático cavável; busca100ticks e devolve ao jogador; pool1: 1 sorteio(s); reposição se múltiplos rolls; peso bruto 4/310; normaliza apenas entradas elegíveis; pool1: 1 sorteio(s); reposição se múltiplos rolls; peso bruto 10/110; normaliza apenas entradas elegíveis","Ingrediente nas receitas auditadas: {'id': 'alexsmobs:mosquito_repellent_stew'}, {'id': 'alexsmobs:sopa_de_macaco'}",Alta nos arquivos versionados; configurações/datapacks externos não confirmados,/images/bestiary/audited/am/seal.png,com/github/alexthe666/alexsmobs/client/model/ModelSeal.class; com/github/alexthe666/alexsmobs/client/render/RenderSeal.class; assets/alexsmobs/textures/entity/seal/seal_arctic_1.png; com/github/alexthe666/alexsmobs/ClientProxy.class; com/github/alexthe666/alexsmobs/citadel/client/model/AdvancedEntityModel.class; com/github/alexthe666/alexsmobs/citadel/client/model/AdvancedModelBox.class; com/github/alexthe666/alexsmobs/client/render/RenderSeal$SealTearsLayer.class; com/github/alexthe666/alexsmobs/client/render/layer/LayerSealItem.class; com/github/alexthe666/alexsmobs/entity/AMEntityRegistry.class; output-am/proveniencia.json,evidence/minecraft-1.21.1-client.jar::data/minecraft/loot_table/gameplay/fishing/junk.json; evidence-am/decompiled-full/com/github/alexthe666/alexsmobs/entity/EntitySeal.java,/bestiary/receitas/am.html#receita-mosquito-repellent-stew | [Receita mosquito_repellent_stew](lote-final-2026-10-06/am-cards-2026-10-06.md#receita-mosquito-repellent-stew) — data/alexsmobs/recipe/mosquito_repellent_stew.json; [Receita sopa_de_macaco](lote-final-2026-10-06/am-cards-2026-10-06.md#receita-sopa-de-macaco) — data/alexsmobs/recipe/sopa_de_macaco.json
Seal,Alex’s Mobs Continued,Criatura Animal; alvos: EntityFlyingFish,BiomeConfig padrão: (#minecraft:is_beach) OU (#minecraft:is_overworld E #minecraft:is_ocean E #forge:is_cold/overworld) OU (terralith:gravel_beach) OU (biomesoplenty:dune_beach) OU (minecraft:stony_shore); grupos alternativos; entradas externas só se biomas existirem. Fonte: evidence-am/decompiled-full/com/github/alexthe666/alexsmobs/config/BiomeConfig.java → evidence-am/decompiled-full/com/github/alexthe666/alexsmobs/config/DefaultBiomes.java; configuração efetiva do servidor não confirmada.,Busca de tesouro com mob vivo,minecraft:stick,1,"Seal alimentada com3 itens de comida, feederUUID válido, sem combate/revenge e fundo aquático cavável; busca100ticks e devolve ao jogador; pool1: 1 sorteio(s); reposição se múltiplos rolls; peso bruto 4/310; normaliza apenas entradas elegíveis; pool1: 1 sorteio(s); reposição se múltiplos rolls; peso bruto 5/110; normaliza apenas entradas elegíveis","Ferramentas, tochas e diversos crafts",Alta nos arquivos versionados; configurações/datapacks externos não confirmados,/images/bestiary/audited/am/seal.png,com/github/alexthe666/alexsmobs/client/model/ModelSeal.class; com/github/alexthe666/alexsmobs/client/render/RenderSeal.class; assets/alexsmobs/textures/entity/seal/seal_arctic_1.png; com/github/alexthe666/alexsmobs/ClientProxy.class; com/github/alexthe666/alexsmobs/citadel/client/model/AdvancedEntityModel.class; com/github/alexthe666/alexsmobs/citadel/client/model/AdvancedModelBox.class; com/github/alexthe666/alexsmobs/client/render/RenderSeal$SealTearsLayer.class; com/github/alexthe666/alexsmobs/client/render/layer/LayerSealItem.class; com/github/alexthe666/alexsmobs/entity/AMEntityRegistry.class; output-am/proveniencia.json,evidence/minecraft-1.21.1-client.jar::data/minecraft/loot_table/gameplay/fishing/junk.json; evidence-am/decompiled-full/com/github/alexthe666/alexsmobs/entity/EntitySeal.java,[Receitas vanilla1.21.1](lote-final-2026-10-06/receitas-vanilla.json)
Seal,Alex’s Mobs Continued,Criatura Animal; alvos: EntityFlyingFish,BiomeConfig padrão: (#minecraft:is_beach) OU (#minecraft:is_overworld E #minecraft:is_ocean E #forge:is_cold/overworld) OU (terralith:gravel_beach) OU (biomesoplenty:dune_beach) OU (minecraft:stony_shore); grupos alternativos; entradas externas só se biomas existirem. Fonte: evidence-am/decompiled-full/com/github/alexthe666/alexsmobs/config/BiomeConfig.java → evidence-am/decompiled-full/com/github/alexthe666/alexsmobs/config/DefaultBiomes.java; configuração efetiva do servidor não confirmada.,Busca de tesouro com mob vivo,minecraft:ink_sac,10,"Seal alimentada com3 itens de comida, feederUUID válido, sem combate/revenge e fundo aquático cavável; busca100ticks e devolve ao jogador; pool1: 1 sorteio(s); reposição se múltiplos rolls; peso bruto 4/310; normaliza apenas entradas elegíveis; pool1: 1 sorteio(s); reposição se múltiplos rolls; peso bruto 1/110; normaliza apenas entradas elegíveis; set_count",Corante preto e tinta de placas,Alta nos arquivos versionados; configurações/datapacks externos não confirmados,/images/bestiary/audited/am/seal.png,com/github/alexthe666/alexsmobs/client/model/ModelSeal.class; com/github/alexthe666/alexsmobs/client/render/RenderSeal.class; assets/alexsmobs/textures/entity/seal/seal_arctic_1.png; com/github/alexthe666/alexsmobs/ClientProxy.class; com/github/alexthe666/alexsmobs/citadel/client/model/AdvancedEntityModel.class; com/github/alexthe666/alexsmobs/citadel/client/model/AdvancedModelBox.class; com/github/alexthe666/alexsmobs/client/render/RenderSeal$SealTearsLayer.class; com/github/alexthe666/alexsmobs/client/render/layer/LayerSealItem.class; com/github/alexthe666/alexsmobs/entity/AMEntityRegistry.class; output-am/proveniencia.json,evidence/minecraft-1.21.1-client.jar::data/minecraft/loot_table/gameplay/fishing/junk.json; evidence-am/decompiled-full/com/github/alexthe666/alexsmobs/entity/EntitySeal.java,[Receitas vanilla1.21.1](lote-final-2026-10-06/receitas-vanilla.json)
Seal,Alex’s Mobs Continued,Criatura Animal; alvos: EntityFlyingFish,BiomeConfig padrão: (#minecraft:is_beach) OU (#minecraft:is_overworld E #minecraft:is_ocean E #forge:is_cold/overworld) OU (terralith:gravel_beach) OU (biomesoplenty:dune_beach) OU (minecraft:stony_shore); grupos alternativos; entradas externas só se biomas existirem. Fonte: evidence-am/decompiled-full/com/github/alexthe666/alexsmobs/config/BiomeConfig.java → evidence-am/decompiled-full/com/github/alexthe666/alexsmobs/config/DefaultBiomes.java; configuração efetiva do servidor não confirmada.,Busca de tesouro com mob vivo,minecraft:tripwire_hook,1,"Seal alimentada com3 itens de comida, feederUUID válido, sem combate/revenge e fundo aquático cavável; busca100ticks e devolve ao jogador; pool1: 1 sorteio(s); reposição se múltiplos rolls; peso bruto 4/310; normaliza apenas entradas elegíveis; pool1: 1 sorteio(s); reposição se múltiplos rolls; peso bruto 10/110; normaliza apenas entradas elegíveis","Ingrediente nas receitas vanilla1.21.1: {'count': 1, 'id': 'minecraft:crossbow'}, {'count': 1, 'id': 'minecraft:trapped_chest'}",Alta nos arquivos versionados; configurações/datapacks externos não confirmados,/images/bestiary/audited/am/seal.png,com/github/alexthe666/alexsmobs/client/model/ModelSeal.class; com/github/alexthe666/alexsmobs/client/render/RenderSeal.class; assets/alexsmobs/textures/entity/seal/seal_arctic_1.png; com/github/alexthe666/alexsmobs/ClientProxy.class; com/github/alexthe666/alexsmobs/citadel/client/model/AdvancedEntityModel.class; com/github/alexthe666/alexsmobs/citadel/client/model/AdvancedModelBox.class; com/github/alexthe666/alexsmobs/client/render/RenderSeal$SealTearsLayer.class; com/github/alexthe666/alexsmobs/client/render/layer/LayerSealItem.class; com/github/alexthe666/alexsmobs/entity/AMEntityRegistry.class; output-am/proveniencia.json,evidence/minecraft-1.21.1-client.jar::data/minecraft/loot_table/gameplay/fishing/junk.json; evidence-am/decompiled-full/com/github/alexthe666/alexsmobs/entity/EntitySeal.java,[Receitas vanilla1.21.1](lote-final-2026-10-06/receitas-vanilla.json)
Seal,Alex’s Mobs Continued,Criatura Animal; alvos: EntityFlyingFish,BiomeConfig padrão: (#minecraft:is_beach) OU (#minecraft:is_overworld E #minecraft:is_ocean E #forge:is_cold/overworld) OU (terralith:gravel_beach) OU (biomesoplenty:dune_beach) OU (minecraft:stony_shore); grupos alternativos; entradas externas só se biomas existirem. Fonte: evidence-am/decompiled-full/com/github/alexthe666/alexsmobs/config/BiomeConfig.java → evidence-am/decompiled-full/com/github/alexthe666/alexsmobs/config/DefaultBiomes.java; configuração efetiva do servidor não confirmada.,Busca de tesouro com mob vivo,minecraft:rotten_flesh,1,"Seal alimentada com3 itens de comida, feederUUID válido, sem combate/revenge e fundo aquático cavável; busca100ticks e devolve ao jogador; pool1: 1 sorteio(s); reposição se múltiplos rolls; peso bruto 4/310; normaliza apenas entradas elegíveis; pool1: 1 sorteio(s); reposição se múltiplos rolls; peso bruto 10/110; normaliza apenas entradas elegíveis",Alimento com risco de Hunger; alimentar lobos; comércio com clérigo vanilla,Alta nos arquivos versionados; configurações/datapacks externos não confirmados,/images/bestiary/audited/am/seal.png,com/github/alexthe666/alexsmobs/client/model/ModelSeal.class; com/github/alexthe666/alexsmobs/client/render/RenderSeal.class; assets/alexsmobs/textures/entity/seal/seal_arctic_1.png; com/github/alexthe666/alexsmobs/ClientProxy.class; com/github/alexthe666/alexsmobs/citadel/client/model/AdvancedEntityModel.class; com/github/alexthe666/alexsmobs/citadel/client/model/AdvancedModelBox.class; com/github/alexthe666/alexsmobs/client/render/RenderSeal$SealTearsLayer.class; com/github/alexthe666/alexsmobs/client/render/layer/LayerSealItem.class; com/github/alexthe666/alexsmobs/entity/AMEntityRegistry.class; output-am/proveniencia.json,evidence/minecraft-1.21.1-client.jar::data/minecraft/loot_table/gameplay/fishing/junk.json; evidence-am/decompiled-full/com/github/alexthe666/alexsmobs/entity/EntitySeal.java,[Receitas vanilla1.21.1](lote-final-2026-10-06/receitas-vanilla.json)
Seal,Alex’s Mobs Continued,Criatura Animal; alvos: EntityFlyingFish,BiomeConfig padrão: (#minecraft:is_beach) OU (#minecraft:is_overworld E #minecraft:is_ocean E #forge:is_cold/overworld) OU (terralith:gravel_beach) OU (biomesoplenty:dune_beach) OU (minecraft:stony_shore); grupos alternativos; entradas externas só se biomas existirem. Fonte: evidence-am/decompiled-full/com/github/alexthe666/alexsmobs/config/BiomeConfig.java → evidence-am/decompiled-full/com/github/alexthe666/alexsmobs/config/DefaultBiomes.java; configuração efetiva do servidor não confirmada.,Busca de tesouro com mob vivo,minecraft:bamboo,1,"Seal alimentada com3 itens de comida, feederUUID válido, sem combate/revenge e fundo aquático cavável; busca100ticks e devolve ao jogador; pool1: 1 sorteio(s); reposição se múltiplos rolls; peso bruto 4/310; normaliza apenas entradas elegíveis; pool1: 1 sorteio(s); reposição se múltiplos rolls; {""condition"": ""minecraft:location_check"", ""predicate"": {""biomes"": [""minecraft:jungle"", ""minecraft:sparse_jungle"", ""minecraft:bamboo_jungle""]}}; peso bruto 10/110; normaliza apenas entradas elegíveis","Ingrediente nas receitas vanilla1.21.1: {'count': 1, 'id': 'minecraft:bamboo_block'}, {'count': 6, 'id': 'minecraft:scaffolding'}, {'count': 1, 'id': 'minecraft:stick'}",Alta nos arquivos versionados; configurações/datapacks externos não confirmados,/images/bestiary/audited/am/seal.png,com/github/alexthe666/alexsmobs/client/model/ModelSeal.class; com/github/alexthe666/alexsmobs/client/render/RenderSeal.class; assets/alexsmobs/textures/entity/seal/seal_arctic_1.png; com/github/alexthe666/alexsmobs/ClientProxy.class; com/github/alexthe666/alexsmobs/citadel/client/model/AdvancedEntityModel.class; com/github/alexthe666/alexsmobs/citadel/client/model/AdvancedModelBox.class; com/github/alexthe666/alexsmobs/client/render/RenderSeal$SealTearsLayer.class; com/github/alexthe666/alexsmobs/client/render/layer/LayerSealItem.class; com/github/alexthe666/alexsmobs/entity/AMEntityRegistry.class; output-am/proveniencia.json,evidence/minecraft-1.21.1-client.jar::data/minecraft/loot_table/gameplay/fishing/junk.json; evidence-am/decompiled-full/com/github/alexthe666/alexsmobs/entity/EntitySeal.java,[Receitas vanilla1.21.1](lote-final-2026-10-06/receitas-vanilla.json)
Seal,Alex’s Mobs Continued,Criatura Animal; alvos: EntityFlyingFish,BiomeConfig padrão: (#minecraft:is_beach) OU (#minecraft:is_overworld E #minecraft:is_ocean E #forge:is_cold/overworld) OU (terralith:gravel_beach) OU (biomesoplenty:dune_beach) OU (minecraft:stony_shore); grupos alternativos; entradas externas só se biomas existirem. Fonte: evidence-am/decompiled-full/com/github/alexthe666/alexsmobs/config/BiomeConfig.java → evidence-am/decompiled-full/com/github/alexthe666/alexsmobs/config/DefaultBiomes.java; configuração efetiva do servidor não confirmada.,Busca de tesouro com mob vivo,minecraft:potion,1,"Seal alimentada com3 itens de comida, feederUUID válido, sem combate/revenge e fundo aquático cavável; busca100ticks e devolve ao jogador; pool1: 1 sorteio(s); reposição se múltiplos rolls; peso bruto 10/310; normaliza apenas entradas elegíveis; poção minecraft:water",Consumível; efeito definido pelo componente Potion da linha,Alta no recurso/registro/classe citados; condições efetivas do pack não confirmadas,/images/bestiary/audited/am/seal.png,com/github/alexthe666/alexsmobs/client/model/ModelSeal.class; com/github/alexthe666/alexsmobs/client/render/RenderSeal.class; assets/alexsmobs/textures/entity/seal/seal_arctic_1.png; com/github/alexthe666/alexsmobs/ClientProxy.class; com/github/alexthe666/alexsmobs/citadel/client/model/AdvancedEntityModel.class; com/github/alexthe666/alexsmobs/citadel/client/model/AdvancedModelBox.class; com/github/alexthe666/alexsmobs/client/render/RenderSeal$SealTearsLayer.class; com/github/alexthe666/alexsmobs/client/render/layer/LayerSealItem.class; com/github/alexthe666/alexsmobs/entity/AMEntityRegistry.class; output-am/proveniencia.json,evidence-am/alexsmobs-2.1.14-neoforge+1.21.1.jar::data/alexsmobs/loot_table/gameplay/seal_reward.json; evidence-am/decompiled-full/com/github/alexthe666/alexsmobs/entity/EntitySeal.java,[Receitas vanilla1.21.1](lote-final-2026-10-06/receitas-vanilla.json)
Seal,Alex’s Mobs Continued,Criatura Animal; alvos: EntityFlyingFish,BiomeConfig padrão: (#minecraft:is_beach) OU (#minecraft:is_overworld E #minecraft:is_ocean E #forge:is_cold/overworld) OU (terralith:gravel_beach) OU (biomesoplenty:dune_beach) OU (minecraft:stony_shore); grupos alternativos; entradas externas só se biomas existirem. Fonte: evidence-am/decompiled-full/com/github/alexthe666/alexsmobs/config/BiomeConfig.java → evidence-am/decompiled-full/com/github/alexthe666/alexsmobs/config/DefaultBiomes.java; configuração efetiva do servidor não confirmada.,Busca de tesouro com mob vivo,minecraft:turtle_scute,1,"Seal alimentada com3 itens de comida, feederUUID válido, sem combate/revenge e fundo aquático cavável; busca100ticks e devolve ao jogador; pool1: 1 sorteio(s); reposição se múltiplos rolls; peso bruto 2/310; normaliza apenas entradas elegíveis",Turtle Shell e potion Turtle Master,Alta nos arquivos versionados; configurações/datapacks externos não confirmados,/images/bestiary/audited/am/seal.png,com/github/alexthe666/alexsmobs/client/model/ModelSeal.class; com/github/alexthe666/alexsmobs/client/render/RenderSeal.class; assets/alexsmobs/textures/entity/seal/seal_arctic_1.png; com/github/alexthe666/alexsmobs/ClientProxy.class; com/github/alexthe666/alexsmobs/citadel/client/model/AdvancedEntityModel.class; com/github/alexthe666/alexsmobs/citadel/client/model/AdvancedModelBox.class; com/github/alexthe666/alexsmobs/client/render/RenderSeal$SealTearsLayer.class; com/github/alexthe666/alexsmobs/client/render/layer/LayerSealItem.class; com/github/alexthe666/alexsmobs/entity/AMEntityRegistry.class; output-am/proveniencia.json,evidence-am/alexsmobs-2.1.14-neoforge+1.21.1.jar::data/alexsmobs/loot_table/gameplay/seal_reward.json; evidence-am/decompiled-full/com/github/alexthe666/alexsmobs/entity/EntitySeal.java,[Receitas vanilla1.21.1](lote-final-2026-10-06/receitas-vanilla.json)
Seal,Alex’s Mobs Continued,Criatura Animal; alvos: EntityFlyingFish,BiomeConfig padrão: (#minecraft:is_beach) OU (#minecraft:is_overworld E #minecraft:is_ocean E #forge:is_cold/overworld) OU (terralith:gravel_beach) OU (biomesoplenty:dune_beach) OU (minecraft:stony_shore); grupos alternativos; entradas externas só se biomas existirem. Fonte: evidence-am/decompiled-full/com/github/alexthe666/alexsmobs/config/BiomeConfig.java → evidence-am/decompiled-full/com/github/alexthe666/alexsmobs/config/DefaultBiomes.java; configuração efetiva do servidor não confirmada.,Busca de tesouro com mob vivo,minecraft:ink_sac,1,"Seal alimentada com3 itens de comida, feederUUID válido, sem combate/revenge e fundo aquático cavável; busca100ticks e devolve ao jogador; pool1: 1 sorteio(s); reposição se múltiplos rolls; peso bruto 19/310; normaliza apenas entradas elegíveis",Corante preto e tinta de placas,Alta nos arquivos versionados; configurações/datapacks externos não confirmados,/images/bestiary/audited/am/seal.png,com/github/alexthe666/alexsmobs/client/model/ModelSeal.class; com/github/alexthe666/alexsmobs/client/render/RenderSeal.class; assets/alexsmobs/textures/entity/seal/seal_arctic_1.png; com/github/alexthe666/alexsmobs/ClientProxy.class; com/github/alexthe666/alexsmobs/citadel/client/model/AdvancedEntityModel.class; com/github/alexthe666/alexsmobs/citadel/client/model/AdvancedModelBox.class; com/github/alexthe666/alexsmobs/client/render/RenderSeal$SealTearsLayer.class; com/github/alexthe666/alexsmobs/client/render/layer/LayerSealItem.class; com/github/alexthe666/alexsmobs/entity/AMEntityRegistry.class; output-am/proveniencia.json,evidence-am/alexsmobs-2.1.14-neoforge+1.21.1.jar::data/alexsmobs/loot_table/gameplay/seal_reward.json; evidence-am/decompiled-full/com/github/alexthe666/alexsmobs/entity/EntitySeal.java,[Receitas vanilla1.21.1](lote-final-2026-10-06/receitas-vanilla.json)
Seal,Alex’s Mobs Continued,Criatura Animal; alvos: EntityFlyingFish,BiomeConfig padrão: (#minecraft:is_beach) OU (#minecraft:is_overworld E #minecraft:is_ocean E #forge:is_cold/overworld) OU (terralith:gravel_beach) OU (biomesoplenty:dune_beach) OU (minecraft:stony_shore); grupos alternativos; entradas externas só se biomas existirem. Fonte: evidence-am/decompiled-full/com/github/alexthe666/alexsmobs/config/BiomeConfig.java → evidence-am/decompiled-full/com/github/alexthe666/alexsmobs/config/DefaultBiomes.java; configuração efetiva do servidor não confirmada.,Busca de tesouro com mob vivo,alexsmobs:shark_tooth,1,"Seal alimentada com3 itens de comida, feederUUID válido, sem combate/revenge e fundo aquático cavável; busca100ticks e devolve ao jogador; pool1: 1 sorteio(s); reposição se múltiplos rolls; peso bruto 21/310; normaliza apenas entradas elegíveis","Ingrediente nas receitas auditadas: {'id': 'alexsmobs:shark_tooth_arrow', 'count': 6}, {'id': 'alexsmobs:shield_of_the_deep', 'count': 1}",Alta nos arquivos versionados; configurações/datapacks externos não confirmados,/images/bestiary/audited/am/seal.png,com/github/alexthe666/alexsmobs/client/model/ModelSeal.class; com/github/alexthe666/alexsmobs/client/render/RenderSeal.class; assets/alexsmobs/textures/entity/seal/seal_arctic_1.png; com/github/alexthe666/alexsmobs/ClientProxy.class; com/github/alexthe666/alexsmobs/citadel/client/model/AdvancedEntityModel.class; com/github/alexthe666/alexsmobs/citadel/client/model/AdvancedModelBox.class; com/github/alexthe666/alexsmobs/client/render/RenderSeal$SealTearsLayer.class; com/github/alexthe666/alexsmobs/client/render/layer/LayerSealItem.class; com/github/alexthe666/alexsmobs/entity/AMEntityRegistry.class; output-am/proveniencia.json,evidence-am/alexsmobs-2.1.14-neoforge+1.21.1.jar::data/alexsmobs/loot_table/gameplay/seal_reward.json; evidence-am/decompiled-full/com/github/alexthe666/alexsmobs/entity/EntitySeal.java; evidence-am/decompiled-full/com/github/alexthe666/alexsmobs/item/AMItemRegistry.java; registros-usos-itens.json#alexsmobs:shark_tooth,/bestiary/receitas/am.html#receita-shark-tooth-arrow | [Receita shark_tooth_arrow](lote-final-2026-10-06/am-cards-2026-10-06.md#receita-shark-tooth-arrow) — data/alexsmobs/recipe/shark_tooth_arrow.json; [Receita shield_of_the_deep](lote-final-2026-10-06/am-cards-2026-10-06.md#receita-shield-of-the-deep) — data/alexsmobs/recipe/shield_of_the_deep.json
Seal,Alex’s Mobs Continued,Criatura Animal; alvos: EntityFlyingFish,BiomeConfig padrão: (#minecraft:is_beach) OU (#minecraft:is_overworld E #minecraft:is_ocean E #forge:is_cold/overworld) OU (terralith:gravel_beach) OU (biomesoplenty:dune_beach) OU (minecraft:stony_shore); grupos alternativos; entradas externas só se biomas existirem. Fonte: evidence-am/decompiled-full/com/github/alexthe666/alexsmobs/config/BiomeConfig.java → evidence-am/decompiled-full/com/github/alexthe666/alexsmobs/config/DefaultBiomes.java; configuração efetiva do servidor não confirmada.,Busca de tesouro com mob vivo,alexsmobs:serrated_shark_tooth,1,"Seal alimentada com3 itens de comida, feederUUID válido, sem combate/revenge e fundo aquático cavável; busca100ticks e devolve ao jogador; pool1: 1 sorteio(s); reposição se múltiplos rolls; peso bruto 8/310; normaliza apenas entradas elegíveis","Ingrediente nas receitas auditadas: {'id': 'alexsmobs:shield_of_the_deep', 'count': 1}",Alta nos arquivos versionados; configurações/datapacks externos não confirmados,/images/bestiary/audited/am/seal.png,com/github/alexthe666/alexsmobs/client/model/ModelSeal.class; com/github/alexthe666/alexsmobs/client/render/RenderSeal.class; assets/alexsmobs/textures/entity/seal/seal_arctic_1.png; com/github/alexthe666/alexsmobs/ClientProxy.class; com/github/alexthe666/alexsmobs/citadel/client/model/AdvancedEntityModel.class; com/github/alexthe666/alexsmobs/citadel/client/model/AdvancedModelBox.class; com/github/alexthe666/alexsmobs/client/render/RenderSeal$SealTearsLayer.class; com/github/alexthe666/alexsmobs/client/render/layer/LayerSealItem.class; com/github/alexthe666/alexsmobs/entity/AMEntityRegistry.class; output-am/proveniencia.json,evidence-am/alexsmobs-2.1.14-neoforge+1.21.1.jar::data/alexsmobs/loot_table/gameplay/seal_reward.json; evidence-am/decompiled-full/com/github/alexthe666/alexsmobs/entity/EntitySeal.java; evidence-am/decompiled-full/com/github/alexthe666/alexsmobs/item/AMItemRegistry.java; registros-usos-itens.json#alexsmobs:serrated_shark_tooth,/bestiary/receitas/am.html#receita-shield-of-the-deep | [Receita shield_of_the_deep](lote-final-2026-10-06/am-cards-2026-10-06.md#receita-shield-of-the-deep) — data/alexsmobs/recipe/shield_of_the_deep.json
Seal,Alex’s Mobs Continued,Criatura Animal; alvos: EntityFlyingFish,BiomeConfig padrão: (#minecraft:is_beach) OU (#minecraft:is_overworld E #minecraft:is_ocean E #forge:is_cold/overworld) OU (terralith:gravel_beach) OU (biomesoplenty:dune_beach) OU (minecraft:stony_shore); grupos alternativos; entradas externas só se biomas existirem. Fonte: evidence-am/decompiled-full/com/github/alexthe666/alexsmobs/config/BiomeConfig.java → evidence-am/decompiled-full/com/github/alexthe666/alexsmobs/config/DefaultBiomes.java; configuração efetiva do servidor não confirmada.,Busca de tesouro com mob vivo,minecraft:sand,1–10,"Seal alimentada com3 itens de comida, feederUUID válido, sem combate/revenge e fundo aquático cavável; busca100ticks e devolve ao jogador; pool1: 1 sorteio(s); reposição se múltiplos rolls; peso bruto 60/310; normaliza apenas entradas elegíveis; set_count","Ingrediente nas receitas auditadas: {'id': 'alexsmobs:pocket_sand', 'count': 1}",Alta nos arquivos versionados; configurações/datapacks externos não confirmados,/images/bestiary/audited/am/seal.png,com/github/alexthe666/alexsmobs/client/model/ModelSeal.class; com/github/alexthe666/alexsmobs/client/render/RenderSeal.class; assets/alexsmobs/textures/entity/seal/seal_arctic_1.png; com/github/alexthe666/alexsmobs/ClientProxy.class; com/github/alexthe666/alexsmobs/citadel/client/model/AdvancedEntityModel.class; com/github/alexthe666/alexsmobs/citadel/client/model/AdvancedModelBox.class; com/github/alexthe666/alexsmobs/client/render/RenderSeal$SealTearsLayer.class; com/github/alexthe666/alexsmobs/client/render/layer/LayerSealItem.class; com/github/alexthe666/alexsmobs/entity/AMEntityRegistry.class; output-am/proveniencia.json,evidence-am/alexsmobs-2.1.14-neoforge+1.21.1.jar::data/alexsmobs/loot_table/gameplay/seal_reward.json; evidence-am/decompiled-full/com/github/alexthe666/alexsmobs/entity/EntitySeal.java,/bestiary/receitas/am.html#receita-pocket-sand | [Receita pocket_sand](lote-final-2026-10-06/am-cards-2026-10-06.md#receita-pocket-sand) — data/alexsmobs/recipe/pocket_sand.json
Seal,Alex’s Mobs Continued,Criatura Animal; alvos: EntityFlyingFish,BiomeConfig padrão: (#minecraft:is_beach) OU (#minecraft:is_overworld E #minecraft:is_ocean E #forge:is_cold/overworld) OU (terralith:gravel_beach) OU (biomesoplenty:dune_beach) OU (minecraft:stony_shore); grupos alternativos; entradas externas só se biomas existirem. Fonte: evidence-am/decompiled-full/com/github/alexthe666/alexsmobs/config/BiomeConfig.java → evidence-am/decompiled-full/com/github/alexthe666/alexsmobs/config/DefaultBiomes.java; configuração efetiva do servidor não confirmada.,Busca de tesouro com mob vivo,minecraft:kelp,2–4,"Seal alimentada com3 itens de comida, feederUUID válido, sem combate/revenge e fundo aquático cavável; busca100ticks e devolve ao jogador; pool1: 1 sorteio(s); reposição se múltiplos rolls; peso bruto 60/310; normaliza apenas entradas elegíveis; set_count","Ingrediente nas receitas auditadas: {'id': 'alexsmobs:shark_tooth_arrow', 'count': 6}",Alta nos arquivos versionados; configurações/datapacks externos não confirmados,/images/bestiary/audited/am/seal.png,com/github/alexthe666/alexsmobs/client/model/ModelSeal.class; com/github/alexthe666/alexsmobs/client/render/RenderSeal.class; assets/alexsmobs/textures/entity/seal/seal_arctic_1.png; com/github/alexthe666/alexsmobs/ClientProxy.class; com/github/alexthe666/alexsmobs/citadel/client/model/AdvancedEntityModel.class; com/github/alexthe666/alexsmobs/citadel/client/model/AdvancedModelBox.class; com/github/alexthe666/alexsmobs/client/render/RenderSeal$SealTearsLayer.class; com/github/alexthe666/alexsmobs/client/render/layer/LayerSealItem.class; com/github/alexthe666/alexsmobs/entity/AMEntityRegistry.class; output-am/proveniencia.json,evidence-am/alexsmobs-2.1.14-neoforge+1.21.1.jar::data/alexsmobs/loot_table/gameplay/seal_reward.json; evidence-am/decompiled-full/com/github/alexthe666/alexsmobs/entity/EntitySeal.java,/bestiary/receitas/am.html#receita-shark-tooth-arrow | [Receita shark_tooth_arrow](lote-final-2026-10-06/am-cards-2026-10-06.md#receita-shark-tooth-arrow) — data/alexsmobs/recipe/shark_tooth_arrow.json
Seal,Alex’s Mobs Continued,Criatura Animal; alvos: EntityFlyingFish,BiomeConfig padrão: (#minecraft:is_beach) OU (#minecraft:is_overworld E #minecraft:is_ocean E #forge:is_cold/overworld) OU (terralith:gravel_beach) OU (biomesoplenty:dune_beach) OU (minecraft:stony_shore); grupos alternativos; entradas externas só se biomas existirem. Fonte: evidence-am/decompiled-full/com/github/alexthe666/alexsmobs/config/BiomeConfig.java → evidence-am/decompiled-full/com/github/alexthe666/alexsmobs/config/DefaultBiomes.java; configuração efetiva do servidor não confirmada.,Busca de tesouro com mob vivo,minecraft:prismarine_shard,2–5,"Seal alimentada com3 itens de comida, feederUUID válido, sem combate/revenge e fundo aquático cavável; busca100ticks e devolve ao jogador; pool1: 1 sorteio(s); reposição se múltiplos rolls; peso bruto 8/310; normaliza apenas entradas elegíveis; set_count","Ingrediente nas receitas vanilla1.21.1: {'count': 1, 'id': 'minecraft:dark_prismarine'}, {'count': 1, 'id': 'minecraft:prismarine'}, {'count': 1, 'id': 'minecraft:prismarine_bricks'}, {'count': 1, 'id': 'minecraft:sea_lantern'}",Alta nos arquivos versionados; configurações/datapacks externos não confirmados,/images/bestiary/audited/am/seal.png,com/github/alexthe666/alexsmobs/client/model/ModelSeal.class; com/github/alexthe666/alexsmobs/client/render/RenderSeal.class; assets/alexsmobs/textures/entity/seal/seal_arctic_1.png; com/github/alexthe666/alexsmobs/ClientProxy.class; com/github/alexthe666/alexsmobs/citadel/client/model/AdvancedEntityModel.class; com/github/alexthe666/alexsmobs/citadel/client/model/AdvancedModelBox.class; com/github/alexthe666/alexsmobs/client/render/RenderSeal$SealTearsLayer.class; com/github/alexthe666/alexsmobs/client/render/layer/LayerSealItem.class; com/github/alexthe666/alexsmobs/entity/AMEntityRegistry.class; output-am/proveniencia.json,evidence-am/alexsmobs-2.1.14-neoforge+1.21.1.jar::data/alexsmobs/loot_table/gameplay/seal_reward.json; evidence-am/decompiled-full/com/github/alexthe666/alexsmobs/entity/EntitySeal.java,[Receitas vanilla1.21.1](lote-final-2026-10-06/receitas-vanilla.json)
Seal,Alex’s Mobs Continued,Criatura Animal; alvos: EntityFlyingFish,BiomeConfig padrão: (#minecraft:is_beach) OU (#minecraft:is_overworld E #minecraft:is_ocean E #forge:is_cold/overworld) OU (terralith:gravel_beach) OU (biomesoplenty:dune_beach) OU (minecraft:stony_shore); grupos alternativos; entradas externas só se biomas existirem. Fonte: evidence-am/decompiled-full/com/github/alexthe666/alexsmobs/config/BiomeConfig.java → evidence-am/decompiled-full/com/github/alexthe666/alexsmobs/config/DefaultBiomes.java; configuração efetiva do servidor não confirmada.,Busca de tesouro com mob vivo,minecraft:clay_ball,5–32,"Seal alimentada com3 itens de comida, feederUUID válido, sem combate/revenge e fundo aquático cavável; busca100ticks e devolve ao jogador; pool1: 1 sorteio(s); reposição se múltiplos rolls; peso bruto 20/310; normaliza apenas entradas elegíveis; set_count","Ingrediente nas receitas vanilla1.21.1: {'id': 'minecraft:brick'}, {'count': 1, 'id': 'minecraft:clay'}",Alta nos arquivos versionados; configurações/datapacks externos não confirmados,/images/bestiary/audited/am/seal.png,com/github/alexthe666/alexsmobs/client/model/ModelSeal.class; com/github/alexthe666/alexsmobs/client/render/RenderSeal.class; assets/alexsmobs/textures/entity/seal/seal_arctic_1.png; com/github/alexthe666/alexsmobs/ClientProxy.class; com/github/alexthe666/alexsmobs/citadel/client/model/AdvancedEntityModel.class; com/github/alexthe666/alexsmobs/citadel/client/model/AdvancedModelBox.class; com/github/alexthe666/alexsmobs/client/render/RenderSeal$SealTearsLayer.class; com/github/alexthe666/alexsmobs/client/render/layer/LayerSealItem.class; com/github/alexthe666/alexsmobs/entity/AMEntityRegistry.class; output-am/proveniencia.json,evidence-am/alexsmobs-2.1.14-neoforge+1.21.1.jar::data/alexsmobs/loot_table/gameplay/seal_reward.json; evidence-am/decompiled-full/com/github/alexthe666/alexsmobs/entity/EntitySeal.java,[Receitas vanilla1.21.1](lote-final-2026-10-06/receitas-vanilla.json)
Seal,Alex’s Mobs Continued,Criatura Animal; alvos: EntityFlyingFish,BiomeConfig padrão: (#minecraft:is_beach) OU (#minecraft:is_overworld E #minecraft:is_ocean E #forge:is_cold/overworld) OU (terralith:gravel_beach) OU (biomesoplenty:dune_beach) OU (minecraft:stony_shore); grupos alternativos; entradas externas só se biomas existirem. Fonte: evidence-am/decompiled-full/com/github/alexthe666/alexsmobs/config/BiomeConfig.java → evidence-am/decompiled-full/com/github/alexthe666/alexsmobs/config/DefaultBiomes.java; configuração efetiva do servidor não confirmada.,Busca de tesouro com mob vivo,minecraft:prismarine_crystals,1,"Seal alimentada com3 itens de comida, feederUUID válido, sem combate/revenge e fundo aquático cavável; busca100ticks e devolve ao jogador; pool1: 1 sorteio(s); reposição se múltiplos rolls; peso bruto 10/310; normaliza apenas entradas elegíveis","Ingrediente nas receitas vanilla1.21.1: {'count': 1, 'id': 'minecraft:sea_lantern'}",Alta nos arquivos versionados; configurações/datapacks externos não confirmados,/images/bestiary/audited/am/seal.png,com/github/alexthe666/alexsmobs/client/model/ModelSeal.class; com/github/alexthe666/alexsmobs/client/render/RenderSeal.class; assets/alexsmobs/textures/entity/seal/seal_arctic_1.png; com/github/alexthe666/alexsmobs/ClientProxy.class; com/github/alexthe666/alexsmobs/citadel/client/model/AdvancedEntityModel.class; com/github/alexthe666/alexsmobs/citadel/client/model/AdvancedModelBox.class; com/github/alexthe666/alexsmobs/client/render/RenderSeal$SealTearsLayer.class; com/github/alexthe666/alexsmobs/client/render/layer/LayerSealItem.class; com/github/alexthe666/alexsmobs/entity/AMEntityRegistry.class; output-am/proveniencia.json,evidence-am/alexsmobs-2.1.14-neoforge+1.21.1.jar::data/alexsmobs/loot_table/gameplay/seal_reward.json; evidence-am/decompiled-full/com/github/alexthe666/alexsmobs/entity/EntitySeal.java,[Receitas vanilla1.21.1](lote-final-2026-10-06/receitas-vanilla.json)
Seal,Alex’s Mobs Continued,Criatura Animal; alvos: EntityFlyingFish,BiomeConfig padrão: (#minecraft:is_beach) OU (#minecraft:is_overworld E #minecraft:is_ocean E #forge:is_cold/overworld) OU (terralith:gravel_beach) OU (biomesoplenty:dune_beach) OU (minecraft:stony_shore); grupos alternativos; entradas externas só se biomas existirem. Fonte: evidence-am/decompiled-full/com/github/alexthe666/alexsmobs/config/BiomeConfig.java → evidence-am/decompiled-full/com/github/alexthe666/alexsmobs/config/DefaultBiomes.java; configuração efetiva do servidor não confirmada.,Busca de tesouro com mob vivo,minecraft:nautilus_shell,1,"Seal alimentada com3 itens de comida, feederUUID válido, sem combate/revenge e fundo aquático cavável; busca100ticks e devolve ao jogador; pool1: 1 sorteio(s); reposição se múltiplos rolls; peso bruto 1/310; normaliza apenas entradas elegíveis","Ingrediente nas receitas vanilla1.21.1: {'count': 1, 'id': 'minecraft:conduit'}",Alta nos arquivos versionados; configurações/datapacks externos não confirmados,/images/bestiary/audited/am/seal.png,com/github/alexthe666/alexsmobs/client/model/ModelSeal.class; com/github/alexthe666/alexsmobs/client/render/RenderSeal.class; assets/alexsmobs/textures/entity/seal/seal_arctic_1.png; com/github/alexthe666/alexsmobs/ClientProxy.class; com/github/alexthe666/alexsmobs/citadel/client/model/AdvancedEntityModel.class; com/github/alexthe666/alexsmobs/citadel/client/model/AdvancedModelBox.class; com/github/alexthe666/alexsmobs/client/render/RenderSeal$SealTearsLayer.class; com/github/alexthe666/alexsmobs/client/render/layer/LayerSealItem.class; com/github/alexthe666/alexsmobs/entity/AMEntityRegistry.class; output-am/proveniencia.json,evidence-am/alexsmobs-2.1.14-neoforge+1.21.1.jar::data/alexsmobs/loot_table/gameplay/seal_reward.json; evidence-am/decompiled-full/com/github/alexthe666/alexsmobs/entity/EntitySeal.java,[Receitas vanilla1.21.1](lote-final-2026-10-06/receitas-vanilla.json)
Seal,Alex’s Mobs Continued,Criatura Animal; alvos: EntityFlyingFish,BiomeConfig padrão: (#minecraft:is_beach) OU (#minecraft:is_overworld E #minecraft:is_ocean E #forge:is_cold/overworld) OU (terralith:gravel_beach) OU (biomesoplenty:dune_beach) OU (minecraft:stony_shore); grupos alternativos; entradas externas só se biomas existirem. Fonte: evidence-am/decompiled-full/com/github/alexthe666/alexsmobs/config/BiomeConfig.java → evidence-am/decompiled-full/com/github/alexthe666/alexsmobs/config/DefaultBiomes.java; configuração efetiva do servidor não confirmada.,Busca de tesouro com mob vivo,alexsmobs:fish_bones,1,"Seal alimentada com3 itens de comida, feederUUID válido, sem combate/revenge e fundo aquático cavável; busca100ticks e devolve ao jogador; pool1: 1 sorteio(s); reposição se múltiplos rolls; peso bruto 6/310; normaliza apenas entradas elegíveis","Ingrediente nas receitas auditadas: {'id': 'minecraft:bone_meal', 'count': 2}, {'id': 'alexsmobs:pupfish_locator', 'count': 1}",Alta nos arquivos versionados; configurações/datapacks externos não confirmados,/images/bestiary/audited/am/seal.png,com/github/alexthe666/alexsmobs/client/model/ModelSeal.class; com/github/alexthe666/alexsmobs/client/render/RenderSeal.class; assets/alexsmobs/textures/entity/seal/seal_arctic_1.png; com/github/alexthe666/alexsmobs/ClientProxy.class; com/github/alexthe666/alexsmobs/citadel/client/model/AdvancedEntityModel.class; com/github/alexthe666/alexsmobs/citadel/client/model/AdvancedModelBox.class; com/github/alexthe666/alexsmobs/client/render/RenderSeal$SealTearsLayer.class; com/github/alexthe666/alexsmobs/client/render/layer/LayerSealItem.class; com/github/alexthe666/alexsmobs/entity/AMEntityRegistry.class; output-am/proveniencia.json,evidence-am/alexsmobs-2.1.14-neoforge+1.21.1.jar::data/alexsmobs/loot_table/gameplay/seal_reward.json; evidence-am/decompiled-full/com/github/alexthe666/alexsmobs/entity/EntitySeal.java; evidence-am/decompiled-full/com/github/alexthe666/alexsmobs/item/AMItemRegistry.java; registros-usos-itens.json#alexsmobs:fish_bones,/bestiary/receitas/am.html#receita-bonemeal-from-fish-bones | [Receita bonemeal_from_fish_bones](lote-final-2026-10-06/am-cards-2026-10-06.md#receita-bonemeal-from-fish-bones) — data/alexsmobs/recipe/bonemeal_from_fish_bones.json; [Receita pupfish_locator](lote-final-2026-10-06/am-cards-2026-10-06.md#receita-pupfish-locator) — data/alexsmobs/recipe/pupfish_locator.json
Seal,Alex’s Mobs Continued,Criatura Animal; alvos: EntityFlyingFish,BiomeConfig padrão: (#minecraft:is_beach) OU (#minecraft:is_overworld E #minecraft:is_ocean E #forge:is_cold/overworld) OU (terralith:gravel_beach) OU (biomesoplenty:dune_beach) OU (minecraft:stony_shore); grupos alternativos; entradas externas só se biomas existirem. Fonte: evidence-am/decompiled-full/com/github/alexthe666/alexsmobs/config/BiomeConfig.java → evidence-am/decompiled-full/com/github/alexthe666/alexsmobs/config/DefaultBiomes.java; configuração efetiva do servidor não confirmada.,Busca de tesouro com mob vivo,minecraft:turtle_egg,1,"Seal alimentada com3 itens de comida, feederUUID válido, sem combate/revenge e fundo aquático cavável; busca100ticks e devolve ao jogador; pool1: 1 sorteio(s); reposição se múltiplos rolls; peso bruto 1/310; normaliza apenas entradas elegíveis","Bloco/planta vanilla1.21.1 para colocação, construção ou cultivo; comportamento específico conforme registro/bloco vanilla",Alta no recurso/registro/classe citados; condições efetivas do pack não confirmadas,/images/bestiary/audited/am/seal.png,com/github/alexthe666/alexsmobs/client/model/ModelSeal.class; com/github/alexthe666/alexsmobs/client/render/RenderSeal.class; assets/alexsmobs/textures/entity/seal/seal_arctic_1.png; com/github/alexthe666/alexsmobs/ClientProxy.class; com/github/alexthe666/alexsmobs/citadel/client/model/AdvancedEntityModel.class; com/github/alexthe666/alexsmobs/citadel/client/model/AdvancedModelBox.class; com/github/alexthe666/alexsmobs/client/render/RenderSeal$SealTearsLayer.class; com/github/alexthe666/alexsmobs/client/render/layer/LayerSealItem.class; com/github/alexthe666/alexsmobs/entity/AMEntityRegistry.class; output-am/proveniencia.json,evidence-am/alexsmobs-2.1.14-neoforge+1.21.1.jar::data/alexsmobs/loot_table/gameplay/seal_reward.json; evidence-am/decompiled-full/com/github/alexthe666/alexsmobs/entity/EntitySeal.java,[Receitas vanilla1.21.1](lote-final-2026-10-06/receitas-vanilla.json)
Seal,Alex’s Mobs Continued,Criatura Animal; alvos: EntityFlyingFish,BiomeConfig padrão: (#minecraft:is_beach) OU (#minecraft:is_overworld E #minecraft:is_ocean E #forge:is_cold/overworld) OU (terralith:gravel_beach) OU (biomesoplenty:dune_beach) OU (minecraft:stony_shore); grupos alternativos; entradas externas só se biomas existirem. Fonte: evidence-am/decompiled-full/com/github/alexthe666/alexsmobs/config/BiomeConfig.java → evidence-am/decompiled-full/com/github/alexthe666/alexsmobs/config/DefaultBiomes.java; configuração efetiva do servidor não confirmada.,Busca de tesouro com mob vivo,minecraft:turtle_egg,1,"Seal alimentada com3 itens de comida, feederUUID válido, sem combate/revenge e fundo aquático cavável; busca100ticks e devolve ao jogador; pool1: 1 sorteio(s); reposição se múltiplos rolls; peso bruto 1/310; normaliza apenas entradas elegíveis","Bloco/planta vanilla1.21.1 para colocação, construção ou cultivo; comportamento específico conforme registro/bloco vanilla",Alta no recurso/registro/classe citados; condições efetivas do pack não confirmadas,/images/bestiary/audited/am/seal.png,com/github/alexthe666/alexsmobs/client/model/ModelSeal.class; com/github/alexthe666/alexsmobs/client/render/RenderSeal.class; assets/alexsmobs/textures/entity/seal/seal_arctic_1.png; com/github/alexthe666/alexsmobs/ClientProxy.class; com/github/alexthe666/alexsmobs/citadel/client/model/AdvancedEntityModel.class; com/github/alexthe666/alexsmobs/citadel/client/model/AdvancedModelBox.class; com/github/alexthe666/alexsmobs/client/render/RenderSeal$SealTearsLayer.class; com/github/alexthe666/alexsmobs/client/render/layer/LayerSealItem.class; com/github/alexthe666/alexsmobs/entity/AMEntityRegistry.class; output-am/proveniencia.json,evidence-am/alexsmobs-2.1.14-neoforge+1.21.1.jar::data/alexsmobs/loot_table/gameplay/seal_reward.json; evidence-am/decompiled-full/com/github/alexthe666/alexsmobs/entity/EntitySeal.java,[Receitas vanilla1.21.1](lote-final-2026-10-06/receitas-vanilla.json)
Seal,Alex’s Mobs Continued,Criatura Animal; alvos: EntityFlyingFish,BiomeConfig padrão: (#minecraft:is_beach) OU (#minecraft:is_overworld E #minecraft:is_ocean E #forge:is_cold/overworld) OU (terralith:gravel_beach) OU (biomesoplenty:dune_beach) OU (minecraft:stony_shore); grupos alternativos; entradas externas só se biomas existirem. Fonte: evidence-am/decompiled-full/com/github/alexthe666/alexsmobs/config/BiomeConfig.java → evidence-am/decompiled-full/com/github/alexthe666/alexsmobs/config/DefaultBiomes.java; configuração efetiva do servidor não confirmada.,Busca de tesouro com mob vivo,minecraft:tube_coral,1,"Seal alimentada com3 itens de comida, feederUUID válido, sem combate/revenge e fundo aquático cavável; busca100ticks e devolve ao jogador; pool1: 1 sorteio(s); reposição se múltiplos rolls; peso bruto 2/310; normaliza apenas entradas elegíveis","Bloco/planta vanilla1.21.1 para colocação, construção ou cultivo; comportamento específico conforme registro/bloco vanilla",Alta no recurso/registro/classe citados; condições efetivas do pack não confirmadas,/images/bestiary/audited/am/seal.png,com/github/alexthe666/alexsmobs/client/model/ModelSeal.class; com/github/alexthe666/alexsmobs/client/render/RenderSeal.class; assets/alexsmobs/textures/entity/seal/seal_arctic_1.png; com/github/alexthe666/alexsmobs/ClientProxy.class; com/github/alexthe666/alexsmobs/citadel/client/model/AdvancedEntityModel.class; com/github/alexthe666/alexsmobs/citadel/client/model/AdvancedModelBox.class; com/github/alexthe666/alexsmobs/client/render/RenderSeal$SealTearsLayer.class; com/github/alexthe666/alexsmobs/client/render/layer/LayerSealItem.class; com/github/alexthe666/alexsmobs/entity/AMEntityRegistry.class; output-am/proveniencia.json,evidence-am/alexsmobs-2.1.14-neoforge+1.21.1.jar::data/alexsmobs/loot_table/gameplay/seal_reward.json; evidence-am/decompiled-full/com/github/alexthe666/alexsmobs/entity/EntitySeal.java,[Receitas vanilla1.21.1](lote-final-2026-10-06/receitas-vanilla.json)
Seal,Alex’s Mobs Continued,Criatura Animal; alvos: EntityFlyingFish,BiomeConfig padrão: (#minecraft:is_beach) OU (#minecraft:is_overworld E #minecraft:is_ocean E #forge:is_cold/overworld) OU (terralith:gravel_beach) OU (biomesoplenty:dune_beach) OU (minecraft:stony_shore); grupos alternativos; entradas externas só se biomas existirem. Fonte: evidence-am/decompiled-full/com/github/alexthe666/alexsmobs/config/BiomeConfig.java → evidence-am/decompiled-full/com/github/alexthe666/alexsmobs/config/DefaultBiomes.java; configuração efetiva do servidor não confirmada.,Busca de tesouro com mob vivo,minecraft:brain_coral,1,"Seal alimentada com3 itens de comida, feederUUID válido, sem combate/revenge e fundo aquático cavável; busca100ticks e devolve ao jogador; pool1: 1 sorteio(s); reposição se múltiplos rolls; peso bruto 2/310; normaliza apenas entradas elegíveis","Bloco/planta vanilla1.21.1 para colocação, construção ou cultivo; comportamento específico conforme registro/bloco vanilla",Alta no recurso/registro/classe citados; condições efetivas do pack não confirmadas,/images/bestiary/audited/am/seal.png,com/github/alexthe666/alexsmobs/client/model/ModelSeal.class; com/github/alexthe666/alexsmobs/client/render/RenderSeal.class; assets/alexsmobs/textures/entity/seal/seal_arctic_1.png; com/github/alexthe666/alexsmobs/ClientProxy.class; com/github/alexthe666/alexsmobs/citadel/client/model/AdvancedEntityModel.class; com/github/alexthe666/alexsmobs/citadel/client/model/AdvancedModelBox.class; com/github/alexthe666/alexsmobs/client/render/RenderSeal$SealTearsLayer.class; com/github/alexthe666/alexsmobs/client/render/layer/LayerSealItem.class; com/github/alexthe666/alexsmobs/entity/AMEntityRegistry.class; output-am/proveniencia.json,evidence-am/alexsmobs-2.1.14-neoforge+1.21.1.jar::data/alexsmobs/loot_table/gameplay/seal_reward.json; evidence-am/decompiled-full/com/github/alexthe666/alexsmobs/entity/EntitySeal.java,[Receitas vanilla1.21.1](lote-final-2026-10-06/receitas-vanilla.json)
Seal,Alex’s Mobs Continued,Criatura Animal; alvos: EntityFlyingFish,BiomeConfig padrão: (#minecraft:is_beach) OU (#minecraft:is_overworld E #minecraft:is_ocean E #forge:is_cold/overworld) OU (terralith:gravel_beach) OU (biomesoplenty:dune_beach) OU (minecraft:stony_shore); grupos alternativos; entradas externas só se biomas existirem. Fonte: evidence-am/decompiled-full/com/github/alexthe666/alexsmobs/config/BiomeConfig.java → evidence-am/decompiled-full/com/github/alexthe666/alexsmobs/config/DefaultBiomes.java; configuração efetiva do servidor não confirmada.,Busca de tesouro com mob vivo,minecraft:bubble_coral,1,"Seal alimentada com3 itens de comida, feederUUID válido, sem combate/revenge e fundo aquático cavável; busca100ticks e devolve ao jogador; pool1: 1 sorteio(s); reposição se múltiplos rolls; peso bruto 2/310; normaliza apenas entradas elegíveis","Bloco/planta vanilla1.21.1 para colocação, construção ou cultivo; comportamento específico conforme registro/bloco vanilla",Alta no recurso/registro/classe citados; condições efetivas do pack não confirmadas,/images/bestiary/audited/am/seal.png,com/github/alexthe666/alexsmobs/client/model/ModelSeal.class; com/github/alexthe666/alexsmobs/client/render/RenderSeal.class; assets/alexsmobs/textures/entity/seal/seal_arctic_1.png; com/github/alexthe666/alexsmobs/ClientProxy.class; com/github/alexthe666/alexsmobs/citadel/client/model/AdvancedEntityModel.class; com/github/alexthe666/alexsmobs/citadel/client/model/AdvancedModelBox.class; com/github/alexthe666/alexsmobs/client/render/RenderSeal$SealTearsLayer.class; com/github/alexthe666/alexsmobs/client/render/layer/LayerSealItem.class; com/github/alexthe666/alexsmobs/entity/AMEntityRegistry.class; output-am/proveniencia.json,evidence-am/alexsmobs-2.1.14-neoforge+1.21.1.jar::data/alexsmobs/loot_table/gameplay/seal_reward.json; evidence-am/decompiled-full/com/github/alexthe666/alexsmobs/entity/EntitySeal.java,[Receitas vanilla1.21.1](lote-final-2026-10-06/receitas-vanilla.json)
Seal,Alex’s Mobs Continued,Criatura Animal; alvos: EntityFlyingFish,BiomeConfig padrão: (#minecraft:is_beach) OU (#minecraft:is_overworld E #minecraft:is_ocean E #forge:is_cold/overworld) OU (terralith:gravel_beach) OU (biomesoplenty:dune_beach) OU (minecraft:stony_shore); grupos alternativos; entradas externas só se biomas existirem. Fonte: evidence-am/decompiled-full/com/github/alexthe666/alexsmobs/config/BiomeConfig.java → evidence-am/decompiled-full/com/github/alexthe666/alexsmobs/config/DefaultBiomes.java; configuração efetiva do servidor não confirmada.,Busca de tesouro com mob vivo,minecraft:fire_coral,1,"Seal alimentada com3 itens de comida, feederUUID válido, sem combate/revenge e fundo aquático cavável; busca100ticks e devolve ao jogador; pool1: 1 sorteio(s); reposição se múltiplos rolls; peso bruto 2/310; normaliza apenas entradas elegíveis","Bloco/planta vanilla1.21.1 para colocação, construção ou cultivo; comportamento específico conforme registro/bloco vanilla",Alta no recurso/registro/classe citados; condições efetivas do pack não confirmadas,/images/bestiary/audited/am/seal.png,com/github/alexthe666/alexsmobs/client/model/ModelSeal.class; com/github/alexthe666/alexsmobs/client/render/RenderSeal.class; assets/alexsmobs/textures/entity/seal/seal_arctic_1.png; com/github/alexthe666/alexsmobs/ClientProxy.class; com/github/alexthe666/alexsmobs/citadel/client/model/AdvancedEntityModel.class; com/github/alexthe666/alexsmobs/citadel/client/model/AdvancedModelBox.class; com/github/alexthe666/alexsmobs/client/render/RenderSeal$SealTearsLayer.class; com/github/alexthe666/alexsmobs/client/render/layer/LayerSealItem.class; com/github/alexthe666/alexsmobs/entity/AMEntityRegistry.class; output-am/proveniencia.json,evidence-am/alexsmobs-2.1.14-neoforge+1.21.1.jar::data/alexsmobs/loot_table/gameplay/seal_reward.json; evidence-am/decompiled-full/com/github/alexthe666/alexsmobs/entity/EntitySeal.java,[Receitas vanilla1.21.1](lote-final-2026-10-06/receitas-vanilla.json)
Seal,Alex’s Mobs Continued,Criatura Animal; alvos: EntityFlyingFish,BiomeConfig padrão: (#minecraft:is_beach) OU (#minecraft:is_overworld E #minecraft:is_ocean E #forge:is_cold/overworld) OU (terralith:gravel_beach) OU (biomesoplenty:dune_beach) OU (minecraft:stony_shore); grupos alternativos; entradas externas só se biomas existirem. Fonte: evidence-am/decompiled-full/com/github/alexthe666/alexsmobs/config/BiomeConfig.java → evidence-am/decompiled-full/com/github/alexthe666/alexsmobs/config/DefaultBiomes.java; configuração efetiva do servidor não confirmada.,Busca de tesouro com mob vivo,minecraft:horn_coral,1,"Seal alimentada com3 itens de comida, feederUUID válido, sem combate/revenge e fundo aquático cavável; busca100ticks e devolve ao jogador; pool1: 1 sorteio(s); reposição se múltiplos rolls; peso bruto 2/310; normaliza apenas entradas elegíveis","Bloco/planta vanilla1.21.1 para colocação, construção ou cultivo; comportamento específico conforme registro/bloco vanilla",Alta no recurso/registro/classe citados; condições efetivas do pack não confirmadas,/images/bestiary/audited/am/seal.png,com/github/alexthe666/alexsmobs/client/model/ModelSeal.class; com/github/alexthe666/alexsmobs/client/render/RenderSeal.class; assets/alexsmobs/textures/entity/seal/seal_arctic_1.png; com/github/alexthe666/alexsmobs/ClientProxy.class; com/github/alexthe666/alexsmobs/citadel/client/model/AdvancedEntityModel.class; com/github/alexthe666/alexsmobs/citadel/client/model/AdvancedModelBox.class; com/github/alexthe666/alexsmobs/client/render/RenderSeal$SealTearsLayer.class; com/github/alexthe666/alexsmobs/client/render/layer/LayerSealItem.class; com/github/alexthe666/alexsmobs/entity/AMEntityRegistry.class; output-am/proveniencia.json,evidence-am/alexsmobs-2.1.14-neoforge+1.21.1.jar::data/alexsmobs/loot_table/gameplay/seal_reward.json; evidence-am/decompiled-full/com/github/alexthe666/alexsmobs/entity/EntitySeal.java,[Receitas vanilla1.21.1](lote-final-2026-10-06/receitas-vanilla.json)
Seal,Alex’s Mobs Continued,Criatura Animal; alvos: EntityFlyingFish,BiomeConfig padrão: (#minecraft:is_beach) OU (#minecraft:is_overworld E #minecraft:is_ocean E #forge:is_cold/overworld) OU (terralith:gravel_beach) OU (biomesoplenty:dune_beach) OU (minecraft:stony_shore); grupos alternativos; entradas externas só se biomas existirem. Fonte: evidence-am/decompiled-full/com/github/alexthe666/alexsmobs/config/BiomeConfig.java → evidence-am/decompiled-full/com/github/alexthe666/alexsmobs/config/DefaultBiomes.java; configuração efetiva do servidor não confirmada.,Busca de tesouro com mob vivo,minecraft:tube_coral_block,1,"Seal alimentada com3 itens de comida, feederUUID válido, sem combate/revenge e fundo aquático cavável; busca100ticks e devolve ao jogador; pool1: 1 sorteio(s); reposição se múltiplos rolls; peso bruto 1/310; normaliza apenas entradas elegíveis","Bloco/planta vanilla1.21.1 para colocação, construção ou cultivo; comportamento específico conforme registro/bloco vanilla",Alta no recurso/registro/classe citados; condições efetivas do pack não confirmadas,/images/bestiary/audited/am/seal.png,com/github/alexthe666/alexsmobs/client/model/ModelSeal.class; com/github/alexthe666/alexsmobs/client/render/RenderSeal.class; assets/alexsmobs/textures/entity/seal/seal_arctic_1.png; com/github/alexthe666/alexsmobs/ClientProxy.class; com/github/alexthe666/alexsmobs/citadel/client/model/AdvancedEntityModel.class; com/github/alexthe666/alexsmobs/citadel/client/model/AdvancedModelBox.class; com/github/alexthe666/alexsmobs/client/render/RenderSeal$SealTearsLayer.class; com/github/alexthe666/alexsmobs/client/render/layer/LayerSealItem.class; com/github/alexthe666/alexsmobs/entity/AMEntityRegistry.class; output-am/proveniencia.json,evidence-am/alexsmobs-2.1.14-neoforge+1.21.1.jar::data/alexsmobs/loot_table/gameplay/seal_reward.json; evidence-am/decompiled-full/com/github/alexthe666/alexsmobs/entity/EntitySeal.java,[Receitas vanilla1.21.1](lote-final-2026-10-06/receitas-vanilla.json)
Seal,Alex’s Mobs Continued,Criatura Animal; alvos: EntityFlyingFish,BiomeConfig padrão: (#minecraft:is_beach) OU (#minecraft:is_overworld E #minecraft:is_ocean E #forge:is_cold/overworld) OU (terralith:gravel_beach) OU (biomesoplenty:dune_beach) OU (minecraft:stony_shore); grupos alternativos; entradas externas só se biomas existirem. Fonte: evidence-am/decompiled-full/com/github/alexthe666/alexsmobs/config/BiomeConfig.java → evidence-am/decompiled-full/com/github/alexthe666/alexsmobs/config/DefaultBiomes.java; configuração efetiva do servidor não confirmada.,Busca de tesouro com mob vivo,minecraft:brain_coral_block,1,"Seal alimentada com3 itens de comida, feederUUID válido, sem combate/revenge e fundo aquático cavável; busca100ticks e devolve ao jogador; pool1: 1 sorteio(s); reposição se múltiplos rolls; peso bruto 1/310; normaliza apenas entradas elegíveis","Bloco/planta vanilla1.21.1 para colocação, construção ou cultivo; comportamento específico conforme registro/bloco vanilla",Alta no recurso/registro/classe citados; condições efetivas do pack não confirmadas,/images/bestiary/audited/am/seal.png,com/github/alexthe666/alexsmobs/client/model/ModelSeal.class; com/github/alexthe666/alexsmobs/client/render/RenderSeal.class; assets/alexsmobs/textures/entity/seal/seal_arctic_1.png; com/github/alexthe666/alexsmobs/ClientProxy.class; com/github/alexthe666/alexsmobs/citadel/client/model/AdvancedEntityModel.class; com/github/alexthe666/alexsmobs/citadel/client/model/AdvancedModelBox.class; com/github/alexthe666/alexsmobs/client/render/RenderSeal$SealTearsLayer.class; com/github/alexthe666/alexsmobs/client/render/layer/LayerSealItem.class; com/github/alexthe666/alexsmobs/entity/AMEntityRegistry.class; output-am/proveniencia.json,evidence-am/alexsmobs-2.1.14-neoforge+1.21.1.jar::data/alexsmobs/loot_table/gameplay/seal_reward.json; evidence-am/decompiled-full/com/github/alexthe666/alexsmobs/entity/EntitySeal.java,[Receitas vanilla1.21.1](lote-final-2026-10-06/receitas-vanilla.json)
Seal,Alex’s Mobs Continued,Criatura Animal; alvos: EntityFlyingFish,BiomeConfig padrão: (#minecraft:is_beach) OU (#minecraft:is_overworld E #minecraft:is_ocean E #forge:is_cold/overworld) OU (terralith:gravel_beach) OU (biomesoplenty:dune_beach) OU (minecraft:stony_shore); grupos alternativos; entradas externas só se biomas existirem. Fonte: evidence-am/decompiled-full/com/github/alexthe666/alexsmobs/config/BiomeConfig.java → evidence-am/decompiled-full/com/github/alexthe666/alexsmobs/config/DefaultBiomes.java; configuração efetiva do servidor não confirmada.,Busca de tesouro com mob vivo,minecraft:bubble_coral_block,1,"Seal alimentada com3 itens de comida, feederUUID válido, sem combate/revenge e fundo aquático cavável; busca100ticks e devolve ao jogador; pool1: 1 sorteio(s); reposição se múltiplos rolls; peso bruto 1/310; normaliza apenas entradas elegíveis","Bloco/planta vanilla1.21.1 para colocação, construção ou cultivo; comportamento específico conforme registro/bloco vanilla",Alta no recurso/registro/classe citados; condições efetivas do pack não confirmadas,/images/bestiary/audited/am/seal.png,com/github/alexthe666/alexsmobs/client/model/ModelSeal.class; com/github/alexthe666/alexsmobs/client/render/RenderSeal.class; assets/alexsmobs/textures/entity/seal/seal_arctic_1.png; com/github/alexthe666/alexsmobs/ClientProxy.class; com/github/alexthe666/alexsmobs/citadel/client/model/AdvancedEntityModel.class; com/github/alexthe666/alexsmobs/citadel/client/model/AdvancedModelBox.class; com/github/alexthe666/alexsmobs/client/render/RenderSeal$SealTearsLayer.class; com/github/alexthe666/alexsmobs/client/render/layer/LayerSealItem.class; com/github/alexthe666/alexsmobs/entity/AMEntityRegistry.class; output-am/proveniencia.json,evidence-am/alexsmobs-2.1.14-neoforge+1.21.1.jar::data/alexsmobs/loot_table/gameplay/seal_reward.json; evidence-am/decompiled-full/com/github/alexthe666/alexsmobs/entity/EntitySeal.java,[Receitas vanilla1.21.1](lote-final-2026-10-06/receitas-vanilla.json)
Seal,Alex’s Mobs Continued,Criatura Animal; alvos: EntityFlyingFish,BiomeConfig padrão: (#minecraft:is_beach) OU (#minecraft:is_overworld E #minecraft:is_ocean E #forge:is_cold/overworld) OU (terralith:gravel_beach) OU (biomesoplenty:dune_beach) OU (minecraft:stony_shore); grupos alternativos; entradas externas só se biomas existirem. Fonte: evidence-am/decompiled-full/com/github/alexthe666/alexsmobs/config/BiomeConfig.java → evidence-am/decompiled-full/com/github/alexthe666/alexsmobs/config/DefaultBiomes.java; configuração efetiva do servidor não confirmada.,Busca de tesouro com mob vivo,minecraft:fire_coral_block,1,"Seal alimentada com3 itens de comida, feederUUID válido, sem combate/revenge e fundo aquático cavável; busca100ticks e devolve ao jogador; pool1: 1 sorteio(s); reposição se múltiplos rolls; peso bruto 1/310; normaliza apenas entradas elegíveis","Bloco/planta vanilla1.21.1 para colocação, construção ou cultivo; comportamento específico conforme registro/bloco vanilla",Alta no recurso/registro/classe citados; condições efetivas do pack não confirmadas,/images/bestiary/audited/am/seal.png,com/github/alexthe666/alexsmobs/client/model/ModelSeal.class; com/github/alexthe666/alexsmobs/client/render/RenderSeal.class; assets/alexsmobs/textures/entity/seal/seal_arctic_1.png; com/github/alexthe666/alexsmobs/ClientProxy.class; com/github/alexthe666/alexsmobs/citadel/client/model/AdvancedEntityModel.class; com/github/alexthe666/alexsmobs/citadel/client/model/AdvancedModelBox.class; com/github/alexthe666/alexsmobs/client/render/RenderSeal$SealTearsLayer.class; com/github/alexthe666/alexsmobs/client/render/layer/LayerSealItem.class; com/github/alexthe666/alexsmobs/entity/AMEntityRegistry.class; output-am/proveniencia.json,evidence-am/alexsmobs-2.1.14-neoforge+1.21.1.jar::data/alexsmobs/loot_table/gameplay/seal_reward.json; evidence-am/decompiled-full/com/github/alexthe666/alexsmobs/entity/EntitySeal.java,[Receitas vanilla1.21.1](lote-final-2026-10-06/receitas-vanilla.json)
Seal,Alex’s Mobs Continued,Criatura Animal; alvos: EntityFlyingFish,BiomeConfig padrão: (#minecraft:is_beach) OU (#minecraft:is_overworld E #minecraft:is_ocean E #forge:is_cold/overworld) OU (terralith:gravel_beach) OU (biomesoplenty:dune_beach) OU (minecraft:stony_shore); grupos alternativos; entradas externas só se biomas existirem. Fonte: evidence-am/decompiled-full/com/github/alexthe666/alexsmobs/config/BiomeConfig.java → evidence-am/decompiled-full/com/github/alexthe666/alexsmobs/config/DefaultBiomes.java; configuração efetiva do servidor não confirmada.,Busca de tesouro com mob vivo,minecraft:horn_coral_block,1,"Seal alimentada com3 itens de comida, feederUUID válido, sem combate/revenge e fundo aquático cavável; busca100ticks e devolve ao jogador; pool1: 1 sorteio(s); reposição se múltiplos rolls; peso bruto 1/310; normaliza apenas entradas elegíveis","Bloco/planta vanilla1.21.1 para colocação, construção ou cultivo; comportamento específico conforme registro/bloco vanilla",Alta no recurso/registro/classe citados; condições efetivas do pack não confirmadas,/images/bestiary/audited/am/seal.png,com/github/alexthe666/alexsmobs/client/model/ModelSeal.class; com/github/alexthe666/alexsmobs/client/render/RenderSeal.class; assets/alexsmobs/textures/entity/seal/seal_arctic_1.png; com/github/alexthe666/alexsmobs/ClientProxy.class; com/github/alexthe666/alexsmobs/citadel/client/model/AdvancedEntityModel.class; com/github/alexthe666/alexsmobs/citadel/client/model/AdvancedModelBox.class; com/github/alexthe666/alexsmobs/client/render/RenderSeal$SealTearsLayer.class; com/github/alexthe666/alexsmobs/client/render/layer/LayerSealItem.class; com/github/alexthe666/alexsmobs/entity/AMEntityRegistry.class; output-am/proveniencia.json,evidence-am/alexsmobs-2.1.14-neoforge+1.21.1.jar::data/alexsmobs/loot_table/gameplay/seal_reward.json; evidence-am/decompiled-full/com/github/alexthe666/alexsmobs/entity/EntitySeal.java,[Receitas vanilla1.21.1](lote-final-2026-10-06/receitas-vanilla.json)
Seal,Alex’s Mobs Continued,Criatura Animal; alvos: EntityFlyingFish,BiomeConfig padrão: (#minecraft:is_beach) OU (#minecraft:is_overworld E #minecraft:is_ocean E #forge:is_cold/overworld) OU (terralith:gravel_beach) OU (biomesoplenty:dune_beach) OU (minecraft:stony_shore); grupos alternativos; entradas externas só se biomas existirem. Fonte: evidence-am/decompiled-full/com/github/alexthe666/alexsmobs/config/BiomeConfig.java → evidence-am/decompiled-full/com/github/alexthe666/alexsmobs/config/DefaultBiomes.java; configuração efetiva do servidor não confirmada.,Busca de tesouro com mob vivo,alexsmobs:lobster_bucket,1,"Seal alimentada com3 itens de comida, feederUUID válido, sem combate/revenge e fundo aquático cavável; busca100ticks e devolve ao jogador; pool1: 1 sorteio(s); reposição se múltiplos rolls; peso bruto 2/310; normaliza apenas entradas elegíveis",Balde/recipiente da classe ItemModFishBucket; transportar e liberar líquido/criatura correspondente,Alta no recurso/registro/classe citados; condições efetivas do pack não confirmadas,/images/bestiary/audited/am/seal.png,com/github/alexthe666/alexsmobs/client/model/ModelSeal.class; com/github/alexthe666/alexsmobs/client/render/RenderSeal.class; assets/alexsmobs/textures/entity/seal/seal_arctic_1.png; com/github/alexthe666/alexsmobs/ClientProxy.class; com/github/alexthe666/alexsmobs/citadel/client/model/AdvancedEntityModel.class; com/github/alexthe666/alexsmobs/citadel/client/model/AdvancedModelBox.class; com/github/alexthe666/alexsmobs/client/render/RenderSeal$SealTearsLayer.class; com/github/alexthe666/alexsmobs/client/render/layer/LayerSealItem.class; com/github/alexthe666/alexsmobs/entity/AMEntityRegistry.class; output-am/proveniencia.json,evidence-am/alexsmobs-2.1.14-neoforge+1.21.1.jar::data/alexsmobs/loot_table/gameplay/seal_reward.json; evidence-am/decompiled-full/com/github/alexthe666/alexsmobs/entity/EntitySeal.java; evidence-am/decompiled-full/com/github/alexthe666/alexsmobs/item/AMItemRegistry.java; registros-usos-itens.json#alexsmobs:lobster_bucket,Não aplicável: uso direto ou nenhuma receita identificada na build
Seal,Alex’s Mobs Continued,Criatura Animal; alvos: EntityFlyingFish,BiomeConfig padrão: (#minecraft:is_beach) OU (#minecraft:is_overworld E #minecraft:is_ocean E #forge:is_cold/overworld) OU (terralith:gravel_beach) OU (biomesoplenty:dune_beach) OU (minecraft:stony_shore); grupos alternativos; entradas externas só se biomas existirem. Fonte: evidence-am/decompiled-full/com/github/alexthe666/alexsmobs/config/BiomeConfig.java → evidence-am/decompiled-full/com/github/alexthe666/alexsmobs/config/DefaultBiomes.java; configuração efetiva do servidor não confirmada.,Busca de tesouro com mob vivo,alexsmobs:music_disc_thime,1,"Seal alimentada com3 itens de comida, feederUUID válido, sem combate/revenge e fundo aquático cavável; busca100ticks e devolve ao jogador; pool1: 1 sorteio(s); reposição se múltiplos rolls; peso bruto 2/310; normaliza apenas entradas elegíveis",Disco musical da build para jukebox,Alta nos arquivos versionados; configurações/datapacks externos não confirmados,/images/bestiary/audited/am/seal.png,com/github/alexthe666/alexsmobs/client/model/ModelSeal.class; com/github/alexthe666/alexsmobs/client/render/RenderSeal.class; assets/alexsmobs/textures/entity/seal/seal_arctic_1.png; com/github/alexthe666/alexsmobs/ClientProxy.class; com/github/alexthe666/alexsmobs/citadel/client/model/AdvancedEntityModel.class; com/github/alexthe666/alexsmobs/citadel/client/model/AdvancedModelBox.class; com/github/alexthe666/alexsmobs/client/render/RenderSeal$SealTearsLayer.class; com/github/alexthe666/alexsmobs/client/render/layer/LayerSealItem.class; com/github/alexthe666/alexsmobs/entity/AMEntityRegistry.class; output-am/proveniencia.json,evidence-am/alexsmobs-2.1.14-neoforge+1.21.1.jar::data/alexsmobs/loot_table/gameplay/seal_reward.json; evidence-am/decompiled-full/com/github/alexthe666/alexsmobs/entity/EntitySeal.java; evidence-am/decompiled-full/com/github/alexthe666/alexsmobs/item/AMItemRegistry.java; registros-usos-itens.json#alexsmobs:music_disc_thime,Não aplicável: uso direto ou nenhuma receita identificada na build
Seal,Alex’s Mobs Continued,Criatura Animal; alvos: EntityFlyingFish,BiomeConfig padrão: (#minecraft:is_beach) OU (#minecraft:is_overworld E #minecraft:is_ocean E #forge:is_cold/overworld) OU (terralith:gravel_beach) OU (biomesoplenty:dune_beach) OU (minecraft:stony_shore); grupos alternativos; entradas externas só se biomas existirem. Fonte: evidence-am/decompiled-full/com/github/alexthe666/alexsmobs/config/BiomeConfig.java → evidence-am/decompiled-full/com/github/alexthe666/alexsmobs/config/DefaultBiomes.java; configuração efetiva do servidor não confirmada.,Busca de tesouro com mob vivo,minecraft:wet_sponge,1–2,"Seal alimentada com3 itens de comida, feederUUID válido, sem combate/revenge e fundo aquático cavável; busca100ticks e devolve ao jogador; pool1: 1 sorteio(s); reposição se múltiplos rolls; peso bruto 20/310; normaliza apenas entradas elegíveis; set_count",Ingrediente nas receitas vanilla1.21.1: {'id': 'minecraft:sponge'},Alta nos arquivos versionados; configurações/datapacks externos não confirmados,/images/bestiary/audited/am/seal.png,com/github/alexthe666/alexsmobs/client/model/ModelSeal.class; com/github/alexthe666/alexsmobs/client/render/RenderSeal.class; assets/alexsmobs/textures/entity/seal/seal_arctic_1.png; com/github/alexthe666/alexsmobs/ClientProxy.class; com/github/alexthe666/alexsmobs/citadel/client/model/AdvancedEntityModel.class; com/github/alexthe666/alexsmobs/citadel/client/model/AdvancedModelBox.class; com/github/alexthe666/alexsmobs/client/render/RenderSeal$SealTearsLayer.class; com/github/alexthe666/alexsmobs/client/render/layer/LayerSealItem.class; com/github/alexthe666/alexsmobs/entity/AMEntityRegistry.class; output-am/proveniencia.json,evidence-am/alexsmobs-2.1.14-neoforge+1.21.1.jar::data/alexsmobs/loot_table/gameplay/seal_reward.json; evidence-am/decompiled-full/com/github/alexthe666/alexsmobs/entity/EntitySeal.java,[Receitas vanilla1.21.1](lote-final-2026-10-06/receitas-vanilla.json)
Seal,Alex’s Mobs Continued,Criatura Animal; alvos: EntityFlyingFish,BiomeConfig padrão: (#minecraft:is_beach) OU (#minecraft:is_overworld E #minecraft:is_ocean E #forge:is_cold/overworld) OU (terralith:gravel_beach) OU (biomesoplenty:dune_beach) OU (minecraft:stony_shore); grupos alternativos; entradas externas só se biomas existirem. Fonte: evidence-am/decompiled-full/com/github/alexthe666/alexsmobs/config/BiomeConfig.java → evidence-am/decompiled-full/com/github/alexthe666/alexsmobs/config/DefaultBiomes.java; configuração efetiva do servidor não confirmada.,Busca de tesouro com mob vivo,minecraft:gravel,8–16,"Seal alimentada com3 itens de comida, feederUUID válido, sem combate/revenge e fundo aquático cavável; busca100ticks e devolve ao jogador; pool1: 1 sorteio(s); reposição se múltiplos rolls; peso bruto 40/310; normaliza apenas entradas elegíveis; set_count","Ingrediente nas receitas vanilla1.21.1: {'count': 8, 'id': 'minecraft:black_concrete_powder'}, {'count': 8, 'id': 'minecraft:blue_concrete_powder'}, {'count': 8, 'id': 'minecraft:brown_concrete_powder'}, {'count': 4, 'id': 'minecraft:coarse_dirt'}, {'count': 8, 'id': 'minecraft:cyan_concrete_powder'}, {'count': 8, 'id': 'minecraft:gray_concrete_powder'}, {'count': 8, 'id': 'minecraft:green_concrete_powder'}, {'count': 8, 'id': 'minecraft:light_blue_concrete_powder'}, {'count': 8, 'id': 'minecraft:light_gray_concrete_powder'}, {'count': 8, 'id': 'minecraft:lime_concrete_powder'}, {'count': 8, 'id': 'minecraft:magenta_concrete_powder'}, {'count': 8, 'id': 'minecraft:orange_concrete_powder'}, {'count': 8, 'id': 'minecraft:pink_concrete_powder'}, {'count': 8, 'id': 'minecraft:purple_concrete_powder'}, {'count': 8, 'id': 'minecraft:red_concrete_powder'}",Alta nos arquivos versionados; configurações/datapacks externos não confirmados,/images/bestiary/audited/am/seal.png,com/github/alexthe666/alexsmobs/client/model/ModelSeal.class; com/github/alexthe666/alexsmobs/client/render/RenderSeal.class; assets/alexsmobs/textures/entity/seal/seal_arctic_1.png; com/github/alexthe666/alexsmobs/ClientProxy.class; com/github/alexthe666/alexsmobs/citadel/client/model/AdvancedEntityModel.class; com/github/alexthe666/alexsmobs/citadel/client/model/AdvancedModelBox.class; com/github/alexthe666/alexsmobs/client/render/RenderSeal$SealTearsLayer.class; com/github/alexthe666/alexsmobs/client/render/layer/LayerSealItem.class; com/github/alexthe666/alexsmobs/entity/AMEntityRegistry.class; output-am/proveniencia.json,evidence-am/alexsmobs-2.1.14-neoforge+1.21.1.jar::data/alexsmobs/loot_table/gameplay/seal_reward.json; evidence-am/decompiled-full/com/github/alexthe666/alexsmobs/entity/EntitySeal.java,[Receitas vanilla1.21.1](lote-final-2026-10-06/receitas-vanilla.json)
Cockroach,Alex’s Mobs Continued,Criatura Animal; comportamento definido na classe e herança citadas,BiomeConfig padrão: (#minecraft:is_overworld E NÃO #minecraft:is_ocean E NÃO #forge:is_mushroom E NÃO minecraft:deep_dark) OU (terralith:cave/andesite_caves) OU (terralith:cave/desert_caves) OU (terralith:cave/diorite_caves) OU (terralith:cave/granite_caves) OU (terralith:cave/ice_caves) OU (terralith:cave/infested_caves) OU (terralith:cave/thermal_caves) OU (terralith:cave/crystal_caves) OU (terralith:cave/frostfire_caves) OU (terralith:cave/mantle_caves) OU (terralith:cave/deep_caves) OU (terralith:cave/tuff_caves); grupos alternativos; entradas externas só se biomas existirem. Fonte: evidence-am/decompiled-full/com/github/alexthe666/alexsmobs/config/BiomeConfig.java → evidence-am/decompiled-full/com/github/alexthe666/alexsmobs/config/DefaultBiomes.java; configuração efetiva do servidor não confirmada.,Loot de morte,alexsmobs:cockroach_wing_fragment,0–1,Loot condicionado ao caminho de morte; herança/interações/variantes fora deste pool separadas; pool1: 1 sorteio(s); reposição se múltiplos rolls; peso bruto 1/1; normaliza apenas entradas elegíveis; set_count; Saque minecraft:looting: bônus Math.round(nível × sorteio 0–1); limite sem limite explícito; tabela base apenas quando nenhum estado alternativo ativo em EntityCockroach.getDefaultLootTable,"Ingrediente nas receitas auditadas: {'id': 'alexsmobs:cockroach_wing', 'count': 1}",Alta nos arquivos versionados; configurações/datapacks externos não confirmados,/images/bestiary/audited/am/cockroach.png,com/github/alexthe666/alexsmobs/client/model/ModelCockroach.class; com/github/alexthe666/alexsmobs/client/render/RenderCockroach.class; assets/alexsmobs/textures/entity/cockroach.png; com/github/alexthe666/alexsmobs/ClientProxy.class; com/github/alexthe666/alexsmobs/citadel/client/model/AdvancedEntityModel.class; com/github/alexthe666/alexsmobs/citadel/client/model/AdvancedModelBox.class; com/github/alexthe666/alexsmobs/client/render/layer/LayerCockroachMaracas.class; com/github/alexthe666/alexsmobs/entity/AMEntityRegistry.class; output-am/proveniencia.json,evidence-am/alexsmobs-2.1.14-neoforge+1.21.1.jar::data/alexsmobs/loot_table/entities/cockroach.json; evidence-am/decompiled-full/com/github/alexthe666/alexsmobs/entity/EntityCockroach.java; evidence-am/decompiled-full/com/github/alexthe666/alexsmobs/item/AMItemRegistry.java; registros-usos-itens.json#alexsmobs:cockroach_wing_fragment,/bestiary/receitas/am.html#receita-cockroach-wing | [Receita cockroach_wing](lote-final-2026-10-06/am-cards-2026-10-06.md#receita-cockroach-wing) — data/alexsmobs/recipe/cockroach_wing.json
Cockroach,Alex’s Mobs Continued,Criatura Animal; comportamento definido na classe e herança citadas,BiomeConfig padrão: (#minecraft:is_overworld E NÃO #minecraft:is_ocean E NÃO #forge:is_mushroom E NÃO minecraft:deep_dark) OU (terralith:cave/andesite_caves) OU (terralith:cave/desert_caves) OU (terralith:cave/diorite_caves) OU (terralith:cave/granite_caves) OU (terralith:cave/ice_caves) OU (terralith:cave/infested_caves) OU (terralith:cave/thermal_caves) OU (terralith:cave/crystal_caves) OU (terralith:cave/frostfire_caves) OU (terralith:cave/mantle_caves) OU (terralith:cave/deep_caves) OU (terralith:cave/tuff_caves); grupos alternativos; entradas externas só se biomas existirem. Fonte: evidence-am/decompiled-full/com/github/alexthe666/alexsmobs/config/BiomeConfig.java → evidence-am/decompiled-full/com/github/alexthe666/alexsmobs/config/DefaultBiomes.java; configuração efetiva do servidor não confirmada.,Loot de morte alternativo,alexsmobs:cockroach_wing_fragment,0–1,hasMaracas && !isHeadless; tabela selecionada pela classe substitui a base; não somar pools; pool1: 1 sorteio(s); reposição se múltiplos rolls; peso bruto 1/1; normaliza apenas entradas elegíveis; set_count; Saque minecraft:looting: bônus Math.round(nível × sorteio 0–1); limite sem limite explícito,"Ingrediente nas receitas auditadas: {'id': 'alexsmobs:cockroach_wing', 'count': 1}",Alta nos arquivos versionados; configurações/datapacks externos não confirmados,/images/bestiary/audited/am/cockroach.png,com/github/alexthe666/alexsmobs/client/model/ModelCockroach.class; com/github/alexthe666/alexsmobs/client/render/RenderCockroach.class; assets/alexsmobs/textures/entity/cockroach.png; com/github/alexthe666/alexsmobs/ClientProxy.class; com/github/alexthe666/alexsmobs/citadel/client/model/AdvancedEntityModel.class; com/github/alexthe666/alexsmobs/citadel/client/model/AdvancedModelBox.class; com/github/alexthe666/alexsmobs/client/render/layer/LayerCockroachMaracas.class; com/github/alexthe666/alexsmobs/entity/AMEntityRegistry.class; output-am/proveniencia.json,evidence-am/alexsmobs-2.1.14-neoforge+1.21.1.jar::data/alexsmobs/loot_table/entities/cockroach_maracas.json; evidence-am/decompiled-full/com/github/alexthe666/alexsmobs/entity/EntityCockroach.java; evidence-am/decompiled-full/com/github/alexthe666/alexsmobs/item/AMItemRegistry.java; registros-usos-itens.json#alexsmobs:cockroach_wing_fragment,/bestiary/receitas/am.html#receita-cockroach-wing | [Receita cockroach_wing](lote-final-2026-10-06/am-cards-2026-10-06.md#receita-cockroach-wing) — data/alexsmobs/recipe/cockroach_wing.json
Cockroach,Alex’s Mobs Continued,Criatura Animal; comportamento definido na classe e herança citadas,BiomeConfig padrão: (#minecraft:is_overworld E NÃO #minecraft:is_ocean E NÃO #forge:is_mushroom E NÃO minecraft:deep_dark) OU (terralith:cave/andesite_caves) OU (terralith:cave/desert_caves) OU (terralith:cave/diorite_caves) OU (terralith:cave/granite_caves) OU (terralith:cave/ice_caves) OU (terralith:cave/infested_caves) OU (terralith:cave/thermal_caves) OU (terralith:cave/crystal_caves) OU (terralith:cave/frostfire_caves) OU (terralith:cave/mantle_caves) OU (terralith:cave/deep_caves) OU (terralith:cave/tuff_caves); grupos alternativos; entradas externas só se biomas existirem. Fonte: evidence-am/decompiled-full/com/github/alexthe666/alexsmobs/config/BiomeConfig.java → evidence-am/decompiled-full/com/github/alexthe666/alexsmobs/config/DefaultBiomes.java; configuração efetiva do servidor não confirmada.,Loot de morte alternativo,alexsmobs:sombrero,1,"hasMaracas && !isHeadless; tabela selecionada pela classe substitui a base; não somar pools; pool2: 1 sorteio(s); reposição se múltiplos rolls; sem Saque 20%; Saque I 21%, +1 p.p./nível acima de I; peso bruto 1/1; normaliza apenas entradas elegíveis",Chapéu equipável; pode provocar Sea Bear em1ºdeabril quando na água e inseguro (ServerEvents),Alta no recurso/registro/classe citados; condições efetivas do pack não confirmadas,/images/bestiary/audited/am/cockroach.png,com/github/alexthe666/alexsmobs/client/model/ModelCockroach.class; com/github/alexthe666/alexsmobs/client/render/RenderCockroach.class; assets/alexsmobs/textures/entity/cockroach.png; com/github/alexthe666/alexsmobs/ClientProxy.class; com/github/alexthe666/alexsmobs/citadel/client/model/AdvancedEntityModel.class; com/github/alexthe666/alexsmobs/citadel/client/model/AdvancedModelBox.class; com/github/alexthe666/alexsmobs/client/render/layer/LayerCockroachMaracas.class; com/github/alexthe666/alexsmobs/entity/AMEntityRegistry.class; output-am/proveniencia.json,evidence-am/alexsmobs-2.1.14-neoforge+1.21.1.jar::data/alexsmobs/loot_table/entities/cockroach_maracas.json; evidence-am/decompiled-full/com/github/alexthe666/alexsmobs/entity/EntityCockroach.java; evidence-am/decompiled-full/com/github/alexthe666/alexsmobs/item/AMItemRegistry.java; registros-usos-itens.json#alexsmobs:sombrero,Não aplicável: uso direto ou nenhuma receita identificada na build
Cockroach,Alex’s Mobs Continued,Criatura Animal; comportamento definido na classe e herança citadas,BiomeConfig padrão: (#minecraft:is_overworld E NÃO #minecraft:is_ocean E NÃO #forge:is_mushroom E NÃO minecraft:deep_dark) OU (terralith:cave/andesite_caves) OU (terralith:cave/desert_caves) OU (terralith:cave/diorite_caves) OU (terralith:cave/granite_caves) OU (terralith:cave/ice_caves) OU (terralith:cave/infested_caves) OU (terralith:cave/thermal_caves) OU (terralith:cave/crystal_caves) OU (terralith:cave/frostfire_caves) OU (terralith:cave/mantle_caves) OU (terralith:cave/deep_caves) OU (terralith:cave/tuff_caves); grupos alternativos; entradas externas só se biomas existirem. Fonte: evidence-am/decompiled-full/com/github/alexthe666/alexsmobs/config/BiomeConfig.java → evidence-am/decompiled-full/com/github/alexthe666/alexsmobs/config/DefaultBiomes.java; configuração efetiva do servidor não confirmada.,Loot de morte alternativo,alexsmobs:maraca,1–1,hasMaracas && !isHeadless; tabela selecionada pela classe substitui a base; não somar pools; pool3: 1 sorteio(s); reposição se múltiplos rolls; peso bruto 1/1; normaliza apenas entradas elegíveis; set_count,Dar a Cockroach habilita dança La Cucaracha; recuperável por interação e tabelas alternativas,Alta no recurso/registro/classe citados; condições efetivas do pack não confirmadas,/images/bestiary/audited/am/cockroach.png,com/github/alexthe666/alexsmobs/client/model/ModelCockroach.class; com/github/alexthe666/alexsmobs/client/render/RenderCockroach.class; assets/alexsmobs/textures/entity/cockroach.png; com/github/alexthe666/alexsmobs/ClientProxy.class; com/github/alexthe666/alexsmobs/citadel/client/model/AdvancedEntityModel.class; com/github/alexthe666/alexsmobs/citadel/client/model/AdvancedModelBox.class; com/github/alexthe666/alexsmobs/client/render/layer/LayerCockroachMaracas.class; com/github/alexthe666/alexsmobs/entity/AMEntityRegistry.class; output-am/proveniencia.json,evidence-am/alexsmobs-2.1.14-neoforge+1.21.1.jar::data/alexsmobs/loot_table/entities/cockroach_maracas.json; evidence-am/decompiled-full/com/github/alexthe666/alexsmobs/entity/EntityCockroach.java; evidence-am/decompiled-full/com/github/alexthe666/alexsmobs/item/AMItemRegistry.java; registros-usos-itens.json#alexsmobs:maraca,Não aplicável: uso direto ou nenhuma receita identificada na build
Cockroach,Alex’s Mobs Continued,Criatura Animal; comportamento definido na classe e herança citadas,BiomeConfig padrão: (#minecraft:is_overworld E NÃO #minecraft:is_ocean E NÃO #forge:is_mushroom E NÃO minecraft:deep_dark) OU (terralith:cave/andesite_caves) OU (terralith:cave/desert_caves) OU (terralith:cave/diorite_caves) OU (terralith:cave/granite_caves) OU (terralith:cave/ice_caves) OU (terralith:cave/infested_caves) OU (terralith:cave/thermal_caves) OU (terralith:cave/crystal_caves) OU (terralith:cave/frostfire_caves) OU (terralith:cave/mantle_caves) OU (terralith:cave/deep_caves) OU (terralith:cave/tuff_caves); grupos alternativos; entradas externas só se biomas existirem. Fonte: evidence-am/decompiled-full/com/github/alexthe666/alexsmobs/config/BiomeConfig.java → evidence-am/decompiled-full/com/github/alexthe666/alexsmobs/config/DefaultBiomes.java; configuração efetiva do servidor não confirmada.,Loot de morte alternativo,alexsmobs:cockroach_wing_fragment,0–1,hasMaracas && isHeadless; tabela selecionada pela classe substitui a base; não somar pools; pool1: 1 sorteio(s); reposição se múltiplos rolls; peso bruto 1/1; normaliza apenas entradas elegíveis; set_count; Saque minecraft:looting: bônus Math.round(nível × sorteio 0–1); limite sem limite explícito,"Ingrediente nas receitas auditadas: {'id': 'alexsmobs:cockroach_wing', 'count': 1}",Alta nos arquivos versionados; configurações/datapacks externos não confirmados,/images/bestiary/audited/am/cockroach.png,com/github/alexthe666/alexsmobs/client/model/ModelCockroach.class; com/github/alexthe666/alexsmobs/client/render/RenderCockroach.class; assets/alexsmobs/textures/entity/cockroach.png; com/github/alexthe666/alexsmobs/ClientProxy.class; com/github/alexthe666/alexsmobs/citadel/client/model/AdvancedEntityModel.class; com/github/alexthe666/alexsmobs/citadel/client/model/AdvancedModelBox.class; com/github/alexthe666/alexsmobs/client/render/layer/LayerCockroachMaracas.class; com/github/alexthe666/alexsmobs/entity/AMEntityRegistry.class; output-am/proveniencia.json,evidence-am/alexsmobs-2.1.14-neoforge+1.21.1.jar::data/alexsmobs/loot_table/entities/cockroach_maracas_headless.json; evidence-am/decompiled-full/com/github/alexthe666/alexsmobs/entity/EntityCockroach.java; evidence-am/decompiled-full/com/github/alexthe666/alexsmobs/item/AMItemRegistry.java; registros-usos-itens.json#alexsmobs:cockroach_wing_fragment,/bestiary/receitas/am.html#receita-cockroach-wing | [Receita cockroach_wing](lote-final-2026-10-06/am-cards-2026-10-06.md#receita-cockroach-wing) — data/alexsmobs/recipe/cockroach_wing.json
Cockroach,Alex’s Mobs Continued,Criatura Animal; comportamento definido na classe e herança citadas,BiomeConfig padrão: (#minecraft:is_overworld E NÃO #minecraft:is_ocean E NÃO #forge:is_mushroom E NÃO minecraft:deep_dark) OU (terralith:cave/andesite_caves) OU (terralith:cave/desert_caves) OU (terralith:cave/diorite_caves) OU (terralith:cave/granite_caves) OU (terralith:cave/ice_caves) OU (terralith:cave/infested_caves) OU (terralith:cave/thermal_caves) OU (terralith:cave/crystal_caves) OU (terralith:cave/frostfire_caves) OU (terralith:cave/mantle_caves) OU (terralith:cave/deep_caves) OU (terralith:cave/tuff_caves); grupos alternativos; entradas externas só se biomas existirem. Fonte: evidence-am/decompiled-full/com/github/alexthe666/alexsmobs/config/BiomeConfig.java → evidence-am/decompiled-full/com/github/alexthe666/alexsmobs/config/DefaultBiomes.java; configuração efetiva do servidor não confirmada.,Loot de morte alternativo,alexsmobs:maraca,1–1,hasMaracas && isHeadless; tabela selecionada pela classe substitui a base; não somar pools; pool2: 1 sorteio(s); reposição se múltiplos rolls; peso bruto 1/1; normaliza apenas entradas elegíveis; set_count,Dar a Cockroach habilita dança La Cucaracha; recuperável por interação e tabelas alternativas,Alta no recurso/registro/classe citados; condições efetivas do pack não confirmadas,/images/bestiary/audited/am/cockroach.png,com/github/alexthe666/alexsmobs/client/model/ModelCockroach.class; com/github/alexthe666/alexsmobs/client/render/RenderCockroach.class; assets/alexsmobs/textures/entity/cockroach.png; com/github/alexthe666/alexsmobs/ClientProxy.class; com/github/alexthe666/alexsmobs/citadel/client/model/AdvancedEntityModel.class; com/github/alexthe666/alexsmobs/citadel/client/model/AdvancedModelBox.class; com/github/alexthe666/alexsmobs/client/render/layer/LayerCockroachMaracas.class; com/github/alexthe666/alexsmobs/entity/AMEntityRegistry.class; output-am/proveniencia.json,evidence-am/alexsmobs-2.1.14-neoforge+1.21.1.jar::data/alexsmobs/loot_table/entities/cockroach_maracas_headless.json; evidence-am/decompiled-full/com/github/alexthe666/alexsmobs/entity/EntityCockroach.java; evidence-am/decompiled-full/com/github/alexthe666/alexsmobs/item/AMItemRegistry.java; registros-usos-itens.json#alexsmobs:maraca,Não aplicável: uso direto ou nenhuma receita identificada na build
Cockroach,Alex’s Mobs Continued,Criatura Animal; comportamento definido na classe e herança citadas,BiomeConfig padrão: (#minecraft:is_overworld E NÃO #minecraft:is_ocean E NÃO #forge:is_mushroom E NÃO minecraft:deep_dark) OU (terralith:cave/andesite_caves) OU (terralith:cave/desert_caves) OU (terralith:cave/diorite_caves) OU (terralith:cave/granite_caves) OU (terralith:cave/ice_caves) OU (terralith:cave/infested_caves) OU (terralith:cave/thermal_caves) OU (terralith:cave/crystal_caves) OU (terralith:cave/frostfire_caves) OU (terralith:cave/mantle_caves) OU (terralith:cave/deep_caves) OU (terralith:cave/tuff_caves); grupos alternativos; entradas externas só se biomas existirem. Fonte: evidence-am/decompiled-full/com/github/alexthe666/alexsmobs/config/BiomeConfig.java → evidence-am/decompiled-full/com/github/alexthe666/alexsmobs/config/DefaultBiomes.java; configuração efetiva do servidor não confirmada.,Recompensa com mob vivo,alexsmobs:cockroach_ootheca,1,Adulto vivo; timer reseta24000+nextInt24000 ticks,Ooteca arremessável que pode gerar Cockroaches; ItemCockroachOotheca/projétil,Alta no recurso/registro/classe citados; condições efetivas do pack não confirmadas,/images/bestiary/audited/am/cockroach.png,com/github/alexthe666/alexsmobs/client/model/ModelCockroach.class; com/github/alexthe666/alexsmobs/client/render/RenderCockroach.class; assets/alexsmobs/textures/entity/cockroach.png; com/github/alexthe666/alexsmobs/ClientProxy.class; com/github/alexthe666/alexsmobs/citadel/client/model/AdvancedEntityModel.class; com/github/alexthe666/alexsmobs/citadel/client/model/AdvancedModelBox.class; com/github/alexthe666/alexsmobs/client/render/layer/LayerCockroachMaracas.class; com/github/alexthe666/alexsmobs/entity/AMEntityRegistry.class; output-am/proveniencia.json,/workspace/scratch/25006bff7ab5/evidence-am/decompiled-full/com/github/alexthe666/alexsmobs/entity/EntityCockroach.java; evidence-am/decompiled-full/com/github/alexthe666/alexsmobs/entity/EntityCockroach.java; evidence-am/decompiled-full/com/github/alexthe666/alexsmobs/item/AMItemRegistry.java; registros-usos-itens.json#alexsmobs:cockroach_ootheca,Não aplicável: uso direto ou nenhuma receita identificada na build
Shoebill,Alex’s Mobs Continued,"Criatura Animal; alvos: EntityAlligatorSnappingTurtle, Turtle, EntityCrocodile, EntityCaiman",BiomeConfig padrão: (#minecraft:is_overworld E #forge:is_swamp E NÃO minecraft:mangrove_swamp) OU (terralith:orchid_swamp) OU (terralith:red_oasis); grupos alternativos; entradas externas só se biomas existirem. Fonte: evidence-am/decompiled-full/com/github/alexthe666/alexsmobs/config/BiomeConfig.java → evidence-am/decompiled-full/com/github/alexthe666/alexsmobs/config/DefaultBiomes.java; configuração efetiva do servidor não confirmada.,Loot de morte,minecraft:feather,0–4,Loot condicionado ao caminho de morte; herança/interações/variantes fora deste pool separadas; pool1: 1 sorteio(s); reposição se múltiplos rolls; peso bruto 1/1; normaliza apenas entradas elegíveis; set_count; Saque minecraft:looting: bônus Math.round(nível × sorteio 0–1); limite sem limite explícito,Flechas; livro e pena,Alta nos arquivos versionados; configurações/datapacks externos não confirmados,/images/bestiary/audited/am/shoebill.png,com/github/alexthe666/alexsmobs/client/model/ModelShoebill.class; com/github/alexthe666/alexsmobs/client/render/RenderShoebill.class; assets/alexsmobs/textures/entity/shoebill.png; com/github/alexthe666/alexsmobs/ClientProxy.class; com/github/alexthe666/alexsmobs/citadel/client/model/AdvancedEntityModel.class; com/github/alexthe666/alexsmobs/citadel/client/model/AdvancedModelBox.class; com/github/alexthe666/alexsmobs/entity/AMEntityRegistry.class; output-am/proveniencia.json,evidence-am/alexsmobs-2.1.14-neoforge+1.21.1.jar::data/alexsmobs/loot_table/entities/shoebill.json; evidence-am/decompiled-full/com/github/alexthe666/alexsmobs/entity/EntityShoebill.java,[Receitas vanilla1.21.1](lote-final-2026-10-06/receitas-vanilla.json)
Shoebill,Alex’s Mobs Continued,"Criatura Animal; alvos: EntityAlligatorSnappingTurtle, Turtle, EntityCrocodile, EntityCaiman",BiomeConfig padrão: (#minecraft:is_overworld E #forge:is_swamp E NÃO minecraft:mangrove_swamp) OU (terralith:orchid_swamp) OU (terralith:red_oasis); grupos alternativos; entradas externas só se biomas existirem. Fonte: evidence-am/decompiled-full/com/github/alexthe666/alexsmobs/config/BiomeConfig.java → evidence-am/decompiled-full/com/github/alexthe666/alexsmobs/config/DefaultBiomes.java; configuração efetiva do servidor não confirmada.,Pesca com Shoebill vivo,minecraft:lily_pad,1,"ShoebillAIFish.spawnFishingLoot; luck=0.5*luckLevel, LootParams sem TOOL/ORIGIN, param set vazio. Predicados dependentes de TOOL (tesouro/openwater) não satisfeitos; tabela vanilla1.21.1, pesos/bonusLuck condicionais preservados. Não equivale a pesca com vara.; pool1: 1 sorteio(s); reposição se múltiplos rolls; peso bruto 10/100; normaliza apenas entradas elegíveis; pool1: 1 sorteio(s); reposição se múltiplos rolls; peso bruto 17/110; normaliza apenas entradas elegíveis","Bloco/planta vanilla1.21.1 para colocação, construção ou cultivo; comportamento específico conforme registro/bloco vanilla",Alta nos arquivos versionados; configurações/datapacks externos não confirmados,/images/bestiary/audited/am/shoebill.png,com/github/alexthe666/alexsmobs/client/model/ModelShoebill.class; com/github/alexthe666/alexsmobs/client/render/RenderShoebill.class; assets/alexsmobs/textures/entity/shoebill.png; com/github/alexthe666/alexsmobs/ClientProxy.class; com/github/alexthe666/alexsmobs/citadel/client/model/AdvancedEntityModel.class; com/github/alexthe666/alexsmobs/citadel/client/model/AdvancedModelBox.class; com/github/alexthe666/alexsmobs/entity/AMEntityRegistry.class; output-am/proveniencia.json,evidence/minecraft-1.21.1-client.jar::data/minecraft/loot_table/gameplay/fishing/junk.json; evidence-am/decompiled-full/com/github/alexthe666/alexsmobs/entity/EntityShoebill.java,[Receitas vanilla1.21.1](lote-final-2026-10-06/receitas-vanilla.json)
Shoebill,Alex’s Mobs Continued,"Criatura Animal; alvos: EntityAlligatorSnappingTurtle, Turtle, EntityCrocodile, EntityCaiman",BiomeConfig padrão: (#minecraft:is_overworld E #forge:is_swamp E NÃO minecraft:mangrove_swamp) OU (terralith:orchid_swamp) OU (terralith:red_oasis); grupos alternativos; entradas externas só se biomas existirem. Fonte: evidence-am/decompiled-full/com/github/alexthe666/alexsmobs/config/BiomeConfig.java → evidence-am/decompiled-full/com/github/alexthe666/alexsmobs/config/DefaultBiomes.java; configuração efetiva do servidor não confirmada.,Pesca com Shoebill vivo,minecraft:leather_boots,1,"ShoebillAIFish.spawnFishingLoot; luck=0.5*luckLevel, LootParams sem TOOL/ORIGIN, param set vazio. Predicados dependentes de TOOL (tesouro/openwater) não satisfeitos; tabela vanilla1.21.1, pesos/bonusLuck condicionais preservados. Não equivale a pesca com vara.; pool1: 1 sorteio(s); reposição se múltiplos rolls; peso bruto 10/100; normaliza apenas entradas elegíveis; pool1: 1 sorteio(s); reposição se múltiplos rolls; peso bruto 10/110; normaliza apenas entradas elegíveis; {""add"": false, ""damage"": {""type"": ""minecraft:uniform"", ""max"": 0.9, ""min"": 0.0}, ""function"": ""minecraft:set_damage""}","Ingrediente nas receitas auditadas: {'id': 'alexsmobs:roadrunner_boots', 'count': 1}",Alta nos arquivos versionados; configurações/datapacks externos não confirmados,/images/bestiary/audited/am/shoebill.png,com/github/alexthe666/alexsmobs/client/model/ModelShoebill.class; com/github/alexthe666/alexsmobs/client/render/RenderShoebill.class; assets/alexsmobs/textures/entity/shoebill.png; com/github/alexthe666/alexsmobs/ClientProxy.class; com/github/alexthe666/alexsmobs/citadel/client/model/AdvancedEntityModel.class; com/github/alexthe666/alexsmobs/citadel/client/model/AdvancedModelBox.class; com/github/alexthe666/alexsmobs/entity/AMEntityRegistry.class; output-am/proveniencia.json,evidence/minecraft-1.21.1-client.jar::data/minecraft/loot_table/gameplay/fishing/junk.json; evidence-am/decompiled-full/com/github/alexthe666/alexsmobs/entity/EntityShoebill.java,/bestiary/receitas/am.html#receita-roadrunner-boots | [Receita roadrunner_boots](lote-final-2026-10-06/am-cards-2026-10-06.md#receita-roadrunner-boots) — data/alexsmobs/recipe/roadrunner_boots.json
Shoebill,Alex’s Mobs Continued,"Criatura Animal; alvos: EntityAlligatorSnappingTurtle, Turtle, EntityCrocodile, EntityCaiman",BiomeConfig padrão: (#minecraft:is_overworld E #forge:is_swamp E NÃO minecraft:mangrove_swamp) OU (terralith:orchid_swamp) OU (terralith:red_oasis); grupos alternativos; entradas externas só se biomas existirem. Fonte: evidence-am/decompiled-full/com/github/alexthe666/alexsmobs/config/BiomeConfig.java → evidence-am/decompiled-full/com/github/alexthe666/alexsmobs/config/DefaultBiomes.java; configuração efetiva do servidor não confirmada.,Pesca com Shoebill vivo,minecraft:leather,1,"ShoebillAIFish.spawnFishingLoot; luck=0.5*luckLevel, LootParams sem TOOL/ORIGIN, param set vazio. Predicados dependentes de TOOL (tesouro/openwater) não satisfeitos; tabela vanilla1.21.1, pesos/bonusLuck condicionais preservados. Não equivale a pesca com vara.; pool1: 1 sorteio(s); reposição se múltiplos rolls; peso bruto 10/100; normaliza apenas entradas elegíveis; pool1: 1 sorteio(s); reposição se múltiplos rolls; peso bruto 10/110; normaliza apenas entradas elegíveis","Ingrediente nas receitas auditadas: {'id': 'alexsmobs:falconry_glove', 'count': 1}, {'id': 'alexsmobs:falconry_hood', 'count': 1}, {'id': 'alexsmobs:falconry_hood', 'count': 1}, {'id': 'alexsmobs:pocket_sand', 'count': 1}",Alta nos arquivos versionados; configurações/datapacks externos não confirmados,/images/bestiary/audited/am/shoebill.png,com/github/alexthe666/alexsmobs/client/model/ModelShoebill.class; com/github/alexthe666/alexsmobs/client/render/RenderShoebill.class; assets/alexsmobs/textures/entity/shoebill.png; com/github/alexthe666/alexsmobs/ClientProxy.class; com/github/alexthe666/alexsmobs/citadel/client/model/AdvancedEntityModel.class; com/github/alexthe666/alexsmobs/citadel/client/model/AdvancedModelBox.class; com/github/alexthe666/alexsmobs/entity/AMEntityRegistry.class; output-am/proveniencia.json,evidence/minecraft-1.21.1-client.jar::data/minecraft/loot_table/gameplay/fishing/junk.json; evidence-am/decompiled-full/com/github/alexthe666/alexsmobs/entity/EntityShoebill.java,/bestiary/receitas/am.html#receita-falconry-glove | [Receita falconry_glove](lote-final-2026-10-06/am-cards-2026-10-06.md#receita-falconry-glove) — data/alexsmobs/recipe/falconry_glove.json; [Receita falconry_hood](lote-final-2026-10-06/am-cards-2026-10-06.md#receita-falconry-hood) — data/alexsmobs/recipe/falconry_hood.json; [Receita falconry_hood_alt](lote-final-2026-10-06/am-cards-2026-10-06.md#receita-falconry-hood-alt) — data/alexsmobs/recipe/falconry_hood_alt.json; [Receita pocket_sand](lote-final-2026-10-06/am-cards-2026-10-06.md#receita-pocket-sand) — data/alexsmobs/recipe/pocket_sand.json
Shoebill,Alex’s Mobs Continued,"Criatura Animal; alvos: EntityAlligatorSnappingTurtle, Turtle, EntityCrocodile, EntityCaiman",BiomeConfig padrão: (#minecraft:is_overworld E #forge:is_swamp E NÃO minecraft:mangrove_swamp) OU (terralith:orchid_swamp) OU (terralith:red_oasis); grupos alternativos; entradas externas só se biomas existirem. Fonte: evidence-am/decompiled-full/com/github/alexthe666/alexsmobs/config/BiomeConfig.java → evidence-am/decompiled-full/com/github/alexthe666/alexsmobs/config/DefaultBiomes.java; configuração efetiva do servidor não confirmada.,Pesca com Shoebill vivo,minecraft:bone,1,"ShoebillAIFish.spawnFishingLoot; luck=0.5*luckLevel, LootParams sem TOOL/ORIGIN, param set vazio. Predicados dependentes de TOOL (tesouro/openwater) não satisfeitos; tabela vanilla1.21.1, pesos/bonusLuck condicionais preservados. Não equivale a pesca com vara.; pool1: 1 sorteio(s); reposição se múltiplos rolls; peso bruto 10/100; normaliza apenas entradas elegíveis; pool1: 1 sorteio(s); reposição se múltiplos rolls; peso bruto 10/110; normaliza apenas entradas elegíveis",Ingrediente nas receitas auditadas: {'id': 'alexsmobs:sopa_de_macaco'},Alta nos arquivos versionados; configurações/datapacks externos não confirmados,/images/bestiary/audited/am/shoebill.png,com/github/alexthe666/alexsmobs/client/model/ModelShoebill.class; com/github/alexthe666/alexsmobs/client/render/RenderShoebill.class; assets/alexsmobs/textures/entity/shoebill.png; com/github/alexthe666/alexsmobs/ClientProxy.class; com/github/alexthe666/alexsmobs/citadel/client/model/AdvancedEntityModel.class; com/github/alexthe666/alexsmobs/citadel/client/model/AdvancedModelBox.class; com/github/alexthe666/alexsmobs/entity/AMEntityRegistry.class; output-am/proveniencia.json,evidence/minecraft-1.21.1-client.jar::data/minecraft/loot_table/gameplay/fishing/junk.json; evidence-am/decompiled-full/com/github/alexthe666/alexsmobs/entity/EntityShoebill.java,/bestiary/receitas/am.html#receita-sopa-de-macaco | [Receita sopa_de_macaco](lote-final-2026-10-06/am-cards-2026-10-06.md#receita-sopa-de-macaco) — data/alexsmobs/recipe/sopa_de_macaco.json
Shoebill,Alex’s Mobs Continued,"Criatura Animal; alvos: EntityAlligatorSnappingTurtle, Turtle, EntityCrocodile, EntityCaiman",BiomeConfig padrão: (#minecraft:is_overworld E #forge:is_swamp E NÃO minecraft:mangrove_swamp) OU (terralith:orchid_swamp) OU (terralith:red_oasis); grupos alternativos; entradas externas só se biomas existirem. Fonte: evidence-am/decompiled-full/com/github/alexthe666/alexsmobs/config/BiomeConfig.java → evidence-am/decompiled-full/com/github/alexthe666/alexsmobs/config/DefaultBiomes.java; configuração efetiva do servidor não confirmada.,Pesca com Shoebill vivo,minecraft:potion,1,"ShoebillAIFish.spawnFishingLoot; luck=0.5*luckLevel, LootParams sem TOOL/ORIGIN, param set vazio. Predicados dependentes de TOOL (tesouro/openwater) não satisfeitos; tabela vanilla1.21.1, pesos/bonusLuck condicionais preservados. Não equivale a pesca com vara.; pool1: 1 sorteio(s); reposição se múltiplos rolls; peso bruto 10/100; normaliza apenas entradas elegíveis; pool1: 1 sorteio(s); reposição se múltiplos rolls; peso bruto 10/110; normaliza apenas entradas elegíveis; poção minecraft:water",Consumível; efeito definido pelo componente Potion da linha,Alta nos arquivos versionados; configurações/datapacks externos não confirmados,/images/bestiary/audited/am/shoebill.png,com/github/alexthe666/alexsmobs/client/model/ModelShoebill.class; com/github/alexthe666/alexsmobs/client/render/RenderShoebill.class; assets/alexsmobs/textures/entity/shoebill.png; com/github/alexthe666/alexsmobs/ClientProxy.class; com/github/alexthe666/alexsmobs/citadel/client/model/AdvancedEntityModel.class; com/github/alexthe666/alexsmobs/citadel/client/model/AdvancedModelBox.class; com/github/alexthe666/alexsmobs/entity/AMEntityRegistry.class; output-am/proveniencia.json,evidence/minecraft-1.21.1-client.jar::data/minecraft/loot_table/gameplay/fishing/junk.json; evidence-am/decompiled-full/com/github/alexthe666/alexsmobs/entity/EntityShoebill.java,[Receitas vanilla1.21.1](lote-final-2026-10-06/receitas-vanilla.json)
Shoebill,Alex’s Mobs Continued,"Criatura Animal; alvos: EntityAlligatorSnappingTurtle, Turtle, EntityCrocodile, EntityCaiman",BiomeConfig padrão: (#minecraft:is_overworld E #forge:is_swamp E NÃO minecraft:mangrove_swamp) OU (terralith:orchid_swamp) OU (terralith:red_oasis); grupos alternativos; entradas externas só se biomas existirem. Fonte: evidence-am/decompiled-full/com/github/alexthe666/alexsmobs/config/BiomeConfig.java → evidence-am/decompiled-full/com/github/alexthe666/alexsmobs/config/DefaultBiomes.java; configuração efetiva do servidor não confirmada.,Pesca com Shoebill vivo,minecraft:string,1,"ShoebillAIFish.spawnFishingLoot; luck=0.5*luckLevel, LootParams sem TOOL/ORIGIN, param set vazio. Predicados dependentes de TOOL (tesouro/openwater) não satisfeitos; tabela vanilla1.21.1, pesos/bonusLuck condicionais preservados. Não equivale a pesca com vara.; pool1: 1 sorteio(s); reposição se múltiplos rolls; peso bruto 10/100; normaliza apenas entradas elegíveis; pool1: 1 sorteio(s); reposição se múltiplos rolls; peso bruto 5/110; normaliza apenas entradas elegíveis","Ingrediente nas receitas auditadas: {'id': 'alexsmobs:straddle_helmet', 'count': 1}",Alta nos arquivos versionados; configurações/datapacks externos não confirmados,/images/bestiary/audited/am/shoebill.png,com/github/alexthe666/alexsmobs/client/model/ModelShoebill.class; com/github/alexthe666/alexsmobs/client/render/RenderShoebill.class; assets/alexsmobs/textures/entity/shoebill.png; com/github/alexthe666/alexsmobs/ClientProxy.class; com/github/alexthe666/alexsmobs/citadel/client/model/AdvancedEntityModel.class; com/github/alexthe666/alexsmobs/citadel/client/model/AdvancedModelBox.class; com/github/alexthe666/alexsmobs/entity/AMEntityRegistry.class; output-am/proveniencia.json,evidence/minecraft-1.21.1-client.jar::data/minecraft/loot_table/gameplay/fishing/junk.json; evidence-am/decompiled-full/com/github/alexthe666/alexsmobs/entity/EntityShoebill.java,/bestiary/receitas/am.html#receita-straddle-helmet | [Receita straddle_helmet](lote-final-2026-10-06/am-cards-2026-10-06.md#receita-straddle-helmet) — data/alexsmobs/recipe/straddle_helmet.json
Shoebill,Alex’s Mobs Continued,"Criatura Animal; alvos: EntityAlligatorSnappingTurtle, Turtle, EntityCrocodile, EntityCaiman",BiomeConfig padrão: (#minecraft:is_overworld E #forge:is_swamp E NÃO minecraft:mangrove_swamp) OU (terralith:orchid_swamp) OU (terralith:red_oasis); grupos alternativos; entradas externas só se biomas existirem. Fonte: evidence-am/decompiled-full/com/github/alexthe666/alexsmobs/config/BiomeConfig.java → evidence-am/decompiled-full/com/github/alexthe666/alexsmobs/config/DefaultBiomes.java; configuração efetiva do servidor não confirmada.,Pesca com Shoebill vivo,minecraft:fishing_rod,1,"ShoebillAIFish.spawnFishingLoot; luck=0.5*luckLevel, LootParams sem TOOL/ORIGIN, param set vazio. Predicados dependentes de TOOL (tesouro/openwater) não satisfeitos; tabela vanilla1.21.1, pesos/bonusLuck condicionais preservados. Não equivale a pesca com vara.; pool1: 1 sorteio(s); reposição se múltiplos rolls; peso bruto 10/100; normaliza apenas entradas elegíveis; pool1: 1 sorteio(s); reposição se múltiplos rolls; peso bruto 2/110; normaliza apenas entradas elegíveis; {""add"": false, ""damage"": {""type"": ""minecraft:uniform"", ""max"": 0.9, ""min"": 0.0}, ""function"": ""minecraft:set_damage""}",Ingrediente nas receitas auditadas: {'id': 'alexsmobs:chorus_on_a_stick'},Alta nos arquivos versionados; configurações/datapacks externos não confirmados,/images/bestiary/audited/am/shoebill.png,com/github/alexthe666/alexsmobs/client/model/ModelShoebill.class; com/github/alexthe666/alexsmobs/client/render/RenderShoebill.class; assets/alexsmobs/textures/entity/shoebill.png; com/github/alexthe666/alexsmobs/ClientProxy.class; com/github/alexthe666/alexsmobs/citadel/client/model/AdvancedEntityModel.class; com/github/alexthe666/alexsmobs/citadel/client/model/AdvancedModelBox.class; com/github/alexthe666/alexsmobs/entity/AMEntityRegistry.class; output-am/proveniencia.json,evidence/minecraft-1.21.1-client.jar::data/minecraft/loot_table/gameplay/fishing/junk.json; evidence-am/decompiled-full/com/github/alexthe666/alexsmobs/entity/EntityShoebill.java,/bestiary/receitas/am.html#receita-chorus-on-a-stick | [Receita chorus_on_a_stick](lote-final-2026-10-06/am-cards-2026-10-06.md#receita-chorus-on-a-stick) — data/alexsmobs/recipe/chorus_on_a_stick.json
Shoebill,Alex’s Mobs Continued,"Criatura Animal; alvos: EntityAlligatorSnappingTurtle, Turtle, EntityCrocodile, EntityCaiman",BiomeConfig padrão: (#minecraft:is_overworld E #forge:is_swamp E NÃO minecraft:mangrove_swamp) OU (terralith:orchid_swamp) OU (terralith:red_oasis); grupos alternativos; entradas externas só se biomas existirem. Fonte: evidence-am/decompiled-full/com/github/alexthe666/alexsmobs/config/BiomeConfig.java → evidence-am/decompiled-full/com/github/alexthe666/alexsmobs/config/DefaultBiomes.java; configuração efetiva do servidor não confirmada.,Pesca com Shoebill vivo,minecraft:bowl,1,"ShoebillAIFish.spawnFishingLoot; luck=0.5*luckLevel, LootParams sem TOOL/ORIGIN, param set vazio. Predicados dependentes de TOOL (tesouro/openwater) não satisfeitos; tabela vanilla1.21.1, pesos/bonusLuck condicionais preservados. Não equivale a pesca com vara.; pool1: 1 sorteio(s); reposição se múltiplos rolls; peso bruto 10/100; normaliza apenas entradas elegíveis; pool1: 1 sorteio(s); reposição se múltiplos rolls; peso bruto 10/110; normaliza apenas entradas elegíveis","Ingrediente nas receitas auditadas: {'id': 'alexsmobs:mosquito_repellent_stew'}, {'id': 'alexsmobs:sopa_de_macaco'}",Alta nos arquivos versionados; configurações/datapacks externos não confirmados,/images/bestiary/audited/am/shoebill.png,com/github/alexthe666/alexsmobs/client/model/ModelShoebill.class; com/github/alexthe666/alexsmobs/client/render/RenderShoebill.class; assets/alexsmobs/textures/entity/shoebill.png; com/github/alexthe666/alexsmobs/ClientProxy.class; com/github/alexthe666/alexsmobs/citadel/client/model/AdvancedEntityModel.class; com/github/alexthe666/alexsmobs/citadel/client/model/AdvancedModelBox.class; com/github/alexthe666/alexsmobs/entity/AMEntityRegistry.class; output-am/proveniencia.json,evidence/minecraft-1.21.1-client.jar::data/minecraft/loot_table/gameplay/fishing/junk.json; evidence-am/decompiled-full/com/github/alexthe666/alexsmobs/entity/EntityShoebill.java,/bestiary/receitas/am.html#receita-mosquito-repellent-stew | [Receita mosquito_repellent_stew](lote-final-2026-10-06/am-cards-2026-10-06.md#receita-mosquito-repellent-stew) — data/alexsmobs/recipe/mosquito_repellent_stew.json; [Receita sopa_de_macaco](lote-final-2026-10-06/am-cards-2026-10-06.md#receita-sopa-de-macaco) — data/alexsmobs/recipe/sopa_de_macaco.json
Shoebill,Alex’s Mobs Continued,"Criatura Animal; alvos: EntityAlligatorSnappingTurtle, Turtle, EntityCrocodile, EntityCaiman",BiomeConfig padrão: (#minecraft:is_overworld E #forge:is_swamp E NÃO minecraft:mangrove_swamp) OU (terralith:orchid_swamp) OU (terralith:red_oasis); grupos alternativos; entradas externas só se biomas existirem. Fonte: evidence-am/decompiled-full/com/github/alexthe666/alexsmobs/config/BiomeConfig.java → evidence-am/decompiled-full/com/github/alexthe666/alexsmobs/config/DefaultBiomes.java; configuração efetiva do servidor não confirmada.,Pesca com Shoebill vivo,minecraft:stick,1,"ShoebillAIFish.spawnFishingLoot; luck=0.5*luckLevel, LootParams sem TOOL/ORIGIN, param set vazio. Predicados dependentes de TOOL (tesouro/openwater) não satisfeitos; tabela vanilla1.21.1, pesos/bonusLuck condicionais preservados. Não equivale a pesca com vara.; pool1: 1 sorteio(s); reposição se múltiplos rolls; peso bruto 10/100; normaliza apenas entradas elegíveis; pool1: 1 sorteio(s); reposição se múltiplos rolls; peso bruto 5/110; normaliza apenas entradas elegíveis","Ferramentas, tochas e diversos crafts",Alta nos arquivos versionados; configurações/datapacks externos não confirmados,/images/bestiary/audited/am/shoebill.png,com/github/alexthe666/alexsmobs/client/model/ModelShoebill.class; com/github/alexthe666/alexsmobs/client/render/RenderShoebill.class; assets/alexsmobs/textures/entity/shoebill.png; com/github/alexthe666/alexsmobs/ClientProxy.class; com/github/alexthe666/alexsmobs/citadel/client/model/AdvancedEntityModel.class; com/github/alexthe666/alexsmobs/citadel/client/model/AdvancedModelBox.class; com/github/alexthe666/alexsmobs/entity/AMEntityRegistry.class; output-am/proveniencia.json,evidence/minecraft-1.21.1-client.jar::data/minecraft/loot_table/gameplay/fishing/junk.json; evidence-am/decompiled-full/com/github/alexthe666/alexsmobs/entity/EntityShoebill.java,[Receitas vanilla1.21.1](lote-final-2026-10-06/receitas-vanilla.json)
Shoebill,Alex’s Mobs Continued,"Criatura Animal; alvos: EntityAlligatorSnappingTurtle, Turtle, EntityCrocodile, EntityCaiman",BiomeConfig padrão: (#minecraft:is_overworld E #forge:is_swamp E NÃO minecraft:mangrove_swamp) OU (terralith:orchid_swamp) OU (terralith:red_oasis); grupos alternativos; entradas externas só se biomas existirem. Fonte: evidence-am/decompiled-full/com/github/alexthe666/alexsmobs/config/BiomeConfig.java → evidence-am/decompiled-full/com/github/alexthe666/alexsmobs/config/DefaultBiomes.java; configuração efetiva do servidor não confirmada.,Pesca com Shoebill vivo,minecraft:ink_sac,10,"ShoebillAIFish.spawnFishingLoot; luck=0.5*luckLevel, LootParams sem TOOL/ORIGIN, param set vazio. Predicados dependentes de TOOL (tesouro/openwater) não satisfeitos; tabela vanilla1.21.1, pesos/bonusLuck condicionais preservados. Não equivale a pesca com vara.; pool1: 1 sorteio(s); reposição se múltiplos rolls; peso bruto 10/100; normaliza apenas entradas elegíveis; pool1: 1 sorteio(s); reposição se múltiplos rolls; peso bruto 1/110; normaliza apenas entradas elegíveis; set_count",Corante preto e tinta de placas,Alta nos arquivos versionados; configurações/datapacks externos não confirmados,/images/bestiary/audited/am/shoebill.png,com/github/alexthe666/alexsmobs/client/model/ModelShoebill.class; com/github/alexthe666/alexsmobs/client/render/RenderShoebill.class; assets/alexsmobs/textures/entity/shoebill.png; com/github/alexthe666/alexsmobs/ClientProxy.class; com/github/alexthe666/alexsmobs/citadel/client/model/AdvancedEntityModel.class; com/github/alexthe666/alexsmobs/citadel/client/model/AdvancedModelBox.class; com/github/alexthe666/alexsmobs/entity/AMEntityRegistry.class; output-am/proveniencia.json,evidence/minecraft-1.21.1-client.jar::data/minecraft/loot_table/gameplay/fishing/junk.json; evidence-am/decompiled-full/com/github/alexthe666/alexsmobs/entity/EntityShoebill.java,[Receitas vanilla1.21.1](lote-final-2026-10-06/receitas-vanilla.json)
Shoebill,Alex’s Mobs Continued,"Criatura Animal; alvos: EntityAlligatorSnappingTurtle, Turtle, EntityCrocodile, EntityCaiman",BiomeConfig padrão: (#minecraft:is_overworld E #forge:is_swamp E NÃO minecraft:mangrove_swamp) OU (terralith:orchid_swamp) OU (terralith:red_oasis); grupos alternativos; entradas externas só se biomas existirem. Fonte: evidence-am/decompiled-full/com/github/alexthe666/alexsmobs/config/BiomeConfig.java → evidence-am/decompiled-full/com/github/alexthe666/alexsmobs/config/DefaultBiomes.java; configuração efetiva do servidor não confirmada.,Pesca com Shoebill vivo,minecraft:tripwire_hook,1,"ShoebillAIFish.spawnFishingLoot; luck=0.5*luckLevel, LootParams sem TOOL/ORIGIN, param set vazio. Predicados dependentes de TOOL (tesouro/openwater) não satisfeitos; tabela vanilla1.21.1, pesos/bonusLuck condicionais preservados. Não equivale a pesca com vara.; pool1: 1 sorteio(s); reposição se múltiplos rolls; peso bruto 10/100; normaliza apenas entradas elegíveis; pool1: 1 sorteio(s); reposição se múltiplos rolls; peso bruto 10/110; normaliza apenas entradas elegíveis","Ingrediente nas receitas vanilla1.21.1: {'count': 1, 'id': 'minecraft:crossbow'}, {'count': 1, 'id': 'minecraft:trapped_chest'}",Alta nos arquivos versionados; configurações/datapacks externos não confirmados,/images/bestiary/audited/am/shoebill.png,com/github/alexthe666/alexsmobs/client/model/ModelShoebill.class; com/github/alexthe666/alexsmobs/client/render/RenderShoebill.class; assets/alexsmobs/textures/entity/shoebill.png; com/github/alexthe666/alexsmobs/ClientProxy.class; com/github/alexthe666/alexsmobs/citadel/client/model/AdvancedEntityModel.class; com/github/alexthe666/alexsmobs/citadel/client/model/AdvancedModelBox.class; com/github/alexthe666/alexsmobs/entity/AMEntityRegistry.class; output-am/proveniencia.json,evidence/minecraft-1.21.1-client.jar::data/minecraft/loot_table/gameplay/fishing/junk.json; evidence-am/decompiled-full/com/github/alexthe666/alexsmobs/entity/EntityShoebill.java,[Receitas vanilla1.21.1](lote-final-2026-10-06/receitas-vanilla.json)
Shoebill,Alex’s Mobs Continued,"Criatura Animal; alvos: EntityAlligatorSnappingTurtle, Turtle, EntityCrocodile, EntityCaiman",BiomeConfig padrão: (#minecraft:is_overworld E #forge:is_swamp E NÃO minecraft:mangrove_swamp) OU (terralith:orchid_swamp) OU (terralith:red_oasis); grupos alternativos; entradas externas só se biomas existirem. Fonte: evidence-am/decompiled-full/com/github/alexthe666/alexsmobs/config/BiomeConfig.java → evidence-am/decompiled-full/com/github/alexthe666/alexsmobs/config/DefaultBiomes.java; configuração efetiva do servidor não confirmada.,Pesca com Shoebill vivo,minecraft:rotten_flesh,1,"ShoebillAIFish.spawnFishingLoot; luck=0.5*luckLevel, LootParams sem TOOL/ORIGIN, param set vazio. Predicados dependentes de TOOL (tesouro/openwater) não satisfeitos; tabela vanilla1.21.1, pesos/bonusLuck condicionais preservados. Não equivale a pesca com vara.; pool1: 1 sorteio(s); reposição se múltiplos rolls; peso bruto 10/100; normaliza apenas entradas elegíveis; pool1: 1 sorteio(s); reposição se múltiplos rolls; peso bruto 10/110; normaliza apenas entradas elegíveis",Alimento com risco de Hunger; alimentar lobos; comércio com clérigo vanilla,Alta nos arquivos versionados; configurações/datapacks externos não confirmados,/images/bestiary/audited/am/shoebill.png,com/github/alexthe666/alexsmobs/client/model/ModelShoebill.class; com/github/alexthe666/alexsmobs/client/render/RenderShoebill.class; assets/alexsmobs/textures/entity/shoebill.png; com/github/alexthe666/alexsmobs/ClientProxy.class; com/github/alexthe666/alexsmobs/citadel/client/model/AdvancedEntityModel.class; com/github/alexthe666/alexsmobs/citadel/client/model/AdvancedModelBox.class; com/github/alexthe666/alexsmobs/entity/AMEntityRegistry.class; output-am/proveniencia.json,evidence/minecraft-1.21.1-client.jar::data/minecraft/loot_table/gameplay/fishing/junk.json; evidence-am/decompiled-full/com/github/alexthe666/alexsmobs/entity/EntityShoebill.java,[Receitas vanilla1.21.1](lote-final-2026-10-06/receitas-vanilla.json)
Shoebill,Alex’s Mobs Continued,"Criatura Animal; alvos: EntityAlligatorSnappingTurtle, Turtle, EntityCrocodile, EntityCaiman",BiomeConfig padrão: (#minecraft:is_overworld E #forge:is_swamp E NÃO minecraft:mangrove_swamp) OU (terralith:orchid_swamp) OU (terralith:red_oasis); grupos alternativos; entradas externas só se biomas existirem. Fonte: evidence-am/decompiled-full/com/github/alexthe666/alexsmobs/config/BiomeConfig.java → evidence-am/decompiled-full/com/github/alexthe666/alexsmobs/config/DefaultBiomes.java; configuração efetiva do servidor não confirmada.,Pesca com Shoebill vivo,minecraft:bamboo,1,"ShoebillAIFish.spawnFishingLoot; luck=0.5*luckLevel, LootParams sem TOOL/ORIGIN, param set vazio. Predicados dependentes de TOOL (tesouro/openwater) não satisfeitos; tabela vanilla1.21.1, pesos/bonusLuck condicionais preservados. Não equivale a pesca com vara.; pool1: 1 sorteio(s); reposição se múltiplos rolls; peso bruto 10/100; normaliza apenas entradas elegíveis; pool1: 1 sorteio(s); reposição se múltiplos rolls; {""condition"": ""minecraft:location_check"", ""predicate"": {""biomes"": [""minecraft:jungle"", ""minecraft:sparse_jungle"", ""minecraft:bamboo_jungle""]}}; peso bruto 10/110; normaliza apenas entradas elegíveis","Ingrediente nas receitas vanilla1.21.1: {'count': 1, 'id': 'minecraft:bamboo_block'}, {'count': 6, 'id': 'minecraft:scaffolding'}, {'count': 1, 'id': 'minecraft:stick'}",Alta nos arquivos versionados; configurações/datapacks externos não confirmados,/images/bestiary/audited/am/shoebill.png,com/github/alexthe666/alexsmobs/client/model/ModelShoebill.class; com/github/alexthe666/alexsmobs/client/render/RenderShoebill.class; assets/alexsmobs/textures/entity/shoebill.png; com/github/alexthe666/alexsmobs/ClientProxy.class; com/github/alexthe666/alexsmobs/citadel/client/model/AdvancedEntityModel.class; com/github/alexthe666/alexsmobs/citadel/client/model/AdvancedModelBox.class; com/github/alexthe666/alexsmobs/entity/AMEntityRegistry.class; output-am/proveniencia.json,evidence/minecraft-1.21.1-client.jar::data/minecraft/loot_table/gameplay/fishing/junk.json; evidence-am/decompiled-full/com/github/alexthe666/alexsmobs/entity/EntityShoebill.java,[Receitas vanilla1.21.1](lote-final-2026-10-06/receitas-vanilla.json)
Shoebill,Alex’s Mobs Continued,"Criatura Animal; alvos: EntityAlligatorSnappingTurtle, Turtle, EntityCrocodile, EntityCaiman",BiomeConfig padrão: (#minecraft:is_overworld E #forge:is_swamp E NÃO minecraft:mangrove_swamp) OU (terralith:orchid_swamp) OU (terralith:red_oasis); grupos alternativos; entradas externas só se biomas existirem. Fonte: evidence-am/decompiled-full/com/github/alexthe666/alexsmobs/config/BiomeConfig.java → evidence-am/decompiled-full/com/github/alexthe666/alexsmobs/config/DefaultBiomes.java; configuração efetiva do servidor não confirmada.,Pesca com Shoebill vivo,minecraft:name_tag,1,"ShoebillAIFish.spawnFishingLoot; luck=0.5*luckLevel, LootParams sem TOOL/ORIGIN, param set vazio. Predicados dependentes de TOOL (tesouro/openwater) não satisfeitos; tabela vanilla1.21.1, pesos/bonusLuck condicionais preservados. Não equivale a pesca com vara.; pool1: 1 sorteio(s); reposição se múltiplos rolls; this satisfaz {""type_specific"": {""type"": ""minecraft:fishing_hook"", ""in_open_water"": true}}; peso bruto 5/100; normaliza apenas entradas elegíveis; pool1: 1 sorteio(s); reposição se múltiplos rolls; peso bruto 1/6; normaliza apenas entradas elegíveis",Renomear no anvil e aplicar a mob elegível,Alta no recurso/registro/classe citados; condições efetivas do pack não confirmadas,/images/bestiary/audited/am/shoebill.png,com/github/alexthe666/alexsmobs/client/model/ModelShoebill.class; com/github/alexthe666/alexsmobs/client/render/RenderShoebill.class; assets/alexsmobs/textures/entity/shoebill.png; com/github/alexthe666/alexsmobs/ClientProxy.class; com/github/alexthe666/alexsmobs/citadel/client/model/AdvancedEntityModel.class; com/github/alexthe666/alexsmobs/citadel/client/model/AdvancedModelBox.class; com/github/alexthe666/alexsmobs/entity/AMEntityRegistry.class; output-am/proveniencia.json,evidence/minecraft-1.21.1-client.jar::data/minecraft/loot_table/gameplay/fishing/treasure.json; evidence-am/decompiled-full/com/github/alexthe666/alexsmobs/entity/EntityShoebill.java,[Receitas vanilla1.21.1](lote-final-2026-10-06/receitas-vanilla.json)
Shoebill,Alex’s Mobs Continued,"Criatura Animal; alvos: EntityAlligatorSnappingTurtle, Turtle, EntityCrocodile, EntityCaiman",BiomeConfig padrão: (#minecraft:is_overworld E #forge:is_swamp E NÃO minecraft:mangrove_swamp) OU (terralith:orchid_swamp) OU (terralith:red_oasis); grupos alternativos; entradas externas só se biomas existirem. Fonte: evidence-am/decompiled-full/com/github/alexthe666/alexsmobs/config/BiomeConfig.java → evidence-am/decompiled-full/com/github/alexthe666/alexsmobs/config/DefaultBiomes.java; configuração efetiva do servidor não confirmada.,Pesca com Shoebill vivo,minecraft:saddle,1,"ShoebillAIFish.spawnFishingLoot; luck=0.5*luckLevel, LootParams sem TOOL/ORIGIN, param set vazio. Predicados dependentes de TOOL (tesouro/openwater) não satisfeitos; tabela vanilla1.21.1, pesos/bonusLuck condicionais preservados. Não equivale a pesca com vara.; pool1: 1 sorteio(s); reposição se múltiplos rolls; this satisfaz {""type_specific"": {""type"": ""minecraft:fishing_hook"", ""in_open_water"": true}}; peso bruto 5/100; normaliza apenas entradas elegíveis; pool1: 1 sorteio(s); reposição se múltiplos rolls; peso bruto 1/6; normaliza apenas entradas elegíveis","Ingrediente nas receitas auditadas: {'id': 'alexsmobs:straddle_saddle', 'count': 1}",Alta nos arquivos versionados; configurações/datapacks externos não confirmados,/images/bestiary/audited/am/shoebill.png,com/github/alexthe666/alexsmobs/client/model/ModelShoebill.class; com/github/alexthe666/alexsmobs/client/render/RenderShoebill.class; assets/alexsmobs/textures/entity/shoebill.png; com/github/alexthe666/alexsmobs/ClientProxy.class; com/github/alexthe666/alexsmobs/citadel/client/model/AdvancedEntityModel.class; com/github/alexthe666/alexsmobs/citadel/client/model/AdvancedModelBox.class; com/github/alexthe666/alexsmobs/entity/AMEntityRegistry.class; output-am/proveniencia.json,evidence/minecraft-1.21.1-client.jar::data/minecraft/loot_table/gameplay/fishing/treasure.json; evidence-am/decompiled-full/com/github/alexthe666/alexsmobs/entity/EntityShoebill.java,/bestiary/receitas/am.html#receita-straddle-saddle | [Receita straddle_saddle](lote-final-2026-10-06/am-cards-2026-10-06.md#receita-straddle-saddle) — data/alexsmobs/recipe/straddle_saddle.json
Shoebill,Alex’s Mobs Continued,"Criatura Animal; alvos: EntityAlligatorSnappingTurtle, Turtle, EntityCrocodile, EntityCaiman",BiomeConfig padrão: (#minecraft:is_overworld E #forge:is_swamp E NÃO minecraft:mangrove_swamp) OU (terralith:orchid_swamp) OU (terralith:red_oasis); grupos alternativos; entradas externas só se biomas existirem. Fonte: evidence-am/decompiled-full/com/github/alexthe666/alexsmobs/config/BiomeConfig.java → evidence-am/decompiled-full/com/github/alexthe666/alexsmobs/config/DefaultBiomes.java; configuração efetiva do servidor não confirmada.,Pesca com Shoebill vivo,minecraft:bow,1,"ShoebillAIFish.spawnFishingLoot; luck=0.5*luckLevel, LootParams sem TOOL/ORIGIN, param set vazio. Predicados dependentes de TOOL (tesouro/openwater) não satisfeitos; tabela vanilla1.21.1, pesos/bonusLuck condicionais preservados. Não equivale a pesca com vara.; pool1: 1 sorteio(s); reposição se múltiplos rolls; this satisfaz {""type_specific"": {""type"": ""minecraft:fishing_hook"", ""in_open_water"": true}}; peso bruto 5/100; normaliza apenas entradas elegíveis; pool1: 1 sorteio(s); reposição se múltiplos rolls; peso bruto 1/6; normaliza apenas entradas elegíveis; {""add"": false, ""damage"": {""type"": ""minecraft:uniform"", ""max"": 0.25, ""min"": 0.0}, ""function"": ""minecraft:set_damage""}; encanta com nível 30; options=#minecraft:on_random_loot","Ingrediente nas receitas vanilla1.21.1: {'count': 1, 'id': 'minecraft:dispenser'}",Alta nos arquivos versionados; configurações/datapacks externos não confirmados,/images/bestiary/audited/am/shoebill.png,com/github/alexthe666/alexsmobs/client/model/ModelShoebill.class; com/github/alexthe666/alexsmobs/client/render/RenderShoebill.class; assets/alexsmobs/textures/entity/shoebill.png; com/github/alexthe666/alexsmobs/ClientProxy.class; com/github/alexthe666/alexsmobs/citadel/client/model/AdvancedEntityModel.class; com/github/alexthe666/alexsmobs/citadel/client/model/AdvancedModelBox.class; com/github/alexthe666/alexsmobs/entity/AMEntityRegistry.class; output-am/proveniencia.json,evidence/minecraft-1.21.1-client.jar::data/minecraft/loot_table/gameplay/fishing/treasure.json; evidence-am/decompiled-full/com/github/alexthe666/alexsmobs/entity/EntityShoebill.java,[Receitas vanilla1.21.1](lote-final-2026-10-06/receitas-vanilla.json)
Shoebill,Alex’s Mobs Continued,"Criatura Animal; alvos: EntityAlligatorSnappingTurtle, Turtle, EntityCrocodile, EntityCaiman",BiomeConfig padrão: (#minecraft:is_overworld E #forge:is_swamp E NÃO minecraft:mangrove_swamp) OU (terralith:orchid_swamp) OU (terralith:red_oasis); grupos alternativos; entradas externas só se biomas existirem. Fonte: evidence-am/decompiled-full/com/github/alexthe666/alexsmobs/config/BiomeConfig.java → evidence-am/decompiled-full/com/github/alexthe666/alexsmobs/config/DefaultBiomes.java; configuração efetiva do servidor não confirmada.,Pesca com Shoebill vivo,minecraft:fishing_rod,1,"ShoebillAIFish.spawnFishingLoot; luck=0.5*luckLevel, LootParams sem TOOL/ORIGIN, param set vazio. Predicados dependentes de TOOL (tesouro/openwater) não satisfeitos; tabela vanilla1.21.1, pesos/bonusLuck condicionais preservados. Não equivale a pesca com vara.; pool1: 1 sorteio(s); reposição se múltiplos rolls; this satisfaz {""type_specific"": {""type"": ""minecraft:fishing_hook"", ""in_open_water"": true}}; peso bruto 5/100; normaliza apenas entradas elegíveis; pool1: 1 sorteio(s); reposição se múltiplos rolls; peso bruto 1/6; normaliza apenas entradas elegíveis; {""add"": false, ""damage"": {""type"": ""minecraft:uniform"", ""max"": 0.25, ""min"": 0.0}, ""function"": ""minecraft:set_damage""}; encanta com nível 30; options=#minecraft:on_random_loot",Ingrediente nas receitas auditadas: {'id': 'alexsmobs:chorus_on_a_stick'},Alta nos arquivos versionados; configurações/datapacks externos não confirmados,/images/bestiary/audited/am/shoebill.png,com/github/alexthe666/alexsmobs/client/model/ModelShoebill.class; com/github/alexthe666/alexsmobs/client/render/RenderShoebill.class; assets/alexsmobs/textures/entity/shoebill.png; com/github/alexthe666/alexsmobs/ClientProxy.class; com/github/alexthe666/alexsmobs/citadel/client/model/AdvancedEntityModel.class; com/github/alexthe666/alexsmobs/citadel/client/model/AdvancedModelBox.class; com/github/alexthe666/alexsmobs/entity/AMEntityRegistry.class; output-am/proveniencia.json,evidence/minecraft-1.21.1-client.jar::data/minecraft/loot_table/gameplay/fishing/treasure.json; evidence-am/decompiled-full/com/github/alexthe666/alexsmobs/entity/EntityShoebill.java,/bestiary/receitas/am.html#receita-chorus-on-a-stick | [Receita chorus_on_a_stick](lote-final-2026-10-06/am-cards-2026-10-06.md#receita-chorus-on-a-stick) — data/alexsmobs/recipe/chorus_on_a_stick.json
Shoebill,Alex’s Mobs Continued,"Criatura Animal; alvos: EntityAlligatorSnappingTurtle, Turtle, EntityCrocodile, EntityCaiman",BiomeConfig padrão: (#minecraft:is_overworld E #forge:is_swamp E NÃO minecraft:mangrove_swamp) OU (terralith:orchid_swamp) OU (terralith:red_oasis); grupos alternativos; entradas externas só se biomas existirem. Fonte: evidence-am/decompiled-full/com/github/alexthe666/alexsmobs/config/BiomeConfig.java → evidence-am/decompiled-full/com/github/alexthe666/alexsmobs/config/DefaultBiomes.java; configuração efetiva do servidor não confirmada.,Pesca com Shoebill vivo,minecraft:book,1,"ShoebillAIFish.spawnFishingLoot; luck=0.5*luckLevel, LootParams sem TOOL/ORIGIN, param set vazio. Predicados dependentes de TOOL (tesouro/openwater) não satisfeitos; tabela vanilla1.21.1, pesos/bonusLuck condicionais preservados. Não equivale a pesca com vara.; pool1: 1 sorteio(s); reposição se múltiplos rolls; this satisfaz {""type_specific"": {""type"": ""minecraft:fishing_hook"", ""in_open_water"": true}}; peso bruto 5/100; normaliza apenas entradas elegíveis; pool1: 1 sorteio(s); reposição se múltiplos rolls; peso bruto 1/6; normaliza apenas entradas elegíveis; encanta com nível 30; options=#minecraft:on_random_loot",Ingrediente nas receitas auditadas: {'id': 'alexsmobs:animal_dictionary'},Alta nos arquivos versionados; configurações/datapacks externos não confirmados,/images/bestiary/audited/am/shoebill.png,com/github/alexthe666/alexsmobs/client/model/ModelShoebill.class; com/github/alexthe666/alexsmobs/client/render/RenderShoebill.class; assets/alexsmobs/textures/entity/shoebill.png; com/github/alexthe666/alexsmobs/ClientProxy.class; com/github/alexthe666/alexsmobs/citadel/client/model/AdvancedEntityModel.class; com/github/alexthe666/alexsmobs/citadel/client/model/AdvancedModelBox.class; com/github/alexthe666/alexsmobs/entity/AMEntityRegistry.class; output-am/proveniencia.json,evidence/minecraft-1.21.1-client.jar::data/minecraft/loot_table/gameplay/fishing/treasure.json; evidence-am/decompiled-full/com/github/alexthe666/alexsmobs/entity/EntityShoebill.java,/bestiary/receitas/am.html#receita-animal-dictionary | [Receita animal_dictionary](lote-final-2026-10-06/am-cards-2026-10-06.md#receita-animal-dictionary) — data/alexsmobs/recipe/animal_dictionary.json
Shoebill,Alex’s Mobs Continued,"Criatura Animal; alvos: EntityAlligatorSnappingTurtle, Turtle, EntityCrocodile, EntityCaiman",BiomeConfig padrão: (#minecraft:is_overworld E #forge:is_swamp E NÃO minecraft:mangrove_swamp) OU (terralith:orchid_swamp) OU (terralith:red_oasis); grupos alternativos; entradas externas só se biomas existirem. Fonte: evidence-am/decompiled-full/com/github/alexthe666/alexsmobs/config/BiomeConfig.java → evidence-am/decompiled-full/com/github/alexthe666/alexsmobs/config/DefaultBiomes.java; configuração efetiva do servidor não confirmada.,Pesca com Shoebill vivo,minecraft:nautilus_shell,1,"ShoebillAIFish.spawnFishingLoot; luck=0.5*luckLevel, LootParams sem TOOL/ORIGIN, param set vazio. Predicados dependentes de TOOL (tesouro/openwater) não satisfeitos; tabela vanilla1.21.1, pesos/bonusLuck condicionais preservados. Não equivale a pesca com vara.; pool1: 1 sorteio(s); reposição se múltiplos rolls; this satisfaz {""type_specific"": {""type"": ""minecraft:fishing_hook"", ""in_open_water"": true}}; peso bruto 5/100; normaliza apenas entradas elegíveis; pool1: 1 sorteio(s); reposição se múltiplos rolls; peso bruto 1/6; normaliza apenas entradas elegíveis","Ingrediente nas receitas vanilla1.21.1: {'count': 1, 'id': 'minecraft:conduit'}",Alta nos arquivos versionados; configurações/datapacks externos não confirmados,/images/bestiary/audited/am/shoebill.png,com/github/alexthe666/alexsmobs/client/model/ModelShoebill.class; com/github/alexthe666/alexsmobs/client/render/RenderShoebill.class; assets/alexsmobs/textures/entity/shoebill.png; com/github/alexthe666/alexsmobs/ClientProxy.class; com/github/alexthe666/alexsmobs/citadel/client/model/AdvancedEntityModel.class; com/github/alexthe666/alexsmobs/citadel/client/model/AdvancedModelBox.class; com/github/alexthe666/alexsmobs/entity/AMEntityRegistry.class; output-am/proveniencia.json,evidence/minecraft-1.21.1-client.jar::data/minecraft/loot_table/gameplay/fishing/treasure.json; evidence-am/decompiled-full/com/github/alexthe666/alexsmobs/entity/EntityShoebill.java,[Receitas vanilla1.21.1](lote-final-2026-10-06/receitas-vanilla.json)
Shoebill,Alex’s Mobs Continued,"Criatura Animal; alvos: EntityAlligatorSnappingTurtle, Turtle, EntityCrocodile, EntityCaiman",BiomeConfig padrão: (#minecraft:is_overworld E #forge:is_swamp E NÃO minecraft:mangrove_swamp) OU (terralith:orchid_swamp) OU (terralith:red_oasis); grupos alternativos; entradas externas só se biomas existirem. Fonte: evidence-am/decompiled-full/com/github/alexthe666/alexsmobs/config/BiomeConfig.java → evidence-am/decompiled-full/com/github/alexthe666/alexsmobs/config/DefaultBiomes.java; configuração efetiva do servidor não confirmada.,Pesca com Shoebill vivo,minecraft:cod,1,"ShoebillAIFish.spawnFishingLoot; luck=0.5*luckLevel, LootParams sem TOOL/ORIGIN, param set vazio. Predicados dependentes de TOOL (tesouro/openwater) não satisfeitos; tabela vanilla1.21.1, pesos/bonusLuck condicionais preservados. Não equivale a pesca com vara.; pool1: 1 sorteio(s); reposição se múltiplos rolls; peso bruto 85/100; normaliza apenas entradas elegíveis; pool1: 1 sorteio(s); reposição se múltiplos rolls; peso bruto 60/100; normaliza apenas entradas elegíveis","Ingrediente nas receitas vanilla1.21.1: {'id': 'minecraft:cooked_cod'}, {'id': 'minecraft:cooked_cod'}, {'id': 'minecraft:cooked_cod'}",Alta nos arquivos versionados; configurações/datapacks externos não confirmados,/images/bestiary/audited/am/shoebill.png,com/github/alexthe666/alexsmobs/client/model/ModelShoebill.class; com/github/alexthe666/alexsmobs/client/render/RenderShoebill.class; assets/alexsmobs/textures/entity/shoebill.png; com/github/alexthe666/alexsmobs/ClientProxy.class; com/github/alexthe666/alexsmobs/citadel/client/model/AdvancedEntityModel.class; com/github/alexthe666/alexsmobs/citadel/client/model/AdvancedModelBox.class; com/github/alexthe666/alexsmobs/entity/AMEntityRegistry.class; output-am/proveniencia.json,evidence/minecraft-1.21.1-client.jar::data/minecraft/loot_table/gameplay/fishing/fish.json; evidence-am/decompiled-full/com/github/alexthe666/alexsmobs/entity/EntityShoebill.java,[Receitas vanilla1.21.1](lote-final-2026-10-06/receitas-vanilla.json)
Shoebill,Alex’s Mobs Continued,"Criatura Animal; alvos: EntityAlligatorSnappingTurtle, Turtle, EntityCrocodile, EntityCaiman",BiomeConfig padrão: (#minecraft:is_overworld E #forge:is_swamp E NÃO minecraft:mangrove_swamp) OU (terralith:orchid_swamp) OU (terralith:red_oasis); grupos alternativos; entradas externas só se biomas existirem. Fonte: evidence-am/decompiled-full/com/github/alexthe666/alexsmobs/config/BiomeConfig.java → evidence-am/decompiled-full/com/github/alexthe666/alexsmobs/config/DefaultBiomes.java; configuração efetiva do servidor não confirmada.,Pesca com Shoebill vivo,minecraft:salmon,1,"ShoebillAIFish.spawnFishingLoot; luck=0.5*luckLevel, LootParams sem TOOL/ORIGIN, param set vazio. Predicados dependentes de TOOL (tesouro/openwater) não satisfeitos; tabela vanilla1.21.1, pesos/bonusLuck condicionais preservados. Não equivale a pesca com vara.; pool1: 1 sorteio(s); reposição se múltiplos rolls; peso bruto 85/100; normaliza apenas entradas elegíveis; pool1: 1 sorteio(s); reposição se múltiplos rolls; peso bruto 25/100; normaliza apenas entradas elegíveis","Ingrediente nas receitas vanilla1.21.1: {'id': 'minecraft:cooked_salmon'}, {'id': 'minecraft:cooked_salmon'}, {'id': 'minecraft:cooked_salmon'}",Alta nos arquivos versionados; configurações/datapacks externos não confirmados,/images/bestiary/audited/am/shoebill.png,com/github/alexthe666/alexsmobs/client/model/ModelShoebill.class; com/github/alexthe666/alexsmobs/client/render/RenderShoebill.class; assets/alexsmobs/textures/entity/shoebill.png; com/github/alexthe666/alexsmobs/ClientProxy.class; com/github/alexthe666/alexsmobs/citadel/client/model/AdvancedEntityModel.class; com/github/alexthe666/alexsmobs/citadel/client/model/AdvancedModelBox.class; com/github/alexthe666/alexsmobs/entity/AMEntityRegistry.class; output-am/proveniencia.json,evidence/minecraft-1.21.1-client.jar::data/minecraft/loot_table/gameplay/fishing/fish.json; evidence-am/decompiled-full/com/github/alexthe666/alexsmobs/entity/EntityShoebill.java,[Receitas vanilla1.21.1](lote-final-2026-10-06/receitas-vanilla.json)
Shoebill,Alex’s Mobs Continued,"Criatura Animal; alvos: EntityAlligatorSnappingTurtle, Turtle, EntityCrocodile, EntityCaiman",BiomeConfig padrão: (#minecraft:is_overworld E #forge:is_swamp E NÃO minecraft:mangrove_swamp) OU (terralith:orchid_swamp) OU (terralith:red_oasis); grupos alternativos; entradas externas só se biomas existirem. Fonte: evidence-am/decompiled-full/com/github/alexthe666/alexsmobs/config/BiomeConfig.java → evidence-am/decompiled-full/com/github/alexthe666/alexsmobs/config/DefaultBiomes.java; configuração efetiva do servidor não confirmada.,Pesca com Shoebill vivo,minecraft:tropical_fish,1,"ShoebillAIFish.spawnFishingLoot; luck=0.5*luckLevel, LootParams sem TOOL/ORIGIN, param set vazio. Predicados dependentes de TOOL (tesouro/openwater) não satisfeitos; tabela vanilla1.21.1, pesos/bonusLuck condicionais preservados. Não equivale a pesca com vara.; pool1: 1 sorteio(s); reposição se múltiplos rolls; peso bruto 85/100; normaliza apenas entradas elegíveis; pool1: 1 sorteio(s); reposição se múltiplos rolls; peso bruto 2/100; normaliza apenas entradas elegíveis",Alimento vanilla e alimentação de mobs compatíveis,Alta nos arquivos versionados; configurações/datapacks externos não confirmados,/images/bestiary/audited/am/shoebill.png,com/github/alexthe666/alexsmobs/client/model/ModelShoebill.class; com/github/alexthe666/alexsmobs/client/render/RenderShoebill.class; assets/alexsmobs/textures/entity/shoebill.png; com/github/alexthe666/alexsmobs/ClientProxy.class; com/github/alexthe666/alexsmobs/citadel/client/model/AdvancedEntityModel.class; com/github/alexthe666/alexsmobs/citadel/client/model/AdvancedModelBox.class; com/github/alexthe666/alexsmobs/entity/AMEntityRegistry.class; output-am/proveniencia.json,evidence/minecraft-1.21.1-client.jar::data/minecraft/loot_table/gameplay/fishing/fish.json; evidence-am/decompiled-full/com/github/alexthe666/alexsmobs/entity/EntityShoebill.java,[Receitas vanilla1.21.1](lote-final-2026-10-06/receitas-vanilla.json)
Shoebill,Alex’s Mobs Continued,"Criatura Animal; alvos: EntityAlligatorSnappingTurtle, Turtle, EntityCrocodile, EntityCaiman",BiomeConfig padrão: (#minecraft:is_overworld E #forge:is_swamp E NÃO minecraft:mangrove_swamp) OU (terralith:orchid_swamp) OU (terralith:red_oasis); grupos alternativos; entradas externas só se biomas existirem. Fonte: evidence-am/decompiled-full/com/github/alexthe666/alexsmobs/config/BiomeConfig.java → evidence-am/decompiled-full/com/github/alexthe666/alexsmobs/config/DefaultBiomes.java; configuração efetiva do servidor não confirmada.,Pesca com Shoebill vivo,minecraft:pufferfish,1,"ShoebillAIFish.spawnFishingLoot; luck=0.5*luckLevel, LootParams sem TOOL/ORIGIN, param set vazio. Predicados dependentes de TOOL (tesouro/openwater) não satisfeitos; tabela vanilla1.21.1, pesos/bonusLuck condicionais preservados. Não equivale a pesca com vara.; pool1: 1 sorteio(s); reposição se múltiplos rolls; peso bruto 85/100; normaliza apenas entradas elegíveis; pool1: 1 sorteio(s); reposição se múltiplos rolls; peso bruto 13/100; normaliza apenas entradas elegíveis",Ingrediente de Potion of Water Breathing; consumo aplica efeitos negativos,Alta no recurso/registro/classe citados; condições efetivas do pack não confirmadas,/images/bestiary/audited/am/shoebill.png,com/github/alexthe666/alexsmobs/client/model/ModelShoebill.class; com/github/alexthe666/alexsmobs/client/render/RenderShoebill.class; assets/alexsmobs/textures/entity/shoebill.png; com/github/alexthe666/alexsmobs/ClientProxy.class; com/github/alexthe666/alexsmobs/citadel/client/model/AdvancedEntityModel.class; com/github/alexthe666/alexsmobs/citadel/client/model/AdvancedModelBox.class; com/github/alexthe666/alexsmobs/entity/AMEntityRegistry.class; output-am/proveniencia.json,evidence/minecraft-1.21.1-client.jar::data/minecraft/loot_table/gameplay/fishing/fish.json; evidence-am/decompiled-full/com/github/alexthe666/alexsmobs/entity/EntityShoebill.java,[Receitas vanilla1.21.1](lote-final-2026-10-06/receitas-vanilla.json)
Elephant,Alex’s Mobs Continued,Criatura TamableAnimal; comportamento definido na classe e herança citadas,BiomeConfig padrão: (#minecraft:is_overworld E #minecraft:is_savanna) OU (terralith:arid_highlands) OU (terralith:brushland) OU (terralith:fractured_savanna) OU (terralith:savanna_badlands) OU (terralith:savanna_slopes) OU (terralith:shrubland) OU (terralith:red_oasis); grupos alternativos; entradas externas só se biomas existirem. Fonte: evidence-am/decompiled-full/com/github/alexthe666/alexsmobs/config/BiomeConfig.java → evidence-am/decompiled-full/com/github/alexthe666/alexsmobs/config/DefaultBiomes.java; configuração efetiva do servidor não confirmada.,Tabela de morte vazia,Sem itens no JSON,0,Loot condicionado ao caminho de morte; herança/interações/variantes fora deste pool separadas; pools=[]; mecanismos paralelos separados,Não aplicável,Alta nos arquivos versionados; configurações/datapacks externos não confirmados,/images/bestiary/audited/am/elephant.png,com/github/alexthe666/alexsmobs/client/model/ModelElephant.class; com/github/alexthe666/alexsmobs/client/render/RenderElephant.class; assets/alexsmobs/textures/entity/elephant/elephant.png; com/github/alexthe666/alexsmobs/ClientProxy.class; com/github/alexthe666/alexsmobs/citadel/client/model/AdvancedEntityModel.class; com/github/alexthe666/alexsmobs/citadel/client/model/AdvancedModelBox.class; com/github/alexthe666/alexsmobs/client/render/layer/LayerElephantItem.class; com/github/alexthe666/alexsmobs/client/render/layer/LayerElephantOverlays.class; com/github/alexthe666/alexsmobs/entity/AMEntityRegistry.class; output-am/proveniencia.json,evidence-am/alexsmobs-2.1.14-neoforge+1.21.1.jar::data/alexsmobs/loot_table/entities/elephant.json; evidence-am/decompiled-full/com/github/alexthe666/alexsmobs/entity/EntityElephant.java,Não aplicável: uso direto ou nenhuma receita identificada na build
Elephant,Alex’s Mobs Continued,Criatura TamableAnimal; comportamento definido na classe e herança citadas,BiomeConfig padrão: (#minecraft:is_overworld E #minecraft:is_savanna) OU (terralith:arid_highlands) OU (terralith:brushland) OU (terralith:fractured_savanna) OU (terralith:savanna_badlands) OU (terralith:savanna_slopes) OU (terralith:shrubland) OU (terralith:red_oasis); grupos alternativos; entradas externas só se biomas existirem. Fonte: evidence-am/decompiled-full/com/github/alexthe666/alexsmobs/config/BiomeConfig.java → evidence-am/decompiled-full/com/github/alexthe666/alexsmobs/config/DefaultBiomes.java; configuração efetiva do servidor não confirmada.,Recuperação de equipamento/contexto,minecraft:chest,1,"isChested; dropEquipment; recupera equipamento preexistente, não pool incondicional",Recuperar e reutilizar o item equipado; pilha/variante conforme estado salvo,Alta nos arquivos versionados; configurações/datapacks externos não confirmados,/images/bestiary/audited/am/elephant.png,com/github/alexthe666/alexsmobs/client/model/ModelElephant.class; com/github/alexthe666/alexsmobs/client/render/RenderElephant.class; assets/alexsmobs/textures/entity/elephant/elephant.png; com/github/alexthe666/alexsmobs/ClientProxy.class; com/github/alexthe666/alexsmobs/citadel/client/model/AdvancedEntityModel.class; com/github/alexthe666/alexsmobs/citadel/client/model/AdvancedModelBox.class; com/github/alexthe666/alexsmobs/client/render/layer/LayerElephantItem.class; com/github/alexthe666/alexsmobs/client/render/layer/LayerElephantOverlays.class; com/github/alexthe666/alexsmobs/entity/AMEntityRegistry.class; output-am/proveniencia.json,/workspace/scratch/25006bff7ab5/evidence-am/decompiled-full/com/github/alexthe666/alexsmobs/entity/EntityElephant.java; evidence-am/decompiled-full/com/github/alexthe666/alexsmobs/entity/EntityElephant.java,[Receitas vanilla1.21.1](lote-final-2026-10-06/receitas-vanilla.json)
Elephant,Alex’s Mobs Continued,Criatura TamableAnimal; comportamento definido na classe e herança citadas,BiomeConfig padrão: (#minecraft:is_overworld E #minecraft:is_savanna) OU (terralith:arid_highlands) OU (terralith:brushland) OU (terralith:fractured_savanna) OU (terralith:savanna_badlands) OU (terralith:savanna_slopes) OU (terralith:shrubland) OU (terralith:red_oasis); grupos alternativos; entradas externas só se biomas existirem. Fonte: evidence-am/decompiled-full/com/github/alexthe666/alexsmobs/config/BiomeConfig.java → evidence-am/decompiled-full/com/github/alexthe666/alexsmobs/config/DefaultBiomes.java; configuração efetiva do servidor não confirmada.,Recuperação de equipamento/contexto,Carpet equipado,1,"getCarpetColor!=-1; dropEquipment; recupera equipamento preexistente, não pool incondicional",Recuperar e reutilizar o item equipado; pilha/variante conforme estado salvo,Alta nos arquivos versionados; configurações/datapacks externos não confirmados,/images/bestiary/audited/am/elephant.png,com/github/alexthe666/alexsmobs/client/model/ModelElephant.class; com/github/alexthe666/alexsmobs/client/render/RenderElephant.class; assets/alexsmobs/textures/entity/elephant/elephant.png; com/github/alexthe666/alexsmobs/ClientProxy.class; com/github/alexthe666/alexsmobs/citadel/client/model/AdvancedEntityModel.class; com/github/alexthe666/alexsmobs/citadel/client/model/AdvancedModelBox.class; com/github/alexthe666/alexsmobs/client/render/layer/LayerElephantItem.class; com/github/alexthe666/alexsmobs/client/render/layer/LayerElephantOverlays.class; com/github/alexthe666/alexsmobs/entity/AMEntityRegistry.class; output-am/proveniencia.json,/workspace/scratch/25006bff7ab5/evidence-am/decompiled-full/com/github/alexthe666/alexsmobs/entity/EntityElephant.java; evidence-am/decompiled-full/com/github/alexthe666/alexsmobs/entity/EntityElephant.java,Não aplicável: uso direto ou nenhuma receita identificada na build
Elephant,Alex’s Mobs Continued,Criatura TamableAnimal; comportamento definido na classe e herança citadas,BiomeConfig padrão: (#minecraft:is_overworld E #minecraft:is_savanna) OU (terralith:arid_highlands) OU (terralith:brushland) OU (terralith:fractured_savanna) OU (terralith:savanna_badlands) OU (terralith:savanna_slopes) OU (terralith:shrubland) OU (terralith:red_oasis); grupos alternativos; entradas externas só se biomas existirem. Fonte: evidence-am/decompiled-full/com/github/alexthe666/alexsmobs/config/BiomeConfig.java → evidence-am/decompiled-full/com/github/alexthe666/alexsmobs/config/DefaultBiomes.java; configuração efetiva do servidor não confirmada.,Inventário na morte,Pilhas do inventário,cada slot preenchido,Rotina dropInventory/dropEquipment percorre inventário; não cria itens novos; condições e slots na classe,Recuperar conteúdo armazenado,Alta nos arquivos versionados; configurações/datapacks externos não confirmados,/images/bestiary/audited/am/elephant.png,com/github/alexthe666/alexsmobs/client/model/ModelElephant.class; com/github/alexthe666/alexsmobs/client/render/RenderElephant.class; assets/alexsmobs/textures/entity/elephant/elephant.png; com/github/alexthe666/alexsmobs/ClientProxy.class; com/github/alexthe666/alexsmobs/citadel/client/model/AdvancedEntityModel.class; com/github/alexthe666/alexsmobs/citadel/client/model/AdvancedModelBox.class; com/github/alexthe666/alexsmobs/client/render/layer/LayerElephantItem.class; com/github/alexthe666/alexsmobs/client/render/layer/LayerElephantOverlays.class; com/github/alexthe666/alexsmobs/entity/AMEntityRegistry.class; output-am/proveniencia.json,/workspace/scratch/25006bff7ab5/evidence-am/decompiled-full/com/github/alexthe666/alexsmobs/entity/EntityElephant.java; evidence-am/decompiled-full/com/github/alexthe666/alexsmobs/entity/EntityElephant.java,Não aplicável: uso direto ou nenhuma receita identificada na build
Soul Vulture,Alex’s Mobs Continued,Criatura Monster; comportamento definido na classe e herança citadas,BiomeConfig padrão: (NÃO #forge:no_default_monsters E minecraft:soul_sand_valley) OU (byg:warped_desert) OU (incendium:weeping_valley); grupos alternativos; entradas externas só se biomas existirem. Fonte: evidence-am/decompiled-full/com/github/alexthe666/alexsmobs/config/BiomeConfig.java → evidence-am/decompiled-full/com/github/alexthe666/alexsmobs/config/DefaultBiomes.java; configuração efetiva do servidor não confirmada.,Loot de morte,minecraft:bone,0–2,Loot condicionado ao caminho de morte; herança/interações/variantes fora deste pool separadas; pool1: 1 sorteio(s); reposição se múltiplos rolls; peso bruto 1/1; normaliza apenas entradas elegíveis; set_count; Saque minecraft:looting: bônus Math.round(nível × sorteio 0–1); limite sem limite explícito; tabela base apenas quando nenhum estado alternativo ativo em EntitySoulVulture.getDefaultLootTable,Ingrediente nas receitas auditadas: {'id': 'alexsmobs:sopa_de_macaco'},Alta nos arquivos versionados; configurações/datapacks externos não confirmados,/images/bestiary/audited/am/soul-vulture.png,com/github/alexthe666/alexsmobs/client/model/ModelSoulVulture.class; com/github/alexthe666/alexsmobs/client/render/RenderSoulVulture.class; assets/alexsmobs/textures/entity/soul_vulture/soul_vulture.png; com/github/alexthe666/alexsmobs/ClientProxy.class; com/github/alexthe666/alexsmobs/citadel/client/model/AdvancedEntityModel.class; com/github/alexthe666/alexsmobs/citadel/client/model/AdvancedModelBox.class; com/github/alexthe666/alexsmobs/client/render/layer/LayerSoulVultureGlow.class; com/github/alexthe666/alexsmobs/entity/AMEntityRegistry.class; output-am/proveniencia.json,evidence-am/alexsmobs-2.1.14-neoforge+1.21.1.jar::data/alexsmobs/loot_table/entities/soul_vulture.json; evidence-am/decompiled-full/com/github/alexthe666/alexsmobs/entity/EntitySoulVulture.java,/bestiary/receitas/am.html#receita-sopa-de-macaco | [Receita sopa_de_macaco](lote-final-2026-10-06/am-cards-2026-10-06.md#receita-sopa-de-macaco) — data/alexsmobs/recipe/sopa_de_macaco.json
Soul Vulture,Alex’s Mobs Continued,Criatura Monster; comportamento definido na classe e herança citadas,BiomeConfig padrão: (NÃO #forge:no_default_monsters E minecraft:soul_sand_valley) OU (byg:warped_desert) OU (incendium:weeping_valley); grupos alternativos; entradas externas só se biomas existirem. Fonte: evidence-am/decompiled-full/com/github/alexthe666/alexsmobs/config/BiomeConfig.java → evidence-am/decompiled-full/com/github/alexthe666/alexsmobs/config/DefaultBiomes.java; configuração efetiva do servidor não confirmada.,Loot de morte,minecraft:coal,0–1,Loot condicionado ao caminho de morte; herança/interações/variantes fora deste pool separadas; pool2: 1 sorteio(s); reposição se múltiplos rolls; peso bruto 1/1; normaliza apenas entradas elegíveis; set_count; Saque minecraft:looting: bônus Math.round(nível × sorteio 0–1); limite sem limite explícito; tabela base apenas quando nenhum estado alternativo ativo em EntitySoulVulture.getDefaultLootTable,Combustível e tochas,Alta nos arquivos versionados; configurações/datapacks externos não confirmados,/images/bestiary/audited/am/soul-vulture.png,com/github/alexthe666/alexsmobs/client/model/ModelSoulVulture.class; com/github/alexthe666/alexsmobs/client/render/RenderSoulVulture.class; assets/alexsmobs/textures/entity/soul_vulture/soul_vulture.png; com/github/alexthe666/alexsmobs/ClientProxy.class; com/github/alexthe666/alexsmobs/citadel/client/model/AdvancedEntityModel.class; com/github/alexthe666/alexsmobs/citadel/client/model/AdvancedModelBox.class; com/github/alexthe666/alexsmobs/client/render/layer/LayerSoulVultureGlow.class; com/github/alexthe666/alexsmobs/entity/AMEntityRegistry.class; output-am/proveniencia.json,evidence-am/alexsmobs-2.1.14-neoforge+1.21.1.jar::data/alexsmobs/loot_table/entities/soul_vulture.json; evidence-am/decompiled-full/com/github/alexthe666/alexsmobs/entity/EntitySoulVulture.java,[Receitas vanilla1.21.1](lote-final-2026-10-06/receitas-vanilla.json)
Soul Vulture,Alex’s Mobs Continued,Criatura Monster; comportamento definido na classe e herança citadas,BiomeConfig padrão: (NÃO #forge:no_default_monsters E minecraft:soul_sand_valley) OU (byg:warped_desert) OU (incendium:weeping_valley); grupos alternativos; entradas externas só se biomas existirem. Fonte: evidence-am/decompiled-full/com/github/alexthe666/alexsmobs/config/BiomeConfig.java → evidence-am/decompiled-full/com/github/alexthe666/alexsmobs/config/DefaultBiomes.java; configuração efetiva do servidor não confirmada.,Loot de morte alternativo,minecraft:bone,0–2,hasSoulHeart; tabela selecionada pela classe substitui a base; não somar pools; pool1: 1 sorteio(s); reposição se múltiplos rolls; peso bruto 1/1; normaliza apenas entradas elegíveis; set_count; Saque minecraft:looting: bônus Math.round(nível × sorteio 0–1); limite sem limite explícito,Ingrediente nas receitas auditadas: {'id': 'alexsmobs:sopa_de_macaco'},Alta nos arquivos versionados; configurações/datapacks externos não confirmados,/images/bestiary/audited/am/soul-vulture.png,com/github/alexthe666/alexsmobs/client/model/ModelSoulVulture.class; com/github/alexthe666/alexsmobs/client/render/RenderSoulVulture.class; assets/alexsmobs/textures/entity/soul_vulture/soul_vulture.png; com/github/alexthe666/alexsmobs/ClientProxy.class; com/github/alexthe666/alexsmobs/citadel/client/model/AdvancedEntityModel.class; com/github/alexthe666/alexsmobs/citadel/client/model/AdvancedModelBox.class; com/github/alexthe666/alexsmobs/client/render/layer/LayerSoulVultureGlow.class; com/github/alexthe666/alexsmobs/entity/AMEntityRegistry.class; output-am/proveniencia.json,evidence-am/alexsmobs-2.1.14-neoforge+1.21.1.jar::data/alexsmobs/loot_table/entities/soul_vulture_heart.json; evidence-am/decompiled-full/com/github/alexthe666/alexsmobs/entity/EntitySoulVulture.java,/bestiary/receitas/am.html#receita-sopa-de-macaco | [Receita sopa_de_macaco](lote-final-2026-10-06/am-cards-2026-10-06.md#receita-sopa-de-macaco) — data/alexsmobs/recipe/sopa_de_macaco.json
Soul Vulture,Alex’s Mobs Continued,Criatura Monster; comportamento definido na classe e herança citadas,BiomeConfig padrão: (NÃO #forge:no_default_monsters E minecraft:soul_sand_valley) OU (byg:warped_desert) OU (incendium:weeping_valley); grupos alternativos; entradas externas só se biomas existirem. Fonte: evidence-am/decompiled-full/com/github/alexthe666/alexsmobs/config/BiomeConfig.java → evidence-am/decompiled-full/com/github/alexthe666/alexsmobs/config/DefaultBiomes.java; configuração efetiva do servidor não confirmada.,Loot de morte alternativo,minecraft:coal,0–1,hasSoulHeart; tabela selecionada pela classe substitui a base; não somar pools; pool2: 1 sorteio(s); reposição se múltiplos rolls; peso bruto 1/1; normaliza apenas entradas elegíveis; set_count; Saque minecraft:looting: bônus Math.round(nível × sorteio 0–1); limite sem limite explícito,Combustível e tochas,Alta nos arquivos versionados; configurações/datapacks externos não confirmados,/images/bestiary/audited/am/soul-vulture.png,com/github/alexthe666/alexsmobs/client/model/ModelSoulVulture.class; com/github/alexthe666/alexsmobs/client/render/RenderSoulVulture.class; assets/alexsmobs/textures/entity/soul_vulture/soul_vulture.png; com/github/alexthe666/alexsmobs/ClientProxy.class; com/github/alexthe666/alexsmobs/citadel/client/model/AdvancedEntityModel.class; com/github/alexthe666/alexsmobs/citadel/client/model/AdvancedModelBox.class; com/github/alexthe666/alexsmobs/client/render/layer/LayerSoulVultureGlow.class; com/github/alexthe666/alexsmobs/entity/AMEntityRegistry.class; output-am/proveniencia.json,evidence-am/alexsmobs-2.1.14-neoforge+1.21.1.jar::data/alexsmobs/loot_table/entities/soul_vulture_heart.json; evidence-am/decompiled-full/com/github/alexthe666/alexsmobs/entity/EntitySoulVulture.java,[Receitas vanilla1.21.1](lote-final-2026-10-06/receitas-vanilla.json)
Soul Vulture,Alex’s Mobs Continued,Criatura Monster; comportamento definido na classe e herança citadas,BiomeConfig padrão: (NÃO #forge:no_default_monsters E minecraft:soul_sand_valley) OU (byg:warped_desert) OU (incendium:weeping_valley); grupos alternativos; entradas externas só se biomas existirem. Fonte: evidence-am/decompiled-full/com/github/alexthe666/alexsmobs/config/BiomeConfig.java → evidence-am/decompiled-full/com/github/alexthe666/alexsmobs/config/DefaultBiomes.java; configuração efetiva do servidor não confirmada.,Loot de morte alternativo,alexsmobs:soul_heart,0–1,hasSoulHeart; tabela selecionada pela classe substitui a base; não somar pools; pool3: 1 sorteio(s); reposição se múltiplos rolls; peso bruto 1/1; normaliza apenas entradas elegíveis; set_count,"Ingrediente de brewing: Awkward Potion +Soul Heart →Soulsteal Potion, AMEffectRegistry.addBrewing. Também atrai Spectre por TemptHeartGoal; não é consumível de habilidade direta",Alta no recurso/registro/classe citados; condições efetivas do pack não confirmadas,/images/bestiary/audited/am/soul-vulture.png,com/github/alexthe666/alexsmobs/client/model/ModelSoulVulture.class; com/github/alexthe666/alexsmobs/client/render/RenderSoulVulture.class; assets/alexsmobs/textures/entity/soul_vulture/soul_vulture.png; com/github/alexthe666/alexsmobs/ClientProxy.class; com/github/alexthe666/alexsmobs/citadel/client/model/AdvancedEntityModel.class; com/github/alexthe666/alexsmobs/citadel/client/model/AdvancedModelBox.class; com/github/alexthe666/alexsmobs/client/render/layer/LayerSoulVultureGlow.class; com/github/alexthe666/alexsmobs/entity/AMEntityRegistry.class; output-am/proveniencia.json,evidence-am/alexsmobs-2.1.14-neoforge+1.21.1.jar::data/alexsmobs/loot_table/entities/soul_vulture_heart.json; evidence-am/decompiled-full/com/github/alexthe666/alexsmobs/entity/EntitySoulVulture.java; evidence-am/decompiled-full/com/github/alexthe666/alexsmobs/item/AMItemRegistry.java; registros-usos-itens.json#alexsmobs:soul_heart,Não aplicável: uso direto ou nenhuma receita identificada na build
Snow Leopard,Alex’s Mobs Continued,Criatura Animal; alvos: LivingEntity,BiomeConfig padrão: (#minecraft:is_overworld E #forge:is_snowy) OU (minecraft:snowy_slopes) OU (minecraft:frozen_peaks) OU (minecraft:jagged_peaks) OU (terralith:frozen_cliffs) OU (terralith:glacial_chasm) OU (terralith:snowy_badlands E terralith:snowy_maple_forest) OU (terralith:emerald_peaks) OU (terralith:rocky_mountains) OU (terralith:scarlet_mountains) OU (terralith:snowy_shield) OU (terralith:skylands_winter); grupos alternativos; entradas externas só se biomas existirem. Fonte: evidence-am/decompiled-full/com/github/alexthe666/alexsmobs/config/BiomeConfig.java → evidence-am/decompiled-full/com/github/alexthe666/alexsmobs/config/DefaultBiomes.java; configuração efetiva do servidor não confirmada.,Tabela de morte vazia,Sem itens no JSON,0,Loot condicionado ao caminho de morte; herança/interações/variantes fora deste pool separadas; pools=[]; mecanismos paralelos separados,Não aplicável,Alta nos arquivos versionados; configurações/datapacks externos não confirmados,/images/bestiary/audited/am/snow-leopard.png,com/github/alexthe666/alexsmobs/client/model/ModelSnowLeopard.class; com/github/alexthe666/alexsmobs/client/render/RenderSnowLeopard.class; assets/alexsmobs/textures/entity/snow_leopard.png; com/github/alexthe666/alexsmobs/ClientProxy.class; com/github/alexthe666/alexsmobs/citadel/client/model/AdvancedEntityModel.class; com/github/alexthe666/alexsmobs/citadel/client/model/AdvancedModelBox.class; com/github/alexthe666/alexsmobs/entity/AMEntityRegistry.class; output-am/proveniencia.json,evidence-am/alexsmobs-2.1.14-neoforge+1.21.1.jar::data/alexsmobs/loot_table/entities/snow_leopard.json; evidence-am/decompiled-full/com/github/alexthe666/alexsmobs/entity/EntitySnowLeopard.java,Não aplicável: uso direto ou nenhuma receita identificada na build
Spectre,Alex’s Mobs Continued,Criatura Animal; comportamento definido na classe e herança citadas,BiomeConfig padrão: (#minecraft:is_end E NÃO minecraft:the_end); grupos alternativos; entradas externas só se biomas existirem. Fonte: evidence-am/decompiled-full/com/github/alexthe666/alexsmobs/config/BiomeConfig.java → evidence-am/decompiled-full/com/github/alexthe666/alexsmobs/config/DefaultBiomes.java; configuração efetiva do servidor não confirmada.,Tabela de morte vazia,Sem itens no JSON,0,Loot condicionado ao caminho de morte; herança/interações/variantes fora deste pool separadas; pools=[]; mecanismos paralelos separados,Não aplicável,Alta nos arquivos versionados; configurações/datapacks externos não confirmados,/images/bestiary/audited/am/spectre.png,com/github/alexthe666/alexsmobs/client/model/ModelSpectre.class; com/github/alexthe666/alexsmobs/client/render/RenderSpectre.class; assets/alexsmobs/textures/entity/spectre.png; assets/alexsmobs/textures/entity/spectre_glow.png; com/github/alexthe666/alexsmobs/ClientProxy.class; com/github/alexthe666/alexsmobs/citadel/client/model/AdvancedEntityModel.class; com/github/alexthe666/alexsmobs/citadel/client/model/AdvancedModelBox.class; com/github/alexthe666/alexsmobs/client/render/RenderSpectre$SpectreEyesLayer.class; com/github/alexthe666/alexsmobs/client/render/RenderSpectre$SpectreMembraneLayer.class; com/github/alexthe666/alexsmobs/entity/AMEntityRegistry.class; output-am/proveniencia.json,evidence-am/alexsmobs-2.1.14-neoforge+1.21.1.jar::data/alexsmobs/loot_table/entities/spectre.json; evidence-am/decompiled-full/com/github/alexthe666/alexsmobs/entity/EntitySpectre.java,Não aplicável: uso direto ou nenhuma receita identificada na build
Alligator Snapping Turtle,Alex’s Mobs Continued,Criatura Animal; comportamento definido na classe e herança citadas,BiomeConfig padrão: (#minecraft:is_overworld E #forge:is_swamp E NÃO minecraft:mangrove_swamp) OU (biomesoplenty:tundra_bog) OU (terralith:ice_marsh) OU (terralith:orchid_swamp); grupos alternativos; entradas externas só se biomas existirem. Fonte: evidence-am/decompiled-full/com/github/alexthe666/alexsmobs/config/BiomeConfig.java → evidence-am/decompiled-full/com/github/alexthe666/alexsmobs/config/DefaultBiomes.java; configuração efetiva do servidor não confirmada.,Tabela própria ausente,Sem recurso próprio,0,Loot condicionado ao caminho de morte; herança/interações/variantes fora deste pool separadas; ausência não prova ausência de herança; rotas de classe auditadas à parte,Não aplicável,Alta nos arquivos versionados; configurações/datapacks externos não confirmados,/images/bestiary/audited/am/alligator-snapping-turtle.png,com/github/alexthe666/alexsmobs/client/model/ModelAlligatorSnappingTurtle.class; com/github/alexthe666/alexsmobs/client/render/RenderAlligatorSnappingTurtle.class; assets/alexsmobs/textures/entity/alligator_snapping_turtle.png; com/github/alexthe666/alexsmobs/ClientProxy.class; com/github/alexthe666/alexsmobs/citadel/client/model/AdvancedEntityModel.class; com/github/alexthe666/alexsmobs/citadel/client/model/AdvancedModelBox.class; com/github/alexthe666/alexsmobs/client/render/RenderAlligatorSnappingTurtle$AlligatorSnappingTurtleMossLayer.class; com/github/alexthe666/alexsmobs/entity/AMEntityRegistry.class; output-am/proveniencia.json,evidence-am/alexsmobs-2.1.14-neoforge+1.21.1.jar::data/alexsmobs/loot_table/entities/alligator_snapping_turtle.json; evidence-am/decompiled-full/com/github/alexthe666/alexsmobs/entity/EntityAlligatorSnappingTurtle.java,Não aplicável: uso direto ou nenhuma receita identificada na build
Alligator Snapping Turtle,Alex’s Mobs Continued,Criatura Animal; comportamento definido na classe e herança citadas,BiomeConfig padrão: (#minecraft:is_overworld E #forge:is_swamp E NÃO minecraft:mangrove_swamp) OU (biomesoplenty:tundra_bog) OU (terralith:ice_marsh) OU (terralith:orchid_swamp); grupos alternativos; entradas externas só se biomas existirem. Fonte: evidence-am/decompiled-full/com/github/alexthe666/alexsmobs/config/BiomeConfig.java → evidence-am/decompiled-full/com/github/alexthe666/alexsmobs/config/DefaultBiomes.java; configuração efetiva do servidor não confirmada.,Recompensa com mob vivo,alexsmobs:spiked_scute,1,Tesoura e moss>0; randomFloat < moss×0.05; musgo zera; alternativa Seagrass se teste falhar,"Ingrediente nas receitas auditadas: {'id': 'alexsmobs:spiked_turtle_shell', 'count': 1}",Alta nos arquivos versionados; configurações/datapacks externos não confirmados,/images/bestiary/audited/am/alligator-snapping-turtle.png,com/github/alexthe666/alexsmobs/client/model/ModelAlligatorSnappingTurtle.class; com/github/alexthe666/alexsmobs/client/render/RenderAlligatorSnappingTurtle.class; assets/alexsmobs/textures/entity/alligator_snapping_turtle.png; com/github/alexthe666/alexsmobs/ClientProxy.class; com/github/alexthe666/alexsmobs/citadel/client/model/AdvancedEntityModel.class; com/github/alexthe666/alexsmobs/citadel/client/model/AdvancedModelBox.class; com/github/alexthe666/alexsmobs/client/render/RenderAlligatorSnappingTurtle$AlligatorSnappingTurtleMossLayer.class; com/github/alexthe666/alexsmobs/entity/AMEntityRegistry.class; output-am/proveniencia.json,/workspace/scratch/25006bff7ab5/evidence-am/decompiled-full/com/github/alexthe666/alexsmobs/entity/EntityAlligatorSnappingTurtle.java; evidence-am/decompiled-full/com/github/alexthe666/alexsmobs/entity/EntityAlligatorSnappingTurtle.java; evidence-am/decompiled-full/com/github/alexthe666/alexsmobs/item/AMItemRegistry.java; registros-usos-itens.json#alexsmobs:spiked_scute,/bestiary/receitas/am.html#receita-animal-dictionary | [Receita animal_dictionary](lote-final-2026-10-06/am-cards-2026-10-06.md#receita-animal-dictionary) — data/alexsmobs/recipe/animal_dictionary.json; [Receita spiked_turtle_shell](lote-final-2026-10-06/am-cards-2026-10-06.md#receita-spiked-turtle-shell) — data/alexsmobs/recipe/spiked_turtle_shell.json
Alligator Snapping Turtle,Alex’s Mobs Continued,Criatura Animal; comportamento definido na classe e herança citadas,BiomeConfig padrão: (#minecraft:is_overworld E #forge:is_swamp E NÃO minecraft:mangrove_swamp) OU (biomesoplenty:tundra_bog) OU (terralith:ice_marsh) OU (terralith:orchid_swamp); grupos alternativos; entradas externas só se biomas existirem. Fonte: evidence-am/decompiled-full/com/github/alexthe666/alexsmobs/config/BiomeConfig.java → evidence-am/decompiled-full/com/github/alexthe666/alexsmobs/config/DefaultBiomes.java; configuração efetiva do servidor não confirmada.,Recompensa com mob vivo,minecraft:seagrass,1,Mesmo shear; ramo complementar quando sorteio de Spiked Scute falha; musgo zera,"Bloco/planta vanilla1.21.1 para colocação, construção ou cultivo; comportamento específico conforme registro/bloco vanilla",Alta no recurso/registro/classe citados; condições efetivas do pack não confirmadas,/images/bestiary/audited/am/alligator-snapping-turtle.png,com/github/alexthe666/alexsmobs/client/model/ModelAlligatorSnappingTurtle.class; com/github/alexthe666/alexsmobs/client/render/RenderAlligatorSnappingTurtle.class; assets/alexsmobs/textures/entity/alligator_snapping_turtle.png; com/github/alexthe666/alexsmobs/ClientProxy.class; com/github/alexthe666/alexsmobs/citadel/client/model/AdvancedEntityModel.class; com/github/alexthe666/alexsmobs/citadel/client/model/AdvancedModelBox.class; com/github/alexthe666/alexsmobs/client/render/RenderAlligatorSnappingTurtle$AlligatorSnappingTurtleMossLayer.class; com/github/alexthe666/alexsmobs/entity/AMEntityRegistry.class; output-am/proveniencia.json,/workspace/scratch/25006bff7ab5/evidence-am/decompiled-full/com/github/alexthe666/alexsmobs/entity/EntityAlligatorSnappingTurtle.java; evidence-am/decompiled-full/com/github/alexthe666/alexsmobs/entity/EntityAlligatorSnappingTurtle.java,[Receitas vanilla1.21.1](lote-final-2026-10-06/receitas-vanilla.json)
Mungus,Alex’s Mobs Continued,Criatura Animal; comportamento definido na classe e herança citadas,BiomeConfig padrão: (#minecraft:is_overworld E #forge:is_mushroom E #forge:is_rare) OU (terralith:mirage_isles); grupos alternativos; entradas externas só se biomas existirem. Fonte: evidence-am/decompiled-full/com/github/alexthe666/alexsmobs/config/BiomeConfig.java → evidence-am/decompiled-full/com/github/alexthe666/alexsmobs/config/DefaultBiomes.java; configuração efetiva do servidor não confirmada.,Tabela de morte vazia,Sem itens no JSON,0,Loot condicionado ao caminho de morte; herança/interações/variantes fora deste pool separadas; pools=[]; mecanismos paralelos separados,Não aplicável,Alta nos arquivos versionados; configurações/datapacks externos não confirmados,/images/bestiary/audited/am/mungus.png,com/github/alexthe666/alexsmobs/client/model/ModelMungus.class; com/github/alexthe666/alexsmobs/client/render/RenderMungus.class; assets/alexsmobs/textures/entity/mungus.png; assets/alexsmobs/textures/entity/mungus_sack.png; com/github/alexthe666/alexsmobs/ClientProxy.class; com/github/alexthe666/alexsmobs/citadel/client/model/AdvancedEntityModel.class; com/github/alexthe666/alexsmobs/citadel/client/model/AdvancedModelBox.class; com/github/alexthe666/alexsmobs/client/render/RenderMungus$MungusMushroomLayer.class; com/github/alexthe666/alexsmobs/client/render/RenderMungus$MungusSackLayer.class; com/github/alexthe666/alexsmobs/entity/AMEntityRegistry.class; output-am/proveniencia.json,evidence-am/alexsmobs-2.1.14-neoforge+1.21.1.jar::data/alexsmobs/loot_table/entities/mungus.json; evidence-am/decompiled-full/com/github/alexthe666/alexsmobs/entity/EntityMungus.java,Não aplicável: uso direto ou nenhuma receita identificada na build
Mungus,Alex’s Mobs Continued,Criatura Animal; comportamento definido na classe e herança citadas,BiomeConfig padrão: (#minecraft:is_overworld E #forge:is_mushroom E #forge:is_rare) OU (terralith:mirage_isles); grupos alternativos; entradas externas só se biomas existirem. Fonte: evidence-am/decompiled-full/com/github/alexthe666/alexsmobs/config/BiomeConfig.java → evidence-am/decompiled-full/com/github/alexthe666/alexsmobs/config/DefaultBiomes.java; configuração efetiva do servidor não confirmada.,Recompensa com mob vivo,alexsmobs:mungal_spores,1,Adulto vivo; timer reseta24000+nextInt24000 ticks,"Alimentar/reproduzir Mungus pela tag mungus_breedables; transformação em Warped Mosco usa Warped Mixture, não estes esporos",Alta no recurso/registro/classe citados; condições efetivas do pack não confirmadas,/images/bestiary/audited/am/mungus.png,com/github/alexthe666/alexsmobs/client/model/ModelMungus.class; com/github/alexthe666/alexsmobs/client/render/RenderMungus.class; assets/alexsmobs/textures/entity/mungus.png; assets/alexsmobs/textures/entity/mungus_sack.png; com/github/alexthe666/alexsmobs/ClientProxy.class; com/github/alexthe666/alexsmobs/citadel/client/model/AdvancedEntityModel.class; com/github/alexthe666/alexsmobs/citadel/client/model/AdvancedModelBox.class; com/github/alexthe666/alexsmobs/client/render/RenderMungus$MungusMushroomLayer.class; com/github/alexthe666/alexsmobs/client/render/RenderMungus$MungusSackLayer.class; com/github/alexthe666/alexsmobs/entity/AMEntityRegistry.class; output-am/proveniencia.json,/workspace/scratch/25006bff7ab5/evidence-am/decompiled-full/com/github/alexthe666/alexsmobs/entity/EntityMungus.java; evidence-am/decompiled-full/com/github/alexthe666/alexsmobs/entity/EntityMungus.java; evidence-am/decompiled-full/com/github/alexthe666/alexsmobs/item/AMItemRegistry.java; registros-usos-itens.json#alexsmobs:mungal_spores,Não aplicável: uso direto ou nenhuma receita identificada na build
Mantis Shrimp,Alex’s Mobs Continued,Criatura TamableAnimal; comportamento definido na classe e herança citadas,BiomeConfig padrão: (#minecraft:is_ocean E #forge:is_hot/overworld) OU (minecraft:mangrove_swamp); grupos alternativos; entradas externas só se biomas existirem. Fonte: evidence-am/decompiled-full/com/github/alexthe666/alexsmobs/config/BiomeConfig.java → evidence-am/decompiled-full/com/github/alexthe666/alexsmobs/config/DefaultBiomes.java; configuração efetiva do servidor não confirmada.,Tabela própria ausente,Sem recurso próprio,0,Loot condicionado ao caminho de morte; herança/interações/variantes fora deste pool separadas; ausência não prova ausência de herança; rotas de classe auditadas à parte,Não aplicável,Alta nos arquivos versionados; configurações/datapacks externos não confirmados,/images/bestiary/audited/am/mantis-shrimp-variant-0.png,com/github/alexthe666/alexsmobs/client/model/ModelMantisShrimp.class; com/github/alexthe666/alexsmobs/client/render/RenderMantisShrimp.class; assets/alexsmobs/textures/entity/mantis_shrimp_0.png; com/github/alexthe666/alexsmobs/ClientProxy.class; com/github/alexthe666/alexsmobs/citadel/client/model/AdvancedEntityModel.class; com/github/alexthe666/alexsmobs/citadel/client/model/AdvancedModelBox.class; com/github/alexthe666/alexsmobs/client/render/layer/LayerMantisShrimpItem.class; com/github/alexthe666/alexsmobs/entity/AMEntityRegistry.class; assets/alexsmobs/textures/entity/mantis_shrimp_1.png; assets/alexsmobs/textures/entity/mantis_shrimp_2.png; assets/alexsmobs/textures/entity/mantis_shrimp_3.png; output-am/proveniencia.json,evidence-am/alexsmobs-2.1.14-neoforge+1.21.1.jar::data/alexsmobs/loot_table/entities/mantis_shrimp.json; evidence-am/decompiled-full/com/github/alexthe666/alexsmobs/entity/EntityMantisShrimp.java,Não aplicável: uso direto ou nenhuma receita identificada na build
Guster,Alex’s Mobs Continued,"Criatura Monster; alvos: Player, AbstractVillager",BiomeConfig padrão: (NÃO #forge:no_default_monsters E #forge:is_hot/overworld E #forge:is_dry/overworld E #forge:is_sandy) OU (terralith:ancient_sands) OU (terralith:desert_canyon) OU (terralith:desert_spires) OU (terralith:ashen_savanna) OU (terralith:cave/desert_caves); grupos alternativos; entradas externas só se biomas existirem. Fonte: evidence-am/decompiled-full/com/github/alexthe666/alexsmobs/config/BiomeConfig.java → evidence-am/decompiled-full/com/github/alexthe666/alexsmobs/config/DefaultBiomes.java; configuração efetiva do servidor não confirmada.,Loot de morte,alexsmobs:guster_eye,1,"Loot condicionado ao caminho de morte; herança/interações/variantes fora deste pool separadas; pool1: 1 sorteio(s); reposição se múltiplos rolls; sem Saque 20%; Saque I 30%, +10 p.p./nível acima de I; peso bruto 1/1; normaliza apenas entradas elegíveis; tabela base apenas quando nenhum estado alternativo ativo em EntityGuster.getDefaultLootTable","Ingrediente nas receitas auditadas: {'id': 'alexsmobs:gustmaker', 'count': 1}, {'id': 'alexsmobs:pocket_sand', 'count': 1}",Alta nos arquivos versionados; configurações/datapacks externos não confirmados,/images/bestiary/audited/am/guster.png,com/github/alexthe666/alexsmobs/client/model/ModelGuster.class; com/github/alexthe666/alexsmobs/client/render/RenderGuster.class; assets/alexsmobs/textures/entity/guster.png; assets/alexsmobs/textures/entity/guster_eye.png; com/github/alexthe666/alexsmobs/ClientProxy.class; com/github/alexthe666/alexsmobs/citadel/client/model/AdvancedEntityModel.class; com/github/alexthe666/alexsmobs/citadel/client/model/AdvancedModelBox.class; com/github/alexthe666/alexsmobs/client/render/RenderGuster$GusterEyesLayer.class; com/github/alexthe666/alexsmobs/entity/AMEntityRegistry.class; output-am/proveniencia.json,evidence-am/alexsmobs-2.1.14-neoforge+1.21.1.jar::data/alexsmobs/loot_table/entities/guster.json; evidence-am/decompiled-full/com/github/alexthe666/alexsmobs/entity/EntityGuster.java; evidence-am/decompiled-full/com/github/alexthe666/alexsmobs/item/AMItemRegistry.java; registros-usos-itens.json#alexsmobs:guster_eye,/bestiary/receitas/am.html#receita-gustmaker | [Receita gustmaker](lote-final-2026-10-06/am-cards-2026-10-06.md#receita-gustmaker) — data/alexsmobs/recipe/gustmaker.json; [Receita pocket_sand](lote-final-2026-10-06/am-cards-2026-10-06.md#receita-pocket-sand) — data/alexsmobs/recipe/pocket_sand.json
Guster,Alex’s Mobs Continued,"Criatura Monster; alvos: Player, AbstractVillager",BiomeConfig padrão: (NÃO #forge:no_default_monsters E #forge:is_hot/overworld E #forge:is_dry/overworld E #forge:is_sandy) OU (terralith:ancient_sands) OU (terralith:desert_canyon) OU (terralith:desert_spires) OU (terralith:ashen_savanna) OU (terralith:cave/desert_caves); grupos alternativos; entradas externas só se biomas existirem. Fonte: evidence-am/decompiled-full/com/github/alexthe666/alexsmobs/config/BiomeConfig.java → evidence-am/decompiled-full/com/github/alexthe666/alexsmobs/config/DefaultBiomes.java; configuração efetiva do servidor não confirmada.,Loot de morte,minecraft:sand,0–3,"Loot condicionado ao caminho de morte; herança/interações/variantes fora deste pool separadas; pool2: 1 sorteio(s); reposição se múltiplos rolls; peso bruto 1/1; normaliza apenas entradas elegíveis; set_count; Saque minecraft:looting: bônus Math.round(nível × sorteio 0–1); limite sem limite explícito; aplica receita de fundição ao item; função somente se this satisfaz {""flags"": {""is_on_fire"": true}}; tabela base apenas quando nenhum estado alternativo ativo em EntityGuster.getDefaultLootTable","Ingrediente nas receitas auditadas: {'id': 'alexsmobs:pocket_sand', 'count': 1}",Alta nos arquivos versionados; configurações/datapacks externos não confirmados,/images/bestiary/audited/am/guster.png,com/github/alexthe666/alexsmobs/client/model/ModelGuster.class; com/github/alexthe666/alexsmobs/client/render/RenderGuster.class; assets/alexsmobs/textures/entity/guster.png; assets/alexsmobs/textures/entity/guster_eye.png; com/github/alexthe666/alexsmobs/ClientProxy.class; com/github/alexthe666/alexsmobs/citadel/client/model/AdvancedEntityModel.class; com/github/alexthe666/alexsmobs/citadel/client/model/AdvancedModelBox.class; com/github/alexthe666/alexsmobs/client/render/RenderGuster$GusterEyesLayer.class; com/github/alexthe666/alexsmobs/entity/AMEntityRegistry.class; output-am/proveniencia.json,evidence-am/alexsmobs-2.1.14-neoforge+1.21.1.jar::data/alexsmobs/loot_table/entities/guster.json; evidence-am/decompiled-full/com/github/alexthe666/alexsmobs/entity/EntityGuster.java,/bestiary/receitas/am.html#receita-pocket-sand | [Receita pocket_sand](lote-final-2026-10-06/am-cards-2026-10-06.md#receita-pocket-sand) — data/alexsmobs/recipe/pocket_sand.json
Guster,Alex’s Mobs Continued,"Criatura Monster; alvos: Player, AbstractVillager",BiomeConfig padrão: (NÃO #forge:no_default_monsters E #forge:is_hot/overworld E #forge:is_dry/overworld E #forge:is_sandy) OU (terralith:ancient_sands) OU (terralith:desert_canyon) OU (terralith:desert_spires) OU (terralith:ashen_savanna) OU (terralith:cave/desert_caves); grupos alternativos; entradas externas só se biomas existirem. Fonte: evidence-am/decompiled-full/com/github/alexthe666/alexsmobs/config/BiomeConfig.java → evidence-am/decompiled-full/com/github/alexthe666/alexsmobs/config/DefaultBiomes.java; configuração efetiva do servidor não confirmada.,Loot de morte alternativo,alexsmobs:guster_eye,1,"variant==1; tabela selecionada pela classe substitui a base; não somar pools; pool1: 1 sorteio(s); reposição se múltiplos rolls; sem Saque 20%; Saque I 30%, +10 p.p./nível acima de I; peso bruto 1/1; normaliza apenas entradas elegíveis","Ingrediente nas receitas auditadas: {'id': 'alexsmobs:gustmaker', 'count': 1}, {'id': 'alexsmobs:pocket_sand', 'count': 1}",Alta nos arquivos versionados; configurações/datapacks externos não confirmados,/images/bestiary/audited/am/guster.png,com/github/alexthe666/alexsmobs/client/model/ModelGuster.class; com/github/alexthe666/alexsmobs/client/render/RenderGuster.class; assets/alexsmobs/textures/entity/guster.png; assets/alexsmobs/textures/entity/guster_eye.png; com/github/alexthe666/alexsmobs/ClientProxy.class; com/github/alexthe666/alexsmobs/citadel/client/model/AdvancedEntityModel.class; com/github/alexthe666/alexsmobs/citadel/client/model/AdvancedModelBox.class; com/github/alexthe666/alexsmobs/client/render/RenderGuster$GusterEyesLayer.class; com/github/alexthe666/alexsmobs/entity/AMEntityRegistry.class; output-am/proveniencia.json,evidence-am/alexsmobs-2.1.14-neoforge+1.21.1.jar::data/alexsmobs/loot_table/entities/guster_red.json; evidence-am/decompiled-full/com/github/alexthe666/alexsmobs/entity/EntityGuster.java; evidence-am/decompiled-full/com/github/alexthe666/alexsmobs/item/AMItemRegistry.java; registros-usos-itens.json#alexsmobs:guster_eye,/bestiary/receitas/am.html#receita-gustmaker | [Receita gustmaker](lote-final-2026-10-06/am-cards-2026-10-06.md#receita-gustmaker) — data/alexsmobs/recipe/gustmaker.json; [Receita pocket_sand](lote-final-2026-10-06/am-cards-2026-10-06.md#receita-pocket-sand) — data/alexsmobs/recipe/pocket_sand.json
Guster,Alex’s Mobs Continued,"Criatura Monster; alvos: Player, AbstractVillager",BiomeConfig padrão: (NÃO #forge:no_default_monsters E #forge:is_hot/overworld E #forge:is_dry/overworld E #forge:is_sandy) OU (terralith:ancient_sands) OU (terralith:desert_canyon) OU (terralith:desert_spires) OU (terralith:ashen_savanna) OU (terralith:cave/desert_caves); grupos alternativos; entradas externas só se biomas existirem. Fonte: evidence-am/decompiled-full/com/github/alexthe666/alexsmobs/config/BiomeConfig.java → evidence-am/decompiled-full/com/github/alexthe666/alexsmobs/config/DefaultBiomes.java; configuração efetiva do servidor não confirmada.,Loot de morte alternativo,minecraft:red_sand,0–3,"variant==1; tabela selecionada pela classe substitui a base; não somar pools; pool2: 1 sorteio(s); reposição se múltiplos rolls; peso bruto 1/1; normaliza apenas entradas elegíveis; set_count; Saque minecraft:looting: bônus Math.round(nível × sorteio 0–1); limite sem limite explícito; aplica receita de fundição ao item; função somente se this satisfaz {""flags"": {""is_on_fire"": true}}","Ingrediente nas receitas vanilla1.21.1: {'count': 1, 'id': 'minecraft:red_sandstone'}, {'count': 1, 'id': 'minecraft:tnt'}",Alta nos arquivos versionados; configurações/datapacks externos não confirmados,/images/bestiary/audited/am/guster.png,com/github/alexthe666/alexsmobs/client/model/ModelGuster.class; com/github/alexthe666/alexsmobs/client/render/RenderGuster.class; assets/alexsmobs/textures/entity/guster.png; assets/alexsmobs/textures/entity/guster_eye.png; com/github/alexthe666/alexsmobs/ClientProxy.class; com/github/alexthe666/alexsmobs/citadel/client/model/AdvancedEntityModel.class; com/github/alexthe666/alexsmobs/citadel/client/model/AdvancedModelBox.class; com/github/alexthe666/alexsmobs/client/render/RenderGuster$GusterEyesLayer.class; com/github/alexthe666/alexsmobs/entity/AMEntityRegistry.class; output-am/proveniencia.json,evidence-am/alexsmobs-2.1.14-neoforge+1.21.1.jar::data/alexsmobs/loot_table/entities/guster_red.json; evidence-am/decompiled-full/com/github/alexthe666/alexsmobs/entity/EntityGuster.java,[Receitas vanilla1.21.1](lote-final-2026-10-06/receitas-vanilla.json)
Guster,Alex’s Mobs Continued,"Criatura Monster; alvos: Player, AbstractVillager",BiomeConfig padrão: (NÃO #forge:no_default_monsters E #forge:is_hot/overworld E #forge:is_dry/overworld E #forge:is_sandy) OU (terralith:ancient_sands) OU (terralith:desert_canyon) OU (terralith:desert_spires) OU (terralith:ashen_savanna) OU (terralith:cave/desert_caves); grupos alternativos; entradas externas só se biomas existirem. Fonte: evidence-am/decompiled-full/com/github/alexthe666/alexsmobs/config/BiomeConfig.java → evidence-am/decompiled-full/com/github/alexthe666/alexsmobs/config/DefaultBiomes.java; configuração efetiva do servidor não confirmada.,Loot de morte alternativo,alexsmobs:guster_eye,1,"variant==2; tabela selecionada pela classe substitui a base; não somar pools; pool1: 1 sorteio(s); reposição se múltiplos rolls; sem Saque 20%; Saque I 30%, +10 p.p./nível acima de I; peso bruto 1/1; normaliza apenas entradas elegíveis","Ingrediente nas receitas auditadas: {'id': 'alexsmobs:gustmaker', 'count': 1}, {'id': 'alexsmobs:pocket_sand', 'count': 1}",Alta nos arquivos versionados; configurações/datapacks externos não confirmados,/images/bestiary/audited/am/guster.png,com/github/alexthe666/alexsmobs/client/model/ModelGuster.class; com/github/alexthe666/alexsmobs/client/render/RenderGuster.class; assets/alexsmobs/textures/entity/guster.png; assets/alexsmobs/textures/entity/guster_eye.png; com/github/alexthe666/alexsmobs/ClientProxy.class; com/github/alexthe666/alexsmobs/citadel/client/model/AdvancedEntityModel.class; com/github/alexthe666/alexsmobs/citadel/client/model/AdvancedModelBox.class; com/github/alexthe666/alexsmobs/client/render/RenderGuster$GusterEyesLayer.class; com/github/alexthe666/alexsmobs/entity/AMEntityRegistry.class; output-am/proveniencia.json,evidence-am/alexsmobs-2.1.14-neoforge+1.21.1.jar::data/alexsmobs/loot_table/entities/guster_soul.json; evidence-am/decompiled-full/com/github/alexthe666/alexsmobs/entity/EntityGuster.java; evidence-am/decompiled-full/com/github/alexthe666/alexsmobs/item/AMItemRegistry.java; registros-usos-itens.json#alexsmobs:guster_eye,/bestiary/receitas/am.html#receita-gustmaker | [Receita gustmaker](lote-final-2026-10-06/am-cards-2026-10-06.md#receita-gustmaker) — data/alexsmobs/recipe/gustmaker.json; [Receita pocket_sand](lote-final-2026-10-06/am-cards-2026-10-06.md#receita-pocket-sand) — data/alexsmobs/recipe/pocket_sand.json
Guster,Alex’s Mobs Continued,"Criatura Monster; alvos: Player, AbstractVillager",BiomeConfig padrão: (NÃO #forge:no_default_monsters E #forge:is_hot/overworld E #forge:is_dry/overworld E #forge:is_sandy) OU (terralith:ancient_sands) OU (terralith:desert_canyon) OU (terralith:desert_spires) OU (terralith:ashen_savanna) OU (terralith:cave/desert_caves); grupos alternativos; entradas externas só se biomas existirem. Fonte: evidence-am/decompiled-full/com/github/alexthe666/alexsmobs/config/BiomeConfig.java → evidence-am/decompiled-full/com/github/alexthe666/alexsmobs/config/DefaultBiomes.java; configuração efetiva do servidor não confirmada.,Loot de morte alternativo,minecraft:soul_sand,0–3,"variant==2; tabela selecionada pela classe substitui a base; não somar pools; pool2: 1 sorteio(s); reposição se múltiplos rolls; peso bruto 1/1; normaliza apenas entradas elegíveis; set_count; Saque minecraft:looting: bônus Math.round(nível × sorteio 0–1); limite sem limite explícito; aplica receita de fundição ao item; função somente se this satisfaz {""flags"": {""is_on_fire"": true}}","Bloco/planta vanilla1.21.1 para colocação, construção ou cultivo; comportamento específico conforme registro/bloco vanilla",Alta no recurso/registro/classe citados; condições efetivas do pack não confirmadas,/images/bestiary/audited/am/guster.png,com/github/alexthe666/alexsmobs/client/model/ModelGuster.class; com/github/alexthe666/alexsmobs/client/render/RenderGuster.class; assets/alexsmobs/textures/entity/guster.png; assets/alexsmobs/textures/entity/guster_eye.png; com/github/alexthe666/alexsmobs/ClientProxy.class; com/github/alexthe666/alexsmobs/citadel/client/model/AdvancedEntityModel.class; com/github/alexthe666/alexsmobs/citadel/client/model/AdvancedModelBox.class; com/github/alexthe666/alexsmobs/client/render/RenderGuster$GusterEyesLayer.class; com/github/alexthe666/alexsmobs/entity/AMEntityRegistry.class; output-am/proveniencia.json,evidence-am/alexsmobs-2.1.14-neoforge+1.21.1.jar::data/alexsmobs/loot_table/entities/guster_soul.json; evidence-am/decompiled-full/com/github/alexthe666/alexsmobs/entity/EntityGuster.java,[Receitas vanilla1.21.1](lote-final-2026-10-06/receitas-vanilla.json)
Warped Mosco,Alex’s Mobs Continued,Criatura Monster; comportamento definido na classe e herança citadas,Crimson Mosquito recebe Warped Mixture e entra no estado Sick; transformação em Warped Mosco; EntityCrimsonMosquito.mobInteract/tick da build.,Loot de morte,alexsmobs:warped_muscle,1,"Loot condicionado ao caminho de morte; herança/interações/variantes fora deste pool separadas; pool1: 1 sorteio(s); reposição se múltiplos rolls; sem Saque 70%; Saque I 80%, +10 p.p./nível acima de I; peso bruto 1/1; normaliza apenas entradas elegíveis","Ingrediente nas receitas auditadas: {'id': 'alexsmobs:hemolymph_blaster', 'count': 1}",Alta nos arquivos versionados; configurações/datapacks externos não confirmados,/images/bestiary/audited/am/warped-mosco.png,com/github/alexthe666/alexsmobs/client/model/ModelWarpedMosco.class; com/github/alexthe666/alexsmobs/client/render/RenderWarpedMosco.class; assets/alexsmobs/textures/entity/warped_mosco.png; assets/alexsmobs/textures/entity/warped_mosco_glow.png; com/github/alexthe666/alexsmobs/ClientProxy.class; com/github/alexthe666/alexsmobs/citadel/client/model/AdvancedEntityModel.class; com/github/alexthe666/alexsmobs/citadel/client/model/AdvancedModelBox.class; com/github/alexthe666/alexsmobs/client/render/RenderWarpedMosco$WarpedMoscoGlowLayer.class; com/github/alexthe666/alexsmobs/entity/AMEntityRegistry.class; output-am/proveniencia.json,evidence-am/alexsmobs-2.1.14-neoforge+1.21.1.jar::data/alexsmobs/loot_table/entities/warped_mosco.json; evidence-am/decompiled-full/com/github/alexthe666/alexsmobs/entity/EntityWarpedMosco.java; evidence-am/decompiled-full/com/github/alexthe666/alexsmobs/item/AMItemRegistry.java; registros-usos-itens.json#alexsmobs:warped_muscle,/bestiary/receitas/am.html#receita-hemolymph-blaster | [Receita hemolymph_blaster](lote-final-2026-10-06/am-cards-2026-10-06.md#receita-hemolymph-blaster) — data/alexsmobs/recipe/hemolymph_blaster.json
Warped Mosco,Alex’s Mobs Continued,Criatura Monster; comportamento definido na classe e herança citadas,Crimson Mosquito recebe Warped Mixture e entra no estado Sick; transformação em Warped Mosco; EntityCrimsonMosquito.mobInteract/tick da build.,Loot de morte,alexsmobs:hemolymph_sac,1–5,Loot condicionado ao caminho de morte; herança/interações/variantes fora deste pool separadas; pool2: 1 sorteio(s); reposição se múltiplos rolls; peso bruto 1/1; normaliza apenas entradas elegíveis; set_count; Saque minecraft:looting: bônus Math.round(nível × sorteio 0–1); limite sem limite explícito,"Ingrediente nas receitas auditadas: {'id': 'alexsmobs:hemolymph_blaster', 'count': 1}",Alta nos arquivos versionados; configurações/datapacks externos não confirmados,/images/bestiary/audited/am/warped-mosco.png,com/github/alexthe666/alexsmobs/client/model/ModelWarpedMosco.class; com/github/alexthe666/alexsmobs/client/render/RenderWarpedMosco.class; assets/alexsmobs/textures/entity/warped_mosco.png; assets/alexsmobs/textures/entity/warped_mosco_glow.png; com/github/alexthe666/alexsmobs/ClientProxy.class; com/github/alexthe666/alexsmobs/citadel/client/model/AdvancedEntityModel.class; com/github/alexthe666/alexsmobs/citadel/client/model/AdvancedModelBox.class; com/github/alexthe666/alexsmobs/client/render/RenderWarpedMosco$WarpedMoscoGlowLayer.class; com/github/alexthe666/alexsmobs/entity/AMEntityRegistry.class; output-am/proveniencia.json,evidence-am/alexsmobs-2.1.14-neoforge+1.21.1.jar::data/alexsmobs/loot_table/entities/warped_mosco.json; evidence-am/decompiled-full/com/github/alexthe666/alexsmobs/entity/EntityWarpedMosco.java; evidence-am/decompiled-full/com/github/alexthe666/alexsmobs/item/AMItemRegistry.java; registros-usos-itens.json#alexsmobs:hemolymph_sac,/bestiary/receitas/am.html#receita-hemolymph-blaster | [Receita hemolymph_blaster](lote-final-2026-10-06/am-cards-2026-10-06.md#receita-hemolymph-blaster) — data/alexsmobs/recipe/hemolymph_blaster.json
Straddler,Alex’s Mobs Continued,"Criatura Monster; alvos: Player, AbstractVillager",BiomeConfig padrão: (NÃO #forge:no_default_monsters E minecraft:basalt_deltas) OU (biomesoplenty:withered_abyss) OU (incendium:volcanic_deltas) OU (incendium:withered_forest); grupos alternativos; entradas externas só se biomas existirem. Fonte: evidence-am/decompiled-full/com/github/alexthe666/alexsmobs/config/BiomeConfig.java → evidence-am/decompiled-full/com/github/alexthe666/alexsmobs/config/DefaultBiomes.java; configuração efetiva do servidor não confirmada.,Loot de morte,alexsmobs:straddlite,1,"Loot condicionado ao caminho de morte; herança/interações/variantes fora deste pool separadas; pool1: 1 sorteio(s); reposição se múltiplos rolls; sem Saque 20%; Saque I 25%, +5 p.p./nível acima de I; peso bruto 1/1; normaliza apenas entradas elegíveis","Ingrediente nas receitas auditadas: {'id': 'alexsmobs:straddle_helmet', 'count': 1}, {'id': 'alexsmobs:straddle_saddle', 'count': 1}, {'id': 'alexsmobs:straddleboard', 'count': 1}, {'id': 'alexsmobs:straddlite_block', 'count': 1}",Alta nos arquivos versionados; configurações/datapacks externos não confirmados,/images/bestiary/audited/am/straddler.png,com/github/alexthe666/alexsmobs/client/model/ModelStraddler.class; com/github/alexthe666/alexsmobs/client/render/RenderStraddler.class; assets/alexsmobs/textures/entity/straddler.png; com/github/alexthe666/alexsmobs/ClientProxy.class; com/github/alexthe666/alexsmobs/citadel/client/model/AdvancedEntityModel.class; com/github/alexthe666/alexsmobs/citadel/client/model/AdvancedModelBox.class; com/github/alexthe666/alexsmobs/client/render/RenderStraddler$StradpoleLayer.class; com/github/alexthe666/alexsmobs/entity/AMEntityRegistry.class; output-am/proveniencia.json,evidence-am/alexsmobs-2.1.14-neoforge+1.21.1.jar::data/alexsmobs/loot_table/entities/straddler.json; evidence-am/decompiled-full/com/github/alexthe666/alexsmobs/entity/EntityStraddler.java; evidence-am/decompiled-full/com/github/alexthe666/alexsmobs/item/AMItemRegistry.java; registros-usos-itens.json#alexsmobs:straddlite,/bestiary/receitas/am.html#receita-animal-dictionary | [Receita animal_dictionary](lote-final-2026-10-06/am-cards-2026-10-06.md#receita-animal-dictionary) — data/alexsmobs/recipe/animal_dictionary.json; [Receita straddle_helmet](lote-final-2026-10-06/am-cards-2026-10-06.md#receita-straddle-helmet) — data/alexsmobs/recipe/straddle_helmet.json; [Receita straddle_saddle](lote-final-2026-10-06/am-cards-2026-10-06.md#receita-straddle-saddle) — data/alexsmobs/recipe/straddle_saddle.json; [Receita straddleboard](lote-final-2026-10-06/am-cards-2026-10-06.md#receita-straddleboard) — data/alexsmobs/recipe/straddleboard.json; [Receita straddlite_block](lote-final-2026-10-06/am-cards-2026-10-06.md#receita-straddlite-block) — data/alexsmobs/recipe/straddlite_block.json
Straddler,Alex’s Mobs Continued,"Criatura Monster; alvos: Player, AbstractVillager",BiomeConfig padrão: (NÃO #forge:no_default_monsters E minecraft:basalt_deltas) OU (biomesoplenty:withered_abyss) OU (incendium:volcanic_deltas) OU (incendium:withered_forest); grupos alternativos; entradas externas só se biomas existirem. Fonte: evidence-am/decompiled-full/com/github/alexthe666/alexsmobs/config/BiomeConfig.java → evidence-am/decompiled-full/com/github/alexthe666/alexsmobs/config/DefaultBiomes.java; configuração efetiva do servidor não confirmada.,Loot de morte,minecraft:basalt,0–3,Loot condicionado ao caminho de morte; herança/interações/variantes fora deste pool separadas; pool2: 1 sorteio(s); reposição se múltiplos rolls; peso bruto 1/1; normaliza apenas entradas elegíveis; set_count; Saque minecraft:looting: bônus Math.round(nível × sorteio 0–1); limite sem limite explícito,"Ingrediente nas receitas vanilla1.21.1: {'count': 4, 'id': 'minecraft:polished_basalt'}, {'count': 1, 'id': 'minecraft:polished_basalt'}, {'id': 'minecraft:smooth_basalt'}",Alta nos arquivos versionados; configurações/datapacks externos não confirmados,/images/bestiary/audited/am/straddler.png,com/github/alexthe666/alexsmobs/client/model/ModelStraddler.class; com/github/alexthe666/alexsmobs/client/render/RenderStraddler.class; assets/alexsmobs/textures/entity/straddler.png; com/github/alexthe666/alexsmobs/ClientProxy.class; com/github/alexthe666/alexsmobs/citadel/client/model/AdvancedEntityModel.class; com/github/alexthe666/alexsmobs/citadel/client/model/AdvancedModelBox.class; com/github/alexthe666/alexsmobs/client/render/RenderStraddler$StradpoleLayer.class; com/github/alexthe666/alexsmobs/entity/AMEntityRegistry.class; output-am/proveniencia.json,evidence-am/alexsmobs-2.1.14-neoforge+1.21.1.jar::data/alexsmobs/loot_table/entities/straddler.json; evidence-am/decompiled-full/com/github/alexthe666/alexsmobs/entity/EntityStraddler.java,[Receitas vanilla1.21.1](lote-final-2026-10-06/receitas-vanilla.json)
Stradpole,Alex’s Mobs Continued,Criatura WaterAnimal; comportamento definido na classe e herança citadas,BiomeConfig padrão: (NÃO #forge:no_default_monsters E minecraft:basalt_deltas) OU (biomesoplenty:withered_abyss) OU (incendium:volcanic_deltas) OU (incendium:withered_forest); grupos alternativos; entradas externas só se biomas existirem. Fonte: evidence-am/decompiled-full/com/github/alexthe666/alexsmobs/config/BiomeConfig.java → evidence-am/decompiled-full/com/github/alexthe666/alexsmobs/config/DefaultBiomes.java; configuração efetiva do servidor não confirmada.,Tabela de morte vazia,Sem itens no JSON,0,Loot condicionado ao caminho de morte; herança/interações/variantes fora deste pool separadas; pools=[]; mecanismos paralelos separados,Não aplicável,Alta nos arquivos versionados; configurações/datapacks externos não confirmados,/images/bestiary/audited/am/stradpole.png,com/github/alexthe666/alexsmobs/client/model/ModelStradpole.class; com/github/alexthe666/alexsmobs/client/render/RenderStradpole.class; assets/alexsmobs/textures/entity/stradpole.png; com/github/alexthe666/alexsmobs/ClientProxy.class; com/github/alexthe666/alexsmobs/citadel/client/model/AdvancedEntityModel.class; com/github/alexthe666/alexsmobs/citadel/client/model/AdvancedModelBox.class; com/github/alexthe666/alexsmobs/entity/AMEntityRegistry.class; output-am/proveniencia.json,evidence-am/alexsmobs-2.1.14-neoforge+1.21.1.jar::data/alexsmobs/loot_table/entities/stradpole.json; evidence-am/decompiled-full/com/github/alexthe666/alexsmobs/entity/EntityStradpole.java,Não aplicável: uso direto ou nenhuma receita identificada na build
Emu,Alex’s Mobs Continued,"Criatura Animal; alvos: AbstractSkeleton, Pillager",BiomeConfig padrão: (#minecraft:is_overworld E #minecraft:is_badlands) OU (#minecraft:is_overworld E #minecraft:is_savanna) OU (terralith:arid_highlands) OU (terralith:brushland) OU (terralith:fractured_savanna) OU (terralith:savanna_badlands) OU (terralith:savanna_slopes) OU (terralith:warped_mesa) OU (terralith:white_mesa) OU (terralith:red_oasis) OU (biomesoplenty:lush_desert); grupos alternativos; entradas externas só se biomas existirem. Fonte: evidence-am/decompiled-full/com/github/alexthe666/alexsmobs/config/BiomeConfig.java → evidence-am/decompiled-full/com/github/alexthe666/alexsmobs/config/DefaultBiomes.java; configuração efetiva do servidor não confirmada.,Loot de morte,alexsmobs:emu_feather,0–2,Loot condicionado ao caminho de morte; herança/interações/variantes fora deste pool separadas; pool1: 1 sorteio(s); reposição se múltiplos rolls; peso bruto 1/1; normaliza apenas entradas elegíveis; set_count; Saque minecraft:looting: bônus Math.round(nível × sorteio 0–1); limite sem limite explícito,"Ingrediente nas receitas auditadas: {'id': 'alexsmobs:banner_pattern_australia_1'}, {'id': 'alexsmobs:emu_leggings', 'count': 1}",Alta nos arquivos versionados; configurações/datapacks externos não confirmados,/images/bestiary/audited/am/emu.png,com/github/alexthe666/alexsmobs/client/model/ModelEmu.class; com/github/alexthe666/alexsmobs/client/render/RenderEmu.class; assets/alexsmobs/textures/entity/emu.png; com/github/alexthe666/alexsmobs/ClientProxy.class; com/github/alexthe666/alexsmobs/citadel/client/model/AdvancedEntityModel.class; com/github/alexthe666/alexsmobs/citadel/client/model/AdvancedModelBox.class; com/github/alexthe666/alexsmobs/entity/AMEntityRegistry.class; output-am/proveniencia.json,evidence-am/alexsmobs-2.1.14-neoforge+1.21.1.jar::data/alexsmobs/loot_table/entities/emu.json; evidence-am/decompiled-full/com/github/alexthe666/alexsmobs/entity/EntityEmu.java; evidence-am/decompiled-full/com/github/alexthe666/alexsmobs/item/AMItemRegistry.java; registros-usos-itens.json#alexsmobs:emu_feather,/bestiary/receitas/am.html#receita-animal-dictionary | [Receita animal_dictionary](lote-final-2026-10-06/am-cards-2026-10-06.md#receita-animal-dictionary) — data/alexsmobs/recipe/animal_dictionary.json; [Receita banner_pattern_australia_1](lote-final-2026-10-06/am-cards-2026-10-06.md#receita-banner-pattern-australia-1) — data/alexsmobs/recipe/banner_pattern_australia_1.json; [Receita emu_leggings](lote-final-2026-10-06/am-cards-2026-10-06.md#receita-emu-leggings) — data/alexsmobs/recipe/emu_leggings.json
Emu,Alex’s Mobs Continued,"Criatura Animal; alvos: AbstractSkeleton, Pillager",BiomeConfig padrão: (#minecraft:is_overworld E #minecraft:is_badlands) OU (#minecraft:is_overworld E #minecraft:is_savanna) OU (terralith:arid_highlands) OU (terralith:brushland) OU (terralith:fractured_savanna) OU (terralith:savanna_badlands) OU (terralith:savanna_slopes) OU (terralith:warped_mesa) OU (terralith:white_mesa) OU (terralith:red_oasis) OU (biomesoplenty:lush_desert); grupos alternativos; entradas externas só se biomas existirem. Fonte: evidence-am/decompiled-full/com/github/alexthe666/alexsmobs/config/BiomeConfig.java → evidence-am/decompiled-full/com/github/alexthe666/alexsmobs/config/DefaultBiomes.java; configuração efetiva do servidor não confirmada.,Loot de morte,minecraft:feather,-1–1,Loot condicionado ao caminho de morte; herança/interações/variantes fora deste pool separadas; pool2: 1 sorteio(s); reposição se múltiplos rolls; peso bruto 1/1; normaliza apenas entradas elegíveis; set_count; Saque minecraft:looting: bônus Math.round(nível × sorteio 0–1); limite sem limite explícito,Flechas; livro e pena,Alta nos arquivos versionados; configurações/datapacks externos não confirmados,/images/bestiary/audited/am/emu.png,com/github/alexthe666/alexsmobs/client/model/ModelEmu.class; com/github/alexthe666/alexsmobs/client/render/RenderEmu.class; assets/alexsmobs/textures/entity/emu.png; com/github/alexthe666/alexsmobs/ClientProxy.class; com/github/alexthe666/alexsmobs/citadel/client/model/AdvancedEntityModel.class; com/github/alexthe666/alexsmobs/citadel/client/model/AdvancedModelBox.class; com/github/alexthe666/alexsmobs/entity/AMEntityRegistry.class; output-am/proveniencia.json,evidence-am/alexsmobs-2.1.14-neoforge+1.21.1.jar::data/alexsmobs/loot_table/entities/emu.json; evidence-am/decompiled-full/com/github/alexthe666/alexsmobs/entity/EntityEmu.java,[Receitas vanilla1.21.1](lote-final-2026-10-06/receitas-vanilla.json)
Emu,Alex’s Mobs Continued,"Criatura Animal; alvos: AbstractSkeleton, Pillager",BiomeConfig padrão: (#minecraft:is_overworld E #minecraft:is_badlands) OU (#minecraft:is_overworld E #minecraft:is_savanna) OU (terralith:arid_highlands) OU (terralith:brushland) OU (terralith:fractured_savanna) OU (terralith:savanna_badlands) OU (terralith:savanna_slopes) OU (terralith:warped_mesa) OU (terralith:white_mesa) OU (terralith:red_oasis) OU (biomesoplenty:lush_desert); grupos alternativos; entradas externas só se biomas existirem. Fonte: evidence-am/decompiled-full/com/github/alexthe666/alexsmobs/config/BiomeConfig.java → evidence-am/decompiled-full/com/github/alexthe666/alexsmobs/config/DefaultBiomes.java; configuração efetiva do servidor não confirmada.,Recompensa com mob vivo,alexsmobs:emu_egg,1,Adulto vivo; timer reseta6000+nextInt6000 ticks,"Ingrediente nas receitas auditadas: {'id': 'alexsmobs:boiled_emu_egg'}, {'id': 'alexsmobs:boiled_emu_egg'}, {'id': 'alexsmobs:boiled_emu_egg'}",Alta nos arquivos versionados; configurações/datapacks externos não confirmados,/images/bestiary/audited/am/emu.png,com/github/alexthe666/alexsmobs/client/model/ModelEmu.class; com/github/alexthe666/alexsmobs/client/render/RenderEmu.class; assets/alexsmobs/textures/entity/emu.png; com/github/alexthe666/alexsmobs/ClientProxy.class; com/github/alexthe666/alexsmobs/citadel/client/model/AdvancedEntityModel.class; com/github/alexthe666/alexsmobs/citadel/client/model/AdvancedModelBox.class; com/github/alexthe666/alexsmobs/entity/AMEntityRegistry.class; output-am/proveniencia.json,/workspace/scratch/25006bff7ab5/evidence-am/decompiled-full/com/github/alexthe666/alexsmobs/entity/EntityEmu.java; evidence-am/decompiled-full/com/github/alexthe666/alexsmobs/entity/EntityEmu.java; evidence-am/decompiled-full/com/github/alexthe666/alexsmobs/item/AMItemRegistry.java; registros-usos-itens.json#alexsmobs:emu_egg,/bestiary/receitas/am.html#receita-boiled-emu-egg | [Receita boiled_emu_egg](lote-final-2026-10-06/am-cards-2026-10-06.md#receita-boiled-emu-egg) — data/alexsmobs/recipe/boiled_emu_egg.json; [Receita boiled_emu_egg_campfire](lote-final-2026-10-06/am-cards-2026-10-06.md#receita-boiled-emu-egg-campfire) — data/alexsmobs/recipe/boiled_emu_egg_campfire.json; [Receita boiled_emu_egg_smoke](lote-final-2026-10-06/am-cards-2026-10-06.md#receita-boiled-emu-egg-smoke) — data/alexsmobs/recipe/boiled_emu_egg_smoke.json
Platypus,Alex’s Mobs Continued,Criatura Animal; comportamento definido na classe e herança citadas,BiomeConfig padrão: (#minecraft:is_overworld E #minecraft:is_river E NÃO #forge:is_cold/overworld) OU (biomesoplenty:tundra_bog) OU (terralith:warm_river); grupos alternativos; entradas externas só se biomas existirem. Fonte: evidence-am/decompiled-full/com/github/alexthe666/alexsmobs/config/BiomeConfig.java → evidence-am/decompiled-full/com/github/alexthe666/alexsmobs/config/DefaultBiomes.java; configuração efetiva do servidor não confirmada.,Tabela de morte vazia,Sem itens no JSON,0,Loot condicionado ao caminho de morte; herança/interações/variantes fora deste pool separadas; pools=[]; mecanismos paralelos separados,Não aplicável,Alta nos arquivos versionados; configurações/datapacks externos não confirmados,/images/bestiary/audited/am/platypus.png,com/github/alexthe666/alexsmobs/client/model/ModelPlatypus.class; com/github/alexthe666/alexsmobs/client/render/RenderPlatypus.class; assets/alexsmobs/textures/entity/platypus_fedora.png; com/github/alexthe666/alexsmobs/ClientProxy.class; com/github/alexthe666/alexsmobs/citadel/client/model/AdvancedEntityModel.class; com/github/alexthe666/alexsmobs/citadel/client/model/AdvancedModelBox.class; com/github/alexthe666/alexsmobs/client/render/RenderPlatypus$FedoraLayer.class; com/github/alexthe666/alexsmobs/entity/AMEntityRegistry.class; output-am/proveniencia.json,evidence-am/alexsmobs-2.1.14-neoforge+1.21.1.jar::data/alexsmobs/loot_table/entities/platypus.json; evidence-am/decompiled-full/com/github/alexthe666/alexsmobs/entity/EntityPlatypus.java,Não aplicável: uso direto ou nenhuma receita identificada na build
Platypus,Alex’s Mobs Continued,Criatura Animal; comportamento definido na classe e herança citadas,BiomeConfig padrão: (#minecraft:is_overworld E #minecraft:is_river E NÃO #forge:is_cold/overworld) OU (biomesoplenty:tundra_bog) OU (terralith:warm_river); grupos alternativos; entradas externas só se biomas existirem. Fonte: evidence-am/decompiled-full/com/github/alexthe666/alexsmobs/config/BiomeConfig.java → evidence-am/decompiled-full/com/github/alexthe666/alexsmobs/config/DefaultBiomes.java; configuração efetiva do servidor não confirmada.,Recuperação de equipamento/contexto,alexsmobs:fedora,1,"hasFedora; dropEquipment; recupera equipamento preexistente, não pool incondicional",Recuperar e reutilizar o item equipado; pilha/variante conforme estado salvo,Alta nos arquivos versionados; configurações/datapacks externos não confirmados,/images/bestiary/audited/am/platypus.png,com/github/alexthe666/alexsmobs/client/model/ModelPlatypus.class; com/github/alexthe666/alexsmobs/client/render/RenderPlatypus.class; assets/alexsmobs/textures/entity/platypus_fedora.png; com/github/alexthe666/alexsmobs/ClientProxy.class; com/github/alexthe666/alexsmobs/citadel/client/model/AdvancedEntityModel.class; com/github/alexthe666/alexsmobs/citadel/client/model/AdvancedModelBox.class; com/github/alexthe666/alexsmobs/client/render/RenderPlatypus$FedoraLayer.class; com/github/alexthe666/alexsmobs/entity/AMEntityRegistry.class; output-am/proveniencia.json,/workspace/scratch/25006bff7ab5/evidence-am/decompiled-full/com/github/alexthe666/alexsmobs/entity/EntityPlatypus.java; evidence-am/decompiled-full/com/github/alexthe666/alexsmobs/entity/EntityPlatypus.java; evidence-am/decompiled-full/com/github/alexthe666/alexsmobs/item/AMItemRegistry.java; registros-usos-itens.json#alexsmobs:fedora,Não aplicável: uso direto ou nenhuma receita identificada na build
Platypus,Alex’s Mobs Continued,Criatura Animal; comportamento definido na classe e herança citadas,BiomeConfig padrão: (#minecraft:is_overworld E #minecraft:is_river E NÃO #forge:is_cold/overworld) OU (biomesoplenty:tundra_bog) OU (terralith:warm_river); grupos alternativos; entradas externas só se biomas existirem. Fonte: evidence-am/decompiled-full/com/github/alexthe666/alexsmobs/config/BiomeConfig.java → evidence-am/decompiled-full/com/github/alexthe666/alexsmobs/config/DefaultBiomes.java; configuração efetiva do servidor não confirmada.,Busca de tesouro com mob vivo,minecraft:clay_ball,1,"Sensing via Redstone; fundo #platypus_digables e água acima; sem alvo/agressão;2–6 ciclos do AI, tabela normal; pool1: 1 sorteio(s); reposição se múltiplos rolls; peso bruto 20/27; normaliza apenas entradas elegíveis","Ingrediente nas receitas vanilla1.21.1: {'id': 'minecraft:brick'}, {'count': 1, 'id': 'minecraft:clay'}",Alta nos arquivos versionados; configurações/datapacks externos não confirmados,/images/bestiary/audited/am/platypus.png,com/github/alexthe666/alexsmobs/client/model/ModelPlatypus.class; com/github/alexthe666/alexsmobs/client/render/RenderPlatypus.class; assets/alexsmobs/textures/entity/platypus_fedora.png; com/github/alexthe666/alexsmobs/ClientProxy.class; com/github/alexthe666/alexsmobs/citadel/client/model/AdvancedEntityModel.class; com/github/alexthe666/alexsmobs/citadel/client/model/AdvancedModelBox.class; com/github/alexthe666/alexsmobs/client/render/RenderPlatypus$FedoraLayer.class; com/github/alexthe666/alexsmobs/entity/AMEntityRegistry.class; output-am/proveniencia.json,evidence-am/alexsmobs-2.1.14-neoforge+1.21.1.jar::data/alexsmobs/loot_table/gameplay/platypus_reward.json; evidence-am/decompiled-full/com/github/alexthe666/alexsmobs/entity/EntityPlatypus.java,[Receitas vanilla1.21.1](lote-final-2026-10-06/receitas-vanilla.json)
Platypus,Alex’s Mobs Continued,Criatura Animal; comportamento definido na classe e herança citadas,BiomeConfig padrão: (#minecraft:is_overworld E #minecraft:is_river E NÃO #forge:is_cold/overworld) OU (biomesoplenty:tundra_bog) OU (terralith:warm_river); grupos alternativos; entradas externas só se biomas existirem. Fonte: evidence-am/decompiled-full/com/github/alexthe666/alexsmobs/config/BiomeConfig.java → evidence-am/decompiled-full/com/github/alexthe666/alexsmobs/config/DefaultBiomes.java; configuração efetiva do servidor não confirmada.,Busca de tesouro com mob vivo,alexsmobs:maggot,1,"Sensing via Redstone; fundo #platypus_digables e água acima; sem alvo/agressão;2–6 ciclos do AI, tabela normal; pool1: 1 sorteio(s); reposição se múltiplos rolls; peso bruto 7/27; normaliza apenas entradas elegíveis",Ingrediente nas receitas auditadas: {'id': 'alexsmobs:mosquito_larva'},Alta nos arquivos versionados; configurações/datapacks externos não confirmados,/images/bestiary/audited/am/platypus.png,com/github/alexthe666/alexsmobs/client/model/ModelPlatypus.class; com/github/alexthe666/alexsmobs/client/render/RenderPlatypus.class; assets/alexsmobs/textures/entity/platypus_fedora.png; com/github/alexthe666/alexsmobs/ClientProxy.class; com/github/alexthe666/alexsmobs/citadel/client/model/AdvancedEntityModel.class; com/github/alexthe666/alexsmobs/citadel/client/model/AdvancedModelBox.class; com/github/alexthe666/alexsmobs/client/render/RenderPlatypus$FedoraLayer.class; com/github/alexthe666/alexsmobs/entity/AMEntityRegistry.class; output-am/proveniencia.json,evidence-am/alexsmobs-2.1.14-neoforge+1.21.1.jar::data/alexsmobs/loot_table/gameplay/platypus_reward.json; evidence-am/decompiled-full/com/github/alexthe666/alexsmobs/entity/EntityPlatypus.java; evidence-am/decompiled-full/com/github/alexthe666/alexsmobs/item/AMItemRegistry.java; registros-usos-itens.json#alexsmobs:maggot,/bestiary/receitas/am.html#receita-mosquito-larva | [Receita mosquito_larva](lote-final-2026-10-06/am-cards-2026-10-06.md#receita-mosquito-larva) — data/alexsmobs/recipe/mosquito_larva.json
Platypus,Alex’s Mobs Continued,Criatura Animal; comportamento definido na classe e herança citadas,BiomeConfig padrão: (#minecraft:is_overworld E #minecraft:is_river E NÃO #forge:is_cold/overworld) OU (biomesoplenty:tundra_bog) OU (terralith:warm_river); grupos alternativos; entradas externas só se biomas existirem. Fonte: evidence-am/decompiled-full/com/github/alexthe666/alexsmobs/config/BiomeConfig.java → evidence-am/decompiled-full/com/github/alexthe666/alexsmobs/config/DefaultBiomes.java; configuração efetiva do servidor não confirmada.,Busca de tesouro com mob vivo,minecraft:clay_ball,1–2,"Sensing via Redstone Block, superCharged; mesmas regras; tabela charged substitui normal; pool1: 1 sorteio(s); reposição se múltiplos rolls; peso bruto 20/31; normaliza apenas entradas elegíveis; set_count","Ingrediente nas receitas vanilla1.21.1: {'id': 'minecraft:brick'}, {'count': 1, 'id': 'minecraft:clay'}",Alta nos arquivos versionados; configurações/datapacks externos não confirmados,/images/bestiary/audited/am/platypus.png,com/github/alexthe666/alexsmobs/client/model/ModelPlatypus.class; com/github/alexthe666/alexsmobs/client/render/RenderPlatypus.class; assets/alexsmobs/textures/entity/platypus_fedora.png; com/github/alexthe666/alexsmobs/ClientProxy.class; com/github/alexthe666/alexsmobs/citadel/client/model/AdvancedEntityModel.class; com/github/alexthe666/alexsmobs/citadel/client/model/AdvancedModelBox.class; com/github/alexthe666/alexsmobs/client/render/RenderPlatypus$FedoraLayer.class; com/github/alexthe666/alexsmobs/entity/AMEntityRegistry.class; output-am/proveniencia.json,evidence-am/alexsmobs-2.1.14-neoforge+1.21.1.jar::data/alexsmobs/loot_table/gameplay/platypus_supercharged_reward.json; evidence-am/decompiled-full/com/github/alexthe666/alexsmobs/entity/EntityPlatypus.java,[Receitas vanilla1.21.1](lote-final-2026-10-06/receitas-vanilla.json)
Platypus,Alex’s Mobs Continued,Criatura Animal; comportamento definido na classe e herança citadas,BiomeConfig padrão: (#minecraft:is_overworld E #minecraft:is_river E NÃO #forge:is_cold/overworld) OU (biomesoplenty:tundra_bog) OU (terralith:warm_river); grupos alternativos; entradas externas só se biomas existirem. Fonte: evidence-am/decompiled-full/com/github/alexthe666/alexsmobs/config/BiomeConfig.java → evidence-am/decompiled-full/com/github/alexthe666/alexsmobs/config/DefaultBiomes.java; configuração efetiva do servidor não confirmada.,Busca de tesouro com mob vivo,alexsmobs:maggot,1,"Sensing via Redstone Block, superCharged; mesmas regras; tabela charged substitui normal; pool1: 1 sorteio(s); reposição se múltiplos rolls; peso bruto 10/31; normaliza apenas entradas elegíveis",Ingrediente nas receitas auditadas: {'id': 'alexsmobs:mosquito_larva'},Alta nos arquivos versionados; configurações/datapacks externos não confirmados,/images/bestiary/audited/am/platypus.png,com/github/alexthe666/alexsmobs/client/model/ModelPlatypus.class; com/github/alexthe666/alexsmobs/client/render/RenderPlatypus.class; assets/alexsmobs/textures/entity/platypus_fedora.png; com/github/alexthe666/alexsmobs/ClientProxy.class; com/github/alexthe666/alexsmobs/citadel/client/model/AdvancedEntityModel.class; com/github/alexthe666/alexsmobs/citadel/client/model/AdvancedModelBox.class; com/github/alexthe666/alexsmobs/client/render/RenderPlatypus$FedoraLayer.class; com/github/alexthe666/alexsmobs/entity/AMEntityRegistry.class; output-am/proveniencia.json,evidence-am/alexsmobs-2.1.14-neoforge+1.21.1.jar::data/alexsmobs/loot_table/gameplay/platypus_supercharged_reward.json; evidence-am/decompiled-full/com/github/alexthe666/alexsmobs/entity/EntityPlatypus.java; evidence-am/decompiled-full/com/github/alexthe666/alexsmobs/item/AMItemRegistry.java; registros-usos-itens.json#alexsmobs:maggot,/bestiary/receitas/am.html#receita-mosquito-larva | [Receita mosquito_larva](lote-final-2026-10-06/am-cards-2026-10-06.md#receita-mosquito-larva) — data/alexsmobs/recipe/mosquito_larva.json
Platypus,Alex’s Mobs Continued,Criatura Animal; comportamento definido na classe e herança citadas,BiomeConfig padrão: (#minecraft:is_overworld E #minecraft:is_river E NÃO #forge:is_cold/overworld) OU (biomesoplenty:tundra_bog) OU (terralith:warm_river); grupos alternativos; entradas externas só se biomas existirem. Fonte: evidence-am/decompiled-full/com/github/alexthe666/alexsmobs/config/BiomeConfig.java → evidence-am/decompiled-full/com/github/alexthe666/alexsmobs/config/DefaultBiomes.java; configuração efetiva do servidor não confirmada.,Busca de tesouro com mob vivo,alexsmobs:fedora,1,"Sensing via Redstone Block, superCharged; mesmas regras; tabela charged substitui normal; pool1: 1 sorteio(s); reposição se múltiplos rolls; peso bruto 1/31; normaliza apenas entradas elegíveis",Chapéu equipável; também item do Platypus com estado hasFedora,Alta no recurso/registro/classe citados; condições efetivas do pack não confirmadas,/images/bestiary/audited/am/platypus.png,com/github/alexthe666/alexsmobs/client/model/ModelPlatypus.class; com/github/alexthe666/alexsmobs/client/render/RenderPlatypus.class; assets/alexsmobs/textures/entity/platypus_fedora.png; com/github/alexthe666/alexsmobs/ClientProxy.class; com/github/alexthe666/alexsmobs/citadel/client/model/AdvancedEntityModel.class; com/github/alexthe666/alexsmobs/citadel/client/model/AdvancedModelBox.class; com/github/alexthe666/alexsmobs/client/render/RenderPlatypus$FedoraLayer.class; com/github/alexthe666/alexsmobs/entity/AMEntityRegistry.class; output-am/proveniencia.json,evidence-am/alexsmobs-2.1.14-neoforge+1.21.1.jar::data/alexsmobs/loot_table/gameplay/platypus_supercharged_reward.json; evidence-am/decompiled-full/com/github/alexthe666/alexsmobs/entity/EntityPlatypus.java; evidence-am/decompiled-full/com/github/alexthe666/alexsmobs/item/AMItemRegistry.java; registros-usos-itens.json#alexsmobs:fedora,Não aplicável: uso direto ou nenhuma receita identificada na build
Platypus,Alex’s Mobs Continued,Criatura Animal; comportamento definido na classe e herança citadas,BiomeConfig padrão: (#minecraft:is_overworld E #minecraft:is_river E NÃO #forge:is_cold/overworld) OU (biomesoplenty:tundra_bog) OU (terralith:warm_river); grupos alternativos; entradas externas só se biomas existirem. Fonte: evidence-am/decompiled-full/com/github/alexthe666/alexsmobs/config/BiomeConfig.java → evidence-am/decompiled-full/com/github/alexthe666/alexsmobs/config/DefaultBiomes.java; configuração efetiva do servidor não confirmada.,Captura viva em balde,alexsmobs:platypus_bucket,1,"Bucketable.bucketMobPickup; entidade viva, recipiente compatível; estado salvo no item; não é drop de morte",Transportar/soltar a criatura mantendo dados de balde,Alta nos arquivos versionados; configurações/datapacks externos não confirmados,/images/bestiary/audited/am/platypus.png,com/github/alexthe666/alexsmobs/client/model/ModelPlatypus.class; com/github/alexthe666/alexsmobs/client/render/RenderPlatypus.class; assets/alexsmobs/textures/entity/platypus_fedora.png; com/github/alexthe666/alexsmobs/ClientProxy.class; com/github/alexthe666/alexsmobs/citadel/client/model/AdvancedEntityModel.class; com/github/alexthe666/alexsmobs/citadel/client/model/AdvancedModelBox.class; com/github/alexthe666/alexsmobs/client/render/RenderPlatypus$FedoraLayer.class; com/github/alexthe666/alexsmobs/entity/AMEntityRegistry.class; output-am/proveniencia.json,/workspace/scratch/25006bff7ab5/evidence-am/decompiled-full/com/github/alexthe666/alexsmobs/entity/EntityPlatypus.java; evidence-am/decompiled-full/com/github/alexthe666/alexsmobs/entity/EntityPlatypus.java; evidence-am/decompiled-full/com/github/alexthe666/alexsmobs/item/AMItemRegistry.java; registros-usos-itens.json#alexsmobs:platypus_bucket,Não aplicável: uso direto ou nenhuma receita identificada na build
Dropbear,Alex’s Mobs Continued,Criatura Monster; comportamento definido na classe e herança citadas,BiomeConfig padrão: (NÃO #forge:no_default_monsters E minecraft:nether_wastes) OU (biomesoplenty:crystalline_chasm); grupos alternativos; entradas externas só se biomas existirem. Fonte: evidence-am/decompiled-full/com/github/alexthe666/alexsmobs/config/BiomeConfig.java → evidence-am/decompiled-full/com/github/alexthe666/alexsmobs/config/DefaultBiomes.java; configuração efetiva do servidor não confirmada.,Loot de morte,alexsmobs:dropbear_claw,0–2,Loot condicionado ao caminho de morte; herança/interações/variantes fora deste pool separadas; pool1: 1 sorteio(s); reposição se múltiplos rolls; peso bruto 1/1; normaliza apenas entradas elegíveis; set_count; Saque minecraft:looting: bônus Math.round(nível × sorteio 0–1); limite sem limite explícito,"Ingrediente nas receitas auditadas: {'id': 'minecraft:flint_and_steel'}, {'id': 'alexsmobs:tendon_whip', 'count': 1}",Alta nos arquivos versionados; configurações/datapacks externos não confirmados,/images/bestiary/audited/am/dropbear.png,com/github/alexthe666/alexsmobs/client/model/ModelDropBear.class; com/github/alexthe666/alexsmobs/client/render/RenderDropBear.class; assets/alexsmobs/textures/entity/dropbear.png; assets/alexsmobs/textures/entity/dropbear_eyes.png; com/github/alexthe666/alexsmobs/ClientProxy.class; com/github/alexthe666/alexsmobs/citadel/client/model/AdvancedEntityModel.class; com/github/alexthe666/alexsmobs/citadel/client/model/AdvancedModelBox.class; com/github/alexthe666/alexsmobs/client/render/RenderDropBear$EyeLayer.class; com/github/alexthe666/alexsmobs/entity/AMEntityRegistry.class; output-am/proveniencia.json,evidence-am/alexsmobs-2.1.14-neoforge+1.21.1.jar::data/alexsmobs/loot_table/entities/dropbear.json; evidence-am/decompiled-full/com/github/alexthe666/alexsmobs/entity/EntityDropBear.java; evidence-am/decompiled-full/com/github/alexthe666/alexsmobs/item/AMItemRegistry.java; registros-usos-itens.json#alexsmobs:dropbear_claw,/bestiary/receitas/am.html#receita-animal-dictionary | [Receita animal_dictionary](lote-final-2026-10-06/am-cards-2026-10-06.md#receita-animal-dictionary) — data/alexsmobs/recipe/animal_dictionary.json; [Receita flint_n_steel_dropbear_claw](lote-final-2026-10-06/am-cards-2026-10-06.md#receita-flint-n-steel-dropbear-claw) — data/alexsmobs/recipe/flint_n_steel_dropbear_claw.json; [Receita tendon_whip](lote-final-2026-10-06/am-cards-2026-10-06.md#receita-tendon-whip) — data/alexsmobs/recipe/tendon_whip.json
Tasmanian Devil,Alex’s Mobs Continued,Criatura Animal; alvos: Animal,BiomeConfig padrão: (#minecraft:is_overworld E #minecraft:is_forest E NÃO #minecraft:is_savanna E NÃO #forge:is_cold/overworld E NÃO minecraft:sparse_jungle) OU (terralith:birch_taiga) OU (terralith:blooming_valley) OU (terralith:mirage_isles) OU (terralith:lavender_valley) OU (terralith:lavender_forest) OU (terralith:moonlight_grove) OU (terralith:moonlight_valley) OU (terralith:sakura_grove) OU (terralith:sakura_valley) OU (terralith:temperate_highlands); grupos alternativos; entradas externas só se biomas existirem. Fonte: evidence-am/decompiled-full/com/github/alexthe666/alexsmobs/config/BiomeConfig.java → evidence-am/decompiled-full/com/github/alexthe666/alexsmobs/config/DefaultBiomes.java; configuração efetiva do servidor não confirmada.,Tabela de morte vazia,Sem itens no JSON,0,Loot condicionado ao caminho de morte; herança/interações/variantes fora deste pool separadas; pools=[]; mecanismos paralelos separados,Não aplicável,Alta nos arquivos versionados; configurações/datapacks externos não confirmados,/images/bestiary/audited/am/tasmanian-devil.png,com/github/alexthe666/alexsmobs/client/model/ModelTasmanianDevil.class; com/github/alexthe666/alexsmobs/client/render/RenderTasmanianDevil.class; assets/alexsmobs/textures/entity/tasmanian_devil.png; com/github/alexthe666/alexsmobs/ClientProxy.class; com/github/alexthe666/alexsmobs/citadel/client/model/AdvancedEntityModel.class; com/github/alexthe666/alexsmobs/citadel/client/model/AdvancedModelBox.class; com/github/alexthe666/alexsmobs/entity/AMEntityRegistry.class; output-am/proveniencia.json,evidence-am/alexsmobs-2.1.14-neoforge+1.21.1.jar::data/alexsmobs/loot_table/entities/tasmanian_devil.json; evidence-am/decompiled-full/com/github/alexthe666/alexsmobs/entity/EntityTasmanianDevil.java,Não aplicável: uso direto ou nenhuma receita identificada na build
Tasmanian Devil,Alex’s Mobs Continued,Criatura Animal; alvos: Animal,BiomeConfig padrão: (#minecraft:is_overworld E #minecraft:is_forest E NÃO #minecraft:is_savanna E NÃO #forge:is_cold/overworld E NÃO minecraft:sparse_jungle) OU (terralith:birch_taiga) OU (terralith:blooming_valley) OU (terralith:mirage_isles) OU (terralith:lavender_valley) OU (terralith:lavender_forest) OU (terralith:moonlight_grove) OU (terralith:moonlight_valley) OU (terralith:sakura_grove) OU (terralith:sakura_valley) OU (terralith:temperate_highlands); grupos alternativos; entradas externas só se biomas existirem. Fonte: evidence-am/decompiled-full/com/github/alexthe666/alexsmobs/config/BiomeConfig.java → evidence-am/decompiled-full/com/github/alexthe666/alexsmobs/config/DefaultBiomes.java; configuração efetiva do servidor não confirmada.,Conversão de osso coletado,minecraft:bone_meal,3,onGetItem: consome item BONE; dropBonemeal executa3 iterações (nextInt1=0); não é loot nativo de morte,"Ingrediente nas receitas vanilla1.21.1: {'count': 1, 'id': 'minecraft:bone_block'}, {'count': 1, 'id': 'minecraft:white_dye'}",Alta nos arquivos versionados; configurações/datapacks externos não confirmados,/images/bestiary/audited/am/tasmanian-devil.png,com/github/alexthe666/alexsmobs/client/model/ModelTasmanianDevil.class; com/github/alexthe666/alexsmobs/client/render/RenderTasmanianDevil.class; assets/alexsmobs/textures/entity/tasmanian_devil.png; com/github/alexthe666/alexsmobs/ClientProxy.class; com/github/alexthe666/alexsmobs/citadel/client/model/AdvancedEntityModel.class; com/github/alexthe666/alexsmobs/citadel/client/model/AdvancedModelBox.class; com/github/alexthe666/alexsmobs/entity/AMEntityRegistry.class; output-am/proveniencia.json,/workspace/scratch/25006bff7ab5/evidence-am/decompiled-full/com/github/alexthe666/alexsmobs/entity/EntityTasmanianDevil.java; evidence-am/decompiled-full/com/github/alexthe666/alexsmobs/entity/EntityTasmanianDevil.java,[Receitas vanilla1.21.1](lote-final-2026-10-06/receitas-vanilla.json)
Tasmanian Devil,Alex’s Mobs Continued,Criatura Animal; alvos: Animal,BiomeConfig padrão: (#minecraft:is_overworld E #minecraft:is_forest E NÃO #minecraft:is_savanna E NÃO #forge:is_cold/overworld E NÃO minecraft:sparse_jungle) OU (terralith:birch_taiga) OU (terralith:blooming_valley) OU (terralith:mirage_isles) OU (terralith:lavender_valley) OU (terralith:lavender_forest) OU (terralith:moonlight_grove) OU (terralith:moonlight_valley) OU (terralith:sakura_grove) OU (terralith:sakura_valley) OU (terralith:temperate_highlands); grupos alternativos; entradas externas só se biomas existirem. Fonte: evidence-am/decompiled-full/com/github/alexthe666/alexsmobs/config/BiomeConfig.java → evidence-am/decompiled-full/com/github/alexthe666/alexsmobs/config/DefaultBiomes.java; configuração efetiva do servidor não confirmada.,Bônus de caça,minecraft:bone,1,"killed(ServerLevel,LivingEntity): nextBoolean (50%) e vítima Animal ou undead; emitido na vítima, não morte do Devil",Ingrediente nas receitas auditadas: {'id': 'alexsmobs:sopa_de_macaco'},Alta nos arquivos versionados; configurações/datapacks externos não confirmados,/images/bestiary/audited/am/tasmanian-devil.png,com/github/alexthe666/alexsmobs/client/model/ModelTasmanianDevil.class; com/github/alexthe666/alexsmobs/client/render/RenderTasmanianDevil.class; assets/alexsmobs/textures/entity/tasmanian_devil.png; com/github/alexthe666/alexsmobs/ClientProxy.class; com/github/alexthe666/alexsmobs/citadel/client/model/AdvancedEntityModel.class; com/github/alexthe666/alexsmobs/citadel/client/model/AdvancedModelBox.class; com/github/alexthe666/alexsmobs/entity/AMEntityRegistry.class; output-am/proveniencia.json,/workspace/scratch/25006bff7ab5/evidence-am/decompiled-full/com/github/alexthe666/alexsmobs/entity/EntityTasmanianDevil.java; evidence-am/decompiled-full/com/github/alexthe666/alexsmobs/entity/EntityTasmanianDevil.java,/bestiary/receitas/am.html#receita-sopa-de-macaco | [Receita sopa_de_macaco](lote-final-2026-10-06/am-cards-2026-10-06.md#receita-sopa-de-macaco) — data/alexsmobs/recipe/sopa_de_macaco.json
Kangaroo,Alex’s Mobs Continued,Criatura TamableAnimal; comportamento definido na classe e herança citadas,BiomeConfig padrão: (#minecraft:is_overworld E #minecraft:is_badlands) OU (#minecraft:is_overworld E #minecraft:is_savanna) OU (terralith:arid_highlands) OU (terralith:brushland) OU (terralith:fractured_savanna) OU (terralith:savanna_badlands) OU (terralith:savanna_slopes) OU (terralith:warped_mesa) OU (terralith:white_mesa) OU (terralith:red_oasis) OU (biomesoplenty:lush_desert); grupos alternativos; entradas externas só se biomas existirem. Fonte: evidence-am/decompiled-full/com/github/alexthe666/alexsmobs/config/BiomeConfig.java → evidence-am/decompiled-full/com/github/alexthe666/alexsmobs/config/DefaultBiomes.java; configuração efetiva do servidor não confirmada.,Loot de morte,alexsmobs:kangaroo_hide,0–2,Loot condicionado ao caminho de morte; herança/interações/variantes fora deste pool separadas; pool1: 1 sorteio(s); reposição se múltiplos rolls; peso bruto 1/1; normaliza apenas entradas elegíveis; set_count; Saque minecraft:looting: bônus Math.round(nível × sorteio 0–1); limite sem limite explícito,"Ingrediente nas receitas auditadas: {'id': 'alexsmobs:banner_pattern_australia_0'}, {'id': 'alexsmobs:emu_leggings', 'count': 1}, {'id': 'minecraft:leather'}",Alta nos arquivos versionados; configurações/datapacks externos não confirmados,/images/bestiary/audited/am/kangaroo.png,com/github/alexthe666/alexsmobs/client/model/ModelKangaroo.class; com/github/alexthe666/alexsmobs/client/render/RenderKangaroo.class; assets/alexsmobs/textures/entity/kangaroo.png; com/github/alexthe666/alexsmobs/ClientProxy.class; com/github/alexthe666/alexsmobs/citadel/client/model/AdvancedEntityModel.class; com/github/alexthe666/alexsmobs/citadel/client/model/AdvancedModelBox.class; com/github/alexthe666/alexsmobs/client/render/layer/LayerKangarooArmor.class; com/github/alexthe666/alexsmobs/client/render/layer/LayerKangarooBaby.class; com/github/alexthe666/alexsmobs/client/render/layer/LayerKangarooItem.class; com/github/alexthe666/alexsmobs/entity/AMEntityRegistry.class; output-am/proveniencia.json,evidence-am/alexsmobs-2.1.14-neoforge+1.21.1.jar::data/alexsmobs/loot_table/entities/kangaroo.json; evidence-am/decompiled-full/com/github/alexthe666/alexsmobs/entity/EntityKangaroo.java; evidence-am/decompiled-full/com/github/alexthe666/alexsmobs/item/AMItemRegistry.java; registros-usos-itens.json#alexsmobs:kangaroo_hide,/bestiary/receitas/am.html#receita-banner-pattern-australia-0 | [Receita banner_pattern_australia_0](lote-final-2026-10-06/am-cards-2026-10-06.md#receita-banner-pattern-australia-0) — data/alexsmobs/recipe/banner_pattern_australia_0.json; [Receita emu_leggings](lote-final-2026-10-06/am-cards-2026-10-06.md#receita-emu-leggings) — data/alexsmobs/recipe/emu_leggings.json; [Receita kangaroo_hide_to_leather](lote-final-2026-10-06/am-cards-2026-10-06.md#receita-kangaroo-hide-to-leather) — data/alexsmobs/recipe/kangaroo_hide_to_leather.json
Kangaroo,Alex’s Mobs Continued,Criatura TamableAnimal; comportamento definido na classe e herança citadas,BiomeConfig padrão: (#minecraft:is_overworld E #minecraft:is_badlands) OU (#minecraft:is_overworld E #minecraft:is_savanna) OU (terralith:arid_highlands) OU (terralith:brushland) OU (terralith:fractured_savanna) OU (terralith:savanna_badlands) OU (terralith:savanna_slopes) OU (terralith:warped_mesa) OU (terralith:white_mesa) OU (terralith:red_oasis) OU (biomesoplenty:lush_desert); grupos alternativos; entradas externas só se biomas existirem. Fonte: evidence-am/decompiled-full/com/github/alexthe666/alexsmobs/config/BiomeConfig.java → evidence-am/decompiled-full/com/github/alexthe666/alexsmobs/config/DefaultBiomes.java; configuração efetiva do servidor não confirmada.,Loot de morte,alexsmobs:kangaroo_meat,1–2,"Loot condicionado ao caminho de morte; herança/interações/variantes fora deste pool separadas; pool2: 1 sorteio(s); reposição se múltiplos rolls; peso bruto 1/1; normaliza apenas entradas elegíveis; set_count; Saque minecraft:looting: bônus Math.round(nível × sorteio 0–1); limite sem limite explícito; aplica receita de fundição ao item; função somente se this satisfaz {""flags"": {""is_on_fire"": true}}","Ingrediente nas receitas auditadas: {'id': 'alexsmobs:cooked_kangaroo_meat'}, {'id': 'alexsmobs:cooked_kangaroo_meat'}, {'id': 'alexsmobs:cooked_kangaroo_meat'}",Alta nos arquivos versionados; configurações/datapacks externos não confirmados,/images/bestiary/audited/am/kangaroo.png,com/github/alexthe666/alexsmobs/client/model/ModelKangaroo.class; com/github/alexthe666/alexsmobs/client/render/RenderKangaroo.class; assets/alexsmobs/textures/entity/kangaroo.png; com/github/alexthe666/alexsmobs/ClientProxy.class; com/github/alexthe666/alexsmobs/citadel/client/model/AdvancedEntityModel.class; com/github/alexthe666/alexsmobs/citadel/client/model/AdvancedModelBox.class; com/github/alexthe666/alexsmobs/client/render/layer/LayerKangarooArmor.class; com/github/alexthe666/alexsmobs/client/render/layer/LayerKangarooBaby.class; com/github/alexthe666/alexsmobs/client/render/layer/LayerKangarooItem.class; com/github/alexthe666/alexsmobs/entity/AMEntityRegistry.class; output-am/proveniencia.json,evidence-am/alexsmobs-2.1.14-neoforge+1.21.1.jar::data/alexsmobs/loot_table/entities/kangaroo.json; evidence-am/decompiled-full/com/github/alexthe666/alexsmobs/entity/EntityKangaroo.java; evidence-am/decompiled-full/com/github/alexthe666/alexsmobs/item/AMItemRegistry.java; registros-usos-itens.json#alexsmobs:kangaroo_meat,/bestiary/receitas/am.html#receita-cooked-kangaroo-meat | [Receita cooked_kangaroo_meat](lote-final-2026-10-06/am-cards-2026-10-06.md#receita-cooked-kangaroo-meat) — data/alexsmobs/recipe/cooked_kangaroo_meat.json; [Receita cooked_kangaroo_meat_campfire](lote-final-2026-10-06/am-cards-2026-10-06.md#receita-cooked-kangaroo-meat-campfire) — data/alexsmobs/recipe/cooked_kangaroo_meat_campfire.json; [Receita cooked_kangaroo_meat_smoke](lote-final-2026-10-06/am-cards-2026-10-06.md#receita-cooked-kangaroo-meat-smoke) — data/alexsmobs/recipe/cooked_kangaroo_meat_smoke.json
Kangaroo,Alex’s Mobs Continued,Criatura TamableAnimal; comportamento definido na classe e herança citadas,BiomeConfig padrão: (#minecraft:is_overworld E #minecraft:is_badlands) OU (#minecraft:is_overworld E #minecraft:is_savanna) OU (terralith:arid_highlands) OU (terralith:brushland) OU (terralith:fractured_savanna) OU (terralith:savanna_badlands) OU (terralith:savanna_slopes) OU (terralith:warped_mesa) OU (terralith:white_mesa) OU (terralith:red_oasis) OU (biomesoplenty:lush_desert); grupos alternativos; entradas externas só se biomas existirem. Fonte: evidence-am/decompiled-full/com/github/alexthe666/alexsmobs/config/BiomeConfig.java → evidence-am/decompiled-full/com/github/alexthe666/alexsmobs/config/DefaultBiomes.java; configuração efetiva do servidor não confirmada.,Inventário na morte,Pilhas do inventário,cada slot preenchido,Rotina dropInventory/dropEquipment percorre inventário; não cria itens novos; condições e slots na classe,Recuperar conteúdo armazenado,Alta nos arquivos versionados; configurações/datapacks externos não confirmados,/images/bestiary/audited/am/kangaroo.png,com/github/alexthe666/alexsmobs/client/model/ModelKangaroo.class; com/github/alexthe666/alexsmobs/client/render/RenderKangaroo.class; assets/alexsmobs/textures/entity/kangaroo.png; com/github/alexthe666/alexsmobs/ClientProxy.class; com/github/alexthe666/alexsmobs/citadel/client/model/AdvancedEntityModel.class; com/github/alexthe666/alexsmobs/citadel/client/model/AdvancedModelBox.class; com/github/alexthe666/alexsmobs/client/render/layer/LayerKangarooArmor.class; com/github/alexthe666/alexsmobs/client/render/layer/LayerKangarooBaby.class; com/github/alexthe666/alexsmobs/client/render/layer/LayerKangarooItem.class; com/github/alexthe666/alexsmobs/entity/AMEntityRegistry.class; output-am/proveniencia.json,/workspace/scratch/25006bff7ab5/evidence-am/decompiled-full/com/github/alexthe666/alexsmobs/entity/EntityKangaroo.java; evidence-am/decompiled-full/com/github/alexthe666/alexsmobs/entity/EntityKangaroo.java,Não aplicável: uso direto ou nenhuma receita identificada na build
Cachalot Whale,Alex’s Mobs Continued,Criatura Animal; comportamento definido na classe e herança citadas,BiomeConfig padrão: (#minecraft:is_overworld E #minecraft:is_ocean E #forge:is_cold/overworld) OU (minecraft:lukewarm_ocean) OU (minecraft:deep_ocean) OU (minecraft:deep_lukewarm_ocean) OU (alexscaves:abyssal_chasm); grupos alternativos; entradas externas só se biomas existirem. Fonte: evidence-am/decompiled-full/com/github/alexthe666/alexsmobs/config/BiomeConfig.java → evidence-am/decompiled-full/com/github/alexthe666/alexsmobs/config/DefaultBiomes.java; configuração efetiva do servidor não confirmada.,Tabela de morte vazia,Sem itens no JSON,0,Loot condicionado ao caminho de morte; herança/interações/variantes fora deste pool separadas; pools=[]; mecanismos paralelos separados,Não aplicável,Alta nos arquivos versionados; configurações/datapacks externos não confirmados,/images/bestiary/audited/am/cachalot-whale.png,com/github/alexthe666/alexsmobs/client/model/ModelCachalotWhale.class; com/github/alexthe666/alexsmobs/client/render/RenderCachalotWhale.class; assets/alexsmobs/textures/entity/cachalot/cachalot_whale.png; com/github/alexthe666/alexsmobs/ClientProxy.class; com/github/alexthe666/alexsmobs/citadel/client/model/AdvancedEntityModel.class; com/github/alexthe666/alexsmobs/citadel/client/model/AdvancedModelBox.class; com/github/alexthe666/alexsmobs/client/render/layer/LayerCachalotWhaleCapturedSquid.class; com/github/alexthe666/alexsmobs/entity/AMEntityRegistry.class; output-am/proveniencia.json,evidence-am/alexsmobs-2.1.14-neoforge+1.21.1.jar::data/alexsmobs/loot_table/entities/cachalot_whale.json; evidence-am/decompiled-full/com/github/alexthe666/alexsmobs/entity/EntityCachalotWhale.java,Não aplicável: uso direto ou nenhuma receita identificada na build
Leafcutter Ant,Alex’s Mobs Continued,Criatura Animal; comportamento definido na classe e herança citadas,Formigueiros de Leafcutter Ant gerados por feature em biomas configurados; rainha no ninho,Tabela de morte vazia,Sem itens no JSON,0,Loot condicionado ao caminho de morte; herança/interações/variantes fora deste pool separadas; pools=[]; mecanismos paralelos separados,Não aplicável,Alta nos arquivos versionados; configurações/datapacks externos não confirmados,/images/bestiary/audited/am/leafcutter-ant-worker.png,com/github/alexthe666/alexsmobs/client/model/ModelLeafcutterAnt.class; com/github/alexthe666/alexsmobs/client/render/RenderLeafcutterAnt.class; assets/alexsmobs/textures/entity/leafcutter_ant.png; com/github/alexthe666/alexsmobs/ClientProxy.class; com/github/alexthe666/alexsmobs/citadel/client/model/AdvancedEntityModel.class; com/github/alexthe666/alexsmobs/citadel/client/model/AdvancedModelBox.class; com/github/alexthe666/alexsmobs/client/render/layer/LayerLeafcutterAntLeaf.class; com/github/alexthe666/alexsmobs/entity/AMEntityRegistry.class; com/github/alexthe666/alexsmobs/client/model/ModelLeafcutterAntQueen.class; assets/alexsmobs/textures/entity/leafcutter_ant_queen.png; output-am/proveniencia.json,evidence-am/alexsmobs-2.1.14-neoforge+1.21.1.jar::data/alexsmobs/loot_table/entities/leafcutter_ant.json; evidence-am/decompiled-full/com/github/alexthe666/alexsmobs/entity/EntityLeafcutterAnt.java,Não aplicável: uso direto ou nenhuma receita identificada na build
Leafcutter Ant,Alex’s Mobs Continued,Criatura Animal; comportamento definido na classe e herança citadas,Formigueiros de Leafcutter Ant gerados por feature em biomas configurados; rainha no ninho,Loot de morte alternativo,alexsmobs:leafcutter_ant_pupa,0–1,isQueen; tabela selecionada pela classe substitui a base; não somar pools; pool1: 1 sorteio(s); reposição se múltiplos rolls; peso bruto 1/1; normaliza apenas entradas elegíveis; set_count; Saque minecraft:looting: bônus Math.round(nível × sorteio 0–1); limite sem limite explícito,"Usar em dois blocos empilhados #leafcutter_pupa_usable_on transforma topo em Anthill e abaixo em Chamber; cria atémin3,colonySize formigas no ninho, primeira rainha; consome1 fora de criativo",Alta no recurso/registro/classe citados; condições efetivas do pack não confirmadas,/images/bestiary/audited/am/leafcutter-ant-worker.png,com/github/alexthe666/alexsmobs/client/model/ModelLeafcutterAnt.class; com/github/alexthe666/alexsmobs/client/render/RenderLeafcutterAnt.class; assets/alexsmobs/textures/entity/leafcutter_ant.png; com/github/alexthe666/alexsmobs/ClientProxy.class; com/github/alexthe666/alexsmobs/citadel/client/model/AdvancedEntityModel.class; com/github/alexthe666/alexsmobs/citadel/client/model/AdvancedModelBox.class; com/github/alexthe666/alexsmobs/client/render/layer/LayerLeafcutterAntLeaf.class; com/github/alexthe666/alexsmobs/entity/AMEntityRegistry.class; com/github/alexthe666/alexsmobs/client/model/ModelLeafcutterAntQueen.class; assets/alexsmobs/textures/entity/leafcutter_ant_queen.png; output-am/proveniencia.json,evidence-am/alexsmobs-2.1.14-neoforge+1.21.1.jar::data/alexsmobs/loot_table/entities/leafcutter_ant_queen.json; evidence-am/decompiled-full/com/github/alexthe666/alexsmobs/entity/EntityLeafcutterAnt.java; evidence-am/decompiled-full/com/github/alexthe666/alexsmobs/item/AMItemRegistry.java; registros-usos-itens.json#alexsmobs:leafcutter_ant_pupa,Não aplicável: uso direto ou nenhuma receita identificada na build
Enderiophage,Alex’s Mobs Continued,Criatura Animal; comportamento definido na classe e herança citadas,BiomeConfig padrão: (#minecraft:is_end E NÃO minecraft:the_end E NÃO minecraft:end_barrens E NÃO minecraft:end_highlands E NÃO minecraft:small_end_islands); grupos alternativos; entradas externas só se biomas existirem. Fonte: evidence-am/decompiled-full/com/github/alexthe666/alexsmobs/config/BiomeConfig.java → evidence-am/decompiled-full/com/github/alexthe666/alexsmobs/config/DefaultBiomes.java; configuração efetiva do servidor não confirmada.,Loot de morte,alexsmobs:capsid,1,Loot condicionado ao caminho de morte; herança/interações/variantes fora deste pool separadas; pool1: 1 sorteio(s); reposição se múltiplos rolls; peso bruto 1/1; normaliza apenas entradas elegíveis; set_count,"Ingrediente nas receitas auditadas: {'id': 'alexsmobs:enderiophage_rocket', 'count': 3}",Alta nos arquivos versionados; configurações/datapacks externos não confirmados,/images/bestiary/audited/am/enderiophage.png,com/github/alexthe666/alexsmobs/client/model/ModelEnderiophage.class; com/github/alexthe666/alexsmobs/client/render/RenderEnderiophage.class; assets/alexsmobs/textures/entity/enderiophage.png; assets/alexsmobs/textures/entity/enderiophage_glow.png; com/github/alexthe666/alexsmobs/ClientProxy.class; com/github/alexthe666/alexsmobs/citadel/client/model/AdvancedEntityModel.class; com/github/alexthe666/alexsmobs/citadel/client/model/AdvancedModelBox.class; com/github/alexthe666/alexsmobs/client/render/RenderEnderiophage$EnderiophageEyesLayer.class; com/github/alexthe666/alexsmobs/entity/AMEntityRegistry.class; output-am/proveniencia.json,evidence-am/alexsmobs-2.1.14-neoforge+1.21.1.jar::data/alexsmobs/loot_table/entities/enderiophage.json; evidence-am/decompiled-full/com/github/alexthe666/alexsmobs/entity/EntityEnderiophage.java,/bestiary/receitas/am.html#receita-animal-dictionary | [Receita animal_dictionary](lote-final-2026-10-06/am-cards-2026-10-06.md#receita-animal-dictionary) — data/alexsmobs/recipe/animal_dictionary.json; [Receita enderiophage_rocket](lote-final-2026-10-06/am-cards-2026-10-06.md#receita-enderiophage-rocket) — data/alexsmobs/recipe/enderiophage_rocket.json
Bald Eagle,Alex’s Mobs Continued,Criatura TamableAnimal; comportamento definido na classe e herança citadas,BiomeConfig padrão: (#minecraft:is_overworld E #minecraft:is_hill E #forge:is_coniferous) OU (minecraft:grove) OU (minecraft:windswept_forest) OU (terralith:blooming_plateau) OU (terralith:blooming_valley) OU (terralith:bryce_canyon) OU (terralith:skylands_autumn) OU (terralith:skylands_spring) OU (terralith:skylands_winter) OU (terralith:lavender_forest) OU (terralith:lavender_valley) OU (terralith:moonlight_valley) OU (terralith:moonlight_grove) OU (terralith:sakura_grove) OU (terralith:sakura_valley) OU (terralith:haze_mountain) OU (terralith:temperate_highlands) OU (terralith:alpine_grove) OU (biomesoplenty:jade_cliffs); grupos alternativos; entradas externas só se biomas existirem. Fonte: evidence-am/decompiled-full/com/github/alexthe666/alexsmobs/config/BiomeConfig.java → evidence-am/decompiled-full/com/github/alexthe666/alexsmobs/config/DefaultBiomes.java; configuração efetiva do servidor não confirmada.,Loot de morte,minecraft:feather,0–1,Loot condicionado ao caminho de morte; herança/interações/variantes fora deste pool separadas; pool1: 1 sorteio(s); reposição se múltiplos rolls; peso bruto 1/1; normaliza apenas entradas elegíveis; set_count; Saque minecraft:looting: bônus Math.round(nível × sorteio 0–1); limite sem limite explícito,Flechas; livro e pena,Alta nos arquivos versionados; configurações/datapacks externos não confirmados,/images/bestiary/audited/am/bald-eagle.png,com/github/alexthe666/alexsmobs/client/model/ModelBaldEagle.class; com/github/alexthe666/alexsmobs/client/render/RenderBaldEagle.class; assets/alexsmobs/textures/entity/bald_eagle.png; com/github/alexthe666/alexsmobs/ClientProxy.class; com/github/alexthe666/alexsmobs/citadel/client/model/AdvancedEntityModel.class; com/github/alexthe666/alexsmobs/citadel/client/model/AdvancedModelBox.class; com/github/alexthe666/alexsmobs/client/render/RenderBaldEagle$CapLayer.class; com/github/alexthe666/alexsmobs/entity/AMEntityRegistry.class; output-am/proveniencia.json,evidence-am/alexsmobs-2.1.14-neoforge+1.21.1.jar::data/alexsmobs/loot_table/entities/bald_eagle.json; evidence-am/decompiled-full/com/github/alexthe666/alexsmobs/entity/EntityBaldEagle.java,[Receitas vanilla1.21.1](lote-final-2026-10-06/receitas-vanilla.json)
Bald Eagle,Alex’s Mobs Continued,Criatura TamableAnimal; comportamento definido na classe e herança citadas,BiomeConfig padrão: (#minecraft:is_overworld E #minecraft:is_hill E #forge:is_coniferous) OU (minecraft:grove) OU (minecraft:windswept_forest) OU (terralith:blooming_plateau) OU (terralith:blooming_valley) OU (terralith:bryce_canyon) OU (terralith:skylands_autumn) OU (terralith:skylands_spring) OU (terralith:skylands_winter) OU (terralith:lavender_forest) OU (terralith:lavender_valley) OU (terralith:moonlight_valley) OU (terralith:moonlight_grove) OU (terralith:sakura_grove) OU (terralith:sakura_valley) OU (terralith:haze_mountain) OU (terralith:temperate_highlands) OU (terralith:alpine_grove) OU (biomesoplenty:jade_cliffs); grupos alternativos; entradas externas só se biomas existirem. Fonte: evidence-am/decompiled-full/com/github/alexthe666/alexsmobs/config/BiomeConfig.java → evidence-am/decompiled-full/com/github/alexthe666/alexsmobs/config/DefaultBiomes.java; configuração efetiva do servidor não confirmada.,Recuperação de equipamento/contexto,alexsmobs:falconry_hood,1,"isHooded na retirada pela interação; estado trocado; recupera equipamento preexistente, não pool incondicional",Recuperar e reutilizar o item equipado; pilha/variante conforme estado salvo,Alta nos arquivos versionados; configurações/datapacks externos não confirmados,/images/bestiary/audited/am/bald-eagle.png,com/github/alexthe666/alexsmobs/client/model/ModelBaldEagle.class; com/github/alexthe666/alexsmobs/client/render/RenderBaldEagle.class; assets/alexsmobs/textures/entity/bald_eagle.png; com/github/alexthe666/alexsmobs/ClientProxy.class; com/github/alexthe666/alexsmobs/citadel/client/model/AdvancedEntityModel.class; com/github/alexthe666/alexsmobs/citadel/client/model/AdvancedModelBox.class; com/github/alexthe666/alexsmobs/client/render/RenderBaldEagle$CapLayer.class; com/github/alexthe666/alexsmobs/entity/AMEntityRegistry.class; output-am/proveniencia.json,/workspace/scratch/25006bff7ab5/evidence-am/decompiled-full/com/github/alexthe666/alexsmobs/entity/EntityBaldEagle.java; evidence-am/decompiled-full/com/github/alexthe666/alexsmobs/entity/EntityBaldEagle.java; evidence-am/decompiled-full/com/github/alexthe666/alexsmobs/item/AMItemRegistry.java; registros-usos-itens.json#alexsmobs:falconry_hood,Não aplicável: uso direto ou nenhuma receita identificada na build
Tiger,Alex’s Mobs Continued,Criatura Animal; alvos: LivingEntity,BiomeConfig padrão: (minecraft:bamboo_jungle) OU (biomesoplenty:bamboo_grove) OU (minecraft:cherry_grove) OU (terralith:sakura_grove) OU (terralith:sakura_valley) OU (terralith:amethyst_canyon) OU (terralith:amethyst_rainforest) OU (terralith:skylands_spring) OU (biomesoplenty:snowblossom_grove); grupos alternativos; entradas externas só se biomas existirem. Fonte: evidence-am/decompiled-full/com/github/alexthe666/alexsmobs/config/BiomeConfig.java → evidence-am/decompiled-full/com/github/alexthe666/alexsmobs/config/DefaultBiomes.java; configuração efetiva do servidor não confirmada.,Tabela de morte vazia,Sem itens no JSON,0,Loot condicionado ao caminho de morte; herança/interações/variantes fora deste pool separadas; pools=[]; mecanismos paralelos separados,Não aplicável,Alta nos arquivos versionados; configurações/datapacks externos não confirmados,/images/bestiary/audited/am/tiger.png,com/github/alexthe666/alexsmobs/client/model/ModelTiger.class; com/github/alexthe666/alexsmobs/client/render/RenderTiger.class; assets/alexsmobs/textures/entity/tiger/tiger.png; com/github/alexthe666/alexsmobs/ClientProxy.class; com/github/alexthe666/alexsmobs/citadel/client/model/AdvancedEntityModel.class; com/github/alexthe666/alexsmobs/citadel/client/model/AdvancedModelBox.class; com/github/alexthe666/alexsmobs/client/render/layer/LayerTigerEyes.class; com/github/alexthe666/alexsmobs/entity/AMEntityRegistry.class; output-am/proveniencia.json,evidence-am/alexsmobs-2.1.14-neoforge+1.21.1.jar::data/alexsmobs/loot_table/entities/tiger.json; evidence-am/decompiled-full/com/github/alexthe666/alexsmobs/entity/EntityTiger.java,Não aplicável: uso direto ou nenhuma receita identificada na build
Tarantula Hawk,Alex’s Mobs Continued,Criatura TamableAnimal; comportamento definido na classe e herança citadas,BiomeConfig padrão: (#forge:is_dry/overworld E #forge:is_hot/overworld E #forge:is_sandy E NÃO #minecraft:is_badlands) OU (terralith:ancient_sands) OU (terralith:desert_canyon) OU (terralith:desert_oasis) OU (terralith:desert_spires) OU (terralith:sandstone_valley) OU (terralith:red_oasis); grupos alternativos; entradas externas só se biomas existirem. Fonte: evidence-am/decompiled-full/com/github/alexthe666/alexsmobs/config/BiomeConfig.java → evidence-am/decompiled-full/com/github/alexthe666/alexsmobs/config/DefaultBiomes.java; configuração efetiva do servidor não confirmada.,Loot de morte,alexsmobs:tarantula_hawk_wing_fragment,0–1,Loot condicionado ao caminho de morte; herança/interações/variantes fora deste pool separadas; pool1: 1 sorteio(s); reposição se múltiplos rolls; peso bruto 1/1; normaliza apenas entradas elegíveis; set_count; Saque minecraft:looting: bônus Math.round(nível × sorteio 0–1); limite sem limite explícito,"Ingrediente nas receitas auditadas: {'id': 'alexsmobs:banner_pattern_new_mexico'}, {'id': 'alexsmobs:tarantula_hawk_wing', 'count': 1}",Alta nos arquivos versionados; configurações/datapacks externos não confirmados,/images/bestiary/audited/am/tarantula-hawk.png,com/github/alexthe666/alexsmobs/client/model/ModelTarantulaHawk.class; com/github/alexthe666/alexsmobs/client/render/RenderTarantulaHawk.class; assets/alexsmobs/textures/entity/tarantula_hawk.png; com/github/alexthe666/alexsmobs/ClientProxy.class; com/github/alexthe666/alexsmobs/citadel/client/model/AdvancedEntityModel.class; com/github/alexthe666/alexsmobs/citadel/client/model/AdvancedModelBox.class; com/github/alexthe666/alexsmobs/entity/AMEntityRegistry.class; output-am/proveniencia.json,evidence-am/alexsmobs-2.1.14-neoforge+1.21.1.jar::data/alexsmobs/loot_table/entities/tarantula_hawk.json; evidence-am/decompiled-full/com/github/alexthe666/alexsmobs/entity/EntityTarantulaHawk.java; evidence-am/decompiled-full/com/github/alexthe666/alexsmobs/item/AMItemRegistry.java; registros-usos-itens.json#alexsmobs:tarantula_hawk_wing_fragment,/bestiary/receitas/am.html#receita-banner-pattern-new-mexico | [Receita banner_pattern_new_mexico](lote-final-2026-10-06/am-cards-2026-10-06.md#receita-banner-pattern-new-mexico) — data/alexsmobs/recipe/banner_pattern_new_mexico.json; [Receita tarantula_hawk_wing](lote-final-2026-10-06/am-cards-2026-10-06.md#receita-tarantula-hawk-wing) — data/alexsmobs/recipe/tarantula_hawk_wing.json
Void Worm,Alex’s Mobs Continued,Criatura Monster; comportamento definido na classe e herança citadas,Arremessar Mysterious Worm no vazio do End; handler de ItemEntity e criação do Void Worm na build. Não é spawn natural.,Loot de morte,alexsmobs:void_worm_eye,1,Loot condicionado ao caminho de morte; herança/interações/variantes fora deste pool separadas; pool1: 1 sorteio(s); reposição se múltiplos rolls; peso bruto 1/1; normaliza apenas entradas elegíveis; set_count; tabela base apenas quando nenhum estado alternativo ativo em EntityVoidWorm.getDefaultLootTable,"Ingrediente nas receitas auditadas: {'id': 'alexsmobs:dimensional_carver', 'count': 1}",Alta nos arquivos versionados; configurações/datapacks externos não confirmados,/images/bestiary/audited/am/void-worm.png,com/github/alexthe666/alexsmobs/client/model/ModelVoidWorm.class; com/github/alexthe666/alexsmobs/client/render/RenderVoidWormHead.class; assets/alexsmobs/textures/entity/void_worm/void_worm_head.png; assets/alexsmobs/textures/entity/void_worm/void_worm_body.png; assets/alexsmobs/textures/entity/void_worm/void_worm_body_glow.png; assets/alexsmobs/textures/entity/void_worm/void_worm_body_glow.png.mcmeta; assets/alexsmobs/textures/entity/void_worm/void_worm_head_glow.png; assets/alexsmobs/textures/entity/void_worm/void_worm_head_glow.png.mcmeta; assets/alexsmobs/textures/entity/void_worm/void_worm_tail.png; assets/alexsmobs/textures/entity/void_worm/void_worm_tail_glow.png; assets/alexsmobs/textures/entity/void_worm/void_worm_tail_glow.png.mcmeta; com/github/alexthe666/alexsmobs/citadel/client/model/AdvancedEntityModel.class; com/github/alexthe666/alexsmobs/citadel/client/model/AdvancedModelBox.class; com/github/alexthe666/alexsmobs/client/model/ModelVoidWormBody.class; com/github/alexthe666/alexsmobs/client/model/ModelVoidWormTail.class; com/github/alexthe666/alexsmobs/client/render/RenderVoidWormBody.class; com/github/alexthe666/alexsmobs/client/render/layer/LayerVoidWormGlow.class; com/github/alexthe666/alexsmobs/client/render/misc/VoidWormMetadataSection.class; com/github/alexthe666/alexsmobs/entity/EntityVoidWorm.class; com/github/alexthe666/alexsmobs/entity/EntityVoidWormPart.class; output-am/proveniencia.json,evidence-am/alexsmobs-2.1.14-neoforge+1.21.1.jar::data/alexsmobs/loot_table/entities/void_worm.json; evidence-am/decompiled-full/com/github/alexthe666/alexsmobs/entity/EntityVoidWorm.java; evidence-am/decompiled-full/com/github/alexthe666/alexsmobs/item/AMItemRegistry.java; registros-usos-itens.json#alexsmobs:void_worm_eye,/bestiary/receitas/am.html#receita-dimensional-carver | [Receita dimensional_carver](lote-final-2026-10-06/am-cards-2026-10-06.md#receita-dimensional-carver) — data/alexsmobs/recipe/dimensional_carver.json
Void Worm,Alex’s Mobs Continued,Criatura Monster; comportamento definido na classe e herança citadas,Arremessar Mysterious Worm no vazio do End; handler de ItemEntity e criação do Void Worm na build. Não é spawn natural.,Loot de morte,alexsmobs:void_worm_mandible,2,Loot condicionado ao caminho de morte; herança/interações/variantes fora deste pool separadas; pool2: 1 sorteio(s); reposição se múltiplos rolls; peso bruto 1/1; normaliza apenas entradas elegíveis; set_count; tabela base apenas quando nenhum estado alternativo ativo em EntityVoidWorm.getDefaultLootTable,"Ingrediente nas receitas auditadas: {'id': 'alexsmobs:dimensional_carver', 'count': 1}, {'id': 'alexsmobs:void_worm_beak'}",Alta nos arquivos versionados; configurações/datapacks externos não confirmados,/images/bestiary/audited/am/void-worm.png,com/github/alexthe666/alexsmobs/client/model/ModelVoidWorm.class; com/github/alexthe666/alexsmobs/client/render/RenderVoidWormHead.class; assets/alexsmobs/textures/entity/void_worm/void_worm_head.png; assets/alexsmobs/textures/entity/void_worm/void_worm_body.png; assets/alexsmobs/textures/entity/void_worm/void_worm_body_glow.png; assets/alexsmobs/textures/entity/void_worm/void_worm_body_glow.png.mcmeta; assets/alexsmobs/textures/entity/void_worm/void_worm_head_glow.png; assets/alexsmobs/textures/entity/void_worm/void_worm_head_glow.png.mcmeta; assets/alexsmobs/textures/entity/void_worm/void_worm_tail.png; assets/alexsmobs/textures/entity/void_worm/void_worm_tail_glow.png; assets/alexsmobs/textures/entity/void_worm/void_worm_tail_glow.png.mcmeta; com/github/alexthe666/alexsmobs/citadel/client/model/AdvancedEntityModel.class; com/github/alexthe666/alexsmobs/citadel/client/model/AdvancedModelBox.class; com/github/alexthe666/alexsmobs/client/model/ModelVoidWormBody.class; com/github/alexthe666/alexsmobs/client/model/ModelVoidWormTail.class; com/github/alexthe666/alexsmobs/client/render/RenderVoidWormBody.class; com/github/alexthe666/alexsmobs/client/render/layer/LayerVoidWormGlow.class; com/github/alexthe666/alexsmobs/client/render/misc/VoidWormMetadataSection.class; com/github/alexthe666/alexsmobs/entity/EntityVoidWorm.class; com/github/alexthe666/alexsmobs/entity/EntityVoidWormPart.class; output-am/proveniencia.json,evidence-am/alexsmobs-2.1.14-neoforge+1.21.1.jar::data/alexsmobs/loot_table/entities/void_worm.json; evidence-am/decompiled-full/com/github/alexthe666/alexsmobs/entity/EntityVoidWorm.java; evidence-am/decompiled-full/com/github/alexthe666/alexsmobs/item/AMItemRegistry.java; registros-usos-itens.json#alexsmobs:void_worm_mandible,/bestiary/receitas/am.html#receita-dimensional-carver | [Receita dimensional_carver](lote-final-2026-10-06/am-cards-2026-10-06.md#receita-dimensional-carver) — data/alexsmobs/recipe/dimensional_carver.json; [Receita void_worm_beak](lote-final-2026-10-06/am-cards-2026-10-06.md#receita-void-worm-beak) — data/alexsmobs/recipe/void_worm_beak.json
Void Worm,Alex’s Mobs Continued,Criatura Monster; comportamento definido na classe e herança citadas,Arremessar Mysterious Worm no vazio do End; handler de ItemEntity e criação do Void Worm na build. Não é spawn natural.,Tabela de morte vazia,Sem itens no JSON,0,isSplitter; tabela selecionada pela classe substitui a base; não somar pools; pools=[]; mecanismos paralelos separados,Não aplicável,Alta nos arquivos versionados; configurações/datapacks externos não confirmados,/images/bestiary/audited/am/void-worm.png,com/github/alexthe666/alexsmobs/client/model/ModelVoidWorm.class; com/github/alexthe666/alexsmobs/client/render/RenderVoidWormHead.class; assets/alexsmobs/textures/entity/void_worm/void_worm_head.png; assets/alexsmobs/textures/entity/void_worm/void_worm_body.png; assets/alexsmobs/textures/entity/void_worm/void_worm_body_glow.png; assets/alexsmobs/textures/entity/void_worm/void_worm_body_glow.png.mcmeta; assets/alexsmobs/textures/entity/void_worm/void_worm_head_glow.png; assets/alexsmobs/textures/entity/void_worm/void_worm_head_glow.png.mcmeta; assets/alexsmobs/textures/entity/void_worm/void_worm_tail.png; assets/alexsmobs/textures/entity/void_worm/void_worm_tail_glow.png; assets/alexsmobs/textures/entity/void_worm/void_worm_tail_glow.png.mcmeta; com/github/alexthe666/alexsmobs/citadel/client/model/AdvancedEntityModel.class; com/github/alexthe666/alexsmobs/citadel/client/model/AdvancedModelBox.class; com/github/alexthe666/alexsmobs/client/model/ModelVoidWormBody.class; com/github/alexthe666/alexsmobs/client/model/ModelVoidWormTail.class; com/github/alexthe666/alexsmobs/client/render/RenderVoidWormBody.class; com/github/alexthe666/alexsmobs/client/render/layer/LayerVoidWormGlow.class; com/github/alexthe666/alexsmobs/client/render/misc/VoidWormMetadataSection.class; com/github/alexthe666/alexsmobs/entity/EntityVoidWorm.class; com/github/alexthe666/alexsmobs/entity/EntityVoidWormPart.class; output-am/proveniencia.json,evidence-am/alexsmobs-2.1.14-neoforge+1.21.1.jar::data/alexsmobs/loot_table/entities/void_worm_splitter.json; evidence-am/decompiled-full/com/github/alexthe666/alexsmobs/entity/EntityVoidWorm.java,Não aplicável: uso direto ou nenhuma receita identificada na build
Frilled Shark,Alex’s Mobs Continued,Criatura WaterAnimal; comportamento definido na classe e herança citadas,BiomeConfig padrão: (#minecraft:is_deep_ocean); grupos alternativos; entradas externas só se biomas existirem. Fonte: evidence-am/decompiled-full/com/github/alexthe666/alexsmobs/config/BiomeConfig.java → evidence-am/decompiled-full/com/github/alexthe666/alexsmobs/config/DefaultBiomes.java; configuração efetiva do servidor não confirmada.,Tabela de morte vazia,Sem itens no JSON,0,Loot condicionado ao caminho de morte; herança/interações/variantes fora deste pool separadas; pools=[]; mecanismos paralelos separados,Não aplicável,Alta nos arquivos versionados; configurações/datapacks externos não confirmados,/images/bestiary/audited/am/frilled-shark.png,com/github/alexthe666/alexsmobs/client/model/ModelFrilledShark.class; com/github/alexthe666/alexsmobs/client/render/RenderFrilledShark.class; assets/alexsmobs/textures/entity/frilled_shark.png; com/github/alexthe666/alexsmobs/ClientProxy.class; com/github/alexthe666/alexsmobs/citadel/client/model/AdvancedEntityModel.class; com/github/alexthe666/alexsmobs/citadel/client/model/AdvancedModelBox.class; com/github/alexthe666/alexsmobs/client/render/RenderFrilledShark$TeethLayer.class; com/github/alexthe666/alexsmobs/entity/AMEntityRegistry.class; output-am/proveniencia.json,evidence-am/alexsmobs-2.1.14-neoforge+1.21.1.jar::data/alexsmobs/loot_table/entities/frilled_shark.json; evidence-am/decompiled-full/com/github/alexthe666/alexsmobs/entity/EntityFrilledShark.java,Não aplicável: uso direto ou nenhuma receita identificada na build
Frilled Shark,Alex’s Mobs Continued,Criatura WaterAnimal; comportamento definido na classe e herança citadas,BiomeConfig padrão: (#minecraft:is_deep_ocean); grupos alternativos; entradas externas só se biomas existirem. Fonte: evidence-am/decompiled-full/com/github/alexthe666/alexsmobs/config/BiomeConfig.java → evidence-am/decompiled-full/com/github/alexthe666/alexsmobs/config/DefaultBiomes.java; configuração efetiva do servidor não confirmada.,Recompensa com mob vivo,alexsmobs:serrated_shark_tooth,1,"Acerto bem-sucedido de ataque no tick12 contra Squid; teste nextInt15==0,1/15 por acerto elegível","Ingrediente nas receitas auditadas: {'id': 'alexsmobs:shield_of_the_deep', 'count': 1}",Alta nos arquivos versionados; configurações/datapacks externos não confirmados,/images/bestiary/audited/am/frilled-shark.png,com/github/alexthe666/alexsmobs/client/model/ModelFrilledShark.class; com/github/alexthe666/alexsmobs/client/render/RenderFrilledShark.class; assets/alexsmobs/textures/entity/frilled_shark.png; com/github/alexthe666/alexsmobs/ClientProxy.class; com/github/alexthe666/alexsmobs/citadel/client/model/AdvancedEntityModel.class; com/github/alexthe666/alexsmobs/citadel/client/model/AdvancedModelBox.class; com/github/alexthe666/alexsmobs/client/render/RenderFrilledShark$TeethLayer.class; com/github/alexthe666/alexsmobs/entity/AMEntityRegistry.class; output-am/proveniencia.json,/workspace/scratch/25006bff7ab5/evidence-am/decompiled-full/com/github/alexthe666/alexsmobs/entity/EntityFrilledShark.java; evidence-am/decompiled-full/com/github/alexthe666/alexsmobs/entity/EntityFrilledShark.java; evidence-am/decompiled-full/com/github/alexthe666/alexsmobs/item/AMItemRegistry.java; registros-usos-itens.json#alexsmobs:serrated_shark_tooth,/bestiary/receitas/am.html#receita-shield-of-the-deep | [Receita shield_of_the_deep](lote-final-2026-10-06/am-cards-2026-10-06.md#receita-shield-of-the-deep) — data/alexsmobs/recipe/shield_of_the_deep.json
Frilled Shark,Alex’s Mobs Continued,Criatura WaterAnimal; comportamento definido na classe e herança citadas,BiomeConfig padrão: (#minecraft:is_deep_ocean); grupos alternativos; entradas externas só se biomas existirem. Fonte: evidence-am/decompiled-full/com/github/alexthe666/alexsmobs/config/BiomeConfig.java → evidence-am/decompiled-full/com/github/alexthe666/alexsmobs/config/DefaultBiomes.java; configuração efetiva do servidor não confirmada.,Captura viva em balde,alexsmobs:frilled_shark_bucket,1,"Bucketable.bucketMobPickup; entidade viva, recipiente compatível; estado salvo no item; não é drop de morte",Transportar/soltar a criatura mantendo dados de balde,Alta nos arquivos versionados; configurações/datapacks externos não confirmados,/images/bestiary/audited/am/frilled-shark.png,com/github/alexthe666/alexsmobs/client/model/ModelFrilledShark.class; com/github/alexthe666/alexsmobs/client/render/RenderFrilledShark.class; assets/alexsmobs/textures/entity/frilled_shark.png; com/github/alexthe666/alexsmobs/ClientProxy.class; com/github/alexthe666/alexsmobs/citadel/client/model/AdvancedEntityModel.class; com/github/alexthe666/alexsmobs/citadel/client/model/AdvancedModelBox.class; com/github/alexthe666/alexsmobs/client/render/RenderFrilledShark$TeethLayer.class; com/github/alexthe666/alexsmobs/entity/AMEntityRegistry.class; output-am/proveniencia.json,/workspace/scratch/25006bff7ab5/evidence-am/decompiled-full/com/github/alexthe666/alexsmobs/entity/EntityFrilledShark.java; evidence-am/decompiled-full/com/github/alexthe666/alexsmobs/entity/EntityFrilledShark.java; evidence-am/decompiled-full/com/github/alexthe666/alexsmobs/item/AMItemRegistry.java; registros-usos-itens.json#alexsmobs:frilled_shark_bucket,Não aplicável: uso direto ou nenhuma receita identificada na build
Mimic Octopus,Alex’s Mobs Continued,Criatura TamableAnimal; comportamento definido na classe e herança citadas,BiomeConfig padrão: (#forge:is_hot/overworld E #minecraft:is_ocean E NÃO minecraft:deep_warm_ocean); grupos alternativos; entradas externas só se biomas existirem. Fonte: evidence-am/decompiled-full/com/github/alexthe666/alexsmobs/config/BiomeConfig.java → evidence-am/decompiled-full/com/github/alexthe666/alexsmobs/config/DefaultBiomes.java; configuração efetiva do servidor não confirmada.,Loot de morte,minecraft:ink_sac,0–1,Loot condicionado ao caminho de morte; herança/interações/variantes fora deste pool separadas; pool1: 1 sorteio(s); reposição se múltiplos rolls; peso bruto 1/1; normaliza apenas entradas elegíveis; set_count; Saque minecraft:looting: bônus Math.round(nível × sorteio 0–1); limite sem limite explícito,Corante preto e tinta de placas,Alta nos arquivos versionados; configurações/datapacks externos não confirmados,/images/bestiary/audited/am/mimic-octopus.png,com/github/alexthe666/alexsmobs/client/model/ModelMimicOctopus.class; com/github/alexthe666/alexsmobs/client/render/RenderMimicOctopus.class; assets/alexsmobs/textures/entity/mimic_octopus.png; com/github/alexthe666/alexsmobs/ClientProxy.class; com/github/alexthe666/alexsmobs/citadel/client/model/AdvancedEntityModel.class; com/github/alexthe666/alexsmobs/citadel/client/model/AdvancedModelBox.class; com/github/alexthe666/alexsmobs/client/render/RenderMimicOctopus$OverlayLayer.class; com/github/alexthe666/alexsmobs/entity/AMEntityRegistry.class; output-am/proveniencia.json,evidence-am/alexsmobs-2.1.14-neoforge+1.21.1.jar::data/alexsmobs/loot_table/entities/mimic_octopus.json; evidence-am/decompiled-full/com/github/alexthe666/alexsmobs/entity/EntityMimicOctopus.java,[Receitas vanilla1.21.1](lote-final-2026-10-06/receitas-vanilla.json)
Mimic Octopus,Alex’s Mobs Continued,Criatura TamableAnimal; comportamento definido na classe e herança citadas,BiomeConfig padrão: (#forge:is_hot/overworld E #minecraft:is_ocean E NÃO minecraft:deep_warm_ocean); grupos alternativos; entradas externas só se biomas existirem. Fonte: evidence-am/decompiled-full/com/github/alexthe666/alexsmobs/config/BiomeConfig.java → evidence-am/decompiled-full/com/github/alexthe666/alexsmobs/config/DefaultBiomes.java; configuração efetiva do servidor não confirmada.,Devolver item carregado,Mainhand ItemStack,pilha carregada,"Rotina da classe solta mão principal na morte/removal pertinente; linha contextual, não item literal garantido",Recuperar item apanhado/carregado; não somar ao pool como geração nativa,Alta nos arquivos versionados; configurações/datapacks externos não confirmados,/images/bestiary/audited/am/mimic-octopus.png,com/github/alexthe666/alexsmobs/client/model/ModelMimicOctopus.class; com/github/alexthe666/alexsmobs/client/render/RenderMimicOctopus.class; assets/alexsmobs/textures/entity/mimic_octopus.png; com/github/alexthe666/alexsmobs/ClientProxy.class; com/github/alexthe666/alexsmobs/citadel/client/model/AdvancedEntityModel.class; com/github/alexthe666/alexsmobs/citadel/client/model/AdvancedModelBox.class; com/github/alexthe666/alexsmobs/client/render/RenderMimicOctopus$OverlayLayer.class; com/github/alexthe666/alexsmobs/entity/AMEntityRegistry.class; output-am/proveniencia.json,/workspace/scratch/25006bff7ab5/evidence-am/decompiled-full/com/github/alexthe666/alexsmobs/entity/EntityMimicOctopus.java; evidence-am/decompiled-full/com/github/alexthe666/alexsmobs/entity/EntityMimicOctopus.java,Não aplicável: uso direto ou nenhuma receita identificada na build
Mimic Octopus,Alex’s Mobs Continued,Criatura TamableAnimal; comportamento definido na classe e herança citadas,BiomeConfig padrão: (#forge:is_hot/overworld E #minecraft:is_ocean E NÃO minecraft:deep_warm_ocean); grupos alternativos; entradas externas só se biomas existirem. Fonte: evidence-am/decompiled-full/com/github/alexthe666/alexsmobs/config/BiomeConfig.java → evidence-am/decompiled-full/com/github/alexthe666/alexsmobs/config/DefaultBiomes.java; configuração efetiva do servidor não confirmada.,Captura viva em balde,alexsmobs:mimic_octopus_bucket,1,"Bucketable.bucketMobPickup; entidade viva, recipiente compatível; estado salvo no item; não é drop de morte",Transportar/soltar a criatura mantendo dados de balde,Alta nos arquivos versionados; configurações/datapacks externos não confirmados,/images/bestiary/audited/am/mimic-octopus.png,com/github/alexthe666/alexsmobs/client/model/ModelMimicOctopus.class; com/github/alexthe666/alexsmobs/client/render/RenderMimicOctopus.class; assets/alexsmobs/textures/entity/mimic_octopus.png; com/github/alexthe666/alexsmobs/ClientProxy.class; com/github/alexthe666/alexsmobs/citadel/client/model/AdvancedEntityModel.class; com/github/alexthe666/alexsmobs/citadel/client/model/AdvancedModelBox.class; com/github/alexthe666/alexsmobs/client/render/RenderMimicOctopus$OverlayLayer.class; com/github/alexthe666/alexsmobs/entity/AMEntityRegistry.class; output-am/proveniencia.json,/workspace/scratch/25006bff7ab5/evidence-am/decompiled-full/com/github/alexthe666/alexsmobs/entity/EntityMimicOctopus.java; evidence-am/decompiled-full/com/github/alexthe666/alexsmobs/entity/EntityMimicOctopus.java; evidence-am/decompiled-full/com/github/alexthe666/alexsmobs/item/AMItemRegistry.java; registros-usos-itens.json#alexsmobs:mimic_octopus_bucket,Não aplicável: uso direto ou nenhuma receita identificada na build
Seagull,Alex’s Mobs Continued,Criatura Animal; comportamento definido na classe e herança citadas,BiomeConfig padrão: (#minecraft:is_overworld E #minecraft:is_beach) OU (terralith:basalt_cliffs) OU (terralith:granite_cliffs) OU (terralith:gravel_beach) OU (terralith:white_cliffs) OU (terralith:skylands_autumn) OU (terralith:skylands_spring) OU (biomesoplenty:dune_beach) OU (minecraft:stony_shore); grupos alternativos; entradas externas só se biomas existirem. Fonte: evidence-am/decompiled-full/com/github/alexthe666/alexsmobs/config/BiomeConfig.java → evidence-am/decompiled-full/com/github/alexthe666/alexsmobs/config/DefaultBiomes.java; configuração efetiva do servidor não confirmada.,Loot de morte,minecraft:feather,0–2,Loot condicionado ao caminho de morte; herança/interações/variantes fora deste pool separadas; pool1: 1 sorteio(s); reposição se múltiplos rolls; peso bruto 1/1; normaliza apenas entradas elegíveis; set_count; Saque minecraft:looting: bônus Math.round(nível × sorteio 0–1); limite sem limite explícito,Flechas; livro e pena,Alta nos arquivos versionados; configurações/datapacks externos não confirmados,/images/bestiary/audited/am/seagull.png,com/github/alexthe666/alexsmobs/client/model/ModelSeagull.class; com/github/alexthe666/alexsmobs/client/render/RenderSeagull.class; assets/alexsmobs/textures/entity/seagull.png; com/github/alexthe666/alexsmobs/ClientProxy.class; com/github/alexthe666/alexsmobs/citadel/client/model/AdvancedEntityModel.class; com/github/alexthe666/alexsmobs/citadel/client/model/AdvancedModelBox.class; com/github/alexthe666/alexsmobs/client/render/RenderSeagull$LayerHeldItem.class; com/github/alexthe666/alexsmobs/entity/AMEntityRegistry.class; output-am/proveniencia.json,evidence-am/alexsmobs-2.1.14-neoforge+1.21.1.jar::data/alexsmobs/loot_table/entities/seagull.json; evidence-am/decompiled-full/com/github/alexthe666/alexsmobs/entity/EntitySeagull.java,[Receitas vanilla1.21.1](lote-final-2026-10-06/receitas-vanilla.json)
Seagull,Alex’s Mobs Continued,Criatura Animal; comportamento definido na classe e herança citadas,BiomeConfig padrão: (#minecraft:is_overworld E #minecraft:is_beach) OU (terralith:basalt_cliffs) OU (terralith:granite_cliffs) OU (terralith:gravel_beach) OU (terralith:white_cliffs) OU (terralith:skylands_autumn) OU (terralith:skylands_spring) OU (biomesoplenty:dune_beach) OU (minecraft:stony_shore); grupos alternativos; entradas externas só se biomas existirem. Fonte: evidence-am/decompiled-full/com/github/alexthe666/alexsmobs/config/BiomeConfig.java → evidence-am/decompiled-full/com/github/alexthe666/alexsmobs/config/DefaultBiomes.java; configuração efetiva do servidor não confirmada.,Devolver item carregado,Mainhand ItemStack,pilha carregada,"Rotina da classe solta mão principal na morte/removal pertinente; linha contextual, não item literal garantido",Recuperar item apanhado/carregado; não somar ao pool como geração nativa,Alta nos arquivos versionados; configurações/datapacks externos não confirmados,/images/bestiary/audited/am/seagull.png,com/github/alexthe666/alexsmobs/client/model/ModelSeagull.class; com/github/alexthe666/alexsmobs/client/render/RenderSeagull.class; assets/alexsmobs/textures/entity/seagull.png; com/github/alexthe666/alexsmobs/ClientProxy.class; com/github/alexthe666/alexsmobs/citadel/client/model/AdvancedEntityModel.class; com/github/alexthe666/alexsmobs/citadel/client/model/AdvancedModelBox.class; com/github/alexthe666/alexsmobs/client/render/RenderSeagull$LayerHeldItem.class; com/github/alexthe666/alexsmobs/entity/AMEntityRegistry.class; output-am/proveniencia.json,/workspace/scratch/25006bff7ab5/evidence-am/decompiled-full/com/github/alexthe666/alexsmobs/entity/EntitySeagull.java; evidence-am/decompiled-full/com/github/alexthe666/alexsmobs/entity/EntitySeagull.java,Não aplicável: uso direto ou nenhuma receita identificada na build
Froststalker,Alex’s Mobs Continued,"Criatura Animal; alvos: LivingEntity, Player",BiomeConfig padrão: (minecraft:ice_spikes) OU (minecraft:frozen_peaks) OU (terralith:cave/frostfire_caves) OU (terralith:frozen_cliffs) OU (terralith:glacial_chasm) OU (terralith:snowy_badlands) OU (terralith:gravel_desert); grupos alternativos; entradas externas só se biomas existirem. Fonte: evidence-am/decompiled-full/com/github/alexthe666/alexsmobs/config/BiomeConfig.java → evidence-am/decompiled-full/com/github/alexthe666/alexsmobs/config/DefaultBiomes.java; configuração efetiva do servidor não confirmada.,Loot de morte,alexsmobs:froststalker_horn,1,"Loot condicionado ao caminho de morte; herança/interações/variantes fora deste pool separadas; pool1: 1 sorteio(s); reposição se múltiplos rolls; morte atribuída ao jogador; sem Saque 23%; Saque I 33%, +10 p.p./nível acima de I; peso bruto 1/1; normaliza apenas entradas elegíveis; tabela base apenas quando nenhum estado alternativo ativo em EntityFroststalker.getDefaultLootTable","Ingrediente nas receitas auditadas: {'id': 'alexsmobs:froststalker_helmet', 'count': 1}",Alta nos arquivos versionados; configurações/datapacks externos não confirmados,/images/bestiary/audited/am/froststalker.png,com/github/alexthe666/alexsmobs/client/model/ModelFroststalker.class; com/github/alexthe666/alexsmobs/client/render/RenderFroststalker.class; assets/alexsmobs/textures/entity/froststalker.png; com/github/alexthe666/alexsmobs/ClientProxy.class; com/github/alexthe666/alexsmobs/citadel/client/model/AdvancedEntityModel.class; com/github/alexthe666/alexsmobs/citadel/client/model/AdvancedModelBox.class; com/github/alexthe666/alexsmobs/entity/AMEntityRegistry.class; output-am/proveniencia.json,evidence-am/alexsmobs-2.1.14-neoforge+1.21.1.jar::data/alexsmobs/loot_table/entities/froststalker.json; evidence-am/decompiled-full/com/github/alexthe666/alexsmobs/entity/EntityFroststalker.java; evidence-am/decompiled-full/com/github/alexthe666/alexsmobs/item/AMItemRegistry.java; registros-usos-itens.json#alexsmobs:froststalker_horn,/bestiary/receitas/am.html#receita-froststalker-helmet | [Receita froststalker_helmet](lote-final-2026-10-06/am-cards-2026-10-06.md#receita-froststalker-helmet) — data/alexsmobs/recipe/froststalker_helmet.json
Froststalker,Alex’s Mobs Continued,"Criatura Animal; alvos: LivingEntity, Player",BiomeConfig padrão: (minecraft:ice_spikes) OU (minecraft:frozen_peaks) OU (terralith:cave/frostfire_caves) OU (terralith:frozen_cliffs) OU (terralith:glacial_chasm) OU (terralith:snowy_badlands) OU (terralith:gravel_desert); grupos alternativos; entradas externas só se biomas existirem. Fonte: evidence-am/decompiled-full/com/github/alexthe666/alexsmobs/config/BiomeConfig.java → evidence-am/decompiled-full/com/github/alexthe666/alexsmobs/config/DefaultBiomes.java; configuração efetiva do servidor não confirmada.,Loot de morte alternativo,alexsmobs:froststalker_horn,1,"hasSpikes; tabela selecionada pela classe substitui a base; não somar pools; pool1: 1 sorteio(s); reposição se múltiplos rolls; sem Saque 33%; Saque I 43%, +10 p.p./nível acima de I; peso bruto 1/1; normaliza apenas entradas elegíveis","Ingrediente nas receitas auditadas: {'id': 'alexsmobs:froststalker_helmet', 'count': 1}",Alta nos arquivos versionados; configurações/datapacks externos não confirmados,/images/bestiary/audited/am/froststalker.png,com/github/alexthe666/alexsmobs/client/model/ModelFroststalker.class; com/github/alexthe666/alexsmobs/client/render/RenderFroststalker.class; assets/alexsmobs/textures/entity/froststalker.png; com/github/alexthe666/alexsmobs/ClientProxy.class; com/github/alexthe666/alexsmobs/citadel/client/model/AdvancedEntityModel.class; com/github/alexthe666/alexsmobs/citadel/client/model/AdvancedModelBox.class; com/github/alexthe666/alexsmobs/entity/AMEntityRegistry.class; output-am/proveniencia.json,evidence-am/alexsmobs-2.1.14-neoforge+1.21.1.jar::data/alexsmobs/loot_table/entities/froststalker_spikes.json; evidence-am/decompiled-full/com/github/alexthe666/alexsmobs/entity/EntityFroststalker.java; evidence-am/decompiled-full/com/github/alexthe666/alexsmobs/item/AMItemRegistry.java; registros-usos-itens.json#alexsmobs:froststalker_horn,/bestiary/receitas/am.html#receita-froststalker-helmet | [Receita froststalker_helmet](lote-final-2026-10-06/am-cards-2026-10-06.md#receita-froststalker-helmet) — data/alexsmobs/recipe/froststalker_helmet.json
Froststalker,Alex’s Mobs Continued,"Criatura Animal; alvos: LivingEntity, Player",BiomeConfig padrão: (minecraft:ice_spikes) OU (minecraft:frozen_peaks) OU (terralith:cave/frostfire_caves) OU (terralith:frozen_cliffs) OU (terralith:glacial_chasm) OU (terralith:snowy_badlands) OU (terralith:gravel_desert); grupos alternativos; entradas externas só se biomas existirem. Fonte: evidence-am/decompiled-full/com/github/alexthe666/alexsmobs/config/BiomeConfig.java → evidence-am/decompiled-full/com/github/alexthe666/alexsmobs/config/DefaultBiomes.java; configuração efetiva do servidor não confirmada.,Loot de morte alternativo,minecraft:packed_ice,0–3,hasSpikes; tabela selecionada pela classe substitui a base; não somar pools; pool2: 1 sorteio(s); reposição se múltiplos rolls; peso bruto 1/1; normaliza apenas entradas elegíveis; set_count; Saque minecraft:looting: bônus Math.round(nível × sorteio 0–1); limite sem limite explícito,"Ingrediente nas receitas auditadas: {'id': 'alexsmobs:froststalker_helmet', 'count': 1}",Alta nos arquivos versionados; configurações/datapacks externos não confirmados,/images/bestiary/audited/am/froststalker.png,com/github/alexthe666/alexsmobs/client/model/ModelFroststalker.class; com/github/alexthe666/alexsmobs/client/render/RenderFroststalker.class; assets/alexsmobs/textures/entity/froststalker.png; com/github/alexthe666/alexsmobs/ClientProxy.class; com/github/alexthe666/alexsmobs/citadel/client/model/AdvancedEntityModel.class; com/github/alexthe666/alexsmobs/citadel/client/model/AdvancedModelBox.class; com/github/alexthe666/alexsmobs/entity/AMEntityRegistry.class; output-am/proveniencia.json,evidence-am/alexsmobs-2.1.14-neoforge+1.21.1.jar::data/alexsmobs/loot_table/entities/froststalker_spikes.json; evidence-am/decompiled-full/com/github/alexthe666/alexsmobs/entity/EntityFroststalker.java,/bestiary/receitas/am.html#receita-froststalker-helmet | [Receita froststalker_helmet](lote-final-2026-10-06/am-cards-2026-10-06.md#receita-froststalker-helmet) — data/alexsmobs/recipe/froststalker_helmet.json
Froststalker,Alex’s Mobs Continued,"Criatura Animal; alvos: LivingEntity, Player",BiomeConfig padrão: (minecraft:ice_spikes) OU (minecraft:frozen_peaks) OU (terralith:cave/frostfire_caves) OU (terralith:frozen_cliffs) OU (terralith:glacial_chasm) OU (terralith:snowy_badlands) OU (terralith:gravel_desert); grupos alternativos; entradas externas só se biomas existirem. Fonte: evidence-am/decompiled-full/com/github/alexthe666/alexsmobs/config/BiomeConfig.java → evidence-am/decompiled-full/com/github/alexthe666/alexsmobs/config/DefaultBiomes.java; configuração efetiva do servidor não confirmada.,Loot de morte alternativo,minecraft:blue_ice,0–2,hasSpikes; tabela selecionada pela classe substitui a base; não somar pools; pool3: 1 sorteio(s); reposição se múltiplos rolls; peso bruto 1/1; normaliza apenas entradas elegíveis; set_count; Saque minecraft:looting: bônus Math.round(nível × sorteio 0–1); limite sem limite explícito,"Bloco/planta vanilla1.21.1 para colocação, construção ou cultivo; comportamento específico conforme registro/bloco vanilla",Alta no recurso/registro/classe citados; condições efetivas do pack não confirmadas,/images/bestiary/audited/am/froststalker.png,com/github/alexthe666/alexsmobs/client/model/ModelFroststalker.class; com/github/alexthe666/alexsmobs/client/render/RenderFroststalker.class; assets/alexsmobs/textures/entity/froststalker.png; com/github/alexthe666/alexsmobs/ClientProxy.class; com/github/alexthe666/alexsmobs/citadel/client/model/AdvancedEntityModel.class; com/github/alexthe666/alexsmobs/citadel/client/model/AdvancedModelBox.class; com/github/alexthe666/alexsmobs/entity/AMEntityRegistry.class; output-am/proveniencia.json,evidence-am/alexsmobs-2.1.14-neoforge+1.21.1.jar::data/alexsmobs/loot_table/entities/froststalker_spikes.json; evidence-am/decompiled-full/com/github/alexthe666/alexsmobs/entity/EntityFroststalker.java,[Receitas vanilla1.21.1](lote-final-2026-10-06/receitas-vanilla.json)
Tusklin,Alex’s Mobs Continued,Criatura Animal; alvos: Player,BiomeConfig padrão: (minecraft:ice_spikes) OU (#minecraft:is_overworld E #forge:is_snowy E #forge:is_plains) OU (terralith:snowy_badlands) OU (terralith:gravel_desert) OU (biomesoplenty:snowblossom_grove); grupos alternativos; entradas externas só se biomas existirem. Fonte: evidence-am/decompiled-full/com/github/alexthe666/alexsmobs/config/BiomeConfig.java → evidence-am/decompiled-full/com/github/alexthe666/alexsmobs/config/DefaultBiomes.java; configuração efetiva do servidor não confirmada.,Loot de morte,minecraft:porkchop,3–6,"Loot condicionado ao caminho de morte; herança/interações/variantes fora deste pool separadas; pool1: 1 sorteio(s); reposição se múltiplos rolls; peso bruto 1/1; normaliza apenas entradas elegíveis; set_count; Saque minecraft:looting: bônus Math.round(nível × sorteio 0–1); limite sem limite explícito; aplica receita de fundição ao item; função somente se this satisfaz {""flags"": {""is_on_fire"": true}}","Ingrediente nas receitas vanilla1.21.1: {'id': 'minecraft:cooked_porkchop'}, {'id': 'minecraft:cooked_porkchop'}, {'id': 'minecraft:cooked_porkchop'}",Alta nos arquivos versionados; configurações/datapacks externos não confirmados,/images/bestiary/audited/am/tusklin.png,com/github/alexthe666/alexsmobs/client/model/ModelTusklin.class; com/github/alexthe666/alexsmobs/client/render/RenderTusklin.class; assets/alexsmobs/textures/entity/tusklin.png; com/github/alexthe666/alexsmobs/ClientProxy.class; com/github/alexthe666/alexsmobs/citadel/client/model/AdvancedEntityModel.class; com/github/alexthe666/alexsmobs/citadel/client/model/AdvancedModelBox.class; com/github/alexthe666/alexsmobs/client/render/layer/LayerTusklinGear.class; com/github/alexthe666/alexsmobs/entity/AMEntityRegistry.class; output-am/proveniencia.json,evidence-am/alexsmobs-2.1.14-neoforge+1.21.1.jar::data/alexsmobs/loot_table/entities/tusklin.json; evidence-am/decompiled-full/com/github/alexthe666/alexsmobs/entity/EntityTusklin.java,[Receitas vanilla1.21.1](lote-final-2026-10-06/receitas-vanilla.json)
Tusklin,Alex’s Mobs Continued,Criatura Animal; alvos: Player,BiomeConfig padrão: (minecraft:ice_spikes) OU (#minecraft:is_overworld E #forge:is_snowy E #forge:is_plains) OU (terralith:snowy_badlands) OU (terralith:gravel_desert) OU (biomesoplenty:snowblossom_grove); grupos alternativos; entradas externas só se biomas existirem. Fonte: evidence-am/decompiled-full/com/github/alexthe666/alexsmobs/config/BiomeConfig.java → evidence-am/decompiled-full/com/github/alexthe666/alexsmobs/config/DefaultBiomes.java; configuração efetiva do servidor não confirmada.,Loot de morte,minecraft:snowball,0–1,Loot condicionado ao caminho de morte; herança/interações/variantes fora deste pool separadas; pool2: 1 sorteio(s); reposição se múltiplos rolls; peso bruto 1/1; normaliza apenas entradas elegíveis; set_count; Saque minecraft:looting: bônus Math.round(nível × sorteio 0–1); limite sem limite explícito,Projétil arremessável e bloco de neve,Alta nos arquivos versionados; configurações/datapacks externos não confirmados,/images/bestiary/audited/am/tusklin.png,com/github/alexthe666/alexsmobs/client/model/ModelTusklin.class; com/github/alexthe666/alexsmobs/client/render/RenderTusklin.class; assets/alexsmobs/textures/entity/tusklin.png; com/github/alexthe666/alexsmobs/ClientProxy.class; com/github/alexthe666/alexsmobs/citadel/client/model/AdvancedEntityModel.class; com/github/alexthe666/alexsmobs/citadel/client/model/AdvancedModelBox.class; com/github/alexthe666/alexsmobs/client/render/layer/LayerTusklinGear.class; com/github/alexthe666/alexsmobs/entity/AMEntityRegistry.class; output-am/proveniencia.json,evidence-am/alexsmobs-2.1.14-neoforge+1.21.1.jar::data/alexsmobs/loot_table/entities/tusklin.json; evidence-am/decompiled-full/com/github/alexthe666/alexsmobs/entity/EntityTusklin.java,[Receitas vanilla1.21.1](lote-final-2026-10-06/receitas-vanilla.json)
Tusklin,Alex’s Mobs Continued,Criatura Animal; alvos: Player,BiomeConfig padrão: (minecraft:ice_spikes) OU (#minecraft:is_overworld E #forge:is_snowy E #forge:is_plains) OU (terralith:snowy_badlands) OU (terralith:gravel_desert) OU (biomesoplenty:snowblossom_grove); grupos alternativos; entradas externas só se biomas existirem. Fonte: evidence-am/decompiled-full/com/github/alexthe666/alexsmobs/config/BiomeConfig.java → evidence-am/decompiled-full/com/github/alexthe666/alexsmobs/config/DefaultBiomes.java; configuração efetiva do servidor não confirmada.,Recuperação de equipamento/contexto,minecraft:saddle,1,"isSaddled; dropEquipment; recupera equipamento preexistente, não pool incondicional",Recuperar e reutilizar o item equipado; pilha/variante conforme estado salvo,Alta nos arquivos versionados; configurações/datapacks externos não confirmados,/images/bestiary/audited/am/tusklin.png,com/github/alexthe666/alexsmobs/client/model/ModelTusklin.class; com/github/alexthe666/alexsmobs/client/render/RenderTusklin.class; assets/alexsmobs/textures/entity/tusklin.png; com/github/alexthe666/alexsmobs/ClientProxy.class; com/github/alexthe666/alexsmobs/citadel/client/model/AdvancedEntityModel.class; com/github/alexthe666/alexsmobs/citadel/client/model/AdvancedModelBox.class; com/github/alexthe666/alexsmobs/client/render/layer/LayerTusklinGear.class; com/github/alexthe666/alexsmobs/entity/AMEntityRegistry.class; output-am/proveniencia.json,/workspace/scratch/25006bff7ab5/evidence-am/decompiled-full/com/github/alexthe666/alexsmobs/entity/EntityTusklin.java; evidence-am/decompiled-full/com/github/alexthe666/alexsmobs/entity/EntityTusklin.java,/bestiary/receitas/am.html#receita-straddle-saddle | [Receita straddle_saddle](lote-final-2026-10-06/am-cards-2026-10-06.md#receita-straddle-saddle) — data/alexsmobs/recipe/straddle_saddle.json
Tusklin,Alex’s Mobs Continued,Criatura Animal; alvos: Player,BiomeConfig padrão: (minecraft:ice_spikes) OU (#minecraft:is_overworld E #forge:is_snowy E #forge:is_plains) OU (terralith:snowy_badlands) OU (terralith:gravel_desert) OU (biomesoplenty:snowblossom_grove); grupos alternativos; entradas externas só se biomas existirem. Fonte: evidence-am/decompiled-full/com/github/alexthe666/alexsmobs/config/BiomeConfig.java → evidence-am/decompiled-full/com/github/alexthe666/alexsmobs/config/DefaultBiomes.java; configuração efetiva do servidor não confirmada.,Recuperação de equipamento/contexto,ShoeStack equipado,1,"pilha getShoeStack não vazia; dropEquipment; recupera equipamento preexistente, não pool incondicional",Recuperar e reutilizar o item equipado; pilha/variante conforme estado salvo,Alta nos arquivos versionados; configurações/datapacks externos não confirmados,/images/bestiary/audited/am/tusklin.png,com/github/alexthe666/alexsmobs/client/model/ModelTusklin.class; com/github/alexthe666/alexsmobs/client/render/RenderTusklin.class; assets/alexsmobs/textures/entity/tusklin.png; com/github/alexthe666/alexsmobs/ClientProxy.class; com/github/alexthe666/alexsmobs/citadel/client/model/AdvancedEntityModel.class; com/github/alexthe666/alexsmobs/citadel/client/model/AdvancedModelBox.class; com/github/alexthe666/alexsmobs/client/render/layer/LayerTusklinGear.class; com/github/alexthe666/alexsmobs/entity/AMEntityRegistry.class; output-am/proveniencia.json,/workspace/scratch/25006bff7ab5/evidence-am/decompiled-full/com/github/alexthe666/alexsmobs/entity/EntityTusklin.java; evidence-am/decompiled-full/com/github/alexthe666/alexsmobs/entity/EntityTusklin.java,Não aplicável: uso direto ou nenhuma receita identificada na build
Laviathan,Alex’s Mobs Continued,Criatura Animal; comportamento definido na classe e herança citadas,BiomeConfig padrão: (#minecraft:is_nether); grupos alternativos; entradas externas só se biomas existirem. Fonte: evidence-am/decompiled-full/com/github/alexthe666/alexsmobs/config/BiomeConfig.java → evidence-am/decompiled-full/com/github/alexthe666/alexsmobs/config/DefaultBiomes.java; configuração efetiva do servidor não confirmada.,Loot de morte,minecraft:magma_block,0–3,Loot condicionado ao caminho de morte; herança/interações/variantes fora deste pool separadas; pool1: 1 sorteio(s); reposição se múltiplos rolls; peso bruto 1/1; normaliza apenas entradas elegíveis; set_count; Saque minecraft:looting: bônus Math.round(nível × sorteio 0–1); limite sem limite explícito; tabela base apenas quando nenhum estado alternativo ativo em EntityLaviathan.getDefaultLootTable,"Bloco/planta vanilla1.21.1 para colocação, construção ou cultivo; comportamento específico conforme registro/bloco vanilla",Alta no recurso/registro/classe citados; condições efetivas do pack não confirmadas,/images/bestiary/audited/am/laviathan.png,com/github/alexthe666/alexsmobs/client/model/ModelLaviathan.class; com/github/alexthe666/alexsmobs/client/render/RenderLaviathan.class; assets/alexsmobs/textures/entity/laviathan.png; assets/alexsmobs/textures/entity/laviathan_glow.png; com/github/alexthe666/alexsmobs/ClientProxy.class; com/github/alexthe666/alexsmobs/citadel/client/model/AdvancedEntityModel.class; com/github/alexthe666/alexsmobs/citadel/client/model/AdvancedModelBox.class; com/github/alexthe666/alexsmobs/client/render/RenderLaviathan$LayerOverlays.class; com/github/alexthe666/alexsmobs/entity/AMEntityRegistry.class; output-am/proveniencia.json,evidence-am/alexsmobs-2.1.14-neoforge+1.21.1.jar::data/alexsmobs/loot_table/entities/laviathan.json; evidence-am/decompiled-full/com/github/alexthe666/alexsmobs/entity/EntityLaviathan.java,[Receitas vanilla1.21.1](lote-final-2026-10-06/receitas-vanilla.json)
Laviathan,Alex’s Mobs Continued,Criatura Animal; comportamento definido na classe e herança citadas,BiomeConfig padrão: (#minecraft:is_nether); grupos alternativos; entradas externas só se biomas existirem. Fonte: evidence-am/decompiled-full/com/github/alexthe666/alexsmobs/config/BiomeConfig.java → evidence-am/decompiled-full/com/github/alexthe666/alexsmobs/config/DefaultBiomes.java; configuração efetiva do servidor não confirmada.,Loot de morte,minecraft:blackstone,0–3,Loot condicionado ao caminho de morte; herança/interações/variantes fora deste pool separadas; pool2: 1 sorteio(s); reposição se múltiplos rolls; peso bruto 1/1; normaliza apenas entradas elegíveis; set_count; Saque minecraft:looting: bônus Math.round(nível × sorteio 0–1); limite sem limite explícito; tabela base apenas quando nenhum estado alternativo ativo em EntityLaviathan.getDefaultLootTable,"Ingrediente nas receitas vanilla1.21.1: {'count': 6, 'id': 'minecraft:blackstone_slab'}, {'count': 2, 'id': 'minecraft:blackstone_slab'}, {'count': 4, 'id': 'minecraft:blackstone_stairs'}, {'count': 1, 'id': 'minecraft:blackstone_stairs'}, {'count': 6, 'id': 'minecraft:blackstone_wall'}, {'count': 1, 'id': 'minecraft:blackstone_wall'}, {'count': 1, 'id': 'minecraft:chiseled_polished_blackstone'}, {'count': 4, 'id': 'minecraft:polished_blackstone'}, {'count': 2, 'id': 'minecraft:polished_blackstone_brick_slab'}, {'count': 1, 'id': 'minecraft:polished_blackstone_brick_stairs'}, {'count': 1, 'id': 'minecraft:polished_blackstone_brick_wall'}, {'count': 1, 'id': 'minecraft:polished_blackstone_bricks'}, {'count': 1, 'id': 'minecraft:polished_blackstone'}, {'count': 2, 'id': 'minecraft:polished_blackstone_slab'}, {'count': 1, 'id': 'minecraft:polished_blackstone_stairs'}",Alta nos arquivos versionados; configurações/datapacks externos não confirmados,/images/bestiary/audited/am/laviathan.png,com/github/alexthe666/alexsmobs/client/model/ModelLaviathan.class; com/github/alexthe666/alexsmobs/client/render/RenderLaviathan.class; assets/alexsmobs/textures/entity/laviathan.png; assets/alexsmobs/textures/entity/laviathan_glow.png; com/github/alexthe666/alexsmobs/ClientProxy.class; com/github/alexthe666/alexsmobs/citadel/client/model/AdvancedEntityModel.class; com/github/alexthe666/alexsmobs/citadel/client/model/AdvancedModelBox.class; com/github/alexthe666/alexsmobs/client/render/RenderLaviathan$LayerOverlays.class; com/github/alexthe666/alexsmobs/entity/AMEntityRegistry.class; output-am/proveniencia.json,evidence-am/alexsmobs-2.1.14-neoforge+1.21.1.jar::data/alexsmobs/loot_table/entities/laviathan.json; evidence-am/decompiled-full/com/github/alexthe666/alexsmobs/entity/EntityLaviathan.java,[Receitas vanilla1.21.1](lote-final-2026-10-06/receitas-vanilla.json)
Laviathan,Alex’s Mobs Continued,Criatura Animal; comportamento definido na classe e herança citadas,BiomeConfig padrão: (#minecraft:is_nether); grupos alternativos; entradas externas só se biomas existirem. Fonte: evidence-am/decompiled-full/com/github/alexthe666/alexsmobs/config/BiomeConfig.java → evidence-am/decompiled-full/com/github/alexthe666/alexsmobs/config/DefaultBiomes.java; configuração efetiva do servidor não confirmada.,Loot de morte alternativo,minecraft:obsidian,0–3,isObsidian; tabela selecionada pela classe substitui a base; não somar pools; pool1: 1 sorteio(s); reposição se múltiplos rolls; peso bruto 1/1; normaliza apenas entradas elegíveis; set_count; Saque minecraft:looting: bônus Math.round(nível × sorteio 0–1); limite sem limite explícito,"Ingrediente nas receitas auditadas: {'id': 'alexsmobs:transmutation_table', 'count': 1}",Alta nos arquivos versionados; configurações/datapacks externos não confirmados,/images/bestiary/audited/am/laviathan.png,com/github/alexthe666/alexsmobs/client/model/ModelLaviathan.class; com/github/alexthe666/alexsmobs/client/render/RenderLaviathan.class; assets/alexsmobs/textures/entity/laviathan.png; assets/alexsmobs/textures/entity/laviathan_glow.png; com/github/alexthe666/alexsmobs/ClientProxy.class; com/github/alexthe666/alexsmobs/citadel/client/model/AdvancedEntityModel.class; com/github/alexthe666/alexsmobs/citadel/client/model/AdvancedModelBox.class; com/github/alexthe666/alexsmobs/client/render/RenderLaviathan$LayerOverlays.class; com/github/alexthe666/alexsmobs/entity/AMEntityRegistry.class; output-am/proveniencia.json,evidence-am/alexsmobs-2.1.14-neoforge+1.21.1.jar::data/alexsmobs/loot_table/entities/laviathan_obsidian.json; evidence-am/decompiled-full/com/github/alexthe666/alexsmobs/entity/EntityLaviathan.java,/bestiary/receitas/am.html#receita-transmutation-table | [Receita transmutation_table](lote-final-2026-10-06/am-cards-2026-10-06.md#receita-transmutation-table) — data/alexsmobs/recipe/transmutation_table.json
Laviathan,Alex’s Mobs Continued,Criatura Animal; comportamento definido na classe e herança citadas,BiomeConfig padrão: (#minecraft:is_nether); grupos alternativos; entradas externas só se biomas existirem. Fonte: evidence-am/decompiled-full/com/github/alexthe666/alexsmobs/config/BiomeConfig.java → evidence-am/decompiled-full/com/github/alexthe666/alexsmobs/config/DefaultBiomes.java; configuração efetiva do servidor não confirmada.,Loot de morte alternativo,minecraft:blackstone,0–3,isObsidian; tabela selecionada pela classe substitui a base; não somar pools; pool2: 1 sorteio(s); reposição se múltiplos rolls; peso bruto 1/1; normaliza apenas entradas elegíveis; set_count; Saque minecraft:looting: bônus Math.round(nível × sorteio 0–1); limite sem limite explícito,"Ingrediente nas receitas vanilla1.21.1: {'count': 6, 'id': 'minecraft:blackstone_slab'}, {'count': 2, 'id': 'minecraft:blackstone_slab'}, {'count': 4, 'id': 'minecraft:blackstone_stairs'}, {'count': 1, 'id': 'minecraft:blackstone_stairs'}, {'count': 6, 'id': 'minecraft:blackstone_wall'}, {'count': 1, 'id': 'minecraft:blackstone_wall'}, {'count': 1, 'id': 'minecraft:chiseled_polished_blackstone'}, {'count': 4, 'id': 'minecraft:polished_blackstone'}, {'count': 2, 'id': 'minecraft:polished_blackstone_brick_slab'}, {'count': 1, 'id': 'minecraft:polished_blackstone_brick_stairs'}, {'count': 1, 'id': 'minecraft:polished_blackstone_brick_wall'}, {'count': 1, 'id': 'minecraft:polished_blackstone_bricks'}, {'count': 1, 'id': 'minecraft:polished_blackstone'}, {'count': 2, 'id': 'minecraft:polished_blackstone_slab'}, {'count': 1, 'id': 'minecraft:polished_blackstone_stairs'}",Alta nos arquivos versionados; configurações/datapacks externos não confirmados,/images/bestiary/audited/am/laviathan.png,com/github/alexthe666/alexsmobs/client/model/ModelLaviathan.class; com/github/alexthe666/alexsmobs/client/render/RenderLaviathan.class; assets/alexsmobs/textures/entity/laviathan.png; assets/alexsmobs/textures/entity/laviathan_glow.png; com/github/alexthe666/alexsmobs/ClientProxy.class; com/github/alexthe666/alexsmobs/citadel/client/model/AdvancedEntityModel.class; com/github/alexthe666/alexsmobs/citadel/client/model/AdvancedModelBox.class; com/github/alexthe666/alexsmobs/client/render/RenderLaviathan$LayerOverlays.class; com/github/alexthe666/alexsmobs/entity/AMEntityRegistry.class; output-am/proveniencia.json,evidence-am/alexsmobs-2.1.14-neoforge+1.21.1.jar::data/alexsmobs/loot_table/entities/laviathan_obsidian.json; evidence-am/decompiled-full/com/github/alexthe666/alexsmobs/entity/EntityLaviathan.java,[Receitas vanilla1.21.1](lote-final-2026-10-06/receitas-vanilla.json)
Laviathan,Alex’s Mobs Continued,Criatura Animal; comportamento definido na classe e herança citadas,BiomeConfig padrão: (#minecraft:is_nether); grupos alternativos; entradas externas só se biomas existirem. Fonte: evidence-am/decompiled-full/com/github/alexthe666/alexsmobs/config/BiomeConfig.java → evidence-am/decompiled-full/com/github/alexthe666/alexsmobs/config/DefaultBiomes.java; configuração efetiva do servidor não confirmada.,Recuperação de equipamento/contexto,alexsmobs:straddle_saddle,1,"hasBodyGear; dropEquipment; recupera equipamento preexistente, não pool incondicional",Recuperar e reutilizar o item equipado; pilha/variante conforme estado salvo,Alta nos arquivos versionados; configurações/datapacks externos não confirmados,/images/bestiary/audited/am/laviathan.png,com/github/alexthe666/alexsmobs/client/model/ModelLaviathan.class; com/github/alexthe666/alexsmobs/client/render/RenderLaviathan.class; assets/alexsmobs/textures/entity/laviathan.png; assets/alexsmobs/textures/entity/laviathan_glow.png; com/github/alexthe666/alexsmobs/ClientProxy.class; com/github/alexthe666/alexsmobs/citadel/client/model/AdvancedEntityModel.class; com/github/alexthe666/alexsmobs/citadel/client/model/AdvancedModelBox.class; com/github/alexthe666/alexsmobs/client/render/RenderLaviathan$LayerOverlays.class; com/github/alexthe666/alexsmobs/entity/AMEntityRegistry.class; output-am/proveniencia.json,/workspace/scratch/25006bff7ab5/evidence-am/decompiled-full/com/github/alexthe666/alexsmobs/entity/EntityLaviathan.java; evidence-am/decompiled-full/com/github/alexthe666/alexsmobs/entity/EntityLaviathan.java; evidence-am/decompiled-full/com/github/alexthe666/alexsmobs/item/AMItemRegistry.java; registros-usos-itens.json#alexsmobs:straddle_saddle,Não aplicável: uso direto ou nenhuma receita identificada na build
Laviathan,Alex’s Mobs Continued,Criatura Animal; comportamento definido na classe e herança citadas,BiomeConfig padrão: (#minecraft:is_nether); grupos alternativos; entradas externas só se biomas existirem. Fonte: evidence-am/decompiled-full/com/github/alexthe666/alexsmobs/config/BiomeConfig.java → evidence-am/decompiled-full/com/github/alexthe666/alexsmobs/config/DefaultBiomes.java; configuração efetiva do servidor não confirmada.,Recuperação de equipamento/contexto,alexsmobs:straddle_helmet,1,"hasHeadGear; dropEquipment; recupera equipamento preexistente, não pool incondicional",Recuperar e reutilizar o item equipado; pilha/variante conforme estado salvo,Alta nos arquivos versionados; configurações/datapacks externos não confirmados,/images/bestiary/audited/am/laviathan.png,com/github/alexthe666/alexsmobs/client/model/ModelLaviathan.class; com/github/alexthe666/alexsmobs/client/render/RenderLaviathan.class; assets/alexsmobs/textures/entity/laviathan.png; assets/alexsmobs/textures/entity/laviathan_glow.png; com/github/alexthe666/alexsmobs/ClientProxy.class; com/github/alexthe666/alexsmobs/citadel/client/model/AdvancedEntityModel.class; com/github/alexthe666/alexsmobs/citadel/client/model/AdvancedModelBox.class; com/github/alexthe666/alexsmobs/client/render/RenderLaviathan$LayerOverlays.class; com/github/alexthe666/alexsmobs/entity/AMEntityRegistry.class; output-am/proveniencia.json,/workspace/scratch/25006bff7ab5/evidence-am/decompiled-full/com/github/alexthe666/alexsmobs/entity/EntityLaviathan.java; evidence-am/decompiled-full/com/github/alexthe666/alexsmobs/entity/EntityLaviathan.java; evidence-am/decompiled-full/com/github/alexthe666/alexsmobs/item/AMItemRegistry.java; registros-usos-itens.json#alexsmobs:straddle_helmet,Não aplicável: uso direto ou nenhuma receita identificada na build
Cosmaw,Alex’s Mobs Continued,Criatura TamableAnimal; comportamento definido na classe e herança citadas,BiomeConfig padrão: (#minecraft:is_end E NÃO minecraft:the_end E NÃO minecraft:small_end_islands); grupos alternativos; entradas externas só se biomas existirem. Fonte: evidence-am/decompiled-full/com/github/alexthe666/alexsmobs/config/BiomeConfig.java → evidence-am/decompiled-full/com/github/alexthe666/alexsmobs/config/DefaultBiomes.java; configuração efetiva do servidor não confirmada.,Loot de morte,minecraft:chorus_fruit,0–1,Loot condicionado ao caminho de morte; herança/interações/variantes fora deste pool separadas; pool1: 1 sorteio(s); reposição se múltiplos rolls; peso bruto 1/1; normaliza apenas entradas elegíveis; set_count; Saque minecraft:looting: bônus Math.round(nível × sorteio 0–1); limite sem limite explícito,Ingrediente nas receitas auditadas: {'id': 'alexsmobs:chorus_on_a_stick'},Alta nos arquivos versionados; configurações/datapacks externos não confirmados,/images/bestiary/audited/am/cosmaw.png,com/github/alexthe666/alexsmobs/client/model/ModelCosmaw.class; com/github/alexthe666/alexsmobs/client/render/RenderCosmaw.class; assets/alexsmobs/textures/entity/cosmaw.png; assets/alexsmobs/textures/entity/cosmaw_glow.png; com/github/alexthe666/alexsmobs/ClientProxy.class; com/github/alexthe666/alexsmobs/citadel/client/model/AdvancedEntityModel.class; com/github/alexthe666/alexsmobs/citadel/client/model/AdvancedModelBox.class; com/github/alexthe666/alexsmobs/client/render/RenderCosmaw$LayerHeldItem.class; com/github/alexthe666/alexsmobs/client/render/layer/LayerBasicGlow.class; com/github/alexthe666/alexsmobs/entity/AMEntityRegistry.class; output-am/proveniencia.json,evidence-am/alexsmobs-2.1.14-neoforge+1.21.1.jar::data/alexsmobs/loot_table/entities/cosmaw.json; evidence-am/decompiled-full/com/github/alexthe666/alexsmobs/entity/EntityCosmaw.java,/bestiary/receitas/am.html#receita-chorus-on-a-stick | [Receita chorus_on_a_stick](lote-final-2026-10-06/am-cards-2026-10-06.md#receita-chorus-on-a-stick) — data/alexsmobs/recipe/chorus_on_a_stick.json
Cosmaw,Alex’s Mobs Continued,Criatura TamableAnimal; comportamento definido na classe e herança citadas,BiomeConfig padrão: (#minecraft:is_end E NÃO minecraft:the_end E NÃO minecraft:small_end_islands); grupos alternativos; entradas externas só se biomas existirem. Fonte: evidence-am/decompiled-full/com/github/alexthe666/alexsmobs/config/BiomeConfig.java → evidence-am/decompiled-full/com/github/alexthe666/alexsmobs/config/DefaultBiomes.java; configuração efetiva do servidor não confirmada.,Devolver item carregado,Mainhand ItemStack,pilha carregada,"Rotina da classe solta mão principal na morte/removal pertinente; linha contextual, não item literal garantido",Recuperar item apanhado/carregado; não somar ao pool como geração nativa,Alta nos arquivos versionados; configurações/datapacks externos não confirmados,/images/bestiary/audited/am/cosmaw.png,com/github/alexthe666/alexsmobs/client/model/ModelCosmaw.class; com/github/alexthe666/alexsmobs/client/render/RenderCosmaw.class; assets/alexsmobs/textures/entity/cosmaw.png; assets/alexsmobs/textures/entity/cosmaw_glow.png; com/github/alexthe666/alexsmobs/ClientProxy.class; com/github/alexthe666/alexsmobs/citadel/client/model/AdvancedEntityModel.class; com/github/alexthe666/alexsmobs/citadel/client/model/AdvancedModelBox.class; com/github/alexthe666/alexsmobs/client/render/RenderCosmaw$LayerHeldItem.class; com/github/alexthe666/alexsmobs/client/render/layer/LayerBasicGlow.class; com/github/alexthe666/alexsmobs/entity/AMEntityRegistry.class; output-am/proveniencia.json,/workspace/scratch/25006bff7ab5/evidence-am/decompiled-full/com/github/alexthe666/alexsmobs/entity/EntityCosmaw.java; evidence-am/decompiled-full/com/github/alexthe666/alexsmobs/entity/EntityCosmaw.java,Não aplicável: uso direto ou nenhuma receita identificada na build
Toucan,Alex’s Mobs Continued,Criatura Animal; comportamento definido na classe e herança citadas,BiomeConfig padrão: (#minecraft:is_overworld E #minecraft:is_jungle E NÃO minecraft:bamboo_jungle) OU (terralith:amethyst_canyon) OU (terralith:amethyst_rainforest) OU (terralith:jungle_mountains) OU (terralith:rocky_jungle) OU (terralith:tropical_jungle) OU (terralith:skylands_summer); grupos alternativos; entradas externas só se biomas existirem. Fonte: evidence-am/decompiled-full/com/github/alexthe666/alexsmobs/config/BiomeConfig.java → evidence-am/decompiled-full/com/github/alexthe666/alexsmobs/config/DefaultBiomes.java; configuração efetiva do servidor não confirmada.,Loot de morte,minecraft:feather,0–1,Loot condicionado ao caminho de morte; herança/interações/variantes fora deste pool separadas; pool1: 1 sorteio(s); reposição se múltiplos rolls; peso bruto 1/1; normaliza apenas entradas elegíveis; set_count; Saque minecraft:looting: bônus Math.round(nível × sorteio 0–1); limite sem limite explícito,Flechas; livro e pena,Alta nos arquivos versionados; configurações/datapacks externos não confirmados,/images/bestiary/audited/am/toucan-variant-0.png,com/github/alexthe666/alexsmobs/client/model/ModelToucan.class; com/github/alexthe666/alexsmobs/client/render/RenderToucan.class; assets/alexsmobs/textures/entity/toucan/toucan_0.png; com/github/alexthe666/alexsmobs/ClientProxy.class; com/github/alexthe666/alexsmobs/citadel/client/model/AdvancedEntityModel.class; com/github/alexthe666/alexsmobs/citadel/client/model/AdvancedModelBox.class; com/github/alexthe666/alexsmobs/client/render/RenderToucan$LayerGlint.class; com/github/alexthe666/alexsmobs/client/render/RenderToucan$LayerHeldItem.class; com/github/alexthe666/alexsmobs/entity/AMEntityRegistry.class; assets/alexsmobs/textures/entity/toucan/toucan_1.png; assets/alexsmobs/textures/entity/toucan/toucan_2.png; assets/alexsmobs/textures/entity/toucan/toucan_3.png; output-am/proveniencia.json,evidence-am/alexsmobs-2.1.14-neoforge+1.21.1.jar::data/alexsmobs/loot_table/entities/toucan.json; evidence-am/decompiled-full/com/github/alexthe666/alexsmobs/entity/EntityToucan.java,[Receitas vanilla1.21.1](lote-final-2026-10-06/receitas-vanilla.json)
Toucan,Alex’s Mobs Continued,Criatura Animal; comportamento definido na classe e herança citadas,BiomeConfig padrão: (#minecraft:is_overworld E #minecraft:is_jungle E NÃO minecraft:bamboo_jungle) OU (terralith:amethyst_canyon) OU (terralith:amethyst_rainforest) OU (terralith:jungle_mountains) OU (terralith:rocky_jungle) OU (terralith:tropical_jungle) OU (terralith:skylands_summer); grupos alternativos; entradas externas só se biomas existirem. Fonte: evidence-am/decompiled-full/com/github/alexthe666/alexsmobs/config/BiomeConfig.java → evidence-am/decompiled-full/com/github/alexthe666/alexsmobs/config/DefaultBiomes.java; configuração efetiva do servidor não confirmada.,Devolver item carregado,Mainhand ItemStack,pilha carregada,"Rotina da classe solta mão principal na morte/removal pertinente; linha contextual, não item literal garantido",Recuperar item apanhado/carregado; não somar ao pool como geração nativa,Alta nos arquivos versionados; configurações/datapacks externos não confirmados,/images/bestiary/audited/am/toucan-variant-0.png,com/github/alexthe666/alexsmobs/client/model/ModelToucan.class; com/github/alexthe666/alexsmobs/client/render/RenderToucan.class; assets/alexsmobs/textures/entity/toucan/toucan_0.png; com/github/alexthe666/alexsmobs/ClientProxy.class; com/github/alexthe666/alexsmobs/citadel/client/model/AdvancedEntityModel.class; com/github/alexthe666/alexsmobs/citadel/client/model/AdvancedModelBox.class; com/github/alexthe666/alexsmobs/client/render/RenderToucan$LayerGlint.class; com/github/alexthe666/alexsmobs/client/render/RenderToucan$LayerHeldItem.class; com/github/alexthe666/alexsmobs/entity/AMEntityRegistry.class; assets/alexsmobs/textures/entity/toucan/toucan_1.png; assets/alexsmobs/textures/entity/toucan/toucan_2.png; assets/alexsmobs/textures/entity/toucan/toucan_3.png; output-am/proveniencia.json,/workspace/scratch/25006bff7ab5/evidence-am/decompiled-full/com/github/alexthe666/alexsmobs/entity/EntityToucan.java; evidence-am/decompiled-full/com/github/alexthe666/alexsmobs/entity/EntityToucan.java,Não aplicável: uso direto ou nenhuma receita identificada na build
Maned Wolf,Alex’s Mobs Continued,Criatura Animal; comportamento definido na classe e herança citadas,BiomeConfig padrão: (#minecraft:is_overworld E #minecraft:is_savanna) OU (terralith:arid_highlands) OU (terralith:brushland) OU (terralith:fractured_savanna) OU (terralith:savanna_badlands) OU (terralith:savanna_slopes) OU (terralith:shrubland); grupos alternativos; entradas externas só se biomas existirem. Fonte: evidence-am/decompiled-full/com/github/alexthe666/alexsmobs/config/BiomeConfig.java → evidence-am/decompiled-full/com/github/alexthe666/alexsmobs/config/DefaultBiomes.java; configuração efetiva do servidor não confirmada.,Tabela de morte vazia,Sem itens no JSON,0,Loot condicionado ao caminho de morte; herança/interações/variantes fora deste pool separadas; pools=[]; mecanismos paralelos separados,Não aplicável,Alta nos arquivos versionados; configurações/datapacks externos não confirmados,/images/bestiary/audited/am/maned-wolf.png,com/github/alexthe666/alexsmobs/client/model/ModelManedWolf.class; com/github/alexthe666/alexsmobs/client/render/RenderManedWolf.class; assets/alexsmobs/textures/entity/maned_wolf.png; com/github/alexthe666/alexsmobs/ClientProxy.class; com/github/alexthe666/alexsmobs/citadel/client/model/AdvancedEntityModel.class; com/github/alexthe666/alexsmobs/citadel/client/model/AdvancedModelBox.class; com/github/alexthe666/alexsmobs/entity/AMEntityRegistry.class; output-am/proveniencia.json,evidence-am/alexsmobs-2.1.14-neoforge+1.21.1.jar::data/alexsmobs/loot_table/entities/maned_wolf.json; evidence-am/decompiled-full/com/github/alexthe666/alexsmobs/entity/EntityManedWolf.java,Não aplicável: uso direto ou nenhuma receita identificada na build
Anaconda,Alex’s Mobs Continued,Criatura Animal; alvos: LivingEntity,BiomeConfig padrão: (#minecraft:is_overworld E #forge:is_swamp) OU (minecraft:mangrove_swamp) OU (terralith:ice_marsh) OU (terralith:orchid_swamp) OU (terralith:amethyst_rainforest) OU (terralith:tropical_jungle) OU (terralith:skylands_summer); grupos alternativos; entradas externas só se biomas existirem. Fonte: evidence-am/decompiled-full/com/github/alexthe666/alexsmobs/config/BiomeConfig.java → evidence-am/decompiled-full/com/github/alexthe666/alexsmobs/config/DefaultBiomes.java; configuração efetiva do servidor não confirmada.,Tabela de morte vazia,Sem itens no JSON,0,Loot condicionado ao caminho de morte; herança/interações/variantes fora deste pool separadas; pools=[]; mecanismos paralelos separados,Não aplicável,Alta nos arquivos versionados; configurações/datapacks externos não confirmados,/images/bestiary/audited/am/anaconda-normal.png,com/github/alexthe666/alexsmobs/client/model/ModelAnaconda.class; com/github/alexthe666/alexsmobs/client/render/RenderAnaconda.class; assets/alexsmobs/textures/entity/anaconda.png; com/github/alexthe666/alexsmobs/ClientProxy.class; com/github/alexthe666/alexsmobs/citadel/client/model/AdvancedEntityModel.class; com/github/alexthe666/alexsmobs/citadel/client/model/AdvancedModelBox.class; com/github/alexthe666/alexsmobs/client/render/RenderAnacondaPart.class; com/github/alexthe666/alexsmobs/entity/AMEntityRegistry.class; com/github/alexthe666/alexsmobs/entity/EntityAnaconda.class; com/github/alexthe666/alexsmobs/entity/EntityAnacondaPart.class; com/github/alexthe666/alexsmobs/entity/IHurtableMultipart.class; com/github/alexthe666/alexsmobs/entity/util/AnacondaPartIndex.class; assets/alexsmobs/textures/entity/anaconda_yellow.png; output-am/proveniencia.json,evidence-am/alexsmobs-2.1.14-neoforge+1.21.1.jar::data/alexsmobs/loot_table/entities/anaconda.json; evidence-am/decompiled-full/com/github/alexthe666/alexsmobs/entity/EntityAnaconda.java,Não aplicável: uso direto ou nenhuma receita identificada na build
Anaconda,Alex’s Mobs Continued,Criatura Animal; alvos: LivingEntity,BiomeConfig padrão: (#minecraft:is_overworld E #forge:is_swamp) OU (minecraft:mangrove_swamp) OU (terralith:ice_marsh) OU (terralith:orchid_swamp) OU (terralith:amethyst_rainforest) OU (terralith:tropical_jungle) OU (terralith:skylands_summer); grupos alternativos; entradas externas só se biomas existirem. Fonte: evidence-am/decompiled-full/com/github/alexthe666/alexsmobs/config/BiomeConfig.java → evidence-am/decompiled-full/com/github/alexthe666/alexsmobs/config/DefaultBiomes.java; configuração efetiva do servidor não confirmada.,Recompensa com mob vivo,alexsmobs:shed_snake_skin,1,getSheddingTime chega0; inicia após refeições pelas rotinas de digestão; cooldown1000+nextInt2000,"Ingrediente nas receitas auditadas: {'id': 'alexsmobs:banner_pattern_brazil'}, {'id': 'alexsmobs:vine_lasso', 'count': 1}",Alta nos arquivos versionados; configurações/datapacks externos não confirmados,/images/bestiary/audited/am/anaconda-normal.png,com/github/alexthe666/alexsmobs/client/model/ModelAnaconda.class; com/github/alexthe666/alexsmobs/client/render/RenderAnaconda.class; assets/alexsmobs/textures/entity/anaconda.png; com/github/alexthe666/alexsmobs/ClientProxy.class; com/github/alexthe666/alexsmobs/citadel/client/model/AdvancedEntityModel.class; com/github/alexthe666/alexsmobs/citadel/client/model/AdvancedModelBox.class; com/github/alexthe666/alexsmobs/client/render/RenderAnacondaPart.class; com/github/alexthe666/alexsmobs/entity/AMEntityRegistry.class; com/github/alexthe666/alexsmobs/entity/EntityAnaconda.class; com/github/alexthe666/alexsmobs/entity/EntityAnacondaPart.class; com/github/alexthe666/alexsmobs/entity/IHurtableMultipart.class; com/github/alexthe666/alexsmobs/entity/util/AnacondaPartIndex.class; assets/alexsmobs/textures/entity/anaconda_yellow.png; output-am/proveniencia.json,/workspace/scratch/25006bff7ab5/evidence-am/decompiled-full/com/github/alexthe666/alexsmobs/entity/EntityAnaconda.java; evidence-am/decompiled-full/com/github/alexthe666/alexsmobs/entity/EntityAnaconda.java; evidence-am/decompiled-full/com/github/alexthe666/alexsmobs/item/AMItemRegistry.java; registros-usos-itens.json#alexsmobs:shed_snake_skin,/bestiary/receitas/am.html#receita-banner-pattern-brazil | [Receita banner_pattern_brazil](lote-final-2026-10-06/am-cards-2026-10-06.md#receita-banner-pattern-brazil) — data/alexsmobs/recipe/banner_pattern_brazil.json; [Receita vine_lasso](lote-final-2026-10-06/am-cards-2026-10-06.md#receita-vine-lasso) — data/alexsmobs/recipe/vine_lasso.json
Anteater,Alex’s Mobs Continued,Criatura Animal; comportamento definido na classe e herança citadas,BiomeConfig padrão: (#minecraft:is_overworld E #minecraft:is_jungle E NÃO minecraft:bamboo_jungle) OU (terralith:amethyst_canyon) OU (terralith:amethyst_rainforest) OU (terralith:jungle_mountains) OU (terralith:rocky_jungle) OU (terralith:tropical_jungle) OU (terralith:skylands_summer); grupos alternativos; entradas externas só se biomas existirem. Fonte: evidence-am/decompiled-full/com/github/alexthe666/alexsmobs/config/BiomeConfig.java → evidence-am/decompiled-full/com/github/alexthe666/alexsmobs/config/DefaultBiomes.java; configuração efetiva do servidor não confirmada.,Tabela de morte vazia,Sem itens no JSON,0,Loot condicionado ao caminho de morte; herança/interações/variantes fora deste pool separadas; pools=[]; mecanismos paralelos separados,Não aplicável,Alta nos arquivos versionados; configurações/datapacks externos não confirmados,/images/bestiary/audited/am/anteater.png,com/github/alexthe666/alexsmobs/client/model/ModelAnteater.class; com/github/alexthe666/alexsmobs/client/render/RenderAnteater.class; assets/alexsmobs/textures/entity/anteater.png; com/github/alexthe666/alexsmobs/ClientProxy.class; com/github/alexthe666/alexsmobs/citadel/client/model/AdvancedEntityModel.class; com/github/alexthe666/alexsmobs/citadel/client/model/AdvancedModelBox.class; com/github/alexthe666/alexsmobs/client/render/layer/LayerAnteaterBaby.class; com/github/alexthe666/alexsmobs/client/render/layer/LayerAnteaterTongueItem.class; com/github/alexthe666/alexsmobs/entity/AMEntityRegistry.class; output-am/proveniencia.json,evidence-am/alexsmobs-2.1.14-neoforge+1.21.1.jar::data/alexsmobs/loot_table/entities/anteater.json; evidence-am/decompiled-full/com/github/alexthe666/alexsmobs/entity/EntityAnteater.java,Não aplicável: uso direto ou nenhuma receita identificada na build
Anteater,Alex’s Mobs Continued,Criatura Animal; comportamento definido na classe e herança citadas,BiomeConfig padrão: (#minecraft:is_overworld E #minecraft:is_jungle E NÃO minecraft:bamboo_jungle) OU (terralith:amethyst_canyon) OU (terralith:amethyst_rainforest) OU (terralith:jungle_mountains) OU (terralith:rocky_jungle) OU (terralith:tropical_jungle) OU (terralith:skylands_summer); grupos alternativos; entradas externas só se biomas existirem. Fonte: evidence-am/decompiled-full/com/github/alexthe666/alexsmobs/config/BiomeConfig.java → evidence-am/decompiled-full/com/github/alexthe666/alexsmobs/config/DefaultBiomes.java; configuração efetiva do servidor não confirmada.,Devolver item carregado,Mainhand ItemStack,pilha carregada,"Rotina da classe solta mão principal na morte/removal pertinente; linha contextual, não item literal garantido",Recuperar item apanhado/carregado; não somar ao pool como geração nativa,Alta nos arquivos versionados; configurações/datapacks externos não confirmados,/images/bestiary/audited/am/anteater.png,com/github/alexthe666/alexsmobs/client/model/ModelAnteater.class; com/github/alexthe666/alexsmobs/client/render/RenderAnteater.class; assets/alexsmobs/textures/entity/anteater.png; com/github/alexthe666/alexsmobs/ClientProxy.class; com/github/alexthe666/alexsmobs/citadel/client/model/AdvancedEntityModel.class; com/github/alexthe666/alexsmobs/citadel/client/model/AdvancedModelBox.class; com/github/alexthe666/alexsmobs/client/render/layer/LayerAnteaterBaby.class; com/github/alexthe666/alexsmobs/client/render/layer/LayerAnteaterTongueItem.class; com/github/alexthe666/alexsmobs/entity/AMEntityRegistry.class; output-am/proveniencia.json,/workspace/scratch/25006bff7ab5/evidence-am/decompiled-full/com/github/alexthe666/alexsmobs/entity/EntityAnteater.java; evidence-am/decompiled-full/com/github/alexthe666/alexsmobs/entity/EntityAnteater.java,Não aplicável: uso direto ou nenhuma receita identificada na build
Rocky Roller,Alex’s Mobs Continued,"Criatura Monster; alvos: AbstractVillager, Player",BiomeConfig padrão: (NÃO #forge:no_default_monsters E minecraft:dripstone_caves) OU (terralith:cave/andesite_caves) OU (terralith:cave/diorite_caves) OU (terralith:cave/granite_caves); grupos alternativos; entradas externas só se biomas existirem. Fonte: evidence-am/decompiled-full/com/github/alexthe666/alexsmobs/config/BiomeConfig.java → evidence-am/decompiled-full/com/github/alexthe666/alexsmobs/config/DefaultBiomes.java; configuração efetiva do servidor não confirmada.,Loot de morte,alexsmobs:rocky_shell,1,"Loot condicionado ao caminho de morte; herança/interações/variantes fora deste pool separadas; pool1: 1 sorteio(s); reposição se múltiplos rolls; sem Saque 75%; Saque I 85%, +10 p.p./nível acima de I; peso bruto 1/1; normaliza apenas entradas elegíveis","Ingrediente nas receitas auditadas: {'id': 'alexsmobs:rocky_chestplate', 'count': 1}",Alta nos arquivos versionados; configurações/datapacks externos não confirmados,/images/bestiary/audited/am/rocky-roller.png,com/github/alexthe666/alexsmobs/client/model/ModelRockyRoller.class; com/github/alexthe666/alexsmobs/client/render/RenderRockyRoller.class; assets/alexsmobs/textures/entity/rocky_roller.png; com/github/alexthe666/alexsmobs/ClientProxy.class; com/github/alexthe666/alexsmobs/citadel/client/model/AdvancedEntityModel.class; com/github/alexthe666/alexsmobs/citadel/client/model/AdvancedModelBox.class; com/github/alexthe666/alexsmobs/entity/AMEntityRegistry.class; output-am/proveniencia.json,evidence-am/alexsmobs-2.1.14-neoforge+1.21.1.jar::data/alexsmobs/loot_table/entities/rocky_roller.json; evidence-am/decompiled-full/com/github/alexthe666/alexsmobs/entity/EntityRockyRoller.java; evidence-am/decompiled-full/com/github/alexthe666/alexsmobs/item/AMItemRegistry.java; registros-usos-itens.json#alexsmobs:rocky_shell,/bestiary/receitas/am.html#receita-animal-dictionary | [Receita animal_dictionary](lote-final-2026-10-06/am-cards-2026-10-06.md#receita-animal-dictionary) — data/alexsmobs/recipe/animal_dictionary.json; [Receita rocky_chestplate](lote-final-2026-10-06/am-cards-2026-10-06.md#receita-rocky-chestplate) — data/alexsmobs/recipe/rocky_chestplate.json
Rocky Roller,Alex’s Mobs Continued,"Criatura Monster; alvos: AbstractVillager, Player",BiomeConfig padrão: (NÃO #forge:no_default_monsters E minecraft:dripstone_caves) OU (terralith:cave/andesite_caves) OU (terralith:cave/diorite_caves) OU (terralith:cave/granite_caves); grupos alternativos; entradas externas só se biomas existirem. Fonte: evidence-am/decompiled-full/com/github/alexthe666/alexsmobs/config/BiomeConfig.java → evidence-am/decompiled-full/com/github/alexthe666/alexsmobs/config/DefaultBiomes.java; configuração efetiva do servidor não confirmada.,Loot de morte,minecraft:tuff,0–2,Loot condicionado ao caminho de morte; herança/interações/variantes fora deste pool separadas; pool2: 1 sorteio(s); reposição se múltiplos rolls; peso bruto 1/1; normaliza apenas entradas elegíveis; set_count; Saque minecraft:looting: bônus Math.round(nível × sorteio 0–1); limite sem limite explícito,"Ingrediente nas receitas vanilla1.21.1: {'count': 1, 'id': 'minecraft:chiseled_tuff_bricks'}, {'count': 1, 'id': 'minecraft:chiseled_tuff'}, {'count': 4, 'id': 'minecraft:polished_tuff'}, {'count': 1, 'id': 'minecraft:polished_tuff'}, {'count': 2, 'id': 'minecraft:polished_tuff_slab'}, {'count': 1, 'id': 'minecraft:polished_tuff_stairs'}, {'count': 1, 'id': 'minecraft:polished_tuff_wall'}, {'count': 2, 'id': 'minecraft:tuff_brick_slab'}, {'count': 1, 'id': 'minecraft:tuff_brick_stairs'}, {'count': 1, 'id': 'minecraft:tuff_brick_wall'}, {'count': 1, 'id': 'minecraft:tuff_bricks'}, {'count': 6, 'id': 'minecraft:tuff_slab'}, {'count': 2, 'id': 'minecraft:tuff_slab'}, {'count': 4, 'id': 'minecraft:tuff_stairs'}, {'count': 1, 'id': 'minecraft:tuff_stairs'}",Alta nos arquivos versionados; configurações/datapacks externos não confirmados,/images/bestiary/audited/am/rocky-roller.png,com/github/alexthe666/alexsmobs/client/model/ModelRockyRoller.class; com/github/alexthe666/alexsmobs/client/render/RenderRockyRoller.class; assets/alexsmobs/textures/entity/rocky_roller.png; com/github/alexthe666/alexsmobs/ClientProxy.class; com/github/alexthe666/alexsmobs/citadel/client/model/AdvancedEntityModel.class; com/github/alexthe666/alexsmobs/citadel/client/model/AdvancedModelBox.class; com/github/alexthe666/alexsmobs/entity/AMEntityRegistry.class; output-am/proveniencia.json,evidence-am/alexsmobs-2.1.14-neoforge+1.21.1.jar::data/alexsmobs/loot_table/entities/rocky_roller.json; evidence-am/decompiled-full/com/github/alexthe666/alexsmobs/entity/EntityRockyRoller.java,[Receitas vanilla1.21.1](lote-final-2026-10-06/receitas-vanilla.json)
Rocky Roller,Alex’s Mobs Continued,"Criatura Monster; alvos: AbstractVillager, Player",BiomeConfig padrão: (NÃO #forge:no_default_monsters E minecraft:dripstone_caves) OU (terralith:cave/andesite_caves) OU (terralith:cave/diorite_caves) OU (terralith:cave/granite_caves); grupos alternativos; entradas externas só se biomas existirem. Fonte: evidence-am/decompiled-full/com/github/alexthe666/alexsmobs/config/BiomeConfig.java → evidence-am/decompiled-full/com/github/alexthe666/alexsmobs/config/DefaultBiomes.java; configuração efetiva do servidor não confirmada.,Loot de morte,minecraft:pointed_dripstone,0–2,Loot condicionado ao caminho de morte; herança/interações/variantes fora deste pool separadas; pool3: 1 sorteio(s); reposição se múltiplos rolls; peso bruto 1/1; normaliza apenas entradas elegíveis; set_count; Saque minecraft:looting: bônus Math.round(nível × sorteio 0–1); limite sem limite explícito,"Ingrediente nas receitas vanilla1.21.1: {'count': 1, 'id': 'minecraft:dripstone_block'}",Alta nos arquivos versionados; configurações/datapacks externos não confirmados,/images/bestiary/audited/am/rocky-roller.png,com/github/alexthe666/alexsmobs/client/model/ModelRockyRoller.class; com/github/alexthe666/alexsmobs/client/render/RenderRockyRoller.class; assets/alexsmobs/textures/entity/rocky_roller.png; com/github/alexthe666/alexsmobs/ClientProxy.class; com/github/alexthe666/alexsmobs/citadel/client/model/AdvancedEntityModel.class; com/github/alexthe666/alexsmobs/citadel/client/model/AdvancedModelBox.class; com/github/alexthe666/alexsmobs/entity/AMEntityRegistry.class; output-am/proveniencia.json,evidence-am/alexsmobs-2.1.14-neoforge+1.21.1.jar::data/alexsmobs/loot_table/entities/rocky_roller.json; evidence-am/decompiled-full/com/github/alexthe666/alexsmobs/entity/EntityRockyRoller.java,[Receitas vanilla1.21.1](lote-final-2026-10-06/receitas-vanilla.json)
Flutter,Alex’s Mobs Continued,Criatura TamableAnimal; comportamento definido na classe e herança citadas,BiomeConfig padrão: (minecraft:lush_caves); grupos alternativos; entradas externas só se biomas existirem. Fonte: evidence-am/decompiled-full/com/github/alexthe666/alexsmobs/config/BiomeConfig.java → evidence-am/decompiled-full/com/github/alexthe666/alexsmobs/config/DefaultBiomes.java; configuração efetiva do servidor não confirmada.,Loot de morte,minecraft:spore_blossom,0–1,Loot condicionado ao caminho de morte; herança/interações/variantes fora deste pool separadas; pool1: 1 sorteio(s); reposição se múltiplos rolls; peso bruto 1/1; normaliza apenas entradas elegíveis; set_count; Saque minecraft:looting: bônus Math.round(nível × sorteio 0–1); limite sem limite explícito,"Bloco/planta vanilla1.21.1 para colocação, construção ou cultivo; comportamento específico conforme registro/bloco vanilla",Alta no recurso/registro/classe citados; condições efetivas do pack não confirmadas,/images/bestiary/audited/am/flutter.png,com/github/alexthe666/alexsmobs/client/model/ModelFlutter.class; com/github/alexthe666/alexsmobs/client/render/RenderFlutter.class; assets/alexsmobs/textures/entity/flutter.png; assets/alexsmobs/textures/entity/flutter_eyes.png; com/github/alexthe666/alexsmobs/ClientProxy.class; com/github/alexthe666/alexsmobs/citadel/client/model/AdvancedEntityModel.class; com/github/alexthe666/alexsmobs/citadel/client/model/AdvancedModelBox.class; com/github/alexthe666/alexsmobs/client/render/layer/LayerBasicGlow.class; com/github/alexthe666/alexsmobs/entity/AMEntityRegistry.class; output-am/proveniencia.json,evidence-am/alexsmobs-2.1.14-neoforge+1.21.1.jar::data/alexsmobs/loot_table/entities/flutter.json; evidence-am/decompiled-full/com/github/alexthe666/alexsmobs/entity/EntityFlutter.java,[Receitas vanilla1.21.1](lote-final-2026-10-06/receitas-vanilla.json)
Flutter,Alex’s Mobs Continued,Criatura TamableAnimal; comportamento definido na classe e herança citadas,BiomeConfig padrão: (minecraft:lush_caves); grupos alternativos; entradas externas só se biomas existirem. Fonte: evidence-am/decompiled-full/com/github/alexthe666/alexsmobs/config/BiomeConfig.java → evidence-am/decompiled-full/com/github/alexthe666/alexsmobs/config/DefaultBiomes.java; configuração efetiva do servidor não confirmada.,Recuperação de equipamento/contexto,minecraft:flower_pot,1,"isPotted; dropEquipment; recupera equipamento preexistente, não pool incondicional",Recuperar e reutilizar o item equipado; pilha/variante conforme estado salvo,Alta nos arquivos versionados; configurações/datapacks externos não confirmados,/images/bestiary/audited/am/flutter.png,com/github/alexthe666/alexsmobs/client/model/ModelFlutter.class; com/github/alexthe666/alexsmobs/client/render/RenderFlutter.class; assets/alexsmobs/textures/entity/flutter.png; assets/alexsmobs/textures/entity/flutter_eyes.png; com/github/alexthe666/alexsmobs/ClientProxy.class; com/github/alexthe666/alexsmobs/citadel/client/model/AdvancedEntityModel.class; com/github/alexthe666/alexsmobs/citadel/client/model/AdvancedModelBox.class; com/github/alexthe666/alexsmobs/client/render/layer/LayerBasicGlow.class; com/github/alexthe666/alexsmobs/entity/AMEntityRegistry.class; output-am/proveniencia.json,/workspace/scratch/25006bff7ab5/evidence-am/decompiled-full/com/github/alexthe666/alexsmobs/entity/EntityFlutter.java; evidence-am/decompiled-full/com/github/alexthe666/alexsmobs/entity/EntityFlutter.java,[Receitas vanilla1.21.1](lote-final-2026-10-06/receitas-vanilla.json)
Gelada Monkey,Alex’s Mobs Continued,Criatura Animal; alvos: EntityGeladaMonkey,BiomeConfig padrão: (#minecraft:is_overworld E #forge:is_plains E #forge:is_plateau) OU (terralith:highlands) OU (terralith:hot_shrubland) OU (terralith:rocky_shrubland) OU (terralith:steppe) OU (terralith:valley_clearing); grupos alternativos; entradas externas só se biomas existirem. Fonte: evidence-am/decompiled-full/com/github/alexthe666/alexsmobs/config/BiomeConfig.java → evidence-am/decompiled-full/com/github/alexthe666/alexsmobs/config/DefaultBiomes.java; configuração efetiva do servidor não confirmada.,Tabela de morte vazia,Sem itens no JSON,0,Loot condicionado ao caminho de morte; herança/interações/variantes fora deste pool separadas; pools=[]; mecanismos paralelos separados,Não aplicável,Alta nos arquivos versionados; configurações/datapacks externos não confirmados,/images/bestiary/audited/am/gelada-monkey.png,com/github/alexthe666/alexsmobs/client/model/ModelGeladaMonkey.class; com/github/alexthe666/alexsmobs/client/render/RenderGeladaMonkey.class; assets/alexsmobs/textures/entity/gelada_monkey.png; com/github/alexthe666/alexsmobs/ClientProxy.class; com/github/alexthe666/alexsmobs/citadel/client/model/AdvancedEntityModel.class; com/github/alexthe666/alexsmobs/citadel/client/model/AdvancedModelBox.class; com/github/alexthe666/alexsmobs/entity/AMEntityRegistry.class; output-am/proveniencia.json,evidence-am/alexsmobs-2.1.14-neoforge+1.21.1.jar::data/alexsmobs/loot_table/entities/gelada_monkey.json; evidence-am/decompiled-full/com/github/alexthe666/alexsmobs/entity/EntityGeladaMonkey.java,Não aplicável: uso direto ou nenhuma receita identificada na build
Jerboa,Alex’s Mobs Continued,Criatura Animal; comportamento definido na classe e herança citadas,BiomeConfig padrão: (#forge:is_dry/overworld E #forge:is_hot/overworld E #forge:is_sandy E NÃO #minecraft:is_badlands) OU (terralith:ancient_sands) OU (terralith:desert_canyon) OU (terralith:desert_oasis) OU (terralith:desert_spires) OU (terralith:sandstone_valley) OU (terralith:red_oasis); grupos alternativos; entradas externas só se biomas existirem. Fonte: evidence-am/decompiled-full/com/github/alexthe666/alexsmobs/config/BiomeConfig.java → evidence-am/decompiled-full/com/github/alexthe666/alexsmobs/config/DefaultBiomes.java; configuração efetiva do servidor não confirmada.,Tabela de morte vazia,Sem itens no JSON,0,Loot condicionado ao caminho de morte; herança/interações/variantes fora deste pool separadas; pools=[]; mecanismos paralelos separados,Não aplicável,Alta nos arquivos versionados; configurações/datapacks externos não confirmados,/images/bestiary/audited/am/jerboa.png,com/github/alexthe666/alexsmobs/client/model/ModelJerboa.class; com/github/alexthe666/alexsmobs/client/render/RenderJerboa.class; assets/alexsmobs/textures/entity/jerboa.png; com/github/alexthe666/alexsmobs/ClientProxy.class; com/github/alexthe666/alexsmobs/citadel/client/model/AdvancedEntityModel.class; com/github/alexthe666/alexsmobs/citadel/client/model/AdvancedModelBox.class; com/github/alexthe666/alexsmobs/entity/AMEntityRegistry.class; output-am/proveniencia.json,evidence-am/alexsmobs-2.1.14-neoforge+1.21.1.jar::data/alexsmobs/loot_table/entities/jerboa.json; evidence-am/decompiled-full/com/github/alexthe666/alexsmobs/entity/EntityJerboa.java,Não aplicável: uso direto ou nenhuma receita identificada na build
Terrapin,Alex’s Mobs Continued,Criatura Animal; comportamento definido na classe e herança citadas,BiomeConfig padrão: (#minecraft:is_overworld E #minecraft:is_river E NÃO #forge:is_cold/overworld) OU (biomesoplenty:tundra_bog) OU (terralith:warm_river); grupos alternativos; entradas externas só se biomas existirem. Fonte: evidence-am/decompiled-full/com/github/alexthe666/alexsmobs/config/BiomeConfig.java → evidence-am/decompiled-full/com/github/alexthe666/alexsmobs/config/DefaultBiomes.java; configuração efetiva do servidor não confirmada.,Tabela de morte vazia,Sem itens no JSON,0,Loot condicionado ao caminho de morte; herança/interações/variantes fora deste pool separadas; pools=[]; mecanismos paralelos separados,Não aplicável,Alta nos arquivos versionados; configurações/datapacks externos não confirmados,/images/bestiary/audited/am/terrapin-green.png,com/github/alexthe666/alexsmobs/client/model/ModelTerrapin.class; com/github/alexthe666/alexsmobs/client/render/RenderTerrapin.class; assets/alexsmobs/textures/entity/terrapin/terrapin_green.png; com/github/alexthe666/alexsmobs/ClientProxy.class; com/github/alexthe666/alexsmobs/citadel/client/model/AdvancedEntityModel.class; com/github/alexthe666/alexsmobs/citadel/client/model/AdvancedModelBox.class; com/github/alexthe666/alexsmobs/client/render/RenderTerrapin$TurtleOverlayLayer.class; com/github/alexthe666/alexsmobs/entity/AMEntityRegistry.class; com/github/alexthe666/alexsmobs/entity/util/TerrapinTypes.class; assets/alexsmobs/textures/entity/terrapin/terrapin_black.png; assets/alexsmobs/textures/entity/terrapin/terrapin_brown.png; assets/alexsmobs/textures/entity/terrapin/terrapin_koopa.png; assets/alexsmobs/textures/entity/terrapin/terrapin_painted.png; assets/alexsmobs/textures/entity/terrapin/terrapin_red_eared.png; output-am/proveniencia.json,evidence-am/alexsmobs-2.1.14-neoforge+1.21.1.jar::data/alexsmobs/loot_table/entities/terrapin.json; evidence-am/decompiled-full/com/github/alexthe666/alexsmobs/entity/EntityTerrapin.java,Não aplicável: uso direto ou nenhuma receita identificada na build
Terrapin,Alex’s Mobs Continued,Criatura Animal; comportamento definido na classe e herança citadas,BiomeConfig padrão: (#minecraft:is_overworld E #minecraft:is_river E NÃO #forge:is_cold/overworld) OU (biomesoplenty:tundra_bog) OU (terralith:warm_river); grupos alternativos; entradas externas só se biomas existirem. Fonte: evidence-am/decompiled-full/com/github/alexthe666/alexsmobs/config/BiomeConfig.java → evidence-am/decompiled-full/com/github/alexthe666/alexsmobs/config/DefaultBiomes.java; configuração efetiva do servidor não confirmada.,Captura viva em balde,alexsmobs:terrapin_bucket,1,"Bucketable.bucketMobPickup; entidade viva, recipiente compatível; estado salvo no item; não é drop de morte",Transportar/soltar a criatura mantendo dados de balde,Alta nos arquivos versionados; configurações/datapacks externos não confirmados,/images/bestiary/audited/am/terrapin-green.png,com/github/alexthe666/alexsmobs/client/model/ModelTerrapin.class; com/github/alexthe666/alexsmobs/client/render/RenderTerrapin.class; assets/alexsmobs/textures/entity/terrapin/terrapin_green.png; com/github/alexthe666/alexsmobs/ClientProxy.class; com/github/alexthe666/alexsmobs/citadel/client/model/AdvancedEntityModel.class; com/github/alexthe666/alexsmobs/citadel/client/model/AdvancedModelBox.class; com/github/alexthe666/alexsmobs/client/render/RenderTerrapin$TurtleOverlayLayer.class; com/github/alexthe666/alexsmobs/entity/AMEntityRegistry.class; com/github/alexthe666/alexsmobs/entity/util/TerrapinTypes.class; assets/alexsmobs/textures/entity/terrapin/terrapin_black.png; assets/alexsmobs/textures/entity/terrapin/terrapin_brown.png; assets/alexsmobs/textures/entity/terrapin/terrapin_koopa.png; assets/alexsmobs/textures/entity/terrapin/terrapin_painted.png; assets/alexsmobs/textures/entity/terrapin/terrapin_red_eared.png; output-am/proveniencia.json,/workspace/scratch/25006bff7ab5/evidence-am/decompiled-full/com/github/alexthe666/alexsmobs/entity/EntityTerrapin.java; evidence-am/decompiled-full/com/github/alexthe666/alexsmobs/entity/EntityTerrapin.java; evidence-am/decompiled-full/com/github/alexthe666/alexsmobs/item/AMItemRegistry.java; registros-usos-itens.json#alexsmobs:terrapin_bucket,Não aplicável: uso direto ou nenhuma receita identificada na build
Comb Jelly,Alex’s Mobs Continued,Criatura WaterAnimal; comportamento definido na classe e herança citadas,BiomeConfig padrão: (minecraft:frozen_ocean) OU (minecraft:deep_frozen_ocean) OU (alexscaves:abyssal_chasm); grupos alternativos; entradas externas só se biomas existirem. Fonte: evidence-am/decompiled-full/com/github/alexthe666/alexsmobs/config/BiomeConfig.java → evidence-am/decompiled-full/com/github/alexthe666/alexsmobs/config/DefaultBiomes.java; configuração efetiva do servidor não confirmada.,Loot de morte,alexsmobs:rainbow_jelly,0–2,Loot condicionado ao caminho de morte; herança/interações/variantes fora deste pool separadas; pool1: 1 sorteio(s); reposição se múltiplos rolls; peso bruto 1/1; normaliza apenas entradas elegíveis; set_count; Saque minecraft:looting: bônus Math.round(nível × sorteio 0–1); limite sem limite explícito,"Ingrediente nas receitas auditadas: {'id': 'alexsmobs:rainbow_glass', 'count': 8}",Alta nos arquivos versionados; configurações/datapacks externos não confirmados,/images/bestiary/audited/am/comb-jelly-variant-0.png,com/github/alexthe666/alexsmobs/client/model/ModelCombJelly.class; com/github/alexthe666/alexsmobs/client/render/RenderCombJelly.class; assets/alexsmobs/textures/entity/comb_jelly_blue.png; com/github/alexthe666/alexsmobs/ClientProxy.class; com/github/alexthe666/alexsmobs/citadel/client/model/AdvancedEntityModel.class; com/github/alexthe666/alexsmobs/citadel/client/model/AdvancedModelBox.class; com/github/alexthe666/alexsmobs/client/render/RenderCombJelly$RainbowLayer.class; com/github/alexthe666/alexsmobs/entity/AMEntityRegistry.class; assets/alexsmobs/textures/entity/comb_jelly_green.png; assets/alexsmobs/textures/entity/comb_jelly_red.png; output-am/proveniencia.json,evidence-am/alexsmobs-2.1.14-neoforge+1.21.1.jar::data/alexsmobs/loot_table/entities/comb_jelly.json; evidence-am/decompiled-full/com/github/alexthe666/alexsmobs/entity/EntityCombJelly.java; evidence-am/decompiled-full/com/github/alexthe666/alexsmobs/item/AMItemRegistry.java; registros-usos-itens.json#alexsmobs:rainbow_jelly,/bestiary/receitas/am.html#receita-rainbow-glass | [Receita rainbow_glass](lote-final-2026-10-06/am-cards-2026-10-06.md#receita-rainbow-glass) — data/alexsmobs/recipe/rainbow_glass.json
Comb Jelly,Alex’s Mobs Continued,Criatura WaterAnimal; comportamento definido na classe e herança citadas,BiomeConfig padrão: (minecraft:frozen_ocean) OU (minecraft:deep_frozen_ocean) OU (alexscaves:abyssal_chasm); grupos alternativos; entradas externas só se biomas existirem. Fonte: evidence-am/decompiled-full/com/github/alexthe666/alexsmobs/config/BiomeConfig.java → evidence-am/decompiled-full/com/github/alexthe666/alexsmobs/config/DefaultBiomes.java; configuração efetiva do servidor não confirmada.,Captura viva em balde,alexsmobs:comb_jelly_bucket,1,"Bucketable.bucketMobPickup; entidade viva, recipiente compatível; estado salvo no item; não é drop de morte",Transportar/soltar a criatura mantendo dados de balde,Alta nos arquivos versionados; configurações/datapacks externos não confirmados,/images/bestiary/audited/am/comb-jelly-variant-0.png,com/github/alexthe666/alexsmobs/client/model/ModelCombJelly.class; com/github/alexthe666/alexsmobs/client/render/RenderCombJelly.class; assets/alexsmobs/textures/entity/comb_jelly_blue.png; com/github/alexthe666/alexsmobs/ClientProxy.class; com/github/alexthe666/alexsmobs/citadel/client/model/AdvancedEntityModel.class; com/github/alexthe666/alexsmobs/citadel/client/model/AdvancedModelBox.class; com/github/alexthe666/alexsmobs/client/render/RenderCombJelly$RainbowLayer.class; com/github/alexthe666/alexsmobs/entity/AMEntityRegistry.class; assets/alexsmobs/textures/entity/comb_jelly_green.png; assets/alexsmobs/textures/entity/comb_jelly_red.png; output-am/proveniencia.json,/workspace/scratch/25006bff7ab5/evidence-am/decompiled-full/com/github/alexthe666/alexsmobs/entity/EntityCombJelly.java; evidence-am/decompiled-full/com/github/alexthe666/alexsmobs/entity/EntityCombJelly.java; evidence-am/decompiled-full/com/github/alexthe666/alexsmobs/item/AMItemRegistry.java; registros-usos-itens.json#alexsmobs:comb_jelly_bucket,Não aplicável: uso direto ou nenhuma receita identificada na build
Cosmic Cod,Alex’s Mobs Continued,Criatura Mob; comportamento definido na classe e herança citadas,BiomeConfig padrão: (#minecraft:is_end); grupos alternativos; entradas externas só se biomas existirem. Fonte: evidence-am/decompiled-full/com/github/alexthe666/alexsmobs/config/BiomeConfig.java → evidence-am/decompiled-full/com/github/alexthe666/alexsmobs/config/DefaultBiomes.java; configuração efetiva do servidor não confirmada.,Loot de morte,alexsmobs:cosmic_cod,1,Loot condicionado ao caminho de morte; herança/interações/variantes fora deste pool separadas; pool1: 1 sorteio(s); reposição se múltiplos rolls; peso bruto 1/1; normaliza apenas entradas elegíveis; set_count,"Alimento: nutrição6,saturationModifier0.3;15% de Ender Flu por12000ticks",Alta no recurso/registro/classe citados; condições efetivas do pack não confirmadas,/images/bestiary/audited/am/cosmic-cod.png,com/github/alexthe666/alexsmobs/client/model/ModelCosmicCod.class; com/github/alexthe666/alexsmobs/client/render/RenderCosmicCod.class; assets/alexsmobs/textures/entity/cosmic_cod.png; assets/alexsmobs/textures/entity/cosmic_cod_eyes.png; com/github/alexthe666/alexsmobs/ClientProxy.class; com/github/alexthe666/alexsmobs/citadel/client/model/AdvancedEntityModel.class; com/github/alexthe666/alexsmobs/citadel/client/model/AdvancedModelBox.class; com/github/alexthe666/alexsmobs/client/render/layer/LayerBasicGlow.class; com/github/alexthe666/alexsmobs/entity/AMEntityRegistry.class; output-am/proveniencia.json,evidence-am/alexsmobs-2.1.14-neoforge+1.21.1.jar::data/alexsmobs/loot_table/entities/cosmic_cod.json; evidence-am/decompiled-full/com/github/alexthe666/alexsmobs/entity/EntityCosmicCod.java; evidence-am/decompiled-full/com/github/alexthe666/alexsmobs/item/AMItemRegistry.java; registros-usos-itens.json#alexsmobs:cosmic_cod,Não aplicável: uso direto ou nenhuma receita identificada na build
Cosmic Cod,Alex’s Mobs Continued,Criatura Mob; comportamento definido na classe e herança citadas,BiomeConfig padrão: (#minecraft:is_end); grupos alternativos; entradas externas só se biomas existirem. Fonte: evidence-am/decompiled-full/com/github/alexthe666/alexsmobs/config/BiomeConfig.java → evidence-am/decompiled-full/com/github/alexthe666/alexsmobs/config/DefaultBiomes.java; configuração efetiva do servidor não confirmada.,Loot de morte,minecraft:bone_meal,1,Loot condicionado ao caminho de morte; herança/interações/variantes fora deste pool separadas; pool2: 1 sorteio(s); reposição se múltiplos rolls; chance 5%; peso bruto 1/1; normaliza apenas entradas elegíveis,"Ingrediente nas receitas vanilla1.21.1: {'count': 1, 'id': 'minecraft:bone_block'}, {'count': 1, 'id': 'minecraft:white_dye'}",Alta nos arquivos versionados; configurações/datapacks externos não confirmados,/images/bestiary/audited/am/cosmic-cod.png,com/github/alexthe666/alexsmobs/client/model/ModelCosmicCod.class; com/github/alexthe666/alexsmobs/client/render/RenderCosmicCod.class; assets/alexsmobs/textures/entity/cosmic_cod.png; assets/alexsmobs/textures/entity/cosmic_cod_eyes.png; com/github/alexthe666/alexsmobs/ClientProxy.class; com/github/alexthe666/alexsmobs/citadel/client/model/AdvancedEntityModel.class; com/github/alexthe666/alexsmobs/citadel/client/model/AdvancedModelBox.class; com/github/alexthe666/alexsmobs/client/render/layer/LayerBasicGlow.class; com/github/alexthe666/alexsmobs/entity/AMEntityRegistry.class; output-am/proveniencia.json,evidence-am/alexsmobs-2.1.14-neoforge+1.21.1.jar::data/alexsmobs/loot_table/entities/cosmic_cod.json; evidence-am/decompiled-full/com/github/alexthe666/alexsmobs/entity/EntityCosmicCod.java,[Receitas vanilla1.21.1](lote-final-2026-10-06/receitas-vanilla.json)
Bunfungus,Alex’s Mobs Continued,Criatura PathfinderMob; alvos: Mob,BiomeConfig padrão: (#minecraft:is_overworld E #forge:is_mushroom E #forge:is_rare) OU (terralith:mirage_isles); grupos alternativos; entradas externas só se biomas existirem. Fonte: evidence-am/decompiled-full/com/github/alexthe666/alexsmobs/config/BiomeConfig.java → evidence-am/decompiled-full/com/github/alexthe666/alexsmobs/config/DefaultBiomes.java; configuração efetiva do servidor não confirmada.,Loot de morte,minecraft:red_mushroom,0–2,Loot condicionado ao caminho de morte; herança/interações/variantes fora deste pool separadas; pool1: 1 sorteio(s); reposição se múltiplos rolls; peso bruto 1/1; normaliza apenas entradas elegíveis; set_count,"Ingrediente nas receitas vanilla1.21.1: {'count': 1, 'id': 'minecraft:mushroom_stew'}, {'count': 1, 'id': 'minecraft:rabbit_stew'}",Alta nos arquivos versionados; configurações/datapacks externos não confirmados,/images/bestiary/audited/am/bunfungus.png,com/github/alexthe666/alexsmobs/client/model/ModelBunfungus.class; com/github/alexthe666/alexsmobs/client/render/RenderBunfungus.class; assets/alexsmobs/textures/entity/bunfungus.png; com/github/alexthe666/alexsmobs/ClientProxy.class; com/github/alexthe666/alexsmobs/citadel/client/model/AdvancedEntityModel.class; com/github/alexthe666/alexsmobs/citadel/client/model/AdvancedModelBox.class; com/github/alexthe666/alexsmobs/client/render/RenderBunfungus$LayerHeldItem.class; com/github/alexthe666/alexsmobs/entity/AMEntityRegistry.class; output-am/proveniencia.json,evidence-am/alexsmobs-2.1.14-neoforge+1.21.1.jar::data/alexsmobs/loot_table/entities/bunfungus.json; evidence-am/decompiled-full/com/github/alexthe666/alexsmobs/entity/EntityBunfungus.java,[Receitas vanilla1.21.1](lote-final-2026-10-06/receitas-vanilla.json)
Bison,Alex’s Mobs Continued,Criatura Animal; comportamento definido na classe e herança citadas,BiomeConfig padrão: (#minecraft:is_overworld E #forge:is_plains E NÃO #minecraft:is_savanna E NÃO #forge:is_hot/overworld) OU (minecraft:meadow) OU (biomesoplenty:field) OU (biomesoplenty:forested_field) OU (biomesoplenty:grassland) OU (biomesoplenty:pasture) OU (biomesoplenty:prairie) OU (terralith:cold_shrubland) OU (terralith:rocky_shrubland) OU (terralith:steppe) OU (terralith:valley_clearing); grupos alternativos; entradas externas só se biomas existirem. Fonte: evidence-am/decompiled-full/com/github/alexthe666/alexsmobs/config/BiomeConfig.java → evidence-am/decompiled-full/com/github/alexthe666/alexsmobs/config/DefaultBiomes.java; configuração efetiva do servidor não confirmada.,Loot de morte,minecraft:beef,6–8,"Loot condicionado ao caminho de morte; herança/interações/variantes fora deste pool separadas; pool1: 1 sorteio(s); reposição se múltiplos rolls; peso bruto 1/1; normaliza apenas entradas elegíveis; set_count; Saque minecraft:looting: bônus Math.round(nível × sorteio 0–2); limite sem limite explícito; aplica receita de fundição ao item; função somente se this satisfaz {""flags"": {""is_on_fire"": true}}","Ingrediente nas receitas vanilla1.21.1: {'id': 'minecraft:cooked_beef'}, {'id': 'minecraft:cooked_beef'}, {'id': 'minecraft:cooked_beef'}",Alta nos arquivos versionados; configurações/datapacks externos não confirmados,/images/bestiary/audited/am/bison.png,com/github/alexthe666/alexsmobs/client/model/ModelBison.class; com/github/alexthe666/alexsmobs/client/render/RenderBison.class; assets/alexsmobs/textures/entity/bison.png; com/github/alexthe666/alexsmobs/ClientProxy.class; com/github/alexthe666/alexsmobs/citadel/client/model/AdvancedEntityModel.class; com/github/alexthe666/alexsmobs/citadel/client/model/AdvancedModelBox.class; com/github/alexthe666/alexsmobs/client/render/RenderBison$LayerSnow.class; com/github/alexthe666/alexsmobs/entity/AMEntityRegistry.class; output-am/proveniencia.json,evidence-am/alexsmobs-2.1.14-neoforge+1.21.1.jar::data/alexsmobs/loot_table/entities/bison.json; evidence-am/decompiled-full/com/github/alexthe666/alexsmobs/entity/EntityBison.java,[Receitas vanilla1.21.1](lote-final-2026-10-06/receitas-vanilla.json)
Bison,Alex’s Mobs Continued,Criatura Animal; comportamento definido na classe e herança citadas,BiomeConfig padrão: (#minecraft:is_overworld E #forge:is_plains E NÃO #minecraft:is_savanna E NÃO #forge:is_hot/overworld) OU (minecraft:meadow) OU (biomesoplenty:field) OU (biomesoplenty:forested_field) OU (biomesoplenty:grassland) OU (biomesoplenty:pasture) OU (biomesoplenty:prairie) OU (terralith:cold_shrubland) OU (terralith:rocky_shrubland) OU (terralith:steppe) OU (terralith:valley_clearing); grupos alternativos; entradas externas só se biomas existirem. Fonte: evidence-am/decompiled-full/com/github/alexthe666/alexsmobs/config/BiomeConfig.java → evidence-am/decompiled-full/com/github/alexthe666/alexsmobs/config/DefaultBiomes.java; configuração efetiva do servidor não confirmada.,Loot de morte,alexsmobs:bison_fur,0–2,"Loot condicionado ao caminho de morte; herança/interações/variantes fora deste pool separadas; pool2: 1 sorteio(s); reposição se múltiplos rolls; peso bruto 1/1; normaliza apenas entradas elegíveis; set_count; Saque minecraft:looting: bônus Math.round(nível × sorteio 0–1); limite sem limite explícito; aplica receita de fundição ao item; função somente se this satisfaz {""flags"": {""is_on_fire"": true}}","Ingrediente nas receitas auditadas: {'id': 'alexsmobs:bison_fur_block', 'count': 1}, {'id': 'minecraft:brown_wool', 'count': 1}",Alta nos arquivos versionados; configurações/datapacks externos não confirmados,/images/bestiary/audited/am/bison.png,com/github/alexthe666/alexsmobs/client/model/ModelBison.class; com/github/alexthe666/alexsmobs/client/render/RenderBison.class; assets/alexsmobs/textures/entity/bison.png; com/github/alexthe666/alexsmobs/ClientProxy.class; com/github/alexthe666/alexsmobs/citadel/client/model/AdvancedEntityModel.class; com/github/alexthe666/alexsmobs/citadel/client/model/AdvancedModelBox.class; com/github/alexthe666/alexsmobs/client/render/RenderBison$LayerSnow.class; com/github/alexthe666/alexsmobs/entity/AMEntityRegistry.class; output-am/proveniencia.json,evidence-am/alexsmobs-2.1.14-neoforge+1.21.1.jar::data/alexsmobs/loot_table/entities/bison.json; evidence-am/decompiled-full/com/github/alexthe666/alexsmobs/entity/EntityBison.java; evidence-am/decompiled-full/com/github/alexthe666/alexsmobs/item/AMItemRegistry.java; registros-usos-itens.json#alexsmobs:bison_fur,/bestiary/receitas/am.html#receita-bison-fur-block | [Receita bison_fur_block](lote-final-2026-10-06/am-cards-2026-10-06.md#receita-bison-fur-block) — data/alexsmobs/recipe/bison_fur_block.json; [Receita bison_fur_to_wool](lote-final-2026-10-06/am-cards-2026-10-06.md#receita-bison-fur-to-wool) — data/alexsmobs/recipe/bison_fur_to_wool.json
Bison,Alex’s Mobs Continued,Criatura Animal; comportamento definido na classe e herança citadas,BiomeConfig padrão: (#minecraft:is_overworld E #forge:is_plains E NÃO #minecraft:is_savanna E NÃO #forge:is_hot/overworld) OU (minecraft:meadow) OU (biomesoplenty:field) OU (biomesoplenty:forested_field) OU (biomesoplenty:grassland) OU (biomesoplenty:pasture) OU (biomesoplenty:prairie) OU (terralith:cold_shrubland) OU (terralith:rocky_shrubland) OU (terralith:steppe) OU (terralith:valley_clearing); grupos alternativos; entradas externas só se biomas existirem. Fonte: evidence-am/decompiled-full/com/github/alexthe666/alexsmobs/config/BiomeConfig.java → evidence-am/decompiled-full/com/github/alexthe666/alexsmobs/config/DefaultBiomes.java; configuração efetiva do servidor não confirmada.,Recompensa com mob vivo,alexsmobs:bison_fur,variável,"Tesoura, readyForShearing. Atenção: condição do for é i<2+nextInt2 reavaliada em cada iteração; gera2ou3, a terceira exige sorteio1 (50%), não um único sorteio antes do loop","Ingrediente nas receitas auditadas: {'id': 'alexsmobs:bison_fur_block', 'count': 1}, {'id': 'minecraft:brown_wool', 'count': 1}",Alta nos arquivos versionados; configurações/datapacks externos não confirmados,/images/bestiary/audited/am/bison.png,com/github/alexthe666/alexsmobs/client/model/ModelBison.class; com/github/alexthe666/alexsmobs/client/render/RenderBison.class; assets/alexsmobs/textures/entity/bison.png; com/github/alexthe666/alexsmobs/ClientProxy.class; com/github/alexthe666/alexsmobs/citadel/client/model/AdvancedEntityModel.class; com/github/alexthe666/alexsmobs/citadel/client/model/AdvancedModelBox.class; com/github/alexthe666/alexsmobs/client/render/RenderBison$LayerSnow.class; com/github/alexthe666/alexsmobs/entity/AMEntityRegistry.class; output-am/proveniencia.json,/workspace/scratch/25006bff7ab5/evidence-am/decompiled-full/com/github/alexthe666/alexsmobs/entity/EntityBison.java; evidence-am/decompiled-full/com/github/alexthe666/alexsmobs/entity/EntityBison.java; evidence-am/decompiled-full/com/github/alexthe666/alexsmobs/item/AMItemRegistry.java; registros-usos-itens.json#alexsmobs:bison_fur,/bestiary/receitas/am.html#receita-bison-fur-block | [Receita bison_fur_block](lote-final-2026-10-06/am-cards-2026-10-06.md#receita-bison-fur-block) — data/alexsmobs/recipe/bison_fur_block.json; [Receita bison_fur_to_wool](lote-final-2026-10-06/am-cards-2026-10-06.md#receita-bison-fur-to-wool) — data/alexsmobs/recipe/bison_fur_to_wool.json
Giant Squid,Alex’s Mobs Continued,Criatura WaterAnimal; comportamento definido na classe e herança citadas,BiomeConfig padrão: (#minecraft:is_deep_ocean); grupos alternativos; entradas externas só se biomas existirem. Fonte: evidence-am/decompiled-full/com/github/alexthe666/alexsmobs/config/BiomeConfig.java → evidence-am/decompiled-full/com/github/alexthe666/alexsmobs/config/DefaultBiomes.java; configuração efetiva do servidor não confirmada.,Loot de morte,minecraft:ink_sac,4–8,Loot condicionado ao caminho de morte; herança/interações/variantes fora deste pool separadas; pool1: 1 sorteio(s); reposição se múltiplos rolls; peso bruto 1/1; normaliza apenas entradas elegíveis; set_count,Corante preto e tinta de placas,Alta nos arquivos versionados; configurações/datapacks externos não confirmados,/images/bestiary/audited/am/giant-squid.png,com/github/alexthe666/alexsmobs/client/model/ModelGiantSquid.class; com/github/alexthe666/alexsmobs/client/render/RenderGiantSquid.class; assets/alexsmobs/textures/entity/giant_squid.png; com/github/alexthe666/alexsmobs/ClientProxy.class; com/github/alexthe666/alexsmobs/citadel/client/model/AdvancedEntityModel.class; com/github/alexthe666/alexsmobs/citadel/client/model/AdvancedModelBox.class; com/github/alexthe666/alexsmobs/client/render/RenderGiantSquid$LayerDepressurization.class; com/github/alexthe666/alexsmobs/entity/AMEntityRegistry.class; output-am/proveniencia.json,evidence-am/alexsmobs-2.1.14-neoforge+1.21.1.jar::data/alexsmobs/loot_table/entities/giant_squid.json; evidence-am/decompiled-full/com/github/alexthe666/alexsmobs/entity/EntityGiantSquid.java,[Receitas vanilla1.21.1](lote-final-2026-10-06/receitas-vanilla.json)
Giant Squid,Alex’s Mobs Continued,Criatura WaterAnimal; comportamento definido na classe e herança citadas,BiomeConfig padrão: (#minecraft:is_deep_ocean); grupos alternativos; entradas externas só se biomas existirem. Fonte: evidence-am/decompiled-full/com/github/alexthe666/alexsmobs/config/BiomeConfig.java → evidence-am/decompiled-full/com/github/alexthe666/alexsmobs/config/DefaultBiomes.java; configuração efetiva do servidor não confirmada.,Recompensa com mob vivo,alexsmobs:lost_tentacle,1,"tickCaptured por Cachalot Whale: teste1/13, depois≤0.3 liberação, depois<0.2 tentáculo;6% dentro do primeiro ramo elegível, não chance de morte","Ingrediente nas receitas auditadas: {'id': 'alexsmobs:squid_grapple', 'count': 1}",Alta nos arquivos versionados; configurações/datapacks externos não confirmados,/images/bestiary/audited/am/giant-squid.png,com/github/alexthe666/alexsmobs/client/model/ModelGiantSquid.class; com/github/alexthe666/alexsmobs/client/render/RenderGiantSquid.class; assets/alexsmobs/textures/entity/giant_squid.png; com/github/alexthe666/alexsmobs/ClientProxy.class; com/github/alexthe666/alexsmobs/citadel/client/model/AdvancedEntityModel.class; com/github/alexthe666/alexsmobs/citadel/client/model/AdvancedModelBox.class; com/github/alexthe666/alexsmobs/client/render/RenderGiantSquid$LayerDepressurization.class; com/github/alexthe666/alexsmobs/entity/AMEntityRegistry.class; output-am/proveniencia.json,/workspace/scratch/25006bff7ab5/evidence-am/decompiled-full/com/github/alexthe666/alexsmobs/entity/EntityGiantSquid.java; evidence-am/decompiled-full/com/github/alexthe666/alexsmobs/entity/EntityGiantSquid.java; evidence-am/decompiled-full/com/github/alexthe666/alexsmobs/item/AMItemRegistry.java; registros-usos-itens.json#alexsmobs:lost_tentacle,/bestiary/receitas/am.html#receita-squid-grapple | [Receita squid_grapple](lote-final-2026-10-06/am-cards-2026-10-06.md#receita-squid-grapple) — data/alexsmobs/recipe/squid_grapple.json
Sea Bear,Alex’s Mobs Continued,Criatura WaterAnimal; alvos: LivingEntity,"Evento de1ºdeabril (AlexsMobs.isAprilFools): entidade com Sombrero na água/bolhas, não segura por SeaBear.isMobSafe; sorteio1/245 em ServerEvents; nenhum Sea Bear num raio32 para criar novo, posição aleatória aquática verificada pela rotina. Não é spawn natural em todos os dias.",Tabela de morte vazia,Sem itens no JSON,0,Loot condicionado ao caminho de morte; herança/interações/variantes fora deste pool separadas; pools=[]; mecanismos paralelos separados,Não aplicável,Alta nos arquivos versionados; configurações/datapacks externos não confirmados,/images/bestiary/audited/am/sea-bear.png,com/github/alexthe666/alexsmobs/client/model/ModelSeaBear.class; com/github/alexthe666/alexsmobs/client/render/RenderSeaBear.class; assets/alexsmobs/textures/entity/sea_bear.png; com/github/alexthe666/alexsmobs/ClientProxy.class; com/github/alexthe666/alexsmobs/citadel/client/model/AdvancedEntityModel.class; com/github/alexthe666/alexsmobs/citadel/client/model/AdvancedModelBox.class; com/github/alexthe666/alexsmobs/entity/AMEntityRegistry.class; output-am/proveniencia.json,evidence-am/alexsmobs-2.1.14-neoforge+1.21.1.jar::data/alexsmobs/loot_table/entities/sea_bear.json; evidence-am/decompiled-full/com/github/alexthe666/alexsmobs/entity/EntitySeaBear.java,Não aplicável: uso direto ou nenhuma receita identificada na build
Devils Hole Pupfish,Alex’s Mobs Continued,Criatura WaterAnimal; comportamento definido na classe e herança citadas,BiomeConfig padrão: (#minecraft:is_overworld); grupos alternativos; entradas externas só se biomas existirem. Fonte: evidence-am/decompiled-full/com/github/alexthe666/alexsmobs/config/BiomeConfig.java → evidence-am/decompiled-full/com/github/alexthe666/alexsmobs/config/DefaultBiomes.java; configuração efetiva do servidor não confirmada.,Tabela de morte vazia,Sem itens no JSON,0,Loot condicionado ao caminho de morte; herança/interações/variantes fora deste pool separadas; pools=[]; mecanismos paralelos separados,Não aplicável,Alta nos arquivos versionados; configurações/datapacks externos não confirmados,/images/bestiary/audited/am/devils-hole-pupfish.png,com/github/alexthe666/alexsmobs/client/model/ModelDevilsHolePupfish.class; com/github/alexthe666/alexsmobs/client/render/RenderDevilsHolePupfish.class; assets/alexsmobs/textures/entity/devils_hole_pupfish.png; com/github/alexthe666/alexsmobs/ClientProxy.class; com/github/alexthe666/alexsmobs/citadel/client/model/AdvancedEntityModel.class; com/github/alexthe666/alexsmobs/citadel/client/model/AdvancedModelBox.class; com/github/alexthe666/alexsmobs/entity/AMEntityRegistry.class; output-am/proveniencia.json,evidence-am/alexsmobs-2.1.14-neoforge+1.21.1.jar::data/alexsmobs/loot_table/entities/devils_hole_pupfish.json; evidence-am/decompiled-full/com/github/alexthe666/alexsmobs/entity/EntityDevilsHolePupfish.java,Não aplicável: uso direto ou nenhuma receita identificada na build
Devils Hole Pupfish,Alex’s Mobs Continued,Criatura WaterAnimal; comportamento definido na classe e herança citadas,BiomeConfig padrão: (#minecraft:is_overworld); grupos alternativos; entradas externas só se biomas existirem. Fonte: evidence-am/decompiled-full/com/github/alexthe666/alexsmobs/config/BiomeConfig.java → evidence-am/decompiled-full/com/github/alexthe666/alexsmobs/config/DefaultBiomes.java; configuração efetiva do servidor não confirmada.,Captura viva em balde,alexsmobs:devils_hole_pupfish_bucket,1,"Bucketable.bucketMobPickup; entidade viva, recipiente compatível; estado salvo no item; não é drop de morte",Transportar/soltar a criatura mantendo dados de balde,Alta nos arquivos versionados; configurações/datapacks externos não confirmados,/images/bestiary/audited/am/devils-hole-pupfish.png,com/github/alexthe666/alexsmobs/client/model/ModelDevilsHolePupfish.class; com/github/alexthe666/alexsmobs/client/render/RenderDevilsHolePupfish.class; assets/alexsmobs/textures/entity/devils_hole_pupfish.png; com/github/alexthe666/alexsmobs/ClientProxy.class; com/github/alexthe666/alexsmobs/citadel/client/model/AdvancedEntityModel.class; com/github/alexthe666/alexsmobs/citadel/client/model/AdvancedModelBox.class; com/github/alexthe666/alexsmobs/entity/AMEntityRegistry.class; output-am/proveniencia.json,/workspace/scratch/25006bff7ab5/evidence-am/decompiled-full/com/github/alexthe666/alexsmobs/entity/EntityDevilsHolePupfish.java; evidence-am/decompiled-full/com/github/alexthe666/alexsmobs/entity/EntityDevilsHolePupfish.java; evidence-am/decompiled-full/com/github/alexthe666/alexsmobs/item/AMItemRegistry.java; registros-usos-itens.json#alexsmobs:devils_hole_pupfish_bucket,Não aplicável: uso direto ou nenhuma receita identificada na build
Catfish,Alex’s Mobs Continued,Criatura WaterAnimal; comportamento definido na classe e herança citadas,BiomeConfig padrão: (#minecraft:is_overworld E #forge:is_swamp E NÃO minecraft:mangrove_swamp) OU (#minecraft:is_overworld E #minecraft:is_river E NÃO #forge:is_cold/overworld) OU (terralith:orchid_swamp) OU (terralith:ice_marsh) OU (terralith:warm_river); grupos alternativos; entradas externas só se biomas existirem. Fonte: evidence-am/decompiled-full/com/github/alexthe666/alexsmobs/config/BiomeConfig.java → evidence-am/decompiled-full/com/github/alexthe666/alexsmobs/config/DefaultBiomes.java; configuração efetiva do servidor não confirmada.,Loot de morte,alexsmobs:raw_catfish,0–1,"Loot condicionado ao caminho de morte; herança/interações/variantes fora deste pool separadas; pool1: 1 sorteio(s); reposição se múltiplos rolls; peso bruto 1/1; normaliza apenas entradas elegíveis; set_count; Saque minecraft:looting: bônus Math.round(nível × sorteio 0–1); limite sem limite explícito; aplica receita de fundição ao item; função somente se this satisfaz {""flags"": {""is_on_fire"": true}}; tabela base apenas quando nenhum estado alternativo ativo em EntityCatfish.getDefaultLootTable","Ingrediente nas receitas auditadas: {'id': 'alexsmobs:cooked_catfish'}, {'id': 'alexsmobs:cooked_catfish'}, {'id': 'alexsmobs:cooked_catfish'}",Alta nos arquivos versionados; configurações/datapacks externos não confirmados,/images/bestiary/audited/am/catfish-small.png,com/github/alexthe666/alexsmobs/client/model/ModelCatfishSmall.class; com/github/alexthe666/alexsmobs/client/render/RenderCatfish.class; assets/alexsmobs/textures/entity/catfish_small.png; com/github/alexthe666/alexsmobs/ClientProxy.class; com/github/alexthe666/alexsmobs/citadel/client/model/AdvancedEntityModel.class; com/github/alexthe666/alexsmobs/citadel/client/model/AdvancedModelBox.class; com/github/alexthe666/alexsmobs/entity/AMEntityRegistry.class; com/github/alexthe666/alexsmobs/client/model/ModelCatfishMedium.class; assets/alexsmobs/textures/entity/catfish_medium.png; com/github/alexthe666/alexsmobs/client/model/ModelCatfishLarge.class; assets/alexsmobs/textures/entity/catfish_large.png; output-am/proveniencia.json,evidence-am/alexsmobs-2.1.14-neoforge+1.21.1.jar::data/alexsmobs/loot_table/entities/catfish.json; evidence-am/decompiled-full/com/github/alexthe666/alexsmobs/entity/EntityCatfish.java; evidence-am/decompiled-full/com/github/alexthe666/alexsmobs/item/AMItemRegistry.java; registros-usos-itens.json#alexsmobs:raw_catfish,/bestiary/receitas/am.html#receita-cooked-catfish | [Receita cooked_catfish](lote-final-2026-10-06/am-cards-2026-10-06.md#receita-cooked-catfish) — data/alexsmobs/recipe/cooked_catfish.json; [Receita cooked_catfish_campfire](lote-final-2026-10-06/am-cards-2026-10-06.md#receita-cooked-catfish-campfire) — data/alexsmobs/recipe/cooked_catfish_campfire.json; [Receita cooked_catfish_smoke](lote-final-2026-10-06/am-cards-2026-10-06.md#receita-cooked-catfish-smoke) — data/alexsmobs/recipe/cooked_catfish_smoke.json
Catfish,Alex’s Mobs Continued,Criatura WaterAnimal; comportamento definido na classe e herança citadas,BiomeConfig padrão: (#minecraft:is_overworld E #forge:is_swamp E NÃO minecraft:mangrove_swamp) OU (#minecraft:is_overworld E #minecraft:is_river E NÃO #forge:is_cold/overworld) OU (terralith:orchid_swamp) OU (terralith:ice_marsh) OU (terralith:warm_river); grupos alternativos; entradas externas só se biomas existirem. Fonte: evidence-am/decompiled-full/com/github/alexthe666/alexsmobs/config/BiomeConfig.java → evidence-am/decompiled-full/com/github/alexthe666/alexsmobs/config/DefaultBiomes.java; configuração efetiva do servidor não confirmada.,Loot de morte alternativo,alexsmobs:raw_catfish,2–3,"getCatfishSize()==1; tabela selecionada pela classe substitui a base; não somar pools; pool1: 1 sorteio(s); reposição se múltiplos rolls; peso bruto 1/1; normaliza apenas entradas elegíveis; set_count; Saque minecraft:looting: bônus Math.round(nível × sorteio 0–1); limite sem limite explícito; aplica receita de fundição ao item; função somente se this satisfaz {""flags"": {""is_on_fire"": true}}","Ingrediente nas receitas auditadas: {'id': 'alexsmobs:cooked_catfish'}, {'id': 'alexsmobs:cooked_catfish'}, {'id': 'alexsmobs:cooked_catfish'}",Alta nos arquivos versionados; configurações/datapacks externos não confirmados,/images/bestiary/audited/am/catfish-small.png,com/github/alexthe666/alexsmobs/client/model/ModelCatfishSmall.class; com/github/alexthe666/alexsmobs/client/render/RenderCatfish.class; assets/alexsmobs/textures/entity/catfish_small.png; com/github/alexthe666/alexsmobs/ClientProxy.class; com/github/alexthe666/alexsmobs/citadel/client/model/AdvancedEntityModel.class; com/github/alexthe666/alexsmobs/citadel/client/model/AdvancedModelBox.class; com/github/alexthe666/alexsmobs/entity/AMEntityRegistry.class; com/github/alexthe666/alexsmobs/client/model/ModelCatfishMedium.class; assets/alexsmobs/textures/entity/catfish_medium.png; com/github/alexthe666/alexsmobs/client/model/ModelCatfishLarge.class; assets/alexsmobs/textures/entity/catfish_large.png; output-am/proveniencia.json,evidence-am/alexsmobs-2.1.14-neoforge+1.21.1.jar::data/alexsmobs/loot_table/entities/catfish_medium.json; evidence-am/decompiled-full/com/github/alexthe666/alexsmobs/entity/EntityCatfish.java; evidence-am/decompiled-full/com/github/alexthe666/alexsmobs/item/AMItemRegistry.java; registros-usos-itens.json#alexsmobs:raw_catfish,/bestiary/receitas/am.html#receita-cooked-catfish | [Receita cooked_catfish](lote-final-2026-10-06/am-cards-2026-10-06.md#receita-cooked-catfish) — data/alexsmobs/recipe/cooked_catfish.json; [Receita cooked_catfish_campfire](lote-final-2026-10-06/am-cards-2026-10-06.md#receita-cooked-catfish-campfire) — data/alexsmobs/recipe/cooked_catfish_campfire.json; [Receita cooked_catfish_smoke](lote-final-2026-10-06/am-cards-2026-10-06.md#receita-cooked-catfish-smoke) — data/alexsmobs/recipe/cooked_catfish_smoke.json
Catfish,Alex’s Mobs Continued,Criatura WaterAnimal; comportamento definido na classe e herança citadas,BiomeConfig padrão: (#minecraft:is_overworld E #forge:is_swamp E NÃO minecraft:mangrove_swamp) OU (#minecraft:is_overworld E #minecraft:is_river E NÃO #forge:is_cold/overworld) OU (terralith:orchid_swamp) OU (terralith:ice_marsh) OU (terralith:warm_river); grupos alternativos; entradas externas só se biomas existirem. Fonte: evidence-am/decompiled-full/com/github/alexthe666/alexsmobs/config/BiomeConfig.java → evidence-am/decompiled-full/com/github/alexthe666/alexsmobs/config/DefaultBiomes.java; configuração efetiva do servidor não confirmada.,Loot de morte alternativo,alexsmobs:raw_catfish,4–6,"getCatfishSize()==2; tabela selecionada pela classe substitui a base; não somar pools; pool1: 1 sorteio(s); reposição se múltiplos rolls; peso bruto 1/1; normaliza apenas entradas elegíveis; set_count; Saque minecraft:looting: bônus Math.round(nível × sorteio 0–1); limite sem limite explícito; aplica receita de fundição ao item; função somente se this satisfaz {""flags"": {""is_on_fire"": true}}","Ingrediente nas receitas auditadas: {'id': 'alexsmobs:cooked_catfish'}, {'id': 'alexsmobs:cooked_catfish'}, {'id': 'alexsmobs:cooked_catfish'}",Alta nos arquivos versionados; configurações/datapacks externos não confirmados,/images/bestiary/audited/am/catfish-small.png,com/github/alexthe666/alexsmobs/client/model/ModelCatfishSmall.class; com/github/alexthe666/alexsmobs/client/render/RenderCatfish.class; assets/alexsmobs/textures/entity/catfish_small.png; com/github/alexthe666/alexsmobs/ClientProxy.class; com/github/alexthe666/alexsmobs/citadel/client/model/AdvancedEntityModel.class; com/github/alexthe666/alexsmobs/citadel/client/model/AdvancedModelBox.class; com/github/alexthe666/alexsmobs/entity/AMEntityRegistry.class; com/github/alexthe666/alexsmobs/client/model/ModelCatfishMedium.class; assets/alexsmobs/textures/entity/catfish_medium.png; com/github/alexthe666/alexsmobs/client/model/ModelCatfishLarge.class; assets/alexsmobs/textures/entity/catfish_large.png; output-am/proveniencia.json,evidence-am/alexsmobs-2.1.14-neoforge+1.21.1.jar::data/alexsmobs/loot_table/entities/catfish_large.json; evidence-am/decompiled-full/com/github/alexthe666/alexsmobs/entity/EntityCatfish.java; evidence-am/decompiled-full/com/github/alexthe666/alexsmobs/item/AMItemRegistry.java; registros-usos-itens.json#alexsmobs:raw_catfish,/bestiary/receitas/am.html#receita-cooked-catfish | [Receita cooked_catfish](lote-final-2026-10-06/am-cards-2026-10-06.md#receita-cooked-catfish) — data/alexsmobs/recipe/cooked_catfish.json; [Receita cooked_catfish_campfire](lote-final-2026-10-06/am-cards-2026-10-06.md#receita-cooked-catfish-campfire) — data/alexsmobs/recipe/cooked_catfish_campfire.json; [Receita cooked_catfish_smoke](lote-final-2026-10-06/am-cards-2026-10-06.md#receita-cooked-catfish-smoke) — data/alexsmobs/recipe/cooked_catfish_smoke.json
Catfish,Alex’s Mobs Continued,Criatura WaterAnimal; comportamento definido na classe e herança citadas,BiomeConfig padrão: (#minecraft:is_overworld E #forge:is_swamp E NÃO minecraft:mangrove_swamp) OU (#minecraft:is_overworld E #minecraft:is_river E NÃO #forge:is_cold/overworld) OU (terralith:orchid_swamp) OU (terralith:ice_marsh) OU (terralith:warm_river); grupos alternativos; entradas externas só se biomas existirem. Fonte: evidence-am/decompiled-full/com/github/alexthe666/alexsmobs/config/BiomeConfig.java → evidence-am/decompiled-full/com/github/alexthe666/alexsmobs/config/DefaultBiomes.java; configuração efetiva do servidor não confirmada.,Captura viva em balde,Balde contendo Catfish,1,"Bucketable.bucketMobPickup; entidade viva, recipiente compatível; estado salvo no item; não é drop de morte",Transportar/soltar a criatura mantendo dados de balde,Alta nos arquivos versionados; configurações/datapacks externos não confirmados,/images/bestiary/audited/am/catfish-small.png,com/github/alexthe666/alexsmobs/client/model/ModelCatfishSmall.class; com/github/alexthe666/alexsmobs/client/render/RenderCatfish.class; assets/alexsmobs/textures/entity/catfish_small.png; com/github/alexthe666/alexsmobs/ClientProxy.class; com/github/alexthe666/alexsmobs/citadel/client/model/AdvancedEntityModel.class; com/github/alexthe666/alexsmobs/citadel/client/model/AdvancedModelBox.class; com/github/alexthe666/alexsmobs/entity/AMEntityRegistry.class; com/github/alexthe666/alexsmobs/client/model/ModelCatfishMedium.class; assets/alexsmobs/textures/entity/catfish_medium.png; com/github/alexthe666/alexsmobs/client/model/ModelCatfishLarge.class; assets/alexsmobs/textures/entity/catfish_large.png; output-am/proveniencia.json,/workspace/scratch/25006bff7ab5/evidence-am/decompiled-full/com/github/alexthe666/alexsmobs/entity/EntityCatfish.java; evidence-am/decompiled-full/com/github/alexthe666/alexsmobs/entity/EntityCatfish.java,Não aplicável: uso direto ou nenhuma receita identificada na build
Flying Fish,Alex’s Mobs Continued,Criatura WaterAnimal; comportamento definido na classe e herança citadas,BiomeConfig padrão: (#minecraft:is_overworld E #minecraft:is_ocean E NÃO #forge:is_cold/overworld E NÃO #forge:is_hot/overworld E NÃO minecraft:deep_ocean E NÃO minecraft:deep_lukewarm_ocean); grupos alternativos; entradas externas só se biomas existirem. Fonte: evidence-am/decompiled-full/com/github/alexthe666/alexsmobs/config/BiomeConfig.java → evidence-am/decompiled-full/com/github/alexthe666/alexsmobs/config/DefaultBiomes.java; configuração efetiva do servidor não confirmada.,Loot de morte,alexsmobs:flying_fish,1,Loot condicionado ao caminho de morte; herança/interações/variantes fora deste pool separadas; pool1: 1 sorteio(s); reposição se múltiplos rolls; peso bruto 1/1; normaliza apenas entradas elegíveis; set_count,"Ingrediente nas receitas auditadas: {'id': 'alexsmobs:flying_fish_boots', 'count': 1}",Alta nos arquivos versionados; configurações/datapacks externos não confirmados,/images/bestiary/audited/am/flying-fish-variant-0.png,com/github/alexthe666/alexsmobs/client/model/ModelFlyingFish.class; com/github/alexthe666/alexsmobs/client/render/RenderFlyingFish.class; assets/alexsmobs/textures/entity/flying_fish_0.png; com/github/alexthe666/alexsmobs/ClientProxy.class; com/github/alexthe666/alexsmobs/citadel/client/model/AdvancedEntityModel.class; com/github/alexthe666/alexsmobs/citadel/client/model/AdvancedModelBox.class; com/github/alexthe666/alexsmobs/entity/AMEntityRegistry.class; assets/alexsmobs/textures/entity/flying_fish_1.png; assets/alexsmobs/textures/entity/flying_fish_2.png; output-am/proveniencia.json,evidence-am/alexsmobs-2.1.14-neoforge+1.21.1.jar::data/alexsmobs/loot_table/entities/flying_fish.json; evidence-am/decompiled-full/com/github/alexthe666/alexsmobs/entity/EntityFlyingFish.java; evidence-am/decompiled-full/com/github/alexthe666/alexsmobs/item/AMItemRegistry.java; registros-usos-itens.json#alexsmobs:flying_fish,/bestiary/receitas/am.html#receita-flying-fish-boots | [Receita flying_fish_boots](lote-final-2026-10-06/am-cards-2026-10-06.md#receita-flying-fish-boots) — data/alexsmobs/recipe/flying_fish_boots.json
Flying Fish,Alex’s Mobs Continued,Criatura WaterAnimal; comportamento definido na classe e herança citadas,BiomeConfig padrão: (#minecraft:is_overworld E #minecraft:is_ocean E NÃO #forge:is_cold/overworld E NÃO #forge:is_hot/overworld E NÃO minecraft:deep_ocean E NÃO minecraft:deep_lukewarm_ocean); grupos alternativos; entradas externas só se biomas existirem. Fonte: evidence-am/decompiled-full/com/github/alexthe666/alexsmobs/config/BiomeConfig.java → evidence-am/decompiled-full/com/github/alexthe666/alexsmobs/config/DefaultBiomes.java; configuração efetiva do servidor não confirmada.,Loot de morte,minecraft:bone_meal,1,Loot condicionado ao caminho de morte; herança/interações/variantes fora deste pool separadas; pool2: 1 sorteio(s); reposição se múltiplos rolls; chance 5%; peso bruto 1/1; normaliza apenas entradas elegíveis,"Ingrediente nas receitas vanilla1.21.1: {'count': 1, 'id': 'minecraft:bone_block'}, {'count': 1, 'id': 'minecraft:white_dye'}",Alta nos arquivos versionados; configurações/datapacks externos não confirmados,/images/bestiary/audited/am/flying-fish-variant-0.png,com/github/alexthe666/alexsmobs/client/model/ModelFlyingFish.class; com/github/alexthe666/alexsmobs/client/render/RenderFlyingFish.class; assets/alexsmobs/textures/entity/flying_fish_0.png; com/github/alexthe666/alexsmobs/ClientProxy.class; com/github/alexthe666/alexsmobs/citadel/client/model/AdvancedEntityModel.class; com/github/alexthe666/alexsmobs/citadel/client/model/AdvancedModelBox.class; com/github/alexthe666/alexsmobs/entity/AMEntityRegistry.class; assets/alexsmobs/textures/entity/flying_fish_1.png; assets/alexsmobs/textures/entity/flying_fish_2.png; output-am/proveniencia.json,evidence-am/alexsmobs-2.1.14-neoforge+1.21.1.jar::data/alexsmobs/loot_table/entities/flying_fish.json; evidence-am/decompiled-full/com/github/alexthe666/alexsmobs/entity/EntityFlyingFish.java,[Receitas vanilla1.21.1](lote-final-2026-10-06/receitas-vanilla.json)
Flying Fish,Alex’s Mobs Continued,Criatura WaterAnimal; comportamento definido na classe e herança citadas,BiomeConfig padrão: (#minecraft:is_overworld E #minecraft:is_ocean E NÃO #forge:is_cold/overworld E NÃO #forge:is_hot/overworld E NÃO minecraft:deep_ocean E NÃO minecraft:deep_lukewarm_ocean); grupos alternativos; entradas externas só se biomas existirem. Fonte: evidence-am/decompiled-full/com/github/alexthe666/alexsmobs/config/BiomeConfig.java → evidence-am/decompiled-full/com/github/alexthe666/alexsmobs/config/DefaultBiomes.java; configuração efetiva do servidor não confirmada.,Captura viva em balde,alexsmobs:flying_fish_bucket,1,"Bucketable.bucketMobPickup; entidade viva, recipiente compatível; estado salvo no item; não é drop de morte",Transportar/soltar a criatura mantendo dados de balde,Alta nos arquivos versionados; configurações/datapacks externos não confirmados,/images/bestiary/audited/am/flying-fish-variant-0.png,com/github/alexthe666/alexsmobs/client/model/ModelFlyingFish.class; com/github/alexthe666/alexsmobs/client/render/RenderFlyingFish.class; assets/alexsmobs/textures/entity/flying_fish_0.png; com/github/alexthe666/alexsmobs/ClientProxy.class; com/github/alexthe666/alexsmobs/citadel/client/model/AdvancedEntityModel.class; com/github/alexthe666/alexsmobs/citadel/client/model/AdvancedModelBox.class; com/github/alexthe666/alexsmobs/entity/AMEntityRegistry.class; assets/alexsmobs/textures/entity/flying_fish_1.png; assets/alexsmobs/textures/entity/flying_fish_2.png; output-am/proveniencia.json,/workspace/scratch/25006bff7ab5/evidence-am/decompiled-full/com/github/alexthe666/alexsmobs/entity/EntityFlyingFish.java; evidence-am/decompiled-full/com/github/alexthe666/alexsmobs/entity/EntityFlyingFish.java; evidence-am/decompiled-full/com/github/alexthe666/alexsmobs/item/AMItemRegistry.java; registros-usos-itens.json#alexsmobs:flying_fish_bucket,Não aplicável: uso direto ou nenhuma receita identificada na build
Skelewag,Alex’s Mobs Continued,Criatura Monster; comportamento definido na classe e herança citadas,BiomeConfig padrão: (NÃO #forge:no_default_monsters E #minecraft:is_overworld E #minecraft:is_deep_ocean); grupos alternativos; entradas externas só se biomas existirem. Fonte: evidence-am/decompiled-full/com/github/alexthe666/alexsmobs/config/BiomeConfig.java → evidence-am/decompiled-full/com/github/alexthe666/alexsmobs/config/DefaultBiomes.java; configuração efetiva do servidor não confirmada.,Loot de morte,alexsmobs:skelewag_sword,1,"Loot condicionado ao caminho de morte; herança/interações/variantes fora deste pool separadas; pool1: 1 sorteio(s); reposição se múltiplos rolls; sem Saque 10%; Saque I 15%, +5 p.p./nível acima de I; peso bruto 1/1; normaliza apenas entradas elegíveis","Arma/projétil conforme classe ItemSkelewagSword; uso, dano e efeitos definidos na classe original citada no apêndice de usos",Alta no recurso/registro/classe citados; condições efetivas do pack não confirmadas,/images/bestiary/audited/am/skelewag-variant-0.png,com/github/alexthe666/alexsmobs/client/model/ModelSkelewag.class; com/github/alexthe666/alexsmobs/client/render/RenderSkelewag.class; assets/alexsmobs/textures/entity/skelewag_0.png; com/github/alexthe666/alexsmobs/ClientProxy.class; com/github/alexthe666/alexsmobs/citadel/client/model/AdvancedEntityModel.class; com/github/alexthe666/alexsmobs/citadel/client/model/AdvancedModelBox.class; com/github/alexthe666/alexsmobs/entity/AMEntityRegistry.class; assets/alexsmobs/textures/entity/skelewag_1.png; output-am/proveniencia.json,evidence-am/alexsmobs-2.1.14-neoforge+1.21.1.jar::data/alexsmobs/loot_table/entities/skelewag.json; evidence-am/decompiled-full/com/github/alexthe666/alexsmobs/entity/EntitySkelewag.java; evidence-am/decompiled-full/com/github/alexthe666/alexsmobs/item/AMItemRegistry.java; registros-usos-itens.json#alexsmobs:skelewag_sword,Não aplicável: uso direto ou nenhuma receita identificada na build
Skelewag,Alex’s Mobs Continued,Criatura Monster; comportamento definido na classe e herança citadas,BiomeConfig padrão: (NÃO #forge:no_default_monsters E #minecraft:is_overworld E #minecraft:is_deep_ocean); grupos alternativos; entradas externas só se biomas existirem. Fonte: evidence-am/decompiled-full/com/github/alexthe666/alexsmobs/config/BiomeConfig.java → evidence-am/decompiled-full/com/github/alexthe666/alexsmobs/config/DefaultBiomes.java; configuração efetiva do servidor não confirmada.,Loot de morte,alexsmobs:novelty_hat,1,"Loot condicionado ao caminho de morte; herança/interações/variantes fora deste pool separadas; pool2: 1 sorteio(s); reposição se múltiplos rolls; sem Saque 1%; Saque I 2.5%, +1.5 p.p./nível acima de I; peso bruto 1/1; normaliza apenas entradas elegíveis","Equipamento vestível; slot/material/durabilidade confirmados no registro: NOVELTY_HAT = AMItemRegistry.regItem(""novelty_hat"", () -> new ItemModArmor(NOVELTY_HAT_MATERIAL, ArmorItem.Type.HELMET));",Alta no recurso/registro/classe citados; condições efetivas do pack não confirmadas,/images/bestiary/audited/am/skelewag-variant-0.png,com/github/alexthe666/alexsmobs/client/model/ModelSkelewag.class; com/github/alexthe666/alexsmobs/client/render/RenderSkelewag.class; assets/alexsmobs/textures/entity/skelewag_0.png; com/github/alexthe666/alexsmobs/ClientProxy.class; com/github/alexthe666/alexsmobs/citadel/client/model/AdvancedEntityModel.class; com/github/alexthe666/alexsmobs/citadel/client/model/AdvancedModelBox.class; com/github/alexthe666/alexsmobs/entity/AMEntityRegistry.class; assets/alexsmobs/textures/entity/skelewag_1.png; output-am/proveniencia.json,evidence-am/alexsmobs-2.1.14-neoforge+1.21.1.jar::data/alexsmobs/loot_table/entities/skelewag.json; evidence-am/decompiled-full/com/github/alexthe666/alexsmobs/entity/EntitySkelewag.java; evidence-am/decompiled-full/com/github/alexthe666/alexsmobs/item/AMItemRegistry.java; registros-usos-itens.json#alexsmobs:novelty_hat,Não aplicável: uso direto ou nenhuma receita identificada na build
Skelewag,Alex’s Mobs Continued,Criatura Monster; comportamento definido na classe e herança citadas,BiomeConfig padrão: (NÃO #forge:no_default_monsters E #minecraft:is_overworld E #minecraft:is_deep_ocean); grupos alternativos; entradas externas só se biomas existirem. Fonte: evidence-am/decompiled-full/com/github/alexthe666/alexsmobs/config/BiomeConfig.java → evidence-am/decompiled-full/com/github/alexthe666/alexsmobs/config/DefaultBiomes.java; configuração efetiva do servidor não confirmada.,Loot de morte,alexsmobs:fish_bones,1,"Loot condicionado ao caminho de morte; herança/interações/variantes fora deste pool separadas; pool3: 1 sorteio(s); reposição se múltiplos rolls; sem Saque 30%; Saque I 50%, +20 p.p./nível acima de I; peso bruto 1/1; normaliza apenas entradas elegíveis","Ingrediente nas receitas auditadas: {'id': 'minecraft:bone_meal', 'count': 2}, {'id': 'alexsmobs:pupfish_locator', 'count': 1}",Alta nos arquivos versionados; configurações/datapacks externos não confirmados,/images/bestiary/audited/am/skelewag-variant-0.png,com/github/alexthe666/alexsmobs/client/model/ModelSkelewag.class; com/github/alexthe666/alexsmobs/client/render/RenderSkelewag.class; assets/alexsmobs/textures/entity/skelewag_0.png; com/github/alexthe666/alexsmobs/ClientProxy.class; com/github/alexthe666/alexsmobs/citadel/client/model/AdvancedEntityModel.class; com/github/alexthe666/alexsmobs/citadel/client/model/AdvancedModelBox.class; com/github/alexthe666/alexsmobs/entity/AMEntityRegistry.class; assets/alexsmobs/textures/entity/skelewag_1.png; output-am/proveniencia.json,evidence-am/alexsmobs-2.1.14-neoforge+1.21.1.jar::data/alexsmobs/loot_table/entities/skelewag.json; evidence-am/decompiled-full/com/github/alexthe666/alexsmobs/entity/EntitySkelewag.java; evidence-am/decompiled-full/com/github/alexthe666/alexsmobs/item/AMItemRegistry.java; registros-usos-itens.json#alexsmobs:fish_bones,/bestiary/receitas/am.html#receita-bonemeal-from-fish-bones | [Receita bonemeal_from_fish_bones](lote-final-2026-10-06/am-cards-2026-10-06.md#receita-bonemeal-from-fish-bones) — data/alexsmobs/recipe/bonemeal_from_fish_bones.json; [Receita pupfish_locator](lote-final-2026-10-06/am-cards-2026-10-06.md#receita-pupfish-locator) — data/alexsmobs/recipe/pupfish_locator.json
Skelewag,Alex’s Mobs Continued,Criatura Monster; comportamento definido na classe e herança citadas,BiomeConfig padrão: (NÃO #forge:no_default_monsters E #minecraft:is_overworld E #minecraft:is_deep_ocean); grupos alternativos; entradas externas só se biomas existirem. Fonte: evidence-am/decompiled-full/com/github/alexthe666/alexsmobs/config/BiomeConfig.java → evidence-am/decompiled-full/com/github/alexthe666/alexsmobs/config/DefaultBiomes.java; configuração efetiva do servidor não confirmada.,Loot de morte,minecraft:bone,0–2,Loot condicionado ao caminho de morte; herança/interações/variantes fora deste pool separadas; pool4: 1 sorteio(s); reposição se múltiplos rolls; peso bruto 1/1; normaliza apenas entradas elegíveis; set_count; Saque minecraft:looting: bônus Math.round(nível × sorteio 0–1); limite sem limite explícito,Ingrediente nas receitas auditadas: {'id': 'alexsmobs:sopa_de_macaco'},Alta nos arquivos versionados; configurações/datapacks externos não confirmados,/images/bestiary/audited/am/skelewag-variant-0.png,com/github/alexthe666/alexsmobs/client/model/ModelSkelewag.class; com/github/alexthe666/alexsmobs/client/render/RenderSkelewag.class; assets/alexsmobs/textures/entity/skelewag_0.png; com/github/alexthe666/alexsmobs/ClientProxy.class; com/github/alexthe666/alexsmobs/citadel/client/model/AdvancedEntityModel.class; com/github/alexthe666/alexsmobs/citadel/client/model/AdvancedModelBox.class; com/github/alexthe666/alexsmobs/entity/AMEntityRegistry.class; assets/alexsmobs/textures/entity/skelewag_1.png; output-am/proveniencia.json,evidence-am/alexsmobs-2.1.14-neoforge+1.21.1.jar::data/alexsmobs/loot_table/entities/skelewag.json; evidence-am/decompiled-full/com/github/alexthe666/alexsmobs/entity/EntitySkelewag.java,/bestiary/receitas/am.html#receita-sopa-de-macaco | [Receita sopa_de_macaco](lote-final-2026-10-06/am-cards-2026-10-06.md#receita-sopa-de-macaco) — data/alexsmobs/recipe/sopa_de_macaco.json
Rain Frog,Alex’s Mobs Continued,Criatura Animal; comportamento definido na classe e herança citadas,BiomeConfig padrão: (#forge:is_dry/overworld E #forge:is_hot/overworld E #forge:is_sandy E NÃO #minecraft:is_badlands) OU (terralith:ancient_sands) OU (terralith:desert_canyon) OU (terralith:desert_oasis) OU (terralith:desert_spires) OU (terralith:sandstone_valley) OU (terralith:red_oasis); grupos alternativos; entradas externas só se biomas existirem. Fonte: evidence-am/decompiled-full/com/github/alexthe666/alexsmobs/config/BiomeConfig.java → evidence-am/decompiled-full/com/github/alexthe666/alexsmobs/config/DefaultBiomes.java; configuração efetiva do servidor não confirmada.,Tabela de morte vazia,Sem itens no JSON,0,Loot condicionado ao caminho de morte; herança/interações/variantes fora deste pool separadas; pools=[]; mecanismos paralelos separados,Não aplicável,Alta nos arquivos versionados; configurações/datapacks externos não confirmados,/images/bestiary/audited/am/rain-frog-variant-0.png,com/github/alexthe666/alexsmobs/client/model/ModelRainFrog.class; com/github/alexthe666/alexsmobs/client/render/RenderRainFrog.class; assets/alexsmobs/textures/entity/rain_frog_0.png; com/github/alexthe666/alexsmobs/ClientProxy.class; com/github/alexthe666/alexsmobs/citadel/client/model/AdvancedEntityModel.class; com/github/alexthe666/alexsmobs/citadel/client/model/AdvancedModelBox.class; com/github/alexthe666/alexsmobs/entity/AMEntityRegistry.class; assets/alexsmobs/textures/entity/rain_frog_1.png; assets/alexsmobs/textures/entity/rain_frog_2.png; output-am/proveniencia.json,evidence-am/alexsmobs-2.1.14-neoforge+1.21.1.jar::data/alexsmobs/loot_table/entities/rain_frog.json; evidence-am/decompiled-full/com/github/alexthe666/alexsmobs/entity/EntityRainFrog.java,Não aplicável: uso direto ou nenhuma receita identificada na build
Potoo,Alex’s Mobs Continued,Criatura Animal; alvos: EntityFly,BiomeConfig padrão: (minecraft:dark_forest); grupos alternativos; entradas externas só se biomas existirem. Fonte: evidence-am/decompiled-full/com/github/alexthe666/alexsmobs/config/BiomeConfig.java → evidence-am/decompiled-full/com/github/alexthe666/alexsmobs/config/DefaultBiomes.java; configuração efetiva do servidor não confirmada.,Loot de morte,minecraft:feather,0–1,Loot condicionado ao caminho de morte; herança/interações/variantes fora deste pool separadas; pool1: 1 sorteio(s); reposição se múltiplos rolls; peso bruto 1/1; normaliza apenas entradas elegíveis; set_count; Saque minecraft:looting: bônus Math.round(nível × sorteio 0–1); limite sem limite explícito,Flechas; livro e pena,Alta nos arquivos versionados; configurações/datapacks externos não confirmados,/images/bestiary/audited/am/potoo.png,com/github/alexthe666/alexsmobs/client/model/ModelPotoo.class; com/github/alexthe666/alexsmobs/client/render/RenderPotoo.class; assets/alexsmobs/textures/entity/potoo.png; com/github/alexthe666/alexsmobs/ClientProxy.class; com/github/alexthe666/alexsmobs/citadel/client/model/AdvancedEntityModel.class; com/github/alexthe666/alexsmobs/citadel/client/model/AdvancedModelBox.class; com/github/alexthe666/alexsmobs/entity/AMEntityRegistry.class; output-am/proveniencia.json,evidence-am/alexsmobs-2.1.14-neoforge+1.21.1.jar::data/alexsmobs/loot_table/entities/potoo.json; evidence-am/decompiled-full/com/github/alexthe666/alexsmobs/entity/EntityPotoo.java,[Receitas vanilla1.21.1](lote-final-2026-10-06/receitas-vanilla.json)
Mudskipper,Alex’s Mobs Continued,Criatura TamableAnimal; comportamento definido na classe e herança citadas,BiomeConfig padrão: (minecraft:mangrove_swamp) OU (terralith:cave/underground_jungle); grupos alternativos; entradas externas só se biomas existirem. Fonte: evidence-am/decompiled-full/com/github/alexthe666/alexsmobs/config/BiomeConfig.java → evidence-am/decompiled-full/com/github/alexthe666/alexsmobs/config/DefaultBiomes.java; configuração efetiva do servidor não confirmada.,Loot de morte,minecraft:tropical_fish,1,Loot condicionado ao caminho de morte; herança/interações/variantes fora deste pool separadas; pool1: 1 sorteio(s); reposição se múltiplos rolls; peso bruto 1/1; normaliza apenas entradas elegíveis; set_count,Alimento vanilla e alimentação de mobs compatíveis,Alta no recurso/registro/classe citados; condições efetivas do pack não confirmadas,/images/bestiary/audited/am/mudskipper.png,com/github/alexthe666/alexsmobs/client/model/ModelMudskipper.class; com/github/alexthe666/alexsmobs/client/render/RenderMudskipper.class; assets/alexsmobs/textures/entity/mudskipper.png; com/github/alexthe666/alexsmobs/ClientProxy.class; com/github/alexthe666/alexsmobs/citadel/client/model/AdvancedEntityModel.class; com/github/alexthe666/alexsmobs/citadel/client/model/AdvancedModelBox.class; com/github/alexthe666/alexsmobs/entity/AMEntityRegistry.class; output-am/proveniencia.json,evidence-am/alexsmobs-2.1.14-neoforge+1.21.1.jar::data/alexsmobs/loot_table/entities/mudskipper.json; evidence-am/decompiled-full/com/github/alexthe666/alexsmobs/entity/EntityMudskipper.java,[Receitas vanilla1.21.1](lote-final-2026-10-06/receitas-vanilla.json)
Mudskipper,Alex’s Mobs Continued,Criatura TamableAnimal; comportamento definido na classe e herança citadas,BiomeConfig padrão: (minecraft:mangrove_swamp) OU (terralith:cave/underground_jungle); grupos alternativos; entradas externas só se biomas existirem. Fonte: evidence-am/decompiled-full/com/github/alexthe666/alexsmobs/config/BiomeConfig.java → evidence-am/decompiled-full/com/github/alexthe666/alexsmobs/config/DefaultBiomes.java; configuração efetiva do servidor não confirmada.,Captura viva em balde,alexsmobs:mudskipper_bucket,1,"Bucketable.bucketMobPickup; entidade viva, recipiente compatível; estado salvo no item; não é drop de morte",Transportar/soltar a criatura mantendo dados de balde,Alta nos arquivos versionados; configurações/datapacks externos não confirmados,/images/bestiary/audited/am/mudskipper.png,com/github/alexthe666/alexsmobs/client/model/ModelMudskipper.class; com/github/alexthe666/alexsmobs/client/render/RenderMudskipper.class; assets/alexsmobs/textures/entity/mudskipper.png; com/github/alexthe666/alexsmobs/ClientProxy.class; com/github/alexthe666/alexsmobs/citadel/client/model/AdvancedEntityModel.class; com/github/alexthe666/alexsmobs/citadel/client/model/AdvancedModelBox.class; com/github/alexthe666/alexsmobs/entity/AMEntityRegistry.class; output-am/proveniencia.json,/workspace/scratch/25006bff7ab5/evidence-am/decompiled-full/com/github/alexthe666/alexsmobs/entity/EntityMudskipper.java; evidence-am/decompiled-full/com/github/alexthe666/alexsmobs/entity/EntityMudskipper.java; evidence-am/decompiled-full/com/github/alexthe666/alexsmobs/item/AMItemRegistry.java; registros-usos-itens.json#alexsmobs:mudskipper_bucket,Não aplicável: uso direto ou nenhuma receita identificada na build
Rhinoceros,Alex’s Mobs Continued,Criatura Animal; alvos: Raider,BiomeConfig padrão: (#minecraft:is_savanna) OU (terralith:arid_highlands) OU (terralith:brushland) OU (terralith:fractured_savanna) OU (terralith:savanna_badlands) OU (terralith:savanna_slopes) OU (terralith:shrubland) OU (terralith:red_oasis); grupos alternativos; entradas externas só se biomas existirem. Fonte: evidence-am/decompiled-full/com/github/alexthe666/alexsmobs/config/BiomeConfig.java → evidence-am/decompiled-full/com/github/alexthe666/alexsmobs/config/DefaultBiomes.java; configuração efetiva do servidor não confirmada.,Tabela de morte vazia,Sem itens no JSON,0,Loot condicionado ao caminho de morte; herança/interações/variantes fora deste pool separadas; pools=[]; mecanismos paralelos separados,Não aplicável,Alta nos arquivos versionados; configurações/datapacks externos não confirmados,/images/bestiary/audited/am/rhinoceros.png,com/github/alexthe666/alexsmobs/client/model/ModelRhinoceros.class; com/github/alexthe666/alexsmobs/client/render/RenderRhinoceros.class; assets/alexsmobs/textures/entity/rhinoceros.png; com/github/alexthe666/alexsmobs/ClientProxy.class; com/github/alexthe666/alexsmobs/citadel/client/model/AdvancedEntityModel.class; com/github/alexthe666/alexsmobs/citadel/client/model/AdvancedModelBox.class; com/github/alexthe666/alexsmobs/client/render/RenderRhinoceros$PotionLayer.class; com/github/alexthe666/alexsmobs/entity/AMEntityRegistry.class; output-am/proveniencia.json,evidence-am/alexsmobs-2.1.14-neoforge+1.21.1.jar::data/alexsmobs/loot_table/entities/rhinoceros.json; evidence-am/decompiled-full/com/github/alexthe666/alexsmobs/entity/EntityRhinoceros.java,Não aplicável: uso direto ou nenhuma receita identificada na build
Sugar Glider,Alex’s Mobs Continued,Criatura TamableAnimal; comportamento definido na classe e herança citadas,BiomeConfig padrão: (minecraft:birch_forest) OU (minecraft:old_growth_birch_forest) OU (terralith:white_cliffs); grupos alternativos; entradas externas só se biomas existirem. Fonte: evidence-am/decompiled-full/com/github/alexthe666/alexsmobs/config/BiomeConfig.java → evidence-am/decompiled-full/com/github/alexthe666/alexsmobs/config/DefaultBiomes.java; configuração efetiva do servidor não confirmada.,Tabela de morte vazia,Sem itens no JSON,0,Loot condicionado ao caminho de morte; herança/interações/variantes fora deste pool separadas; pools=[]; mecanismos paralelos separados,Não aplicável,Alta nos arquivos versionados; configurações/datapacks externos não confirmados,/images/bestiary/audited/am/sugar-glider.png,com/github/alexthe666/alexsmobs/client/model/ModelSugarGlider.class; com/github/alexthe666/alexsmobs/client/render/RenderSugarGlider.class; assets/alexsmobs/textures/entity/sugar_glider.png; com/github/alexthe666/alexsmobs/ClientProxy.class; com/github/alexthe666/alexsmobs/citadel/client/model/AdvancedEntityModel.class; com/github/alexthe666/alexsmobs/citadel/client/model/AdvancedModelBox.class; com/github/alexthe666/alexsmobs/entity/AMEntityRegistry.class; output-am/proveniencia.json,evidence-am/alexsmobs-2.1.14-neoforge+1.21.1.jar::data/alexsmobs/loot_table/entities/sugar_glider.json; evidence-am/decompiled-full/com/github/alexthe666/alexsmobs/entity/EntitySugarGlider.java,Não aplicável: uso direto ou nenhuma receita identificada na build
Sugar Glider,Alex’s Mobs Continued,Criatura TamableAnimal; comportamento definido na classe e herança citadas,BiomeConfig padrão: (minecraft:birch_forest) OU (minecraft:old_growth_birch_forest) OU (terralith:white_cliffs); grupos alternativos; entradas externas só se biomas existirem. Fonte: evidence-am/decompiled-full/com/github/alexthe666/alexsmobs/config/BiomeConfig.java → evidence-am/decompiled-full/com/github/alexthe666/alexsmobs/config/DefaultBiomes.java; configuração efetiva do servidor não confirmada.,Forrageamento vivo,alexsmobs:maggot,1,100ticks de forrageamento em folhas; fallback após sorteio raro<10% e muda<25% cumulativo. getForageLoot usa PIGLIN_BARTER com THIS_ENTITY; recompensas de folhas especiais precedem esta tabela.; pool1: 1 sorteio(s); reposição se múltiplos rolls; peso bruto 5/142; normaliza apenas entradas elegíveis,"Alimento registrado; nutrição 1; saturationModifier 0.2f; efeitos/consumo conforme registro original: MAGGOT = AMItemRegistry.regItem(""maggot"", () -> new Item(new Item.Properties().food(new FoodProperties.Builder().nutrition(1).saturationModifier(0.2f).build())));",Alta nos arquivos versionados; configurações/datapacks externos não confirmados,/images/bestiary/audited/am/sugar-glider.png,com/github/alexthe666/alexsmobs/client/model/ModelSugarGlider.class; com/github/alexthe666/alexsmobs/client/render/RenderSugarGlider.class; assets/alexsmobs/textures/entity/sugar_glider.png; com/github/alexthe666/alexsmobs/ClientProxy.class; com/github/alexthe666/alexsmobs/citadel/client/model/AdvancedEntityModel.class; com/github/alexthe666/alexsmobs/citadel/client/model/AdvancedModelBox.class; com/github/alexthe666/alexsmobs/entity/AMEntityRegistry.class; output-am/proveniencia.json,evidence-am/alexsmobs-2.1.14-neoforge+1.21.1.jar::data/alexsmobs/loot_table/gameplay/sugar_glider_reward.json; evidence-am/decompiled-full/com/github/alexthe666/alexsmobs/entity/EntitySugarGlider.java; evidence-am/decompiled-full/com/github/alexthe666/alexsmobs/item/AMItemRegistry.java; registros-usos-itens.json#alexsmobs:maggot,/bestiary/receitas/am.html#receita-mosquito-larva | [Receita mosquito_larva](lote-final-2026-10-06/am-cards-2026-10-06.md#receita-mosquito-larva) — data/alexsmobs/recipe/mosquito_larva.json
Sugar Glider,Alex’s Mobs Continued,Criatura TamableAnimal; comportamento definido na classe e herança citadas,BiomeConfig padrão: (minecraft:birch_forest) OU (minecraft:old_growth_birch_forest) OU (terralith:white_cliffs); grupos alternativos; entradas externas só se biomas existirem. Fonte: evidence-am/decompiled-full/com/github/alexthe666/alexsmobs/config/BiomeConfig.java → evidence-am/decompiled-full/com/github/alexthe666/alexsmobs/config/DefaultBiomes.java; configuração efetiva do servidor não confirmada.,Forrageamento vivo,minecraft:stick,1,100ticks de forrageamento em folhas; fallback após sorteio raro<10% e muda<25% cumulativo. getForageLoot usa PIGLIN_BARTER com THIS_ENTITY; recompensas de folhas especiais precedem esta tabela.; pool1: 1 sorteio(s); reposição se múltiplos rolls; peso bruto 45/142; normaliza apenas entradas elegíveis,"Ferramentas, tochas e diversos crafts",Alta nos arquivos versionados; configurações/datapacks externos não confirmados,/images/bestiary/audited/am/sugar-glider.png,com/github/alexthe666/alexsmobs/client/model/ModelSugarGlider.class; com/github/alexthe666/alexsmobs/client/render/RenderSugarGlider.class; assets/alexsmobs/textures/entity/sugar_glider.png; com/github/alexthe666/alexsmobs/ClientProxy.class; com/github/alexthe666/alexsmobs/citadel/client/model/AdvancedEntityModel.class; com/github/alexthe666/alexsmobs/citadel/client/model/AdvancedModelBox.class; com/github/alexthe666/alexsmobs/entity/AMEntityRegistry.class; output-am/proveniencia.json,evidence-am/alexsmobs-2.1.14-neoforge+1.21.1.jar::data/alexsmobs/loot_table/gameplay/sugar_glider_reward.json; evidence-am/decompiled-full/com/github/alexthe666/alexsmobs/entity/EntitySugarGlider.java,[Receitas vanilla1.21.1](lote-final-2026-10-06/receitas-vanilla.json)
Sugar Glider,Alex’s Mobs Continued,Criatura TamableAnimal; comportamento definido na classe e herança citadas,BiomeConfig padrão: (minecraft:birch_forest) OU (minecraft:old_growth_birch_forest) OU (terralith:white_cliffs); grupos alternativos; entradas externas só se biomas existirem. Fonte: evidence-am/decompiled-full/com/github/alexthe666/alexsmobs/config/BiomeConfig.java → evidence-am/decompiled-full/com/github/alexthe666/alexsmobs/config/DefaultBiomes.java; configuração efetiva do servidor não confirmada.,Forrageamento vivo,minecraft:hanging_roots,1,100ticks de forrageamento em folhas; fallback após sorteio raro<10% e muda<25% cumulativo. getForageLoot usa PIGLIN_BARTER com THIS_ENTITY; recompensas de folhas especiais precedem esta tabela.; pool1: 1 sorteio(s); reposição se múltiplos rolls; peso bruto 10/142; normaliza apenas entradas elegíveis,Bloco decorativo de raízes pendentes colocável,Alta no recurso/registro/classe citados; condições efetivas do pack não confirmadas,/images/bestiary/audited/am/sugar-glider.png,com/github/alexthe666/alexsmobs/client/model/ModelSugarGlider.class; com/github/alexthe666/alexsmobs/client/render/RenderSugarGlider.class; assets/alexsmobs/textures/entity/sugar_glider.png; com/github/alexthe666/alexsmobs/ClientProxy.class; com/github/alexthe666/alexsmobs/citadel/client/model/AdvancedEntityModel.class; com/github/alexthe666/alexsmobs/citadel/client/model/AdvancedModelBox.class; com/github/alexthe666/alexsmobs/entity/AMEntityRegistry.class; output-am/proveniencia.json,evidence-am/alexsmobs-2.1.14-neoforge+1.21.1.jar::data/alexsmobs/loot_table/gameplay/sugar_glider_reward.json; evidence-am/decompiled-full/com/github/alexthe666/alexsmobs/entity/EntitySugarGlider.java,[Receitas vanilla1.21.1](lote-final-2026-10-06/receitas-vanilla.json)
Sugar Glider,Alex’s Mobs Continued,Criatura TamableAnimal; comportamento definido na classe e herança citadas,BiomeConfig padrão: (minecraft:birch_forest) OU (minecraft:old_growth_birch_forest) OU (terralith:white_cliffs); grupos alternativos; entradas externas só se biomas existirem. Fonte: evidence-am/decompiled-full/com/github/alexthe666/alexsmobs/config/BiomeConfig.java → evidence-am/decompiled-full/com/github/alexthe666/alexsmobs/config/DefaultBiomes.java; configuração efetiva do servidor não confirmada.,Forrageamento vivo,minecraft:vine,1,100ticks de forrageamento em folhas; fallback após sorteio raro<10% e muda<25% cumulativo. getForageLoot usa PIGLIN_BARTER com THIS_ENTITY; recompensas de folhas especiais precedem esta tabela.; pool1: 1 sorteio(s); reposição se múltiplos rolls; peso bruto 3/142; normaliza apenas entradas elegíveis,"Ingrediente nas receitas auditadas: {'id': 'alexsmobs:vine_lasso', 'count': 1}",Alta nos arquivos versionados; configurações/datapacks externos não confirmados,/images/bestiary/audited/am/sugar-glider.png,com/github/alexthe666/alexsmobs/client/model/ModelSugarGlider.class; com/github/alexthe666/alexsmobs/client/render/RenderSugarGlider.class; assets/alexsmobs/textures/entity/sugar_glider.png; com/github/alexthe666/alexsmobs/ClientProxy.class; com/github/alexthe666/alexsmobs/citadel/client/model/AdvancedEntityModel.class; com/github/alexthe666/alexsmobs/citadel/client/model/AdvancedModelBox.class; com/github/alexthe666/alexsmobs/entity/AMEntityRegistry.class; output-am/proveniencia.json,evidence-am/alexsmobs-2.1.14-neoforge+1.21.1.jar::data/alexsmobs/loot_table/gameplay/sugar_glider_reward.json; evidence-am/decompiled-full/com/github/alexthe666/alexsmobs/entity/EntitySugarGlider.java,/bestiary/receitas/am.html#receita-vine-lasso | [Receita vine_lasso](lote-final-2026-10-06/am-cards-2026-10-06.md#receita-vine-lasso) — data/alexsmobs/recipe/vine_lasso.json
Sugar Glider,Alex’s Mobs Continued,Criatura TamableAnimal; comportamento definido na classe e herança citadas,BiomeConfig padrão: (minecraft:birch_forest) OU (minecraft:old_growth_birch_forest) OU (terralith:white_cliffs); grupos alternativos; entradas externas só se biomas existirem. Fonte: evidence-am/decompiled-full/com/github/alexthe666/alexsmobs/config/BiomeConfig.java → evidence-am/decompiled-full/com/github/alexthe666/alexsmobs/config/DefaultBiomes.java; configuração efetiva do servidor não confirmada.,Forrageamento vivo,minecraft:wheat_seeds,1,100ticks de forrageamento em folhas; fallback após sorteio raro<10% e muda<25% cumulativo. getForageLoot usa PIGLIN_BARTER com THIS_ENTITY; recompensas de folhas especiais precedem esta tabela.; pool1: 1 sorteio(s); reposição se múltiplos rolls; peso bruto 7/142; normaliza apenas entradas elegíveis,Plantar trigo; alimentar/reproduzir galinhas e compostagem,Alta no recurso/registro/classe citados; condições efetivas do pack não confirmadas,/images/bestiary/audited/am/sugar-glider.png,com/github/alexthe666/alexsmobs/client/model/ModelSugarGlider.class; com/github/alexthe666/alexsmobs/client/render/RenderSugarGlider.class; assets/alexsmobs/textures/entity/sugar_glider.png; com/github/alexthe666/alexsmobs/ClientProxy.class; com/github/alexthe666/alexsmobs/citadel/client/model/AdvancedEntityModel.class; com/github/alexthe666/alexsmobs/citadel/client/model/AdvancedModelBox.class; com/github/alexthe666/alexsmobs/entity/AMEntityRegistry.class; output-am/proveniencia.json,evidence-am/alexsmobs-2.1.14-neoforge+1.21.1.jar::data/alexsmobs/loot_table/gameplay/sugar_glider_reward.json; evidence-am/decompiled-full/com/github/alexthe666/alexsmobs/entity/EntitySugarGlider.java,[Receitas vanilla1.21.1](lote-final-2026-10-06/receitas-vanilla.json)
Sugar Glider,Alex’s Mobs Continued,Criatura TamableAnimal; comportamento definido na classe e herança citadas,BiomeConfig padrão: (minecraft:birch_forest) OU (minecraft:old_growth_birch_forest) OU (terralith:white_cliffs); grupos alternativos; entradas externas só se biomas existirem. Fonte: evidence-am/decompiled-full/com/github/alexthe666/alexsmobs/config/BiomeConfig.java → evidence-am/decompiled-full/com/github/alexthe666/alexsmobs/config/DefaultBiomes.java; configuração efetiva do servidor não confirmada.,Forrageamento vivo,minecraft:fern,1,100ticks de forrageamento em folhas; fallback após sorteio raro<10% e muda<25% cumulativo. getForageLoot usa PIGLIN_BARTER com THIS_ENTITY; recompensas de folhas especiais precedem esta tabela.; pool1: 1 sorteio(s); reposição se múltiplos rolls; peso bruto 2/142; normaliza apenas entradas elegíveis,Planta decorativa colocável; reprodução com farinha de osso e compostagem,Alta no recurso/registro/classe citados; condições efetivas do pack não confirmadas,/images/bestiary/audited/am/sugar-glider.png,com/github/alexthe666/alexsmobs/client/model/ModelSugarGlider.class; com/github/alexthe666/alexsmobs/client/render/RenderSugarGlider.class; assets/alexsmobs/textures/entity/sugar_glider.png; com/github/alexthe666/alexsmobs/ClientProxy.class; com/github/alexthe666/alexsmobs/citadel/client/model/AdvancedEntityModel.class; com/github/alexthe666/alexsmobs/citadel/client/model/AdvancedModelBox.class; com/github/alexthe666/alexsmobs/entity/AMEntityRegistry.class; output-am/proveniencia.json,evidence-am/alexsmobs-2.1.14-neoforge+1.21.1.jar::data/alexsmobs/loot_table/gameplay/sugar_glider_reward.json; evidence-am/decompiled-full/com/github/alexthe666/alexsmobs/entity/EntitySugarGlider.java,[Receitas vanilla1.21.1](lote-final-2026-10-06/receitas-vanilla.json)
Sugar Glider,Alex’s Mobs Continued,Criatura TamableAnimal; comportamento definido na classe e herança citadas,BiomeConfig padrão: (minecraft:birch_forest) OU (minecraft:old_growth_birch_forest) OU (terralith:white_cliffs); grupos alternativos; entradas externas só se biomas existirem. Fonte: evidence-am/decompiled-full/com/github/alexthe666/alexsmobs/config/BiomeConfig.java → evidence-am/decompiled-full/com/github/alexthe666/alexsmobs/config/DefaultBiomes.java; configuração efetiva do servidor não confirmada.,Forrageamento vivo,minecraft:moss_carpet,1,100ticks de forrageamento em folhas; fallback após sorteio raro<10% e muda<25% cumulativo. getForageLoot usa PIGLIN_BARTER com THIS_ENTITY; recompensas de folhas especiais precedem esta tabela.; pool1: 1 sorteio(s); reposição se múltiplos rolls; peso bruto 4/142; normaliza apenas entradas elegíveis,Bloco decorativo de tapete de musgo colocável,Alta no recurso/registro/classe citados; condições efetivas do pack não confirmadas,/images/bestiary/audited/am/sugar-glider.png,com/github/alexthe666/alexsmobs/client/model/ModelSugarGlider.class; com/github/alexthe666/alexsmobs/client/render/RenderSugarGlider.class; assets/alexsmobs/textures/entity/sugar_glider.png; com/github/alexthe666/alexsmobs/ClientProxy.class; com/github/alexthe666/alexsmobs/citadel/client/model/AdvancedEntityModel.class; com/github/alexthe666/alexsmobs/citadel/client/model/AdvancedModelBox.class; com/github/alexthe666/alexsmobs/entity/AMEntityRegistry.class; output-am/proveniencia.json,evidence-am/alexsmobs-2.1.14-neoforge+1.21.1.jar::data/alexsmobs/loot_table/gameplay/sugar_glider_reward.json; evidence-am/decompiled-full/com/github/alexthe666/alexsmobs/entity/EntitySugarGlider.java,[Receitas vanilla1.21.1](lote-final-2026-10-06/receitas-vanilla.json)
Sugar Glider,Alex’s Mobs Continued,Criatura TamableAnimal; comportamento definido na classe e herança citadas,BiomeConfig padrão: (minecraft:birch_forest) OU (minecraft:old_growth_birch_forest) OU (terralith:white_cliffs); grupos alternativos; entradas externas só se biomas existirem. Fonte: evidence-am/decompiled-full/com/github/alexthe666/alexsmobs/config/BiomeConfig.java → evidence-am/decompiled-full/com/github/alexthe666/alexsmobs/config/DefaultBiomes.java; configuração efetiva do servidor não confirmada.,Forrageamento vivo,minecraft:feather,1,100ticks de forrageamento em folhas; fallback após sorteio raro<10% e muda<25% cumulativo. getForageLoot usa PIGLIN_BARTER com THIS_ENTITY; recompensas de folhas especiais precedem esta tabela.; pool1: 1 sorteio(s); reposição se múltiplos rolls; peso bruto 10/142; normaliza apenas entradas elegíveis,Flechas; livro e pena,Alta nos arquivos versionados; configurações/datapacks externos não confirmados,/images/bestiary/audited/am/sugar-glider.png,com/github/alexthe666/alexsmobs/client/model/ModelSugarGlider.class; com/github/alexthe666/alexsmobs/client/render/RenderSugarGlider.class; assets/alexsmobs/textures/entity/sugar_glider.png; com/github/alexthe666/alexsmobs/ClientProxy.class; com/github/alexthe666/alexsmobs/citadel/client/model/AdvancedEntityModel.class; com/github/alexthe666/alexsmobs/citadel/client/model/AdvancedModelBox.class; com/github/alexthe666/alexsmobs/entity/AMEntityRegistry.class; output-am/proveniencia.json,evidence-am/alexsmobs-2.1.14-neoforge+1.21.1.jar::data/alexsmobs/loot_table/gameplay/sugar_glider_reward.json; evidence-am/decompiled-full/com/github/alexthe666/alexsmobs/entity/EntitySugarGlider.java,[Receitas vanilla1.21.1](lote-final-2026-10-06/receitas-vanilla.json)
Sugar Glider,Alex’s Mobs Continued,Criatura TamableAnimal; comportamento definido na classe e herança citadas,BiomeConfig padrão: (minecraft:birch_forest) OU (minecraft:old_growth_birch_forest) OU (terralith:white_cliffs); grupos alternativos; entradas externas só se biomas existirem. Fonte: evidence-am/decompiled-full/com/github/alexthe666/alexsmobs/config/BiomeConfig.java → evidence-am/decompiled-full/com/github/alexthe666/alexsmobs/config/DefaultBiomes.java; configuração efetiva do servidor não confirmada.,Forrageamento vivo,minecraft:arrow,1,100ticks de forrageamento em folhas; fallback após sorteio raro<10% e muda<25% cumulativo. getForageLoot usa PIGLIN_BARTER com THIS_ENTITY; recompensas de folhas especiais precedem esta tabela.; pool1: 1 sorteio(s); reposição se múltiplos rolls; peso bruto 7/142; normaliza apenas entradas elegíveis,"Ingrediente nas receitas vanilla1.21.1: {'count': 2, 'id': 'minecraft:spectral_arrow'}",Alta nos arquivos versionados; configurações/datapacks externos não confirmados,/images/bestiary/audited/am/sugar-glider.png,com/github/alexthe666/alexsmobs/client/model/ModelSugarGlider.class; com/github/alexthe666/alexsmobs/client/render/RenderSugarGlider.class; assets/alexsmobs/textures/entity/sugar_glider.png; com/github/alexthe666/alexsmobs/ClientProxy.class; com/github/alexthe666/alexsmobs/citadel/client/model/AdvancedEntityModel.class; com/github/alexthe666/alexsmobs/citadel/client/model/AdvancedModelBox.class; com/github/alexthe666/alexsmobs/entity/AMEntityRegistry.class; output-am/proveniencia.json,evidence-am/alexsmobs-2.1.14-neoforge+1.21.1.jar::data/alexsmobs/loot_table/gameplay/sugar_glider_reward.json; evidence-am/decompiled-full/com/github/alexthe666/alexsmobs/entity/EntitySugarGlider.java,[Receitas vanilla1.21.1](lote-final-2026-10-06/receitas-vanilla.json)
Sugar Glider,Alex’s Mobs Continued,Criatura TamableAnimal; comportamento definido na classe e herança citadas,BiomeConfig padrão: (minecraft:birch_forest) OU (minecraft:old_growth_birch_forest) OU (terralith:white_cliffs); grupos alternativos; entradas externas só se biomas existirem. Fonte: evidence-am/decompiled-full/com/github/alexthe666/alexsmobs/config/BiomeConfig.java → evidence-am/decompiled-full/com/github/alexthe666/alexsmobs/config/DefaultBiomes.java; configuração efetiva do servidor não confirmada.,Forrageamento vivo,minecraft:sweet_berries,1,100ticks de forrageamento em folhas; fallback após sorteio raro<10% e muda<25% cumulativo. getForageLoot usa PIGLIN_BARTER com THIS_ENTITY; recompensas de folhas especiais precedem esta tabela.; pool1: 1 sorteio(s); reposição se múltiplos rolls; peso bruto 10/142; normaliza apenas entradas elegíveis,Alimento e plantio de Sweet Berry Bush; reprodução de raposas,Alta no recurso/registro/classe citados; condições efetivas do pack não confirmadas,/images/bestiary/audited/am/sugar-glider.png,com/github/alexthe666/alexsmobs/client/model/ModelSugarGlider.class; com/github/alexthe666/alexsmobs/client/render/RenderSugarGlider.class; assets/alexsmobs/textures/entity/sugar_glider.png; com/github/alexthe666/alexsmobs/ClientProxy.class; com/github/alexthe666/alexsmobs/citadel/client/model/AdvancedEntityModel.class; com/github/alexthe666/alexsmobs/citadel/client/model/AdvancedModelBox.class; com/github/alexthe666/alexsmobs/entity/AMEntityRegistry.class; output-am/proveniencia.json,evidence-am/alexsmobs-2.1.14-neoforge+1.21.1.jar::data/alexsmobs/loot_table/gameplay/sugar_glider_reward.json; evidence-am/decompiled-full/com/github/alexthe666/alexsmobs/entity/EntitySugarGlider.java,[Receitas vanilla1.21.1](lote-final-2026-10-06/receitas-vanilla.json)
Sugar Glider,Alex’s Mobs Continued,Criatura TamableAnimal; comportamento definido na classe e herança citadas,BiomeConfig padrão: (minecraft:birch_forest) OU (minecraft:old_growth_birch_forest) OU (terralith:white_cliffs); grupos alternativos; entradas externas só se biomas existirem. Fonte: evidence-am/decompiled-full/com/github/alexthe666/alexsmobs/config/BiomeConfig.java → evidence-am/decompiled-full/com/github/alexthe666/alexsmobs/config/DefaultBiomes.java; configuração efetiva do servidor não confirmada.,Forrageamento vivo,minecraft:egg,1,100ticks de forrageamento em folhas; fallback após sorteio raro<10% e muda<25% cumulativo. getForageLoot usa PIGLIN_BARTER com THIS_ENTITY; recompensas de folhas especiais precedem esta tabela.; pool1: 1 sorteio(s); reposição se múltiplos rolls; peso bruto 10/142; normaliza apenas entradas elegíveis,"Ingrediente nas receitas vanilla1.21.1: {'count': 1, 'id': 'minecraft:cake'}, {'count': 1, 'id': 'minecraft:pumpkin_pie'}",Alta nos arquivos versionados; configurações/datapacks externos não confirmados,/images/bestiary/audited/am/sugar-glider.png,com/github/alexthe666/alexsmobs/client/model/ModelSugarGlider.class; com/github/alexthe666/alexsmobs/client/render/RenderSugarGlider.class; assets/alexsmobs/textures/entity/sugar_glider.png; com/github/alexthe666/alexsmobs/ClientProxy.class; com/github/alexthe666/alexsmobs/citadel/client/model/AdvancedEntityModel.class; com/github/alexthe666/alexsmobs/citadel/client/model/AdvancedModelBox.class; com/github/alexthe666/alexsmobs/entity/AMEntityRegistry.class; output-am/proveniencia.json,evidence-am/alexsmobs-2.1.14-neoforge+1.21.1.jar::data/alexsmobs/loot_table/gameplay/sugar_glider_reward.json; evidence-am/decompiled-full/com/github/alexthe666/alexsmobs/entity/EntitySugarGlider.java,[Receitas vanilla1.21.1](lote-final-2026-10-06/receitas-vanilla.json)
Sugar Glider,Alex’s Mobs Continued,Criatura TamableAnimal; comportamento definido na classe e herança citadas,BiomeConfig padrão: (minecraft:birch_forest) OU (minecraft:old_growth_birch_forest) OU (terralith:white_cliffs); grupos alternativos; entradas externas só se biomas existirem. Fonte: evidence-am/decompiled-full/com/github/alexthe666/alexsmobs/config/BiomeConfig.java → evidence-am/decompiled-full/com/github/alexthe666/alexsmobs/config/DefaultBiomes.java; configuração efetiva do servidor não confirmada.,Forrageamento vivo,alexsmobs:bear_fur,1,100ticks de forrageamento em folhas; fallback após sorteio raro<10% e muda<25% cumulativo. getForageLoot usa PIGLIN_BARTER com THIS_ENTITY; recompensas de folhas especiais precedem esta tabela.; pool1: 1 sorteio(s); reposição se múltiplos rolls; peso bruto 2/142; normaliza apenas entradas elegíveis,"Ingrediente nas receitas auditadas: {'id': 'alexsmobs:animal_dictionary'}, {'id': 'alexsmobs:banner_pattern_bear'}, {'id': 'alexsmobs:falconry_glove', 'count': 1}, {'id': 'alexsmobs:frontier_cap', 'count': 1}, {'id': 'alexsmobs:frontier_cap', 'count': 1}",Alta nos arquivos versionados; configurações/datapacks externos não confirmados,/images/bestiary/audited/am/sugar-glider.png,com/github/alexthe666/alexsmobs/client/model/ModelSugarGlider.class; com/github/alexthe666/alexsmobs/client/render/RenderSugarGlider.class; assets/alexsmobs/textures/entity/sugar_glider.png; com/github/alexthe666/alexsmobs/ClientProxy.class; com/github/alexthe666/alexsmobs/citadel/client/model/AdvancedEntityModel.class; com/github/alexthe666/alexsmobs/citadel/client/model/AdvancedModelBox.class; com/github/alexthe666/alexsmobs/entity/AMEntityRegistry.class; output-am/proveniencia.json,evidence-am/alexsmobs-2.1.14-neoforge+1.21.1.jar::data/alexsmobs/loot_table/gameplay/sugar_glider_reward.json; evidence-am/decompiled-full/com/github/alexthe666/alexsmobs/entity/EntitySugarGlider.java; evidence-am/decompiled-full/com/github/alexthe666/alexsmobs/item/AMItemRegistry.java; registros-usos-itens.json#alexsmobs:bear_fur,/bestiary/receitas/am.html#receita-animal-dictionary | [Receita animal_dictionary](lote-final-2026-10-06/am-cards-2026-10-06.md#receita-animal-dictionary) — data/alexsmobs/recipe/animal_dictionary.json; [Receita banner_pattern_bear](lote-final-2026-10-06/am-cards-2026-10-06.md#receita-banner-pattern-bear) — data/alexsmobs/recipe/banner_pattern_bear.json; [Receita falconry_glove](lote-final-2026-10-06/am-cards-2026-10-06.md#receita-falconry-glove) — data/alexsmobs/recipe/falconry_glove.json; [Receita frontier_cap](lote-final-2026-10-06/am-cards-2026-10-06.md#receita-frontier-cap) — data/alexsmobs/recipe/frontier_cap.json; [Receita frontier_cap_alt](lote-final-2026-10-06/am-cards-2026-10-06.md#receita-frontier-cap-alt) — data/alexsmobs/recipe/frontier_cap_alt.json
Sugar Glider,Alex’s Mobs Continued,Criatura TamableAnimal; comportamento definido na classe e herança citadas,BiomeConfig padrão: (minecraft:birch_forest) OU (minecraft:old_growth_birch_forest) OU (terralith:white_cliffs); grupos alternativos; entradas externas só se biomas existirem. Fonte: evidence-am/decompiled-full/com/github/alexthe666/alexsmobs/config/BiomeConfig.java → evidence-am/decompiled-full/com/github/alexthe666/alexsmobs/config/DefaultBiomes.java; configuração efetiva do servidor não confirmada.,Forrageamento vivo,minecraft:glow_berries,1,100ticks de forrageamento em folhas; fallback após sorteio raro<10% e muda<25% cumulativo. getForageLoot usa PIGLIN_BARTER com THIS_ENTITY; recompensas de folhas especiais precedem esta tabela.; pool1: 1 sorteio(s); reposição se múltiplos rolls; peso bruto 3/142; normaliza apenas entradas elegíveis,Alimento e cultivo de Cave Vines luminosas,Alta no recurso/registro/classe citados; condições efetivas do pack não confirmadas,/images/bestiary/audited/am/sugar-glider.png,com/github/alexthe666/alexsmobs/client/model/ModelSugarGlider.class; com/github/alexthe666/alexsmobs/client/render/RenderSugarGlider.class; assets/alexsmobs/textures/entity/sugar_glider.png; com/github/alexthe666/alexsmobs/ClientProxy.class; com/github/alexthe666/alexsmobs/citadel/client/model/AdvancedEntityModel.class; com/github/alexthe666/alexsmobs/citadel/client/model/AdvancedModelBox.class; com/github/alexthe666/alexsmobs/entity/AMEntityRegistry.class; output-am/proveniencia.json,evidence-am/alexsmobs-2.1.14-neoforge+1.21.1.jar::data/alexsmobs/loot_table/gameplay/sugar_glider_reward.json; evidence-am/decompiled-full/com/github/alexthe666/alexsmobs/entity/EntitySugarGlider.java,[Receitas vanilla1.21.1](lote-final-2026-10-06/receitas-vanilla.json)
Sugar Glider,Alex’s Mobs Continued,Criatura TamableAnimal; comportamento definido na classe e herança citadas,BiomeConfig padrão: (minecraft:birch_forest) OU (minecraft:old_growth_birch_forest) OU (terralith:white_cliffs); grupos alternativos; entradas externas só se biomas existirem. Fonte: evidence-am/decompiled-full/com/github/alexthe666/alexsmobs/config/BiomeConfig.java → evidence-am/decompiled-full/com/github/alexthe666/alexsmobs/config/DefaultBiomes.java; configuração efetiva do servidor não confirmada.,Forrageamento vivo,alexsmobs:cockroach_wing,1,100ticks de forrageamento em folhas; fallback após sorteio raro<10% e muda<25% cumulativo. getForageLoot usa PIGLIN_BARTER com THIS_ENTITY; recompensas de folhas especiais precedem esta tabela.; pool1: 1 sorteio(s); reposição se múltiplos rolls; peso bruto 3/142; normaliza apenas entradas elegíveis,Ingrediente nas receitas auditadas: {'id': 'alexsmobs:animal_dictionary'},Alta nos arquivos versionados; configurações/datapacks externos não confirmados,/images/bestiary/audited/am/sugar-glider.png,com/github/alexthe666/alexsmobs/client/model/ModelSugarGlider.class; com/github/alexthe666/alexsmobs/client/render/RenderSugarGlider.class; assets/alexsmobs/textures/entity/sugar_glider.png; com/github/alexthe666/alexsmobs/ClientProxy.class; com/github/alexthe666/alexsmobs/citadel/client/model/AdvancedEntityModel.class; com/github/alexthe666/alexsmobs/citadel/client/model/AdvancedModelBox.class; com/github/alexthe666/alexsmobs/entity/AMEntityRegistry.class; output-am/proveniencia.json,evidence-am/alexsmobs-2.1.14-neoforge+1.21.1.jar::data/alexsmobs/loot_table/gameplay/sugar_glider_reward.json; evidence-am/decompiled-full/com/github/alexthe666/alexsmobs/entity/EntitySugarGlider.java; evidence-am/decompiled-full/com/github/alexthe666/alexsmobs/item/AMItemRegistry.java; registros-usos-itens.json#alexsmobs:cockroach_wing,/bestiary/receitas/am.html#receita-animal-dictionary | [Receita animal_dictionary](lote-final-2026-10-06/am-cards-2026-10-06.md#receita-animal-dictionary) — data/alexsmobs/recipe/animal_dictionary.json
Sugar Glider,Alex’s Mobs Continued,Criatura TamableAnimal; comportamento definido na classe e herança citadas,BiomeConfig padrão: (minecraft:birch_forest) OU (minecraft:old_growth_birch_forest) OU (terralith:white_cliffs); grupos alternativos; entradas externas só se biomas existirem. Fonte: evidence-am/decompiled-full/com/github/alexthe666/alexsmobs/config/BiomeConfig.java → evidence-am/decompiled-full/com/github/alexthe666/alexsmobs/config/DefaultBiomes.java; configuração efetiva do servidor não confirmada.,Forrageamento vivo,alexsmobs:moose_antler,1,100ticks de forrageamento em folhas; fallback após sorteio raro<10% e muda<25% cumulativo. getForageLoot usa PIGLIN_BARTER com THIS_ENTITY; recompensas de folhas especiais precedem esta tabela.; pool1: 1 sorteio(s); reposição se múltiplos rolls; peso bruto 1/142; normaliza apenas entradas elegíveis,"Ingrediente nas receitas auditadas: {'id': 'alexsmobs:animal_dictionary'}, {'id': 'alexsmobs:moose_headgear', 'count': 1}",Alta nos arquivos versionados; configurações/datapacks externos não confirmados,/images/bestiary/audited/am/sugar-glider.png,com/github/alexthe666/alexsmobs/client/model/ModelSugarGlider.class; com/github/alexthe666/alexsmobs/client/render/RenderSugarGlider.class; assets/alexsmobs/textures/entity/sugar_glider.png; com/github/alexthe666/alexsmobs/ClientProxy.class; com/github/alexthe666/alexsmobs/citadel/client/model/AdvancedEntityModel.class; com/github/alexthe666/alexsmobs/citadel/client/model/AdvancedModelBox.class; com/github/alexthe666/alexsmobs/entity/AMEntityRegistry.class; output-am/proveniencia.json,evidence-am/alexsmobs-2.1.14-neoforge+1.21.1.jar::data/alexsmobs/loot_table/gameplay/sugar_glider_reward.json; evidence-am/decompiled-full/com/github/alexthe666/alexsmobs/entity/EntitySugarGlider.java; evidence-am/decompiled-full/com/github/alexthe666/alexsmobs/item/AMItemRegistry.java; registros-usos-itens.json#alexsmobs:moose_antler,/bestiary/receitas/am.html#receita-animal-dictionary | [Receita animal_dictionary](lote-final-2026-10-06/am-cards-2026-10-06.md#receita-animal-dictionary) — data/alexsmobs/recipe/animal_dictionary.json; [Receita moose_headgear](lote-final-2026-10-06/am-cards-2026-10-06.md#receita-moose-headgear) — data/alexsmobs/recipe/moose_headgear.json
Sugar Glider,Alex’s Mobs Continued,Criatura TamableAnimal; comportamento definido na classe e herança citadas,BiomeConfig padrão: (minecraft:birch_forest) OU (minecraft:old_growth_birch_forest) OU (terralith:white_cliffs); grupos alternativos; entradas externas só se biomas existirem. Fonte: evidence-am/decompiled-full/com/github/alexthe666/alexsmobs/config/BiomeConfig.java → evidence-am/decompiled-full/com/github/alexthe666/alexsmobs/config/DefaultBiomes.java; configuração efetiva do servidor não confirmada.,Forrageamento vivo,alexsmobs:cockroach_ootheca,1,100ticks de forrageamento em folhas; fallback após sorteio raro<10% e muda<25% cumulativo. getForageLoot usa PIGLIN_BARTER com THIS_ENTITY; recompensas de folhas especiais precedem esta tabela.; pool1: 1 sorteio(s); reposição se múltiplos rolls; peso bruto 3/142; normaliza apenas entradas elegíveis,Ooteca arremessável que pode gerar Cockroaches; ItemCockroachOotheca/projétil,Alta nos arquivos versionados; configurações/datapacks externos não confirmados,/images/bestiary/audited/am/sugar-glider.png,com/github/alexthe666/alexsmobs/client/model/ModelSugarGlider.class; com/github/alexthe666/alexsmobs/client/render/RenderSugarGlider.class; assets/alexsmobs/textures/entity/sugar_glider.png; com/github/alexthe666/alexsmobs/ClientProxy.class; com/github/alexthe666/alexsmobs/citadel/client/model/AdvancedEntityModel.class; com/github/alexthe666/alexsmobs/citadel/client/model/AdvancedModelBox.class; com/github/alexthe666/alexsmobs/entity/AMEntityRegistry.class; output-am/proveniencia.json,evidence-am/alexsmobs-2.1.14-neoforge+1.21.1.jar::data/alexsmobs/loot_table/gameplay/sugar_glider_reward.json; evidence-am/decompiled-full/com/github/alexthe666/alexsmobs/entity/EntitySugarGlider.java; evidence-am/decompiled-full/com/github/alexthe666/alexsmobs/item/AMItemRegistry.java; registros-usos-itens.json#alexsmobs:cockroach_ootheca,Não aplicável: uso direto ou nenhuma receita identificada na build
Sugar Glider,Alex’s Mobs Continued,Criatura TamableAnimal; comportamento definido na classe e herança citadas,BiomeConfig padrão: (minecraft:birch_forest) OU (minecraft:old_growth_birch_forest) OU (terralith:white_cliffs); grupos alternativos; entradas externas só se biomas existirem. Fonte: evidence-am/decompiled-full/com/github/alexthe666/alexsmobs/config/BiomeConfig.java → evidence-am/decompiled-full/com/github/alexthe666/alexsmobs/config/DefaultBiomes.java; configuração efetiva do servidor não confirmada.,Forrageamento vivo,minecraft:cobweb,1,100ticks de forrageamento em folhas; fallback após sorteio raro<10% e muda<25% cumulativo. getForageLoot usa PIGLIN_BARTER com THIS_ENTITY; recompensas de folhas especiais precedem esta tabela.; pool1: 1 sorteio(s); reposição se múltiplos rolls; peso bruto 9/142; normaliza apenas entradas elegíveis,"Bloco de teia: construção, retarda movimento; coleta/processamento para String conforme ferramentas vanilla",Alta no recurso/registro/classe citados; condições efetivas do pack não confirmadas,/images/bestiary/audited/am/sugar-glider.png,com/github/alexthe666/alexsmobs/client/model/ModelSugarGlider.class; com/github/alexthe666/alexsmobs/client/render/RenderSugarGlider.class; assets/alexsmobs/textures/entity/sugar_glider.png; com/github/alexthe666/alexsmobs/ClientProxy.class; com/github/alexthe666/alexsmobs/citadel/client/model/AdvancedEntityModel.class; com/github/alexthe666/alexsmobs/citadel/client/model/AdvancedModelBox.class; com/github/alexthe666/alexsmobs/entity/AMEntityRegistry.class; output-am/proveniencia.json,evidence-am/alexsmobs-2.1.14-neoforge+1.21.1.jar::data/alexsmobs/loot_table/gameplay/sugar_glider_reward.json; evidence-am/decompiled-full/com/github/alexthe666/alexsmobs/entity/EntitySugarGlider.java,[Receitas vanilla1.21.1](lote-final-2026-10-06/receitas-vanilla.json)
Sugar Glider,Alex’s Mobs Continued,Criatura TamableAnimal; comportamento definido na classe e herança citadas,BiomeConfig padrão: (minecraft:birch_forest) OU (minecraft:old_growth_birch_forest) OU (terralith:white_cliffs); grupos alternativos; entradas externas só se biomas existirem. Fonte: evidence-am/decompiled-full/com/github/alexthe666/alexsmobs/config/BiomeConfig.java → evidence-am/decompiled-full/com/github/alexthe666/alexsmobs/config/DefaultBiomes.java; configuração efetiva do servidor não confirmada.,Forrageamento vivo,minecraft:bamboo,1,100ticks de forrageamento em folhas; fallback após sorteio raro<10% e muda<25% cumulativo. getForageLoot usa PIGLIN_BARTER com THIS_ENTITY; recompensas de folhas especiais precedem esta tabela.; pool1: 1 sorteio(s); reposição se múltiplos rolls; peso bruto 5/142; normaliza apenas entradas elegíveis,"Ingrediente nas receitas vanilla1.21.1: {'count': 1, 'id': 'minecraft:bamboo_block'}, {'count': 6, 'id': 'minecraft:scaffolding'}, {'count': 1, 'id': 'minecraft:stick'}",Alta nos arquivos versionados; configurações/datapacks externos não confirmados,/images/bestiary/audited/am/sugar-glider.png,com/github/alexthe666/alexsmobs/client/model/ModelSugarGlider.class; com/github/alexthe666/alexsmobs/client/render/RenderSugarGlider.class; assets/alexsmobs/textures/entity/sugar_glider.png; com/github/alexthe666/alexsmobs/ClientProxy.class; com/github/alexthe666/alexsmobs/citadel/client/model/AdvancedEntityModel.class; com/github/alexthe666/alexsmobs/citadel/client/model/AdvancedModelBox.class; com/github/alexthe666/alexsmobs/entity/AMEntityRegistry.class; output-am/proveniencia.json,evidence-am/alexsmobs-2.1.14-neoforge+1.21.1.jar::data/alexsmobs/loot_table/gameplay/sugar_glider_reward.json; evidence-am/decompiled-full/com/github/alexthe666/alexsmobs/entity/EntitySugarGlider.java,[Receitas vanilla1.21.1](lote-final-2026-10-06/receitas-vanilla.json)
Sugar Glider,Alex’s Mobs Continued,Criatura TamableAnimal; comportamento definido na classe e herança citadas,BiomeConfig padrão: (minecraft:birch_forest) OU (minecraft:old_growth_birch_forest) OU (terralith:white_cliffs); grupos alternativos; entradas externas só se biomas existirem. Fonte: evidence-am/decompiled-full/com/github/alexthe666/alexsmobs/config/BiomeConfig.java → evidence-am/decompiled-full/com/github/alexthe666/alexsmobs/config/DefaultBiomes.java; configuração efetiva do servidor não confirmada.,Forrageamento vivo,minecraft:honeycomb,1,100ticks de forrageamento em folhas; fallback após sorteio raro<10% e muda<25% cumulativo. getForageLoot usa PIGLIN_BARTER com THIS_ENTITY; recompensas de folhas especiais precedem esta tabela.; pool1: 1 sorteio(s); reposição se múltiplos rolls; peso bruto 3/142; normaliza apenas entradas elegíveis,"Ingrediente nas receitas vanilla1.21.1: {'count': 1, 'id': 'minecraft:beehive'}, {'count': 1, 'id': 'minecraft:candle'}, {'count': 1, 'id': 'minecraft:honeycomb_block'}, {'count': 1, 'id': 'minecraft:waxed_chiseled_copper'}, {'count': 1, 'id': 'minecraft:waxed_copper_block'}, {'count': 1, 'id': 'minecraft:waxed_copper_bulb'}, {'count': 1, 'id': 'minecraft:waxed_copper_door'}, {'count': 1, 'id': 'minecraft:waxed_copper_grate'}, {'count': 1, 'id': 'minecraft:waxed_copper_trapdoor'}, {'count': 1, 'id': 'minecraft:waxed_cut_copper'}, {'count': 1, 'id': 'minecraft:waxed_cut_copper_slab'}, {'count': 1, 'id': 'minecraft:waxed_cut_copper_stairs'}, {'count': 1, 'id': 'minecraft:waxed_exposed_chiseled_copper'}, {'count': 1, 'id': 'minecraft:waxed_exposed_copper_bulb'}, {'count': 1, 'id': 'minecraft:waxed_exposed_copper_door'}",Alta nos arquivos versionados; configurações/datapacks externos não confirmados,/images/bestiary/audited/am/sugar-glider.png,com/github/alexthe666/alexsmobs/client/model/ModelSugarGlider.class; com/github/alexthe666/alexsmobs/client/render/RenderSugarGlider.class; assets/alexsmobs/textures/entity/sugar_glider.png; com/github/alexthe666/alexsmobs/ClientProxy.class; com/github/alexthe666/alexsmobs/citadel/client/model/AdvancedEntityModel.class; com/github/alexthe666/alexsmobs/citadel/client/model/AdvancedModelBox.class; com/github/alexthe666/alexsmobs/entity/AMEntityRegistry.class; output-am/proveniencia.json,evidence-am/alexsmobs-2.1.14-neoforge+1.21.1.jar::data/alexsmobs/loot_table/gameplay/sugar_glider_reward.json; evidence-am/decompiled-full/com/github/alexthe666/alexsmobs/entity/EntitySugarGlider.java,[Receitas vanilla1.21.1](lote-final-2026-10-06/receitas-vanilla.json)
Sugar Glider,Alex’s Mobs Continued,Criatura TamableAnimal; comportamento definido na classe e herança citadas,BiomeConfig padrão: (minecraft:birch_forest) OU (minecraft:old_growth_birch_forest) OU (terralith:white_cliffs); grupos alternativos; entradas externas só se biomas existirem. Fonte: evidence-am/decompiled-full/com/github/alexthe666/alexsmobs/config/BiomeConfig.java → evidence-am/decompiled-full/com/github/alexthe666/alexsmobs/config/DefaultBiomes.java; configuração efetiva do servidor não confirmada.,Forrageamento especial por folha,Muda/raridade mapeada à folha,1,getForageLoot: rng<0.1 se LEAF_TO_RARES existe; caso contrário rng<0.25 se LEAF_TO_SAPLING existe. Mapas exatos na classe; fallback é sugar_glider_reward.,"Cultivo/uso do item correspondente; identidade variável conforme folha, mapa preservado na fonte",Alta nos arquivos versionados; configurações/datapacks externos não confirmados,/images/bestiary/audited/am/sugar-glider.png,com/github/alexthe666/alexsmobs/client/model/ModelSugarGlider.class; com/github/alexthe666/alexsmobs/client/render/RenderSugarGlider.class; assets/alexsmobs/textures/entity/sugar_glider.png; com/github/alexthe666/alexsmobs/ClientProxy.class; com/github/alexthe666/alexsmobs/citadel/client/model/AdvancedEntityModel.class; com/github/alexthe666/alexsmobs/citadel/client/model/AdvancedModelBox.class; com/github/alexthe666/alexsmobs/entity/AMEntityRegistry.class; output-am/proveniencia.json,/workspace/scratch/25006bff7ab5/evidence-am/decompiled-full/com/github/alexthe666/alexsmobs/entity/EntitySugarGlider.java; evidence-am/decompiled-full/com/github/alexthe666/alexsmobs/entity/EntitySugarGlider.java,Não aplicável: uso direto ou nenhuma receita identificada na build
Farseer,Alex’s Mobs Continued,Criatura Monster; comportamento definido na classe e herança citadas,"BiomeConfig padrão FARSEER: new SpawnBiomeData().addBiomeEntry(BiomeEntryType.BIOME_TAG, true, ""forge:no_default_monsters"", 0).addBiomeEntry(BiomeEntryType.REGISTRY_NAME, true, ""minecraft:mushroom_fields"", 0); filtros agrupados por índice com AND no grupo/OR entre grupos; depende de peso/config/SpawnPlacement; config efetiva não confirmada.",Loot de morte,alexsmobs:farseer_arm,0–1,Loot condicionado ao caminho de morte; herança/interações/variantes fora deste pool separadas; pool1: 1 sorteio(s); reposição se múltiplos rolls; peso bruto 1/1; normaliza apenas entradas elegíveis; set_count; Saque minecraft:looting: bônus Math.round(nível × sorteio 0–1); limite sem limite explícito,"Ingrediente nas receitas auditadas: {'id': 'alexsmobs:transmutation_table', 'count': 1}",Alta nos arquivos versionados; configurações/datapacks externos não confirmados,/images/bestiary/audited/am/farseer.png,com/github/alexthe666/alexsmobs/client/model/ModelFarseer.class; com/github/alexthe666/alexsmobs/client/render/RenderFarseer.class; assets/alexsmobs/textures/entity/farseer/farseer.png; com/github/alexthe666/alexsmobs/ClientProxy.class; com/github/alexthe666/alexsmobs/citadel/client/model/AdvancedEntityModel.class; com/github/alexthe666/alexsmobs/citadel/client/model/AdvancedModelBox.class; com/github/alexthe666/alexsmobs/client/render/RenderFarseer$LayerOverlay.class; com/github/alexthe666/alexsmobs/entity/AMEntityRegistry.class; output-am/proveniencia.json,evidence-am/alexsmobs-2.1.14-neoforge+1.21.1.jar::data/alexsmobs/loot_table/entities/farseer.json; evidence-am/decompiled-full/com/github/alexthe666/alexsmobs/entity/EntityFarseer.java; evidence-am/decompiled-full/com/github/alexthe666/alexsmobs/item/AMItemRegistry.java; registros-usos-itens.json#alexsmobs:farseer_arm,/bestiary/receitas/am.html#receita-transmutation-table | [Receita transmutation_table](lote-final-2026-10-06/am-cards-2026-10-06.md#receita-transmutation-table) — data/alexsmobs/recipe/transmutation_table.json
Skreecher,Alex’s Mobs Continued,Criatura Monster; comportamento definido na classe e herança citadas,"BiomeConfig padrão SKREECHER: new SpawnBiomeData().addBiomeEntry(BiomeEntryType.BIOME_TAG, false, ""alexsmobs:skreechers_can_spawn_wardens"", 0); filtros agrupados por índice com AND no grupo/OR entre grupos; depende de peso/config/SpawnPlacement; config efetiva não confirmada.",Loot de morte,alexsmobs:skreecher_soul,1,Loot condicionado ao caminho de morte; herança/interações/variantes fora deste pool separadas; pool1: 1 sorteio(s); reposição se múltiplos rolls; morte atribuída ao jogador; peso bruto 1/1; normaliza apenas entradas elegíveis,"Ingrediente nas receitas auditadas: {'id': 'alexsmobs:sculk_boomer', 'count': 1}",Alta nos arquivos versionados; configurações/datapacks externos não confirmados,/images/bestiary/audited/am/skreecher.png,com/github/alexthe666/alexsmobs/client/model/ModelSkreecher.class; com/github/alexthe666/alexsmobs/client/render/RenderSkreecher.class; assets/alexsmobs/textures/entity/skreecher.png; assets/alexsmobs/textures/entity/skreecher_glow.png; com/github/alexthe666/alexsmobs/ClientProxy.class; com/github/alexthe666/alexsmobs/citadel/client/model/AdvancedEntityModel.class; com/github/alexthe666/alexsmobs/citadel/client/model/AdvancedModelBox.class; com/github/alexthe666/alexsmobs/client/render/RenderSkreecher$LayerScorch.class; com/github/alexthe666/alexsmobs/entity/AMEntityRegistry.class; output-am/proveniencia.json,evidence-am/alexsmobs-2.1.14-neoforge+1.21.1.jar::data/alexsmobs/loot_table/entities/skreecher.json; evidence-am/decompiled-full/com/github/alexthe666/alexsmobs/entity/EntitySkreecher.java; evidence-am/decompiled-full/com/github/alexthe666/alexsmobs/item/AMItemRegistry.java; registros-usos-itens.json#alexsmobs:skreecher_soul,/bestiary/receitas/am.html#receita-sculk-boomer | [Receita sculk_boomer](lote-final-2026-10-06/am-cards-2026-10-06.md#receita-sculk-boomer) — data/alexsmobs/recipe/sculk_boomer.json
Underminer,Alex’s Mobs Continued,Criatura PathfinderMob; comportamento definido na classe e herança citadas,"BiomeConfig padrão CAVES: new SpawnBiomeData().addBiomeEntry(BiomeEntryType.BIOME_TAG, false, ""minecraft:is_overworld"", 0).addBiomeEntry(BiomeEntryType.BIOME_TAG, true, ""minecraft:is_ocean"", 0).addBiomeEntry(BiomeEntryType.BIOME_TAG, true, ""forge:is_mushroom"", 0).addBiomeEntry(BiomeEntryType.REGISTRY_NAME, true, ""minecraft:deep_dark"", 0).addBiomeEntry(BiomeEntryType.REGISTRY_NAME, false, ""terralith:cave/andesite_caves"", 1).addBiomeEntry(BiomeEntryType.REGISTRY_NAME, false, ""terralith:cave/desert_caves"", 2).addBiomeEntry(BiomeEntryType.REGISTRY_NAME, false, ""terralith:cave/diorite_caves"", 3).addBiomeEntry(BiomeEntryType.REGISTRY_NAME, false, ""terralith:cave/granite_caves"", 4).addBiomeEntry(BiomeEntryType.REGISTRY_NAME, false, ""terralith:cave/ice_caves"", 5).addBiomeEntry(BiomeEntryType.REGISTRY_NAME, false, ""terralith:cave/infested_caves"", 6).addBiomeEntry(BiomeEntryType.REGISTRY_NAME, false, ""terralith:cave/thermal_caves"", 7).addBiomeEntry(BiomeEntryType.REGISTRY_NAME, false, ""terralith:cave/crystal_caves"", 8).addBiomeEntry(BiomeEntryType.REGISTRY_NAME, false, ""terralith:cave/frostfire_caves"", 9).addBiomeEntry(BiomeEntryType.REGISTRY_NAME, false, ""terralith:cave/mantle_caves"", 10).addBiomeEntry(BiomeEntryType.REGISTRY_NAME, false, ""terralith:cave/deep_caves"", 11).addBiomeEntry(BiomeEntryType.REGISTRY_NAME, false, ""terralith:cave/tuff_caves"", 12); filtros agrupados por índice com AND no grupo/OR entre grupos; depende de peso/config/SpawnPlacement; config efetiva não confirmada.",Tabela própria ausente,Sem recurso próprio,0,Loot condicionado ao caminho de morte; herança/interações/variantes fora deste pool separadas; ausência não prova ausência de herança; rotas de classe auditadas à parte,Não aplicável,Alta nos arquivos versionados; configurações/datapacks externos não confirmados,/images/bestiary/audited/am/underminer.png,com/github/alexthe666/alexsmobs/client/model/ModelUnderminerDwarf.class; com/github/alexthe666/alexsmobs/client/render/RenderUnderminer.class; assets/alexsmobs/textures/entity/underminer_0.png; com/github/alexthe666/alexsmobs/ClientProxy.class; com/github/alexthe666/alexsmobs/citadel/client/model/AdvancedEntityModel.class; com/github/alexthe666/alexsmobs/citadel/client/model/AdvancedModelBox.class; com/github/alexthe666/alexsmobs/client/render/layer/LayerUnderminerItem.class; com/github/alexthe666/alexsmobs/entity/AMEntityRegistry.class; output-am/proveniencia.json,evidence-am/alexsmobs-2.1.14-neoforge+1.21.1.jar::data/alexsmobs/loot_table/entities/underminer.json; evidence-am/decompiled-full/com/github/alexthe666/alexsmobs/entity/EntityUnderminer.java,Não aplicável: uso direto ou nenhuma receita identificada na build
Murmur,Alex’s Mobs Continued,Criatura Monster; comportamento definido na classe e herança citadas,"BiomeConfig padrão CAVES_MONSTER: new SpawnBiomeData().addBiomeEntry(BiomeEntryType.BIOME_TAG, false, ""minecraft:is_overworld"", 0).addBiomeEntry(BiomeEntryType.BIOME_TAG, true, ""forge:no_default_monsters"", 0).addBiomeEntry(BiomeEntryType.BIOME_TAG, true, ""minecraft:is_ocean"", 0).addBiomeEntry(BiomeEntryType.BIOME_TAG, true, ""forge:is_mushroom"", 0).addBiomeEntry(BiomeEntryType.REGISTRY_NAME, true, ""minecraft:deep_dark"", 0).addBiomeEntry(BiomeEntryType.REGISTRY_NAME, false, ""terralith:cave/andesite_caves"", 1).addBiomeEntry(BiomeEntryType.REGISTRY_NAME, false, ""terralith:cave/desert_caves"", 2).addBiomeEntry(BiomeEntryType.REGISTRY_NAME, false, ""terralith:cave/diorite_caves"", 3).addBiomeEntry(BiomeEntryType.REGISTRY_NAME, false, ""terralith:cave/granite_caves"", 4).addBiomeEntry(BiomeEntryType.REGISTRY_NAME, false, ""terralith:cave/ice_caves"", 5).addBiomeEntry(BiomeEntryType.REGISTRY_NAME, false, ""terralith:cave/infested_caves"", 6).addBiomeEntry(BiomeEntryType.REGISTRY_NAME, false, ""terralith:cave/thermal_caves"", 7).addBiomeEntry(BiomeEntryType.REGISTRY_NAME, false, ""terralith:cave/crystal_caves"", 8).addBiomeEntry(BiomeEntryType.REGISTRY_NAME, false, ""terralith:cave/frostfire_caves"", 9).addBiomeEntry(BiomeEntryType.REGISTRY_NAME, false, ""terralith:cave/mantle_caves"", 10).addBiomeEntry(BiomeEntryType.REGISTRY_NAME, false, ""terralith:cave/deep_caves"", 11).addBiomeEntry(BiomeEntryType.REGISTRY_NAME, false, ""terralith:cave/tuff_caves"", 12); filtros agrupados por índice com AND no grupo/OR entre grupos; depende de peso/config/SpawnPlacement; config efetiva não confirmada.",Loot de morte,alexsmobs:unsettling_kimono,1,Loot condicionado ao caminho de morte; herança/interações/variantes fora deste pool separadas; pool1: 1 sorteio(s); reposição se múltiplos rolls; peso bruto 1/10; normaliza apenas entradas elegíveis,"Equipamento vestível; slot/material/durabilidade confirmados no registro: UNSETTLING_KIMONO = AMItemRegistry.regItem(""unsettling_kimono"", () -> new ItemModArmor(KIMONO_MATERIAL, ArmorItem.Type.CHESTPLATE));",Alta no recurso/registro/classe citados; condições efetivas do pack não confirmadas,/images/bestiary/audited/am/murmur.png,com/github/alexthe666/alexsmobs/client/model/ModelMurmurBody.class; com/github/alexthe666/alexsmobs/client/render/RenderMurmurBody.class; assets/alexsmobs/textures/entity/murmur.png; com/github/alexthe666/alexsmobs/ClientProxy.class; com/github/alexthe666/alexsmobs/citadel/client/model/AdvancedEntityModel.class; com/github/alexthe666/alexsmobs/citadel/client/model/AdvancedModelBox.class; com/github/alexthe666/alexsmobs/client/model/ModelMurmurHead.class; com/github/alexthe666/alexsmobs/client/model/ModelMurmurNeck.class; com/github/alexthe666/alexsmobs/entity/AMEntityRegistry.class; com/github/alexthe666/alexsmobs/entity/EntityMurmur.class; com/github/alexthe666/alexsmobs/entity/EntityMurmurHead.class; output-am/proveniencia.json,evidence-am/alexsmobs-2.1.14-neoforge+1.21.1.jar::data/alexsmobs/loot_table/entities/murmur.json; evidence-am/decompiled-full/com/github/alexthe666/alexsmobs/entity/EntityMurmur.java; evidence-am/decompiled-full/com/github/alexthe666/alexsmobs/item/AMItemRegistry.java; registros-usos-itens.json#alexsmobs:unsettling_kimono,Não aplicável: uso direto ou nenhuma receita identificada na build
Murmur,Alex’s Mobs Continued,Criatura Monster; comportamento definido na classe e herança citadas,"BiomeConfig padrão CAVES_MONSTER: new SpawnBiomeData().addBiomeEntry(BiomeEntryType.BIOME_TAG, false, ""minecraft:is_overworld"", 0).addBiomeEntry(BiomeEntryType.BIOME_TAG, true, ""forge:no_default_monsters"", 0).addBiomeEntry(BiomeEntryType.BIOME_TAG, true, ""minecraft:is_ocean"", 0).addBiomeEntry(BiomeEntryType.BIOME_TAG, true, ""forge:is_mushroom"", 0).addBiomeEntry(BiomeEntryType.REGISTRY_NAME, true, ""minecraft:deep_dark"", 0).addBiomeEntry(BiomeEntryType.REGISTRY_NAME, false, ""terralith:cave/andesite_caves"", 1).addBiomeEntry(BiomeEntryType.REGISTRY_NAME, false, ""terralith:cave/desert_caves"", 2).addBiomeEntry(BiomeEntryType.REGISTRY_NAME, false, ""terralith:cave/diorite_caves"", 3).addBiomeEntry(BiomeEntryType.REGISTRY_NAME, false, ""terralith:cave/granite_caves"", 4).addBiomeEntry(BiomeEntryType.REGISTRY_NAME, false, ""terralith:cave/ice_caves"", 5).addBiomeEntry(BiomeEntryType.REGISTRY_NAME, false, ""terralith:cave/infested_caves"", 6).addBiomeEntry(BiomeEntryType.REGISTRY_NAME, false, ""terralith:cave/thermal_caves"", 7).addBiomeEntry(BiomeEntryType.REGISTRY_NAME, false, ""terralith:cave/crystal_caves"", 8).addBiomeEntry(BiomeEntryType.REGISTRY_NAME, false, ""terralith:cave/frostfire_caves"", 9).addBiomeEntry(BiomeEntryType.REGISTRY_NAME, false, ""terralith:cave/mantle_caves"", 10).addBiomeEntry(BiomeEntryType.REGISTRY_NAME, false, ""terralith:cave/deep_caves"", 11).addBiomeEntry(BiomeEntryType.REGISTRY_NAME, false, ""terralith:cave/tuff_caves"", 12); filtros agrupados por índice com AND no grupo/OR entre grupos; depende de peso/config/SpawnPlacement; config efetiva não confirmada.",Loot de morte,minecraft:red_wool,0–1,Loot condicionado ao caminho de morte; herança/interações/variantes fora deste pool separadas; pool1: 1 sorteio(s); reposição se múltiplos rolls; peso bruto 9/10; normaliza apenas entradas elegíveis; set_count; Saque minecraft:looting: bônus Math.round(nível × sorteio 0–1); limite sem limite explícito,"Bloco decorativo; camas, bandeiras e demais recipes vanilla",Alta nos arquivos versionados; configurações/datapacks externos não confirmados,/images/bestiary/audited/am/murmur.png,com/github/alexthe666/alexsmobs/client/model/ModelMurmurBody.class; com/github/alexthe666/alexsmobs/client/render/RenderMurmurBody.class; assets/alexsmobs/textures/entity/murmur.png; com/github/alexthe666/alexsmobs/ClientProxy.class; com/github/alexthe666/alexsmobs/citadel/client/model/AdvancedEntityModel.class; com/github/alexthe666/alexsmobs/citadel/client/model/AdvancedModelBox.class; com/github/alexthe666/alexsmobs/client/model/ModelMurmurHead.class; com/github/alexthe666/alexsmobs/client/model/ModelMurmurNeck.class; com/github/alexthe666/alexsmobs/entity/AMEntityRegistry.class; com/github/alexthe666/alexsmobs/entity/EntityMurmur.class; com/github/alexthe666/alexsmobs/entity/EntityMurmurHead.class; output-am/proveniencia.json,evidence-am/alexsmobs-2.1.14-neoforge+1.21.1.jar::data/alexsmobs/loot_table/entities/murmur.json; evidence-am/decompiled-full/com/github/alexthe666/alexsmobs/entity/EntityMurmur.java,[Receitas vanilla1.21.1](lote-final-2026-10-06/receitas-vanilla.json)
Murmur,Alex’s Mobs Continued,Criatura Monster; comportamento definido na classe e herança citadas,"BiomeConfig padrão CAVES_MONSTER: new SpawnBiomeData().addBiomeEntry(BiomeEntryType.BIOME_TAG, false, ""minecraft:is_overworld"", 0).addBiomeEntry(BiomeEntryType.BIOME_TAG, true, ""forge:no_default_monsters"", 0).addBiomeEntry(BiomeEntryType.BIOME_TAG, true, ""minecraft:is_ocean"", 0).addBiomeEntry(BiomeEntryType.BIOME_TAG, true, ""forge:is_mushroom"", 0).addBiomeEntry(BiomeEntryType.REGISTRY_NAME, true, ""minecraft:deep_dark"", 0).addBiomeEntry(BiomeEntryType.REGISTRY_NAME, false, ""terralith:cave/andesite_caves"", 1).addBiomeEntry(BiomeEntryType.REGISTRY_NAME, false, ""terralith:cave/desert_caves"", 2).addBiomeEntry(BiomeEntryType.REGISTRY_NAME, false, ""terralith:cave/diorite_caves"", 3).addBiomeEntry(BiomeEntryType.REGISTRY_NAME, false, ""terralith:cave/granite_caves"", 4).addBiomeEntry(BiomeEntryType.REGISTRY_NAME, false, ""terralith:cave/ice_caves"", 5).addBiomeEntry(BiomeEntryType.REGISTRY_NAME, false, ""terralith:cave/infested_caves"", 6).addBiomeEntry(BiomeEntryType.REGISTRY_NAME, false, ""terralith:cave/thermal_caves"", 7).addBiomeEntry(BiomeEntryType.REGISTRY_NAME, false, ""terralith:cave/crystal_caves"", 8).addBiomeEntry(BiomeEntryType.REGISTRY_NAME, false, ""terralith:cave/frostfire_caves"", 9).addBiomeEntry(BiomeEntryType.REGISTRY_NAME, false, ""terralith:cave/mantle_caves"", 10).addBiomeEntry(BiomeEntryType.REGISTRY_NAME, false, ""terralith:cave/deep_caves"", 11).addBiomeEntry(BiomeEntryType.REGISTRY_NAME, false, ""terralith:cave/tuff_caves"", 12); filtros agrupados por índice com AND no grupo/OR entre grupos; depende de peso/config/SpawnPlacement; config efetiva não confirmada.",Loot de morte,alexsmobs:elastic_tendon,0–2,Loot condicionado ao caminho de morte; herança/interações/variantes fora deste pool separadas; pool2: 1 sorteio(s); reposição se múltiplos rolls; peso bruto 1/1; normaliza apenas entradas elegíveis; set_count; Saque minecraft:looting: bônus Math.round(nível × sorteio 0–1); limite sem limite explícito,"Ingrediente nas receitas auditadas: {'id': 'alexsmobs:tendon_whip', 'count': 1}",Alta nos arquivos versionados; configurações/datapacks externos não confirmados,/images/bestiary/audited/am/murmur.png,com/github/alexthe666/alexsmobs/client/model/ModelMurmurBody.class; com/github/alexthe666/alexsmobs/client/render/RenderMurmurBody.class; assets/alexsmobs/textures/entity/murmur.png; com/github/alexthe666/alexsmobs/ClientProxy.class; com/github/alexthe666/alexsmobs/citadel/client/model/AdvancedEntityModel.class; com/github/alexthe666/alexsmobs/citadel/client/model/AdvancedModelBox.class; com/github/alexthe666/alexsmobs/client/model/ModelMurmurHead.class; com/github/alexthe666/alexsmobs/client/model/ModelMurmurNeck.class; com/github/alexthe666/alexsmobs/entity/AMEntityRegistry.class; com/github/alexthe666/alexsmobs/entity/EntityMurmur.class; com/github/alexthe666/alexsmobs/entity/EntityMurmurHead.class; output-am/proveniencia.json,evidence-am/alexsmobs-2.1.14-neoforge+1.21.1.jar::data/alexsmobs/loot_table/entities/murmur.json; evidence-am/decompiled-full/com/github/alexthe666/alexsmobs/entity/EntityMurmur.java; evidence-am/decompiled-full/com/github/alexthe666/alexsmobs/item/AMItemRegistry.java; registros-usos-itens.json#alexsmobs:elastic_tendon,/bestiary/receitas/am.html#receita-tendon-whip | [Receita tendon_whip](lote-final-2026-10-06/am-cards-2026-10-06.md#receita-tendon-whip) — data/alexsmobs/recipe/tendon_whip.json
Skunk,Alex’s Mobs Continued,Criatura Animal; comportamento definido na classe e herança citadas,BiomeConfig padrão: (#minecraft:is_overworld E #minecraft:is_forest E NÃO #minecraft:is_savanna E NÃO #forge:is_cold/overworld E NÃO minecraft:sparse_jungle) OU (terralith:birch_taiga) OU (terralith:blooming_valley) OU (terralith:mirage_isles) OU (terralith:lavender_valley) OU (terralith:lavender_forest) OU (terralith:moonlight_grove) OU (terralith:moonlight_valley) OU (terralith:sakura_grove) OU (terralith:sakura_valley) OU (terralith:temperate_highlands) OU (minecraft:cherry_grove); grupos alternativos; entradas externas só se biomas existirem. Fonte: evidence-am/decompiled-full/com/github/alexthe666/alexsmobs/config/BiomeConfig.java → evidence-am/decompiled-full/com/github/alexthe666/alexsmobs/config/DefaultBiomes.java; configuração efetiva do servidor não confirmada.,Tabela de morte vazia,Sem itens no JSON,0,Loot condicionado ao caminho de morte; herança/interações/variantes fora deste pool separadas; pools=[]; mecanismos paralelos separados,Não aplicável,Alta nos arquivos versionados; configurações/datapacks externos não confirmados,/images/bestiary/audited/am/skunk.png,com/github/alexthe666/alexsmobs/client/model/ModelSkunk.class; com/github/alexthe666/alexsmobs/client/render/RenderSkunk.class; assets/alexsmobs/textures/entity/skunk.png; com/github/alexthe666/alexsmobs/ClientProxy.class; com/github/alexthe666/alexsmobs/citadel/client/model/AdvancedEntityModel.class; com/github/alexthe666/alexsmobs/citadel/client/model/AdvancedModelBox.class; com/github/alexthe666/alexsmobs/entity/AMEntityRegistry.class; output-am/proveniencia.json,evidence-am/alexsmobs-2.1.14-neoforge+1.21.1.jar::data/alexsmobs/loot_table/entities/skunk.json; evidence-am/decompiled-full/com/github/alexthe666/alexsmobs/entity/EntitySkunk.java,Não aplicável: uso direto ou nenhuma receita identificada na build
Banana Slug,Alex’s Mobs Continued,Criatura Animal; comportamento definido na classe e herança citadas,BiomeConfig padrão: (minecraft:old_growth_pine_taiga) OU (minecraft:old_growth_spruce_taiga) OU (#minecraft:is_taiga E #forge:is_dense/overworld E #forge:is_rare) OU (terralith:forested_highlands) OU (terralith:shield) OU (terralith:skylands_autumn) OU (terralith:yosemite_lowlands) OU (biomesoplenty:redwood_forest) OU (biomesoplenty:coniferous_forest) OU (biomesoplenty:fir_clearing) OU (autumnity:maple_forest); grupos alternativos; entradas externas só se biomas existirem. Fonte: evidence-am/decompiled-full/com/github/alexthe666/alexsmobs/config/BiomeConfig.java → evidence-am/decompiled-full/com/github/alexthe666/alexsmobs/config/DefaultBiomes.java; configuração efetiva do servidor não confirmada.,Loot de morte,alexsmobs:banana_slug_slime,0–2,Loot condicionado ao caminho de morte; herança/interações/variantes fora deste pool separadas; pool1: 1 sorteio(s); reposição se múltiplos rolls; peso bruto 1/1; normaliza apenas entradas elegíveis; set_count; Saque minecraft:looting: bônus Math.round(nível × sorteio 0–1); limite sem limite explícito,"Ingrediente nas receitas auditadas: {'id': 'alexsmobs:banana_slug_slime_block', 'count': 1}",Alta nos arquivos versionados; configurações/datapacks externos não confirmados,/images/bestiary/audited/am/banana-slug-variant-0.png,com/github/alexthe666/alexsmobs/client/model/ModelBananaSlug.class; com/github/alexthe666/alexsmobs/client/render/RenderBananaSlug.class; assets/alexsmobs/textures/entity/banana_slug/banana_slug_0.png; com/github/alexthe666/alexsmobs/ClientProxy.class; com/github/alexthe666/alexsmobs/citadel/client/model/AdvancedEntityModel.class; com/github/alexthe666/alexsmobs/citadel/client/model/AdvancedModelBox.class; com/github/alexthe666/alexsmobs/client/render/RenderBananaSlug$LayerSlime.class; com/github/alexthe666/alexsmobs/entity/AMEntityRegistry.class; assets/alexsmobs/textures/entity/banana_slug/banana_slug_1.png; assets/alexsmobs/textures/entity/banana_slug/banana_slug_2.png; assets/alexsmobs/textures/entity/banana_slug/banana_slug_3.png; output-am/proveniencia.json,evidence-am/alexsmobs-2.1.14-neoforge+1.21.1.jar::data/alexsmobs/loot_table/entities/banana_slug.json; evidence-am/decompiled-full/com/github/alexthe666/alexsmobs/entity/EntityBananaSlug.java; evidence-am/decompiled-full/com/github/alexthe666/alexsmobs/item/AMItemRegistry.java; registros-usos-itens.json#alexsmobs:banana_slug_slime,/bestiary/receitas/am.html#receita-banana-slug-slime-block | [Receita banana_slug_slime_block](lote-final-2026-10-06/am-cards-2026-10-06.md#receita-banana-slug-slime-block) — data/alexsmobs/recipe/banana_slug_slime_block.json
Banana Slug,Alex’s Mobs Continued,Criatura Animal; comportamento definido na classe e herança citadas,BiomeConfig padrão: (minecraft:old_growth_pine_taiga) OU (minecraft:old_growth_spruce_taiga) OU (#minecraft:is_taiga E #forge:is_dense/overworld E #forge:is_rare) OU (terralith:forested_highlands) OU (terralith:shield) OU (terralith:skylands_autumn) OU (terralith:yosemite_lowlands) OU (biomesoplenty:redwood_forest) OU (biomesoplenty:coniferous_forest) OU (biomesoplenty:fir_clearing) OU (autumnity:maple_forest); grupos alternativos; entradas externas só se biomas existirem. Fonte: evidence-am/decompiled-full/com/github/alexthe666/alexsmobs/config/BiomeConfig.java → evidence-am/decompiled-full/com/github/alexthe666/alexsmobs/config/DefaultBiomes.java; configuração efetiva do servidor não confirmada.,Recompensa com mob vivo,alexsmobs:banana_slug_slime,1,Adulto vivo; timer reseta24000+nextInt12000 ticks,"Ingrediente nas receitas auditadas: {'id': 'alexsmobs:banana_slug_slime_block', 'count': 1}",Alta nos arquivos versionados; configurações/datapacks externos não confirmados,/images/bestiary/audited/am/banana-slug-variant-0.png,com/github/alexthe666/alexsmobs/client/model/ModelBananaSlug.class; com/github/alexthe666/alexsmobs/client/render/RenderBananaSlug.class; assets/alexsmobs/textures/entity/banana_slug/banana_slug_0.png; com/github/alexthe666/alexsmobs/ClientProxy.class; com/github/alexthe666/alexsmobs/citadel/client/model/AdvancedEntityModel.class; com/github/alexthe666/alexsmobs/citadel/client/model/AdvancedModelBox.class; com/github/alexthe666/alexsmobs/client/render/RenderBananaSlug$LayerSlime.class; com/github/alexthe666/alexsmobs/entity/AMEntityRegistry.class; assets/alexsmobs/textures/entity/banana_slug/banana_slug_1.png; assets/alexsmobs/textures/entity/banana_slug/banana_slug_2.png; assets/alexsmobs/textures/entity/banana_slug/banana_slug_3.png; output-am/proveniencia.json,/workspace/scratch/25006bff7ab5/evidence-am/decompiled-full/com/github/alexthe666/alexsmobs/entity/EntityBananaSlug.java; evidence-am/decompiled-full/com/github/alexthe666/alexsmobs/entity/EntityBananaSlug.java; evidence-am/decompiled-full/com/github/alexthe666/alexsmobs/item/AMItemRegistry.java; registros-usos-itens.json#alexsmobs:banana_slug_slime,/bestiary/receitas/am.html#receita-banana-slug-slime-block | [Receita banana_slug_slime_block](lote-final-2026-10-06/am-cards-2026-10-06.md#receita-banana-slug-slime-block) — data/alexsmobs/recipe/banana_slug_slime_block.json
Blue Jay,Alex’s Mobs Continued,Criatura Animal; comportamento definido na classe e herança citadas,BiomeConfig padrão: (#minecraft:is_overworld E #minecraft:is_forest E NÃO minecraft:sparse_jungle) OU (#minecraft:is_overworld E #minecraft:is_taiga) OU (terralith:alpine_grove) OU (terralith:blooming_valley) OU (terralith:lavender_forest) OU (terralith:lavender_valley) OU (terralith:moonlight_grove) OU (terralith:moonlight_valley) OU (terralith:sakura_grove) OU (terralith:sakura_valley) OU (terralith:highlands) OU (terralith:shield_clearing) OU (terralith:valley_clearing) OU (terralith:alpine_highlands) OU (terralith:cloud_forest) OU (terralith:forested_highlands) OU (terralith:lush_valley) OU (terralith:shield) OU (terralith:snowy_maple_forest) OU (terralith:snowy_shield) OU (terralith:temperate_highlands) OU (terralith:wintry_forest) OU (terralith:yosemite_lowlands) OU (terralith:bryce_canyon) OU (terralith:skylands_autumn) OU (biomesoplenty:redwood_forest) OU (minecraft:cherry_grove) OU (biomesoplenty:snowblossom_grove); grupos alternativos; entradas externas só se biomas existirem. Fonte: evidence-am/decompiled-full/com/github/alexthe666/alexsmobs/config/BiomeConfig.java → evidence-am/decompiled-full/com/github/alexthe666/alexsmobs/config/DefaultBiomes.java; configuração efetiva do servidor não confirmada.,Loot de morte,minecraft:feather,0–1,Loot condicionado ao caminho de morte; herança/interações/variantes fora deste pool separadas; pool1: 1 sorteio(s); reposição se múltiplos rolls; peso bruto 1/1; normaliza apenas entradas elegíveis; set_count; Saque minecraft:looting: bônus Math.round(nível × sorteio 0–1); limite sem limite explícito,Flechas; livro e pena,Alta nos arquivos versionados; configurações/datapacks externos não confirmados,/images/bestiary/audited/am/blue-jay.png,com/github/alexthe666/alexsmobs/client/model/ModelBlueJay.class; com/github/alexthe666/alexsmobs/client/render/RenderBlueJay.class; assets/alexsmobs/textures/entity/blue_jay.png; com/github/alexthe666/alexsmobs/ClientProxy.class; com/github/alexthe666/alexsmobs/citadel/client/model/AdvancedEntityModel.class; com/github/alexthe666/alexsmobs/citadel/client/model/AdvancedModelBox.class; com/github/alexthe666/alexsmobs/client/render/RenderBlueJay$LayerShiny.class; com/github/alexthe666/alexsmobs/entity/AMEntityRegistry.class; output-am/proveniencia.json,evidence-am/alexsmobs-2.1.14-neoforge+1.21.1.jar::data/alexsmobs/loot_table/entities/blue_jay.json; evidence-am/decompiled-full/com/github/alexthe666/alexsmobs/entity/EntityBlueJay.java,[Receitas vanilla1.21.1](lote-final-2026-10-06/receitas-vanilla.json)
Blue Jay,Alex’s Mobs Continued,Criatura Animal; comportamento definido na classe e herança citadas,BiomeConfig padrão: (#minecraft:is_overworld E #minecraft:is_forest E NÃO minecraft:sparse_jungle) OU (#minecraft:is_overworld E #minecraft:is_taiga) OU (terralith:alpine_grove) OU (terralith:blooming_valley) OU (terralith:lavender_forest) OU (terralith:lavender_valley) OU (terralith:moonlight_grove) OU (terralith:moonlight_valley) OU (terralith:sakura_grove) OU (terralith:sakura_valley) OU (terralith:highlands) OU (terralith:shield_clearing) OU (terralith:valley_clearing) OU (terralith:alpine_highlands) OU (terralith:cloud_forest) OU (terralith:forested_highlands) OU (terralith:lush_valley) OU (terralith:shield) OU (terralith:snowy_maple_forest) OU (terralith:snowy_shield) OU (terralith:temperate_highlands) OU (terralith:wintry_forest) OU (terralith:yosemite_lowlands) OU (terralith:bryce_canyon) OU (terralith:skylands_autumn) OU (biomesoplenty:redwood_forest) OU (minecraft:cherry_grove) OU (biomesoplenty:snowblossom_grove); grupos alternativos; entradas externas só se biomas existirem. Fonte: evidence-am/decompiled-full/com/github/alexthe666/alexsmobs/config/BiomeConfig.java → evidence-am/decompiled-full/com/github/alexthe666/alexsmobs/config/DefaultBiomes.java; configuração efetiva do servidor não confirmada.,Devolver item carregado,Mainhand ItemStack,pilha carregada,"Rotina da classe solta mão principal na morte/removal pertinente; linha contextual, não item literal garantido",Recuperar item apanhado/carregado; não somar ao pool como geração nativa,Alta nos arquivos versionados; configurações/datapacks externos não confirmados,/images/bestiary/audited/am/blue-jay.png,com/github/alexthe666/alexsmobs/client/model/ModelBlueJay.class; com/github/alexthe666/alexsmobs/client/render/RenderBlueJay.class; assets/alexsmobs/textures/entity/blue_jay.png; com/github/alexthe666/alexsmobs/ClientProxy.class; com/github/alexthe666/alexsmobs/citadel/client/model/AdvancedEntityModel.class; com/github/alexthe666/alexsmobs/citadel/client/model/AdvancedModelBox.class; com/github/alexthe666/alexsmobs/client/render/RenderBlueJay$LayerShiny.class; com/github/alexthe666/alexsmobs/entity/AMEntityRegistry.class; output-am/proveniencia.json,/workspace/scratch/25006bff7ab5/evidence-am/decompiled-full/com/github/alexthe666/alexsmobs/entity/EntityBlueJay.java; evidence-am/decompiled-full/com/github/alexthe666/alexsmobs/entity/EntityBlueJay.java,Não aplicável: uso direto ou nenhuma receita identificada na build
Caiman,Alex’s Mobs Continued,Criatura TamableAnimal; comportamento definido na classe e herança citadas,BiomeConfig padrão: (minecraft:mangrove_swamp) OU (terralith:cave/underground_jungle); grupos alternativos; entradas externas só se biomas existirem. Fonte: evidence-am/decompiled-full/com/github/alexthe666/alexsmobs/config/BiomeConfig.java → evidence-am/decompiled-full/com/github/alexthe666/alexsmobs/config/DefaultBiomes.java; configuração efetiva do servidor não confirmada.,Tabela de morte vazia,Sem itens no JSON,0,Loot condicionado ao caminho de morte; herança/interações/variantes fora deste pool separadas; pools=[]; mecanismos paralelos separados,Não aplicável,Alta nos arquivos versionados; configurações/datapacks externos não confirmados,/images/bestiary/audited/am/caiman.png,com/github/alexthe666/alexsmobs/client/model/ModelCaiman.class; com/github/alexthe666/alexsmobs/client/render/RenderCaiman.class; assets/alexsmobs/textures/entity/caiman.png; com/github/alexthe666/alexsmobs/ClientProxy.class; com/github/alexthe666/alexsmobs/citadel/client/model/AdvancedEntityModel.class; com/github/alexthe666/alexsmobs/citadel/client/model/AdvancedModelBox.class; com/github/alexthe666/alexsmobs/entity/AMEntityRegistry.class; output-am/proveniencia.json,evidence-am/alexsmobs-2.1.14-neoforge+1.21.1.jar::data/alexsmobs/loot_table/entities/caiman.json; evidence-am/decompiled-full/com/github/alexthe666/alexsmobs/entity/EntityCaiman.java,Não aplicável: uso direto ou nenhuma receita identificada na build
Triops,Alex’s Mobs Continued,Criatura WaterAnimal; comportamento definido na classe e herança citadas,BiomeConfig padrão: (#forge:is_dry/overworld E #forge:is_hot/overworld E #forge:is_sandy E NÃO #minecraft:is_badlands) OU (terralith:ancient_sands) OU (terralith:desert_canyon) OU (terralith:desert_oasis) OU (terralith:desert_spires) OU (terralith:sandstone_valley) OU (terralith:red_oasis); grupos alternativos; entradas externas só se biomas existirem. Fonte: evidence-am/decompiled-full/com/github/alexthe666/alexsmobs/config/BiomeConfig.java → evidence-am/decompiled-full/com/github/alexthe666/alexsmobs/config/DefaultBiomes.java; configuração efetiva do servidor não confirmada.,Tabela de morte vazia,Sem itens no JSON,0,Loot condicionado ao caminho de morte; herança/interações/variantes fora deste pool separadas; pools=[]; mecanismos paralelos separados,Não aplicável,Alta nos arquivos versionados; configurações/datapacks externos não confirmados,/images/bestiary/audited/am/triops.png,com/github/alexthe666/alexsmobs/client/model/ModelTriops.class; com/github/alexthe666/alexsmobs/client/render/RenderTriops.class; assets/alexsmobs/textures/entity/triops.png; com/github/alexthe666/alexsmobs/ClientProxy.class; com/github/alexthe666/alexsmobs/citadel/client/model/AdvancedEntityModel.class; com/github/alexthe666/alexsmobs/citadel/client/model/AdvancedModelBox.class; com/github/alexthe666/alexsmobs/entity/AMEntityRegistry.class; output-am/proveniencia.json,evidence-am/alexsmobs-2.1.14-neoforge+1.21.1.jar::data/alexsmobs/loot_table/entities/triops.json; evidence-am/decompiled-full/com/github/alexthe666/alexsmobs/entity/EntityTriops.java,Não aplicável: uso direto ou nenhuma receita identificada na build
Triops,Alex’s Mobs Continued,Criatura WaterAnimal; comportamento definido na classe e herança citadas,BiomeConfig padrão: (#forge:is_dry/overworld E #forge:is_hot/overworld E #forge:is_sandy E NÃO #minecraft:is_badlands) OU (terralith:ancient_sands) OU (terralith:desert_canyon) OU (terralith:desert_oasis) OU (terralith:desert_spires) OU (terralith:sandstone_valley) OU (terralith:red_oasis); grupos alternativos; entradas externas só se biomas existirem. Fonte: evidence-am/decompiled-full/com/github/alexthe666/alexsmobs/config/BiomeConfig.java → evidence-am/decompiled-full/com/github/alexthe666/alexsmobs/config/DefaultBiomes.java; configuração efetiva do servidor não confirmada.,Captura viva em balde,alexsmobs:triops_bucket,1,"Bucketable.bucketMobPickup; entidade viva, recipiente compatível; estado salvo no item; não é drop de morte",Transportar/soltar a criatura mantendo dados de balde,Alta nos arquivos versionados; configurações/datapacks externos não confirmados,/images/bestiary/audited/am/triops.png,com/github/alexthe666/alexsmobs/client/model/ModelTriops.class; com/github/alexthe666/alexsmobs/client/render/RenderTriops.class; assets/alexsmobs/textures/entity/triops.png; com/github/alexthe666/alexsmobs/ClientProxy.class; com/github/alexthe666/alexsmobs/citadel/client/model/AdvancedEntityModel.class; com/github/alexthe666/alexsmobs/citadel/client/model/AdvancedModelBox.class; com/github/alexthe666/alexsmobs/entity/AMEntityRegistry.class; output-am/proveniencia.json,/workspace/scratch/25006bff7ab5/evidence-am/decompiled-full/com/github/alexthe666/alexsmobs/entity/EntityTriops.java; evidence-am/decompiled-full/com/github/alexthe666/alexsmobs/entity/EntityTriops.java; evidence-am/decompiled-full/com/github/alexthe666/alexsmobs/item/AMItemRegistry.java; registros-usos-itens.json#alexsmobs:triops_bucket,Não aplicável: uso direto ou nenhuma receita identificada na build
