Mob,Mod,Categoria/comportamento,Onde encontrar,Mecanismo,Drop/Recompensa,Quantidade,Chance/condição,Para que serve,Confiança,Imagem,Fonte da imagem,Fontes pesquisadas,Crafting
Ignis,Cataclysm,Chefe hostil de estrutura/altar; combate com mecânicas próprias,Burning Arena: Burning Ashes no Altar of Fire inicia invocação. evidence-cat/decompiled-full/com/github/L_Ender/cataclysm/blockentities/AltarOfFire_Block_Entity.java,Loot de morte,cataclysm:ignitium_ingot,1,"pool 1: 3 sorteio(s), peso bruto 1/1; peso condicionado aos candidatos elegíveis; reposição em múltiplos sorteios","Ingrediente nas receitas versionadas para: cataclysm:blazing_grips, cataclysm:bulwark_of_the_flame, cataclysm:ignitium_block, cataclysm:ignitium_boots, cataclysm:ignitium_chestplate, cataclysm:ignitium_helmet, cataclysm:ignitium_leggings, cataclysm:the_immolator, cataclysm:the_incinerator",Alta no recurso/código da build auditada; configuração efetiva do pack não confirmada,/images/bestiary/audited/cat/ignis-normal.png,com/github/L_Ender/cataclysm/client/model/entity/Ignis_Model.class; com/github/L_Ender/cataclysm/client/render/entity/Ignis_Renderer.class; assets/cataclysm/textures/entity/ignis/ignis_idle_0.png; assets/cataclysm/textures/entity/ignis/ignis_shield.png; com/github/L_Ender/cataclysm/client/event/ClientSetup.class; com/github/L_Ender/cataclysm/client/model/CMModelLayers.class; com/github/L_Ender/cataclysm/client/render/layer/Ignis_Armor_Crack_Layer.class; com/github/L_Ender/cataclysm/client/render/layer/Ignis_Shield_Layer.class; com/github/L_Ender/cataclysm/init/ModEntities.class; com/github/L_Ender/lionfishapi/client/model/tools/AdvancedEntityModel.class; com/github/L_Ender/lionfishapi/client/model/tools/AdvancedModelBox.class; assets/cataclysm/textures/entity/ignis/ignis_soul_idle_0.png; assets/cataclysm/textures/entity/ignis/ignis_soul_shield.png; output-cat/proveniencia.json,evidence-cat/L_Ender's Cataclysm 1.21.1-3.33.jar::data/cataclysm/loot_table/entities/ignis.json; evidence-cat/decompiled-full/com/github/L_Ender/cataclysm/entity/AnimationMonster/BossMonsters/Ignis_Entity.java; evidence-cat/decompiled-full/com/github/L_Ender/cataclysm/init/ModItems.java; evidence-cat/decompiled-full/com/github/L_Ender/cataclysm/world/CMWorldRegistry.java,/bestiary/receitas/cat.html#receita-blazing-grips | [Receita blazing_grips](lote-5-mods-2026-10-06/cat-cards-2026-10-06.md#receita-blazing-grips) — evidence-cat/L_Ender's Cataclysm 1.21.1-3.33.jar::data/cataclysm/recipe/blazing_grips.json; [Receita bulwark_of_the_flame](lote-5-mods-2026-10-06/cat-cards-2026-10-06.md#receita-bulwark-of-the-flame) — evidence-cat/L_Ender's Cataclysm 1.21.1-3.33.jar::data/cataclysm/recipe/bulwark_of_the_flame.json; [Receita ignitium_block](lote-5-mods-2026-10-06/cat-cards-2026-10-06.md#receita-ignitium-block) — evidence-cat/L_Ender's Cataclysm 1.21.1-3.33.jar::data/cataclysm/recipe/ignitium_block.json; [Receita ignitium_boots](lote-5-mods-2026-10-06/cat-cards-2026-10-06.md#receita-ignitium-boots) — evidence-cat/L_Ender's Cataclysm 1.21.1-3.33.jar::data/cataclysm/recipe/smithing/ignitium_boots.json; [Receita ignitium_chestplate](lote-5-mods-2026-10-06/cat-cards-2026-10-06.md#receita-ignitium-chestplate) — evidence-cat/L_Ender's Cataclysm 1.21.1-3.33.jar::data/cataclysm/recipe/smithing/ignitium_chestplate.json; [Receita ignitium_helmet](lote-5-mods-2026-10-06/cat-cards-2026-10-06.md#receita-ignitium-helmet) — evidence-cat/L_Ender's Cataclysm 1.21.1-3.33.jar::data/cataclysm/recipe/smithing/ignitium_helmet.json; [Receita ignitium_leggings](lote-5-mods-2026-10-06/cat-cards-2026-10-06.md#receita-ignitium-leggings) — evidence-cat/L_Ender's Cataclysm 1.21.1-3.33.jar::data/cataclysm/recipe/smithing/ignitium_leggings.json; [Receita the_incinerator](lote-5-mods-2026-10-06/cat-cards-2026-10-06.md#receita-the-incinerator) — evidence-cat/L_Ender's Cataclysm 1.21.1-3.33.jar::data/cataclysm/recipe/the_incinerator.json; [Receita the_immolator](lote-5-mods-2026-10-06/cat-cards-2026-10-06.md#receita-the-immolator) — evidence-cat/L_Ender's Cataclysm 1.21.1-3.33.jar::data/cataclysm/recipe/weapon_infusion/the_immolator.json
Ignis,Cataclysm,Chefe hostil de estrutura/altar; combate com mecânicas próprias,Burning Arena: Burning Ashes no Altar of Fire inicia invocação. evidence-cat/decompiled-full/com/github/L_Ender/cataclysm/blockentities/AltarOfFire_Block_Entity.java,Loot de morte,cataclysm:music_disc_ignis,1,"sem Saque 10%; com Saque nível≥1 10% constante (LevelBasedValue constante, não bônus por nível); pool 2: 1 sorteio(s), peso bruto 1/1; peso condicionado aos candidatos elegíveis; reposição em múltiplos sorteios",Reproduzir a faixa em jukebox; item musical da versão auditada,Alta no recurso/código da build auditada; configuração efetiva do pack não confirmada,/images/bestiary/audited/cat/ignis-normal.png,com/github/L_Ender/cataclysm/client/model/entity/Ignis_Model.class; com/github/L_Ender/cataclysm/client/render/entity/Ignis_Renderer.class; assets/cataclysm/textures/entity/ignis/ignis_idle_0.png; assets/cataclysm/textures/entity/ignis/ignis_shield.png; com/github/L_Ender/cataclysm/client/event/ClientSetup.class; com/github/L_Ender/cataclysm/client/model/CMModelLayers.class; com/github/L_Ender/cataclysm/client/render/layer/Ignis_Armor_Crack_Layer.class; com/github/L_Ender/cataclysm/client/render/layer/Ignis_Shield_Layer.class; com/github/L_Ender/cataclysm/init/ModEntities.class; com/github/L_Ender/lionfishapi/client/model/tools/AdvancedEntityModel.class; com/github/L_Ender/lionfishapi/client/model/tools/AdvancedModelBox.class; assets/cataclysm/textures/entity/ignis/ignis_soul_idle_0.png; assets/cataclysm/textures/entity/ignis/ignis_soul_shield.png; output-cat/proveniencia.json,evidence-cat/L_Ender's Cataclysm 1.21.1-3.33.jar::data/cataclysm/loot_table/entities/ignis.json; evidence-cat/decompiled-full/com/github/L_Ender/cataclysm/entity/AnimationMonster/BossMonsters/Ignis_Entity.java; evidence-cat/decompiled-full/com/github/L_Ender/cataclysm/init/ModItems.java; evidence-cat/decompiled-full/com/github/L_Ender/cataclysm/world/CMWorldRegistry.java,"Não aplicável: uso direto, interação ou sem receita identificada; fontes na linha"
Ender Golem,Cataclysm,Criatura hostil; classe e alvos do mod,Gerado pelo código de RuinedCitadelStructure; evidence-cat/decompiled-full/com/github/L_Ender/cataclysm/structures/RuinedCitadelStructure.java; ,Loot de morte,cataclysm:void_core,1,"pool 1: 1 sorteio(s), peso bruto 1/1; peso condicionado aos candidatos elegíveis; reposição em múltiplos sorteios",Uso invoca Void Rune em linha ou dois anéis quando mira para baixo (>70°); cooldown definido em CMCommonConfig.VoidCore.,Alta no recurso/código da build auditada; configuração efetiva do pack não confirmada,/images/bestiary/audited/cat/ender-golem.png,com/github/L_Ender/cataclysm/client/model/entity/Ender_Golem_Model.class; com/github/L_Ender/cataclysm/client/render/entity/Ender_Golem_Renderer.class; assets/cataclysm/textures/entity/ender_golem.png; assets/cataclysm/textures/entity/ender_golem_layer.png; com/github/L_Ender/cataclysm/client/event/ClientSetup.class; com/github/L_Ender/cataclysm/client/model/CMModelLayers.class; com/github/L_Ender/cataclysm/client/render/layer/Ender_Golem_Layer.class; com/github/L_Ender/cataclysm/init/ModEntities.class; com/github/L_Ender/lionfishapi/client/model/tools/AdvancedEntityModel.class; com/github/L_Ender/lionfishapi/client/model/tools/AdvancedModelBox.class; output-cat/proveniencia.json,evidence-cat/L_Ender's Cataclysm 1.21.1-3.33.jar::data/cataclysm/loot_table/entities/ender_golem.json; evidence-cat/decompiled-full/com/github/L_Ender/cataclysm/entity/AnimationMonster/BossMonsters/Ender_Golem_Entity.java; evidence-cat/decompiled-full/com/github/L_Ender/cataclysm/init/ModItems.java; evidence-cat/decompiled-full/com/github/L_Ender/cataclysm/world/CMWorldRegistry.java,/bestiary/receitas/cat.html#receita-void-assault-shoulder-weapon | [Receita void_assault_shoulder_weapon](lote-5-mods-2026-10-06/cat-cards-2026-10-06.md#receita-void-assault-shoulder-weapon) — evidence-cat/L_Ender's Cataclysm 1.21.1-3.33.jar::data/cataclysm/recipe/weapon_infusion/void_assault_shoulder_weapon.json; [Receita void_forge](lote-5-mods-2026-10-06/cat-cards-2026-10-06.md#receita-void-forge) — evidence-cat/L_Ender's Cataclysm 1.21.1-3.33.jar::data/cataclysm/recipe/weapon_infusion/void_forge.json
Ender Guardian,Cataclysm,Chefe hostil de estrutura/altar; combate com mecânicas próprias,Ruined Citadel/Altar of Void; AltarOfVoid_Block_Entity cria entidade pelo servidor. evidence-cat/decompiled-full/com/github/L_Ender/cataclysm/blockentities/AltarOfVoid_Block_Entity.java,Loot de morte,cataclysm:gauntlet_of_guard,1,"pool 1: 1 sorteio(s), peso bruto 1/1; peso condicionado aos candidatos elegíveis; reposição em múltiplos sorteios",Arma/luva: segurar uso atrai entidades vivas próximas na rotina onUseTick (raio11); falha com escudo ativo na outra mão.,Alta no recurso/código da build auditada; configuração efetiva do pack não confirmada,/images/bestiary/audited/cat/ender-guardian.png,com/github/L_Ender/cataclysm/client/model/entity/Ender_Guardian_Model.class; com/github/L_Ender/cataclysm/client/render/entity/Ender_Guardian_Renderer.class; assets/cataclysm/textures/entity/ender_guardian.png; assets/cataclysm/textures/entity/ender_guardian_layer.png; com/github/L_Ender/cataclysm/client/event/ClientSetup.class; com/github/L_Ender/cataclysm/client/model/CMModelLayers.class; com/github/L_Ender/cataclysm/client/render/layer/Ender_Guardian_Layer.class; com/github/L_Ender/cataclysm/init/ModEntities.class; com/github/L_Ender/lionfishapi/client/model/tools/AdvancedEntityModel.class; com/github/L_Ender/lionfishapi/client/model/tools/AdvancedModelBox.class; output-cat/proveniencia.json,evidence-cat/L_Ender's Cataclysm 1.21.1-3.33.jar::data/cataclysm/loot_table/entities/ender_guardian.json; evidence-cat/decompiled-full/com/github/L_Ender/cataclysm/entity/AnimationMonster/BossMonsters/Ender_Guardian_Entity.java; evidence-cat/decompiled-full/com/github/L_Ender/cataclysm/init/ModItems.java; evidence-cat/decompiled-full/com/github/L_Ender/cataclysm/world/CMWorldRegistry.java,/bestiary/receitas/cat.html#receita-gauntlet-of-bulwark | [Receita gauntlet_of_bulwark](lote-5-mods-2026-10-06/cat-cards-2026-10-06.md#receita-gauntlet-of-bulwark) — evidence-cat/L_Ender's Cataclysm 1.21.1-3.33.jar::data/cataclysm/recipe/weapon_infusion/gauntlet_of_bulwark.json; [Receita gauntlet_of_maelstrom](lote-5-mods-2026-10-06/cat-cards-2026-10-06.md#receita-gauntlet-of-maelstrom) — evidence-cat/L_Ender's Cataclysm 1.21.1-3.33.jar::data/cataclysm/recipe/weapon_infusion/gauntlet_of_maelstrom.json
Ender Guardian,Cataclysm,Chefe hostil de estrutura/altar; combate com mecânicas próprias,Ruined Citadel/Altar of Void; AltarOfVoid_Block_Entity cria entidade pelo servidor. evidence-cat/decompiled-full/com/github/L_Ender/cataclysm/blockentities/AltarOfVoid_Block_Entity.java,Loot de morte,cataclysm:music_disc_ender_guardian,1,"sem Saque 10%; com Saque nível≥1 10% constante (LevelBasedValue constante, não bônus por nível); pool 2: 1 sorteio(s), peso bruto 1/1; peso condicionado aos candidatos elegíveis; reposição em múltiplos sorteios",Reproduzir a faixa em jukebox; item musical da versão auditada,Alta no recurso/código da build auditada; configuração efetiva do pack não confirmada,/images/bestiary/audited/cat/ender-guardian.png,com/github/L_Ender/cataclysm/client/model/entity/Ender_Guardian_Model.class; com/github/L_Ender/cataclysm/client/render/entity/Ender_Guardian_Renderer.class; assets/cataclysm/textures/entity/ender_guardian.png; assets/cataclysm/textures/entity/ender_guardian_layer.png; com/github/L_Ender/cataclysm/client/event/ClientSetup.class; com/github/L_Ender/cataclysm/client/model/CMModelLayers.class; com/github/L_Ender/cataclysm/client/render/layer/Ender_Guardian_Layer.class; com/github/L_Ender/cataclysm/init/ModEntities.class; com/github/L_Ender/lionfishapi/client/model/tools/AdvancedEntityModel.class; com/github/L_Ender/lionfishapi/client/model/tools/AdvancedModelBox.class; output-cat/proveniencia.json,evidence-cat/L_Ender's Cataclysm 1.21.1-3.33.jar::data/cataclysm/loot_table/entities/ender_guardian.json; evidence-cat/decompiled-full/com/github/L_Ender/cataclysm/entity/AnimationMonster/BossMonsters/Ender_Guardian_Entity.java; evidence-cat/decompiled-full/com/github/L_Ender/cataclysm/init/ModItems.java; evidence-cat/decompiled-full/com/github/L_Ender/cataclysm/world/CMWorldRegistry.java,"Não aplicável: uso direto, interação ou sem receita identificada; fontes na linha"
Netherite Monstrosity,Cataclysm,Chefe hostil de estrutura/altar; combate com mecânicas próprias,Estruturas com entidade/spawner data/cataclysm/structure/monstrosity.nbt; ,Loot de morte,cataclysm:infernal_forge,1,"pool 1: 1 sorteio(s), peso bruto 1/1; peso condicionado aos candidatos elegíveis; reposição em múltiplos sorteios",Ferramenta/arma: usar sobre bloco com mão principal ativa EarthQuake e cooldown; combate causa knockback conforme classe Infernal_forge.,Alta no recurso/código da build auditada; configuração efetiva do pack não confirmada,/images/bestiary/audited/cat/netherite-monstrosity.png,com/github/L_Ender/cataclysm/client/model/entity/Netherite_Monstrosity_Model.class; com/github/L_Ender/cataclysm/client/render/entity/New_Netherite_Monstrosity_Renderer.class; assets/cataclysm/textures/entity/monstrosity/netherite_monstrosity.png; assets/cataclysm/textures/entity/monstrosity/netherite_monstrosity_layer.png; com/github/L_Ender/cataclysm/client/animation/Netherite_Monstrosity_Animation.class; com/github/L_Ender/cataclysm/client/event/ClientSetup.class; com/github/L_Ender/cataclysm/client/model/CMModelLayers.class; com/github/L_Ender/cataclysm/client/render/layer/Netherite_Monstrosity_Layer.class; com/github/L_Ender/cataclysm/init/ModEntities.class; output-cat/proveniencia.json,evidence-cat/L_Ender's Cataclysm 1.21.1-3.33.jar::data/cataclysm/loot_table/entities/netherite_monstrosity.json; evidence-cat/decompiled-full/com/github/L_Ender/cataclysm/entity/InternalAnimationMonster/IABossMonsters/NewNetherite_Monstrosity/Netherite_Monstrosity_Entity.java; evidence-cat/decompiled-full/com/github/L_Ender/cataclysm/init/ModItems.java; evidence-cat/decompiled-full/com/github/L_Ender/cataclysm/world/CMWorldRegistry.java,/bestiary/receitas/cat.html#receita-brontes | [Receita brontes](lote-5-mods-2026-10-06/cat-cards-2026-10-06.md#receita-brontes) — evidence-cat/L_Ender's Cataclysm 1.21.1-3.33.jar::data/cataclysm/recipe/weapon_infusion/brontes.json; [Receita void_forge](lote-5-mods-2026-10-06/cat-cards-2026-10-06.md#receita-void-forge) — evidence-cat/L_Ender's Cataclysm 1.21.1-3.33.jar::data/cataclysm/recipe/weapon_infusion/void_forge.json
Netherite Monstrosity,Cataclysm,Chefe hostil de estrutura/altar; combate com mecânicas próprias,Estruturas com entidade/spawner data/cataclysm/structure/monstrosity.nbt; ,Loot de morte,cataclysm:monstrous_horn,1,"pool 2: 1 sorteio(s), peso bruto 1/1; peso condicionado aos candidatos elegíveis; reposição em múltiplos sorteios",Ingrediente nas receitas versionadas para: cataclysm:monstrous_helm,Alta no recurso/código da build auditada; configuração efetiva do pack não confirmada,/images/bestiary/audited/cat/netherite-monstrosity.png,com/github/L_Ender/cataclysm/client/model/entity/Netherite_Monstrosity_Model.class; com/github/L_Ender/cataclysm/client/render/entity/New_Netherite_Monstrosity_Renderer.class; assets/cataclysm/textures/entity/monstrosity/netherite_monstrosity.png; assets/cataclysm/textures/entity/monstrosity/netherite_monstrosity_layer.png; com/github/L_Ender/cataclysm/client/animation/Netherite_Monstrosity_Animation.class; com/github/L_Ender/cataclysm/client/event/ClientSetup.class; com/github/L_Ender/cataclysm/client/model/CMModelLayers.class; com/github/L_Ender/cataclysm/client/render/layer/Netherite_Monstrosity_Layer.class; com/github/L_Ender/cataclysm/init/ModEntities.class; output-cat/proveniencia.json,evidence-cat/L_Ender's Cataclysm 1.21.1-3.33.jar::data/cataclysm/loot_table/entities/netherite_monstrosity.json; evidence-cat/decompiled-full/com/github/L_Ender/cataclysm/entity/InternalAnimationMonster/IABossMonsters/NewNetherite_Monstrosity/Netherite_Monstrosity_Entity.java; evidence-cat/decompiled-full/com/github/L_Ender/cataclysm/init/ModItems.java; evidence-cat/decompiled-full/com/github/L_Ender/cataclysm/world/CMWorldRegistry.java,/bestiary/receitas/cat.html#receita-monstrous-helm | [Receita monstrous_helm](lote-5-mods-2026-10-06/cat-cards-2026-10-06.md#receita-monstrous-helm) — evidence-cat/L_Ender's Cataclysm 1.21.1-3.33.jar::data/cataclysm/recipe/smithing/monstrous_helm.json
Netherite Monstrosity,Cataclysm,Chefe hostil de estrutura/altar; combate com mecânicas próprias,Estruturas com entidade/spawner data/cataclysm/structure/monstrosity.nbt; ,Loot de morte,cataclysm:lava_power_cell,16–24,"pool 3: 1 sorteio(s), peso bruto 1/1; peso condicionado aos candidatos elegíveis; reposição em múltiplos sorteios; set_count ",Domar Netherite Ministrosity; custos/receitas no apêndice.,Alta no recurso/código da build auditada; configuração efetiva do pack não confirmada,/images/bestiary/audited/cat/netherite-monstrosity.png,com/github/L_Ender/cataclysm/client/model/entity/Netherite_Monstrosity_Model.class; com/github/L_Ender/cataclysm/client/render/entity/New_Netherite_Monstrosity_Renderer.class; assets/cataclysm/textures/entity/monstrosity/netherite_monstrosity.png; assets/cataclysm/textures/entity/monstrosity/netherite_monstrosity_layer.png; com/github/L_Ender/cataclysm/client/animation/Netherite_Monstrosity_Animation.class; com/github/L_Ender/cataclysm/client/event/ClientSetup.class; com/github/L_Ender/cataclysm/client/model/CMModelLayers.class; com/github/L_Ender/cataclysm/client/render/layer/Netherite_Monstrosity_Layer.class; com/github/L_Ender/cataclysm/init/ModEntities.class; output-cat/proveniencia.json,evidence-cat/L_Ender's Cataclysm 1.21.1-3.33.jar::data/cataclysm/loot_table/entities/netherite_monstrosity.json; evidence-cat/decompiled-full/com/github/L_Ender/cataclysm/entity/InternalAnimationMonster/IABossMonsters/NewNetherite_Monstrosity/Netherite_Monstrosity_Entity.java; evidence-cat/decompiled-full/com/github/L_Ender/cataclysm/init/ModItems.java; evidence-cat/decompiled-full/com/github/L_Ender/cataclysm/world/CMWorldRegistry.java,"Não aplicável: uso direto, interação ou sem receita identificada; fontes na linha"
Netherite Monstrosity,Cataclysm,Chefe hostil de estrutura/altar; combate com mecânicas próprias,Estruturas com entidade/spawner data/cataclysm/structure/monstrosity.nbt; ,Loot de morte,cataclysm:music_disc_netherite_monstrosity,1,"sem Saque 10%; com Saque nível≥1 10% constante (LevelBasedValue constante, não bônus por nível); pool 4: 1 sorteio(s), peso bruto 1/1; peso condicionado aos candidatos elegíveis; reposição em múltiplos sorteios",Reproduzir a faixa em jukebox; item musical da versão auditada,Alta no recurso/código da build auditada; configuração efetiva do pack não confirmada,/images/bestiary/audited/cat/netherite-monstrosity.png,com/github/L_Ender/cataclysm/client/model/entity/Netherite_Monstrosity_Model.class; com/github/L_Ender/cataclysm/client/render/entity/New_Netherite_Monstrosity_Renderer.class; assets/cataclysm/textures/entity/monstrosity/netherite_monstrosity.png; assets/cataclysm/textures/entity/monstrosity/netherite_monstrosity_layer.png; com/github/L_Ender/cataclysm/client/animation/Netherite_Monstrosity_Animation.class; com/github/L_Ender/cataclysm/client/event/ClientSetup.class; com/github/L_Ender/cataclysm/client/model/CMModelLayers.class; com/github/L_Ender/cataclysm/client/render/layer/Netherite_Monstrosity_Layer.class; com/github/L_Ender/cataclysm/init/ModEntities.class; output-cat/proveniencia.json,evidence-cat/L_Ender's Cataclysm 1.21.1-3.33.jar::data/cataclysm/loot_table/entities/netherite_monstrosity.json; evidence-cat/decompiled-full/com/github/L_Ender/cataclysm/entity/InternalAnimationMonster/IABossMonsters/NewNetherite_Monstrosity/Netherite_Monstrosity_Entity.java; evidence-cat/decompiled-full/com/github/L_Ender/cataclysm/init/ModItems.java; evidence-cat/decompiled-full/com/github/L_Ender/cataclysm/world/CMWorldRegistry.java,"Não aplicável: uso direto, interação ou sem receita identificada; fontes na linha"
Netherite Ministrosity,Cataclysm,"Pet domesticável; dono, cura/ordens e captura para transporte",Invocado usando Netherite Effigy (Netherite_Effigy.java); pet domável com Lava Power Cell.,Loot de morte,cataclysm:netherite_effigy,1,"pool 1: 1 sorteio(s), peso bruto 1/1; peso condicionado aos candidatos elegíveis; reposição em múltiplos sorteios","Uso invoca Netherite Ministrosity; depois domar com Lava Power Cell. A morte do pet devolve effigy no loot, não inferir multiplicação infinita.",Alta no recurso/código da build auditada; configuração efetiva do pack não confirmada,/images/bestiary/audited/cat/netherite-ministrosity.png,com/github/L_Ender/cataclysm/client/model/entity/Netherite_Ministrosity_Model.class; com/github/L_Ender/cataclysm/client/render/entity/Netherite_Ministrosity_Renderer.class; assets/cataclysm/textures/entity/monstrosity/netherite_ministrosity.png; assets/cataclysm/textures/entity/monstrosity/netherite_ministrosity_layer.png; com/github/L_Ender/cataclysm/client/animation/Netherite_Ministrosity_Animation.class; com/github/L_Ender/cataclysm/client/event/ClientSetup.class; com/github/L_Ender/cataclysm/client/model/CMModelLayers.class; com/github/L_Ender/cataclysm/client/render/layer/Netherite_Ministrosity_Layer.class; com/github/L_Ender/cataclysm/init/ModEntities.class; output-cat/proveniencia.json,evidence-cat/L_Ender's Cataclysm 1.21.1-3.33.jar::data/cataclysm/loot_table/entities/netherite_ministrosity.json; evidence-cat/decompiled-full/com/github/L_Ender/cataclysm/entity/Pet/Netherite_Ministrosity_Entity.java; evidence-cat/decompiled-full/com/github/L_Ender/cataclysm/init/ModItems.java; evidence-cat/decompiled-full/com/github/L_Ender/cataclysm/world/CMWorldRegistry.java,"Não aplicável: uso direto, interação ou sem receita identificada; fontes na linha"
Netherite Ministrosity,Cataclysm,"Pet domesticável; dono, cura/ordens e captura para transporte",Invocado usando Netherite Effigy (Netherite_Effigy.java); pet domável com Lava Power Cell.,Captura/transporte em balde,cataclysm:netherite_ministrosity_bucket,1,"Bucket vazio; bucket pickup customizado; entidade viva; salva dados da criatura no bucket, remove entidade do mundo, sem abate; Modern Remnant/Baby Leviathan exigem domado; Ministrosity exige domado e dono.",Transportar e soltar o mesmo pet preservando dados; não é recompensa adicional de morte,Alta no recurso/código da build auditada; configuração efetiva do pack não confirmada,/images/bestiary/audited/cat/netherite-ministrosity.png,com/github/L_Ender/cataclysm/client/model/entity/Netherite_Ministrosity_Model.class; com/github/L_Ender/cataclysm/client/render/entity/Netherite_Ministrosity_Renderer.class; assets/cataclysm/textures/entity/monstrosity/netherite_ministrosity.png; assets/cataclysm/textures/entity/monstrosity/netherite_ministrosity_layer.png; com/github/L_Ender/cataclysm/client/animation/Netherite_Ministrosity_Animation.class; com/github/L_Ender/cataclysm/client/event/ClientSetup.class; com/github/L_Ender/cataclysm/client/model/CMModelLayers.class; com/github/L_Ender/cataclysm/client/render/layer/Netherite_Ministrosity_Layer.class; com/github/L_Ender/cataclysm/init/ModEntities.class; output-cat/proveniencia.json,evidence-cat/decompiled-full/com/github/L_Ender/cataclysm/entity/Pet/Netherite_Ministrosity_Entity.java; evidence-cat/decompiled-full/com/github/L_Ender/cataclysm/entity/Pet/Netherite_Ministrosity_Entity.java; evidence-cat/decompiled-full/com/github/L_Ender/cataclysm/init/ModItems.java; evidence-cat/decompiled-full/com/github/L_Ender/cataclysm/world/CMWorldRegistry.java,"Não aplicável: uso direto, interação ou sem receita identificada; fontes na linha"
Netherite Ministrosity,Cataclysm,"Pet domesticável; dono, cura/ordens e captura para transporte",Invocado usando Netherite Effigy (Netherite_Effigy.java); pet domável com Lava Power Cell.,Inventário do pet na morte,Conteúdo efetivo do inventário,Cada pilha guardada elegível,dropEquipment percorre inventário; não criar pool fixo com esses itens. Levar em bucket preserva dados conforme captura.,"Recuperação do que foi armazenado, separada da effigy do loot próprio",Alta no recurso/código da build auditada; configuração efetiva do pack não confirmada,/images/bestiary/audited/cat/netherite-ministrosity.png,com/github/L_Ender/cataclysm/client/model/entity/Netherite_Ministrosity_Model.class; com/github/L_Ender/cataclysm/client/render/entity/Netherite_Ministrosity_Renderer.class; assets/cataclysm/textures/entity/monstrosity/netherite_ministrosity.png; assets/cataclysm/textures/entity/monstrosity/netherite_ministrosity_layer.png; com/github/L_Ender/cataclysm/client/animation/Netherite_Ministrosity_Animation.class; com/github/L_Ender/cataclysm/client/event/ClientSetup.class; com/github/L_Ender/cataclysm/client/model/CMModelLayers.class; com/github/L_Ender/cataclysm/client/render/layer/Netherite_Ministrosity_Layer.class; com/github/L_Ender/cataclysm/init/ModEntities.class; output-cat/proveniencia.json,evidence-cat/decompiled-full/com/github/L_Ender/cataclysm/entity/Pet/Netherite_Ministrosity_Entity.java; evidence-cat/decompiled-full/com/github/L_Ender/cataclysm/entity/Pet/Netherite_Ministrosity_Entity.java; evidence-cat/decompiled-full/com/github/L_Ender/cataclysm/init/ModItems.java; evidence-cat/decompiled-full/com/github/L_Ender/cataclysm/world/CMWorldRegistry.java,"Não aplicável: uso direto, interação ou sem receita identificada; fontes na linha"
Endermaptera,Cataclysm,Criatura hostil; classe e alvos do mod,"não confirmado: build3.33 registra entidade/regra de spawn, mas varredura das188 estruturas NBT, worldgen/biome tags e1313 classes não localizou rota de geração natural. checkMonsterSpawnRules exclui #endermaptera_can_not_spawn; isso não prova geração. Exceção de encontro.",Tabela de morte vazia,Sem itens no JSON,0,; pools=[]; outras rotas separadas,Não aplicável,Loot e uso confirmados; exceção de localização após varredura da build,/images/bestiary/audited/cat/endermaptera.png,com/github/L_Ender/cataclysm/client/model/entity/Endermaptera_Model.class; com/github/L_Ender/cataclysm/client/render/entity/Endermaptera_Renderer.class; assets/cataclysm/textures/entity/ender_ssap_bug.png; assets/cataclysm/textures/entity/ender_ssap_bug_layer.png; com/github/L_Ender/cataclysm/client/event/ClientSetup.class; com/github/L_Ender/cataclysm/client/model/CMModelLayers.class; com/github/L_Ender/cataclysm/client/render/layer/LayerGenericGlowing.class; com/github/L_Ender/cataclysm/init/ModEntities.class; com/github/L_Ender/lionfishapi/client/model/tools/AdvancedEntityModel.class; com/github/L_Ender/lionfishapi/client/model/tools/AdvancedModelBox.class; output-cat/proveniencia.json,evidence-cat/L_Ender's Cataclysm 1.21.1-3.33.jar::data/cataclysm/loot_table/entities/endermaptera.json; evidence-cat/decompiled-full/com/github/L_Ender/cataclysm/entity/AnimationMonster/Endermaptera_Entity.java; evidence-cat/decompiled-full/com/github/L_Ender/cataclysm/init/ModItems.java; evidence-cat/decompiled-full/com/github/L_Ender/cataclysm/world/CMWorldRegistry.java; evidence-cat/decompiled-full/com/github/L_Ender/cataclysm/entity/AnimationMonster/Endermaptera_Entity.java; evidence-cat/decompiled-full/com/github/L_Ender/cataclysm/world/CMWorldRegistry.java,"Não aplicável: uso direto, interação ou sem receita identificada; fontes na linha"
Endermaptera,Cataclysm,Criatura hostil; classe e alvos do mod,"não confirmado: build3.33 registra entidade/regra de spawn, mas varredura das188 estruturas NBT, worldgen/biome tags e1313 classes não localizou rota de geração natural. checkMonsterSpawnRules exclui #endermaptera_can_not_spawn; isso não prova geração. Exceção de encontro.",Loot de morte,cataclysm:void_jaw,1,"Seleção alternativa no getDefaultLootTable: somente getHasJaw=true; tabela base vazia quando perdeu mandíbula. Não somar as duas tabelas.; pool 1: 1–2 sorteio(s), peso bruto 1/1; peso condicionado aos candidatos elegíveis; reposição em múltiplos sorteios",Ingrediente nas receitas versionadas para: cataclysm:void_scatter_arrow,Loot e uso confirmados; exceção de localização após varredura da build,/images/bestiary/audited/cat/endermaptera.png,com/github/L_Ender/cataclysm/client/model/entity/Endermaptera_Model.class; com/github/L_Ender/cataclysm/client/render/entity/Endermaptera_Renderer.class; assets/cataclysm/textures/entity/ender_ssap_bug.png; assets/cataclysm/textures/entity/ender_ssap_bug_layer.png; com/github/L_Ender/cataclysm/client/event/ClientSetup.class; com/github/L_Ender/cataclysm/client/model/CMModelLayers.class; com/github/L_Ender/cataclysm/client/render/layer/LayerGenericGlowing.class; com/github/L_Ender/cataclysm/init/ModEntities.class; com/github/L_Ender/lionfishapi/client/model/tools/AdvancedEntityModel.class; com/github/L_Ender/lionfishapi/client/model/tools/AdvancedModelBox.class; output-cat/proveniencia.json,evidence-cat/L_Ender's Cataclysm 1.21.1-3.33.jar::data/cataclysm/loot_table/entities/endermaptera_has_jaws.json; evidence-cat/decompiled-full/com/github/L_Ender/cataclysm/entity/AnimationMonster/Endermaptera_Entity.java; evidence-cat/decompiled-full/com/github/L_Ender/cataclysm/init/ModItems.java; evidence-cat/decompiled-full/com/github/L_Ender/cataclysm/world/CMWorldRegistry.java; evidence-cat/decompiled-full/com/github/L_Ender/cataclysm/entity/AnimationMonster/Endermaptera_Entity.java; evidence-cat/decompiled-full/com/github/L_Ender/cataclysm/world/CMWorldRegistry.java,/bestiary/receitas/cat.html#receita-void-scatter-arrow | [Receita void_scatter_arrow](lote-5-mods-2026-10-06/cat-cards-2026-10-06.md#receita-void-scatter-arrow) — evidence-cat/L_Ender's Cataclysm 1.21.1-3.33.jar::data/cataclysm/recipe/void_scatter_arrow.json
Deepling,Cataclysm,Criatura hostil; classe e alvos do mod,"Estruturas com entidade/spawner data/cataclysm/structure/deepling.nbt; Spawn via #cataclysm:deeplings_spawn (Ignited Berserker usa tag de estrutura, demais tag de bioma); peso configurável >0; CMWorldRegistry e CMCommonConfig.Spawning; Gerado pelo código de Sunken_City_Structure; evidence-cat/decompiled-full/com/github/L_Ender/cataclysm/structures/Sunken_City_Structure.java; ",Loot de morte,minecraft:nautilus_shell,1,"chance 100%; pool 1: 1 sorteio(s), peso bruto 1/1; peso condicionado aos candidatos elegíveis; reposição em múltiplos sorteios",Ingrediente nas receitas versionadas para: cataclysm:abyssal_sacrifice,Alta no recurso/código da build auditada; configuração efetiva do pack não confirmada,/images/bestiary/audited/cat/deepling.png,com/github/L_Ender/cataclysm/client/model/entity/Deepling_Model.class; com/github/L_Ender/cataclysm/client/render/entity/Deepling_Renderer.class; assets/cataclysm/textures/entity/deepling/deepling_1.png; assets/cataclysm/textures/entity/deepling/deepling_layer.png; com/github/L_Ender/cataclysm/client/event/ClientSetup.class; com/github/L_Ender/cataclysm/client/model/CMModelLayers.class; com/github/L_Ender/cataclysm/client/render/layer/AbstractDeepling_Layer.class; com/github/L_Ender/cataclysm/client/render/layer/LayerDeeplingItem.class; com/github/L_Ender/cataclysm/init/ModEntities.class; com/github/L_Ender/lionfishapi/client/model/tools/AdvancedEntityModel.class; com/github/L_Ender/lionfishapi/client/model/tools/AdvancedModelBox.class; output-cat/proveniencia.json,evidence-cat/L_Ender's Cataclysm 1.21.1-3.33.jar::data/cataclysm/loot_table/entities/deepling.json; evidence-cat/decompiled-full/com/github/L_Ender/cataclysm/entity/Deepling/Deepling_Entity.java; evidence-cat/decompiled-full/com/github/L_Ender/cataclysm/init/ModItems.java; evidence-cat/decompiled-full/com/github/L_Ender/cataclysm/world/CMWorldRegistry.java,/bestiary/receitas/cat.html#receita-conduit | [Receita conduit](lote-5-mods-2026-10-06/cat-cards-2026-10-06.md#receita-conduit) — evidence/minecraft-1.21.1-client.jar::data/minecraft/recipe/conduit.json
Deepling,Cataclysm,Criatura hostil; classe e alvos do mod,"Estruturas com entidade/spawner data/cataclysm/structure/deepling.nbt; Spawn via #cataclysm:deeplings_spawn (Ignited Berserker usa tag de estrutura, demais tag de bioma); peso configurável >0; CMWorldRegistry e CMCommonConfig.Spawning; Gerado pelo código de Sunken_City_Structure; evidence-cat/decompiled-full/com/github/L_Ender/cataclysm/structures/Sunken_City_Structure.java; ",Equipamento na morte,cataclysm:coral_spear,0–1,"Mão equipada por finalizeSpawn; Atribuição ao jogador/recentemente atingido; equipamento ainda no slot, não vazio nem PreventEquipmentDrop/Vanishing. Chance padrão por slot8.5%, +1p.p./nível de Saque pelo enchantment/equipment_drops vanilla1.21.1; danifica equipamento antes de entregar. Chance0 é descartada antes do bônus. Condições/snapshot NBT podem alterar estado.",Arma/escudo/ferramenta para o tipo indicado; classes de item no registro ModItems ou Items vanilla,Alta no recurso/código da build auditada; configuração efetiva do pack não confirmada,/images/bestiary/audited/cat/deepling.png,com/github/L_Ender/cataclysm/client/model/entity/Deepling_Model.class; com/github/L_Ender/cataclysm/client/render/entity/Deepling_Renderer.class; assets/cataclysm/textures/entity/deepling/deepling_1.png; assets/cataclysm/textures/entity/deepling/deepling_layer.png; com/github/L_Ender/cataclysm/client/event/ClientSetup.class; com/github/L_Ender/cataclysm/client/model/CMModelLayers.class; com/github/L_Ender/cataclysm/client/render/layer/AbstractDeepling_Layer.class; com/github/L_Ender/cataclysm/client/render/layer/LayerDeeplingItem.class; com/github/L_Ender/cataclysm/init/ModEntities.class; com/github/L_Ender/lionfishapi/client/model/tools/AdvancedEntityModel.class; com/github/L_Ender/lionfishapi/client/model/tools/AdvancedModelBox.class; output-cat/proveniencia.json,evidence-cat/decompiled-full/com/github/L_Ender/cataclysm/entity/Deepling/Deepling_Entity.java; evidence-cat/decompiled-full/com/github/L_Ender/cataclysm/init/ModItems.java; evidence-vanilla-lote8/btp.java (Mob.dropCustomDeathLoot); evidence/minecraft-1.21.1-client.jar::data/minecraft/enchantment/looting.json; evidence-cat/decompiled-full/com/github/L_Ender/cataclysm/entity/Deepling/Deepling_Entity.java,"Não aplicável: uso direto, interação ou sem receita identificada; fontes na linha"
Deepling Brute,Cataclysm,Criatura hostil; classe e alvos do mod,"Estruturas com entidade/spawner data/cataclysm/structure/deepling_brute.nbt; Spawn via #cataclysm:deeplings_spawn (Ignited Berserker usa tag de estrutura, demais tag de bioma); peso configurável >0; CMWorldRegistry e CMCommonConfig.Spawning; Gerado pelo código de Sunken_City_Structure; evidence-cat/decompiled-full/com/github/L_Ender/cataclysm/structures/Sunken_City_Structure.java; ",Loot de morte,minecraft:nautilus_shell,1,"chance 5%; pool 1: 1 sorteio(s), peso bruto 1/1; peso condicionado aos candidatos elegíveis; reposição em múltiplos sorteios",Ingrediente nas receitas versionadas para: cataclysm:abyssal_sacrifice,Alta no recurso/código da build auditada; configuração efetiva do pack não confirmada,/images/bestiary/audited/cat/deepling-brute.png,com/github/L_Ender/cataclysm/client/model/entity/Deepling_Brute_Model.class; com/github/L_Ender/cataclysm/client/render/entity/Deepling_Brute_Renderer.class; assets/cataclysm/textures/entity/deepling/deepling_brute.png; assets/cataclysm/textures/entity/deepling/deepling_brute_layer.png; com/github/L_Ender/cataclysm/client/event/ClientSetup.class; com/github/L_Ender/cataclysm/client/model/CMModelLayers.class; com/github/L_Ender/cataclysm/client/render/layer/AbstractDeepling_Layer.class; com/github/L_Ender/cataclysm/client/render/layer/LayerDeeplingBruteItem.class; com/github/L_Ender/cataclysm/init/ModEntities.class; com/github/L_Ender/lionfishapi/client/model/tools/AdvancedEntityModel.class; com/github/L_Ender/lionfishapi/client/model/tools/AdvancedModelBox.class; output-cat/proveniencia.json,evidence-cat/L_Ender's Cataclysm 1.21.1-3.33.jar::data/cataclysm/loot_table/entities/deepling_brute.json; evidence-cat/decompiled-full/com/github/L_Ender/cataclysm/entity/Deepling/Deepling_Brute_Entity.java; evidence-cat/decompiled-full/com/github/L_Ender/cataclysm/init/ModItems.java; evidence-cat/decompiled-full/com/github/L_Ender/cataclysm/world/CMWorldRegistry.java,/bestiary/receitas/cat.html#receita-conduit | [Receita conduit](lote-5-mods-2026-10-06/cat-cards-2026-10-06.md#receita-conduit) — evidence/minecraft-1.21.1-client.jar::data/minecraft/recipe/conduit.json
Deepling Brute,Cataclysm,Criatura hostil; classe e alvos do mod,"Estruturas com entidade/spawner data/cataclysm/structure/deepling_brute.nbt; Spawn via #cataclysm:deeplings_spawn (Ignited Berserker usa tag de estrutura, demais tag de bioma); peso configurável >0; CMWorldRegistry e CMCommonConfig.Spawning; Gerado pelo código de Sunken_City_Structure; evidence-cat/decompiled-full/com/github/L_Ender/cataclysm/structures/Sunken_City_Structure.java; ",Equipamento na morte,cataclysm:coral_bardiche,0–1,"Mão equipada por finalizeSpawn; Atribuição ao jogador/recentemente atingido; equipamento ainda no slot, não vazio nem PreventEquipmentDrop/Vanishing. Chance padrão por slot8.5%, +1p.p./nível de Saque pelo enchantment/equipment_drops vanilla1.21.1; danifica equipamento antes de entregar. Chance0 é descartada antes do bônus. Condições/snapshot NBT podem alterar estado.",Arma/escudo/ferramenta para o tipo indicado; classes de item no registro ModItems ou Items vanilla,Alta no recurso/código da build auditada; configuração efetiva do pack não confirmada,/images/bestiary/audited/cat/deepling-brute.png,com/github/L_Ender/cataclysm/client/model/entity/Deepling_Brute_Model.class; com/github/L_Ender/cataclysm/client/render/entity/Deepling_Brute_Renderer.class; assets/cataclysm/textures/entity/deepling/deepling_brute.png; assets/cataclysm/textures/entity/deepling/deepling_brute_layer.png; com/github/L_Ender/cataclysm/client/event/ClientSetup.class; com/github/L_Ender/cataclysm/client/model/CMModelLayers.class; com/github/L_Ender/cataclysm/client/render/layer/AbstractDeepling_Layer.class; com/github/L_Ender/cataclysm/client/render/layer/LayerDeeplingBruteItem.class; com/github/L_Ender/cataclysm/init/ModEntities.class; com/github/L_Ender/lionfishapi/client/model/tools/AdvancedEntityModel.class; com/github/L_Ender/lionfishapi/client/model/tools/AdvancedModelBox.class; output-cat/proveniencia.json,evidence-cat/decompiled-full/com/github/L_Ender/cataclysm/entity/Deepling/Deepling_Brute_Entity.java; evidence-cat/decompiled-full/com/github/L_Ender/cataclysm/init/ModItems.java; evidence-vanilla-lote8/btp.java (Mob.dropCustomDeathLoot); evidence/minecraft-1.21.1-client.jar::data/minecraft/enchantment/looting.json; evidence-cat/decompiled-full/com/github/L_Ender/cataclysm/entity/Deepling/Deepling_Brute_Entity.java,"Não aplicável: uso direto, interação ou sem receita identificada; fontes na linha"
Deepling Angler,Cataclysm,Criatura hostil; classe e alvos do mod,"Spawn via #cataclysm:deeplings_spawn (Ignited Berserker usa tag de estrutura, demais tag de bioma); peso configurável >0; CMWorldRegistry e CMCommonConfig.Spawning; Gerado pelo código de Sunken_City_Structure; evidence-cat/decompiled-full/com/github/L_Ender/cataclysm/structures/Sunken_City_Structure.java; ",Loot de morte,minecraft:nautilus_shell,1,"chance 2.5%; pool 1: 1 sorteio(s), peso bruto 1/1; peso condicionado aos candidatos elegíveis; reposição em múltiplos sorteios",Ingrediente nas receitas versionadas para: cataclysm:abyssal_sacrifice,Alta no recurso/código da build auditada; configuração efetiva do pack não confirmada,/images/bestiary/audited/cat/deepling-angler.png,com/github/L_Ender/cataclysm/client/model/entity/Deepling_Angler_Model.class; com/github/L_Ender/cataclysm/client/render/entity/Deepling_Angler_Renderer.class; assets/cataclysm/textures/entity/deepling/deepling_angler.png; assets/cataclysm/textures/entity/deepling/deepling_angler_layer.png; com/github/L_Ender/cataclysm/client/event/ClientSetup.class; com/github/L_Ender/cataclysm/client/model/CMModelLayers.class; com/github/L_Ender/cataclysm/client/render/layer/AbstractDeepling_Layer.class; com/github/L_Ender/cataclysm/client/render/layer/LayerDeepling_AnglerItem.class; com/github/L_Ender/cataclysm/init/ModEntities.class; com/github/L_Ender/lionfishapi/client/model/tools/AdvancedEntityModel.class; com/github/L_Ender/lionfishapi/client/model/tools/AdvancedModelBox.class; output-cat/proveniencia.json,evidence-cat/L_Ender's Cataclysm 1.21.1-3.33.jar::data/cataclysm/loot_table/entities/deepling_angler.json; evidence-cat/decompiled-full/com/github/L_Ender/cataclysm/entity/Deepling/Deepling_Angler_Entity.java; evidence-cat/decompiled-full/com/github/L_Ender/cataclysm/init/ModItems.java; evidence-cat/decompiled-full/com/github/L_Ender/cataclysm/world/CMWorldRegistry.java,/bestiary/receitas/cat.html#receita-conduit | [Receita conduit](lote-5-mods-2026-10-06/cat-cards-2026-10-06.md#receita-conduit) — evidence/minecraft-1.21.1-client.jar::data/minecraft/recipe/conduit.json
Deepling Angler,Cataclysm,Criatura hostil; classe e alvos do mod,"Spawn via #cataclysm:deeplings_spawn (Ignited Berserker usa tag de estrutura, demais tag de bioma); peso configurável >0; CMWorldRegistry e CMCommonConfig.Spawning; Gerado pelo código de Sunken_City_Structure; evidence-cat/decompiled-full/com/github/L_Ender/cataclysm/structures/Sunken_City_Structure.java; ",Equipamento na morte,minecraft:fishing_rod,0–1,"Mão equipada por finalizeSpawn; Atribuição ao jogador/recentemente atingido; equipamento ainda no slot, não vazio nem PreventEquipmentDrop/Vanishing. Chance padrão por slot8.5%, +1p.p./nível de Saque pelo enchantment/equipment_drops vanilla1.21.1; danifica equipamento antes de entregar. Chance0 é descartada antes do bônus. Condições/snapshot NBT podem alterar estado.",Arma/escudo/ferramenta para o tipo indicado; classes de item no registro ModItems ou Items vanilla,Alta no recurso/código da build auditada; configuração efetiva do pack não confirmada,/images/bestiary/audited/cat/deepling-angler.png,com/github/L_Ender/cataclysm/client/model/entity/Deepling_Angler_Model.class; com/github/L_Ender/cataclysm/client/render/entity/Deepling_Angler_Renderer.class; assets/cataclysm/textures/entity/deepling/deepling_angler.png; assets/cataclysm/textures/entity/deepling/deepling_angler_layer.png; com/github/L_Ender/cataclysm/client/event/ClientSetup.class; com/github/L_Ender/cataclysm/client/model/CMModelLayers.class; com/github/L_Ender/cataclysm/client/render/layer/AbstractDeepling_Layer.class; com/github/L_Ender/cataclysm/client/render/layer/LayerDeepling_AnglerItem.class; com/github/L_Ender/cataclysm/init/ModEntities.class; com/github/L_Ender/lionfishapi/client/model/tools/AdvancedEntityModel.class; com/github/L_Ender/lionfishapi/client/model/tools/AdvancedModelBox.class; output-cat/proveniencia.json,evidence-cat/decompiled-full/com/github/L_Ender/cataclysm/entity/Deepling/Deepling_Angler_Entity.java; evidence-cat/decompiled-full/com/github/L_Ender/cataclysm/init/ModItems.java; evidence-vanilla-lote8/btp.java (Mob.dropCustomDeathLoot); evidence/minecraft-1.21.1-client.jar::data/minecraft/enchantment/looting.json; evidence-cat/decompiled-full/com/github/L_Ender/cataclysm/entity/Deepling/Deepling_Angler_Entity.java,/bestiary/receitas/cat.html#receita-carrot-on-a-stick | [Receita carrot_on_a_stick](lote-5-mods-2026-10-06/cat-cards-2026-10-06.md#receita-carrot-on-a-stick) — evidence/minecraft-1.21.1-client.jar::data/minecraft/recipe/carrot_on_a_stick.json; [Receita warped_fungus_on_a_stick](lote-5-mods-2026-10-06/cat-cards-2026-10-06.md#receita-warped-fungus-on-a-stick) — evidence/minecraft-1.21.1-client.jar::data/minecraft/recipe/warped_fungus_on_a_stick.json
Deepling Priest,Cataclysm,Criatura hostil; classe e alvos do mod,"Estruturas com entidade/spawner data/cataclysm/structure/deepling_priest.nbt; Spawn via #cataclysm:deeplings_spawn (Ignited Berserker usa tag de estrutura, demais tag de bioma); peso configurável >0; CMWorldRegistry e CMCommonConfig.Spawning; Gerado pelo código de Sunken_City_Structure; evidence-cat/decompiled-full/com/github/L_Ender/cataclysm/structures/Sunken_City_Structure.java; ",Loot de morte,cataclysm:athame,1,"pool 1: 1 sorteio(s), peso bruto 1/1; peso condicionado aos candidatos elegíveis; reposição em múltiplos sorteios","Adaga (SwordItem/Tiers.STONE): atributos +4 attack_damage, −1.8 attack_speed e −1 interaction_range na mão; reparável com Prismarine Shard.",Alta no recurso/código da build auditada; configuração efetiva do pack não confirmada,/images/bestiary/audited/cat/deepling-priest.png,com/github/L_Ender/cataclysm/client/model/entity/Deepling_Priest_Model.class; com/github/L_Ender/cataclysm/client/render/entity/Deepling_Priest_Renderer.class; assets/cataclysm/textures/entity/deepling/deepling_priest.png; assets/cataclysm/textures/entity/deepling/deepling_priest_layer.png; com/github/L_Ender/cataclysm/client/event/ClientSetup.class; com/github/L_Ender/cataclysm/client/model/CMModelLayers.class; com/github/L_Ender/cataclysm/client/render/layer/AbstractDeepling_Layer.class; com/github/L_Ender/cataclysm/client/render/layer/LayerDeepling_PriestItem.class; com/github/L_Ender/cataclysm/client/render/layer/LayerDeepling_Priest_Light.class; com/github/L_Ender/cataclysm/init/ModEntities.class; com/github/L_Ender/lionfishapi/client/model/tools/AdvancedEntityModel.class; com/github/L_Ender/lionfishapi/client/model/tools/AdvancedModelBox.class; output-cat/proveniencia.json,evidence-cat/L_Ender's Cataclysm 1.21.1-3.33.jar::data/cataclysm/loot_table/entities/deepling_priest.json; evidence-cat/decompiled-full/com/github/L_Ender/cataclysm/entity/Deepling/Deepling_Priest_Entity.java; evidence-cat/decompiled-full/com/github/L_Ender/cataclysm/init/ModItems.java; evidence-cat/decompiled-full/com/github/L_Ender/cataclysm/world/CMWorldRegistry.java,/bestiary/receitas/cat.html#receita-abyssal-sacrifice | [Receita abyssal_sacrifice](lote-5-mods-2026-10-06/cat-cards-2026-10-06.md#receita-abyssal-sacrifice) — evidence-cat/L_Ender's Cataclysm 1.21.1-3.33.jar::data/cataclysm/recipe/abyssal_sacrifice.json; [Receita abyssal_sacrifice2](lote-5-mods-2026-10-06/cat-cards-2026-10-06.md#receita-abyssal-sacrifice2) — evidence-cat/L_Ender's Cataclysm 1.21.1-3.33.jar::data/cataclysm/recipe/abyssal_sacrifice2.json
Deepling Priest,Cataclysm,Criatura hostil; classe e alvos do mod,"Estruturas com entidade/spawner data/cataclysm/structure/deepling_priest.nbt; Spawn via #cataclysm:deeplings_spawn (Ignited Berserker usa tag de estrutura, demais tag de bioma); peso configurável >0; CMWorldRegistry e CMCommonConfig.Spawning; Gerado pelo código de Sunken_City_Structure; evidence-cat/decompiled-full/com/github/L_Ender/cataclysm/structures/Sunken_City_Structure.java; ",Equipamento com drop desabilitado,cataclysm:athame,0,"Mão com Athame, mas setDropChance(MAINHAND,0.0f). Mob descarta chance0 antes do bônus de Saque; não somar a adaga empunhada ao pool nativo.","Adaga (SwordItem/Tiers.STONE): atributos +4 attack_damage, −1.8 attack_speed e −1 interaction_range na mão; reparável com Prismarine Shard.",Alta no recurso/código da build auditada; configuração efetiva do pack não confirmada,/images/bestiary/audited/cat/deepling-priest.png,com/github/L_Ender/cataclysm/client/model/entity/Deepling_Priest_Model.class; com/github/L_Ender/cataclysm/client/render/entity/Deepling_Priest_Renderer.class; assets/cataclysm/textures/entity/deepling/deepling_priest.png; assets/cataclysm/textures/entity/deepling/deepling_priest_layer.png; com/github/L_Ender/cataclysm/client/event/ClientSetup.class; com/github/L_Ender/cataclysm/client/model/CMModelLayers.class; com/github/L_Ender/cataclysm/client/render/layer/AbstractDeepling_Layer.class; com/github/L_Ender/cataclysm/client/render/layer/LayerDeepling_PriestItem.class; com/github/L_Ender/cataclysm/client/render/layer/LayerDeepling_Priest_Light.class; com/github/L_Ender/cataclysm/init/ModEntities.class; com/github/L_Ender/lionfishapi/client/model/tools/AdvancedEntityModel.class; com/github/L_Ender/lionfishapi/client/model/tools/AdvancedModelBox.class; output-cat/proveniencia.json,evidence-cat/decompiled-full/com/github/L_Ender/cataclysm/entity/Deepling/Deepling_Priest_Entity.java; evidence-vanilla-lote8/btp.java (Mob.dropCustomDeathLoot); evidence/minecraft-1.21.1-client.jar::data/minecraft/enchantment/looting.json; evidence-cat/decompiled-full/com/github/L_Ender/cataclysm/entity/Deepling/Deepling_Priest_Entity.java,/bestiary/receitas/cat.html#receita-abyssal-sacrifice | [Receita abyssal_sacrifice](lote-5-mods-2026-10-06/cat-cards-2026-10-06.md#receita-abyssal-sacrifice) — evidence-cat/L_Ender's Cataclysm 1.21.1-3.33.jar::data/cataclysm/recipe/abyssal_sacrifice.json; [Receita abyssal_sacrifice2](lote-5-mods-2026-10-06/cat-cards-2026-10-06.md#receita-abyssal-sacrifice2) — evidence-cat/L_Ender's Cataclysm 1.21.1-3.33.jar::data/cataclysm/recipe/abyssal_sacrifice2.json
Deepling Warlock,Cataclysm,Criatura hostil; classe e alvos do mod,"Spawn via #cataclysm:deeplings_spawn (Ignited Berserker usa tag de estrutura, demais tag de bioma); peso configurável >0; CMWorldRegistry e CMCommonConfig.Spawning; Gerado pelo código de Sunken_City_Structure; evidence-cat/decompiled-full/com/github/L_Ender/cataclysm/structures/Sunken_City_Structure.java; ",Loot de morte,cataclysm:athame,1,"pool 1: 1 sorteio(s), peso bruto 1/1; peso condicionado aos candidatos elegíveis; reposição em múltiplos sorteios","Adaga (SwordItem/Tiers.STONE): atributos +4 attack_damage, −1.8 attack_speed e −1 interaction_range na mão; reparável com Prismarine Shard.",Alta no recurso/código da build auditada; configuração efetiva do pack não confirmada,/images/bestiary/audited/cat/deepling-warlock.png,com/github/L_Ender/cataclysm/client/model/entity/Deepling_Warlock_Model.class; com/github/L_Ender/cataclysm/client/render/entity/Deepling_Warlock_Renderer.class; assets/cataclysm/textures/entity/deepling/deepling_warlock.png; assets/cataclysm/textures/entity/deepling/deepling_warlock_layer.png; com/github/L_Ender/cataclysm/client/event/ClientSetup.class; com/github/L_Ender/cataclysm/client/model/CMModelLayers.class; com/github/L_Ender/cataclysm/client/render/layer/AbstractDeepling_Layer.class; com/github/L_Ender/cataclysm/client/render/layer/LayerDeepling_WarlockItem.class; com/github/L_Ender/cataclysm/init/ModEntities.class; com/github/L_Ender/lionfishapi/client/model/tools/AdvancedEntityModel.class; com/github/L_Ender/lionfishapi/client/model/tools/AdvancedModelBox.class; output-cat/proveniencia.json,evidence-cat/L_Ender's Cataclysm 1.21.1-3.33.jar::data/cataclysm/loot_table/entities/deepling_warlock.json; evidence-cat/decompiled-full/com/github/L_Ender/cataclysm/entity/Deepling/Deepling_Warlock_Entity.java; evidence-cat/decompiled-full/com/github/L_Ender/cataclysm/init/ModItems.java; evidence-cat/decompiled-full/com/github/L_Ender/cataclysm/world/CMWorldRegistry.java,/bestiary/receitas/cat.html#receita-abyssal-sacrifice | [Receita abyssal_sacrifice](lote-5-mods-2026-10-06/cat-cards-2026-10-06.md#receita-abyssal-sacrifice) — evidence-cat/L_Ender's Cataclysm 1.21.1-3.33.jar::data/cataclysm/recipe/abyssal_sacrifice.json; [Receita abyssal_sacrifice2](lote-5-mods-2026-10-06/cat-cards-2026-10-06.md#receita-abyssal-sacrifice2) — evidence-cat/L_Ender's Cataclysm 1.21.1-3.33.jar::data/cataclysm/recipe/abyssal_sacrifice2.json
Deepling Warlock,Cataclysm,Criatura hostil; classe e alvos do mod,"Spawn via #cataclysm:deeplings_spawn (Ignited Berserker usa tag de estrutura, demais tag de bioma); peso configurável >0; CMWorldRegistry e CMCommonConfig.Spawning; Gerado pelo código de Sunken_City_Structure; evidence-cat/decompiled-full/com/github/L_Ender/cataclysm/structures/Sunken_City_Structure.java; ",Equipamento com drop desabilitado,cataclysm:athame,0,"Mão com Athame, mas setDropChance(MAINHAND,0.0f). Mob descarta chance0 antes do bônus de Saque; não somar a adaga empunhada ao pool nativo.","Adaga (SwordItem/Tiers.STONE): atributos +4 attack_damage, −1.8 attack_speed e −1 interaction_range na mão; reparável com Prismarine Shard.",Alta no recurso/código da build auditada; configuração efetiva do pack não confirmada,/images/bestiary/audited/cat/deepling-warlock.png,com/github/L_Ender/cataclysm/client/model/entity/Deepling_Warlock_Model.class; com/github/L_Ender/cataclysm/client/render/entity/Deepling_Warlock_Renderer.class; assets/cataclysm/textures/entity/deepling/deepling_warlock.png; assets/cataclysm/textures/entity/deepling/deepling_warlock_layer.png; com/github/L_Ender/cataclysm/client/event/ClientSetup.class; com/github/L_Ender/cataclysm/client/model/CMModelLayers.class; com/github/L_Ender/cataclysm/client/render/layer/AbstractDeepling_Layer.class; com/github/L_Ender/cataclysm/client/render/layer/LayerDeepling_WarlockItem.class; com/github/L_Ender/cataclysm/init/ModEntities.class; com/github/L_Ender/lionfishapi/client/model/tools/AdvancedEntityModel.class; com/github/L_Ender/lionfishapi/client/model/tools/AdvancedModelBox.class; output-cat/proveniencia.json,evidence-cat/decompiled-full/com/github/L_Ender/cataclysm/entity/Deepling/Deepling_Warlock_Entity.java; evidence-vanilla-lote8/btp.java (Mob.dropCustomDeathLoot); evidence/minecraft-1.21.1-client.jar::data/minecraft/enchantment/looting.json; evidence-cat/decompiled-full/com/github/L_Ender/cataclysm/entity/Deepling/Deepling_Warlock_Entity.java,/bestiary/receitas/cat.html#receita-abyssal-sacrifice | [Receita abyssal_sacrifice](lote-5-mods-2026-10-06/cat-cards-2026-10-06.md#receita-abyssal-sacrifice) — evidence-cat/L_Ender's Cataclysm 1.21.1-3.33.jar::data/cataclysm/recipe/abyssal_sacrifice.json; [Receita abyssal_sacrifice2](lote-5-mods-2026-10-06/cat-cards-2026-10-06.md#receita-abyssal-sacrifice2) — evidence-cat/L_Ender's Cataclysm 1.21.1-3.33.jar::data/cataclysm/recipe/abyssal_sacrifice2.json
Lionfish,Cataclysm,Criatura hostil; classe e alvos do mod,Criado por Deepling Angler.finalizeSpawn: um Lionfish é posicionado junto ao Angler e preso por leash; acompanha rota de Angler (#deeplings_spawn/estrutura Sunken City).,Loot de morte,cataclysm:lionfish,1,"pool 1: 1 sorteio(s), peso bruto 1/1; peso condicionado aos candidatos elegíveis; reposição em múltiplos sorteios; set_count ","Comida: nutrição1/saturação0.1; Poison e Nausea por60ticks, Water Breathing4800ticks (4min), todos com probabilidade1; ModItems.",Alta no recurso/código da build auditada; configuração efetiva do pack não confirmada,/images/bestiary/audited/cat/lionfish.png,com/github/L_Ender/cataclysm/client/model/entity/Lionfish_Model.class; com/github/L_Ender/cataclysm/client/render/entity/Lionfish_Renderer.class; assets/cataclysm/textures/entity/deepling/lionfish.png; assets/cataclysm/textures/entity/deepling/lionfish_layer.png; com/github/L_Ender/cataclysm/client/event/ClientSetup.class; com/github/L_Ender/cataclysm/client/model/CMModelLayers.class; com/github/L_Ender/cataclysm/client/render/layer/LionFish_Layer.class; com/github/L_Ender/cataclysm/init/ModEntities.class; com/github/L_Ender/lionfishapi/client/model/tools/AdvancedEntityModel.class; com/github/L_Ender/lionfishapi/client/model/tools/AdvancedModelBox.class; output-cat/proveniencia.json,evidence-cat/L_Ender's Cataclysm 1.21.1-3.33.jar::data/cataclysm/loot_table/entities/lionfish.json; evidence-cat/decompiled-full/com/github/L_Ender/cataclysm/entity/Deepling/Lionfish_Entity.java; evidence-cat/decompiled-full/com/github/L_Ender/cataclysm/init/ModItems.java; evidence-cat/decompiled-full/com/github/L_Ender/cataclysm/world/CMWorldRegistry.java; evidence-cat/decompiled-full/com/github/L_Ender/cataclysm/entity/Deepling/Deepling_Angler_Entity.java:finalizeSpawn,"Não aplicável: uso direto, interação ou sem receita identificada; fontes na linha"
Lionfish,Cataclysm,Criatura hostil; classe e alvos do mod,Criado por Deepling Angler.finalizeSpawn: um Lionfish é posicionado junto ao Angler e preso por leash; acompanha rota de Angler (#deeplings_spawn/estrutura Sunken City).,Loot de morte,minecraft:bone_meal,1,"chance 5%; pool 2: 1 sorteio(s), peso bruto 1/1; peso condicionado aos candidatos elegíveis; reposição em múltiplos sorteios",Adubo/corante branco; crescimento de plantas,Alta no recurso/código da build auditada; configuração efetiva do pack não confirmada,/images/bestiary/audited/cat/lionfish.png,com/github/L_Ender/cataclysm/client/model/entity/Lionfish_Model.class; com/github/L_Ender/cataclysm/client/render/entity/Lionfish_Renderer.class; assets/cataclysm/textures/entity/deepling/lionfish.png; assets/cataclysm/textures/entity/deepling/lionfish_layer.png; com/github/L_Ender/cataclysm/client/event/ClientSetup.class; com/github/L_Ender/cataclysm/client/model/CMModelLayers.class; com/github/L_Ender/cataclysm/client/render/layer/LionFish_Layer.class; com/github/L_Ender/cataclysm/init/ModEntities.class; com/github/L_Ender/lionfishapi/client/model/tools/AdvancedEntityModel.class; com/github/L_Ender/lionfishapi/client/model/tools/AdvancedModelBox.class; output-cat/proveniencia.json,evidence-cat/L_Ender's Cataclysm 1.21.1-3.33.jar::data/cataclysm/loot_table/entities/lionfish.json; evidence-cat/decompiled-full/com/github/L_Ender/cataclysm/entity/Deepling/Lionfish_Entity.java; evidence-cat/decompiled-full/com/github/L_Ender/cataclysm/init/ModItems.java; evidence-cat/decompiled-full/com/github/L_Ender/cataclysm/world/CMWorldRegistry.java; evidence-cat/decompiled-full/com/github/L_Ender/cataclysm/entity/Deepling/Deepling_Angler_Entity.java:finalizeSpawn,/bestiary/receitas/cat.html#receita-bone-block | [Receita bone_block](lote-5-mods-2026-10-06/cat-cards-2026-10-06.md#receita-bone-block) — evidence/minecraft-1.21.1-client.jar::data/minecraft/recipe/bone_block.json; [Receita white_dye](lote-5-mods-2026-10-06/cat-cards-2026-10-06.md#receita-white-dye) — evidence/minecraft-1.21.1-client.jar::data/minecraft/recipe/white_dye.json
Coral Golem,Cataclysm,Criatura hostil; classe e alvos do mod,"Spawn via #cataclysm:deeplings_spawn (Ignited Berserker usa tag de estrutura, demais tag de bioma); peso configurável >0; CMWorldRegistry e CMCommonConfig.Spawning; ",Loot de morte,cataclysm:crystallized_coral_fragments,1,"pool 1: 1 sorteio(s), peso bruto 1/1; peso condicionado aos candidatos elegíveis; reposição em múltiplos sorteios",Ingrediente nas receitas versionadas para: cataclysm:crystallized_coral,Alta no recurso/código da build auditada; configuração efetiva do pack não confirmada,/images/bestiary/audited/cat/coral-golem.png,com/github/L_Ender/cataclysm/client/model/entity/Coral_Golem_Model.class; com/github/L_Ender/cataclysm/client/render/entity/Coral_Golem_Renderer.class; assets/cataclysm/textures/entity/deepling/coral_golem.png; com/github/L_Ender/cataclysm/client/event/ClientSetup.class; com/github/L_Ender/cataclysm/client/model/CMModelLayers.class; com/github/L_Ender/cataclysm/init/ModEntities.class; com/github/L_Ender/lionfishapi/client/model/tools/AdvancedEntityModel.class; com/github/L_Ender/lionfishapi/client/model/tools/AdvancedModelBox.class; output-cat/proveniencia.json,evidence-cat/L_Ender's Cataclysm 1.21.1-3.33.jar::data/cataclysm/loot_table/entities/coral_golem.json; evidence-cat/decompiled-full/com/github/L_Ender/cataclysm/entity/Deepling/Coral_Golem_Entity.java; evidence-cat/decompiled-full/com/github/L_Ender/cataclysm/init/ModItems.java; evidence-cat/decompiled-full/com/github/L_Ender/cataclysm/world/CMWorldRegistry.java,/bestiary/receitas/cat.html#receita-crystallized-coral | [Receita crystallized_coral](lote-5-mods-2026-10-06/cat-cards-2026-10-06.md#receita-crystallized-coral) — evidence-cat/L_Ender's Cataclysm 1.21.1-3.33.jar::data/cataclysm/recipe/crystallized_coral.json
Coralssus,Cataclysm,Criatura hostil; classe e alvos do mod,"Estruturas com entidade/spawner data/cataclysm/structure/coralssus_blue.nbt, data/cataclysm/structure/coralssus_red.nbt, data/cataclysm/structure/coralssus_yellow.nbt; Gerado pelo código de Sunken_City_Structure; evidence-cat/decompiled-full/com/github/L_Ender/cataclysm/structures/Sunken_City_Structure.java; ",Loot de morte,cataclysm:coral_chunk,1,"pool 1: 1 sorteio(s), peso bruto 1/1; peso condicionado aos candidatos elegíveis; reposição em múltiplos sorteios",Ingrediente nas receitas versionadas para: cataclysm:abyssal_sacrifice,Alta no recurso/código da build auditada; configuração efetiva do pack não confirmada,/images/bestiary/audited/cat/coralssus-fire.png,com/github/L_Ender/cataclysm/client/model/entity/Coralssus_Model.class; com/github/L_Ender/cataclysm/client/render/entity/Coralssus_Renderer.class; assets/cataclysm/textures/entity/deepling/coralssus_fire.png; com/github/L_Ender/cataclysm/client/event/ClientSetup.class; com/github/L_Ender/cataclysm/client/model/CMModelLayers.class; com/github/L_Ender/cataclysm/init/ModEntities.class; com/github/L_Ender/lionfishapi/client/model/tools/AdvancedEntityModel.class; com/github/L_Ender/lionfishapi/client/model/tools/AdvancedModelBox.class; assets/cataclysm/textures/entity/deepling/coralssus_horn.png; assets/cataclysm/textures/entity/deepling/coralssus_tube.png; assets/cataclysm/textures/entity/deepling/coralssus_sponge_horn.png; output-cat/proveniencia.json,evidence-cat/L_Ender's Cataclysm 1.21.1-3.33.jar::data/cataclysm/loot_table/entities/coralssus.json; evidence-cat/decompiled-full/com/github/L_Ender/cataclysm/entity/InternalAnimationMonster/Coralssus_Entity.java; evidence-cat/decompiled-full/com/github/L_Ender/cataclysm/init/ModItems.java; evidence-cat/decompiled-full/com/github/L_Ender/cataclysm/world/CMWorldRegistry.java,/bestiary/receitas/cat.html#receita-abyssal-sacrifice2 | [Receita abyssal_sacrifice2](lote-5-mods-2026-10-06/cat-cards-2026-10-06.md#receita-abyssal-sacrifice2) — evidence-cat/L_Ender's Cataclysm 1.21.1-3.33.jar::data/cataclysm/recipe/abyssal_sacrifice2.json
Ignited Revenant,Cataclysm,Criatura hostil; classe e alvos do mod,Gerado pelo código de Burning_Arena_Structure; evidence-cat/decompiled-full/com/github/L_Ender/cataclysm/structures/Burning_Arena_Structure.java; ,Loot de morte,cataclysm:burning_ashes,1,"pool 1: 1 sorteio(s), peso bruto 1/1; peso condicionado aos candidatos elegíveis; reposição em múltiplos sorteios",Oferenda no Altar of Fire para invocar Ignis; AltarOfFire_Block_Entity/registro e receitas.,Alta no recurso/código da build auditada; configuração efetiva do pack não confirmada,/images/bestiary/audited/cat/ignited-revenant.png,com/github/L_Ender/cataclysm/client/model/entity/Ignited_Revenant_Model.class; com/github/L_Ender/cataclysm/client/render/entity/Ignited_Revenant_Renderer.class; assets/cataclysm/textures/entity/revenant_body.png; assets/cataclysm/textures/entity/revenant_layer.png; assets/cataclysm/textures/entity/revenant_shield.png; com/github/L_Ender/cataclysm/client/event/ClientSetup.class; com/github/L_Ender/cataclysm/client/model/CMModelLayers.class; com/github/L_Ender/cataclysm/client/render/layer/Revenant_Layer.class; com/github/L_Ender/cataclysm/init/ModEntities.class; com/github/L_Ender/lionfishapi/client/model/tools/AdvancedEntityModel.class; com/github/L_Ender/lionfishapi/client/model/tools/AdvancedModelBox.class; output-cat/proveniencia.json,evidence-cat/L_Ender's Cataclysm 1.21.1-3.33.jar::data/cataclysm/loot_table/entities/ignited_revenant.json; evidence-cat/decompiled-full/com/github/L_Ender/cataclysm/entity/AnimationMonster/BossMonsters/Ignited_Revenant_Entity.java; evidence-cat/decompiled-full/com/github/L_Ender/cataclysm/init/ModItems.java; evidence-cat/decompiled-full/com/github/L_Ender/cataclysm/world/CMWorldRegistry.java,"Não aplicável: uso direto, interação ou sem receita identificada; fontes na linha"
Ignited Berserker,Cataclysm,Criatura hostil; classe e alvos do mod,"Spawn via #cataclysm:berserker_spawn (Ignited Berserker usa tag de estrutura, demais tag de bioma); peso configurável >0; CMWorldRegistry e CMCommonConfig.Spawning; ",Loot de morte,cataclysm:dying_ember,0–2,"pool 1: 1 sorteio(s), peso bruto 1/1; peso condicionado aos candidatos elegíveis; reposição em múltiplos sorteios; set_count ; Saque minecraft:looting: bônus Math.round(nível × sorteio 0–1); limite sem limite explícito",Ingrediente nas receitas versionadas para: cataclysm:burning_ashes,Alta no recurso/código da build auditada; configuração efetiva do pack não confirmada,/images/bestiary/audited/cat/ignited-berserker.png,com/github/L_Ender/cataclysm/client/model/entity/Ignited_Berserker_Model.class; com/github/L_Ender/cataclysm/client/render/entity/Ignited_Berserker_Renderer.class; assets/cataclysm/textures/entity/ignited_berserker.png; assets/cataclysm/textures/entity/ignited_berserker_layer.png; com/github/L_Ender/cataclysm/client/animation/Ignited_Berserker_Animation.class; com/github/L_Ender/cataclysm/client/event/ClientSetup.class; com/github/L_Ender/cataclysm/client/model/CMModelLayers.class; com/github/L_Ender/cataclysm/init/ModEntities.class; output-cat/proveniencia.json,evidence-cat/L_Ender's Cataclysm 1.21.1-3.33.jar::data/cataclysm/loot_table/entities/ignited_berserker.json; evidence-cat/decompiled-full/com/github/L_Ender/cataclysm/entity/InternalAnimationMonster/Ignited_Berserker_Entity.java; evidence-cat/decompiled-full/com/github/L_Ender/cataclysm/init/ModItems.java; evidence-cat/decompiled-full/com/github/L_Ender/cataclysm/world/CMWorldRegistry.java,/bestiary/receitas/cat.html#receita-burning-ashes | [Receita burning_ashes](lote-5-mods-2026-10-06/cat-cards-2026-10-06.md#receita-burning-ashes) — evidence-cat/L_Ender's Cataclysm 1.21.1-3.33.jar::data/cataclysm/recipe/burning_ashes.json
The Harbinger,Cataclysm,Chefe hostil de estrutura/altar; combate com mecânicas próprias,Estruturas com entidade/spawner data/cataclysm/structure/the_harbinger.nbt; ,Loot de morte,cataclysm:witherite_block,1,"pool 1: 1 sorteio(s), peso bruto 1/1; peso condicionado aos candidatos elegíveis; reposição em múltiplos sorteios",Ingrediente nas receitas versionadas para: cataclysm:witherite_ingot,Alta no recurso/código da build auditada; configuração efetiva do pack não confirmada,/images/bestiary/audited/cat/the-harbinger.png,com/github/L_Ender/cataclysm/client/model/entity/The_Harbinger_Model.class; com/github/L_Ender/cataclysm/client/render/entity/The_Harbinger_Renderer.class; assets/cataclysm/textures/entity/harbinger/the_harbinger.png; assets/cataclysm/textures/entity/harbinger/the_harbinger_layer.png; com/github/L_Ender/cataclysm/client/event/ClientSetup.class; com/github/L_Ender/cataclysm/client/model/CMModelLayers.class; com/github/L_Ender/cataclysm/client/render/layer/The_Harbinger_Item_Layer.class; com/github/L_Ender/cataclysm/client/render/layer/The_Harbinger_Jet_Layer.class; com/github/L_Ender/cataclysm/client/render/layer/The_Harbinger_Layer.class; com/github/L_Ender/cataclysm/client/render/layer/The_Harbinger_Shield_Layer.class; com/github/L_Ender/cataclysm/init/ModEntities.class; com/github/L_Ender/lionfishapi/client/model/tools/AdvancedEntityModel.class; com/github/L_Ender/lionfishapi/client/model/tools/AdvancedModelBox.class; output-cat/proveniencia.json,evidence-cat/L_Ender's Cataclysm 1.21.1-3.33.jar::data/cataclysm/loot_table/entities/the_harbinger.json; evidence-cat/decompiled-full/com/github/L_Ender/cataclysm/entity/AnimationMonster/BossMonsters/The_Harbinger_Entity.java; evidence-cat/decompiled-full/com/github/L_Ender/cataclysm/init/ModItems.java; evidence-cat/decompiled-full/com/github/L_Ender/cataclysm/world/CMWorldRegistry.java,/bestiary/receitas/cat.html#receita-witherite-ingot | [Receita witherite_ingot](lote-5-mods-2026-10-06/cat-cards-2026-10-06.md#receita-witherite-ingot) — evidence-cat/L_Ender's Cataclysm 1.21.1-3.33.jar::data/cataclysm/recipe/witherite_ingot.json
The Harbinger,Cataclysm,Chefe hostil de estrutura/altar; combate com mecânicas próprias,Estruturas com entidade/spawner data/cataclysm/structure/the_harbinger.nbt; ,Loot de morte,cataclysm:music_disc_the_harbinger,1,"sem Saque 10%; com Saque nível≥1 10% constante (LevelBasedValue constante, não bônus por nível); pool 2: 1 sorteio(s), peso bruto 1/1; peso condicionado aos candidatos elegíveis; reposição em múltiplos sorteios",Reproduzir a faixa em jukebox; item musical da versão auditada,Alta no recurso/código da build auditada; configuração efetiva do pack não confirmada,/images/bestiary/audited/cat/the-harbinger.png,com/github/L_Ender/cataclysm/client/model/entity/The_Harbinger_Model.class; com/github/L_Ender/cataclysm/client/render/entity/The_Harbinger_Renderer.class; assets/cataclysm/textures/entity/harbinger/the_harbinger.png; assets/cataclysm/textures/entity/harbinger/the_harbinger_layer.png; com/github/L_Ender/cataclysm/client/event/ClientSetup.class; com/github/L_Ender/cataclysm/client/model/CMModelLayers.class; com/github/L_Ender/cataclysm/client/render/layer/The_Harbinger_Item_Layer.class; com/github/L_Ender/cataclysm/client/render/layer/The_Harbinger_Jet_Layer.class; com/github/L_Ender/cataclysm/client/render/layer/The_Harbinger_Layer.class; com/github/L_Ender/cataclysm/client/render/layer/The_Harbinger_Shield_Layer.class; com/github/L_Ender/cataclysm/init/ModEntities.class; com/github/L_Ender/lionfishapi/client/model/tools/AdvancedEntityModel.class; com/github/L_Ender/lionfishapi/client/model/tools/AdvancedModelBox.class; output-cat/proveniencia.json,evidence-cat/L_Ender's Cataclysm 1.21.1-3.33.jar::data/cataclysm/loot_table/entities/the_harbinger.json; evidence-cat/decompiled-full/com/github/L_Ender/cataclysm/entity/AnimationMonster/BossMonsters/The_Harbinger_Entity.java; evidence-cat/decompiled-full/com/github/L_Ender/cataclysm/init/ModItems.java; evidence-cat/decompiled-full/com/github/L_Ender/cataclysm/world/CMWorldRegistry.java,"Não aplicável: uso direto, interação ou sem receita identificada; fontes na linha"
The Harbinger,Cataclysm,Chefe hostil de estrutura/altar; combate com mecânicas próprias,Estruturas com entidade/spawner data/cataclysm/structure/the_harbinger.nbt; ,Ativar encontro,Minecraft Nether Star,1 interação,"consome1 fora do criativo quando inativo, ativa e cura",Iniciar combate; não é drop ou recompensa de inventário,Alta no recurso/código da build auditada; configuração efetiva do pack não confirmada,/images/bestiary/audited/cat/the-harbinger.png,com/github/L_Ender/cataclysm/client/model/entity/The_Harbinger_Model.class; com/github/L_Ender/cataclysm/client/render/entity/The_Harbinger_Renderer.class; assets/cataclysm/textures/entity/harbinger/the_harbinger.png; assets/cataclysm/textures/entity/harbinger/the_harbinger_layer.png; com/github/L_Ender/cataclysm/client/event/ClientSetup.class; com/github/L_Ender/cataclysm/client/model/CMModelLayers.class; com/github/L_Ender/cataclysm/client/render/layer/The_Harbinger_Item_Layer.class; com/github/L_Ender/cataclysm/client/render/layer/The_Harbinger_Jet_Layer.class; com/github/L_Ender/cataclysm/client/render/layer/The_Harbinger_Layer.class; com/github/L_Ender/cataclysm/client/render/layer/The_Harbinger_Shield_Layer.class; com/github/L_Ender/cataclysm/init/ModEntities.class; com/github/L_Ender/lionfishapi/client/model/tools/AdvancedEntityModel.class; com/github/L_Ender/lionfishapi/client/model/tools/AdvancedModelBox.class; output-cat/proveniencia.json,evidence-cat/decompiled-full/com/github/L_Ender/cataclysm/entity/AnimationMonster/BossMonsters/The_Harbinger_Entity.java; evidence-cat/decompiled-full/com/github/L_Ender/cataclysm/entity/AnimationMonster/BossMonsters/The_Harbinger_Entity.java; evidence-cat/decompiled-full/com/github/L_Ender/cataclysm/init/ModItems.java; evidence-cat/decompiled-full/com/github/L_Ender/cataclysm/world/CMWorldRegistry.java,"Não aplicável: uso direto, interação ou sem receita identificada; fontes na linha"
The Watcher,Cataclysm,Criatura hostil; classe e alvos do mod,Estruturas com entidade/spawner data/cataclysm/structure/the_watcher.nbt; ,Loot de morte,minecraft:redstone,0–2,"pool 1: 1 sorteio(s), peso bruto 1/1; peso condicionado aos candidatos elegíveis; reposição em múltiplos sorteios; set_count ","Ingrediente nas receitas versionadas para: cataclysm:laser_gatling, cataclysm:meat_shredder",Alta no recurso/código da build auditada; configuração efetiva do pack não confirmada,/images/bestiary/audited/cat/the-watcher.png,com/github/L_Ender/cataclysm/client/model/entity/The_Watcher_Model.class; com/github/L_Ender/cataclysm/client/render/entity/The_Watcher_Renderer.class; assets/cataclysm/textures/entity/factory/the_watcher.png; assets/cataclysm/textures/entity/factory/the_watcher_layer.png; com/github/L_Ender/cataclysm/client/event/ClientSetup.class; com/github/L_Ender/cataclysm/client/model/CMModelLayers.class; com/github/L_Ender/cataclysm/client/render/layer/LayerGenericGlowing.class; com/github/L_Ender/cataclysm/init/ModEntities.class; com/github/L_Ender/lionfishapi/client/model/tools/AdvancedEntityModel.class; com/github/L_Ender/lionfishapi/client/model/tools/AdvancedModelBox.class; output-cat/proveniencia.json,evidence-cat/L_Ender's Cataclysm 1.21.1-3.33.jar::data/cataclysm/loot_table/entities/the_watcher.json; evidence-cat/decompiled-full/com/github/L_Ender/cataclysm/entity/AnimationMonster/The_Watcher_Entity.java; evidence-cat/decompiled-full/com/github/L_Ender/cataclysm/init/ModItems.java; evidence-cat/decompiled-full/com/github/L_Ender/cataclysm/world/CMWorldRegistry.java,/bestiary/receitas/cat.html#receita-clock | [Receita clock](lote-5-mods-2026-10-06/cat-cards-2026-10-06.md#receita-clock) — evidence/minecraft-1.21.1-client.jar::data/minecraft/recipe/clock.json; [Receita compass](lote-5-mods-2026-10-06/cat-cards-2026-10-06.md#receita-compass) — evidence/minecraft-1.21.1-client.jar::data/minecraft/recipe/compass.json; [Receita copper_bulb](lote-5-mods-2026-10-06/cat-cards-2026-10-06.md#receita-copper-bulb) — evidence/minecraft-1.21.1-client.jar::data/minecraft/recipe/copper_bulb.json; [Receita crafter](lote-5-mods-2026-10-06/cat-cards-2026-10-06.md#receita-crafter) — evidence/minecraft-1.21.1-client.jar::data/minecraft/recipe/crafter.json; [Receita detector_rail](lote-5-mods-2026-10-06/cat-cards-2026-10-06.md#receita-detector-rail) — evidence/minecraft-1.21.1-client.jar::data/minecraft/recipe/detector_rail.json; [Receita dispenser](lote-5-mods-2026-10-06/cat-cards-2026-10-06.md#receita-dispenser) — evidence/minecraft-1.21.1-client.jar::data/minecraft/recipe/dispenser.json; [Receita dropper](lote-5-mods-2026-10-06/cat-cards-2026-10-06.md#receita-dropper) — evidence/minecraft-1.21.1-client.jar::data/minecraft/recipe/dropper.json; [Receita exposed_copper_bulb](lote-5-mods-2026-10-06/cat-cards-2026-10-06.md#receita-exposed-copper-bulb) — evidence/minecraft-1.21.1-client.jar::data/minecraft/recipe/exposed_copper_bulb.json; [Receita note_block](lote-5-mods-2026-10-06/cat-cards-2026-10-06.md#receita-note-block) — evidence/minecraft-1.21.1-client.jar::data/minecraft/recipe/note_block.json; [Receita observer](lote-5-mods-2026-10-06/cat-cards-2026-10-06.md#receita-observer) — evidence/minecraft-1.21.1-client.jar::data/minecraft/recipe/observer.json; [Receita oxidized_copper_bulb](lote-5-mods-2026-10-06/cat-cards-2026-10-06.md#receita-oxidized-copper-bulb) — evidence/minecraft-1.21.1-client.jar::data/minecraft/recipe/oxidized_copper_bulb.json; [Receita piston](lote-5-mods-2026-10-06/cat-cards-2026-10-06.md#receita-piston) — evidence/minecraft-1.21.1-client.jar::data/minecraft/recipe/piston.json; [Receita powered_rail](lote-5-mods-2026-10-06/cat-cards-2026-10-06.md#receita-powered-rail) — evidence/minecraft-1.21.1-client.jar::data/minecraft/recipe/powered_rail.json; [Receita redstone_block](lote-5-mods-2026-10-06/cat-cards-2026-10-06.md#receita-redstone-block) — evidence/minecraft-1.21.1-client.jar::data/minecraft/recipe/redstone_block.json; [Receita redstone_lamp](lote-5-mods-2026-10-06/cat-cards-2026-10-06.md#receita-redstone-lamp) — evidence/minecraft-1.21.1-client.jar::data/minecraft/recipe/redstone_lamp.json; [Receita redstone_torch](lote-5-mods-2026-10-06/cat-cards-2026-10-06.md#receita-redstone-torch) — evidence/minecraft-1.21.1-client.jar::data/minecraft/recipe/redstone_torch.json; [Receita repeater](lote-5-mods-2026-10-06/cat-cards-2026-10-06.md#receita-repeater) — evidence/minecraft-1.21.1-client.jar::data/minecraft/recipe/repeater.json; [Receita target](lote-5-mods-2026-10-06/cat-cards-2026-10-06.md#receita-target) — evidence/minecraft-1.21.1-client.jar::data/minecraft/recipe/target.json; [Receita waxed_copper_bulb](lote-5-mods-2026-10-06/cat-cards-2026-10-06.md#receita-waxed-copper-bulb) — evidence/minecraft-1.21.1-client.jar::data/minecraft/recipe/waxed_copper_bulb.json; [Receita waxed_exposed_copper_bulb](lote-5-mods-2026-10-06/cat-cards-2026-10-06.md#receita-waxed-exposed-copper-bulb) — evidence/minecraft-1.21.1-client.jar::data/minecraft/recipe/waxed_exposed_copper_bulb.json; [Receita waxed_oxidized_copper_bulb](lote-5-mods-2026-10-06/cat-cards-2026-10-06.md#receita-waxed-oxidized-copper-bulb) — evidence/minecraft-1.21.1-client.jar::data/minecraft/recipe/waxed_oxidized_copper_bulb.json; [Receita waxed_weathered_copper_bulb](lote-5-mods-2026-10-06/cat-cards-2026-10-06.md#receita-waxed-weathered-copper-bulb) — evidence/minecraft-1.21.1-client.jar::data/minecraft/recipe/waxed_weathered_copper_bulb.json; [Receita weathered_copper_bulb](lote-5-mods-2026-10-06/cat-cards-2026-10-06.md#receita-weathered-copper-bulb) — evidence/minecraft-1.21.1-client.jar::data/minecraft/recipe/weathered_copper_bulb.json
The Watcher,Cataclysm,Criatura hostil; classe e alvos do mod,Estruturas com entidade/spawner data/cataclysm/structure/the_watcher.nbt; ,Loot de morte,minecraft:iron_ingot,1–3,"pool 2: 1 sorteio(s), peso bruto 1/1; peso condicionado aos candidatos elegíveis; reposição em múltiplos sorteios; set_count ","Ingrediente nas receitas versionadas para: cataclysm:belt_of_beginner, cataclysm:laser_gatling, cataclysm:mech_eye",Alta no recurso/código da build auditada; configuração efetiva do pack não confirmada,/images/bestiary/audited/cat/the-watcher.png,com/github/L_Ender/cataclysm/client/model/entity/The_Watcher_Model.class; com/github/L_Ender/cataclysm/client/render/entity/The_Watcher_Renderer.class; assets/cataclysm/textures/entity/factory/the_watcher.png; assets/cataclysm/textures/entity/factory/the_watcher_layer.png; com/github/L_Ender/cataclysm/client/event/ClientSetup.class; com/github/L_Ender/cataclysm/client/model/CMModelLayers.class; com/github/L_Ender/cataclysm/client/render/layer/LayerGenericGlowing.class; com/github/L_Ender/cataclysm/init/ModEntities.class; com/github/L_Ender/lionfishapi/client/model/tools/AdvancedEntityModel.class; com/github/L_Ender/lionfishapi/client/model/tools/AdvancedModelBox.class; output-cat/proveniencia.json,evidence-cat/L_Ender's Cataclysm 1.21.1-3.33.jar::data/cataclysm/loot_table/entities/the_watcher.json; evidence-cat/decompiled-full/com/github/L_Ender/cataclysm/entity/AnimationMonster/The_Watcher_Entity.java; evidence-cat/decompiled-full/com/github/L_Ender/cataclysm/init/ModItems.java; evidence-cat/decompiled-full/com/github/L_Ender/cataclysm/world/CMWorldRegistry.java,/bestiary/receitas/cat.html#receita-activator-rail | [Receita activator_rail](lote-5-mods-2026-10-06/cat-cards-2026-10-06.md#receita-activator-rail) — evidence/minecraft-1.21.1-client.jar::data/minecraft/recipe/activator_rail.json; [Receita anvil](lote-5-mods-2026-10-06/cat-cards-2026-10-06.md#receita-anvil) — evidence/minecraft-1.21.1-client.jar::data/minecraft/recipe/anvil.json; [Receita blast_furnace](lote-5-mods-2026-10-06/cat-cards-2026-10-06.md#receita-blast-furnace) — evidence/minecraft-1.21.1-client.jar::data/minecraft/recipe/blast_furnace.json; [Receita bucket](lote-5-mods-2026-10-06/cat-cards-2026-10-06.md#receita-bucket) — evidence/minecraft-1.21.1-client.jar::data/minecraft/recipe/bucket.json; [Receita cauldron](lote-5-mods-2026-10-06/cat-cards-2026-10-06.md#receita-cauldron) — evidence/minecraft-1.21.1-client.jar::data/minecraft/recipe/cauldron.json; [Receita chain](lote-5-mods-2026-10-06/cat-cards-2026-10-06.md#receita-chain) — evidence/minecraft-1.21.1-client.jar::data/minecraft/recipe/chain.json; [Receita compass](lote-5-mods-2026-10-06/cat-cards-2026-10-06.md#receita-compass) — evidence/minecraft-1.21.1-client.jar::data/minecraft/recipe/compass.json; [Receita crafter](lote-5-mods-2026-10-06/cat-cards-2026-10-06.md#receita-crafter) — evidence/minecraft-1.21.1-client.jar::data/minecraft/recipe/crafter.json; [Receita crossbow](lote-5-mods-2026-10-06/cat-cards-2026-10-06.md#receita-crossbow) — evidence/minecraft-1.21.1-client.jar::data/minecraft/recipe/crossbow.json; [Receita detector_rail](lote-5-mods-2026-10-06/cat-cards-2026-10-06.md#receita-detector-rail) — evidence/minecraft-1.21.1-client.jar::data/minecraft/recipe/detector_rail.json; [Receita flint_and_steel](lote-5-mods-2026-10-06/cat-cards-2026-10-06.md#receita-flint-and-steel) — evidence/minecraft-1.21.1-client.jar::data/minecraft/recipe/flint_and_steel.json; [Receita heavy_weighted_pressure_plate](lote-5-mods-2026-10-06/cat-cards-2026-10-06.md#receita-heavy-weighted-pressure-plate) — evidence/minecraft-1.21.1-client.jar::data/minecraft/recipe/heavy_weighted_pressure_plate.json; [Receita hopper](lote-5-mods-2026-10-06/cat-cards-2026-10-06.md#receita-hopper) — evidence/minecraft-1.21.1-client.jar::data/minecraft/recipe/hopper.json; [Receita iron_axe](lote-5-mods-2026-10-06/cat-cards-2026-10-06.md#receita-iron-axe) — evidence/minecraft-1.21.1-client.jar::data/minecraft/recipe/iron_axe.json; [Receita iron_bars](lote-5-mods-2026-10-06/cat-cards-2026-10-06.md#receita-iron-bars) — evidence/minecraft-1.21.1-client.jar::data/minecraft/recipe/iron_bars.json; [Receita iron_block](lote-5-mods-2026-10-06/cat-cards-2026-10-06.md#receita-iron-block) — evidence/minecraft-1.21.1-client.jar::data/minecraft/recipe/iron_block.json; [Receita iron_boots](lote-5-mods-2026-10-06/cat-cards-2026-10-06.md#receita-iron-boots) — evidence/minecraft-1.21.1-client.jar::data/minecraft/recipe/iron_boots.json; [Receita iron_chestplate](lote-5-mods-2026-10-06/cat-cards-2026-10-06.md#receita-iron-chestplate) — evidence/minecraft-1.21.1-client.jar::data/minecraft/recipe/iron_chestplate.json; [Receita iron_door](lote-5-mods-2026-10-06/cat-cards-2026-10-06.md#receita-iron-door) — evidence/minecraft-1.21.1-client.jar::data/minecraft/recipe/iron_door.json; [Receita iron_helmet](lote-5-mods-2026-10-06/cat-cards-2026-10-06.md#receita-iron-helmet) — evidence/minecraft-1.21.1-client.jar::data/minecraft/recipe/iron_helmet.json; [Receita iron_hoe](lote-5-mods-2026-10-06/cat-cards-2026-10-06.md#receita-iron-hoe) — evidence/minecraft-1.21.1-client.jar::data/minecraft/recipe/iron_hoe.json; [Receita iron_leggings](lote-5-mods-2026-10-06/cat-cards-2026-10-06.md#receita-iron-leggings) — evidence/minecraft-1.21.1-client.jar::data/minecraft/recipe/iron_leggings.json; [Receita iron_nugget](lote-5-mods-2026-10-06/cat-cards-2026-10-06.md#receita-iron-nugget) — evidence/minecraft-1.21.1-client.jar::data/minecraft/recipe/iron_nugget.json; [Receita iron_pickaxe](lote-5-mods-2026-10-06/cat-cards-2026-10-06.md#receita-iron-pickaxe) — evidence/minecraft-1.21.1-client.jar::data/minecraft/recipe/iron_pickaxe.json; [Receita iron_shovel](lote-5-mods-2026-10-06/cat-cards-2026-10-06.md#receita-iron-shovel) — evidence/minecraft-1.21.1-client.jar::data/minecraft/recipe/iron_shovel.json; [Receita iron_sword](lote-5-mods-2026-10-06/cat-cards-2026-10-06.md#receita-iron-sword) — evidence/minecraft-1.21.1-client.jar::data/minecraft/recipe/iron_sword.json; [Receita iron_trapdoor](lote-5-mods-2026-10-06/cat-cards-2026-10-06.md#receita-iron-trapdoor) — evidence/minecraft-1.21.1-client.jar::data/minecraft/recipe/iron_trapdoor.json; [Receita minecart](lote-5-mods-2026-10-06/cat-cards-2026-10-06.md#receita-minecart) — evidence/minecraft-1.21.1-client.jar::data/minecraft/recipe/minecart.json; [Receita piston](lote-5-mods-2026-10-06/cat-cards-2026-10-06.md#receita-piston) — evidence/minecraft-1.21.1-client.jar::data/minecraft/recipe/piston.json; [Receita rail](lote-5-mods-2026-10-06/cat-cards-2026-10-06.md#receita-rail) — evidence/minecraft-1.21.1-client.jar::data/minecraft/recipe/rail.json; [Receita shears](lote-5-mods-2026-10-06/cat-cards-2026-10-06.md#receita-shears) — evidence/minecraft-1.21.1-client.jar::data/minecraft/recipe/shears.json; [Receita shield](lote-5-mods-2026-10-06/cat-cards-2026-10-06.md#receita-shield) — evidence/minecraft-1.21.1-client.jar::data/minecraft/recipe/shield.json; [Receita smithing_table](lote-5-mods-2026-10-06/cat-cards-2026-10-06.md#receita-smithing-table) — evidence/minecraft-1.21.1-client.jar::data/minecraft/recipe/smithing_table.json; [Receita stonecutter](lote-5-mods-2026-10-06/cat-cards-2026-10-06.md#receita-stonecutter) — evidence/minecraft-1.21.1-client.jar::data/minecraft/recipe/stonecutter.json; [Receita tripwire_hook](lote-5-mods-2026-10-06/cat-cards-2026-10-06.md#receita-tripwire-hook) — evidence/minecraft-1.21.1-client.jar::data/minecraft/recipe/tripwire_hook.json
The Prowler,Cataclysm,Criatura hostil; classe e alvos do mod,Estruturas com entidade/spawner data/cataclysm/structure/the_prowler.nbt; ,Loot de morte,minecraft:redstone,5–9,"pool 1: 1 sorteio(s), peso bruto 1/1; peso condicionado aos candidatos elegíveis; reposição em múltiplos sorteios; set_count ","Ingrediente nas receitas versionadas para: cataclysm:laser_gatling, cataclysm:meat_shredder",Alta no recurso/código da build auditada; configuração efetiva do pack não confirmada,/images/bestiary/audited/cat/the-prowler.png,com/github/L_Ender/cataclysm/client/model/entity/The_Prowler_Model.class; com/github/L_Ender/cataclysm/client/render/entity/The_Prowler_Renderer.class; assets/cataclysm/textures/entity/factory/the_prowler_0.png; assets/cataclysm/textures/entity/factory/the_prowler_layer_0.png; com/github/L_Ender/cataclysm/client/animation/Prowler_Animation.class; com/github/L_Ender/cataclysm/client/event/ClientSetup.class; com/github/L_Ender/cataclysm/client/model/CMModelLayers.class; com/github/L_Ender/cataclysm/client/render/layer/The_Prowler_Layer.class; com/github/L_Ender/cataclysm/init/ModEntities.class; output-cat/proveniencia.json,evidence-cat/L_Ender's Cataclysm 1.21.1-3.33.jar::data/cataclysm/loot_table/entities/the_prowler.json; evidence-cat/decompiled-full/com/github/L_Ender/cataclysm/entity/InternalAnimationMonster/The_Prowler_Entity.java; evidence-cat/decompiled-full/com/github/L_Ender/cataclysm/init/ModItems.java; evidence-cat/decompiled-full/com/github/L_Ender/cataclysm/world/CMWorldRegistry.java,/bestiary/receitas/cat.html#receita-clock | [Receita clock](lote-5-mods-2026-10-06/cat-cards-2026-10-06.md#receita-clock) — evidence/minecraft-1.21.1-client.jar::data/minecraft/recipe/clock.json; [Receita compass](lote-5-mods-2026-10-06/cat-cards-2026-10-06.md#receita-compass) — evidence/minecraft-1.21.1-client.jar::data/minecraft/recipe/compass.json; [Receita copper_bulb](lote-5-mods-2026-10-06/cat-cards-2026-10-06.md#receita-copper-bulb) — evidence/minecraft-1.21.1-client.jar::data/minecraft/recipe/copper_bulb.json; [Receita crafter](lote-5-mods-2026-10-06/cat-cards-2026-10-06.md#receita-crafter) — evidence/minecraft-1.21.1-client.jar::data/minecraft/recipe/crafter.json; [Receita detector_rail](lote-5-mods-2026-10-06/cat-cards-2026-10-06.md#receita-detector-rail) — evidence/minecraft-1.21.1-client.jar::data/minecraft/recipe/detector_rail.json; [Receita dispenser](lote-5-mods-2026-10-06/cat-cards-2026-10-06.md#receita-dispenser) — evidence/minecraft-1.21.1-client.jar::data/minecraft/recipe/dispenser.json; [Receita dropper](lote-5-mods-2026-10-06/cat-cards-2026-10-06.md#receita-dropper) — evidence/minecraft-1.21.1-client.jar::data/minecraft/recipe/dropper.json; [Receita exposed_copper_bulb](lote-5-mods-2026-10-06/cat-cards-2026-10-06.md#receita-exposed-copper-bulb) — evidence/minecraft-1.21.1-client.jar::data/minecraft/recipe/exposed_copper_bulb.json; [Receita note_block](lote-5-mods-2026-10-06/cat-cards-2026-10-06.md#receita-note-block) — evidence/minecraft-1.21.1-client.jar::data/minecraft/recipe/note_block.json; [Receita observer](lote-5-mods-2026-10-06/cat-cards-2026-10-06.md#receita-observer) — evidence/minecraft-1.21.1-client.jar::data/minecraft/recipe/observer.json; [Receita oxidized_copper_bulb](lote-5-mods-2026-10-06/cat-cards-2026-10-06.md#receita-oxidized-copper-bulb) — evidence/minecraft-1.21.1-client.jar::data/minecraft/recipe/oxidized_copper_bulb.json; [Receita piston](lote-5-mods-2026-10-06/cat-cards-2026-10-06.md#receita-piston) — evidence/minecraft-1.21.1-client.jar::data/minecraft/recipe/piston.json; [Receita powered_rail](lote-5-mods-2026-10-06/cat-cards-2026-10-06.md#receita-powered-rail) — evidence/minecraft-1.21.1-client.jar::data/minecraft/recipe/powered_rail.json; [Receita redstone_block](lote-5-mods-2026-10-06/cat-cards-2026-10-06.md#receita-redstone-block) — evidence/minecraft-1.21.1-client.jar::data/minecraft/recipe/redstone_block.json; [Receita redstone_lamp](lote-5-mods-2026-10-06/cat-cards-2026-10-06.md#receita-redstone-lamp) — evidence/minecraft-1.21.1-client.jar::data/minecraft/recipe/redstone_lamp.json; [Receita redstone_torch](lote-5-mods-2026-10-06/cat-cards-2026-10-06.md#receita-redstone-torch) — evidence/minecraft-1.21.1-client.jar::data/minecraft/recipe/redstone_torch.json; [Receita repeater](lote-5-mods-2026-10-06/cat-cards-2026-10-06.md#receita-repeater) — evidence/minecraft-1.21.1-client.jar::data/minecraft/recipe/repeater.json; [Receita target](lote-5-mods-2026-10-06/cat-cards-2026-10-06.md#receita-target) — evidence/minecraft-1.21.1-client.jar::data/minecraft/recipe/target.json; [Receita waxed_copper_bulb](lote-5-mods-2026-10-06/cat-cards-2026-10-06.md#receita-waxed-copper-bulb) — evidence/minecraft-1.21.1-client.jar::data/minecraft/recipe/waxed_copper_bulb.json; [Receita waxed_exposed_copper_bulb](lote-5-mods-2026-10-06/cat-cards-2026-10-06.md#receita-waxed-exposed-copper-bulb) — evidence/minecraft-1.21.1-client.jar::data/minecraft/recipe/waxed_exposed_copper_bulb.json; [Receita waxed_oxidized_copper_bulb](lote-5-mods-2026-10-06/cat-cards-2026-10-06.md#receita-waxed-oxidized-copper-bulb) — evidence/minecraft-1.21.1-client.jar::data/minecraft/recipe/waxed_oxidized_copper_bulb.json; [Receita waxed_weathered_copper_bulb](lote-5-mods-2026-10-06/cat-cards-2026-10-06.md#receita-waxed-weathered-copper-bulb) — evidence/minecraft-1.21.1-client.jar::data/minecraft/recipe/waxed_weathered_copper_bulb.json; [Receita weathered_copper_bulb](lote-5-mods-2026-10-06/cat-cards-2026-10-06.md#receita-weathered-copper-bulb) — evidence/minecraft-1.21.1-client.jar::data/minecraft/recipe/weathered_copper_bulb.json
The Prowler,Cataclysm,Criatura hostil; classe e alvos do mod,Estruturas com entidade/spawner data/cataclysm/structure/the_prowler.nbt; ,Loot de morte,minecraft:iron_ingot,5–7,"pool 2: 1 sorteio(s), peso bruto 1/1; peso condicionado aos candidatos elegíveis; reposição em múltiplos sorteios; set_count ","Ingrediente nas receitas versionadas para: cataclysm:belt_of_beginner, cataclysm:laser_gatling, cataclysm:mech_eye",Alta no recurso/código da build auditada; configuração efetiva do pack não confirmada,/images/bestiary/audited/cat/the-prowler.png,com/github/L_Ender/cataclysm/client/model/entity/The_Prowler_Model.class; com/github/L_Ender/cataclysm/client/render/entity/The_Prowler_Renderer.class; assets/cataclysm/textures/entity/factory/the_prowler_0.png; assets/cataclysm/textures/entity/factory/the_prowler_layer_0.png; com/github/L_Ender/cataclysm/client/animation/Prowler_Animation.class; com/github/L_Ender/cataclysm/client/event/ClientSetup.class; com/github/L_Ender/cataclysm/client/model/CMModelLayers.class; com/github/L_Ender/cataclysm/client/render/layer/The_Prowler_Layer.class; com/github/L_Ender/cataclysm/init/ModEntities.class; output-cat/proveniencia.json,evidence-cat/L_Ender's Cataclysm 1.21.1-3.33.jar::data/cataclysm/loot_table/entities/the_prowler.json; evidence-cat/decompiled-full/com/github/L_Ender/cataclysm/entity/InternalAnimationMonster/The_Prowler_Entity.java; evidence-cat/decompiled-full/com/github/L_Ender/cataclysm/init/ModItems.java; evidence-cat/decompiled-full/com/github/L_Ender/cataclysm/world/CMWorldRegistry.java,/bestiary/receitas/cat.html#receita-activator-rail | [Receita activator_rail](lote-5-mods-2026-10-06/cat-cards-2026-10-06.md#receita-activator-rail) — evidence/minecraft-1.21.1-client.jar::data/minecraft/recipe/activator_rail.json; [Receita anvil](lote-5-mods-2026-10-06/cat-cards-2026-10-06.md#receita-anvil) — evidence/minecraft-1.21.1-client.jar::data/minecraft/recipe/anvil.json; [Receita blast_furnace](lote-5-mods-2026-10-06/cat-cards-2026-10-06.md#receita-blast-furnace) — evidence/minecraft-1.21.1-client.jar::data/minecraft/recipe/blast_furnace.json; [Receita bucket](lote-5-mods-2026-10-06/cat-cards-2026-10-06.md#receita-bucket) — evidence/minecraft-1.21.1-client.jar::data/minecraft/recipe/bucket.json; [Receita cauldron](lote-5-mods-2026-10-06/cat-cards-2026-10-06.md#receita-cauldron) — evidence/minecraft-1.21.1-client.jar::data/minecraft/recipe/cauldron.json; [Receita chain](lote-5-mods-2026-10-06/cat-cards-2026-10-06.md#receita-chain) — evidence/minecraft-1.21.1-client.jar::data/minecraft/recipe/chain.json; [Receita compass](lote-5-mods-2026-10-06/cat-cards-2026-10-06.md#receita-compass) — evidence/minecraft-1.21.1-client.jar::data/minecraft/recipe/compass.json; [Receita crafter](lote-5-mods-2026-10-06/cat-cards-2026-10-06.md#receita-crafter) — evidence/minecraft-1.21.1-client.jar::data/minecraft/recipe/crafter.json; [Receita crossbow](lote-5-mods-2026-10-06/cat-cards-2026-10-06.md#receita-crossbow) — evidence/minecraft-1.21.1-client.jar::data/minecraft/recipe/crossbow.json; [Receita detector_rail](lote-5-mods-2026-10-06/cat-cards-2026-10-06.md#receita-detector-rail) — evidence/minecraft-1.21.1-client.jar::data/minecraft/recipe/detector_rail.json; [Receita flint_and_steel](lote-5-mods-2026-10-06/cat-cards-2026-10-06.md#receita-flint-and-steel) — evidence/minecraft-1.21.1-client.jar::data/minecraft/recipe/flint_and_steel.json; [Receita heavy_weighted_pressure_plate](lote-5-mods-2026-10-06/cat-cards-2026-10-06.md#receita-heavy-weighted-pressure-plate) — evidence/minecraft-1.21.1-client.jar::data/minecraft/recipe/heavy_weighted_pressure_plate.json; [Receita hopper](lote-5-mods-2026-10-06/cat-cards-2026-10-06.md#receita-hopper) — evidence/minecraft-1.21.1-client.jar::data/minecraft/recipe/hopper.json; [Receita iron_axe](lote-5-mods-2026-10-06/cat-cards-2026-10-06.md#receita-iron-axe) — evidence/minecraft-1.21.1-client.jar::data/minecraft/recipe/iron_axe.json; [Receita iron_bars](lote-5-mods-2026-10-06/cat-cards-2026-10-06.md#receita-iron-bars) — evidence/minecraft-1.21.1-client.jar::data/minecraft/recipe/iron_bars.json; [Receita iron_block](lote-5-mods-2026-10-06/cat-cards-2026-10-06.md#receita-iron-block) — evidence/minecraft-1.21.1-client.jar::data/minecraft/recipe/iron_block.json; [Receita iron_boots](lote-5-mods-2026-10-06/cat-cards-2026-10-06.md#receita-iron-boots) — evidence/minecraft-1.21.1-client.jar::data/minecraft/recipe/iron_boots.json; [Receita iron_chestplate](lote-5-mods-2026-10-06/cat-cards-2026-10-06.md#receita-iron-chestplate) — evidence/minecraft-1.21.1-client.jar::data/minecraft/recipe/iron_chestplate.json; [Receita iron_door](lote-5-mods-2026-10-06/cat-cards-2026-10-06.md#receita-iron-door) — evidence/minecraft-1.21.1-client.jar::data/minecraft/recipe/iron_door.json; [Receita iron_helmet](lote-5-mods-2026-10-06/cat-cards-2026-10-06.md#receita-iron-helmet) — evidence/minecraft-1.21.1-client.jar::data/minecraft/recipe/iron_helmet.json; [Receita iron_hoe](lote-5-mods-2026-10-06/cat-cards-2026-10-06.md#receita-iron-hoe) — evidence/minecraft-1.21.1-client.jar::data/minecraft/recipe/iron_hoe.json; [Receita iron_leggings](lote-5-mods-2026-10-06/cat-cards-2026-10-06.md#receita-iron-leggings) — evidence/minecraft-1.21.1-client.jar::data/minecraft/recipe/iron_leggings.json; [Receita iron_nugget](lote-5-mods-2026-10-06/cat-cards-2026-10-06.md#receita-iron-nugget) — evidence/minecraft-1.21.1-client.jar::data/minecraft/recipe/iron_nugget.json; [Receita iron_pickaxe](lote-5-mods-2026-10-06/cat-cards-2026-10-06.md#receita-iron-pickaxe) — evidence/minecraft-1.21.1-client.jar::data/minecraft/recipe/iron_pickaxe.json; [Receita iron_shovel](lote-5-mods-2026-10-06/cat-cards-2026-10-06.md#receita-iron-shovel) — evidence/minecraft-1.21.1-client.jar::data/minecraft/recipe/iron_shovel.json; [Receita iron_sword](lote-5-mods-2026-10-06/cat-cards-2026-10-06.md#receita-iron-sword) — evidence/minecraft-1.21.1-client.jar::data/minecraft/recipe/iron_sword.json; [Receita iron_trapdoor](lote-5-mods-2026-10-06/cat-cards-2026-10-06.md#receita-iron-trapdoor) — evidence/minecraft-1.21.1-client.jar::data/minecraft/recipe/iron_trapdoor.json; [Receita minecart](lote-5-mods-2026-10-06/cat-cards-2026-10-06.md#receita-minecart) — evidence/minecraft-1.21.1-client.jar::data/minecraft/recipe/minecart.json; [Receita piston](lote-5-mods-2026-10-06/cat-cards-2026-10-06.md#receita-piston) — evidence/minecraft-1.21.1-client.jar::data/minecraft/recipe/piston.json; [Receita rail](lote-5-mods-2026-10-06/cat-cards-2026-10-06.md#receita-rail) — evidence/minecraft-1.21.1-client.jar::data/minecraft/recipe/rail.json; [Receita shears](lote-5-mods-2026-10-06/cat-cards-2026-10-06.md#receita-shears) — evidence/minecraft-1.21.1-client.jar::data/minecraft/recipe/shears.json; [Receita shield](lote-5-mods-2026-10-06/cat-cards-2026-10-06.md#receita-shield) — evidence/minecraft-1.21.1-client.jar::data/minecraft/recipe/shield.json; [Receita smithing_table](lote-5-mods-2026-10-06/cat-cards-2026-10-06.md#receita-smithing-table) — evidence/minecraft-1.21.1-client.jar::data/minecraft/recipe/smithing_table.json; [Receita stonecutter](lote-5-mods-2026-10-06/cat-cards-2026-10-06.md#receita-stonecutter) — evidence/minecraft-1.21.1-client.jar::data/minecraft/recipe/stonecutter.json; [Receita tripwire_hook](lote-5-mods-2026-10-06/cat-cards-2026-10-06.md#receita-tripwire-hook) — evidence/minecraft-1.21.1-client.jar::data/minecraft/recipe/tripwire_hook.json
The Leviathan,Cataclysm,Chefe hostil de estrutura/altar; combate com mecânicas próprias,Sunken City: Abyssal Sacrifice no Altar of Abyss inicia invocação. evidence-cat/decompiled-full/com/github/L_Ender/cataclysm/blockentities/AltarOfAbyss_Block_Entity.java,Loot de morte,cataclysm:tidal_claws,1,"pool 1: 1 sorteio(s), peso bruto 1/1; peso condicionado aos candidatos elegíveis; reposição em múltiplos sorteios","Arma com ataques tentaculares e gancho: usar dispara Tidal_Hook_Entity (alcance30), segurar/soltar controla attachment HOOK_FALLING.",Alta no recurso/código da build auditada; configuração efetiva do pack não confirmada,/images/bestiary/audited/cat/the-leviathan.png,com/github/L_Ender/cataclysm/client/model/entity/The_Leviathan_Model.class; com/github/L_Ender/cataclysm/client/render/entity/The_Leviathan_Renderer.class; assets/cataclysm/textures/entity/leviathan/the_leviathan.png; assets/cataclysm/textures/entity/leviathan/the_leviathan_eye.png; com/github/L_Ender/cataclysm/client/event/ClientSetup.class; com/github/L_Ender/cataclysm/client/model/CMModelLayers.class; com/github/L_Ender/cataclysm/client/render/layer/LayerBasicGlow.class; com/github/L_Ender/cataclysm/client/render/layer/The_Leviathan_Layer.class; com/github/L_Ender/cataclysm/init/ModEntities.class; com/github/L_Ender/lionfishapi/client/model/tools/AdvancedEntityModel.class; com/github/L_Ender/lionfishapi/client/model/tools/AdvancedModelBox.class; output-cat/proveniencia.json,evidence-cat/L_Ender's Cataclysm 1.21.1-3.33.jar::data/cataclysm/loot_table/entities/the_leviathan.json; evidence-cat/decompiled-full/com/github/L_Ender/cataclysm/entity/AnimationMonster/BossMonsters/The_Leviathan/The_Leviathan_Entity.java; evidence-cat/decompiled-full/com/github/L_Ender/cataclysm/init/ModItems.java; evidence-cat/decompiled-full/com/github/L_Ender/cataclysm/world/CMWorldRegistry.java,"Não aplicável: uso direto, interação ou sem receita identificada; fontes na linha"
The Leviathan,Cataclysm,Chefe hostil de estrutura/altar; combate com mecânicas próprias,Sunken City: Abyssal Sacrifice no Altar of Abyss inicia invocação. evidence-cat/decompiled-full/com/github/L_Ender/cataclysm/blockentities/AltarOfAbyss_Block_Entity.java,Loot de morte,cataclysm:abyssal_egg,1,"pool 2: 1 sorteio(s), peso bruto 1/1; peso condicionado aos candidatos elegíveis; reposição em múltiplos sorteios",Bloco colocável: Abyssal Egg Block/BlockEntity incubam Baby Leviathan; pet pode ser domado com Tropical Fish.,Alta no recurso/código da build auditada; configuração efetiva do pack não confirmada,/images/bestiary/audited/cat/the-leviathan.png,com/github/L_Ender/cataclysm/client/model/entity/The_Leviathan_Model.class; com/github/L_Ender/cataclysm/client/render/entity/The_Leviathan_Renderer.class; assets/cataclysm/textures/entity/leviathan/the_leviathan.png; assets/cataclysm/textures/entity/leviathan/the_leviathan_eye.png; com/github/L_Ender/cataclysm/client/event/ClientSetup.class; com/github/L_Ender/cataclysm/client/model/CMModelLayers.class; com/github/L_Ender/cataclysm/client/render/layer/LayerBasicGlow.class; com/github/L_Ender/cataclysm/client/render/layer/The_Leviathan_Layer.class; com/github/L_Ender/cataclysm/init/ModEntities.class; com/github/L_Ender/lionfishapi/client/model/tools/AdvancedEntityModel.class; com/github/L_Ender/lionfishapi/client/model/tools/AdvancedModelBox.class; output-cat/proveniencia.json,evidence-cat/L_Ender's Cataclysm 1.21.1-3.33.jar::data/cataclysm/loot_table/entities/the_leviathan.json; evidence-cat/decompiled-full/com/github/L_Ender/cataclysm/entity/AnimationMonster/BossMonsters/The_Leviathan/The_Leviathan_Entity.java; evidence-cat/decompiled-full/com/github/L_Ender/cataclysm/init/ModItems.java; evidence-cat/decompiled-full/com/github/L_Ender/cataclysm/world/CMWorldRegistry.java,"Não aplicável: uso direto, interação ou sem receita identificada; fontes na linha"
The Leviathan,Cataclysm,Chefe hostil de estrutura/altar; combate com mecânicas próprias,Sunken City: Abyssal Sacrifice no Altar of Abyss inicia invocação. evidence-cat/decompiled-full/com/github/L_Ender/cataclysm/blockentities/AltarOfAbyss_Block_Entity.java,Loot de morte,cataclysm:music_disc_the_leviathan,1,"sem Saque 10%; com Saque nível≥1 10% constante (LevelBasedValue constante, não bônus por nível); pool 3: 1 sorteio(s), peso bruto 1/1; peso condicionado aos candidatos elegíveis; reposição em múltiplos sorteios",Reproduzir a faixa em jukebox; item musical da versão auditada,Alta no recurso/código da build auditada; configuração efetiva do pack não confirmada,/images/bestiary/audited/cat/the-leviathan.png,com/github/L_Ender/cataclysm/client/model/entity/The_Leviathan_Model.class; com/github/L_Ender/cataclysm/client/render/entity/The_Leviathan_Renderer.class; assets/cataclysm/textures/entity/leviathan/the_leviathan.png; assets/cataclysm/textures/entity/leviathan/the_leviathan_eye.png; com/github/L_Ender/cataclysm/client/event/ClientSetup.class; com/github/L_Ender/cataclysm/client/model/CMModelLayers.class; com/github/L_Ender/cataclysm/client/render/layer/LayerBasicGlow.class; com/github/L_Ender/cataclysm/client/render/layer/The_Leviathan_Layer.class; com/github/L_Ender/cataclysm/init/ModEntities.class; com/github/L_Ender/lionfishapi/client/model/tools/AdvancedEntityModel.class; com/github/L_Ender/lionfishapi/client/model/tools/AdvancedModelBox.class; output-cat/proveniencia.json,evidence-cat/L_Ender's Cataclysm 1.21.1-3.33.jar::data/cataclysm/loot_table/entities/the_leviathan.json; evidence-cat/decompiled-full/com/github/L_Ender/cataclysm/entity/AnimationMonster/BossMonsters/The_Leviathan/The_Leviathan_Entity.java; evidence-cat/decompiled-full/com/github/L_Ender/cataclysm/init/ModItems.java; evidence-cat/decompiled-full/com/github/L_Ender/cataclysm/world/CMWorldRegistry.java,"Não aplicável: uso direto, interação ou sem receita identificada; fontes na linha"
The Baby Leviathan,Cataclysm,"Pet domesticável; dono, cura/ordens e captura para transporte",Incubação de Abyssal Egg Block/BlockEntity; pet domável com Tropical Fish.,Loot de morte,cataclysm:abyssal_egg,1,"pool 1: 1 sorteio(s), peso bruto 1/1; peso condicionado aos candidatos elegíveis; reposição em múltiplos sorteios",Bloco colocável: Abyssal Egg Block/BlockEntity incubam Baby Leviathan; pet pode ser domado com Tropical Fish.,Alta no recurso/código da build auditada; configuração efetiva do pack não confirmada,/images/bestiary/audited/cat/the-baby-leviathan.png,com/github/L_Ender/cataclysm/client/model/entity/The_Baby_Leviathan_Model.class; com/github/L_Ender/cataclysm/client/render/entity/The_Baby_Leviathan_Renderer.class; assets/cataclysm/textures/entity/leviathan/the_baby_leviathan.png; com/github/L_Ender/cataclysm/client/event/ClientSetup.class; com/github/L_Ender/cataclysm/client/model/CMModelLayers.class; com/github/L_Ender/cataclysm/init/ModEntities.class; com/github/L_Ender/lionfishapi/client/model/tools/AdvancedEntityModel.class; com/github/L_Ender/lionfishapi/client/model/tools/AdvancedModelBox.class; output-cat/proveniencia.json,evidence-cat/L_Ender's Cataclysm 1.21.1-3.33.jar::data/cataclysm/loot_table/entities/the_baby_leviathan.json; evidence-cat/decompiled-full/com/github/L_Ender/cataclysm/entity/Pet/The_Baby_Leviathan_Entity.java; evidence-cat/decompiled-full/com/github/L_Ender/cataclysm/init/ModItems.java; evidence-cat/decompiled-full/com/github/L_Ender/cataclysm/world/CMWorldRegistry.java,"Não aplicável: uso direto, interação ou sem receita identificada; fontes na linha"
The Baby Leviathan,Cataclysm,"Pet domesticável; dono, cura/ordens e captura para transporte",Incubação de Abyssal Egg Block/BlockEntity; pet domável com Tropical Fish.,Captura/transporte em balde,cataclysm:the_baby_leviathan_bucket,1,"Water Bucket; Bucketable.bucketMobPickup; entidade viva; salva dados da criatura no bucket, remove entidade do mundo, sem abate; Modern Remnant/Baby Leviathan exigem domado; Ministrosity exige domado e dono.",Transportar e soltar o mesmo pet preservando dados; não é recompensa adicional de morte,Alta no recurso/código da build auditada; configuração efetiva do pack não confirmada,/images/bestiary/audited/cat/the-baby-leviathan.png,com/github/L_Ender/cataclysm/client/model/entity/The_Baby_Leviathan_Model.class; com/github/L_Ender/cataclysm/client/render/entity/The_Baby_Leviathan_Renderer.class; assets/cataclysm/textures/entity/leviathan/the_baby_leviathan.png; com/github/L_Ender/cataclysm/client/event/ClientSetup.class; com/github/L_Ender/cataclysm/client/model/CMModelLayers.class; com/github/L_Ender/cataclysm/init/ModEntities.class; com/github/L_Ender/lionfishapi/client/model/tools/AdvancedEntityModel.class; com/github/L_Ender/lionfishapi/client/model/tools/AdvancedModelBox.class; output-cat/proveniencia.json,evidence-cat/decompiled-full/com/github/L_Ender/cataclysm/entity/Pet/The_Baby_Leviathan_Entity.java; evidence-cat/decompiled-full/com/github/L_Ender/cataclysm/entity/Pet/The_Baby_Leviathan_Entity.java; evidence-cat/decompiled-full/com/github/L_Ender/cataclysm/init/ModItems.java; evidence-cat/decompiled-full/com/github/L_Ender/cataclysm/world/CMWorldRegistry.java,"Não aplicável: uso direto, interação ou sem receita identificada; fontes na linha"
Amethyst Crab,Cataclysm,Criatura hostil; classe e alvos do mod,"Estruturas com entidade/spawner data/cataclysm/structure/amethyst_crab.nbt; Spawn via #cataclysm:amethyst_crab_spawn (Ignited Berserker usa tag de estrutura, demais tag de bioma); peso configurável >0; CMWorldRegistry e CMCommonConfig.Spawning; ",Loot de morte,cataclysm:amethyst_crab_meat,4–10,"pool 1: 1 sorteio(s), peso bruto 1/1; peso condicionado aos candidatos elegíveis; reposição em múltiplos sorteios; set_count ; Saque minecraft:looting: bônus Math.round(nível × sorteio 0–1); limite sem limite explícito","Comida: nutrição6/saturação1.2; Regeneration100ticks (5s), probabilidade1. Ingrediente de Blessed Amethyst Crab Meat.",Alta no recurso/código da build auditada; configuração efetiva do pack não confirmada,/images/bestiary/audited/cat/amethyst-crab-normal.png,com/github/L_Ender/cataclysm/client/model/entity/Amethyst_Crab_Model.class; com/github/L_Ender/cataclysm/client/render/entity/Amethyst_Crab_Renderer.class; assets/cataclysm/textures/entity/amethyst_crab.png; com/github/L_Ender/cataclysm/client/event/ClientSetup.class; com/github/L_Ender/cataclysm/client/model/CMModelLayers.class; com/github/L_Ender/cataclysm/init/ModEntities.class; com/github/L_Ender/lionfishapi/client/model/tools/AdvancedEntityModel.class; com/github/L_Ender/lionfishapi/client/model/tools/AdvancedModelBox.class; assets/cataclysm/textures/entity/mr_amethyst_krabs.png; output-cat/proveniencia.json,evidence-cat/L_Ender's Cataclysm 1.21.1-3.33.jar::data/cataclysm/loot_table/entities/amethyst_crab.json; evidence-cat/decompiled-full/com/github/L_Ender/cataclysm/entity/AnimationMonster/BossMonsters/Amethyst_Crab_Entity.java; evidence-cat/decompiled-full/com/github/L_Ender/cataclysm/init/ModItems.java; evidence-cat/decompiled-full/com/github/L_Ender/cataclysm/world/CMWorldRegistry.java,/bestiary/receitas/cat.html#receita-blessed-amethyst-crab-meat | [Receita blessed_amethyst_crab_meat](lote-5-mods-2026-10-06/cat-cards-2026-10-06.md#receita-blessed-amethyst-crab-meat) — evidence-cat/L_Ender's Cataclysm 1.21.1-3.33.jar::data/cataclysm/recipe/amethyst_bless/blessed_amethyst_crab_meat.json
Amethyst Crab,Cataclysm,Criatura hostil; classe e alvos do mod,"Estruturas com entidade/spawner data/cataclysm/structure/amethyst_crab.nbt; Spawn via #cataclysm:amethyst_crab_spawn (Ignited Berserker usa tag de estrutura, demais tag de bioma); peso configurável >0; CMWorldRegistry e CMCommonConfig.Spawning; ",Loot de morte,cataclysm:amethyst_crab_shell,3–5,"pool 2: 1 sorteio(s), peso bruto 1/1; peso condicionado aos candidatos elegíveis; reposição em múltiplos sorteios; set_count ; Saque minecraft:looting: bônus Math.round(nível × sorteio 0–1); limite sem limite explícito",Ingrediente nas receitas versionadas para: cataclysm:bloom_stone_pauldrons,Alta no recurso/código da build auditada; configuração efetiva do pack não confirmada,/images/bestiary/audited/cat/amethyst-crab-normal.png,com/github/L_Ender/cataclysm/client/model/entity/Amethyst_Crab_Model.class; com/github/L_Ender/cataclysm/client/render/entity/Amethyst_Crab_Renderer.class; assets/cataclysm/textures/entity/amethyst_crab.png; com/github/L_Ender/cataclysm/client/event/ClientSetup.class; com/github/L_Ender/cataclysm/client/model/CMModelLayers.class; com/github/L_Ender/cataclysm/init/ModEntities.class; com/github/L_Ender/lionfishapi/client/model/tools/AdvancedEntityModel.class; com/github/L_Ender/lionfishapi/client/model/tools/AdvancedModelBox.class; assets/cataclysm/textures/entity/mr_amethyst_krabs.png; output-cat/proveniencia.json,evidence-cat/L_Ender's Cataclysm 1.21.1-3.33.jar::data/cataclysm/loot_table/entities/amethyst_crab.json; evidence-cat/decompiled-full/com/github/L_Ender/cataclysm/entity/AnimationMonster/BossMonsters/Amethyst_Crab_Entity.java; evidence-cat/decompiled-full/com/github/L_Ender/cataclysm/init/ModItems.java; evidence-cat/decompiled-full/com/github/L_Ender/cataclysm/world/CMWorldRegistry.java,/bestiary/receitas/cat.html#receita-bloom-stone-pauldrons | [Receita bloom_stone_pauldrons](lote-5-mods-2026-10-06/cat-cards-2026-10-06.md#receita-bloom-stone-pauldrons) — evidence-cat/L_Ender's Cataclysm 1.21.1-3.33.jar::data/cataclysm/recipe/bloom_stone_pauldrons.json
Ancient Remnant,Cataclysm,Chefe hostil de estrutura/altar; combate com mecânicas próprias,Gerado pelo código de Cursed_Pyramid_Structure; evidence-cat/decompiled-full/com/github/L_Ender/cataclysm/structures/Cursed_Pyramid_Structure.java; ,Loot de morte,cataclysm:sandstorm_in_a_bottle,1,"pool 1: 1 sorteio(s), peso bruto 1/1; peso condicionado aos candidatos elegíveis; reposição em múltiplos sorteios","Uso invoca2 Sandstorm_Entity ao redor do jogador, duração200ticks (10s); cooldown configurável.",Alta no recurso/código da build auditada; configuração efetiva do pack não confirmada,/images/bestiary/audited/cat/ancient-remnant.png,com/github/L_Ender/cataclysm/client/model/entity/Ancient_Remnant_Rework_Model.class; com/github/L_Ender/cataclysm/client/render/entity/Ancient_Remnant_Rework_Renderer.class; assets/cataclysm/textures/entity/ancient_remnant/ancient_remnant.png; com/github/L_Ender/cataclysm/client/animation/Ancient_Remnant_Animation.class; com/github/L_Ender/cataclysm/client/event/ClientSetup.class; com/github/L_Ender/cataclysm/client/model/CMModelLayers.class; com/github/L_Ender/cataclysm/client/render/layer/Ancient_Remnant_Layer.class; com/github/L_Ender/cataclysm/init/ModEntities.class; output-cat/proveniencia.json,evidence-cat/L_Ender's Cataclysm 1.21.1-3.33.jar::data/cataclysm/loot_table/entities/ancient_remnant.json; evidence-cat/decompiled-full/com/github/L_Ender/cataclysm/entity/InternalAnimationMonster/IABossMonsters/Ancient_Remnant/Ancient_Remnant_Entity.java; evidence-cat/decompiled-full/com/github/L_Ender/cataclysm/init/ModItems.java; evidence-cat/decompiled-full/com/github/L_Ender/cataclysm/world/CMWorldRegistry.java,/bestiary/receitas/cat.html#receita-gauntlet-of-maelstrom | [Receita gauntlet_of_maelstrom](lote-5-mods-2026-10-06/cat-cards-2026-10-06.md#receita-gauntlet-of-maelstrom) — evidence-cat/L_Ender's Cataclysm 1.21.1-3.33.jar::data/cataclysm/recipe/weapon_infusion/gauntlet_of_maelstrom.json; [Receita wrath_of_the_desert](lote-5-mods-2026-10-06/cat-cards-2026-10-06.md#receita-wrath-of-the-desert) — evidence-cat/L_Ender's Cataclysm 1.21.1-3.33.jar::data/cataclysm/recipe/weapon_infusion/wrath_of_the_desert.json
Ancient Remnant,Cataclysm,Chefe hostil de estrutura/altar; combate com mecânicas próprias,Gerado pelo código de Cursed_Pyramid_Structure; evidence-cat/decompiled-full/com/github/L_Ender/cataclysm/structures/Cursed_Pyramid_Structure.java; ,Loot de morte,cataclysm:remnant_skull,1,"pool 2: 1 sorteio(s), peso bruto 1/1; peso condicionado aos candidatos elegíveis; reposição em múltiplos sorteios","Uso invoca Modern Remnant, domado com Sniffer Egg. Skull do Ancient Remnant e de pet é o mesmo item registrado.",Alta no recurso/código da build auditada; configuração efetiva do pack não confirmada,/images/bestiary/audited/cat/ancient-remnant.png,com/github/L_Ender/cataclysm/client/model/entity/Ancient_Remnant_Rework_Model.class; com/github/L_Ender/cataclysm/client/render/entity/Ancient_Remnant_Rework_Renderer.class; assets/cataclysm/textures/entity/ancient_remnant/ancient_remnant.png; com/github/L_Ender/cataclysm/client/animation/Ancient_Remnant_Animation.class; com/github/L_Ender/cataclysm/client/event/ClientSetup.class; com/github/L_Ender/cataclysm/client/model/CMModelLayers.class; com/github/L_Ender/cataclysm/client/render/layer/Ancient_Remnant_Layer.class; com/github/L_Ender/cataclysm/init/ModEntities.class; output-cat/proveniencia.json,evidence-cat/L_Ender's Cataclysm 1.21.1-3.33.jar::data/cataclysm/loot_table/entities/ancient_remnant.json; evidence-cat/decompiled-full/com/github/L_Ender/cataclysm/entity/InternalAnimationMonster/IABossMonsters/Ancient_Remnant/Ancient_Remnant_Entity.java; evidence-cat/decompiled-full/com/github/L_Ender/cataclysm/init/ModItems.java; evidence-cat/decompiled-full/com/github/L_Ender/cataclysm/world/CMWorldRegistry.java,"Não aplicável: uso direto, interação ou sem receita identificada; fontes na linha"
Ancient Remnant,Cataclysm,Chefe hostil de estrutura/altar; combate com mecânicas próprias,Gerado pelo código de Cursed_Pyramid_Structure; evidence-cat/decompiled-full/com/github/L_Ender/cataclysm/structures/Cursed_Pyramid_Structure.java; ,Loot de morte,cataclysm:ancient_metal_block,1,"pool 3: 1 sorteio(s), peso bruto 1/1; peso condicionado aos candidatos elegíveis; reposição em múltiplos sorteios",Ingrediente nas receitas versionadas para: cataclysm:ancient_metal_ingot,Alta no recurso/código da build auditada; configuração efetiva do pack não confirmada,/images/bestiary/audited/cat/ancient-remnant.png,com/github/L_Ender/cataclysm/client/model/entity/Ancient_Remnant_Rework_Model.class; com/github/L_Ender/cataclysm/client/render/entity/Ancient_Remnant_Rework_Renderer.class; assets/cataclysm/textures/entity/ancient_remnant/ancient_remnant.png; com/github/L_Ender/cataclysm/client/animation/Ancient_Remnant_Animation.class; com/github/L_Ender/cataclysm/client/event/ClientSetup.class; com/github/L_Ender/cataclysm/client/model/CMModelLayers.class; com/github/L_Ender/cataclysm/client/render/layer/Ancient_Remnant_Layer.class; com/github/L_Ender/cataclysm/init/ModEntities.class; output-cat/proveniencia.json,evidence-cat/L_Ender's Cataclysm 1.21.1-3.33.jar::data/cataclysm/loot_table/entities/ancient_remnant.json; evidence-cat/decompiled-full/com/github/L_Ender/cataclysm/entity/InternalAnimationMonster/IABossMonsters/Ancient_Remnant/Ancient_Remnant_Entity.java; evidence-cat/decompiled-full/com/github/L_Ender/cataclysm/init/ModItems.java; evidence-cat/decompiled-full/com/github/L_Ender/cataclysm/world/CMWorldRegistry.java,/bestiary/receitas/cat.html#receita-ancient-metal-ingot | [Receita ancient_metal_ingot](lote-5-mods-2026-10-06/cat-cards-2026-10-06.md#receita-ancient-metal-ingot) — evidence-cat/L_Ender's Cataclysm 1.21.1-3.33.jar::data/cataclysm/recipe/ancient_metal_ingot.json
Ancient Remnant,Cataclysm,Chefe hostil de estrutura/altar; combate com mecânicas próprias,Gerado pelo código de Cursed_Pyramid_Structure; evidence-cat/decompiled-full/com/github/L_Ender/cataclysm/structures/Cursed_Pyramid_Structure.java; ,Loot de morte,cataclysm:music_disc_ancient_remnant,1,"sem Saque 10%; com Saque nível≥1 10% constante (LevelBasedValue constante, não bônus por nível); pool 4: 1 sorteio(s), peso bruto 1/1; peso condicionado aos candidatos elegíveis; reposição em múltiplos sorteios",Reproduzir a faixa em jukebox; item musical da versão auditada,Alta no recurso/código da build auditada; configuração efetiva do pack não confirmada,/images/bestiary/audited/cat/ancient-remnant.png,com/github/L_Ender/cataclysm/client/model/entity/Ancient_Remnant_Rework_Model.class; com/github/L_Ender/cataclysm/client/render/entity/Ancient_Remnant_Rework_Renderer.class; assets/cataclysm/textures/entity/ancient_remnant/ancient_remnant.png; com/github/L_Ender/cataclysm/client/animation/Ancient_Remnant_Animation.class; com/github/L_Ender/cataclysm/client/event/ClientSetup.class; com/github/L_Ender/cataclysm/client/model/CMModelLayers.class; com/github/L_Ender/cataclysm/client/render/layer/Ancient_Remnant_Layer.class; com/github/L_Ender/cataclysm/init/ModEntities.class; output-cat/proveniencia.json,evidence-cat/L_Ender's Cataclysm 1.21.1-3.33.jar::data/cataclysm/loot_table/entities/ancient_remnant.json; evidence-cat/decompiled-full/com/github/L_Ender/cataclysm/entity/InternalAnimationMonster/IABossMonsters/Ancient_Remnant/Ancient_Remnant_Entity.java; evidence-cat/decompiled-full/com/github/L_Ender/cataclysm/init/ModItems.java; evidence-cat/decompiled-full/com/github/L_Ender/cataclysm/world/CMWorldRegistry.java,"Não aplicável: uso direto, interação ou sem receita identificada; fontes na linha"
Ancient Remnant,Cataclysm,Chefe hostil de estrutura/altar; combate com mecânicas próprias,Gerado pelo código de Cursed_Pyramid_Structure; evidence-cat/decompiled-full/com/github/L_Ender/cataclysm/structures/Cursed_Pyramid_Structure.java; ,Ativar encontro,Necklace of the Desert,1 interação,"consome1 fora do criativo se ainda sem necklace, ativa estado2",Iniciar combate; não é drop ou recompensa de inventário,Alta no recurso/código da build auditada; configuração efetiva do pack não confirmada,/images/bestiary/audited/cat/ancient-remnant.png,com/github/L_Ender/cataclysm/client/model/entity/Ancient_Remnant_Rework_Model.class; com/github/L_Ender/cataclysm/client/render/entity/Ancient_Remnant_Rework_Renderer.class; assets/cataclysm/textures/entity/ancient_remnant/ancient_remnant.png; com/github/L_Ender/cataclysm/client/animation/Ancient_Remnant_Animation.class; com/github/L_Ender/cataclysm/client/event/ClientSetup.class; com/github/L_Ender/cataclysm/client/model/CMModelLayers.class; com/github/L_Ender/cataclysm/client/render/layer/Ancient_Remnant_Layer.class; com/github/L_Ender/cataclysm/init/ModEntities.class; output-cat/proveniencia.json,evidence-cat/decompiled-full/com/github/L_Ender/cataclysm/entity/InternalAnimationMonster/IABossMonsters/Ancient_Remnant/Ancient_Remnant_Entity.java; evidence-cat/decompiled-full/com/github/L_Ender/cataclysm/entity/InternalAnimationMonster/IABossMonsters/Ancient_Remnant/Ancient_Remnant_Entity.java; evidence-cat/decompiled-full/com/github/L_Ender/cataclysm/init/ModItems.java; evidence-cat/decompiled-full/com/github/L_Ender/cataclysm/world/CMWorldRegistry.java,"Não aplicável: uso direto, interação ou sem receita identificada; fontes na linha"
Modern Remnant,Cataclysm,"Pet domesticável; dono, cura/ordens e captura para transporte",Invocado usando Remnant Skull (Remnant_Skull.java); pet domável com Sniffer Egg.,Loot de morte,cataclysm:remnant_skull,1,"pool 1: 1 sorteio(s), peso bruto 1/1; peso condicionado aos candidatos elegíveis; reposição em múltiplos sorteios","Uso invoca Modern Remnant, domado com Sniffer Egg. Skull do Ancient Remnant e de pet é o mesmo item registrado.",Alta no recurso/código da build auditada; configuração efetiva do pack não confirmada,/images/bestiary/audited/cat/modern-remnant.png,com/github/L_Ender/cataclysm/client/model/entity/Modern_Remnant_Model.class; com/github/L_Ender/cataclysm/client/render/entity/Modern_Remnant_Renderer.class; assets/cataclysm/textures/entity/ancient_remnant/modern_remnant.png; com/github/L_Ender/cataclysm/client/event/ClientSetup.class; com/github/L_Ender/cataclysm/client/model/CMModelLayers.class; com/github/L_Ender/cataclysm/init/ModEntities.class; com/github/L_Ender/lionfishapi/client/model/tools/AdvancedEntityModel.class; com/github/L_Ender/lionfishapi/client/model/tools/AdvancedModelBox.class; output-cat/proveniencia.json,evidence-cat/L_Ender's Cataclysm 1.21.1-3.33.jar::data/cataclysm/loot_table/entities/modern_remnant.json; evidence-cat/decompiled-full/com/github/L_Ender/cataclysm/entity/Pet/Modern_Remnant_Entity.java; evidence-cat/decompiled-full/com/github/L_Ender/cataclysm/init/ModItems.java; evidence-cat/decompiled-full/com/github/L_Ender/cataclysm/world/CMWorldRegistry.java,"Não aplicável: uso direto, interação ou sem receita identificada; fontes na linha"
Modern Remnant,Cataclysm,"Pet domesticável; dono, cura/ordens e captura para transporte",Invocado usando Remnant Skull (Remnant_Skull.java); pet domável com Sniffer Egg.,Captura/transporte em balde,cataclysm:modern_remnant_bucket,1,"Bucket vazio; bucket pickup customizado; entidade viva; salva dados da criatura no bucket, remove entidade do mundo, sem abate; Modern Remnant/Baby Leviathan exigem domado; Ministrosity exige domado e dono.",Transportar e soltar o mesmo pet preservando dados; não é recompensa adicional de morte,Alta no recurso/código da build auditada; configuração efetiva do pack não confirmada,/images/bestiary/audited/cat/modern-remnant.png,com/github/L_Ender/cataclysm/client/model/entity/Modern_Remnant_Model.class; com/github/L_Ender/cataclysm/client/render/entity/Modern_Remnant_Renderer.class; assets/cataclysm/textures/entity/ancient_remnant/modern_remnant.png; com/github/L_Ender/cataclysm/client/event/ClientSetup.class; com/github/L_Ender/cataclysm/client/model/CMModelLayers.class; com/github/L_Ender/cataclysm/init/ModEntities.class; com/github/L_Ender/lionfishapi/client/model/tools/AdvancedEntityModel.class; com/github/L_Ender/lionfishapi/client/model/tools/AdvancedModelBox.class; output-cat/proveniencia.json,evidence-cat/decompiled-full/com/github/L_Ender/cataclysm/entity/Pet/Modern_Remnant_Entity.java; evidence-cat/decompiled-full/com/github/L_Ender/cataclysm/entity/Pet/Modern_Remnant_Entity.java; evidence-cat/decompiled-full/com/github/L_Ender/cataclysm/init/ModItems.java; evidence-cat/decompiled-full/com/github/L_Ender/cataclysm/world/CMWorldRegistry.java,"Não aplicável: uso direto, interação ou sem receita identificada; fontes na linha"
Koboleton,Cataclysm,Criatura hostil; classe e alvos do mod,"Estruturas com entidade/spawner data/cataclysm/structure/koboleton.nbt; Spawn via #cataclysm:koboleton_spawn (Ignited Berserker usa tag de estrutura, demais tag de bioma); peso configurável >0; CMWorldRegistry e CMCommonConfig.Spawning; Gerado pelo código de Cursed_Pyramid_Structure; evidence-cat/decompiled-full/com/github/L_Ender/cataclysm/structures/Cursed_Pyramid_Structure.java; ",Loot de morte,cataclysm:koboleton_bone,0–2,"pool 1: 1 sorteio(s), peso bruto 1/1; peso condicionado aos candidatos elegíveis; reposição em múltiplos sorteios; set_count ; Saque minecraft:looting: bônus Math.round(nível × sorteio 0–1); limite sem limite explícito","Ingrediente nas receitas versionadas para: cataclysm:bone_reptile_chestplate, cataclysm:bone_reptile_helmet, minecraft:bone_meal",Alta no recurso/código da build auditada; configuração efetiva do pack não confirmada,/images/bestiary/audited/cat/koboleton.png,com/github/L_Ender/cataclysm/client/model/entity/Koboleton_Model.class; com/github/L_Ender/cataclysm/client/render/entity/Koboleton_Renderer.class; assets/cataclysm/textures/entity/koboleton/koboleton.png; assets/cataclysm/textures/entity/koboleton/koboleton_layer.png; com/github/L_Ender/cataclysm/client/event/ClientSetup.class; com/github/L_Ender/cataclysm/client/model/CMModelLayers.class; com/github/L_Ender/cataclysm/client/render/layer/LayerGenericGlowing.class; com/github/L_Ender/cataclysm/client/render/layer/LayerKoboletonItem.class; com/github/L_Ender/cataclysm/init/ModEntities.class; com/github/L_Ender/lionfishapi/client/model/tools/AdvancedEntityModel.class; com/github/L_Ender/lionfishapi/client/model/tools/AdvancedModelBox.class; output-cat/proveniencia.json,evidence-cat/L_Ender's Cataclysm 1.21.1-3.33.jar::data/cataclysm/loot_table/entities/koboleton.json; evidence-cat/decompiled-full/com/github/L_Ender/cataclysm/entity/AnimationMonster/Koboleton_Entity.java; evidence-cat/decompiled-full/com/github/L_Ender/cataclysm/init/ModItems.java; evidence-cat/decompiled-full/com/github/L_Ender/cataclysm/world/CMWorldRegistry.java,/bestiary/receitas/cat.html#receita-bone-meal | [Receita bone_meal](lote-5-mods-2026-10-06/cat-cards-2026-10-06.md#receita-bone-meal) — evidence-cat/L_Ender's Cataclysm 1.21.1-3.33.jar::data/cataclysm/recipe/bone_meal.json; [Receita bone_reptile_chestplate](lote-5-mods-2026-10-06/cat-cards-2026-10-06.md#receita-bone-reptile-chestplate) — evidence-cat/L_Ender's Cataclysm 1.21.1-3.33.jar::data/cataclysm/recipe/bone_reptile_chestplate.json; [Receita bone_reptile_helmet](lote-5-mods-2026-10-06/cat-cards-2026-10-06.md#receita-bone-reptile-helmet) — evidence-cat/L_Ender's Cataclysm 1.21.1-3.33.jar::data/cataclysm/recipe/bone_reptile_helmet.json
Koboleton,Cataclysm,Criatura hostil; classe e alvos do mod,"Estruturas com entidade/spawner data/cataclysm/structure/koboleton.nbt; Spawn via #cataclysm:koboleton_spawn (Ignited Berserker usa tag de estrutura, demais tag de bioma); peso configurável >0; CMWorldRegistry e CMCommonConfig.Spawning; Gerado pelo código de Cursed_Pyramid_Structure; evidence-cat/decompiled-full/com/github/L_Ender/cataclysm/structures/Cursed_Pyramid_Structure.java; ",Loot de morte,cataclysm:ancient_metal_nugget,0–1,"pool 2: 1 sorteio(s), peso bruto 1/1; peso condicionado aos candidatos elegíveis; reposição em múltiplos sorteios; set_count ; Saque minecraft:looting: bônus Math.round(nível × sorteio 0–1); limite sem limite explícito",Ingrediente nas receitas versionadas para: cataclysm:ancient_metal_ingot,Alta no recurso/código da build auditada; configuração efetiva do pack não confirmada,/images/bestiary/audited/cat/koboleton.png,com/github/L_Ender/cataclysm/client/model/entity/Koboleton_Model.class; com/github/L_Ender/cataclysm/client/render/entity/Koboleton_Renderer.class; assets/cataclysm/textures/entity/koboleton/koboleton.png; assets/cataclysm/textures/entity/koboleton/koboleton_layer.png; com/github/L_Ender/cataclysm/client/event/ClientSetup.class; com/github/L_Ender/cataclysm/client/model/CMModelLayers.class; com/github/L_Ender/cataclysm/client/render/layer/LayerGenericGlowing.class; com/github/L_Ender/cataclysm/client/render/layer/LayerKoboletonItem.class; com/github/L_Ender/cataclysm/init/ModEntities.class; com/github/L_Ender/lionfishapi/client/model/tools/AdvancedEntityModel.class; com/github/L_Ender/lionfishapi/client/model/tools/AdvancedModelBox.class; output-cat/proveniencia.json,evidence-cat/L_Ender's Cataclysm 1.21.1-3.33.jar::data/cataclysm/loot_table/entities/koboleton.json; evidence-cat/decompiled-full/com/github/L_Ender/cataclysm/entity/AnimationMonster/Koboleton_Entity.java; evidence-cat/decompiled-full/com/github/L_Ender/cataclysm/init/ModItems.java; evidence-cat/decompiled-full/com/github/L_Ender/cataclysm/world/CMWorldRegistry.java,/bestiary/receitas/cat.html#receita-ancient-metal-ingot-from-nuggets | [Receita ancient_metal_ingot_from_nuggets](lote-5-mods-2026-10-06/cat-cards-2026-10-06.md#receita-ancient-metal-ingot-from-nuggets) — evidence-cat/L_Ender's Cataclysm 1.21.1-3.33.jar::data/cataclysm/recipe/ancient_metal_ingot_from_nuggets.json
Koboleton,Cataclysm,Criatura hostil; classe e alvos do mod,"Estruturas com entidade/spawner data/cataclysm/structure/koboleton.nbt; Spawn via #cataclysm:koboleton_spawn (Ignited Berserker usa tag de estrutura, demais tag de bioma); peso configurável >0; CMWorldRegistry e CMCommonConfig.Spawning; Gerado pelo código de Cursed_Pyramid_Structure; evidence-cat/decompiled-full/com/github/L_Ender/cataclysm/structures/Cursed_Pyramid_Structure.java; ",Loot de morte,cataclysm:ancient_metal_ingot,1,"morte atribuída ao jogador; sem Saque 2.5%; Saque I 3.5%, +1 p.p./nível acima de I; pool 3: 1 sorteio(s), peso bruto 1/1; peso condicionado aos candidatos elegíveis; reposição em múltiplos sorteios","Ingrediente nas receitas versionadas para: cataclysm:ancient_metal_block, cataclysm:ancient_metal_nugget, cataclysm:ancient_spear, cataclysm:bone_reptile_chestplate, cataclysm:bone_reptile_helmet",Alta no recurso/código da build auditada; configuração efetiva do pack não confirmada,/images/bestiary/audited/cat/koboleton.png,com/github/L_Ender/cataclysm/client/model/entity/Koboleton_Model.class; com/github/L_Ender/cataclysm/client/render/entity/Koboleton_Renderer.class; assets/cataclysm/textures/entity/koboleton/koboleton.png; assets/cataclysm/textures/entity/koboleton/koboleton_layer.png; com/github/L_Ender/cataclysm/client/event/ClientSetup.class; com/github/L_Ender/cataclysm/client/model/CMModelLayers.class; com/github/L_Ender/cataclysm/client/render/layer/LayerGenericGlowing.class; com/github/L_Ender/cataclysm/client/render/layer/LayerKoboletonItem.class; com/github/L_Ender/cataclysm/init/ModEntities.class; com/github/L_Ender/lionfishapi/client/model/tools/AdvancedEntityModel.class; com/github/L_Ender/lionfishapi/client/model/tools/AdvancedModelBox.class; output-cat/proveniencia.json,evidence-cat/L_Ender's Cataclysm 1.21.1-3.33.jar::data/cataclysm/loot_table/entities/koboleton.json; evidence-cat/decompiled-full/com/github/L_Ender/cataclysm/entity/AnimationMonster/Koboleton_Entity.java; evidence-cat/decompiled-full/com/github/L_Ender/cataclysm/init/ModItems.java; evidence-cat/decompiled-full/com/github/L_Ender/cataclysm/world/CMWorldRegistry.java,/bestiary/receitas/cat.html#receita-ancient-metal-block | [Receita ancient_metal_block](lote-5-mods-2026-10-06/cat-cards-2026-10-06.md#receita-ancient-metal-block) — evidence-cat/L_Ender's Cataclysm 1.21.1-3.33.jar::data/cataclysm/recipe/ancient_metal_block.json; [Receita ancient_metal_nugget](lote-5-mods-2026-10-06/cat-cards-2026-10-06.md#receita-ancient-metal-nugget) — evidence-cat/L_Ender's Cataclysm 1.21.1-3.33.jar::data/cataclysm/recipe/ancient_metal_nugget.json; [Receita ancient_spear](lote-5-mods-2026-10-06/cat-cards-2026-10-06.md#receita-ancient-spear) — evidence-cat/L_Ender's Cataclysm 1.21.1-3.33.jar::data/cataclysm/recipe/ancient_spear.json; [Receita bone_reptile_chestplate](lote-5-mods-2026-10-06/cat-cards-2026-10-06.md#receita-bone-reptile-chestplate) — evidence-cat/L_Ender's Cataclysm 1.21.1-3.33.jar::data/cataclysm/recipe/bone_reptile_chestplate.json; [Receita bone_reptile_helmet](lote-5-mods-2026-10-06/cat-cards-2026-10-06.md#receita-bone-reptile-helmet) — evidence-cat/L_Ender's Cataclysm 1.21.1-3.33.jar::data/cataclysm/recipe/bone_reptile_helmet.json
Koboleton,Cataclysm,Criatura hostil; classe e alvos do mod,"Estruturas com entidade/spawner data/cataclysm/structure/koboleton.nbt; Spawn via #cataclysm:koboleton_spawn (Ignited Berserker usa tag de estrutura, demais tag de bioma); peso configurável >0; CMWorldRegistry e CMCommonConfig.Spawning; Gerado pelo código de Cursed_Pyramid_Structure; evidence-cat/decompiled-full/com/github/L_Ender/cataclysm/structures/Cursed_Pyramid_Structure.java; ",Equipamento na morte,cataclysm:khopesh,0–1,"Mão equipada por finalizeSpawn; Atribuição ao jogador/recentemente atingido; equipamento ainda no slot, não vazio nem PreventEquipmentDrop/Vanishing. Chance padrão por slot8.5%, +1p.p./nível de Saque pelo enchantment/equipment_drops vanilla1.21.1; danifica equipamento antes de entregar. Chance0 é descartada antes do bônus. Condições/snapshot NBT podem alterar estado.",Arma/escudo/ferramenta para o tipo indicado; classes de item no registro ModItems ou Items vanilla,Alta no recurso/código da build auditada; configuração efetiva do pack não confirmada,/images/bestiary/audited/cat/koboleton.png,com/github/L_Ender/cataclysm/client/model/entity/Koboleton_Model.class; com/github/L_Ender/cataclysm/client/render/entity/Koboleton_Renderer.class; assets/cataclysm/textures/entity/koboleton/koboleton.png; assets/cataclysm/textures/entity/koboleton/koboleton_layer.png; com/github/L_Ender/cataclysm/client/event/ClientSetup.class; com/github/L_Ender/cataclysm/client/model/CMModelLayers.class; com/github/L_Ender/cataclysm/client/render/layer/LayerGenericGlowing.class; com/github/L_Ender/cataclysm/client/render/layer/LayerKoboletonItem.class; com/github/L_Ender/cataclysm/init/ModEntities.class; com/github/L_Ender/lionfishapi/client/model/tools/AdvancedEntityModel.class; com/github/L_Ender/lionfishapi/client/model/tools/AdvancedModelBox.class; output-cat/proveniencia.json,evidence-cat/decompiled-full/com/github/L_Ender/cataclysm/entity/AnimationMonster/Koboleton_Entity.java; evidence-cat/decompiled-full/com/github/L_Ender/cataclysm/init/ModItems.java; evidence-vanilla-lote8/btp.java (Mob.dropCustomDeathLoot); evidence/minecraft-1.21.1-client.jar::data/minecraft/enchantment/looting.json; evidence-cat/decompiled-full/com/github/L_Ender/cataclysm/entity/AnimationMonster/Koboleton_Entity.java,/bestiary/receitas/cat.html#receita-ancient-metal-nugget-from-smelting | [Receita ancient_metal_nugget_from_smelting](lote-5-mods-2026-10-06/cat-cards-2026-10-06.md#receita-ancient-metal-nugget-from-smelting) — evidence-cat/L_Ender's Cataclysm 1.21.1-3.33.jar::data/cataclysm/recipe/ancient_metal_nugget_from_smelting.json; [Receita ancient_metal_nugget_from_blasting](lote-5-mods-2026-10-06/cat-cards-2026-10-06.md#receita-ancient-metal-nugget-from-blasting) — evidence-cat/L_Ender's Cataclysm 1.21.1-3.33.jar::data/cataclysm/recipe/blasting/ancient_metal_nugget_from_blasting.json
Kobolediator,Cataclysm,Criatura hostil; classe e alvos do mod,Estruturas com entidade/spawner data/cataclysm/structure/kobolediator.nbt; Gerado pelo código de Cursed_Pyramid_Structure; evidence-cat/decompiled-full/com/github/L_Ender/cataclysm/structures/Cursed_Pyramid_Structure.java; ,Loot de morte,cataclysm:kobolediator_skull,1,"pool 1: 1 sorteio(s), peso bruto 1/1; peso condicionado aos candidatos elegíveis; reposição em múltiplos sorteios",Ingrediente nas receitas versionadas para: cataclysm:bone_reptile_helmet,Alta no recurso/código da build auditada; configuração efetiva do pack não confirmada,/images/bestiary/audited/cat/kobolediator.png,com/github/L_Ender/cataclysm/client/model/entity/Kobolediator_Model.class; com/github/L_Ender/cataclysm/client/render/entity/Kobolediator_Renderer.class; assets/cataclysm/textures/entity/koboleton/kobolediator.png; assets/cataclysm/textures/entity/koboleton/kobolediator_layer.png; com/github/L_Ender/cataclysm/client/animation/Kobolediator_Animation.class; com/github/L_Ender/cataclysm/client/event/ClientSetup.class; com/github/L_Ender/cataclysm/client/model/CMModelLayers.class; com/github/L_Ender/cataclysm/client/render/layer/Kobolediator_Layer.class; com/github/L_Ender/cataclysm/init/ModEntities.class; output-cat/proveniencia.json,evidence-cat/L_Ender's Cataclysm 1.21.1-3.33.jar::data/cataclysm/loot_table/entities/kobolediator.json; evidence-cat/decompiled-full/com/github/L_Ender/cataclysm/entity/InternalAnimationMonster/Kobolediator_Entity.java; evidence-cat/decompiled-full/com/github/L_Ender/cataclysm/init/ModItems.java; evidence-cat/decompiled-full/com/github/L_Ender/cataclysm/world/CMWorldRegistry.java,/bestiary/receitas/cat.html#receita-bone-reptile-helmet | [Receita bone_reptile_helmet](lote-5-mods-2026-10-06/cat-cards-2026-10-06.md#receita-bone-reptile-helmet) — evidence-cat/L_Ender's Cataclysm 1.21.1-3.33.jar::data/cataclysm/recipe/bone_reptile_helmet.json
Kobolediator,Cataclysm,Criatura hostil; classe e alvos do mod,Estruturas com entidade/spawner data/cataclysm/structure/kobolediator.nbt; Gerado pelo código de Cursed_Pyramid_Structure; evidence-cat/decompiled-full/com/github/L_Ender/cataclysm/structures/Cursed_Pyramid_Structure.java; ,Loot de morte,cataclysm:koboleton_bone,3–5,"pool 2: 1 sorteio(s), peso bruto 1/1; peso condicionado aos candidatos elegíveis; reposição em múltiplos sorteios; set_count ; Saque minecraft:looting: bônus Math.round(nível × sorteio 1–3); limite sem limite explícito","Ingrediente nas receitas versionadas para: cataclysm:bone_reptile_chestplate, cataclysm:bone_reptile_helmet, minecraft:bone_meal",Alta no recurso/código da build auditada; configuração efetiva do pack não confirmada,/images/bestiary/audited/cat/kobolediator.png,com/github/L_Ender/cataclysm/client/model/entity/Kobolediator_Model.class; com/github/L_Ender/cataclysm/client/render/entity/Kobolediator_Renderer.class; assets/cataclysm/textures/entity/koboleton/kobolediator.png; assets/cataclysm/textures/entity/koboleton/kobolediator_layer.png; com/github/L_Ender/cataclysm/client/animation/Kobolediator_Animation.class; com/github/L_Ender/cataclysm/client/event/ClientSetup.class; com/github/L_Ender/cataclysm/client/model/CMModelLayers.class; com/github/L_Ender/cataclysm/client/render/layer/Kobolediator_Layer.class; com/github/L_Ender/cataclysm/init/ModEntities.class; output-cat/proveniencia.json,evidence-cat/L_Ender's Cataclysm 1.21.1-3.33.jar::data/cataclysm/loot_table/entities/kobolediator.json; evidence-cat/decompiled-full/com/github/L_Ender/cataclysm/entity/InternalAnimationMonster/Kobolediator_Entity.java; evidence-cat/decompiled-full/com/github/L_Ender/cataclysm/init/ModItems.java; evidence-cat/decompiled-full/com/github/L_Ender/cataclysm/world/CMWorldRegistry.java,/bestiary/receitas/cat.html#receita-bone-meal | [Receita bone_meal](lote-5-mods-2026-10-06/cat-cards-2026-10-06.md#receita-bone-meal) — evidence-cat/L_Ender's Cataclysm 1.21.1-3.33.jar::data/cataclysm/recipe/bone_meal.json; [Receita bone_reptile_chestplate](lote-5-mods-2026-10-06/cat-cards-2026-10-06.md#receita-bone-reptile-chestplate) — evidence-cat/L_Ender's Cataclysm 1.21.1-3.33.jar::data/cataclysm/recipe/bone_reptile_chestplate.json; [Receita bone_reptile_helmet](lote-5-mods-2026-10-06/cat-cards-2026-10-06.md#receita-bone-reptile-helmet) — evidence-cat/L_Ender's Cataclysm 1.21.1-3.33.jar::data/cataclysm/recipe/bone_reptile_helmet.json
Kobolediator,Cataclysm,Criatura hostil; classe e alvos do mod,Estruturas com entidade/spawner data/cataclysm/structure/kobolediator.nbt; Gerado pelo código de Cursed_Pyramid_Structure; evidence-cat/decompiled-full/com/github/L_Ender/cataclysm/structures/Cursed_Pyramid_Structure.java; ,Loot de morte,cataclysm:ancient_metal_ingot,1–3,"pool 3: 1 sorteio(s), peso bruto 1/1; peso condicionado aos candidatos elegíveis; reposição em múltiplos sorteios; set_count ; Saque minecraft:looting: bônus Math.round(nível × sorteio 1–2); limite sem limite explícito","Ingrediente nas receitas versionadas para: cataclysm:ancient_metal_block, cataclysm:ancient_metal_nugget, cataclysm:ancient_spear, cataclysm:bone_reptile_chestplate, cataclysm:bone_reptile_helmet",Alta no recurso/código da build auditada; configuração efetiva do pack não confirmada,/images/bestiary/audited/cat/kobolediator.png,com/github/L_Ender/cataclysm/client/model/entity/Kobolediator_Model.class; com/github/L_Ender/cataclysm/client/render/entity/Kobolediator_Renderer.class; assets/cataclysm/textures/entity/koboleton/kobolediator.png; assets/cataclysm/textures/entity/koboleton/kobolediator_layer.png; com/github/L_Ender/cataclysm/client/animation/Kobolediator_Animation.class; com/github/L_Ender/cataclysm/client/event/ClientSetup.class; com/github/L_Ender/cataclysm/client/model/CMModelLayers.class; com/github/L_Ender/cataclysm/client/render/layer/Kobolediator_Layer.class; com/github/L_Ender/cataclysm/init/ModEntities.class; output-cat/proveniencia.json,evidence-cat/L_Ender's Cataclysm 1.21.1-3.33.jar::data/cataclysm/loot_table/entities/kobolediator.json; evidence-cat/decompiled-full/com/github/L_Ender/cataclysm/entity/InternalAnimationMonster/Kobolediator_Entity.java; evidence-cat/decompiled-full/com/github/L_Ender/cataclysm/init/ModItems.java; evidence-cat/decompiled-full/com/github/L_Ender/cataclysm/world/CMWorldRegistry.java,/bestiary/receitas/cat.html#receita-ancient-metal-block | [Receita ancient_metal_block](lote-5-mods-2026-10-06/cat-cards-2026-10-06.md#receita-ancient-metal-block) — evidence-cat/L_Ender's Cataclysm 1.21.1-3.33.jar::data/cataclysm/recipe/ancient_metal_block.json; [Receita ancient_metal_nugget](lote-5-mods-2026-10-06/cat-cards-2026-10-06.md#receita-ancient-metal-nugget) — evidence-cat/L_Ender's Cataclysm 1.21.1-3.33.jar::data/cataclysm/recipe/ancient_metal_nugget.json; [Receita ancient_spear](lote-5-mods-2026-10-06/cat-cards-2026-10-06.md#receita-ancient-spear) — evidence-cat/L_Ender's Cataclysm 1.21.1-3.33.jar::data/cataclysm/recipe/ancient_spear.json; [Receita bone_reptile_chestplate](lote-5-mods-2026-10-06/cat-cards-2026-10-06.md#receita-bone-reptile-chestplate) — evidence-cat/L_Ender's Cataclysm 1.21.1-3.33.jar::data/cataclysm/recipe/bone_reptile_chestplate.json; [Receita bone_reptile_helmet](lote-5-mods-2026-10-06/cat-cards-2026-10-06.md#receita-bone-reptile-helmet) — evidence-cat/L_Ender's Cataclysm 1.21.1-3.33.jar::data/cataclysm/recipe/bone_reptile_helmet.json
Wadjet,Cataclysm,Criatura hostil; classe e alvos do mod,Estruturas com entidade/spawner data/cataclysm/structure/wadjet.nbt; Gerado pelo código de Cursed_Pyramid_Structure; evidence-cat/decompiled-full/com/github/L_Ender/cataclysm/structures/Cursed_Pyramid_Structure.java; ,Loot de morte,cataclysm:ancient_metal_ingot,2–4,"pool 1: 1 sorteio(s), peso bruto 1/1; peso condicionado aos candidatos elegíveis; reposição em múltiplos sorteios; set_count ; Saque minecraft:looting: bônus Math.round(nível × sorteio 1–2); limite sem limite explícito","Ingrediente nas receitas versionadas para: cataclysm:ancient_metal_block, cataclysm:ancient_metal_nugget, cataclysm:ancient_spear, cataclysm:bone_reptile_chestplate, cataclysm:bone_reptile_helmet",Alta no recurso/código da build auditada; configuração efetiva do pack não confirmada,/images/bestiary/audited/cat/wadjet.png,com/github/L_Ender/cataclysm/client/model/entity/Wadjet_Model.class; com/github/L_Ender/cataclysm/client/render/entity/Wadjet_Renderer.class; assets/cataclysm/textures/entity/koboleton/wadjet.png; assets/cataclysm/textures/entity/koboleton/wadjet_layer.png; com/github/L_Ender/cataclysm/client/event/ClientSetup.class; com/github/L_Ender/cataclysm/client/model/CMModelLayers.class; com/github/L_Ender/cataclysm/client/render/layer/Wadjet_Layer.class; com/github/L_Ender/cataclysm/init/ModEntities.class; com/github/L_Ender/lionfishapi/client/model/tools/AdvancedEntityModel.class; com/github/L_Ender/lionfishapi/client/model/tools/AdvancedModelBox.class; output-cat/proveniencia.json,evidence-cat/L_Ender's Cataclysm 1.21.1-3.33.jar::data/cataclysm/loot_table/entities/wadjet.json; evidence-cat/decompiled-full/com/github/L_Ender/cataclysm/entity/InternalAnimationMonster/Wadjet_Entity.java; evidence-cat/decompiled-full/com/github/L_Ender/cataclysm/init/ModItems.java; evidence-cat/decompiled-full/com/github/L_Ender/cataclysm/world/CMWorldRegistry.java,/bestiary/receitas/cat.html#receita-ancient-metal-block | [Receita ancient_metal_block](lote-5-mods-2026-10-06/cat-cards-2026-10-06.md#receita-ancient-metal-block) — evidence-cat/L_Ender's Cataclysm 1.21.1-3.33.jar::data/cataclysm/recipe/ancient_metal_block.json; [Receita ancient_metal_nugget](lote-5-mods-2026-10-06/cat-cards-2026-10-06.md#receita-ancient-metal-nugget) — evidence-cat/L_Ender's Cataclysm 1.21.1-3.33.jar::data/cataclysm/recipe/ancient_metal_nugget.json; [Receita ancient_spear](lote-5-mods-2026-10-06/cat-cards-2026-10-06.md#receita-ancient-spear) — evidence-cat/L_Ender's Cataclysm 1.21.1-3.33.jar::data/cataclysm/recipe/ancient_spear.json; [Receita bone_reptile_chestplate](lote-5-mods-2026-10-06/cat-cards-2026-10-06.md#receita-bone-reptile-chestplate) — evidence-cat/L_Ender's Cataclysm 1.21.1-3.33.jar::data/cataclysm/recipe/bone_reptile_chestplate.json; [Receita bone_reptile_helmet](lote-5-mods-2026-10-06/cat-cards-2026-10-06.md#receita-bone-reptile-helmet) — evidence-cat/L_Ender's Cataclysm 1.21.1-3.33.jar::data/cataclysm/recipe/bone_reptile_helmet.json
Maledictus,Cataclysm,Chefe hostil de estrutura/altar; combate com mecânicas próprias,Cursed Tombstone em Frosted Prison; ativação e invocação em Cursed_tombstone_Entity. evidence-cat/decompiled-full/com/github/L_Ender/cataclysm/blockentities/Cursed_tombstone_Entity.java,Loot de morte,cataclysm:music_disc_maledictus,1,"sem Saque 10%; com Saque nível≥1 10% constante (LevelBasedValue constante, não bônus por nível); pool 1: 1 sorteio(s), peso bruto 1/1; peso condicionado aos candidatos elegíveis; reposição em múltiplos sorteios",Reproduzir a faixa em jukebox; item musical da versão auditada,Alta no recurso/código da build auditada; configuração efetiva do pack não confirmada,/images/bestiary/audited/cat/maledictus.png,com/github/L_Ender/cataclysm/client/model/entity/Maledictus_Model.class; com/github/L_Ender/cataclysm/client/render/entity/Maledictus_Renderer.class; assets/cataclysm/textures/entity/maledictus/maledictus_armor.png; assets/cataclysm/textures/entity/maledictus/maledictus_ghost.png; com/github/L_Ender/cataclysm/client/animation/Maledictus_Animation.class; com/github/L_Ender/cataclysm/client/event/ClientSetup.class; com/github/L_Ender/cataclysm/client/model/CMModelLayers.class; com/github/L_Ender/cataclysm/client/render/layer/MaledictusRiderLayer.class; com/github/L_Ender/cataclysm/client/render/layer/Maledictus_Cicle_Layer.class; com/github/L_Ender/cataclysm/client/render/layer/Maledictus_Layer.class; com/github/L_Ender/cataclysm/init/ModEntities.class; output-cat/proveniencia.json,evidence-cat/L_Ender's Cataclysm 1.21.1-3.33.jar::data/cataclysm/loot_table/entities/maledictus.json; evidence-cat/decompiled-full/com/github/L_Ender/cataclysm/entity/InternalAnimationMonster/IABossMonsters/Maledictus/Maledictus_Entity.java; evidence-cat/decompiled-full/com/github/L_Ender/cataclysm/init/ModItems.java; evidence-cat/decompiled-full/com/github/L_Ender/cataclysm/world/CMWorldRegistry.java,"Não aplicável: uso direto, interação ou sem receita identificada; fontes na linha"
Maledictus,Cataclysm,Chefe hostil de estrutura/altar; combate com mecânicas próprias,Cursed Tombstone em Frosted Prison; ativação e invocação em Cursed_tombstone_Entity. evidence-cat/decompiled-full/com/github/L_Ender/cataclysm/blockentities/Cursed_tombstone_Entity.java,Loot de morte,cataclysm:cursium_ingot,3–4,"pool 2: 1 sorteio(s), peso bruto 1/1; peso condicionado aos candidatos elegíveis; reposição em múltiplos sorteios; set_count ","Ingrediente nas receitas versionadas para: cataclysm:cursed_bow, cataclysm:cursium_block, cataclysm:cursium_boots, cataclysm:cursium_chestplate, cataclysm:cursium_helmet, cataclysm:cursium_leggings, cataclysm:soul_render, cataclysm:the_annihilator",Alta no recurso/código da build auditada; configuração efetiva do pack não confirmada,/images/bestiary/audited/cat/maledictus.png,com/github/L_Ender/cataclysm/client/model/entity/Maledictus_Model.class; com/github/L_Ender/cataclysm/client/render/entity/Maledictus_Renderer.class; assets/cataclysm/textures/entity/maledictus/maledictus_armor.png; assets/cataclysm/textures/entity/maledictus/maledictus_ghost.png; com/github/L_Ender/cataclysm/client/animation/Maledictus_Animation.class; com/github/L_Ender/cataclysm/client/event/ClientSetup.class; com/github/L_Ender/cataclysm/client/model/CMModelLayers.class; com/github/L_Ender/cataclysm/client/render/layer/MaledictusRiderLayer.class; com/github/L_Ender/cataclysm/client/render/layer/Maledictus_Cicle_Layer.class; com/github/L_Ender/cataclysm/client/render/layer/Maledictus_Layer.class; com/github/L_Ender/cataclysm/init/ModEntities.class; output-cat/proveniencia.json,evidence-cat/L_Ender's Cataclysm 1.21.1-3.33.jar::data/cataclysm/loot_table/entities/maledictus.json; evidence-cat/decompiled-full/com/github/L_Ender/cataclysm/entity/InternalAnimationMonster/IABossMonsters/Maledictus/Maledictus_Entity.java; evidence-cat/decompiled-full/com/github/L_Ender/cataclysm/init/ModItems.java; evidence-cat/decompiled-full/com/github/L_Ender/cataclysm/world/CMWorldRegistry.java,/bestiary/receitas/cat.html#receita-cursed-bow | [Receita cursed_bow](lote-5-mods-2026-10-06/cat-cards-2026-10-06.md#receita-cursed-bow) — evidence-cat/L_Ender's Cataclysm 1.21.1-3.33.jar::data/cataclysm/recipe/cursed_bow.json; [Receita cursium_block](lote-5-mods-2026-10-06/cat-cards-2026-10-06.md#receita-cursium-block) — evidence-cat/L_Ender's Cataclysm 1.21.1-3.33.jar::data/cataclysm/recipe/cursium_block.json; [Receita cursium_boots](lote-5-mods-2026-10-06/cat-cards-2026-10-06.md#receita-cursium-boots) — evidence-cat/L_Ender's Cataclysm 1.21.1-3.33.jar::data/cataclysm/recipe/smithing/cursium_boots.json; [Receita cursium_chestplate](lote-5-mods-2026-10-06/cat-cards-2026-10-06.md#receita-cursium-chestplate) — evidence-cat/L_Ender's Cataclysm 1.21.1-3.33.jar::data/cataclysm/recipe/smithing/cursium_chestplate.json; [Receita cursium_helmet](lote-5-mods-2026-10-06/cat-cards-2026-10-06.md#receita-cursium-helmet) — evidence-cat/L_Ender's Cataclysm 1.21.1-3.33.jar::data/cataclysm/recipe/smithing/cursium_helmet.json; [Receita cursium_leggings](lote-5-mods-2026-10-06/cat-cards-2026-10-06.md#receita-cursium-leggings) — evidence-cat/L_Ender's Cataclysm 1.21.1-3.33.jar::data/cataclysm/recipe/smithing/cursium_leggings.json; [Receita soul_render](lote-5-mods-2026-10-06/cat-cards-2026-10-06.md#receita-soul-render) — evidence-cat/L_Ender's Cataclysm 1.21.1-3.33.jar::data/cataclysm/recipe/soul_render.json; [Receita the_annihilator](lote-5-mods-2026-10-06/cat-cards-2026-10-06.md#receita-the-annihilator) — evidence-cat/L_Ender's Cataclysm 1.21.1-3.33.jar::data/cataclysm/recipe/the_annihilator.json
Draugr,Cataclysm,Criatura hostil; classe e alvos do mod,"Estruturas com entidade/spawner data/cataclysm/structure/draugr_axe.nbt, data/cataclysm/structure/draugr_sword.nbt; ",Loot de morte,minecraft:bone,0–2,"pool 1: 1 sorteio(s), peso bruto 1/1; peso condicionado aos candidatos elegíveis; reposição em múltiplos sorteios; set_count ; Saque minecraft:looting: bônus Math.round(nível × sorteio 0–1); limite sem limite explícito","Ingrediente nas receitas versionadas para: cataclysm:cursed_eye, cataclysm:desert_eye",Alta no recurso/código da build auditada; configuração efetiva do pack não confirmada,/images/bestiary/audited/cat/draugr.png,com/github/L_Ender/cataclysm/client/model/entity/Draugr_Model.class; com/github/L_Ender/cataclysm/client/render/entity/Draugr_Renderer.class; assets/cataclysm/textures/entity/draugar/draugr.png; assets/cataclysm/textures/entity/draugar/draugr_layer.png; com/github/L_Ender/cataclysm/client/animation/Draugar_Animation.class; com/github/L_Ender/cataclysm/client/event/ClientSetup.class; com/github/L_Ender/cataclysm/client/model/CMModelLayers.class; com/github/L_Ender/cataclysm/client/render/layer/LayerGenericGlowing.class; com/github/L_Ender/cataclysm/init/ModEntities.class; output-cat/proveniencia.json,evidence-cat/L_Ender's Cataclysm 1.21.1-3.33.jar::data/cataclysm/loot_table/entities/draugr.json; evidence-cat/decompiled-full/com/github/L_Ender/cataclysm/entity/InternalAnimationMonster/Draugar/Draugr_Entity.java; evidence-cat/decompiled-full/com/github/L_Ender/cataclysm/init/ModItems.java; evidence-cat/decompiled-full/com/github/L_Ender/cataclysm/world/CMWorldRegistry.java,/bestiary/receitas/cat.html#receita-bone-meal | [Receita bone_meal](lote-5-mods-2026-10-06/cat-cards-2026-10-06.md#receita-bone-meal) — evidence/minecraft-1.21.1-client.jar::data/minecraft/recipe/bone_meal.json
Draugr,Cataclysm,Criatura hostil; classe e alvos do mod,"Estruturas com entidade/spawner data/cataclysm/structure/draugr_axe.nbt, data/cataclysm/structure/draugr_sword.nbt; ",Loot de morte,minecraft:rotten_flesh,0–2,"pool 2: 1 sorteio(s), peso bruto 1/1; peso condicionado aos candidatos elegíveis; reposição em múltiplos sorteios; set_count ; Saque minecraft:looting: bônus Math.round(nível × sorteio 0–1); limite sem limite explícito","Ingrediente nas receitas versionadas para: cataclysm:cursed_eye, cataclysm:desert_eye",Alta no recurso/código da build auditada; configuração efetiva do pack não confirmada,/images/bestiary/audited/cat/draugr.png,com/github/L_Ender/cataclysm/client/model/entity/Draugr_Model.class; com/github/L_Ender/cataclysm/client/render/entity/Draugr_Renderer.class; assets/cataclysm/textures/entity/draugar/draugr.png; assets/cataclysm/textures/entity/draugar/draugr_layer.png; com/github/L_Ender/cataclysm/client/animation/Draugar_Animation.class; com/github/L_Ender/cataclysm/client/event/ClientSetup.class; com/github/L_Ender/cataclysm/client/model/CMModelLayers.class; com/github/L_Ender/cataclysm/client/render/layer/LayerGenericGlowing.class; com/github/L_Ender/cataclysm/init/ModEntities.class; output-cat/proveniencia.json,evidence-cat/L_Ender's Cataclysm 1.21.1-3.33.jar::data/cataclysm/loot_table/entities/draugr.json; evidence-cat/decompiled-full/com/github/L_Ender/cataclysm/entity/InternalAnimationMonster/Draugar/Draugr_Entity.java; evidence-cat/decompiled-full/com/github/L_Ender/cataclysm/init/ModItems.java; evidence-cat/decompiled-full/com/github/L_Ender/cataclysm/world/CMWorldRegistry.java,Não aplicável: nenhuma receita que usa este item identificada nos JSONs vanilla1.21.1; uso direto descrito
Draugr,Cataclysm,Criatura hostil; classe e alvos do mod,"Estruturas com entidade/spawner data/cataclysm/structure/draugr_axe.nbt, data/cataclysm/structure/draugr_sword.nbt; ",Loot de morte,cataclysm:black_steel_nugget,0–1,"pool 3: 1 sorteio(s), peso bruto 1/1; peso condicionado aos candidatos elegíveis; reposição em múltiplos sorteios; set_count ; Saque minecraft:looting: bônus Math.round(nível × sorteio 0–1); limite sem limite explícito","Ingrediente nas receitas versionadas para: cataclysm:black_steel_ingot, cataclysm:black_steel_targe",Alta no recurso/código da build auditada; configuração efetiva do pack não confirmada,/images/bestiary/audited/cat/draugr.png,com/github/L_Ender/cataclysm/client/model/entity/Draugr_Model.class; com/github/L_Ender/cataclysm/client/render/entity/Draugr_Renderer.class; assets/cataclysm/textures/entity/draugar/draugr.png; assets/cataclysm/textures/entity/draugar/draugr_layer.png; com/github/L_Ender/cataclysm/client/animation/Draugar_Animation.class; com/github/L_Ender/cataclysm/client/event/ClientSetup.class; com/github/L_Ender/cataclysm/client/model/CMModelLayers.class; com/github/L_Ender/cataclysm/client/render/layer/LayerGenericGlowing.class; com/github/L_Ender/cataclysm/init/ModEntities.class; output-cat/proveniencia.json,evidence-cat/L_Ender's Cataclysm 1.21.1-3.33.jar::data/cataclysm/loot_table/entities/draugr.json; evidence-cat/decompiled-full/com/github/L_Ender/cataclysm/entity/InternalAnimationMonster/Draugar/Draugr_Entity.java; evidence-cat/decompiled-full/com/github/L_Ender/cataclysm/init/ModItems.java; evidence-cat/decompiled-full/com/github/L_Ender/cataclysm/world/CMWorldRegistry.java,/bestiary/receitas/cat.html#receita-black-steel-ingot-from-nuggets | [Receita black_steel_ingot_from_nuggets](lote-5-mods-2026-10-06/cat-cards-2026-10-06.md#receita-black-steel-ingot-from-nuggets) — evidence-cat/L_Ender's Cataclysm 1.21.1-3.33.jar::data/cataclysm/recipe/black_steel_ingot_from_nuggets.json; [Receita black_steel_targe](lote-5-mods-2026-10-06/cat-cards-2026-10-06.md#receita-black-steel-targe) — evidence-cat/L_Ender's Cataclysm 1.21.1-3.33.jar::data/cataclysm/recipe/black_steel_targe.json
Draugr,Cataclysm,Criatura hostil; classe e alvos do mod,"Estruturas com entidade/spawner data/cataclysm/structure/draugr_axe.nbt, data/cataclysm/structure/draugr_sword.nbt; ",Loot de morte,cataclysm:black_steel_ingot,1,"morte atribuída ao jogador; sem Saque 2.5%; Saque I 3.5%, +1 p.p./nível acima de I; pool 4: 1 sorteio(s), peso bruto 1/1; peso condicionado aos candidatos elegíveis; reposição em múltiplos sorteios","Ingrediente nas receitas versionadas para: cataclysm:black_steel_axe, cataclysm:black_steel_block, cataclysm:black_steel_fence, cataclysm:black_steel_hoe, cataclysm:black_steel_nugget, cataclysm:black_steel_pickaxe, cataclysm:black_steel_shovel, cataclysm:black_steel_sword, cataclysm:black_steel_targe, cataclysm:cursed_bow, cataclysm:cursium_upgrade_smithing_template, cataclysm:soul_render, cataclysm:the_annihilator",Alta no recurso/código da build auditada; configuração efetiva do pack não confirmada,/images/bestiary/audited/cat/draugr.png,com/github/L_Ender/cataclysm/client/model/entity/Draugr_Model.class; com/github/L_Ender/cataclysm/client/render/entity/Draugr_Renderer.class; assets/cataclysm/textures/entity/draugar/draugr.png; assets/cataclysm/textures/entity/draugar/draugr_layer.png; com/github/L_Ender/cataclysm/client/animation/Draugar_Animation.class; com/github/L_Ender/cataclysm/client/event/ClientSetup.class; com/github/L_Ender/cataclysm/client/model/CMModelLayers.class; com/github/L_Ender/cataclysm/client/render/layer/LayerGenericGlowing.class; com/github/L_Ender/cataclysm/init/ModEntities.class; output-cat/proveniencia.json,evidence-cat/L_Ender's Cataclysm 1.21.1-3.33.jar::data/cataclysm/loot_table/entities/draugr.json; evidence-cat/decompiled-full/com/github/L_Ender/cataclysm/entity/InternalAnimationMonster/Draugar/Draugr_Entity.java; evidence-cat/decompiled-full/com/github/L_Ender/cataclysm/init/ModItems.java; evidence-cat/decompiled-full/com/github/L_Ender/cataclysm/world/CMWorldRegistry.java,/bestiary/receitas/cat.html#receita-black-steel-axe | [Receita black_steel_axe](lote-5-mods-2026-10-06/cat-cards-2026-10-06.md#receita-black-steel-axe) — evidence-cat/L_Ender's Cataclysm 1.21.1-3.33.jar::data/cataclysm/recipe/black_steel_axe.json; [Receita black_steel_block](lote-5-mods-2026-10-06/cat-cards-2026-10-06.md#receita-black-steel-block) — evidence-cat/L_Ender's Cataclysm 1.21.1-3.33.jar::data/cataclysm/recipe/black_steel_block.json; [Receita black_steel_fence](lote-5-mods-2026-10-06/cat-cards-2026-10-06.md#receita-black-steel-fence) — evidence-cat/L_Ender's Cataclysm 1.21.1-3.33.jar::data/cataclysm/recipe/black_steel_fence.json; [Receita black_steel_hoe](lote-5-mods-2026-10-06/cat-cards-2026-10-06.md#receita-black-steel-hoe) — evidence-cat/L_Ender's Cataclysm 1.21.1-3.33.jar::data/cataclysm/recipe/black_steel_hoe.json; [Receita black_steel_nugget](lote-5-mods-2026-10-06/cat-cards-2026-10-06.md#receita-black-steel-nugget) — evidence-cat/L_Ender's Cataclysm 1.21.1-3.33.jar::data/cataclysm/recipe/black_steel_nugget.json; [Receita black_steel_pickaxe](lote-5-mods-2026-10-06/cat-cards-2026-10-06.md#receita-black-steel-pickaxe) — evidence-cat/L_Ender's Cataclysm 1.21.1-3.33.jar::data/cataclysm/recipe/black_steel_pickaxe.json; [Receita black_steel_shovel](lote-5-mods-2026-10-06/cat-cards-2026-10-06.md#receita-black-steel-shovel) — evidence-cat/L_Ender's Cataclysm 1.21.1-3.33.jar::data/cataclysm/recipe/black_steel_shovel.json; [Receita black_steel_sword](lote-5-mods-2026-10-06/cat-cards-2026-10-06.md#receita-black-steel-sword) — evidence-cat/L_Ender's Cataclysm 1.21.1-3.33.jar::data/cataclysm/recipe/black_steel_sword.json; [Receita black_steel_targe](lote-5-mods-2026-10-06/cat-cards-2026-10-06.md#receita-black-steel-targe) — evidence-cat/L_Ender's Cataclysm 1.21.1-3.33.jar::data/cataclysm/recipe/black_steel_targe.json; [Receita cursed_bow](lote-5-mods-2026-10-06/cat-cards-2026-10-06.md#receita-cursed-bow) — evidence-cat/L_Ender's Cataclysm 1.21.1-3.33.jar::data/cataclysm/recipe/cursed_bow.json; [Receita cursium_upgrade_smithing_template](lote-5-mods-2026-10-06/cat-cards-2026-10-06.md#receita-cursium-upgrade-smithing-template) — evidence-cat/L_Ender's Cataclysm 1.21.1-3.33.jar::data/cataclysm/recipe/cursium_upgrade_smithing_template.json; [Receita soul_render](lote-5-mods-2026-10-06/cat-cards-2026-10-06.md#receita-soul-render) — evidence-cat/L_Ender's Cataclysm 1.21.1-3.33.jar::data/cataclysm/recipe/soul_render.json; [Receita the_annihilator](lote-5-mods-2026-10-06/cat-cards-2026-10-06.md#receita-the-annihilator) — evidence-cat/L_Ender's Cataclysm 1.21.1-3.33.jar::data/cataclysm/recipe/the_annihilator.json
Draugr,Cataclysm,Criatura hostil; classe e alvos do mod,"Estruturas com entidade/spawner data/cataclysm/structure/draugr_axe.nbt, data/cataclysm/structure/draugr_sword.nbt; ",Loot adicional: Creeper carregado,cataclysm:draugr_head,1,"Atacante Creeper com canDropMobsSkull=true; aumenta droppedSkulls e entrega cabeça, após super.dropCustomDeathLoot. Não é chance comum da tabela.",Cabeça/bloco decorativo vestível registrado no ModItems/ModBlocks; não drop garantido por qualquer morte,Alta no recurso/código da build auditada; configuração efetiva do pack não confirmada,/images/bestiary/audited/cat/draugr.png,com/github/L_Ender/cataclysm/client/model/entity/Draugr_Model.class; com/github/L_Ender/cataclysm/client/render/entity/Draugr_Renderer.class; assets/cataclysm/textures/entity/draugar/draugr.png; assets/cataclysm/textures/entity/draugar/draugr_layer.png; com/github/L_Ender/cataclysm/client/animation/Draugar_Animation.class; com/github/L_Ender/cataclysm/client/event/ClientSetup.class; com/github/L_Ender/cataclysm/client/model/CMModelLayers.class; com/github/L_Ender/cataclysm/client/render/layer/LayerGenericGlowing.class; com/github/L_Ender/cataclysm/init/ModEntities.class; output-cat/proveniencia.json,evidence-cat/decompiled-full/com/github/L_Ender/cataclysm/entity/InternalAnimationMonster/Draugar/Draugr_Entity.java; evidence-cat/decompiled-full/com/github/L_Ender/cataclysm/entity/InternalAnimationMonster/Draugar/Draugr_Entity.java; evidence-cat/decompiled-full/com/github/L_Ender/cataclysm/init/ModItems.java; evidence-cat/decompiled-full/com/github/L_Ender/cataclysm/world/CMWorldRegistry.java,"Não aplicável: uso direto, interação ou sem receita identificada; fontes na linha"
Draugr,Cataclysm,Criatura hostil; classe e alvos do mod,"Estruturas com entidade/spawner data/cataclysm/structure/draugr_axe.nbt, data/cataclysm/structure/draugr_sword.nbt; ",Equipamento na morte,cataclysm:black_steel_axe,0–1,"50% de selecionar arma ao gerar; Atribuição ao jogador/recentemente atingido; equipamento ainda no slot, não vazio nem PreventEquipmentDrop/Vanishing. Chance padrão por slot8.5%, +1p.p./nível de Saque pelo enchantment/equipment_drops vanilla1.21.1; danifica equipamento antes de entregar. Chance0 é descartada antes do bônus. Condições/snapshot NBT podem alterar estado.",Arma/escudo/ferramenta para o tipo indicado; classes de item no registro ModItems ou Items vanilla,Alta no recurso/código da build auditada; configuração efetiva do pack não confirmada,/images/bestiary/audited/cat/draugr.png,com/github/L_Ender/cataclysm/client/model/entity/Draugr_Model.class; com/github/L_Ender/cataclysm/client/render/entity/Draugr_Renderer.class; assets/cataclysm/textures/entity/draugar/draugr.png; assets/cataclysm/textures/entity/draugar/draugr_layer.png; com/github/L_Ender/cataclysm/client/animation/Draugar_Animation.class; com/github/L_Ender/cataclysm/client/event/ClientSetup.class; com/github/L_Ender/cataclysm/client/model/CMModelLayers.class; com/github/L_Ender/cataclysm/client/render/layer/LayerGenericGlowing.class; com/github/L_Ender/cataclysm/init/ModEntities.class; output-cat/proveniencia.json,evidence-cat/decompiled-full/com/github/L_Ender/cataclysm/entity/InternalAnimationMonster/Draugar/Draugr_Entity.java; evidence-cat/decompiled-full/com/github/L_Ender/cataclysm/init/ModItems.java; evidence-vanilla-lote8/btp.java (Mob.dropCustomDeathLoot); evidence/minecraft-1.21.1-client.jar::data/minecraft/enchantment/looting.json; evidence-cat/decompiled-full/com/github/L_Ender/cataclysm/entity/InternalAnimationMonster/Draugar/Draugr_Entity.java,/bestiary/receitas/cat.html#receita-black-steel-nugget-from-smelting | [Receita black_steel_nugget_from_smelting](lote-5-mods-2026-10-06/cat-cards-2026-10-06.md#receita-black-steel-nugget-from-smelting) — evidence-cat/L_Ender's Cataclysm 1.21.1-3.33.jar::data/cataclysm/recipe/black_steel_nugget_from_smelting.json; [Receita black_steel_nugget_from_blasting](lote-5-mods-2026-10-06/cat-cards-2026-10-06.md#receita-black-steel-nugget-from-blasting) — evidence-cat/L_Ender's Cataclysm 1.21.1-3.33.jar::data/cataclysm/recipe/blasting/black_steel_nugget_from_blasting.json
Draugr,Cataclysm,Criatura hostil; classe e alvos do mod,"Estruturas com entidade/spawner data/cataclysm/structure/draugr_axe.nbt, data/cataclysm/structure/draugr_sword.nbt; ",Equipamento na morte,cataclysm:black_steel_sword,0–1,"50% de selecionar arma ao gerar; Atribuição ao jogador/recentemente atingido; equipamento ainda no slot, não vazio nem PreventEquipmentDrop/Vanishing. Chance padrão por slot8.5%, +1p.p./nível de Saque pelo enchantment/equipment_drops vanilla1.21.1; danifica equipamento antes de entregar. Chance0 é descartada antes do bônus. Condições/snapshot NBT podem alterar estado.",Arma/escudo/ferramenta para o tipo indicado; classes de item no registro ModItems ou Items vanilla,Alta no recurso/código da build auditada; configuração efetiva do pack não confirmada,/images/bestiary/audited/cat/draugr.png,com/github/L_Ender/cataclysm/client/model/entity/Draugr_Model.class; com/github/L_Ender/cataclysm/client/render/entity/Draugr_Renderer.class; assets/cataclysm/textures/entity/draugar/draugr.png; assets/cataclysm/textures/entity/draugar/draugr_layer.png; com/github/L_Ender/cataclysm/client/animation/Draugar_Animation.class; com/github/L_Ender/cataclysm/client/event/ClientSetup.class; com/github/L_Ender/cataclysm/client/model/CMModelLayers.class; com/github/L_Ender/cataclysm/client/render/layer/LayerGenericGlowing.class; com/github/L_Ender/cataclysm/init/ModEntities.class; output-cat/proveniencia.json,evidence-cat/decompiled-full/com/github/L_Ender/cataclysm/entity/InternalAnimationMonster/Draugar/Draugr_Entity.java; evidence-cat/decompiled-full/com/github/L_Ender/cataclysm/init/ModItems.java; evidence-vanilla-lote8/btp.java (Mob.dropCustomDeathLoot); evidence/minecraft-1.21.1-client.jar::data/minecraft/enchantment/looting.json; evidence-cat/decompiled-full/com/github/L_Ender/cataclysm/entity/InternalAnimationMonster/Draugar/Draugr_Entity.java,/bestiary/receitas/cat.html#receita-black-steel-nugget-from-smelting | [Receita black_steel_nugget_from_smelting](lote-5-mods-2026-10-06/cat-cards-2026-10-06.md#receita-black-steel-nugget-from-smelting) — evidence-cat/L_Ender's Cataclysm 1.21.1-3.33.jar::data/cataclysm/recipe/black_steel_nugget_from_smelting.json; [Receita black_steel_nugget_from_blasting](lote-5-mods-2026-10-06/cat-cards-2026-10-06.md#receita-black-steel-nugget-from-blasting) — evidence-cat/L_Ender's Cataclysm 1.21.1-3.33.jar::data/cataclysm/recipe/blasting/black_steel_nugget_from_blasting.json
Royal Draugr,Cataclysm,Criatura hostil; classe e alvos do mod,"Estruturas com entidade/spawner data/cataclysm/structure/royal_draugr_axe.nbt, data/cataclysm/structure/royal_draugr_sword.nbt; ",Loot de morte,minecraft:bone,0–2,"pool 1: 1 sorteio(s), peso bruto 1/1; peso condicionado aos candidatos elegíveis; reposição em múltiplos sorteios; set_count ; Saque minecraft:looting: bônus Math.round(nível × sorteio 0–1); limite sem limite explícito","Ingrediente nas receitas versionadas para: cataclysm:cursed_eye, cataclysm:desert_eye",Alta no recurso/código da build auditada; configuração efetiva do pack não confirmada,/images/bestiary/audited/cat/royal-draugr.png,com/github/L_Ender/cataclysm/client/model/entity/Royal_Draugr_Model.class; com/github/L_Ender/cataclysm/client/render/entity/Royal_Draugr_Renderer.class; assets/cataclysm/textures/entity/draugar/royal_draugr.png; assets/cataclysm/textures/entity/draugar/draugr_layer.png; com/github/L_Ender/cataclysm/client/animation/Draugar_Animation.class; com/github/L_Ender/cataclysm/client/event/ClientSetup.class; com/github/L_Ender/cataclysm/client/model/CMModelLayers.class; com/github/L_Ender/cataclysm/client/render/layer/LayerGenericGlowing.class; com/github/L_Ender/cataclysm/init/ModEntities.class; output-cat/proveniencia.json,evidence-cat/L_Ender's Cataclysm 1.21.1-3.33.jar::data/cataclysm/loot_table/entities/royal_draugr.json; evidence-cat/decompiled-full/com/github/L_Ender/cataclysm/entity/InternalAnimationMonster/Draugar/Royal_Draugr_Entity.java; evidence-cat/decompiled-full/com/github/L_Ender/cataclysm/init/ModItems.java; evidence-cat/decompiled-full/com/github/L_Ender/cataclysm/world/CMWorldRegistry.java,/bestiary/receitas/cat.html#receita-bone-meal | [Receita bone_meal](lote-5-mods-2026-10-06/cat-cards-2026-10-06.md#receita-bone-meal) — evidence/minecraft-1.21.1-client.jar::data/minecraft/recipe/bone_meal.json
Royal Draugr,Cataclysm,Criatura hostil; classe e alvos do mod,"Estruturas com entidade/spawner data/cataclysm/structure/royal_draugr_axe.nbt, data/cataclysm/structure/royal_draugr_sword.nbt; ",Loot de morte,minecraft:rotten_flesh,0–2,"pool 2: 1 sorteio(s), peso bruto 1/1; peso condicionado aos candidatos elegíveis; reposição em múltiplos sorteios; set_count ; Saque minecraft:looting: bônus Math.round(nível × sorteio 0–1); limite sem limite explícito","Ingrediente nas receitas versionadas para: cataclysm:cursed_eye, cataclysm:desert_eye",Alta no recurso/código da build auditada; configuração efetiva do pack não confirmada,/images/bestiary/audited/cat/royal-draugr.png,com/github/L_Ender/cataclysm/client/model/entity/Royal_Draugr_Model.class; com/github/L_Ender/cataclysm/client/render/entity/Royal_Draugr_Renderer.class; assets/cataclysm/textures/entity/draugar/royal_draugr.png; assets/cataclysm/textures/entity/draugar/draugr_layer.png; com/github/L_Ender/cataclysm/client/animation/Draugar_Animation.class; com/github/L_Ender/cataclysm/client/event/ClientSetup.class; com/github/L_Ender/cataclysm/client/model/CMModelLayers.class; com/github/L_Ender/cataclysm/client/render/layer/LayerGenericGlowing.class; com/github/L_Ender/cataclysm/init/ModEntities.class; output-cat/proveniencia.json,evidence-cat/L_Ender's Cataclysm 1.21.1-3.33.jar::data/cataclysm/loot_table/entities/royal_draugr.json; evidence-cat/decompiled-full/com/github/L_Ender/cataclysm/entity/InternalAnimationMonster/Draugar/Royal_Draugr_Entity.java; evidence-cat/decompiled-full/com/github/L_Ender/cataclysm/init/ModItems.java; evidence-cat/decompiled-full/com/github/L_Ender/cataclysm/world/CMWorldRegistry.java,Não aplicável: nenhuma receita que usa este item identificada nos JSONs vanilla1.21.1; uso direto descrito
Royal Draugr,Cataclysm,Criatura hostil; classe e alvos do mod,"Estruturas com entidade/spawner data/cataclysm/structure/royal_draugr_axe.nbt, data/cataclysm/structure/royal_draugr_sword.nbt; ",Loot de morte,cataclysm:black_steel_nugget,0–1,"pool 3: 1 sorteio(s), peso bruto 1/1; peso condicionado aos candidatos elegíveis; reposição em múltiplos sorteios; set_count ; Saque minecraft:looting: bônus Math.round(nível × sorteio 0–1); limite sem limite explícito","Ingrediente nas receitas versionadas para: cataclysm:black_steel_ingot, cataclysm:black_steel_targe",Alta no recurso/código da build auditada; configuração efetiva do pack não confirmada,/images/bestiary/audited/cat/royal-draugr.png,com/github/L_Ender/cataclysm/client/model/entity/Royal_Draugr_Model.class; com/github/L_Ender/cataclysm/client/render/entity/Royal_Draugr_Renderer.class; assets/cataclysm/textures/entity/draugar/royal_draugr.png; assets/cataclysm/textures/entity/draugar/draugr_layer.png; com/github/L_Ender/cataclysm/client/animation/Draugar_Animation.class; com/github/L_Ender/cataclysm/client/event/ClientSetup.class; com/github/L_Ender/cataclysm/client/model/CMModelLayers.class; com/github/L_Ender/cataclysm/client/render/layer/LayerGenericGlowing.class; com/github/L_Ender/cataclysm/init/ModEntities.class; output-cat/proveniencia.json,evidence-cat/L_Ender's Cataclysm 1.21.1-3.33.jar::data/cataclysm/loot_table/entities/royal_draugr.json; evidence-cat/decompiled-full/com/github/L_Ender/cataclysm/entity/InternalAnimationMonster/Draugar/Royal_Draugr_Entity.java; evidence-cat/decompiled-full/com/github/L_Ender/cataclysm/init/ModItems.java; evidence-cat/decompiled-full/com/github/L_Ender/cataclysm/world/CMWorldRegistry.java,/bestiary/receitas/cat.html#receita-black-steel-ingot-from-nuggets | [Receita black_steel_ingot_from_nuggets](lote-5-mods-2026-10-06/cat-cards-2026-10-06.md#receita-black-steel-ingot-from-nuggets) — evidence-cat/L_Ender's Cataclysm 1.21.1-3.33.jar::data/cataclysm/recipe/black_steel_ingot_from_nuggets.json; [Receita black_steel_targe](lote-5-mods-2026-10-06/cat-cards-2026-10-06.md#receita-black-steel-targe) — evidence-cat/L_Ender's Cataclysm 1.21.1-3.33.jar::data/cataclysm/recipe/black_steel_targe.json
Royal Draugr,Cataclysm,Criatura hostil; classe e alvos do mod,"Estruturas com entidade/spawner data/cataclysm/structure/royal_draugr_axe.nbt, data/cataclysm/structure/royal_draugr_sword.nbt; ",Loot de morte,cataclysm:black_steel_ingot,1,"morte atribuída ao jogador; sem Saque 2.5%; Saque I 3.5%, +1 p.p./nível acima de I; pool 4: 1 sorteio(s), peso bruto 1/1; peso condicionado aos candidatos elegíveis; reposição em múltiplos sorteios","Ingrediente nas receitas versionadas para: cataclysm:black_steel_axe, cataclysm:black_steel_block, cataclysm:black_steel_fence, cataclysm:black_steel_hoe, cataclysm:black_steel_nugget, cataclysm:black_steel_pickaxe, cataclysm:black_steel_shovel, cataclysm:black_steel_sword, cataclysm:black_steel_targe, cataclysm:cursed_bow, cataclysm:cursium_upgrade_smithing_template, cataclysm:soul_render, cataclysm:the_annihilator",Alta no recurso/código da build auditada; configuração efetiva do pack não confirmada,/images/bestiary/audited/cat/royal-draugr.png,com/github/L_Ender/cataclysm/client/model/entity/Royal_Draugr_Model.class; com/github/L_Ender/cataclysm/client/render/entity/Royal_Draugr_Renderer.class; assets/cataclysm/textures/entity/draugar/royal_draugr.png; assets/cataclysm/textures/entity/draugar/draugr_layer.png; com/github/L_Ender/cataclysm/client/animation/Draugar_Animation.class; com/github/L_Ender/cataclysm/client/event/ClientSetup.class; com/github/L_Ender/cataclysm/client/model/CMModelLayers.class; com/github/L_Ender/cataclysm/client/render/layer/LayerGenericGlowing.class; com/github/L_Ender/cataclysm/init/ModEntities.class; output-cat/proveniencia.json,evidence-cat/L_Ender's Cataclysm 1.21.1-3.33.jar::data/cataclysm/loot_table/entities/royal_draugr.json; evidence-cat/decompiled-full/com/github/L_Ender/cataclysm/entity/InternalAnimationMonster/Draugar/Royal_Draugr_Entity.java; evidence-cat/decompiled-full/com/github/L_Ender/cataclysm/init/ModItems.java; evidence-cat/decompiled-full/com/github/L_Ender/cataclysm/world/CMWorldRegistry.java,/bestiary/receitas/cat.html#receita-black-steel-axe | [Receita black_steel_axe](lote-5-mods-2026-10-06/cat-cards-2026-10-06.md#receita-black-steel-axe) — evidence-cat/L_Ender's Cataclysm 1.21.1-3.33.jar::data/cataclysm/recipe/black_steel_axe.json; [Receita black_steel_block](lote-5-mods-2026-10-06/cat-cards-2026-10-06.md#receita-black-steel-block) — evidence-cat/L_Ender's Cataclysm 1.21.1-3.33.jar::data/cataclysm/recipe/black_steel_block.json; [Receita black_steel_fence](lote-5-mods-2026-10-06/cat-cards-2026-10-06.md#receita-black-steel-fence) — evidence-cat/L_Ender's Cataclysm 1.21.1-3.33.jar::data/cataclysm/recipe/black_steel_fence.json; [Receita black_steel_hoe](lote-5-mods-2026-10-06/cat-cards-2026-10-06.md#receita-black-steel-hoe) — evidence-cat/L_Ender's Cataclysm 1.21.1-3.33.jar::data/cataclysm/recipe/black_steel_hoe.json; [Receita black_steel_nugget](lote-5-mods-2026-10-06/cat-cards-2026-10-06.md#receita-black-steel-nugget) — evidence-cat/L_Ender's Cataclysm 1.21.1-3.33.jar::data/cataclysm/recipe/black_steel_nugget.json; [Receita black_steel_pickaxe](lote-5-mods-2026-10-06/cat-cards-2026-10-06.md#receita-black-steel-pickaxe) — evidence-cat/L_Ender's Cataclysm 1.21.1-3.33.jar::data/cataclysm/recipe/black_steel_pickaxe.json; [Receita black_steel_shovel](lote-5-mods-2026-10-06/cat-cards-2026-10-06.md#receita-black-steel-shovel) — evidence-cat/L_Ender's Cataclysm 1.21.1-3.33.jar::data/cataclysm/recipe/black_steel_shovel.json; [Receita black_steel_sword](lote-5-mods-2026-10-06/cat-cards-2026-10-06.md#receita-black-steel-sword) — evidence-cat/L_Ender's Cataclysm 1.21.1-3.33.jar::data/cataclysm/recipe/black_steel_sword.json; [Receita black_steel_targe](lote-5-mods-2026-10-06/cat-cards-2026-10-06.md#receita-black-steel-targe) — evidence-cat/L_Ender's Cataclysm 1.21.1-3.33.jar::data/cataclysm/recipe/black_steel_targe.json; [Receita cursed_bow](lote-5-mods-2026-10-06/cat-cards-2026-10-06.md#receita-cursed-bow) — evidence-cat/L_Ender's Cataclysm 1.21.1-3.33.jar::data/cataclysm/recipe/cursed_bow.json; [Receita cursium_upgrade_smithing_template](lote-5-mods-2026-10-06/cat-cards-2026-10-06.md#receita-cursium-upgrade-smithing-template) — evidence-cat/L_Ender's Cataclysm 1.21.1-3.33.jar::data/cataclysm/recipe/cursium_upgrade_smithing_template.json; [Receita soul_render](lote-5-mods-2026-10-06/cat-cards-2026-10-06.md#receita-soul-render) — evidence-cat/L_Ender's Cataclysm 1.21.1-3.33.jar::data/cataclysm/recipe/soul_render.json; [Receita the_annihilator](lote-5-mods-2026-10-06/cat-cards-2026-10-06.md#receita-the-annihilator) — evidence-cat/L_Ender's Cataclysm 1.21.1-3.33.jar::data/cataclysm/recipe/the_annihilator.json
Royal Draugr,Cataclysm,Criatura hostil; classe e alvos do mod,"Estruturas com entidade/spawner data/cataclysm/structure/royal_draugr_axe.nbt, data/cataclysm/structure/royal_draugr_sword.nbt; ",Loot adicional: Creeper carregado,cataclysm:draugr_head,1,"Atacante Creeper com canDropMobsSkull=true; aumenta droppedSkulls e entrega cabeça, após super.dropCustomDeathLoot. Não é chance comum da tabela.",Cabeça/bloco decorativo vestível registrado no ModItems/ModBlocks; não drop garantido por qualquer morte,Alta no recurso/código da build auditada; configuração efetiva do pack não confirmada,/images/bestiary/audited/cat/royal-draugr.png,com/github/L_Ender/cataclysm/client/model/entity/Royal_Draugr_Model.class; com/github/L_Ender/cataclysm/client/render/entity/Royal_Draugr_Renderer.class; assets/cataclysm/textures/entity/draugar/royal_draugr.png; assets/cataclysm/textures/entity/draugar/draugr_layer.png; com/github/L_Ender/cataclysm/client/animation/Draugar_Animation.class; com/github/L_Ender/cataclysm/client/event/ClientSetup.class; com/github/L_Ender/cataclysm/client/model/CMModelLayers.class; com/github/L_Ender/cataclysm/client/render/layer/LayerGenericGlowing.class; com/github/L_Ender/cataclysm/init/ModEntities.class; output-cat/proveniencia.json,evidence-cat/decompiled-full/com/github/L_Ender/cataclysm/entity/InternalAnimationMonster/Draugar/Royal_Draugr_Entity.java; evidence-cat/decompiled-full/com/github/L_Ender/cataclysm/entity/InternalAnimationMonster/Draugar/Royal_Draugr_Entity.java; evidence-cat/decompiled-full/com/github/L_Ender/cataclysm/init/ModItems.java; evidence-cat/decompiled-full/com/github/L_Ender/cataclysm/world/CMWorldRegistry.java,"Não aplicável: uso direto, interação ou sem receita identificada; fontes na linha"
Royal Draugr,Cataclysm,Criatura hostil; classe e alvos do mod,"Estruturas com entidade/spawner data/cataclysm/structure/royal_draugr_axe.nbt, data/cataclysm/structure/royal_draugr_sword.nbt; ",Equipamento na morte,cataclysm:black_steel_axe,0–1,"50% de selecionar arma ao gerar; Atribuição ao jogador/recentemente atingido; equipamento ainda no slot, não vazio nem PreventEquipmentDrop/Vanishing. Chance padrão por slot8.5%, +1p.p./nível de Saque pelo enchantment/equipment_drops vanilla1.21.1; danifica equipamento antes de entregar. Chance0 é descartada antes do bônus. Condições/snapshot NBT podem alterar estado.",Arma/escudo/ferramenta para o tipo indicado; classes de item no registro ModItems ou Items vanilla,Alta no recurso/código da build auditada; configuração efetiva do pack não confirmada,/images/bestiary/audited/cat/royal-draugr.png,com/github/L_Ender/cataclysm/client/model/entity/Royal_Draugr_Model.class; com/github/L_Ender/cataclysm/client/render/entity/Royal_Draugr_Renderer.class; assets/cataclysm/textures/entity/draugar/royal_draugr.png; assets/cataclysm/textures/entity/draugar/draugr_layer.png; com/github/L_Ender/cataclysm/client/animation/Draugar_Animation.class; com/github/L_Ender/cataclysm/client/event/ClientSetup.class; com/github/L_Ender/cataclysm/client/model/CMModelLayers.class; com/github/L_Ender/cataclysm/client/render/layer/LayerGenericGlowing.class; com/github/L_Ender/cataclysm/init/ModEntities.class; output-cat/proveniencia.json,evidence-cat/decompiled-full/com/github/L_Ender/cataclysm/entity/InternalAnimationMonster/Draugar/Royal_Draugr_Entity.java; evidence-cat/decompiled-full/com/github/L_Ender/cataclysm/init/ModItems.java; evidence-vanilla-lote8/btp.java (Mob.dropCustomDeathLoot); evidence/minecraft-1.21.1-client.jar::data/minecraft/enchantment/looting.json; evidence-cat/decompiled-full/com/github/L_Ender/cataclysm/entity/InternalAnimationMonster/Draugar/Royal_Draugr_Entity.java,/bestiary/receitas/cat.html#receita-black-steel-nugget-from-smelting | [Receita black_steel_nugget_from_smelting](lote-5-mods-2026-10-06/cat-cards-2026-10-06.md#receita-black-steel-nugget-from-smelting) — evidence-cat/L_Ender's Cataclysm 1.21.1-3.33.jar::data/cataclysm/recipe/black_steel_nugget_from_smelting.json; [Receita black_steel_nugget_from_blasting](lote-5-mods-2026-10-06/cat-cards-2026-10-06.md#receita-black-steel-nugget-from-blasting) — evidence-cat/L_Ender's Cataclysm 1.21.1-3.33.jar::data/cataclysm/recipe/blasting/black_steel_nugget_from_blasting.json
Royal Draugr,Cataclysm,Criatura hostil; classe e alvos do mod,"Estruturas com entidade/spawner data/cataclysm/structure/royal_draugr_axe.nbt, data/cataclysm/structure/royal_draugr_sword.nbt; ",Equipamento na morte,cataclysm:black_steel_sword,0–1,"50% de selecionar arma ao gerar; Atribuição ao jogador/recentemente atingido; equipamento ainda no slot, não vazio nem PreventEquipmentDrop/Vanishing. Chance padrão por slot8.5%, +1p.p./nível de Saque pelo enchantment/equipment_drops vanilla1.21.1; danifica equipamento antes de entregar. Chance0 é descartada antes do bônus. Condições/snapshot NBT podem alterar estado.",Arma/escudo/ferramenta para o tipo indicado; classes de item no registro ModItems ou Items vanilla,Alta no recurso/código da build auditada; configuração efetiva do pack não confirmada,/images/bestiary/audited/cat/royal-draugr.png,com/github/L_Ender/cataclysm/client/model/entity/Royal_Draugr_Model.class; com/github/L_Ender/cataclysm/client/render/entity/Royal_Draugr_Renderer.class; assets/cataclysm/textures/entity/draugar/royal_draugr.png; assets/cataclysm/textures/entity/draugar/draugr_layer.png; com/github/L_Ender/cataclysm/client/animation/Draugar_Animation.class; com/github/L_Ender/cataclysm/client/event/ClientSetup.class; com/github/L_Ender/cataclysm/client/model/CMModelLayers.class; com/github/L_Ender/cataclysm/client/render/layer/LayerGenericGlowing.class; com/github/L_Ender/cataclysm/init/ModEntities.class; output-cat/proveniencia.json,evidence-cat/decompiled-full/com/github/L_Ender/cataclysm/entity/InternalAnimationMonster/Draugar/Royal_Draugr_Entity.java; evidence-cat/decompiled-full/com/github/L_Ender/cataclysm/init/ModItems.java; evidence-vanilla-lote8/btp.java (Mob.dropCustomDeathLoot); evidence/minecraft-1.21.1-client.jar::data/minecraft/enchantment/looting.json; evidence-cat/decompiled-full/com/github/L_Ender/cataclysm/entity/InternalAnimationMonster/Draugar/Royal_Draugr_Entity.java,/bestiary/receitas/cat.html#receita-black-steel-nugget-from-smelting | [Receita black_steel_nugget_from_smelting](lote-5-mods-2026-10-06/cat-cards-2026-10-06.md#receita-black-steel-nugget-from-smelting) — evidence-cat/L_Ender's Cataclysm 1.21.1-3.33.jar::data/cataclysm/recipe/black_steel_nugget_from_smelting.json; [Receita black_steel_nugget_from_blasting](lote-5-mods-2026-10-06/cat-cards-2026-10-06.md#receita-black-steel-nugget-from-blasting) — evidence-cat/L_Ender's Cataclysm 1.21.1-3.33.jar::data/cataclysm/recipe/blasting/black_steel_nugget_from_blasting.json
Royal Draugr,Cataclysm,Criatura hostil; classe e alvos do mod,"Estruturas com entidade/spawner data/cataclysm/structure/royal_draugr_axe.nbt, data/cataclysm/structure/royal_draugr_sword.nbt; ",Equipamento na morte,cataclysm:black_steel_targe,0–1,"Escudo no offhand; ataque pode esvaziar mão/escudo; Atribuição ao jogador/recentemente atingido; equipamento ainda no slot, não vazio nem PreventEquipmentDrop/Vanishing. Chance padrão por slot8.5%, +1p.p./nível de Saque pelo enchantment/equipment_drops vanilla1.21.1; danifica equipamento antes de entregar. Chance0 é descartada antes do bônus. Condições/snapshot NBT podem alterar estado.",Arma/escudo/ferramenta para o tipo indicado; classes de item no registro ModItems ou Items vanilla,Alta no recurso/código da build auditada; configuração efetiva do pack não confirmada,/images/bestiary/audited/cat/royal-draugr.png,com/github/L_Ender/cataclysm/client/model/entity/Royal_Draugr_Model.class; com/github/L_Ender/cataclysm/client/render/entity/Royal_Draugr_Renderer.class; assets/cataclysm/textures/entity/draugar/royal_draugr.png; assets/cataclysm/textures/entity/draugar/draugr_layer.png; com/github/L_Ender/cataclysm/client/animation/Draugar_Animation.class; com/github/L_Ender/cataclysm/client/event/ClientSetup.class; com/github/L_Ender/cataclysm/client/model/CMModelLayers.class; com/github/L_Ender/cataclysm/client/render/layer/LayerGenericGlowing.class; com/github/L_Ender/cataclysm/init/ModEntities.class; output-cat/proveniencia.json,evidence-cat/decompiled-full/com/github/L_Ender/cataclysm/entity/InternalAnimationMonster/Draugar/Royal_Draugr_Entity.java; evidence-cat/decompiled-full/com/github/L_Ender/cataclysm/init/ModItems.java; evidence-vanilla-lote8/btp.java (Mob.dropCustomDeathLoot); evidence/minecraft-1.21.1-client.jar::data/minecraft/enchantment/looting.json; evidence-cat/decompiled-full/com/github/L_Ender/cataclysm/entity/InternalAnimationMonster/Draugar/Royal_Draugr_Entity.java,"Não aplicável: uso direto, interação ou sem receita identificada; fontes na linha"
Elite Draugr,Cataclysm,Criatura hostil; classe e alvos do mod,Estruturas com entidade/spawner data/cataclysm/structure/elite_draugr.nbt; ,Loot de morte,minecraft:bone,0–2,"pool 1: 1 sorteio(s), peso bruto 1/1; peso condicionado aos candidatos elegíveis; reposição em múltiplos sorteios; set_count ; Saque minecraft:looting: bônus Math.round(nível × sorteio 0–1); limite sem limite explícito","Ingrediente nas receitas versionadas para: cataclysm:cursed_eye, cataclysm:desert_eye",Alta no recurso/código da build auditada; configuração efetiva do pack não confirmada,/images/bestiary/audited/cat/elite-draugr.png,com/github/L_Ender/cataclysm/client/model/entity/Elite_Draugr_Model.class; com/github/L_Ender/cataclysm/client/render/entity/Elite_Draugr_Renderer.class; assets/cataclysm/textures/entity/draugar/elite_draugr.png; assets/cataclysm/textures/entity/draugar/elite_draugr_layer.png; com/github/L_Ender/cataclysm/client/animation/Elite_Draugr_Animation.class; com/github/L_Ender/cataclysm/client/event/ClientSetup.class; com/github/L_Ender/cataclysm/client/model/CMModelLayers.class; com/github/L_Ender/cataclysm/client/render/layer/LayerGenericGlowing.class; com/github/L_Ender/cataclysm/init/ModEntities.class; output-cat/proveniencia.json,evidence-cat/L_Ender's Cataclysm 1.21.1-3.33.jar::data/cataclysm/loot_table/entities/elite_draugr.json; evidence-cat/decompiled-full/com/github/L_Ender/cataclysm/entity/InternalAnimationMonster/Draugar/Elite_Draugr_Entity.java; evidence-cat/decompiled-full/com/github/L_Ender/cataclysm/init/ModItems.java; evidence-cat/decompiled-full/com/github/L_Ender/cataclysm/world/CMWorldRegistry.java,/bestiary/receitas/cat.html#receita-bone-meal | [Receita bone_meal](lote-5-mods-2026-10-06/cat-cards-2026-10-06.md#receita-bone-meal) — evidence/minecraft-1.21.1-client.jar::data/minecraft/recipe/bone_meal.json
Elite Draugr,Cataclysm,Criatura hostil; classe e alvos do mod,Estruturas com entidade/spawner data/cataclysm/structure/elite_draugr.nbt; ,Loot de morte,minecraft:rotten_flesh,0–2,"pool 2: 1 sorteio(s), peso bruto 1/1; peso condicionado aos candidatos elegíveis; reposição em múltiplos sorteios; set_count ; Saque minecraft:looting: bônus Math.round(nível × sorteio 0–1); limite sem limite explícito","Ingrediente nas receitas versionadas para: cataclysm:cursed_eye, cataclysm:desert_eye",Alta no recurso/código da build auditada; configuração efetiva do pack não confirmada,/images/bestiary/audited/cat/elite-draugr.png,com/github/L_Ender/cataclysm/client/model/entity/Elite_Draugr_Model.class; com/github/L_Ender/cataclysm/client/render/entity/Elite_Draugr_Renderer.class; assets/cataclysm/textures/entity/draugar/elite_draugr.png; assets/cataclysm/textures/entity/draugar/elite_draugr_layer.png; com/github/L_Ender/cataclysm/client/animation/Elite_Draugr_Animation.class; com/github/L_Ender/cataclysm/client/event/ClientSetup.class; com/github/L_Ender/cataclysm/client/model/CMModelLayers.class; com/github/L_Ender/cataclysm/client/render/layer/LayerGenericGlowing.class; com/github/L_Ender/cataclysm/init/ModEntities.class; output-cat/proveniencia.json,evidence-cat/L_Ender's Cataclysm 1.21.1-3.33.jar::data/cataclysm/loot_table/entities/elite_draugr.json; evidence-cat/decompiled-full/com/github/L_Ender/cataclysm/entity/InternalAnimationMonster/Draugar/Elite_Draugr_Entity.java; evidence-cat/decompiled-full/com/github/L_Ender/cataclysm/init/ModItems.java; evidence-cat/decompiled-full/com/github/L_Ender/cataclysm/world/CMWorldRegistry.java,Não aplicável: nenhuma receita que usa este item identificada nos JSONs vanilla1.21.1; uso direto descrito
Elite Draugr,Cataclysm,Criatura hostil; classe e alvos do mod,Estruturas com entidade/spawner data/cataclysm/structure/elite_draugr.nbt; ,Loot de morte,cataclysm:black_steel_nugget,0–1,"pool 3: 1 sorteio(s), peso bruto 1/1; peso condicionado aos candidatos elegíveis; reposição em múltiplos sorteios; set_count ; Saque minecraft:looting: bônus Math.round(nível × sorteio 0–1); limite sem limite explícito","Ingrediente nas receitas versionadas para: cataclysm:black_steel_ingot, cataclysm:black_steel_targe",Alta no recurso/código da build auditada; configuração efetiva do pack não confirmada,/images/bestiary/audited/cat/elite-draugr.png,com/github/L_Ender/cataclysm/client/model/entity/Elite_Draugr_Model.class; com/github/L_Ender/cataclysm/client/render/entity/Elite_Draugr_Renderer.class; assets/cataclysm/textures/entity/draugar/elite_draugr.png; assets/cataclysm/textures/entity/draugar/elite_draugr_layer.png; com/github/L_Ender/cataclysm/client/animation/Elite_Draugr_Animation.class; com/github/L_Ender/cataclysm/client/event/ClientSetup.class; com/github/L_Ender/cataclysm/client/model/CMModelLayers.class; com/github/L_Ender/cataclysm/client/render/layer/LayerGenericGlowing.class; com/github/L_Ender/cataclysm/init/ModEntities.class; output-cat/proveniencia.json,evidence-cat/L_Ender's Cataclysm 1.21.1-3.33.jar::data/cataclysm/loot_table/entities/elite_draugr.json; evidence-cat/decompiled-full/com/github/L_Ender/cataclysm/entity/InternalAnimationMonster/Draugar/Elite_Draugr_Entity.java; evidence-cat/decompiled-full/com/github/L_Ender/cataclysm/init/ModItems.java; evidence-cat/decompiled-full/com/github/L_Ender/cataclysm/world/CMWorldRegistry.java,/bestiary/receitas/cat.html#receita-black-steel-ingot-from-nuggets | [Receita black_steel_ingot_from_nuggets](lote-5-mods-2026-10-06/cat-cards-2026-10-06.md#receita-black-steel-ingot-from-nuggets) — evidence-cat/L_Ender's Cataclysm 1.21.1-3.33.jar::data/cataclysm/recipe/black_steel_ingot_from_nuggets.json; [Receita black_steel_targe](lote-5-mods-2026-10-06/cat-cards-2026-10-06.md#receita-black-steel-targe) — evidence-cat/L_Ender's Cataclysm 1.21.1-3.33.jar::data/cataclysm/recipe/black_steel_targe.json
Elite Draugr,Cataclysm,Criatura hostil; classe e alvos do mod,Estruturas com entidade/spawner data/cataclysm/structure/elite_draugr.nbt; ,Loot de morte,cataclysm:black_steel_ingot,1,"morte atribuída ao jogador; sem Saque 2.5%; Saque I 3.5%, +1 p.p./nível acima de I; pool 4: 1 sorteio(s), peso bruto 1/1; peso condicionado aos candidatos elegíveis; reposição em múltiplos sorteios","Ingrediente nas receitas versionadas para: cataclysm:black_steel_axe, cataclysm:black_steel_block, cataclysm:black_steel_fence, cataclysm:black_steel_hoe, cataclysm:black_steel_nugget, cataclysm:black_steel_pickaxe, cataclysm:black_steel_shovel, cataclysm:black_steel_sword, cataclysm:black_steel_targe, cataclysm:cursed_bow, cataclysm:cursium_upgrade_smithing_template, cataclysm:soul_render, cataclysm:the_annihilator",Alta no recurso/código da build auditada; configuração efetiva do pack não confirmada,/images/bestiary/audited/cat/elite-draugr.png,com/github/L_Ender/cataclysm/client/model/entity/Elite_Draugr_Model.class; com/github/L_Ender/cataclysm/client/render/entity/Elite_Draugr_Renderer.class; assets/cataclysm/textures/entity/draugar/elite_draugr.png; assets/cataclysm/textures/entity/draugar/elite_draugr_layer.png; com/github/L_Ender/cataclysm/client/animation/Elite_Draugr_Animation.class; com/github/L_Ender/cataclysm/client/event/ClientSetup.class; com/github/L_Ender/cataclysm/client/model/CMModelLayers.class; com/github/L_Ender/cataclysm/client/render/layer/LayerGenericGlowing.class; com/github/L_Ender/cataclysm/init/ModEntities.class; output-cat/proveniencia.json,evidence-cat/L_Ender's Cataclysm 1.21.1-3.33.jar::data/cataclysm/loot_table/entities/elite_draugr.json; evidence-cat/decompiled-full/com/github/L_Ender/cataclysm/entity/InternalAnimationMonster/Draugar/Elite_Draugr_Entity.java; evidence-cat/decompiled-full/com/github/L_Ender/cataclysm/init/ModItems.java; evidence-cat/decompiled-full/com/github/L_Ender/cataclysm/world/CMWorldRegistry.java,/bestiary/receitas/cat.html#receita-black-steel-axe | [Receita black_steel_axe](lote-5-mods-2026-10-06/cat-cards-2026-10-06.md#receita-black-steel-axe) — evidence-cat/L_Ender's Cataclysm 1.21.1-3.33.jar::data/cataclysm/recipe/black_steel_axe.json; [Receita black_steel_block](lote-5-mods-2026-10-06/cat-cards-2026-10-06.md#receita-black-steel-block) — evidence-cat/L_Ender's Cataclysm 1.21.1-3.33.jar::data/cataclysm/recipe/black_steel_block.json; [Receita black_steel_fence](lote-5-mods-2026-10-06/cat-cards-2026-10-06.md#receita-black-steel-fence) — evidence-cat/L_Ender's Cataclysm 1.21.1-3.33.jar::data/cataclysm/recipe/black_steel_fence.json; [Receita black_steel_hoe](lote-5-mods-2026-10-06/cat-cards-2026-10-06.md#receita-black-steel-hoe) — evidence-cat/L_Ender's Cataclysm 1.21.1-3.33.jar::data/cataclysm/recipe/black_steel_hoe.json; [Receita black_steel_nugget](lote-5-mods-2026-10-06/cat-cards-2026-10-06.md#receita-black-steel-nugget) — evidence-cat/L_Ender's Cataclysm 1.21.1-3.33.jar::data/cataclysm/recipe/black_steel_nugget.json; [Receita black_steel_pickaxe](lote-5-mods-2026-10-06/cat-cards-2026-10-06.md#receita-black-steel-pickaxe) — evidence-cat/L_Ender's Cataclysm 1.21.1-3.33.jar::data/cataclysm/recipe/black_steel_pickaxe.json; [Receita black_steel_shovel](lote-5-mods-2026-10-06/cat-cards-2026-10-06.md#receita-black-steel-shovel) — evidence-cat/L_Ender's Cataclysm 1.21.1-3.33.jar::data/cataclysm/recipe/black_steel_shovel.json; [Receita black_steel_sword](lote-5-mods-2026-10-06/cat-cards-2026-10-06.md#receita-black-steel-sword) — evidence-cat/L_Ender's Cataclysm 1.21.1-3.33.jar::data/cataclysm/recipe/black_steel_sword.json; [Receita black_steel_targe](lote-5-mods-2026-10-06/cat-cards-2026-10-06.md#receita-black-steel-targe) — evidence-cat/L_Ender's Cataclysm 1.21.1-3.33.jar::data/cataclysm/recipe/black_steel_targe.json; [Receita cursed_bow](lote-5-mods-2026-10-06/cat-cards-2026-10-06.md#receita-cursed-bow) — evidence-cat/L_Ender's Cataclysm 1.21.1-3.33.jar::data/cataclysm/recipe/cursed_bow.json; [Receita cursium_upgrade_smithing_template](lote-5-mods-2026-10-06/cat-cards-2026-10-06.md#receita-cursium-upgrade-smithing-template) — evidence-cat/L_Ender's Cataclysm 1.21.1-3.33.jar::data/cataclysm/recipe/cursium_upgrade_smithing_template.json; [Receita soul_render](lote-5-mods-2026-10-06/cat-cards-2026-10-06.md#receita-soul-render) — evidence-cat/L_Ender's Cataclysm 1.21.1-3.33.jar::data/cataclysm/recipe/soul_render.json; [Receita the_annihilator](lote-5-mods-2026-10-06/cat-cards-2026-10-06.md#receita-the-annihilator) — evidence-cat/L_Ender's Cataclysm 1.21.1-3.33.jar::data/cataclysm/recipe/the_annihilator.json
Elite Draugr,Cataclysm,Criatura hostil; classe e alvos do mod,Estruturas com entidade/spawner data/cataclysm/structure/elite_draugr.nbt; ,Loot adicional: Creeper carregado,cataclysm:draugr_head,1,"Atacante Creeper com canDropMobsSkull=true; aumenta droppedSkulls e entrega cabeça, após super.dropCustomDeathLoot. Não é chance comum da tabela.",Cabeça/bloco decorativo vestível registrado no ModItems/ModBlocks; não drop garantido por qualquer morte,Alta no recurso/código da build auditada; configuração efetiva do pack não confirmada,/images/bestiary/audited/cat/elite-draugr.png,com/github/L_Ender/cataclysm/client/model/entity/Elite_Draugr_Model.class; com/github/L_Ender/cataclysm/client/render/entity/Elite_Draugr_Renderer.class; assets/cataclysm/textures/entity/draugar/elite_draugr.png; assets/cataclysm/textures/entity/draugar/elite_draugr_layer.png; com/github/L_Ender/cataclysm/client/animation/Elite_Draugr_Animation.class; com/github/L_Ender/cataclysm/client/event/ClientSetup.class; com/github/L_Ender/cataclysm/client/model/CMModelLayers.class; com/github/L_Ender/cataclysm/client/render/layer/LayerGenericGlowing.class; com/github/L_Ender/cataclysm/init/ModEntities.class; output-cat/proveniencia.json,evidence-cat/decompiled-full/com/github/L_Ender/cataclysm/entity/InternalAnimationMonster/Draugar/Elite_Draugr_Entity.java; evidence-cat/decompiled-full/com/github/L_Ender/cataclysm/entity/InternalAnimationMonster/Draugar/Elite_Draugr_Entity.java; evidence-cat/decompiled-full/com/github/L_Ender/cataclysm/init/ModItems.java; evidence-cat/decompiled-full/com/github/L_Ender/cataclysm/world/CMWorldRegistry.java,"Não aplicável: uso direto, interação ou sem receita identificada; fontes na linha"
Elite Draugr,Cataclysm,Criatura hostil; classe e alvos do mod,Estruturas com entidade/spawner data/cataclysm/structure/elite_draugr.nbt; ,Equipamento na morte,minecraft:crossbow,0–1,"Arma inicial; pode trocar para Black Steel Sword durante combate; Atribuição ao jogador/recentemente atingido; equipamento ainda no slot, não vazio nem PreventEquipmentDrop/Vanishing. Chance padrão por slot8.5%, +1p.p./nível de Saque pelo enchantment/equipment_drops vanilla1.21.1; danifica equipamento antes de entregar. Chance0 é descartada antes do bônus. Condições/snapshot NBT podem alterar estado.",Arma/escudo/ferramenta para o tipo indicado; classes de item no registro ModItems ou Items vanilla,Alta no recurso/código da build auditada; configuração efetiva do pack não confirmada,/images/bestiary/audited/cat/elite-draugr.png,com/github/L_Ender/cataclysm/client/model/entity/Elite_Draugr_Model.class; com/github/L_Ender/cataclysm/client/render/entity/Elite_Draugr_Renderer.class; assets/cataclysm/textures/entity/draugar/elite_draugr.png; assets/cataclysm/textures/entity/draugar/elite_draugr_layer.png; com/github/L_Ender/cataclysm/client/animation/Elite_Draugr_Animation.class; com/github/L_Ender/cataclysm/client/event/ClientSetup.class; com/github/L_Ender/cataclysm/client/model/CMModelLayers.class; com/github/L_Ender/cataclysm/client/render/layer/LayerGenericGlowing.class; com/github/L_Ender/cataclysm/init/ModEntities.class; output-cat/proveniencia.json,evidence-cat/decompiled-full/com/github/L_Ender/cataclysm/entity/InternalAnimationMonster/Draugar/Elite_Draugr_Entity.java; evidence-cat/decompiled-full/com/github/L_Ender/cataclysm/init/ModItems.java; evidence-vanilla-lote8/btp.java (Mob.dropCustomDeathLoot); evidence/minecraft-1.21.1-client.jar::data/minecraft/enchantment/looting.json; evidence-cat/decompiled-full/com/github/L_Ender/cataclysm/entity/InternalAnimationMonster/Draugar/Elite_Draugr_Entity.java,Não aplicável: nenhuma receita que usa este item identificada nos JSONs vanilla1.21.1; uso direto descrito
Elite Draugr,Cataclysm,Criatura hostil; classe e alvos do mod,Estruturas com entidade/spawner data/cataclysm/structure/elite_draugr.nbt; ,Equipamento na morte,cataclysm:black_steel_sword,0–1,"Arma após troca de combate; não somar sword e crossbow da mesma mão; Atribuição ao jogador/recentemente atingido; equipamento ainda no slot, não vazio nem PreventEquipmentDrop/Vanishing. Chance padrão por slot8.5%, +1p.p./nível de Saque pelo enchantment/equipment_drops vanilla1.21.1; danifica equipamento antes de entregar. Chance0 é descartada antes do bônus. Condições/snapshot NBT podem alterar estado.",Arma/escudo/ferramenta para o tipo indicado; classes de item no registro ModItems ou Items vanilla,Alta no recurso/código da build auditada; configuração efetiva do pack não confirmada,/images/bestiary/audited/cat/elite-draugr.png,com/github/L_Ender/cataclysm/client/model/entity/Elite_Draugr_Model.class; com/github/L_Ender/cataclysm/client/render/entity/Elite_Draugr_Renderer.class; assets/cataclysm/textures/entity/draugar/elite_draugr.png; assets/cataclysm/textures/entity/draugar/elite_draugr_layer.png; com/github/L_Ender/cataclysm/client/animation/Elite_Draugr_Animation.class; com/github/L_Ender/cataclysm/client/event/ClientSetup.class; com/github/L_Ender/cataclysm/client/model/CMModelLayers.class; com/github/L_Ender/cataclysm/client/render/layer/LayerGenericGlowing.class; com/github/L_Ender/cataclysm/init/ModEntities.class; output-cat/proveniencia.json,evidence-cat/decompiled-full/com/github/L_Ender/cataclysm/entity/InternalAnimationMonster/Draugar/Elite_Draugr_Entity.java; evidence-cat/decompiled-full/com/github/L_Ender/cataclysm/init/ModItems.java; evidence-vanilla-lote8/btp.java (Mob.dropCustomDeathLoot); evidence/minecraft-1.21.1-client.jar::data/minecraft/enchantment/looting.json; evidence-cat/decompiled-full/com/github/L_Ender/cataclysm/entity/InternalAnimationMonster/Draugar/Elite_Draugr_Entity.java,/bestiary/receitas/cat.html#receita-black-steel-nugget-from-smelting | [Receita black_steel_nugget_from_smelting](lote-5-mods-2026-10-06/cat-cards-2026-10-06.md#receita-black-steel-nugget-from-smelting) — evidence-cat/L_Ender's Cataclysm 1.21.1-3.33.jar::data/cataclysm/recipe/black_steel_nugget_from_smelting.json; [Receita black_steel_nugget_from_blasting](lote-5-mods-2026-10-06/cat-cards-2026-10-06.md#receita-black-steel-nugget-from-blasting) — evidence-cat/L_Ender's Cataclysm 1.21.1-3.33.jar::data/cataclysm/recipe/blasting/black_steel_nugget_from_blasting.json
Aptrgangr,Cataclysm,Criatura hostil; classe e alvos do mod,Estruturas com entidade/spawner data/cataclysm/structure/aptrgangr.nbt; ,Loot de morte,minecraft:bone,1–4,"pool 1: 1 sorteio(s), peso bruto 1/1; peso condicionado aos candidatos elegíveis; reposição em múltiplos sorteios; set_count ; Saque minecraft:looting: bônus Math.round(nível × sorteio 0–2); limite sem limite explícito","Ingrediente nas receitas versionadas para: cataclysm:cursed_eye, cataclysm:desert_eye",Alta no recurso/código da build auditada; configuração efetiva do pack não confirmada,/images/bestiary/audited/cat/aptrgangr.png,com/github/L_Ender/cataclysm/client/model/entity/Aptrgangr_Model.class; com/github/L_Ender/cataclysm/client/render/entity/Aptrgangr_Renderer.class; assets/cataclysm/textures/entity/draugar/aptrgangr.png; assets/cataclysm/textures/entity/draugar/aptrgangr_layer.png; com/github/L_Ender/cataclysm/client/animation/Aptrgangr_Animation.class; com/github/L_Ender/cataclysm/client/event/ClientSetup.class; com/github/L_Ender/cataclysm/client/model/CMModelLayers.class; com/github/L_Ender/cataclysm/client/render/layer/AptrgangrRiderLayer.class; com/github/L_Ender/cataclysm/client/render/layer/Aptrgangr_Layer.class; com/github/L_Ender/cataclysm/init/ModEntities.class; output-cat/proveniencia.json,evidence-cat/L_Ender's Cataclysm 1.21.1-3.33.jar::data/cataclysm/loot_table/entities/aptrgangr.json; evidence-cat/decompiled-full/com/github/L_Ender/cataclysm/entity/InternalAnimationMonster/Draugar/Aptrgangr_Entity.java; evidence-cat/decompiled-full/com/github/L_Ender/cataclysm/init/ModItems.java; evidence-cat/decompiled-full/com/github/L_Ender/cataclysm/world/CMWorldRegistry.java,/bestiary/receitas/cat.html#receita-bone-meal | [Receita bone_meal](lote-5-mods-2026-10-06/cat-cards-2026-10-06.md#receita-bone-meal) — evidence/minecraft-1.21.1-client.jar::data/minecraft/recipe/bone_meal.json
Aptrgangr,Cataclysm,Criatura hostil; classe e alvos do mod,Estruturas com entidade/spawner data/cataclysm/structure/aptrgangr.nbt; ,Loot de morte,cataclysm:strange_key,1,"pool 2: 1 sorteio(s), peso bruto 1/1; peso condicionado aos candidatos elegíveis; reposição em múltiplos sorteios",Abre Door of Seal; Door_of_Seal_Block.useItemOn exige esta chave.,Alta no recurso/código da build auditada; configuração efetiva do pack não confirmada,/images/bestiary/audited/cat/aptrgangr.png,com/github/L_Ender/cataclysm/client/model/entity/Aptrgangr_Model.class; com/github/L_Ender/cataclysm/client/render/entity/Aptrgangr_Renderer.class; assets/cataclysm/textures/entity/draugar/aptrgangr.png; assets/cataclysm/textures/entity/draugar/aptrgangr_layer.png; com/github/L_Ender/cataclysm/client/animation/Aptrgangr_Animation.class; com/github/L_Ender/cataclysm/client/event/ClientSetup.class; com/github/L_Ender/cataclysm/client/model/CMModelLayers.class; com/github/L_Ender/cataclysm/client/render/layer/AptrgangrRiderLayer.class; com/github/L_Ender/cataclysm/client/render/layer/Aptrgangr_Layer.class; com/github/L_Ender/cataclysm/init/ModEntities.class; output-cat/proveniencia.json,evidence-cat/L_Ender's Cataclysm 1.21.1-3.33.jar::data/cataclysm/loot_table/entities/aptrgangr.json; evidence-cat/decompiled-full/com/github/L_Ender/cataclysm/entity/InternalAnimationMonster/Draugar/Aptrgangr_Entity.java; evidence-cat/decompiled-full/com/github/L_Ender/cataclysm/init/ModItems.java; evidence-cat/decompiled-full/com/github/L_Ender/cataclysm/world/CMWorldRegistry.java,"Não aplicável: uso direto, interação ou sem receita identificada; fontes na linha"
Aptrgangr,Cataclysm,Criatura hostil; classe e alvos do mod,Estruturas com entidade/spawner data/cataclysm/structure/aptrgangr.nbt; ,Loot de morte,minecraft:rotten_flesh,1–4,"pool 3: 1 sorteio(s), peso bruto 1/1; peso condicionado aos candidatos elegíveis; reposição em múltiplos sorteios; set_count ; Saque minecraft:looting: bônus Math.round(nível × sorteio 1–2); limite sem limite explícito","Ingrediente nas receitas versionadas para: cataclysm:cursed_eye, cataclysm:desert_eye",Alta no recurso/código da build auditada; configuração efetiva do pack não confirmada,/images/bestiary/audited/cat/aptrgangr.png,com/github/L_Ender/cataclysm/client/model/entity/Aptrgangr_Model.class; com/github/L_Ender/cataclysm/client/render/entity/Aptrgangr_Renderer.class; assets/cataclysm/textures/entity/draugar/aptrgangr.png; assets/cataclysm/textures/entity/draugar/aptrgangr_layer.png; com/github/L_Ender/cataclysm/client/animation/Aptrgangr_Animation.class; com/github/L_Ender/cataclysm/client/event/ClientSetup.class; com/github/L_Ender/cataclysm/client/model/CMModelLayers.class; com/github/L_Ender/cataclysm/client/render/layer/AptrgangrRiderLayer.class; com/github/L_Ender/cataclysm/client/render/layer/Aptrgangr_Layer.class; com/github/L_Ender/cataclysm/init/ModEntities.class; output-cat/proveniencia.json,evidence-cat/L_Ender's Cataclysm 1.21.1-3.33.jar::data/cataclysm/loot_table/entities/aptrgangr.json; evidence-cat/decompiled-full/com/github/L_Ender/cataclysm/entity/InternalAnimationMonster/Draugar/Aptrgangr_Entity.java; evidence-cat/decompiled-full/com/github/L_Ender/cataclysm/init/ModItems.java; evidence-cat/decompiled-full/com/github/L_Ender/cataclysm/world/CMWorldRegistry.java,Não aplicável: nenhuma receita que usa este item identificada nos JSONs vanilla1.21.1; uso direto descrito
Aptrgangr,Cataclysm,Criatura hostil; classe e alvos do mod,Estruturas com entidade/spawner data/cataclysm/structure/aptrgangr.nbt; ,Loot de morte,cataclysm:black_steel_nugget,2–4,"pool 4: 1 sorteio(s), peso bruto 1/1; peso condicionado aos candidatos elegíveis; reposição em múltiplos sorteios; set_count ; Saque minecraft:looting: bônus Math.round(nível × sorteio 0–2); limite sem limite explícito","Ingrediente nas receitas versionadas para: cataclysm:black_steel_ingot, cataclysm:black_steel_targe",Alta no recurso/código da build auditada; configuração efetiva do pack não confirmada,/images/bestiary/audited/cat/aptrgangr.png,com/github/L_Ender/cataclysm/client/model/entity/Aptrgangr_Model.class; com/github/L_Ender/cataclysm/client/render/entity/Aptrgangr_Renderer.class; assets/cataclysm/textures/entity/draugar/aptrgangr.png; assets/cataclysm/textures/entity/draugar/aptrgangr_layer.png; com/github/L_Ender/cataclysm/client/animation/Aptrgangr_Animation.class; com/github/L_Ender/cataclysm/client/event/ClientSetup.class; com/github/L_Ender/cataclysm/client/model/CMModelLayers.class; com/github/L_Ender/cataclysm/client/render/layer/AptrgangrRiderLayer.class; com/github/L_Ender/cataclysm/client/render/layer/Aptrgangr_Layer.class; com/github/L_Ender/cataclysm/init/ModEntities.class; output-cat/proveniencia.json,evidence-cat/L_Ender's Cataclysm 1.21.1-3.33.jar::data/cataclysm/loot_table/entities/aptrgangr.json; evidence-cat/decompiled-full/com/github/L_Ender/cataclysm/entity/InternalAnimationMonster/Draugar/Aptrgangr_Entity.java; evidence-cat/decompiled-full/com/github/L_Ender/cataclysm/init/ModItems.java; evidence-cat/decompiled-full/com/github/L_Ender/cataclysm/world/CMWorldRegistry.java,/bestiary/receitas/cat.html#receita-black-steel-ingot-from-nuggets | [Receita black_steel_ingot_from_nuggets](lote-5-mods-2026-10-06/cat-cards-2026-10-06.md#receita-black-steel-ingot-from-nuggets) — evidence-cat/L_Ender's Cataclysm 1.21.1-3.33.jar::data/cataclysm/recipe/black_steel_ingot_from_nuggets.json; [Receita black_steel_targe](lote-5-mods-2026-10-06/cat-cards-2026-10-06.md#receita-black-steel-targe) — evidence-cat/L_Ender's Cataclysm 1.21.1-3.33.jar::data/cataclysm/recipe/black_steel_targe.json
Aptrgangr,Cataclysm,Criatura hostil; classe e alvos do mod,Estruturas com entidade/spawner data/cataclysm/structure/aptrgangr.nbt; ,Loot de morte,cataclysm:black_steel_ingot,1–2,"pool 5: 1 sorteio(s), peso bruto 1/1; peso condicionado aos candidatos elegíveis; reposição em múltiplos sorteios; set_count ; Saque minecraft:looting: bônus Math.round(nível × sorteio 0–1); limite sem limite explícito","Ingrediente nas receitas versionadas para: cataclysm:black_steel_axe, cataclysm:black_steel_block, cataclysm:black_steel_fence, cataclysm:black_steel_hoe, cataclysm:black_steel_nugget, cataclysm:black_steel_pickaxe, cataclysm:black_steel_shovel, cataclysm:black_steel_sword, cataclysm:black_steel_targe, cataclysm:cursed_bow, cataclysm:cursium_upgrade_smithing_template, cataclysm:soul_render, cataclysm:the_annihilator",Alta no recurso/código da build auditada; configuração efetiva do pack não confirmada,/images/bestiary/audited/cat/aptrgangr.png,com/github/L_Ender/cataclysm/client/model/entity/Aptrgangr_Model.class; com/github/L_Ender/cataclysm/client/render/entity/Aptrgangr_Renderer.class; assets/cataclysm/textures/entity/draugar/aptrgangr.png; assets/cataclysm/textures/entity/draugar/aptrgangr_layer.png; com/github/L_Ender/cataclysm/client/animation/Aptrgangr_Animation.class; com/github/L_Ender/cataclysm/client/event/ClientSetup.class; com/github/L_Ender/cataclysm/client/model/CMModelLayers.class; com/github/L_Ender/cataclysm/client/render/layer/AptrgangrRiderLayer.class; com/github/L_Ender/cataclysm/client/render/layer/Aptrgangr_Layer.class; com/github/L_Ender/cataclysm/init/ModEntities.class; output-cat/proveniencia.json,evidence-cat/L_Ender's Cataclysm 1.21.1-3.33.jar::data/cataclysm/loot_table/entities/aptrgangr.json; evidence-cat/decompiled-full/com/github/L_Ender/cataclysm/entity/InternalAnimationMonster/Draugar/Aptrgangr_Entity.java; evidence-cat/decompiled-full/com/github/L_Ender/cataclysm/init/ModItems.java; evidence-cat/decompiled-full/com/github/L_Ender/cataclysm/world/CMWorldRegistry.java,/bestiary/receitas/cat.html#receita-black-steel-axe | [Receita black_steel_axe](lote-5-mods-2026-10-06/cat-cards-2026-10-06.md#receita-black-steel-axe) — evidence-cat/L_Ender's Cataclysm 1.21.1-3.33.jar::data/cataclysm/recipe/black_steel_axe.json; [Receita black_steel_block](lote-5-mods-2026-10-06/cat-cards-2026-10-06.md#receita-black-steel-block) — evidence-cat/L_Ender's Cataclysm 1.21.1-3.33.jar::data/cataclysm/recipe/black_steel_block.json; [Receita black_steel_fence](lote-5-mods-2026-10-06/cat-cards-2026-10-06.md#receita-black-steel-fence) — evidence-cat/L_Ender's Cataclysm 1.21.1-3.33.jar::data/cataclysm/recipe/black_steel_fence.json; [Receita black_steel_hoe](lote-5-mods-2026-10-06/cat-cards-2026-10-06.md#receita-black-steel-hoe) — evidence-cat/L_Ender's Cataclysm 1.21.1-3.33.jar::data/cataclysm/recipe/black_steel_hoe.json; [Receita black_steel_nugget](lote-5-mods-2026-10-06/cat-cards-2026-10-06.md#receita-black-steel-nugget) — evidence-cat/L_Ender's Cataclysm 1.21.1-3.33.jar::data/cataclysm/recipe/black_steel_nugget.json; [Receita black_steel_pickaxe](lote-5-mods-2026-10-06/cat-cards-2026-10-06.md#receita-black-steel-pickaxe) — evidence-cat/L_Ender's Cataclysm 1.21.1-3.33.jar::data/cataclysm/recipe/black_steel_pickaxe.json; [Receita black_steel_shovel](lote-5-mods-2026-10-06/cat-cards-2026-10-06.md#receita-black-steel-shovel) — evidence-cat/L_Ender's Cataclysm 1.21.1-3.33.jar::data/cataclysm/recipe/black_steel_shovel.json; [Receita black_steel_sword](lote-5-mods-2026-10-06/cat-cards-2026-10-06.md#receita-black-steel-sword) — evidence-cat/L_Ender's Cataclysm 1.21.1-3.33.jar::data/cataclysm/recipe/black_steel_sword.json; [Receita black_steel_targe](lote-5-mods-2026-10-06/cat-cards-2026-10-06.md#receita-black-steel-targe) — evidence-cat/L_Ender's Cataclysm 1.21.1-3.33.jar::data/cataclysm/recipe/black_steel_targe.json; [Receita cursed_bow](lote-5-mods-2026-10-06/cat-cards-2026-10-06.md#receita-cursed-bow) — evidence-cat/L_Ender's Cataclysm 1.21.1-3.33.jar::data/cataclysm/recipe/cursed_bow.json; [Receita cursium_upgrade_smithing_template](lote-5-mods-2026-10-06/cat-cards-2026-10-06.md#receita-cursium-upgrade-smithing-template) — evidence-cat/L_Ender's Cataclysm 1.21.1-3.33.jar::data/cataclysm/recipe/cursium_upgrade_smithing_template.json; [Receita soul_render](lote-5-mods-2026-10-06/cat-cards-2026-10-06.md#receita-soul-render) — evidence-cat/L_Ender's Cataclysm 1.21.1-3.33.jar::data/cataclysm/recipe/soul_render.json; [Receita the_annihilator](lote-5-mods-2026-10-06/cat-cards-2026-10-06.md#receita-the-annihilator) — evidence-cat/L_Ender's Cataclysm 1.21.1-3.33.jar::data/cataclysm/recipe/the_annihilator.json
Aptrgangr,Cataclysm,Criatura hostil; classe e alvos do mod,Estruturas com entidade/spawner data/cataclysm/structure/aptrgangr.nbt; ,Loot adicional: Creeper carregado,cataclysm:aptrgangr_head,1,"Atacante Creeper com canDropMobsSkull=true; aumenta droppedSkulls e entrega cabeça, após super.dropCustomDeathLoot. Não é chance comum da tabela.",Cabeça/bloco decorativo vestível registrado no ModItems/ModBlocks; não drop garantido por qualquer morte,Alta no recurso/código da build auditada; configuração efetiva do pack não confirmada,/images/bestiary/audited/cat/aptrgangr.png,com/github/L_Ender/cataclysm/client/model/entity/Aptrgangr_Model.class; com/github/L_Ender/cataclysm/client/render/entity/Aptrgangr_Renderer.class; assets/cataclysm/textures/entity/draugar/aptrgangr.png; assets/cataclysm/textures/entity/draugar/aptrgangr_layer.png; com/github/L_Ender/cataclysm/client/animation/Aptrgangr_Animation.class; com/github/L_Ender/cataclysm/client/event/ClientSetup.class; com/github/L_Ender/cataclysm/client/model/CMModelLayers.class; com/github/L_Ender/cataclysm/client/render/layer/AptrgangrRiderLayer.class; com/github/L_Ender/cataclysm/client/render/layer/Aptrgangr_Layer.class; com/github/L_Ender/cataclysm/init/ModEntities.class; output-cat/proveniencia.json,evidence-cat/decompiled-full/com/github/L_Ender/cataclysm/entity/InternalAnimationMonster/Draugar/Aptrgangr_Entity.java; evidence-cat/decompiled-full/com/github/L_Ender/cataclysm/entity/InternalAnimationMonster/Draugar/Aptrgangr_Entity.java; evidence-cat/decompiled-full/com/github/L_Ender/cataclysm/init/ModItems.java; evidence-cat/decompiled-full/com/github/L_Ender/cataclysm/world/CMWorldRegistry.java,"Não aplicável: uso direto, interação ou sem receita identificada; fontes na linha"
Hippocamtus,Cataclysm,Criatura hostil; classe e alvos do mod,Estruturas com entidade/spawner data/cataclysm/structure/hippocamtus.nbt; ,Loot de morte,cataclysm:lacrima,1–4,"pool 1: 1 sorteio(s), peso bruto 1/1; peso condicionado aos candidatos elegíveis; reposição em múltiplos sorteios; set_count ; Saque minecraft:looting: bônus Math.round(nível × sorteio 1–2); limite sem limite explícito","Ingrediente nas receitas versionadas para: cataclysm:astrape, cataclysm:azure_sea_shield, cataclysm:azure_seastone, cataclysm:ceraunus",Alta no recurso/código da build auditada; configuração efetiva do pack não confirmada,/images/bestiary/audited/cat/hippocamtus.png,com/github/L_Ender/cataclysm/client/model/entity/Hippocamtus_Model.class; com/github/L_Ender/cataclysm/client/render/entity/Hippocamtus_Renderer.class; assets/cataclysm/textures/entity/sea/hippocamtus.png; com/github/L_Ender/cataclysm/client/animation/Hippocamtus_Animation.class; com/github/L_Ender/cataclysm/client/event/ClientSetup.class; com/github/L_Ender/cataclysm/client/model/CMModelLayers.class; com/github/L_Ender/cataclysm/client/render/layer/Hippocamtus_Layer.class; com/github/L_Ender/cataclysm/init/ModEntities.class; output-cat/proveniencia.json,evidence-cat/L_Ender's Cataclysm 1.21.1-3.33.jar::data/cataclysm/loot_table/entities/hippocamtus.json; evidence-cat/decompiled-full/com/github/L_Ender/cataclysm/entity/InternalAnimationMonster/AcropolisMonsters/Hippocamtus_Entity.java; evidence-cat/decompiled-full/com/github/L_Ender/cataclysm/init/ModItems.java; evidence-cat/decompiled-full/com/github/L_Ender/cataclysm/world/CMWorldRegistry.java,/bestiary/receitas/cat.html#receita-astrape | [Receita astrape](lote-5-mods-2026-10-06/cat-cards-2026-10-06.md#receita-astrape) — evidence-cat/L_Ender's Cataclysm 1.21.1-3.33.jar::data/cataclysm/recipe/astrape.json; [Receita azure_seastone](lote-5-mods-2026-10-06/cat-cards-2026-10-06.md#receita-azure-seastone) — evidence-cat/L_Ender's Cataclysm 1.21.1-3.33.jar::data/cataclysm/recipe/azure_seastone.json; [Receita azure_sea_shield](lote-5-mods-2026-10-06/cat-cards-2026-10-06.md#receita-azure-sea-shield) — evidence-cat/L_Ender's Cataclysm 1.21.1-3.33.jar::data/cataclysm/recipe/azure_sea_shield.json; [Receita ceraunus](lote-5-mods-2026-10-06/cat-cards-2026-10-06.md#receita-ceraunus) — evidence-cat/L_Ender's Cataclysm 1.21.1-3.33.jar::data/cataclysm/recipe/ceraunus.json
Cindaria,Cataclysm,Criatura hostil; classe e alvos do mod,Estruturas com entidade/spawner data/cataclysm/structure/cindaria.nbt; ,Loot de morte,cataclysm:lacrima,1–4,"pool 1: 1 sorteio(s), peso bruto 1/1; peso condicionado aos candidatos elegíveis; reposição em múltiplos sorteios; set_count ; Saque minecraft:looting: bônus Math.round(nível × sorteio 1–2); limite sem limite explícito","Ingrediente nas receitas versionadas para: cataclysm:astrape, cataclysm:azure_sea_shield, cataclysm:azure_seastone, cataclysm:ceraunus",Alta no recurso/código da build auditada; configuração efetiva do pack não confirmada,/images/bestiary/audited/cat/cindaria.png,com/github/L_Ender/cataclysm/client/model/entity/Cindaria_Model.class; com/github/L_Ender/cataclysm/client/render/entity/Cindaria_Renderer.class; assets/cataclysm/textures/entity/sea/cindaria_armor.png; assets/cataclysm/textures/entity/sea/cindaria_body.png; com/github/L_Ender/cataclysm/client/animation/Cindaria_Animation.class; com/github/L_Ender/cataclysm/client/event/ClientSetup.class; com/github/L_Ender/cataclysm/client/model/CMModelLayers.class; com/github/L_Ender/cataclysm/client/render/layer/Cindaria_Layer.class; com/github/L_Ender/cataclysm/init/ModEntities.class; output-cat/proveniencia.json,evidence-cat/L_Ender's Cataclysm 1.21.1-3.33.jar::data/cataclysm/loot_table/entities/cindaria.json; evidence-cat/decompiled-full/com/github/L_Ender/cataclysm/entity/InternalAnimationMonster/AcropolisMonsters/Cindaria_Entity.java; evidence-cat/decompiled-full/com/github/L_Ender/cataclysm/init/ModItems.java; evidence-cat/decompiled-full/com/github/L_Ender/cataclysm/world/CMWorldRegistry.java,/bestiary/receitas/cat.html#receita-astrape | [Receita astrape](lote-5-mods-2026-10-06/cat-cards-2026-10-06.md#receita-astrape) — evidence-cat/L_Ender's Cataclysm 1.21.1-3.33.jar::data/cataclysm/recipe/astrape.json; [Receita azure_seastone](lote-5-mods-2026-10-06/cat-cards-2026-10-06.md#receita-azure-seastone) — evidence-cat/L_Ender's Cataclysm 1.21.1-3.33.jar::data/cataclysm/recipe/azure_seastone.json; [Receita azure_sea_shield](lote-5-mods-2026-10-06/cat-cards-2026-10-06.md#receita-azure-sea-shield) — evidence-cat/L_Ender's Cataclysm 1.21.1-3.33.jar::data/cataclysm/recipe/azure_sea_shield.json; [Receita ceraunus](lote-5-mods-2026-10-06/cat-cards-2026-10-06.md#receita-ceraunus) — evidence-cat/L_Ender's Cataclysm 1.21.1-3.33.jar::data/cataclysm/recipe/ceraunus.json
Clawdian,Cataclysm,Criatura hostil; classe e alvos do mod,Estruturas com entidade/spawner data/cataclysm/structure/clawdian.nbt; ,Loot de morte,cataclysm:chitin_claw,1,"pool 1: 1 sorteio(s), peso bruto 1/1; peso condicionado aos candidatos elegíveis; reposição em múltiplos sorteios",Curio no slot hands: +0.25 entity interaction range e +1 block interaction range (ModItems.withAttributes).,Alta no recurso/código da build auditada; configuração efetiva do pack não confirmada,/images/bestiary/audited/cat/clawdian.png,com/github/L_Ender/cataclysm/client/model/entity/Clawdian_Model.class; com/github/L_Ender/cataclysm/client/render/entity/Clawdian_Renderer.class; assets/cataclysm/textures/entity/sea/shrimp.png; assets/cataclysm/textures/entity/sea/shrimp_glow.png; com/github/L_Ender/cataclysm/client/animation/Clawdian_Animation.class; com/github/L_Ender/cataclysm/client/event/ClientSetup.class; com/github/L_Ender/cataclysm/client/model/CMModelLayers.class; com/github/L_Ender/cataclysm/client/render/layer/Clawdian_Hold_Block_Layer.class; com/github/L_Ender/cataclysm/client/render/layer/Clawdian_Hold_Entity_Layer.class; com/github/L_Ender/cataclysm/client/render/layer/LayerGenericGlowing.class; com/github/L_Ender/cataclysm/init/ModEntities.class; output-cat/proveniencia.json,evidence-cat/L_Ender's Cataclysm 1.21.1-3.33.jar::data/cataclysm/loot_table/entities/clawdian.json; evidence-cat/decompiled-full/com/github/L_Ender/cataclysm/entity/InternalAnimationMonster/AcropolisMonsters/Clawdian_Entity.java; evidence-cat/decompiled-full/com/github/L_Ender/cataclysm/init/ModItems.java; evidence-cat/decompiled-full/com/github/L_Ender/cataclysm/world/CMWorldRegistry.java,"Não aplicável: uso direto, interação ou sem receita identificada; fontes na linha"
Clawdian,Cataclysm,Criatura hostil; classe e alvos do mod,Estruturas com entidade/spawner data/cataclysm/structure/clawdian.nbt; ,Loot de morte,cataclysm:lacrima,5–8,"pool 2: 1 sorteio(s), peso bruto 1/1; peso condicionado aos candidatos elegíveis; reposição em múltiplos sorteios; set_count ","Ingrediente nas receitas versionadas para: cataclysm:astrape, cataclysm:azure_sea_shield, cataclysm:azure_seastone, cataclysm:ceraunus",Alta no recurso/código da build auditada; configuração efetiva do pack não confirmada,/images/bestiary/audited/cat/clawdian.png,com/github/L_Ender/cataclysm/client/model/entity/Clawdian_Model.class; com/github/L_Ender/cataclysm/client/render/entity/Clawdian_Renderer.class; assets/cataclysm/textures/entity/sea/shrimp.png; assets/cataclysm/textures/entity/sea/shrimp_glow.png; com/github/L_Ender/cataclysm/client/animation/Clawdian_Animation.class; com/github/L_Ender/cataclysm/client/event/ClientSetup.class; com/github/L_Ender/cataclysm/client/model/CMModelLayers.class; com/github/L_Ender/cataclysm/client/render/layer/Clawdian_Hold_Block_Layer.class; com/github/L_Ender/cataclysm/client/render/layer/Clawdian_Hold_Entity_Layer.class; com/github/L_Ender/cataclysm/client/render/layer/LayerGenericGlowing.class; com/github/L_Ender/cataclysm/init/ModEntities.class; output-cat/proveniencia.json,evidence-cat/L_Ender's Cataclysm 1.21.1-3.33.jar::data/cataclysm/loot_table/entities/clawdian.json; evidence-cat/decompiled-full/com/github/L_Ender/cataclysm/entity/InternalAnimationMonster/AcropolisMonsters/Clawdian_Entity.java; evidence-cat/decompiled-full/com/github/L_Ender/cataclysm/init/ModItems.java; evidence-cat/decompiled-full/com/github/L_Ender/cataclysm/world/CMWorldRegistry.java,/bestiary/receitas/cat.html#receita-astrape | [Receita astrape](lote-5-mods-2026-10-06/cat-cards-2026-10-06.md#receita-astrape) — evidence-cat/L_Ender's Cataclysm 1.21.1-3.33.jar::data/cataclysm/recipe/astrape.json; [Receita azure_seastone](lote-5-mods-2026-10-06/cat-cards-2026-10-06.md#receita-azure-seastone) — evidence-cat/L_Ender's Cataclysm 1.21.1-3.33.jar::data/cataclysm/recipe/azure_seastone.json; [Receita azure_sea_shield](lote-5-mods-2026-10-06/cat-cards-2026-10-06.md#receita-azure-sea-shield) — evidence-cat/L_Ender's Cataclysm 1.21.1-3.33.jar::data/cataclysm/recipe/azure_sea_shield.json; [Receita ceraunus](lote-5-mods-2026-10-06/cat-cards-2026-10-06.md#receita-ceraunus) — evidence-cat/L_Ender's Cataclysm 1.21.1-3.33.jar::data/cataclysm/recipe/ceraunus.json
Scylla,Cataclysm,Chefe hostil de estrutura/altar; combate com mecânicas próprias,Estruturas com entidade/spawner data/cataclysm/structure/scylla.nbt; ,Loot de morte,cataclysm:lacrima,8–16,"pool 1: 1 sorteio(s), peso bruto 1/1; peso condicionado aos candidatos elegíveis; reposição em múltiplos sorteios; set_count ","Ingrediente nas receitas versionadas para: cataclysm:astrape, cataclysm:azure_sea_shield, cataclysm:azure_seastone, cataclysm:ceraunus",Alta no recurso/código da build auditada; configuração efetiva do pack não confirmada,/images/bestiary/audited/cat/scylla.png,com/github/L_Ender/cataclysm/client/model/entity/Scylla_Model.class; com/github/L_Ender/cataclysm/client/render/entity/Scylla_Renderer.class; assets/cataclysm/textures/entity/scylla/scylla_no_snake.png; assets/cataclysm/textures/entity/scylla/scylla_eye.png; assets/cataclysm/textures/entity/scylla/scylla_snake.png; com/github/L_Ender/cataclysm/client/animation/Scylla_Normal_Animation.class; com/github/L_Ender/cataclysm/client/event/ClientSetup.class; com/github/L_Ender/cataclysm/client/model/CMModelLayers.class; com/github/L_Ender/cataclysm/client/render/layer/LayerGenericGlowing.class; com/github/L_Ender/cataclysm/client/render/layer/Scylla_Eye_Spark_Layer.class; com/github/L_Ender/cataclysm/client/render/layer/Scylla_Snake_Layer.class; com/github/L_Ender/cataclysm/init/ModEntities.class; output-cat/proveniencia.json,evidence-cat/L_Ender's Cataclysm 1.21.1-3.33.jar::data/cataclysm/loot_table/entities/scylla.json; evidence-cat/decompiled-full/com/github/L_Ender/cataclysm/entity/InternalAnimationMonster/IABossMonsters/Scylla/Scylla_Entity.java; evidence-cat/decompiled-full/com/github/L_Ender/cataclysm/init/ModItems.java; evidence-cat/decompiled-full/com/github/L_Ender/cataclysm/world/CMWorldRegistry.java,/bestiary/receitas/cat.html#receita-astrape | [Receita astrape](lote-5-mods-2026-10-06/cat-cards-2026-10-06.md#receita-astrape) — evidence-cat/L_Ender's Cataclysm 1.21.1-3.33.jar::data/cataclysm/recipe/astrape.json; [Receita azure_seastone](lote-5-mods-2026-10-06/cat-cards-2026-10-06.md#receita-azure-seastone) — evidence-cat/L_Ender's Cataclysm 1.21.1-3.33.jar::data/cataclysm/recipe/azure_seastone.json; [Receita azure_sea_shield](lote-5-mods-2026-10-06/cat-cards-2026-10-06.md#receita-azure-sea-shield) — evidence-cat/L_Ender's Cataclysm 1.21.1-3.33.jar::data/cataclysm/recipe/azure_sea_shield.json; [Receita ceraunus](lote-5-mods-2026-10-06/cat-cards-2026-10-06.md#receita-ceraunus) — evidence-cat/L_Ender's Cataclysm 1.21.1-3.33.jar::data/cataclysm/recipe/ceraunus.json
Scylla,Cataclysm,Chefe hostil de estrutura/altar; combate com mecânicas próprias,Estruturas com entidade/spawner data/cataclysm/structure/scylla.nbt; ,Loot de morte,cataclysm:essence_of_the_storm,3–4,"pool 2: 1 sorteio(s), peso bruto 1/1; peso condicionado aos candidatos elegíveis; reposição em múltiplos sorteios; set_count ","Ingrediente nas receitas versionadas para: cataclysm:astrape, cataclysm:ceraunus",Alta no recurso/código da build auditada; configuração efetiva do pack não confirmada,/images/bestiary/audited/cat/scylla.png,com/github/L_Ender/cataclysm/client/model/entity/Scylla_Model.class; com/github/L_Ender/cataclysm/client/render/entity/Scylla_Renderer.class; assets/cataclysm/textures/entity/scylla/scylla_no_snake.png; assets/cataclysm/textures/entity/scylla/scylla_eye.png; assets/cataclysm/textures/entity/scylla/scylla_snake.png; com/github/L_Ender/cataclysm/client/animation/Scylla_Normal_Animation.class; com/github/L_Ender/cataclysm/client/event/ClientSetup.class; com/github/L_Ender/cataclysm/client/model/CMModelLayers.class; com/github/L_Ender/cataclysm/client/render/layer/LayerGenericGlowing.class; com/github/L_Ender/cataclysm/client/render/layer/Scylla_Eye_Spark_Layer.class; com/github/L_Ender/cataclysm/client/render/layer/Scylla_Snake_Layer.class; com/github/L_Ender/cataclysm/init/ModEntities.class; output-cat/proveniencia.json,evidence-cat/L_Ender's Cataclysm 1.21.1-3.33.jar::data/cataclysm/loot_table/entities/scylla.json; evidence-cat/decompiled-full/com/github/L_Ender/cataclysm/entity/InternalAnimationMonster/IABossMonsters/Scylla/Scylla_Entity.java; evidence-cat/decompiled-full/com/github/L_Ender/cataclysm/init/ModItems.java; evidence-cat/decompiled-full/com/github/L_Ender/cataclysm/world/CMWorldRegistry.java,/bestiary/receitas/cat.html#receita-astrape | [Receita astrape](lote-5-mods-2026-10-06/cat-cards-2026-10-06.md#receita-astrape) — evidence-cat/L_Ender's Cataclysm 1.21.1-3.33.jar::data/cataclysm/recipe/astrape.json; [Receita ceraunus](lote-5-mods-2026-10-06/cat-cards-2026-10-06.md#receita-ceraunus) — evidence-cat/L_Ender's Cataclysm 1.21.1-3.33.jar::data/cataclysm/recipe/ceraunus.json
Scylla,Cataclysm,Chefe hostil de estrutura/altar; combate com mecânicas próprias,Estruturas com entidade/spawner data/cataclysm/structure/scylla.nbt; ,Loot de morte,cataclysm:music_disc_scylla,1,"sem Saque 10%; com Saque nível≥1 10% constante (LevelBasedValue constante, não bônus por nível); pool 3: 1 sorteio(s), peso bruto 1/1; peso condicionado aos candidatos elegíveis; reposição em múltiplos sorteios",Reproduzir a faixa em jukebox; item musical da versão auditada,Alta no recurso/código da build auditada; configuração efetiva do pack não confirmada,/images/bestiary/audited/cat/scylla.png,com/github/L_Ender/cataclysm/client/model/entity/Scylla_Model.class; com/github/L_Ender/cataclysm/client/render/entity/Scylla_Renderer.class; assets/cataclysm/textures/entity/scylla/scylla_no_snake.png; assets/cataclysm/textures/entity/scylla/scylla_eye.png; assets/cataclysm/textures/entity/scylla/scylla_snake.png; com/github/L_Ender/cataclysm/client/animation/Scylla_Normal_Animation.class; com/github/L_Ender/cataclysm/client/event/ClientSetup.class; com/github/L_Ender/cataclysm/client/model/CMModelLayers.class; com/github/L_Ender/cataclysm/client/render/layer/LayerGenericGlowing.class; com/github/L_Ender/cataclysm/client/render/layer/Scylla_Eye_Spark_Layer.class; com/github/L_Ender/cataclysm/client/render/layer/Scylla_Snake_Layer.class; com/github/L_Ender/cataclysm/init/ModEntities.class; output-cat/proveniencia.json,evidence-cat/L_Ender's Cataclysm 1.21.1-3.33.jar::data/cataclysm/loot_table/entities/scylla.json; evidence-cat/decompiled-full/com/github/L_Ender/cataclysm/entity/InternalAnimationMonster/IABossMonsters/Scylla/Scylla_Entity.java; evidence-cat/decompiled-full/com/github/L_Ender/cataclysm/init/ModItems.java; evidence-cat/decompiled-full/com/github/L_Ender/cataclysm/world/CMWorldRegistry.java,"Não aplicável: uso direto, interação ou sem receita identificada; fontes na linha"
Scylla,Cataclysm,Chefe hostil de estrutura/altar; combate com mecânicas próprias,Estruturas com entidade/spawner data/cataclysm/structure/scylla.nbt; ,Ativar encontro,Interação direta,1 interação,sem item exigido em mobInteract; quando inativa ativa e cura,Iniciar combate; não é drop ou recompensa de inventário,Alta no recurso/código da build auditada; configuração efetiva do pack não confirmada,/images/bestiary/audited/cat/scylla.png,com/github/L_Ender/cataclysm/client/model/entity/Scylla_Model.class; com/github/L_Ender/cataclysm/client/render/entity/Scylla_Renderer.class; assets/cataclysm/textures/entity/scylla/scylla_no_snake.png; assets/cataclysm/textures/entity/scylla/scylla_eye.png; assets/cataclysm/textures/entity/scylla/scylla_snake.png; com/github/L_Ender/cataclysm/client/animation/Scylla_Normal_Animation.class; com/github/L_Ender/cataclysm/client/event/ClientSetup.class; com/github/L_Ender/cataclysm/client/model/CMModelLayers.class; com/github/L_Ender/cataclysm/client/render/layer/LayerGenericGlowing.class; com/github/L_Ender/cataclysm/client/render/layer/Scylla_Eye_Spark_Layer.class; com/github/L_Ender/cataclysm/client/render/layer/Scylla_Snake_Layer.class; com/github/L_Ender/cataclysm/init/ModEntities.class; output-cat/proveniencia.json,evidence-cat/decompiled-full/com/github/L_Ender/cataclysm/entity/InternalAnimationMonster/IABossMonsters/Scylla/Scylla_Entity.java; evidence-cat/decompiled-full/com/github/L_Ender/cataclysm/entity/InternalAnimationMonster/IABossMonsters/Scylla/Scylla_Entity.java; evidence-cat/decompiled-full/com/github/L_Ender/cataclysm/init/ModItems.java; evidence-cat/decompiled-full/com/github/L_Ender/cataclysm/world/CMWorldRegistry.java,"Não aplicável: uso direto, interação ou sem receita identificada; fontes na linha"
Urchinkin,Cataclysm,Criatura hostil; classe e alvos do mod,Estruturas com entidade/spawner data/cataclysm/structure/urchinkin.nbt; ,Loot de morte,cataclysm:lacrima,1,"morte atribuída ao jogador; sem Saque 5%; Saque I 15%, +5 p.p./nível acima de I; pool 1: 1 sorteio(s), peso bruto 1/1; peso condicionado aos candidatos elegíveis; reposição em múltiplos sorteios","Ingrediente nas receitas versionadas para: cataclysm:astrape, cataclysm:azure_sea_shield, cataclysm:azure_seastone, cataclysm:ceraunus",Alta no recurso/código da build auditada; configuração efetiva do pack não confirmada,/images/bestiary/audited/cat/urchinkin-normal.png,com/github/L_Ender/cataclysm/client/model/entity/Urchinkin_Model.class; com/github/L_Ender/cataclysm/client/render/entity/Urchinkin_Renderer.class; assets/cataclysm/textures/entity/sea/urchinkin.png; assets/cataclysm/textures/entity/sea/urchinkin_layer.png; com/github/L_Ender/cataclysm/client/animation/Urchinkin_Animation.class; com/github/L_Ender/cataclysm/client/event/ClientSetup.class; com/github/L_Ender/cataclysm/client/model/CMModelLayers.class; com/github/L_Ender/cataclysm/client/render/layer/Urchinkin_Layer.class; com/github/L_Ender/cataclysm/init/ModEntities.class; assets/cataclysm/textures/entity/sea/meat_boy.png; assets/cataclysm/textures/entity/sea/meat_boy_layer.png; output-cat/proveniencia.json,evidence-cat/L_Ender's Cataclysm 1.21.1-3.33.jar::data/cataclysm/loot_table/entities/urchinkin.json; evidence-cat/decompiled-full/com/github/L_Ender/cataclysm/entity/InternalAnimationMonster/AcropolisMonsters/Urchinkin_Entity.java; evidence-cat/decompiled-full/com/github/L_Ender/cataclysm/init/ModItems.java; evidence-cat/decompiled-full/com/github/L_Ender/cataclysm/world/CMWorldRegistry.java,/bestiary/receitas/cat.html#receita-astrape | [Receita astrape](lote-5-mods-2026-10-06/cat-cards-2026-10-06.md#receita-astrape) — evidence-cat/L_Ender's Cataclysm 1.21.1-3.33.jar::data/cataclysm/recipe/astrape.json; [Receita azure_seastone](lote-5-mods-2026-10-06/cat-cards-2026-10-06.md#receita-azure-seastone) — evidence-cat/L_Ender's Cataclysm 1.21.1-3.33.jar::data/cataclysm/recipe/azure_seastone.json; [Receita azure_sea_shield](lote-5-mods-2026-10-06/cat-cards-2026-10-06.md#receita-azure-sea-shield) — evidence-cat/L_Ender's Cataclysm 1.21.1-3.33.jar::data/cataclysm/recipe/azure_sea_shield.json; [Receita ceraunus](lote-5-mods-2026-10-06/cat-cards-2026-10-06.md#receita-ceraunus) — evidence-cat/L_Ender's Cataclysm 1.21.1-3.33.jar::data/cataclysm/recipe/ceraunus.json
Drowned Host,Cataclysm,Criatura hostil; classe e alvos do mod,"Estruturas com entidade/spawner data/cataclysm/structure/octohost_sword.nbt, data/cataclysm/structure/octohost_trident.nbt; ",Loot de morte,minecraft:rotten_flesh,0–2,"pool 1: 1 sorteio(s), peso bruto 1/1; peso condicionado aos candidatos elegíveis; reposição em múltiplos sorteios; set_count ; Saque minecraft:looting: bônus Math.round(nível × sorteio 0–1); limite sem limite explícito","Ingrediente nas receitas versionadas para: cataclysm:cursed_eye, cataclysm:desert_eye",Alta no recurso/código da build auditada; configuração efetiva do pack não confirmada,/images/bestiary/audited/cat/drowned-host.png,com/github/L_Ender/cataclysm/client/model/entity/Drowned_Host_Model.class; com/github/L_Ender/cataclysm/client/render/entity/Drowned_Host_Renderer.class; assets/cataclysm/textures/entity/sea/drowned_host.png; assets/cataclysm/textures/entity/sea/drowned_host_outer_layer.png; com/github/L_Ender/cataclysm/client/event/ClientSetup.class; com/github/L_Ender/cataclysm/client/model/CMModelLayers.class; com/github/L_Ender/cataclysm/client/render/layer/Drowned_Host_Outer_Layer.class; com/github/L_Ender/cataclysm/init/ModEntities.class; output-cat/proveniencia.json,evidence-cat/L_Ender's Cataclysm 1.21.1-3.33.jar::data/cataclysm/loot_table/entities/drowned_host.json; evidence-cat/decompiled-full/com/github/L_Ender/cataclysm/entity/InternalAnimationMonster/AcropolisMonsters/Drowned_Host_Entity.java; evidence-cat/decompiled-full/com/github/L_Ender/cataclysm/init/ModItems.java; evidence-cat/decompiled-full/com/github/L_Ender/cataclysm/world/CMWorldRegistry.java,Não aplicável: nenhuma receita que usa este item identificada nos JSONs vanilla1.21.1; uso direto descrito
Drowned Host,Cataclysm,Criatura hostil; classe e alvos do mod,"Estruturas com entidade/spawner data/cataclysm/structure/octohost_sword.nbt, data/cataclysm/structure/octohost_trident.nbt; ",Loot de morte,cataclysm:lacrima,1,"morte atribuída ao jogador; sem Saque 11%; Saque I 13%, +2 p.p./nível acima de I; pool 2: 1 sorteio(s), peso bruto 1/1; peso condicionado aos candidatos elegíveis; reposição em múltiplos sorteios","Ingrediente nas receitas versionadas para: cataclysm:astrape, cataclysm:azure_sea_shield, cataclysm:azure_seastone, cataclysm:ceraunus",Alta no recurso/código da build auditada; configuração efetiva do pack não confirmada,/images/bestiary/audited/cat/drowned-host.png,com/github/L_Ender/cataclysm/client/model/entity/Drowned_Host_Model.class; com/github/L_Ender/cataclysm/client/render/entity/Drowned_Host_Renderer.class; assets/cataclysm/textures/entity/sea/drowned_host.png; assets/cataclysm/textures/entity/sea/drowned_host_outer_layer.png; com/github/L_Ender/cataclysm/client/event/ClientSetup.class; com/github/L_Ender/cataclysm/client/model/CMModelLayers.class; com/github/L_Ender/cataclysm/client/render/layer/Drowned_Host_Outer_Layer.class; com/github/L_Ender/cataclysm/init/ModEntities.class; output-cat/proveniencia.json,evidence-cat/L_Ender's Cataclysm 1.21.1-3.33.jar::data/cataclysm/loot_table/entities/drowned_host.json; evidence-cat/decompiled-full/com/github/L_Ender/cataclysm/entity/InternalAnimationMonster/AcropolisMonsters/Drowned_Host_Entity.java; evidence-cat/decompiled-full/com/github/L_Ender/cataclysm/init/ModItems.java; evidence-cat/decompiled-full/com/github/L_Ender/cataclysm/world/CMWorldRegistry.java,/bestiary/receitas/cat.html#receita-astrape | [Receita astrape](lote-5-mods-2026-10-06/cat-cards-2026-10-06.md#receita-astrape) — evidence-cat/L_Ender's Cataclysm 1.21.1-3.33.jar::data/cataclysm/recipe/astrape.json; [Receita azure_seastone](lote-5-mods-2026-10-06/cat-cards-2026-10-06.md#receita-azure-seastone) — evidence-cat/L_Ender's Cataclysm 1.21.1-3.33.jar::data/cataclysm/recipe/azure_seastone.json; [Receita azure_sea_shield](lote-5-mods-2026-10-06/cat-cards-2026-10-06.md#receita-azure-sea-shield) — evidence-cat/L_Ender's Cataclysm 1.21.1-3.33.jar::data/cataclysm/recipe/azure_sea_shield.json; [Receita ceraunus](lote-5-mods-2026-10-06/cat-cards-2026-10-06.md#receita-ceraunus) — evidence-cat/L_Ender's Cataclysm 1.21.1-3.33.jar::data/cataclysm/recipe/ceraunus.json
Drowned Host,Cataclysm,Criatura hostil; classe e alvos do mod,"Estruturas com entidade/spawner data/cataclysm/structure/octohost_sword.nbt, data/cataclysm/structure/octohost_trident.nbt; ",Equipamento na morte,minecraft:trident,0–1,"10% equipar (nextFloat>0.9) ×10/16 selecionar tridente; drop separado da chance de gerar; Atribuição ao jogador/recentemente atingido; equipamento ainda no slot, não vazio nem PreventEquipmentDrop/Vanishing. Chance padrão por slot8.5%, +1p.p./nível de Saque pelo enchantment/equipment_drops vanilla1.21.1; danifica equipamento antes de entregar. Chance0 é descartada antes do bônus. Condições/snapshot NBT podem alterar estado.",Arma/escudo/ferramenta para o tipo indicado; classes de item no registro ModItems ou Items vanilla,Alta no recurso/código da build auditada; configuração efetiva do pack não confirmada,/images/bestiary/audited/cat/drowned-host.png,com/github/L_Ender/cataclysm/client/model/entity/Drowned_Host_Model.class; com/github/L_Ender/cataclysm/client/render/entity/Drowned_Host_Renderer.class; assets/cataclysm/textures/entity/sea/drowned_host.png; assets/cataclysm/textures/entity/sea/drowned_host_outer_layer.png; com/github/L_Ender/cataclysm/client/event/ClientSetup.class; com/github/L_Ender/cataclysm/client/model/CMModelLayers.class; com/github/L_Ender/cataclysm/client/render/layer/Drowned_Host_Outer_Layer.class; com/github/L_Ender/cataclysm/init/ModEntities.class; output-cat/proveniencia.json,evidence-cat/decompiled-full/com/github/L_Ender/cataclysm/entity/InternalAnimationMonster/AcropolisMonsters/Drowned_Host_Entity.java; evidence-cat/decompiled-full/com/github/L_Ender/cataclysm/init/ModItems.java; evidence-vanilla-lote8/btp.java (Mob.dropCustomDeathLoot); evidence/minecraft-1.21.1-client.jar::data/minecraft/enchantment/looting.json; evidence-cat/decompiled-full/com/github/L_Ender/cataclysm/entity/InternalAnimationMonster/AcropolisMonsters/Drowned_Host_Entity.java,Não aplicável: nenhuma receita que usa este item identificada nos JSONs vanilla1.21.1; uso direto descrito
Drowned Host,Cataclysm,Criatura hostil; classe e alvos do mod,"Estruturas com entidade/spawner data/cataclysm/structure/octohost_sword.nbt, data/cataclysm/structure/octohost_trident.nbt; ",Equipamento na morte,minecraft:fishing_rod,0–1,"10% equipar ×6/16 selecionar vara; Atribuição ao jogador/recentemente atingido; equipamento ainda no slot, não vazio nem PreventEquipmentDrop/Vanishing. Chance padrão por slot8.5%, +1p.p./nível de Saque pelo enchantment/equipment_drops vanilla1.21.1; danifica equipamento antes de entregar. Chance0 é descartada antes do bônus. Condições/snapshot NBT podem alterar estado.",Arma/escudo/ferramenta para o tipo indicado; classes de item no registro ModItems ou Items vanilla,Alta no recurso/código da build auditada; configuração efetiva do pack não confirmada,/images/bestiary/audited/cat/drowned-host.png,com/github/L_Ender/cataclysm/client/model/entity/Drowned_Host_Model.class; com/github/L_Ender/cataclysm/client/render/entity/Drowned_Host_Renderer.class; assets/cataclysm/textures/entity/sea/drowned_host.png; assets/cataclysm/textures/entity/sea/drowned_host_outer_layer.png; com/github/L_Ender/cataclysm/client/event/ClientSetup.class; com/github/L_Ender/cataclysm/client/model/CMModelLayers.class; com/github/L_Ender/cataclysm/client/render/layer/Drowned_Host_Outer_Layer.class; com/github/L_Ender/cataclysm/init/ModEntities.class; output-cat/proveniencia.json,evidence-cat/decompiled-full/com/github/L_Ender/cataclysm/entity/InternalAnimationMonster/AcropolisMonsters/Drowned_Host_Entity.java; evidence-cat/decompiled-full/com/github/L_Ender/cataclysm/init/ModItems.java; evidence-vanilla-lote8/btp.java (Mob.dropCustomDeathLoot); evidence/minecraft-1.21.1-client.jar::data/minecraft/enchantment/looting.json; evidence-cat/decompiled-full/com/github/L_Ender/cataclysm/entity/InternalAnimationMonster/AcropolisMonsters/Drowned_Host_Entity.java,/bestiary/receitas/cat.html#receita-carrot-on-a-stick | [Receita carrot_on_a_stick](lote-5-mods-2026-10-06/cat-cards-2026-10-06.md#receita-carrot-on-a-stick) — evidence/minecraft-1.21.1-client.jar::data/minecraft/recipe/carrot_on_a_stick.json; [Receita warped_fungus_on_a_stick](lote-5-mods-2026-10-06/cat-cards-2026-10-06.md#receita-warped-fungus-on-a-stick) — evidence/minecraft-1.21.1-client.jar::data/minecraft/recipe/warped_fungus_on_a_stick.json
Drowned Host,Cataclysm,Criatura hostil; classe e alvos do mod,"Estruturas com entidade/spawner data/cataclysm/structure/octohost_sword.nbt, data/cataclysm/structure/octohost_trident.nbt; ",Herança Zombie: cabeça,minecraft:zombie_head,1,Morte por Creeper carregado elegível (canDropMobsSkull); incrementa contador. Classe extends Zombie sem override da rotina de cabeça.,Cabeça decorativa/vestível; som de Zombie em Note Block,Alta no recurso/código da build auditada; configuração efetiva do pack não confirmada,/images/bestiary/audited/cat/drowned-host.png,com/github/L_Ender/cataclysm/client/model/entity/Drowned_Host_Model.class; com/github/L_Ender/cataclysm/client/render/entity/Drowned_Host_Renderer.class; assets/cataclysm/textures/entity/sea/drowned_host.png; assets/cataclysm/textures/entity/sea/drowned_host_outer_layer.png; com/github/L_Ender/cataclysm/client/event/ClientSetup.class; com/github/L_Ender/cataclysm/client/model/CMModelLayers.class; com/github/L_Ender/cataclysm/client/render/layer/Drowned_Host_Outer_Layer.class; com/github/L_Ender/cataclysm/init/ModEntities.class; output-cat/proveniencia.json,evidence-cat/decompiled-full/com/github/L_Ender/cataclysm/entity/InternalAnimationMonster/AcropolisMonsters/Drowned_Host_Entity.java; evidence-vanilla-lote5/ckw.java; evidence/minecraft-1.21.1-client-mappings.txt; evidence-cat/decompiled-full/com/github/L_Ender/cataclysm/entity/InternalAnimationMonster/AcropolisMonsters/Drowned_Host_Entity.java,Não aplicável: nenhuma receita que usa este item identificada nos JSONs vanilla1.21.1; uso direto descrito
Symbiocto,Cataclysm,Criatura hostil; classe e alvos do mod,"Estruturas com entidade/spawner data/cataclysm/structure/octohost_sword.nbt, data/cataclysm/structure/octohost_trident.nbt; ",Loot de morte,minecraft:ink_sac,1–3,"pool 1: 1 sorteio(s), peso bruto 1/1; peso condicionado aos candidatos elegíveis; reposição em múltiplos sorteios; set_count ; Saque minecraft:looting: bônus Math.round(nível × sorteio 0–1); limite sem limite explícito",Corante preto e tinta de placas,Alta no recurso/código da build auditada; configuração efetiva do pack não confirmada,/images/bestiary/audited/cat/symbiocto-open.png,com/github/L_Ender/cataclysm/client/model/entity/Symbiocto_Model.class; com/github/L_Ender/cataclysm/client/render/entity/Symbiocto_Renderer.class; assets/cataclysm/textures/entity/sea/symbiocto_open.png; com/github/L_Ender/cataclysm/client/animation/Symbiocto_Animation.class; com/github/L_Ender/cataclysm/client/event/ClientSetup.class; com/github/L_Ender/cataclysm/client/model/CMModelLayers.class; com/github/L_Ender/cataclysm/init/ModEntities.class; assets/cataclysm/textures/entity/sea/symbiocto_close.png; output-cat/proveniencia.json,evidence-cat/L_Ender's Cataclysm 1.21.1-3.33.jar::data/cataclysm/loot_table/entities/symbiocto.json; evidence-cat/decompiled-full/com/github/L_Ender/cataclysm/entity/InternalAnimationMonster/AcropolisMonsters/Symbiocto_Entity.java; evidence-cat/decompiled-full/com/github/L_Ender/cataclysm/init/ModItems.java; evidence-cat/decompiled-full/com/github/L_Ender/cataclysm/world/CMWorldRegistry.java,/bestiary/receitas/cat.html#receita-black-dye | [Receita black_dye](lote-5-mods-2026-10-06/cat-cards-2026-10-06.md#receita-black-dye) — evidence/minecraft-1.21.1-client.jar::data/minecraft/recipe/black_dye.json; [Receita writable_book](lote-5-mods-2026-10-06/cat-cards-2026-10-06.md#receita-writable-book) — evidence/minecraft-1.21.1-client.jar::data/minecraft/recipe/writable_book.json
Symbiocto,Cataclysm,Criatura hostil; classe e alvos do mod,"Estruturas com entidade/spawner data/cataclysm/structure/octohost_sword.nbt, data/cataclysm/structure/octohost_trident.nbt; ",Loot de morte,cataclysm:lacrima,1,"morte atribuída ao jogador; sem Saque 5%; Saque I 15%, +5 p.p./nível acima de I; pool 2: 1 sorteio(s), peso bruto 1/1; peso condicionado aos candidatos elegíveis; reposição em múltiplos sorteios","Ingrediente nas receitas versionadas para: cataclysm:astrape, cataclysm:azure_sea_shield, cataclysm:azure_seastone, cataclysm:ceraunus",Alta no recurso/código da build auditada; configuração efetiva do pack não confirmada,/images/bestiary/audited/cat/symbiocto-open.png,com/github/L_Ender/cataclysm/client/model/entity/Symbiocto_Model.class; com/github/L_Ender/cataclysm/client/render/entity/Symbiocto_Renderer.class; assets/cataclysm/textures/entity/sea/symbiocto_open.png; com/github/L_Ender/cataclysm/client/animation/Symbiocto_Animation.class; com/github/L_Ender/cataclysm/client/event/ClientSetup.class; com/github/L_Ender/cataclysm/client/model/CMModelLayers.class; com/github/L_Ender/cataclysm/init/ModEntities.class; assets/cataclysm/textures/entity/sea/symbiocto_close.png; output-cat/proveniencia.json,evidence-cat/L_Ender's Cataclysm 1.21.1-3.33.jar::data/cataclysm/loot_table/entities/symbiocto.json; evidence-cat/decompiled-full/com/github/L_Ender/cataclysm/entity/InternalAnimationMonster/AcropolisMonsters/Symbiocto_Entity.java; evidence-cat/decompiled-full/com/github/L_Ender/cataclysm/init/ModItems.java; evidence-cat/decompiled-full/com/github/L_Ender/cataclysm/world/CMWorldRegistry.java,/bestiary/receitas/cat.html#receita-astrape | [Receita astrape](lote-5-mods-2026-10-06/cat-cards-2026-10-06.md#receita-astrape) — evidence-cat/L_Ender's Cataclysm 1.21.1-3.33.jar::data/cataclysm/recipe/astrape.json; [Receita azure_seastone](lote-5-mods-2026-10-06/cat-cards-2026-10-06.md#receita-azure-seastone) — evidence-cat/L_Ender's Cataclysm 1.21.1-3.33.jar::data/cataclysm/recipe/azure_seastone.json; [Receita azure_sea_shield](lote-5-mods-2026-10-06/cat-cards-2026-10-06.md#receita-azure-sea-shield) — evidence-cat/L_Ender's Cataclysm 1.21.1-3.33.jar::data/cataclysm/recipe/azure_sea_shield.json; [Receita ceraunus](lote-5-mods-2026-10-06/cat-cards-2026-10-06.md#receita-ceraunus) — evidence-cat/L_Ender's Cataclysm 1.21.1-3.33.jar::data/cataclysm/recipe/ceraunus.json
