Mob,Mod,Categoria/comportamento,Onde encontrar,Mecanismo,Drop/Recompensa,Quantidade,Chance/condição,Para que serve,Confiança,Imagem,Fonte da imagem,Fontes pesquisadas,Crafting
Bamboo Creeper,Creeper Overhaul,Creeper com ataque corpo a corpo (CreeperType.setMelee); armação normal suprimida,"Bioma/tag ""#c:is_jungle""; grupo 2–2, peso 75; evidence-co/CreeperOverhaul-neoforge-1.21.1-4.0.6.jar::data/creeperoverhaul/neoforge/biome_modifier/bamboo.json; Y > nível do mar; regra de monstro/escuro e config de spawn habilitada",Loot de morte,minecraft:bamboo,0–2,"pool 1: 1 sorteio(s), peso 1/1; com reposição se mais de um sorteio; Saque minecraft:looting: bônus Math.round(nível × sorteio 0–1); limite sem limite explícito","Construção, bambu processado e combustível",Alta nos arquivos versionados; configuração/datapacks externos não confirmados,/images/bestiary/audited/co/bamboo.png,assets/creeperoverhaul/geo/bamboo.geo.json; tech/thatgravyboat/creeperoverhaul/client/renderer/normal/CreeperRenderer.class; assets/creeperoverhaul/textures/entity/bamboo/bamboo_creeper.png; tech/thatgravyboat/creeperoverhaul/client/renderer/normal/CreeperModel.class; tech/thatgravyboat/creeperoverhaul/common/entity/CreeperTypes.class; tech/thatgravyboat/creeperoverhaul/common/entity/base/BaseCreeper.class; tech/thatgravyboat/creeperoverhaul/client/renderer/normal/CreeperGlowLayer.class; tech/thatgravyboat/creeperoverhaul/client/renderer/normal/CreeperPowerLayer.class; tech/thatgravyboat/creeperoverhaul/common/registry/ModEntities.class; tech/thatgravyboat/creeperoverhaul/client/CreepersClient.class; assets/creeperoverhaul/animations/bamboo.animation.json; output-co/proveniencia.json,evidence-co/CreeperOverhaul-neoforge-1.21.1-4.0.6.jar::data/creeperoverhaul/loot_table/entities/bamboo_creeper.json,[Usos/receitas vanilla](https://minecraft.wiki/w/bamboo#Crafting)
Bamboo Creeper,Creeper Overhaul,Creeper com ataque corpo a corpo (CreeperType.setMelee); armação normal suprimida,"Bioma/tag ""#c:is_jungle""; grupo 2–2, peso 75; evidence-co/CreeperOverhaul-neoforge-1.21.1-4.0.6.jar::data/creeperoverhaul/neoforge/biome_modifier/bamboo.json; Y > nível do mar; regra de monstro/escuro e config de spawn habilitada",Loot de morte,#minecraft:creeper_drop_music_discs,1,"attacker satisfaz {""type"": ""#minecraft:skeletons""}; pool 2: 1 sorteio(s), peso 1/1; com reposição se mais de um sorteio",Discos para reprodução na jukebox,Alta nos arquivos versionados; configuração/datapacks externos não confirmados,/images/bestiary/audited/co/bamboo.png,assets/creeperoverhaul/geo/bamboo.geo.json; tech/thatgravyboat/creeperoverhaul/client/renderer/normal/CreeperRenderer.class; assets/creeperoverhaul/textures/entity/bamboo/bamboo_creeper.png; tech/thatgravyboat/creeperoverhaul/client/renderer/normal/CreeperModel.class; tech/thatgravyboat/creeperoverhaul/common/entity/CreeperTypes.class; tech/thatgravyboat/creeperoverhaul/common/entity/base/BaseCreeper.class; tech/thatgravyboat/creeperoverhaul/client/renderer/normal/CreeperGlowLayer.class; tech/thatgravyboat/creeperoverhaul/client/renderer/normal/CreeperPowerLayer.class; tech/thatgravyboat/creeperoverhaul/common/registry/ModEntities.class; tech/thatgravyboat/creeperoverhaul/client/CreepersClient.class; assets/creeperoverhaul/animations/bamboo.animation.json; output-co/proveniencia.json,evidence-co/CreeperOverhaul-neoforge-1.21.1-4.0.6.jar::data/creeperoverhaul/loot_table/entities/bamboo_creeper.json,Não há receita pertinente identificada no JAR; uso direto descrito na coluna Para que serve
Bamboo Creeper,Creeper Overhaul,Creeper com ataque corpo a corpo (CreeperType.setMelee); armação normal suprimida,"Bioma/tag ""#c:is_jungle""; grupo 2–2, peso 75; evidence-co/CreeperOverhaul-neoforge-1.21.1-4.0.6.jar::data/creeperoverhaul/neoforge/biome_modifier/bamboo.json; Y > nível do mar; regra de monstro/escuro e config de spawn habilitada",Herança na morte: Creeper,minecraft:creeper_head,1,"Atacante Creeper carregado, diferente da vítima, com contador de cabeças <1. Chamada herdada Creeper.dropCustomDeathLoot; aumenta contador.",Decoração/cabeça vestível; som de Creeper sobre Note Block,Alta nos arquivos versionados; configuração/datapacks externos não confirmados,/images/bestiary/audited/co/bamboo.png,assets/creeperoverhaul/geo/bamboo.geo.json; tech/thatgravyboat/creeperoverhaul/client/renderer/normal/CreeperRenderer.class; assets/creeperoverhaul/textures/entity/bamboo/bamboo_creeper.png; tech/thatgravyboat/creeperoverhaul/client/renderer/normal/CreeperModel.class; tech/thatgravyboat/creeperoverhaul/common/entity/CreeperTypes.class; tech/thatgravyboat/creeperoverhaul/common/entity/base/BaseCreeper.class; tech/thatgravyboat/creeperoverhaul/client/renderer/normal/CreeperGlowLayer.class; tech/thatgravyboat/creeperoverhaul/client/renderer/normal/CreeperPowerLayer.class; tech/thatgravyboat/creeperoverhaul/common/registry/ModEntities.class; tech/thatgravyboat/creeperoverhaul/client/CreepersClient.class; assets/creeperoverhaul/animations/bamboo.animation.json; output-co/proveniencia.json,evidence-co/decompiled/BaseCreeper.java (extends Creeper); evidence-vanilla-lote8/cjp.java; evidence/minecraft-1.21.1-client-mappings.txt,Não aplicável
Jungle Creeper,Creeper Overhaul,"Creeper hostil; explosão ao armar, salvo variantes com ataque corpo a corpo descritas abaixo","Bioma/tag ""#c:is_jungle""; grupo 2–2, peso 75; evidence-co/CreeperOverhaul-neoforge-1.21.1-4.0.6.jar::data/creeperoverhaul/neoforge/biome_modifier/jungle.json; Y > nível do mar; regra de monstro/escuro e config de spawn habilitada",Loot de morte,minecraft:gunpowder,0–2,"pool 1: 1 sorteio(s), peso 1/1; com reposição se mais de um sorteio; Saque minecraft:looting: bônus Math.round(nível × sorteio 0–1); limite sem limite explícito","TNT, fogos de artifício e poções arremessáveis",Alta nos arquivos versionados; configuração/datapacks externos não confirmados,/images/bestiary/audited/co/jungle.png,assets/creeperoverhaul/geo/jungle.geo.json; tech/thatgravyboat/creeperoverhaul/client/renderer/normal/CreeperRenderer.class; assets/creeperoverhaul/textures/entity/jungle/jungle_creeper.png; tech/thatgravyboat/creeperoverhaul/client/renderer/normal/CreeperModel.class; tech/thatgravyboat/creeperoverhaul/common/entity/CreeperTypes.class; tech/thatgravyboat/creeperoverhaul/common/entity/base/BaseCreeper.class; tech/thatgravyboat/creeperoverhaul/client/renderer/normal/CreeperGlowLayer.class; tech/thatgravyboat/creeperoverhaul/client/renderer/normal/CreeperPowerLayer.class; tech/thatgravyboat/creeperoverhaul/common/registry/ModEntities.class; tech/thatgravyboat/creeperoverhaul/client/CreepersClient.class; assets/creeperoverhaul/animations/jungle.animation.json; output-co/proveniencia.json,evidence-co/CreeperOverhaul-neoforge-1.21.1-4.0.6.jar::data/creeperoverhaul/loot_table/entities/jungle_creeper.json,[Usos/receitas vanilla](https://minecraft.wiki/w/gunpowder#Crafting)
Jungle Creeper,Creeper Overhaul,"Creeper hostil; explosão ao armar, salvo variantes com ataque corpo a corpo descritas abaixo","Bioma/tag ""#c:is_jungle""; grupo 2–2, peso 75; evidence-co/CreeperOverhaul-neoforge-1.21.1-4.0.6.jar::data/creeperoverhaul/neoforge/biome_modifier/jungle.json; Y > nível do mar; regra de monstro/escuro e config de spawn habilitada",Loot de morte,#minecraft:creeper_drop_music_discs,1,"attacker satisfaz {""type"": ""#minecraft:skeletons""}; pool 2: 1 sorteio(s), peso 1/1; com reposição se mais de um sorteio",Discos para reprodução na jukebox,Alta nos arquivos versionados; configuração/datapacks externos não confirmados,/images/bestiary/audited/co/jungle.png,assets/creeperoverhaul/geo/jungle.geo.json; tech/thatgravyboat/creeperoverhaul/client/renderer/normal/CreeperRenderer.class; assets/creeperoverhaul/textures/entity/jungle/jungle_creeper.png; tech/thatgravyboat/creeperoverhaul/client/renderer/normal/CreeperModel.class; tech/thatgravyboat/creeperoverhaul/common/entity/CreeperTypes.class; tech/thatgravyboat/creeperoverhaul/common/entity/base/BaseCreeper.class; tech/thatgravyboat/creeperoverhaul/client/renderer/normal/CreeperGlowLayer.class; tech/thatgravyboat/creeperoverhaul/client/renderer/normal/CreeperPowerLayer.class; tech/thatgravyboat/creeperoverhaul/common/registry/ModEntities.class; tech/thatgravyboat/creeperoverhaul/client/CreepersClient.class; assets/creeperoverhaul/animations/jungle.animation.json; output-co/proveniencia.json,evidence-co/CreeperOverhaul-neoforge-1.21.1-4.0.6.jar::data/creeperoverhaul/loot_table/entities/jungle_creeper.json,Não há receita pertinente identificada no JAR; uso direto descrito na coluna Para que serve
Jungle Creeper,Creeper Overhaul,"Creeper hostil; explosão ao armar, salvo variantes com ataque corpo a corpo descritas abaixo","Bioma/tag ""#c:is_jungle""; grupo 2–2, peso 75; evidence-co/CreeperOverhaul-neoforge-1.21.1-4.0.6.jar::data/creeperoverhaul/neoforge/biome_modifier/jungle.json; Y > nível do mar; regra de monstro/escuro e config de spawn habilitada",Herança na morte: Creeper,minecraft:creeper_head,1,"Atacante Creeper carregado, diferente da vítima, com contador de cabeças <1. Chamada herdada Creeper.dropCustomDeathLoot; aumenta contador.",Decoração/cabeça vestível; som de Creeper sobre Note Block,Alta nos arquivos versionados; configuração/datapacks externos não confirmados,/images/bestiary/audited/co/jungle.png,assets/creeperoverhaul/geo/jungle.geo.json; tech/thatgravyboat/creeperoverhaul/client/renderer/normal/CreeperRenderer.class; assets/creeperoverhaul/textures/entity/jungle/jungle_creeper.png; tech/thatgravyboat/creeperoverhaul/client/renderer/normal/CreeperModel.class; tech/thatgravyboat/creeperoverhaul/common/entity/CreeperTypes.class; tech/thatgravyboat/creeperoverhaul/common/entity/base/BaseCreeper.class; tech/thatgravyboat/creeperoverhaul/client/renderer/normal/CreeperGlowLayer.class; tech/thatgravyboat/creeperoverhaul/client/renderer/normal/CreeperPowerLayer.class; tech/thatgravyboat/creeperoverhaul/common/registry/ModEntities.class; tech/thatgravyboat/creeperoverhaul/client/CreepersClient.class; assets/creeperoverhaul/animations/jungle.animation.json; output-co/proveniencia.json,evidence-co/decompiled/BaseCreeper.java (extends Creeper); evidence-vanilla-lote8/cjp.java; evidence/minecraft-1.21.1-client-mappings.txt,Não aplicável
Desert Creeper,Creeper Overhaul,"Creeper hostil; explosão ao armar, salvo variantes com ataque corpo a corpo descritas abaixo","Bioma/tag ""#c:is_desert""; grupo 2–2, peso 75; evidence-co/CreeperOverhaul-neoforge-1.21.1-4.0.6.jar::data/creeperoverhaul/neoforge/biome_modifier/desert.json; Y > nível do mar; regra de monstro/escuro e config de spawn habilitada",Loot de morte,minecraft:gunpowder,0–2,"pool 1: 1 sorteio(s), peso 1/1; com reposição se mais de um sorteio; Saque minecraft:looting: bônus Math.round(nível × sorteio 0–1); limite sem limite explícito","TNT, fogos de artifício e poções arremessáveis",Alta nos arquivos versionados; configuração/datapacks externos não confirmados,/images/bestiary/audited/co/desert.png,assets/creeperoverhaul/geo/desert.geo.json; tech/thatgravyboat/creeperoverhaul/client/renderer/normal/CreeperRenderer.class; assets/creeperoverhaul/textures/entity/desert/desert_creeper.png; tech/thatgravyboat/creeperoverhaul/client/renderer/normal/CreeperModel.class; tech/thatgravyboat/creeperoverhaul/common/entity/CreeperTypes.class; tech/thatgravyboat/creeperoverhaul/common/entity/base/BaseCreeper.class; tech/thatgravyboat/creeperoverhaul/client/renderer/normal/CreeperGlowLayer.class; tech/thatgravyboat/creeperoverhaul/client/renderer/normal/CreeperPowerLayer.class; tech/thatgravyboat/creeperoverhaul/common/registry/ModEntities.class; tech/thatgravyboat/creeperoverhaul/client/CreepersClient.class; assets/creeperoverhaul/animations/desert.animation.json; output-co/proveniencia.json,evidence-co/CreeperOverhaul-neoforge-1.21.1-4.0.6.jar::data/creeperoverhaul/loot_table/entities/desert_creeper.json,[Usos/receitas vanilla](https://minecraft.wiki/w/gunpowder#Crafting)
Desert Creeper,Creeper Overhaul,"Creeper hostil; explosão ao armar, salvo variantes com ataque corpo a corpo descritas abaixo","Bioma/tag ""#c:is_desert""; grupo 2–2, peso 75; evidence-co/CreeperOverhaul-neoforge-1.21.1-4.0.6.jar::data/creeperoverhaul/neoforge/biome_modifier/desert.json; Y > nível do mar; regra de monstro/escuro e config de spawn habilitada",Loot de morte,minecraft:cactus,0–2,"pool 2: 1 sorteio(s), peso 1/1; com reposição se mais de um sorteio; Saque minecraft:looting: bônus Math.round(nível × sorteio 0–1); limite sem limite explícito",Corante verde por fundição e decoração,Alta nos arquivos versionados; configuração/datapacks externos não confirmados,/images/bestiary/audited/co/desert.png,assets/creeperoverhaul/geo/desert.geo.json; tech/thatgravyboat/creeperoverhaul/client/renderer/normal/CreeperRenderer.class; assets/creeperoverhaul/textures/entity/desert/desert_creeper.png; tech/thatgravyboat/creeperoverhaul/client/renderer/normal/CreeperModel.class; tech/thatgravyboat/creeperoverhaul/common/entity/CreeperTypes.class; tech/thatgravyboat/creeperoverhaul/common/entity/base/BaseCreeper.class; tech/thatgravyboat/creeperoverhaul/client/renderer/normal/CreeperGlowLayer.class; tech/thatgravyboat/creeperoverhaul/client/renderer/normal/CreeperPowerLayer.class; tech/thatgravyboat/creeperoverhaul/common/registry/ModEntities.class; tech/thatgravyboat/creeperoverhaul/client/CreepersClient.class; assets/creeperoverhaul/animations/desert.animation.json; output-co/proveniencia.json,evidence-co/CreeperOverhaul-neoforge-1.21.1-4.0.6.jar::data/creeperoverhaul/loot_table/entities/desert_creeper.json,[Usos/receitas vanilla](https://minecraft.wiki/w/cactus#Crafting)
Desert Creeper,Creeper Overhaul,"Creeper hostil; explosão ao armar, salvo variantes com ataque corpo a corpo descritas abaixo","Bioma/tag ""#c:is_desert""; grupo 2–2, peso 75; evidence-co/CreeperOverhaul-neoforge-1.21.1-4.0.6.jar::data/creeperoverhaul/neoforge/biome_modifier/desert.json; Y > nível do mar; regra de monstro/escuro e config de spawn habilitada",Loot de morte,#minecraft:creeper_drop_music_discs,1,"attacker satisfaz {""type"": ""#minecraft:skeletons""}; pool 3: 1 sorteio(s), peso 1/1; com reposição se mais de um sorteio",Discos para reprodução na jukebox,Alta nos arquivos versionados; configuração/datapacks externos não confirmados,/images/bestiary/audited/co/desert.png,assets/creeperoverhaul/geo/desert.geo.json; tech/thatgravyboat/creeperoverhaul/client/renderer/normal/CreeperRenderer.class; assets/creeperoverhaul/textures/entity/desert/desert_creeper.png; tech/thatgravyboat/creeperoverhaul/client/renderer/normal/CreeperModel.class; tech/thatgravyboat/creeperoverhaul/common/entity/CreeperTypes.class; tech/thatgravyboat/creeperoverhaul/common/entity/base/BaseCreeper.class; tech/thatgravyboat/creeperoverhaul/client/renderer/normal/CreeperGlowLayer.class; tech/thatgravyboat/creeperoverhaul/client/renderer/normal/CreeperPowerLayer.class; tech/thatgravyboat/creeperoverhaul/common/registry/ModEntities.class; tech/thatgravyboat/creeperoverhaul/client/CreepersClient.class; assets/creeperoverhaul/animations/desert.animation.json; output-co/proveniencia.json,evidence-co/CreeperOverhaul-neoforge-1.21.1-4.0.6.jar::data/creeperoverhaul/loot_table/entities/desert_creeper.json,Não há receita pertinente identificada no JAR; uso direto descrito na coluna Para que serve
Desert Creeper,Creeper Overhaul,"Creeper hostil; explosão ao armar, salvo variantes com ataque corpo a corpo descritas abaixo","Bioma/tag ""#c:is_desert""; grupo 2–2, peso 75; evidence-co/CreeperOverhaul-neoforge-1.21.1-4.0.6.jar::data/creeperoverhaul/neoforge/biome_modifier/desert.json; Y > nível do mar; regra de monstro/escuro e config de spawn habilitada",Herança na morte: Creeper,minecraft:creeper_head,1,"Atacante Creeper carregado, diferente da vítima, com contador de cabeças <1. Chamada herdada Creeper.dropCustomDeathLoot; aumenta contador.",Decoração/cabeça vestível; som de Creeper sobre Note Block,Alta nos arquivos versionados; configuração/datapacks externos não confirmados,/images/bestiary/audited/co/desert.png,assets/creeperoverhaul/geo/desert.geo.json; tech/thatgravyboat/creeperoverhaul/client/renderer/normal/CreeperRenderer.class; assets/creeperoverhaul/textures/entity/desert/desert_creeper.png; tech/thatgravyboat/creeperoverhaul/client/renderer/normal/CreeperModel.class; tech/thatgravyboat/creeperoverhaul/common/entity/CreeperTypes.class; tech/thatgravyboat/creeperoverhaul/common/entity/base/BaseCreeper.class; tech/thatgravyboat/creeperoverhaul/client/renderer/normal/CreeperGlowLayer.class; tech/thatgravyboat/creeperoverhaul/client/renderer/normal/CreeperPowerLayer.class; tech/thatgravyboat/creeperoverhaul/common/registry/ModEntities.class; tech/thatgravyboat/creeperoverhaul/client/CreepersClient.class; assets/creeperoverhaul/animations/desert.animation.json; output-co/proveniencia.json,evidence-co/decompiled/BaseCreeper.java (extends Creeper); evidence-vanilla-lote8/cjp.java; evidence/minecraft-1.21.1-client-mappings.txt,Não aplicável
Desert Creeper,Creeper Overhaul,"Creeper hostil; explosão ao armar, salvo variantes com ataque corpo a corpo descritas abaixo","Bioma/tag ""#c:is_desert""; grupo 2–2, peso 75; evidence-co/CreeperOverhaul-neoforge-1.21.1-4.0.6.jar::data/creeperoverhaul/neoforge/biome_modifier/desert.json; Y > nível do mar; regra de monstro/escuro e config de spawn habilitada",Tosquia,creeperoverhaul:tiny_cactus,1,Tesoura e ainda não tosado; shearDrop é ItemStack unitário; não foi localizado mecanismo de regeneração do enfeite no BaseCreeper.,Decoração: Tiny Cactus em vaso/bloco correspondente,Alta nos arquivos versionados; configuração/datapacks externos não confirmados,/images/bestiary/audited/co/desert.png,assets/creeperoverhaul/geo/desert.geo.json; tech/thatgravyboat/creeperoverhaul/client/renderer/normal/CreeperRenderer.class; assets/creeperoverhaul/textures/entity/desert/desert_creeper.png; tech/thatgravyboat/creeperoverhaul/client/renderer/normal/CreeperModel.class; tech/thatgravyboat/creeperoverhaul/common/entity/CreeperTypes.class; tech/thatgravyboat/creeperoverhaul/common/entity/base/BaseCreeper.class; tech/thatgravyboat/creeperoverhaul/client/renderer/normal/CreeperGlowLayer.class; tech/thatgravyboat/creeperoverhaul/client/renderer/normal/CreeperPowerLayer.class; tech/thatgravyboat/creeperoverhaul/common/registry/ModEntities.class; tech/thatgravyboat/creeperoverhaul/client/CreepersClient.class; assets/creeperoverhaul/animations/desert.animation.json; output-co/proveniencia.json,"evidence-co/decompiled/BaseCreeper.java:mobInteract,shear; evidence-co/decompiled/CreeperTypes.java",Não há receita pertinente identificada no JAR; uso direto descrito na coluna Para que serve
Badlands Creeper,Creeper Overhaul,"Creeper hostil; explosão ao armar, salvo variantes com ataque corpo a corpo descritas abaixo","Bioma/tag ""#c:is_badlands""; grupo 2–2, peso 75; evidence-co/CreeperOverhaul-neoforge-1.21.1-4.0.6.jar::data/creeperoverhaul/neoforge/biome_modifier/badlands.json; Y > nível do mar; regra de monstro/escuro e config de spawn habilitada",Loot de morte,minecraft:gunpowder,0–2,"pool 1: 1 sorteio(s), peso 1/1; com reposição se mais de um sorteio; Saque minecraft:looting: bônus Math.round(nível × sorteio 0–1); limite sem limite explícito","TNT, fogos de artifício e poções arremessáveis",Alta nos arquivos versionados; configuração/datapacks externos não confirmados,/images/bestiary/audited/co/badlands.png,assets/creeperoverhaul/geo/badlands.geo.json; tech/thatgravyboat/creeperoverhaul/client/renderer/normal/CreeperRenderer.class; assets/creeperoverhaul/textures/entity/badlands/badlands_creeper.png; tech/thatgravyboat/creeperoverhaul/client/renderer/normal/CreeperModel.class; tech/thatgravyboat/creeperoverhaul/common/entity/CreeperTypes.class; tech/thatgravyboat/creeperoverhaul/common/entity/base/BaseCreeper.class; tech/thatgravyboat/creeperoverhaul/client/renderer/normal/CreeperGlowLayer.class; tech/thatgravyboat/creeperoverhaul/client/renderer/normal/CreeperPowerLayer.class; tech/thatgravyboat/creeperoverhaul/common/registry/ModEntities.class; tech/thatgravyboat/creeperoverhaul/client/CreepersClient.class; assets/creeperoverhaul/animations/badlands.animation.json; output-co/proveniencia.json,evidence-co/CreeperOverhaul-neoforge-1.21.1-4.0.6.jar::data/creeperoverhaul/loot_table/entities/badlands_creeper.json,[Usos/receitas vanilla](https://minecraft.wiki/w/gunpowder#Crafting)
Badlands Creeper,Creeper Overhaul,"Creeper hostil; explosão ao armar, salvo variantes com ataque corpo a corpo descritas abaixo","Bioma/tag ""#c:is_badlands""; grupo 2–2, peso 75; evidence-co/CreeperOverhaul-neoforge-1.21.1-4.0.6.jar::data/creeperoverhaul/neoforge/biome_modifier/badlands.json; Y > nível do mar; regra de monstro/escuro e config de spawn habilitada",Loot de morte,minecraft:gold_nugget,0–6,"pool 2: 1 sorteio(s), peso 1/1; com reposição se mais de um sorteio; Saque minecraft:looting: bônus Math.round(nível × sorteio 0–1); limite sem limite explícito",Converter em lingotes de ouro; receitas com pepitas,Alta nos arquivos versionados; configuração/datapacks externos não confirmados,/images/bestiary/audited/co/badlands.png,assets/creeperoverhaul/geo/badlands.geo.json; tech/thatgravyboat/creeperoverhaul/client/renderer/normal/CreeperRenderer.class; assets/creeperoverhaul/textures/entity/badlands/badlands_creeper.png; tech/thatgravyboat/creeperoverhaul/client/renderer/normal/CreeperModel.class; tech/thatgravyboat/creeperoverhaul/common/entity/CreeperTypes.class; tech/thatgravyboat/creeperoverhaul/common/entity/base/BaseCreeper.class; tech/thatgravyboat/creeperoverhaul/client/renderer/normal/CreeperGlowLayer.class; tech/thatgravyboat/creeperoverhaul/client/renderer/normal/CreeperPowerLayer.class; tech/thatgravyboat/creeperoverhaul/common/registry/ModEntities.class; tech/thatgravyboat/creeperoverhaul/client/CreepersClient.class; assets/creeperoverhaul/animations/badlands.animation.json; output-co/proveniencia.json,evidence-co/CreeperOverhaul-neoforge-1.21.1-4.0.6.jar::data/creeperoverhaul/loot_table/entities/badlands_creeper.json,[Usos/receitas vanilla](https://minecraft.wiki/w/gold_nugget#Crafting)
Badlands Creeper,Creeper Overhaul,"Creeper hostil; explosão ao armar, salvo variantes com ataque corpo a corpo descritas abaixo","Bioma/tag ""#c:is_badlands""; grupo 2–2, peso 75; evidence-co/CreeperOverhaul-neoforge-1.21.1-4.0.6.jar::data/creeperoverhaul/neoforge/biome_modifier/badlands.json; Y > nível do mar; regra de monstro/escuro e config de spawn habilitada",Loot de morte,#minecraft:creeper_drop_music_discs,1,"attacker satisfaz {""type"": ""#minecraft:skeletons""}; pool 3: 1 sorteio(s), peso 1/1; com reposição se mais de um sorteio",Discos para reprodução na jukebox,Alta nos arquivos versionados; configuração/datapacks externos não confirmados,/images/bestiary/audited/co/badlands.png,assets/creeperoverhaul/geo/badlands.geo.json; tech/thatgravyboat/creeperoverhaul/client/renderer/normal/CreeperRenderer.class; assets/creeperoverhaul/textures/entity/badlands/badlands_creeper.png; tech/thatgravyboat/creeperoverhaul/client/renderer/normal/CreeperModel.class; tech/thatgravyboat/creeperoverhaul/common/entity/CreeperTypes.class; tech/thatgravyboat/creeperoverhaul/common/entity/base/BaseCreeper.class; tech/thatgravyboat/creeperoverhaul/client/renderer/normal/CreeperGlowLayer.class; tech/thatgravyboat/creeperoverhaul/client/renderer/normal/CreeperPowerLayer.class; tech/thatgravyboat/creeperoverhaul/common/registry/ModEntities.class; tech/thatgravyboat/creeperoverhaul/client/CreepersClient.class; assets/creeperoverhaul/animations/badlands.animation.json; output-co/proveniencia.json,evidence-co/CreeperOverhaul-neoforge-1.21.1-4.0.6.jar::data/creeperoverhaul/loot_table/entities/badlands_creeper.json,Não há receita pertinente identificada no JAR; uso direto descrito na coluna Para que serve
Badlands Creeper,Creeper Overhaul,"Creeper hostil; explosão ao armar, salvo variantes com ataque corpo a corpo descritas abaixo","Bioma/tag ""#c:is_badlands""; grupo 2–2, peso 75; evidence-co/CreeperOverhaul-neoforge-1.21.1-4.0.6.jar::data/creeperoverhaul/neoforge/biome_modifier/badlands.json; Y > nível do mar; regra de monstro/escuro e config de spawn habilitada",Herança na morte: Creeper,minecraft:creeper_head,1,"Atacante Creeper carregado, diferente da vítima, com contador de cabeças <1. Chamada herdada Creeper.dropCustomDeathLoot; aumenta contador.",Decoração/cabeça vestível; som de Creeper sobre Note Block,Alta nos arquivos versionados; configuração/datapacks externos não confirmados,/images/bestiary/audited/co/badlands.png,assets/creeperoverhaul/geo/badlands.geo.json; tech/thatgravyboat/creeperoverhaul/client/renderer/normal/CreeperRenderer.class; assets/creeperoverhaul/textures/entity/badlands/badlands_creeper.png; tech/thatgravyboat/creeperoverhaul/client/renderer/normal/CreeperModel.class; tech/thatgravyboat/creeperoverhaul/common/entity/CreeperTypes.class; tech/thatgravyboat/creeperoverhaul/common/entity/base/BaseCreeper.class; tech/thatgravyboat/creeperoverhaul/client/renderer/normal/CreeperGlowLayer.class; tech/thatgravyboat/creeperoverhaul/client/renderer/normal/CreeperPowerLayer.class; tech/thatgravyboat/creeperoverhaul/common/registry/ModEntities.class; tech/thatgravyboat/creeperoverhaul/client/CreepersClient.class; assets/creeperoverhaul/animations/badlands.animation.json; output-co/proveniencia.json,evidence-co/decompiled/BaseCreeper.java (extends Creeper); evidence-vanilla-lote8/cjp.java; evidence/minecraft-1.21.1-client-mappings.txt,Não aplicável
Badlands Creeper,Creeper Overhaul,"Creeper hostil; explosão ao armar, salvo variantes com ataque corpo a corpo descritas abaixo","Bioma/tag ""#c:is_badlands""; grupo 2–2, peso 75; evidence-co/CreeperOverhaul-neoforge-1.21.1-4.0.6.jar::data/creeperoverhaul/neoforge/biome_modifier/badlands.json; Y > nível do mar; regra de monstro/escuro e config de spawn habilitada",Tosquia,creeperoverhaul:tiny_cactus,1,Tesoura e ainda não tosado; shearDrop é ItemStack unitário; não foi localizado mecanismo de regeneração do enfeite no BaseCreeper.,Decoração: Tiny Cactus em vaso/bloco correspondente,Alta nos arquivos versionados; configuração/datapacks externos não confirmados,/images/bestiary/audited/co/badlands.png,assets/creeperoverhaul/geo/badlands.geo.json; tech/thatgravyboat/creeperoverhaul/client/renderer/normal/CreeperRenderer.class; assets/creeperoverhaul/textures/entity/badlands/badlands_creeper.png; tech/thatgravyboat/creeperoverhaul/client/renderer/normal/CreeperModel.class; tech/thatgravyboat/creeperoverhaul/common/entity/CreeperTypes.class; tech/thatgravyboat/creeperoverhaul/common/entity/base/BaseCreeper.class; tech/thatgravyboat/creeperoverhaul/client/renderer/normal/CreeperGlowLayer.class; tech/thatgravyboat/creeperoverhaul/client/renderer/normal/CreeperPowerLayer.class; tech/thatgravyboat/creeperoverhaul/common/registry/ModEntities.class; tech/thatgravyboat/creeperoverhaul/client/CreepersClient.class; assets/creeperoverhaul/animations/badlands.animation.json; output-co/proveniencia.json,"evidence-co/decompiled/BaseCreeper.java:mobInteract,shear; evidence-co/decompiled/CreeperTypes.java",Não há receita pertinente identificada no JAR; uso direto descrito na coluna Para que serve
Hills Creeper,Creeper Overhaul,"Creeper hostil; explosão ao armar, salvo variantes com ataque corpo a corpo descritas abaixo","Bioma/tag ""#c:is_hill""; grupo 2–2, peso 75; evidence-co/CreeperOverhaul-neoforge-1.21.1-4.0.6.jar::data/creeperoverhaul/neoforge/biome_modifier/hill.json; Y > nível do mar; regra de monstro/escuro e config de spawn habilitada",Loot de morte,minecraft:gunpowder,0–2,"pool 1: 1 sorteio(s), peso 1/1; com reposição se mais de um sorteio; Saque minecraft:looting: bônus Math.round(nível × sorteio 0–1); limite sem limite explícito","TNT, fogos de artifício e poções arremessáveis",Alta nos arquivos versionados; configuração/datapacks externos não confirmados,/images/bestiary/audited/co/hills.png,assets/creeperoverhaul/geo/hills.geo.json; tech/thatgravyboat/creeperoverhaul/client/renderer/normal/CreeperRenderer.class; assets/creeperoverhaul/textures/entity/hills/hills_creeper.png; tech/thatgravyboat/creeperoverhaul/client/renderer/normal/CreeperModel.class; tech/thatgravyboat/creeperoverhaul/common/entity/CreeperTypes.class; tech/thatgravyboat/creeperoverhaul/common/entity/base/BaseCreeper.class; tech/thatgravyboat/creeperoverhaul/client/renderer/normal/CreeperGlowLayer.class; tech/thatgravyboat/creeperoverhaul/client/renderer/normal/CreeperPowerLayer.class; tech/thatgravyboat/creeperoverhaul/common/registry/ModEntities.class; tech/thatgravyboat/creeperoverhaul/client/CreepersClient.class; assets/creeperoverhaul/animations/hills.animation.json; output-co/proveniencia.json,evidence-co/CreeperOverhaul-neoforge-1.21.1-4.0.6.jar::data/creeperoverhaul/loot_table/entities/hills_creeper.json,[Usos/receitas vanilla](https://minecraft.wiki/w/gunpowder#Crafting)
Hills Creeper,Creeper Overhaul,"Creeper hostil; explosão ao armar, salvo variantes com ataque corpo a corpo descritas abaixo","Bioma/tag ""#c:is_hill""; grupo 2–2, peso 75; evidence-co/CreeperOverhaul-neoforge-1.21.1-4.0.6.jar::data/creeperoverhaul/neoforge/biome_modifier/hill.json; Y > nível do mar; regra de monstro/escuro e config de spawn habilitada",Loot de morte,#minecraft:creeper_drop_music_discs,1,"attacker satisfaz {""type"": ""#minecraft:skeletons""}; pool 2: 1 sorteio(s), peso 1/1; com reposição se mais de um sorteio",Discos para reprodução na jukebox,Alta nos arquivos versionados; configuração/datapacks externos não confirmados,/images/bestiary/audited/co/hills.png,assets/creeperoverhaul/geo/hills.geo.json; tech/thatgravyboat/creeperoverhaul/client/renderer/normal/CreeperRenderer.class; assets/creeperoverhaul/textures/entity/hills/hills_creeper.png; tech/thatgravyboat/creeperoverhaul/client/renderer/normal/CreeperModel.class; tech/thatgravyboat/creeperoverhaul/common/entity/CreeperTypes.class; tech/thatgravyboat/creeperoverhaul/common/entity/base/BaseCreeper.class; tech/thatgravyboat/creeperoverhaul/client/renderer/normal/CreeperGlowLayer.class; tech/thatgravyboat/creeperoverhaul/client/renderer/normal/CreeperPowerLayer.class; tech/thatgravyboat/creeperoverhaul/common/registry/ModEntities.class; tech/thatgravyboat/creeperoverhaul/client/CreepersClient.class; assets/creeperoverhaul/animations/hills.animation.json; output-co/proveniencia.json,evidence-co/CreeperOverhaul-neoforge-1.21.1-4.0.6.jar::data/creeperoverhaul/loot_table/entities/hills_creeper.json,Não há receita pertinente identificada no JAR; uso direto descrito na coluna Para que serve
Hills Creeper,Creeper Overhaul,"Creeper hostil; explosão ao armar, salvo variantes com ataque corpo a corpo descritas abaixo","Bioma/tag ""#c:is_hill""; grupo 2–2, peso 75; evidence-co/CreeperOverhaul-neoforge-1.21.1-4.0.6.jar::data/creeperoverhaul/neoforge/biome_modifier/hill.json; Y > nível do mar; regra de monstro/escuro e config de spawn habilitada",Herança na morte: Creeper,minecraft:creeper_head,1,"Atacante Creeper carregado, diferente da vítima, com contador de cabeças <1. Chamada herdada Creeper.dropCustomDeathLoot; aumenta contador.",Decoração/cabeça vestível; som de Creeper sobre Note Block,Alta nos arquivos versionados; configuração/datapacks externos não confirmados,/images/bestiary/audited/co/hills.png,assets/creeperoverhaul/geo/hills.geo.json; tech/thatgravyboat/creeperoverhaul/client/renderer/normal/CreeperRenderer.class; assets/creeperoverhaul/textures/entity/hills/hills_creeper.png; tech/thatgravyboat/creeperoverhaul/client/renderer/normal/CreeperModel.class; tech/thatgravyboat/creeperoverhaul/common/entity/CreeperTypes.class; tech/thatgravyboat/creeperoverhaul/common/entity/base/BaseCreeper.class; tech/thatgravyboat/creeperoverhaul/client/renderer/normal/CreeperGlowLayer.class; tech/thatgravyboat/creeperoverhaul/client/renderer/normal/CreeperPowerLayer.class; tech/thatgravyboat/creeperoverhaul/common/registry/ModEntities.class; tech/thatgravyboat/creeperoverhaul/client/CreepersClient.class; assets/creeperoverhaul/animations/hills.animation.json; output-co/proveniencia.json,evidence-co/decompiled/BaseCreeper.java (extends Creeper); evidence-vanilla-lote8/cjp.java; evidence/minecraft-1.21.1-client-mappings.txt,Não aplicável
Savannah Creeper,Creeper Overhaul,Creeper com ataque corpo a corpo (CreeperType.setMelee); armação normal suprimida,"Bioma/tag ""#c:is_savanna""; grupo 2–2, peso 75; evidence-co/CreeperOverhaul-neoforge-1.21.1-4.0.6.jar::data/creeperoverhaul/neoforge/biome_modifier/savannah.json; Y > nível do mar; regra de monstro/escuro e config de spawn habilitada",Loot de morte,minecraft:acacia_log,0–2,"pool 1: 1 sorteio(s), peso 1/1; com reposição se mais de um sorteio; Saque minecraft:looting: bônus Math.round(nível × sorteio 0–1); limite sem limite explícito","Tábuas de acácia, construção e combustível",Alta nos arquivos versionados; configuração/datapacks externos não confirmados,/images/bestiary/audited/co/savannah.png,assets/creeperoverhaul/geo/savannah.geo.json; tech/thatgravyboat/creeperoverhaul/client/renderer/normal/CreeperRenderer.class; assets/creeperoverhaul/textures/entity/savannah/savannah_creeper.png; tech/thatgravyboat/creeperoverhaul/client/renderer/normal/CreeperModel.class; tech/thatgravyboat/creeperoverhaul/common/entity/CreeperTypes.class; tech/thatgravyboat/creeperoverhaul/common/entity/base/BaseCreeper.class; tech/thatgravyboat/creeperoverhaul/client/renderer/normal/CreeperGlowLayer.class; tech/thatgravyboat/creeperoverhaul/client/renderer/normal/CreeperPowerLayer.class; tech/thatgravyboat/creeperoverhaul/common/registry/ModEntities.class; tech/thatgravyboat/creeperoverhaul/client/CreepersClient.class; assets/creeperoverhaul/animations/savannah.animation.json; output-co/proveniencia.json,evidence-co/CreeperOverhaul-neoforge-1.21.1-4.0.6.jar::data/creeperoverhaul/loot_table/entities/savannah_creeper.json,[Usos/receitas vanilla](https://minecraft.wiki/w/acacia_log#Crafting)
Savannah Creeper,Creeper Overhaul,Creeper com ataque corpo a corpo (CreeperType.setMelee); armação normal suprimida,"Bioma/tag ""#c:is_savanna""; grupo 2–2, peso 75; evidence-co/CreeperOverhaul-neoforge-1.21.1-4.0.6.jar::data/creeperoverhaul/neoforge/biome_modifier/savannah.json; Y > nível do mar; regra de monstro/escuro e config de spawn habilitada",Loot de morte,#minecraft:creeper_drop_music_discs,1,"attacker satisfaz {""type"": ""#minecraft:skeletons""}; pool 2: 1 sorteio(s), peso 1/1; com reposição se mais de um sorteio",Discos para reprodução na jukebox,Alta nos arquivos versionados; configuração/datapacks externos não confirmados,/images/bestiary/audited/co/savannah.png,assets/creeperoverhaul/geo/savannah.geo.json; tech/thatgravyboat/creeperoverhaul/client/renderer/normal/CreeperRenderer.class; assets/creeperoverhaul/textures/entity/savannah/savannah_creeper.png; tech/thatgravyboat/creeperoverhaul/client/renderer/normal/CreeperModel.class; tech/thatgravyboat/creeperoverhaul/common/entity/CreeperTypes.class; tech/thatgravyboat/creeperoverhaul/common/entity/base/BaseCreeper.class; tech/thatgravyboat/creeperoverhaul/client/renderer/normal/CreeperGlowLayer.class; tech/thatgravyboat/creeperoverhaul/client/renderer/normal/CreeperPowerLayer.class; tech/thatgravyboat/creeperoverhaul/common/registry/ModEntities.class; tech/thatgravyboat/creeperoverhaul/client/CreepersClient.class; assets/creeperoverhaul/animations/savannah.animation.json; output-co/proveniencia.json,evidence-co/CreeperOverhaul-neoforge-1.21.1-4.0.6.jar::data/creeperoverhaul/loot_table/entities/savannah_creeper.json,Não há receita pertinente identificada no JAR; uso direto descrito na coluna Para que serve
Savannah Creeper,Creeper Overhaul,Creeper com ataque corpo a corpo (CreeperType.setMelee); armação normal suprimida,"Bioma/tag ""#c:is_savanna""; grupo 2–2, peso 75; evidence-co/CreeperOverhaul-neoforge-1.21.1-4.0.6.jar::data/creeperoverhaul/neoforge/biome_modifier/savannah.json; Y > nível do mar; regra de monstro/escuro e config de spawn habilitada",Herança na morte: Creeper,minecraft:creeper_head,1,"Atacante Creeper carregado, diferente da vítima, com contador de cabeças <1. Chamada herdada Creeper.dropCustomDeathLoot; aumenta contador.",Decoração/cabeça vestível; som de Creeper sobre Note Block,Alta nos arquivos versionados; configuração/datapacks externos não confirmados,/images/bestiary/audited/co/savannah.png,assets/creeperoverhaul/geo/savannah.geo.json; tech/thatgravyboat/creeperoverhaul/client/renderer/normal/CreeperRenderer.class; assets/creeperoverhaul/textures/entity/savannah/savannah_creeper.png; tech/thatgravyboat/creeperoverhaul/client/renderer/normal/CreeperModel.class; tech/thatgravyboat/creeperoverhaul/common/entity/CreeperTypes.class; tech/thatgravyboat/creeperoverhaul/common/entity/base/BaseCreeper.class; tech/thatgravyboat/creeperoverhaul/client/renderer/normal/CreeperGlowLayer.class; tech/thatgravyboat/creeperoverhaul/client/renderer/normal/CreeperPowerLayer.class; tech/thatgravyboat/creeperoverhaul/common/registry/ModEntities.class; tech/thatgravyboat/creeperoverhaul/client/CreepersClient.class; assets/creeperoverhaul/animations/savannah.animation.json; output-co/proveniencia.json,evidence-co/decompiled/BaseCreeper.java (extends Creeper); evidence-vanilla-lote8/cjp.java; evidence/minecraft-1.21.1-client-mappings.txt,Não aplicável
Mushroom Creeper,Creeper Overhaul,"Creeper hostil; explosão ao armar, salvo variantes com ataque corpo a corpo descritas abaixo","Bioma/tag ""#c:is_mushroom""; grupo 1–2, peso 10; evidence-co/CreeperOverhaul-neoforge-1.21.1-4.0.6.jar::data/creeperoverhaul/neoforge/biome_modifier/mushroom.json; Y > nível do mar; regra de monstro/escuro e config de spawn habilitada",Loot de morte,minecraft:gunpowder,0–2,"pool 1: 1 sorteio(s), peso 1/1; com reposição se mais de um sorteio; Saque minecraft:looting: bônus Math.round(nível × sorteio 0–1); limite sem limite explícito","TNT, fogos de artifício e poções arremessáveis",Alta nos arquivos versionados; configuração/datapacks externos não confirmados,/images/bestiary/audited/co/mushroom.png,assets/creeperoverhaul/geo/mushroom.geo.json; tech/thatgravyboat/creeperoverhaul/client/renderer/normal/CreeperRenderer.class; assets/creeperoverhaul/textures/entity/mushroom/mushroom_creeper.png; tech/thatgravyboat/creeperoverhaul/client/renderer/normal/CreeperModel.class; tech/thatgravyboat/creeperoverhaul/common/entity/CreeperTypes.class; tech/thatgravyboat/creeperoverhaul/common/entity/base/BaseCreeper.class; tech/thatgravyboat/creeperoverhaul/client/renderer/normal/CreeperGlowLayer.class; tech/thatgravyboat/creeperoverhaul/client/renderer/normal/CreeperPowerLayer.class; tech/thatgravyboat/creeperoverhaul/common/registry/ModEntities.class; tech/thatgravyboat/creeperoverhaul/client/CreepersClient.class; assets/creeperoverhaul/animations/mushroom.animation.json; output-co/proveniencia.json,evidence-co/CreeperOverhaul-neoforge-1.21.1-4.0.6.jar::data/creeperoverhaul/loot_table/entities/mushroom_creeper.json,[Usos/receitas vanilla](https://minecraft.wiki/w/gunpowder#Crafting)
Mushroom Creeper,Creeper Overhaul,"Creeper hostil; explosão ao armar, salvo variantes com ataque corpo a corpo descritas abaixo","Bioma/tag ""#c:is_mushroom""; grupo 1–2, peso 10; evidence-co/CreeperOverhaul-neoforge-1.21.1-4.0.6.jar::data/creeperoverhaul/neoforge/biome_modifier/mushroom.json; Y > nível do mar; regra de monstro/escuro e config de spawn habilitada",Loot de morte,#minecraft:creeper_drop_music_discs,1,"attacker satisfaz {""type"": ""#minecraft:skeletons""}; pool 2: 1 sorteio(s), peso 1/1; com reposição se mais de um sorteio",Discos para reprodução na jukebox,Alta nos arquivos versionados; configuração/datapacks externos não confirmados,/images/bestiary/audited/co/mushroom.png,assets/creeperoverhaul/geo/mushroom.geo.json; tech/thatgravyboat/creeperoverhaul/client/renderer/normal/CreeperRenderer.class; assets/creeperoverhaul/textures/entity/mushroom/mushroom_creeper.png; tech/thatgravyboat/creeperoverhaul/client/renderer/normal/CreeperModel.class; tech/thatgravyboat/creeperoverhaul/common/entity/CreeperTypes.class; tech/thatgravyboat/creeperoverhaul/common/entity/base/BaseCreeper.class; tech/thatgravyboat/creeperoverhaul/client/renderer/normal/CreeperGlowLayer.class; tech/thatgravyboat/creeperoverhaul/client/renderer/normal/CreeperPowerLayer.class; tech/thatgravyboat/creeperoverhaul/common/registry/ModEntities.class; tech/thatgravyboat/creeperoverhaul/client/CreepersClient.class; assets/creeperoverhaul/animations/mushroom.animation.json; output-co/proveniencia.json,evidence-co/CreeperOverhaul-neoforge-1.21.1-4.0.6.jar::data/creeperoverhaul/loot_table/entities/mushroom_creeper.json,Não há receita pertinente identificada no JAR; uso direto descrito na coluna Para que serve
Mushroom Creeper,Creeper Overhaul,"Creeper hostil; explosão ao armar, salvo variantes com ataque corpo a corpo descritas abaixo","Bioma/tag ""#c:is_mushroom""; grupo 1–2, peso 10; evidence-co/CreeperOverhaul-neoforge-1.21.1-4.0.6.jar::data/creeperoverhaul/neoforge/biome_modifier/mushroom.json; Y > nível do mar; regra de monstro/escuro e config de spawn habilitada",Herança na morte: Creeper,minecraft:creeper_head,1,"Atacante Creeper carregado, diferente da vítima, com contador de cabeças <1. Chamada herdada Creeper.dropCustomDeathLoot; aumenta contador.",Decoração/cabeça vestível; som de Creeper sobre Note Block,Alta nos arquivos versionados; configuração/datapacks externos não confirmados,/images/bestiary/audited/co/mushroom.png,assets/creeperoverhaul/geo/mushroom.geo.json; tech/thatgravyboat/creeperoverhaul/client/renderer/normal/CreeperRenderer.class; assets/creeperoverhaul/textures/entity/mushroom/mushroom_creeper.png; tech/thatgravyboat/creeperoverhaul/client/renderer/normal/CreeperModel.class; tech/thatgravyboat/creeperoverhaul/common/entity/CreeperTypes.class; tech/thatgravyboat/creeperoverhaul/common/entity/base/BaseCreeper.class; tech/thatgravyboat/creeperoverhaul/client/renderer/normal/CreeperGlowLayer.class; tech/thatgravyboat/creeperoverhaul/client/renderer/normal/CreeperPowerLayer.class; tech/thatgravyboat/creeperoverhaul/common/registry/ModEntities.class; tech/thatgravyboat/creeperoverhaul/client/CreepersClient.class; assets/creeperoverhaul/animations/mushroom.animation.json; output-co/proveniencia.json,evidence-co/decompiled/BaseCreeper.java (extends Creeper); evidence-vanilla-lote8/cjp.java; evidence/minecraft-1.21.1-client-mappings.txt,Não aplicável
Mushroom Creeper,Creeper Overhaul,"Creeper hostil; explosão ao armar, salvo variantes com ataque corpo a corpo descritas abaixo","Bioma/tag ""#c:is_mushroom""; grupo 1–2, peso 10; evidence-co/CreeperOverhaul-neoforge-1.21.1-4.0.6.jar::data/creeperoverhaul/neoforge/biome_modifier/mushroom.json; Y > nível do mar; regra de monstro/escuro e config de spawn habilitada",Mecânica especial,Nuvem de Poison II e conversão do solo,100 ticks de efeito; teste por posição,"Explosão; efeito em nuvem; grass/dirt abaixo de getToBlow pode virar mycelium em 1/3 dos testes, quando posição entrou na lista.","Risco e alteração ambiental, não loot de inventário",Alta nos arquivos versionados; configuração/datapacks externos não confirmados,/images/bestiary/audited/co/mushroom.png,assets/creeperoverhaul/geo/mushroom.geo.json; tech/thatgravyboat/creeperoverhaul/client/renderer/normal/CreeperRenderer.class; assets/creeperoverhaul/textures/entity/mushroom/mushroom_creeper.png; tech/thatgravyboat/creeperoverhaul/client/renderer/normal/CreeperModel.class; tech/thatgravyboat/creeperoverhaul/common/entity/CreeperTypes.class; tech/thatgravyboat/creeperoverhaul/common/entity/base/BaseCreeper.class; tech/thatgravyboat/creeperoverhaul/client/renderer/normal/CreeperGlowLayer.class; tech/thatgravyboat/creeperoverhaul/client/renderer/normal/CreeperPowerLayer.class; tech/thatgravyboat/creeperoverhaul/common/registry/ModEntities.class; tech/thatgravyboat/creeperoverhaul/client/CreepersClient.class; assets/creeperoverhaul/animations/mushroom.animation.json; output-co/proveniencia.json,evidence-co/decompiled/BaseCreeper.java:explode; evidence-co/decompiled/CreeperTypes.java; evidence-co/decompiled/PufferfishCreeper.java,Não aplicável
Swamp Creeper,Creeper Overhaul,"Creeper hostil; explosão ao armar, salvo variantes com ataque corpo a corpo descritas abaixo","Bioma/tag ""#c:is_swamp""; grupo 2–2, peso 75; evidence-co/CreeperOverhaul-neoforge-1.21.1-4.0.6.jar::data/creeperoverhaul/neoforge/biome_modifier/swamp.json; Y > nível do mar; regra de monstro/escuro e config de spawn habilitada",Loot de morte,minecraft:gunpowder,0–2,"pool 1: 1 sorteio(s), peso 1/1; com reposição se mais de um sorteio; Saque minecraft:looting: bônus Math.round(nível × sorteio 0–1); limite sem limite explícito","TNT, fogos de artifício e poções arremessáveis",Alta nos arquivos versionados; configuração/datapacks externos não confirmados,/images/bestiary/audited/co/swamp.png,assets/creeperoverhaul/geo/swamp.geo.json; tech/thatgravyboat/creeperoverhaul/client/renderer/normal/CreeperRenderer.class; assets/creeperoverhaul/textures/entity/swamp/swamp_creeper.png; tech/thatgravyboat/creeperoverhaul/client/renderer/normal/CreeperModel.class; tech/thatgravyboat/creeperoverhaul/common/entity/CreeperTypes.class; tech/thatgravyboat/creeperoverhaul/common/entity/base/BaseCreeper.class; tech/thatgravyboat/creeperoverhaul/client/renderer/normal/CreeperGlowLayer.class; tech/thatgravyboat/creeperoverhaul/client/renderer/normal/CreeperPowerLayer.class; tech/thatgravyboat/creeperoverhaul/common/registry/ModEntities.class; tech/thatgravyboat/creeperoverhaul/client/CreepersClient.class; assets/creeperoverhaul/animations/swamp.animation.json; output-co/proveniencia.json,evidence-co/CreeperOverhaul-neoforge-1.21.1-4.0.6.jar::data/creeperoverhaul/loot_table/entities/swamp_creeper.json,[Usos/receitas vanilla](https://minecraft.wiki/w/gunpowder#Crafting)
Swamp Creeper,Creeper Overhaul,"Creeper hostil; explosão ao armar, salvo variantes com ataque corpo a corpo descritas abaixo","Bioma/tag ""#c:is_swamp""; grupo 2–2, peso 75; evidence-co/CreeperOverhaul-neoforge-1.21.1-4.0.6.jar::data/creeperoverhaul/neoforge/biome_modifier/swamp.json; Y > nível do mar; regra de monstro/escuro e config de spawn habilitada",Loot de morte,minecraft:bone,0–2,"pool 2: 1 sorteio(s), peso 1/1; com reposição se mais de um sorteio; Saque minecraft:looting: bônus Math.round(nível × sorteio 0–1); limite sem limite explícito",Farinha de osso e domesticação de lobos,Alta nos arquivos versionados; configuração/datapacks externos não confirmados,/images/bestiary/audited/co/swamp.png,assets/creeperoverhaul/geo/swamp.geo.json; tech/thatgravyboat/creeperoverhaul/client/renderer/normal/CreeperRenderer.class; assets/creeperoverhaul/textures/entity/swamp/swamp_creeper.png; tech/thatgravyboat/creeperoverhaul/client/renderer/normal/CreeperModel.class; tech/thatgravyboat/creeperoverhaul/common/entity/CreeperTypes.class; tech/thatgravyboat/creeperoverhaul/common/entity/base/BaseCreeper.class; tech/thatgravyboat/creeperoverhaul/client/renderer/normal/CreeperGlowLayer.class; tech/thatgravyboat/creeperoverhaul/client/renderer/normal/CreeperPowerLayer.class; tech/thatgravyboat/creeperoverhaul/common/registry/ModEntities.class; tech/thatgravyboat/creeperoverhaul/client/CreepersClient.class; assets/creeperoverhaul/animations/swamp.animation.json; output-co/proveniencia.json,evidence-co/CreeperOverhaul-neoforge-1.21.1-4.0.6.jar::data/creeperoverhaul/loot_table/entities/swamp_creeper.json,[Usos/receitas vanilla](https://minecraft.wiki/w/bone#Crafting)
Swamp Creeper,Creeper Overhaul,"Creeper hostil; explosão ao armar, salvo variantes com ataque corpo a corpo descritas abaixo","Bioma/tag ""#c:is_swamp""; grupo 2–2, peso 75; evidence-co/CreeperOverhaul-neoforge-1.21.1-4.0.6.jar::data/creeperoverhaul/neoforge/biome_modifier/swamp.json; Y > nível do mar; regra de monstro/escuro e config de spawn habilitada",Loot de morte,#minecraft:creeper_drop_music_discs,1,"attacker satisfaz {""type"": ""#minecraft:skeletons""}; pool 3: 1 sorteio(s), peso 1/1; com reposição se mais de um sorteio",Discos para reprodução na jukebox,Alta nos arquivos versionados; configuração/datapacks externos não confirmados,/images/bestiary/audited/co/swamp.png,assets/creeperoverhaul/geo/swamp.geo.json; tech/thatgravyboat/creeperoverhaul/client/renderer/normal/CreeperRenderer.class; assets/creeperoverhaul/textures/entity/swamp/swamp_creeper.png; tech/thatgravyboat/creeperoverhaul/client/renderer/normal/CreeperModel.class; tech/thatgravyboat/creeperoverhaul/common/entity/CreeperTypes.class; tech/thatgravyboat/creeperoverhaul/common/entity/base/BaseCreeper.class; tech/thatgravyboat/creeperoverhaul/client/renderer/normal/CreeperGlowLayer.class; tech/thatgravyboat/creeperoverhaul/client/renderer/normal/CreeperPowerLayer.class; tech/thatgravyboat/creeperoverhaul/common/registry/ModEntities.class; tech/thatgravyboat/creeperoverhaul/client/CreepersClient.class; assets/creeperoverhaul/animations/swamp.animation.json; output-co/proveniencia.json,evidence-co/CreeperOverhaul-neoforge-1.21.1-4.0.6.jar::data/creeperoverhaul/loot_table/entities/swamp_creeper.json,Não há receita pertinente identificada no JAR; uso direto descrito na coluna Para que serve
Swamp Creeper,Creeper Overhaul,"Creeper hostil; explosão ao armar, salvo variantes com ataque corpo a corpo descritas abaixo","Bioma/tag ""#c:is_swamp""; grupo 2–2, peso 75; evidence-co/CreeperOverhaul-neoforge-1.21.1-4.0.6.jar::data/creeperoverhaul/neoforge/biome_modifier/swamp.json; Y > nível do mar; regra de monstro/escuro e config de spawn habilitada",Herança na morte: Creeper,minecraft:creeper_head,1,"Atacante Creeper carregado, diferente da vítima, com contador de cabeças <1. Chamada herdada Creeper.dropCustomDeathLoot; aumenta contador.",Decoração/cabeça vestível; som de Creeper sobre Note Block,Alta nos arquivos versionados; configuração/datapacks externos não confirmados,/images/bestiary/audited/co/swamp.png,assets/creeperoverhaul/geo/swamp.geo.json; tech/thatgravyboat/creeperoverhaul/client/renderer/normal/CreeperRenderer.class; assets/creeperoverhaul/textures/entity/swamp/swamp_creeper.png; tech/thatgravyboat/creeperoverhaul/client/renderer/normal/CreeperModel.class; tech/thatgravyboat/creeperoverhaul/common/entity/CreeperTypes.class; tech/thatgravyboat/creeperoverhaul/common/entity/base/BaseCreeper.class; tech/thatgravyboat/creeperoverhaul/client/renderer/normal/CreeperGlowLayer.class; tech/thatgravyboat/creeperoverhaul/client/renderer/normal/CreeperPowerLayer.class; tech/thatgravyboat/creeperoverhaul/common/registry/ModEntities.class; tech/thatgravyboat/creeperoverhaul/client/CreepersClient.class; assets/creeperoverhaul/animations/swamp.animation.json; output-co/proveniencia.json,evidence-co/decompiled/BaseCreeper.java (extends Creeper); evidence-vanilla-lote8/cjp.java; evidence/minecraft-1.21.1-client-mappings.txt,Não aplicável
Dripstone Creeper,Creeper Overhaul,"Creeper hostil; explosão ao armar, salvo variantes com ataque corpo a corpo descritas abaixo","Bioma/tag ""#creeperoverhaul:is_cave""; grupo 2–2, peso 75; evidence-co/CreeperOverhaul-neoforge-1.21.1-4.0.6.jar::data/creeperoverhaul/neoforge/biome_modifier/dripstone.json; Y < nível do mar; bloco abaixo não é grama; monstro/escuro e config habilitada",Loot de morte,minecraft:gunpowder,0–2,"pool 1: 1 sorteio(s), peso 1/1; com reposição se mais de um sorteio; Saque minecraft:looting: bônus Math.round(nível × sorteio 0–1); limite sem limite explícito","TNT, fogos de artifício e poções arremessáveis",Alta nos arquivos versionados; configuração/datapacks externos não confirmados,/images/bestiary/audited/co/dripstone.png,assets/creeperoverhaul/geo/dripstone.geo.json; tech/thatgravyboat/creeperoverhaul/client/renderer/normal/CreeperRenderer.class; assets/creeperoverhaul/textures/entity/dripstone/dripstone_creeper.png; tech/thatgravyboat/creeperoverhaul/client/renderer/normal/CreeperModel.class; tech/thatgravyboat/creeperoverhaul/common/entity/CreeperTypes.class; tech/thatgravyboat/creeperoverhaul/common/entity/base/BaseCreeper.class; tech/thatgravyboat/creeperoverhaul/client/renderer/normal/CreeperGlowLayer.class; tech/thatgravyboat/creeperoverhaul/client/renderer/normal/CreeperPowerLayer.class; tech/thatgravyboat/creeperoverhaul/common/registry/ModEntities.class; tech/thatgravyboat/creeperoverhaul/client/CreepersClient.class; assets/creeperoverhaul/animations/dripstone.animation.json; output-co/proveniencia.json,evidence-co/CreeperOverhaul-neoforge-1.21.1-4.0.6.jar::data/creeperoverhaul/loot_table/entities/dripstone_creeper.json,[Usos/receitas vanilla](https://minecraft.wiki/w/gunpowder#Crafting)
Dripstone Creeper,Creeper Overhaul,"Creeper hostil; explosão ao armar, salvo variantes com ataque corpo a corpo descritas abaixo","Bioma/tag ""#creeperoverhaul:is_cave""; grupo 2–2, peso 75; evidence-co/CreeperOverhaul-neoforge-1.21.1-4.0.6.jar::data/creeperoverhaul/neoforge/biome_modifier/dripstone.json; Y < nível do mar; bloco abaixo não é grama; monstro/escuro e config habilitada",Loot de morte,minecraft:pointed_dripstone,0–2,"pool 2: 1 sorteio(s), peso 1/1; com reposição se mais de um sorteio; Saque minecraft:looting: bônus Math.round(nível × sorteio 0–1); limite sem limite explícito","Espeleotemas, mecanismos de gotejamento e construção",Alta nos arquivos versionados; configuração/datapacks externos não confirmados,/images/bestiary/audited/co/dripstone.png,assets/creeperoverhaul/geo/dripstone.geo.json; tech/thatgravyboat/creeperoverhaul/client/renderer/normal/CreeperRenderer.class; assets/creeperoverhaul/textures/entity/dripstone/dripstone_creeper.png; tech/thatgravyboat/creeperoverhaul/client/renderer/normal/CreeperModel.class; tech/thatgravyboat/creeperoverhaul/common/entity/CreeperTypes.class; tech/thatgravyboat/creeperoverhaul/common/entity/base/BaseCreeper.class; tech/thatgravyboat/creeperoverhaul/client/renderer/normal/CreeperGlowLayer.class; tech/thatgravyboat/creeperoverhaul/client/renderer/normal/CreeperPowerLayer.class; tech/thatgravyboat/creeperoverhaul/common/registry/ModEntities.class; tech/thatgravyboat/creeperoverhaul/client/CreepersClient.class; assets/creeperoverhaul/animations/dripstone.animation.json; output-co/proveniencia.json,evidence-co/CreeperOverhaul-neoforge-1.21.1-4.0.6.jar::data/creeperoverhaul/loot_table/entities/dripstone_creeper.json,[Usos/receitas vanilla](https://minecraft.wiki/w/pointed_dripstone#Crafting)
Dripstone Creeper,Creeper Overhaul,"Creeper hostil; explosão ao armar, salvo variantes com ataque corpo a corpo descritas abaixo","Bioma/tag ""#creeperoverhaul:is_cave""; grupo 2–2, peso 75; evidence-co/CreeperOverhaul-neoforge-1.21.1-4.0.6.jar::data/creeperoverhaul/neoforge/biome_modifier/dripstone.json; Y < nível do mar; bloco abaixo não é grama; monstro/escuro e config habilitada",Loot de morte,#minecraft:creeper_drop_music_discs,1,"attacker satisfaz {""type"": ""#minecraft:skeletons""}; pool 3: 1 sorteio(s), peso 1/1; com reposição se mais de um sorteio",Discos para reprodução na jukebox,Alta nos arquivos versionados; configuração/datapacks externos não confirmados,/images/bestiary/audited/co/dripstone.png,assets/creeperoverhaul/geo/dripstone.geo.json; tech/thatgravyboat/creeperoverhaul/client/renderer/normal/CreeperRenderer.class; assets/creeperoverhaul/textures/entity/dripstone/dripstone_creeper.png; tech/thatgravyboat/creeperoverhaul/client/renderer/normal/CreeperModel.class; tech/thatgravyboat/creeperoverhaul/common/entity/CreeperTypes.class; tech/thatgravyboat/creeperoverhaul/common/entity/base/BaseCreeper.class; tech/thatgravyboat/creeperoverhaul/client/renderer/normal/CreeperGlowLayer.class; tech/thatgravyboat/creeperoverhaul/client/renderer/normal/CreeperPowerLayer.class; tech/thatgravyboat/creeperoverhaul/common/registry/ModEntities.class; tech/thatgravyboat/creeperoverhaul/client/CreepersClient.class; assets/creeperoverhaul/animations/dripstone.animation.json; output-co/proveniencia.json,evidence-co/CreeperOverhaul-neoforge-1.21.1-4.0.6.jar::data/creeperoverhaul/loot_table/entities/dripstone_creeper.json,Não há receita pertinente identificada no JAR; uso direto descrito na coluna Para que serve
Dripstone Creeper,Creeper Overhaul,"Creeper hostil; explosão ao armar, salvo variantes com ataque corpo a corpo descritas abaixo","Bioma/tag ""#creeperoverhaul:is_cave""; grupo 2–2, peso 75; evidence-co/CreeperOverhaul-neoforge-1.21.1-4.0.6.jar::data/creeperoverhaul/neoforge/biome_modifier/dripstone.json; Y < nível do mar; bloco abaixo não é grama; monstro/escuro e config habilitada",Herança na morte: Creeper,minecraft:creeper_head,1,"Atacante Creeper carregado, diferente da vítima, com contador de cabeças <1. Chamada herdada Creeper.dropCustomDeathLoot; aumenta contador.",Decoração/cabeça vestível; som de Creeper sobre Note Block,Alta nos arquivos versionados; configuração/datapacks externos não confirmados,/images/bestiary/audited/co/dripstone.png,assets/creeperoverhaul/geo/dripstone.geo.json; tech/thatgravyboat/creeperoverhaul/client/renderer/normal/CreeperRenderer.class; assets/creeperoverhaul/textures/entity/dripstone/dripstone_creeper.png; tech/thatgravyboat/creeperoverhaul/client/renderer/normal/CreeperModel.class; tech/thatgravyboat/creeperoverhaul/common/entity/CreeperTypes.class; tech/thatgravyboat/creeperoverhaul/common/entity/base/BaseCreeper.class; tech/thatgravyboat/creeperoverhaul/client/renderer/normal/CreeperGlowLayer.class; tech/thatgravyboat/creeperoverhaul/client/renderer/normal/CreeperPowerLayer.class; tech/thatgravyboat/creeperoverhaul/common/registry/ModEntities.class; tech/thatgravyboat/creeperoverhaul/client/CreepersClient.class; assets/creeperoverhaul/animations/dripstone.animation.json; output-co/proveniencia.json,evidence-co/decompiled/BaseCreeper.java (extends Creeper); evidence-vanilla-lote8/cjp.java; evidence/minecraft-1.21.1-client-mappings.txt,Não aplicável
Cave Creeper,Creeper Overhaul,"Creeper hostil; explosão ao armar, salvo variantes com ataque corpo a corpo descritas abaixo","Bioma/tag ""#creeperoverhaul:where_creepers_spawn""; grupo 2–2, peso 50; evidence-co/CreeperOverhaul-neoforge-1.21.1-4.0.6.jar::data/creeperoverhaul/neoforge/biome_modifier/cave.json; Y < nível do mar; bloco abaixo não é grama; monstro/escuro e config habilitada",Loot de morte,minecraft:gunpowder,0–2,"pool 1: 1 sorteio(s), peso 1/1; com reposição se mais de um sorteio; Saque minecraft:looting: bônus Math.round(nível × sorteio 0–1); limite sem limite explícito","TNT, fogos de artifício e poções arremessáveis",Alta nos arquivos versionados; configuração/datapacks externos não confirmados,/images/bestiary/audited/co/cave.png,assets/creeperoverhaul/geo/cave.geo.json; tech/thatgravyboat/creeperoverhaul/client/renderer/normal/CreeperRenderer.class; assets/creeperoverhaul/textures/entity/cave/cave_creeper.png; tech/thatgravyboat/creeperoverhaul/client/renderer/normal/CreeperModel.class; tech/thatgravyboat/creeperoverhaul/common/entity/CreeperTypes.class; tech/thatgravyboat/creeperoverhaul/common/entity/base/BaseCreeper.class; tech/thatgravyboat/creeperoverhaul/client/renderer/normal/CreeperGlowLayer.class; tech/thatgravyboat/creeperoverhaul/client/renderer/normal/CreeperPowerLayer.class; tech/thatgravyboat/creeperoverhaul/common/registry/ModEntities.class; tech/thatgravyboat/creeperoverhaul/client/CreepersClient.class; assets/creeperoverhaul/animations/cave.animation.json; output-co/proveniencia.json,evidence-co/CreeperOverhaul-neoforge-1.21.1-4.0.6.jar::data/creeperoverhaul/loot_table/entities/cave_creeper.json,[Usos/receitas vanilla](https://minecraft.wiki/w/gunpowder#Crafting)
Cave Creeper,Creeper Overhaul,"Creeper hostil; explosão ao armar, salvo variantes com ataque corpo a corpo descritas abaixo","Bioma/tag ""#creeperoverhaul:where_creepers_spawn""; grupo 2–2, peso 50; evidence-co/CreeperOverhaul-neoforge-1.21.1-4.0.6.jar::data/creeperoverhaul/neoforge/biome_modifier/cave.json; Y < nível do mar; bloco abaixo não é grama; monstro/escuro e config habilitada",Loot de morte,minecraft:stone,0–2,"pool 2: 1 sorteio(s), peso 1/1; com reposição se mais de um sorteio; Saque minecraft:looting: bônus Math.round(nível × sorteio 0–1); limite sem limite explícito",Construção e receitas de pedra,Alta nos arquivos versionados; configuração/datapacks externos não confirmados,/images/bestiary/audited/co/cave.png,assets/creeperoverhaul/geo/cave.geo.json; tech/thatgravyboat/creeperoverhaul/client/renderer/normal/CreeperRenderer.class; assets/creeperoverhaul/textures/entity/cave/cave_creeper.png; tech/thatgravyboat/creeperoverhaul/client/renderer/normal/CreeperModel.class; tech/thatgravyboat/creeperoverhaul/common/entity/CreeperTypes.class; tech/thatgravyboat/creeperoverhaul/common/entity/base/BaseCreeper.class; tech/thatgravyboat/creeperoverhaul/client/renderer/normal/CreeperGlowLayer.class; tech/thatgravyboat/creeperoverhaul/client/renderer/normal/CreeperPowerLayer.class; tech/thatgravyboat/creeperoverhaul/common/registry/ModEntities.class; tech/thatgravyboat/creeperoverhaul/client/CreepersClient.class; assets/creeperoverhaul/animations/cave.animation.json; output-co/proveniencia.json,evidence-co/CreeperOverhaul-neoforge-1.21.1-4.0.6.jar::data/creeperoverhaul/loot_table/entities/cave_creeper.json,[Usos/receitas vanilla](https://minecraft.wiki/w/stone#Crafting)
Cave Creeper,Creeper Overhaul,"Creeper hostil; explosão ao armar, salvo variantes com ataque corpo a corpo descritas abaixo","Bioma/tag ""#creeperoverhaul:where_creepers_spawn""; grupo 2–2, peso 50; evidence-co/CreeperOverhaul-neoforge-1.21.1-4.0.6.jar::data/creeperoverhaul/neoforge/biome_modifier/cave.json; Y < nível do mar; bloco abaixo não é grama; monstro/escuro e config habilitada",Loot de morte,minecraft:raw_iron,1,"morte atribuída ao jogador; sem Saque 20%; Saque I 22%, +2 p.p./nível acima de I; pool 3: 1 sorteio(s), peso 1/1; com reposição se mais de um sorteio",Fundir em lingote de ferro,Alta nos arquivos versionados; configuração/datapacks externos não confirmados,/images/bestiary/audited/co/cave.png,assets/creeperoverhaul/geo/cave.geo.json; tech/thatgravyboat/creeperoverhaul/client/renderer/normal/CreeperRenderer.class; assets/creeperoverhaul/textures/entity/cave/cave_creeper.png; tech/thatgravyboat/creeperoverhaul/client/renderer/normal/CreeperModel.class; tech/thatgravyboat/creeperoverhaul/common/entity/CreeperTypes.class; tech/thatgravyboat/creeperoverhaul/common/entity/base/BaseCreeper.class; tech/thatgravyboat/creeperoverhaul/client/renderer/normal/CreeperGlowLayer.class; tech/thatgravyboat/creeperoverhaul/client/renderer/normal/CreeperPowerLayer.class; tech/thatgravyboat/creeperoverhaul/common/registry/ModEntities.class; tech/thatgravyboat/creeperoverhaul/client/CreepersClient.class; assets/creeperoverhaul/animations/cave.animation.json; output-co/proveniencia.json,evidence-co/CreeperOverhaul-neoforge-1.21.1-4.0.6.jar::data/creeperoverhaul/loot_table/entities/cave_creeper.json,[Usos/receitas vanilla](https://minecraft.wiki/w/raw_iron#Crafting)
Cave Creeper,Creeper Overhaul,"Creeper hostil; explosão ao armar, salvo variantes com ataque corpo a corpo descritas abaixo","Bioma/tag ""#creeperoverhaul:where_creepers_spawn""; grupo 2–2, peso 50; evidence-co/CreeperOverhaul-neoforge-1.21.1-4.0.6.jar::data/creeperoverhaul/neoforge/biome_modifier/cave.json; Y < nível do mar; bloco abaixo não é grama; monstro/escuro e config habilitada",Loot de morte,minecraft:raw_gold,1,"morte atribuída ao jogador; sem Saque 10%; Saque I 12%, +2 p.p./nível acima de I; pool 4: 1 sorteio(s), peso 1/1; com reposição se mais de um sorteio",Fundir em lingote de ouro,Alta nos arquivos versionados; configuração/datapacks externos não confirmados,/images/bestiary/audited/co/cave.png,assets/creeperoverhaul/geo/cave.geo.json; tech/thatgravyboat/creeperoverhaul/client/renderer/normal/CreeperRenderer.class; assets/creeperoverhaul/textures/entity/cave/cave_creeper.png; tech/thatgravyboat/creeperoverhaul/client/renderer/normal/CreeperModel.class; tech/thatgravyboat/creeperoverhaul/common/entity/CreeperTypes.class; tech/thatgravyboat/creeperoverhaul/common/entity/base/BaseCreeper.class; tech/thatgravyboat/creeperoverhaul/client/renderer/normal/CreeperGlowLayer.class; tech/thatgravyboat/creeperoverhaul/client/renderer/normal/CreeperPowerLayer.class; tech/thatgravyboat/creeperoverhaul/common/registry/ModEntities.class; tech/thatgravyboat/creeperoverhaul/client/CreepersClient.class; assets/creeperoverhaul/animations/cave.animation.json; output-co/proveniencia.json,evidence-co/CreeperOverhaul-neoforge-1.21.1-4.0.6.jar::data/creeperoverhaul/loot_table/entities/cave_creeper.json,[Usos/receitas vanilla](https://minecraft.wiki/w/raw_gold#Crafting)
Cave Creeper,Creeper Overhaul,"Creeper hostil; explosão ao armar, salvo variantes com ataque corpo a corpo descritas abaixo","Bioma/tag ""#creeperoverhaul:where_creepers_spawn""; grupo 2–2, peso 50; evidence-co/CreeperOverhaul-neoforge-1.21.1-4.0.6.jar::data/creeperoverhaul/neoforge/biome_modifier/cave.json; Y < nível do mar; bloco abaixo não é grama; monstro/escuro e config habilitada",Loot de morte,minecraft:emerald,1,"morte atribuída ao jogador; sem Saque 5%; Saque I 7%, +2 p.p./nível acima de I; pool 5: 1 sorteio(s), peso 1/1; com reposição se mais de um sorteio",Comércio com aldeões e bloco de esmeralda,Alta nos arquivos versionados; configuração/datapacks externos não confirmados,/images/bestiary/audited/co/cave.png,assets/creeperoverhaul/geo/cave.geo.json; tech/thatgravyboat/creeperoverhaul/client/renderer/normal/CreeperRenderer.class; assets/creeperoverhaul/textures/entity/cave/cave_creeper.png; tech/thatgravyboat/creeperoverhaul/client/renderer/normal/CreeperModel.class; tech/thatgravyboat/creeperoverhaul/common/entity/CreeperTypes.class; tech/thatgravyboat/creeperoverhaul/common/entity/base/BaseCreeper.class; tech/thatgravyboat/creeperoverhaul/client/renderer/normal/CreeperGlowLayer.class; tech/thatgravyboat/creeperoverhaul/client/renderer/normal/CreeperPowerLayer.class; tech/thatgravyboat/creeperoverhaul/common/registry/ModEntities.class; tech/thatgravyboat/creeperoverhaul/client/CreepersClient.class; assets/creeperoverhaul/animations/cave.animation.json; output-co/proveniencia.json,evidence-co/CreeperOverhaul-neoforge-1.21.1-4.0.6.jar::data/creeperoverhaul/loot_table/entities/cave_creeper.json,[Usos/receitas vanilla](https://minecraft.wiki/w/emerald#Crafting)
Cave Creeper,Creeper Overhaul,"Creeper hostil; explosão ao armar, salvo variantes com ataque corpo a corpo descritas abaixo","Bioma/tag ""#creeperoverhaul:where_creepers_spawn""; grupo 2–2, peso 50; evidence-co/CreeperOverhaul-neoforge-1.21.1-4.0.6.jar::data/creeperoverhaul/neoforge/biome_modifier/cave.json; Y < nível do mar; bloco abaixo não é grama; monstro/escuro e config habilitada",Loot de morte,minecraft:diamond,1,"morte atribuída ao jogador; sem Saque 1%; Saque I 3%, +2 p.p./nível acima de I; pool 6: 1 sorteio(s), peso 1/1; com reposição se mais de um sorteio","Ferramentas, armaduras e mesa de encantamentos",Alta nos arquivos versionados; configuração/datapacks externos não confirmados,/images/bestiary/audited/co/cave.png,assets/creeperoverhaul/geo/cave.geo.json; tech/thatgravyboat/creeperoverhaul/client/renderer/normal/CreeperRenderer.class; assets/creeperoverhaul/textures/entity/cave/cave_creeper.png; tech/thatgravyboat/creeperoverhaul/client/renderer/normal/CreeperModel.class; tech/thatgravyboat/creeperoverhaul/common/entity/CreeperTypes.class; tech/thatgravyboat/creeperoverhaul/common/entity/base/BaseCreeper.class; tech/thatgravyboat/creeperoverhaul/client/renderer/normal/CreeperGlowLayer.class; tech/thatgravyboat/creeperoverhaul/client/renderer/normal/CreeperPowerLayer.class; tech/thatgravyboat/creeperoverhaul/common/registry/ModEntities.class; tech/thatgravyboat/creeperoverhaul/client/CreepersClient.class; assets/creeperoverhaul/animations/cave.animation.json; output-co/proveniencia.json,evidence-co/CreeperOverhaul-neoforge-1.21.1-4.0.6.jar::data/creeperoverhaul/loot_table/entities/cave_creeper.json,[Usos/receitas vanilla](https://minecraft.wiki/w/diamond#Crafting)
Cave Creeper,Creeper Overhaul,"Creeper hostil; explosão ao armar, salvo variantes com ataque corpo a corpo descritas abaixo","Bioma/tag ""#creeperoverhaul:where_creepers_spawn""; grupo 2–2, peso 50; evidence-co/CreeperOverhaul-neoforge-1.21.1-4.0.6.jar::data/creeperoverhaul/neoforge/biome_modifier/cave.json; Y < nível do mar; bloco abaixo não é grama; monstro/escuro e config habilitada",Loot de morte,#minecraft:creeper_drop_music_discs,1,"attacker satisfaz {""type"": ""#minecraft:skeletons""}; pool 7: 1 sorteio(s), peso 1/1; com reposição se mais de um sorteio",Discos para reprodução na jukebox,Alta nos arquivos versionados; configuração/datapacks externos não confirmados,/images/bestiary/audited/co/cave.png,assets/creeperoverhaul/geo/cave.geo.json; tech/thatgravyboat/creeperoverhaul/client/renderer/normal/CreeperRenderer.class; assets/creeperoverhaul/textures/entity/cave/cave_creeper.png; tech/thatgravyboat/creeperoverhaul/client/renderer/normal/CreeperModel.class; tech/thatgravyboat/creeperoverhaul/common/entity/CreeperTypes.class; tech/thatgravyboat/creeperoverhaul/common/entity/base/BaseCreeper.class; tech/thatgravyboat/creeperoverhaul/client/renderer/normal/CreeperGlowLayer.class; tech/thatgravyboat/creeperoverhaul/client/renderer/normal/CreeperPowerLayer.class; tech/thatgravyboat/creeperoverhaul/common/registry/ModEntities.class; tech/thatgravyboat/creeperoverhaul/client/CreepersClient.class; assets/creeperoverhaul/animations/cave.animation.json; output-co/proveniencia.json,evidence-co/CreeperOverhaul-neoforge-1.21.1-4.0.6.jar::data/creeperoverhaul/loot_table/entities/cave_creeper.json,Não há receita pertinente identificada no JAR; uso direto descrito na coluna Para que serve
Cave Creeper,Creeper Overhaul,"Creeper hostil; explosão ao armar, salvo variantes com ataque corpo a corpo descritas abaixo","Bioma/tag ""#creeperoverhaul:where_creepers_spawn""; grupo 2–2, peso 50; evidence-co/CreeperOverhaul-neoforge-1.21.1-4.0.6.jar::data/creeperoverhaul/neoforge/biome_modifier/cave.json; Y < nível do mar; bloco abaixo não é grama; monstro/escuro e config habilitada",Herança na morte: Creeper,minecraft:creeper_head,1,"Atacante Creeper carregado, diferente da vítima, com contador de cabeças <1. Chamada herdada Creeper.dropCustomDeathLoot; aumenta contador.",Decoração/cabeça vestível; som de Creeper sobre Note Block,Alta nos arquivos versionados; configuração/datapacks externos não confirmados,/images/bestiary/audited/co/cave.png,assets/creeperoverhaul/geo/cave.geo.json; tech/thatgravyboat/creeperoverhaul/client/renderer/normal/CreeperRenderer.class; assets/creeperoverhaul/textures/entity/cave/cave_creeper.png; tech/thatgravyboat/creeperoverhaul/client/renderer/normal/CreeperModel.class; tech/thatgravyboat/creeperoverhaul/common/entity/CreeperTypes.class; tech/thatgravyboat/creeperoverhaul/common/entity/base/BaseCreeper.class; tech/thatgravyboat/creeperoverhaul/client/renderer/normal/CreeperGlowLayer.class; tech/thatgravyboat/creeperoverhaul/client/renderer/normal/CreeperPowerLayer.class; tech/thatgravyboat/creeperoverhaul/common/registry/ModEntities.class; tech/thatgravyboat/creeperoverhaul/client/CreepersClient.class; assets/creeperoverhaul/animations/cave.animation.json; output-co/proveniencia.json,evidence-co/decompiled/BaseCreeper.java (extends Creeper); evidence-vanilla-lote8/cjp.java; evidence/minecraft-1.21.1-client-mappings.txt,Não aplicável
Dark Oak Creeper,Creeper Overhaul,"Creeper hostil; explosão ao armar, salvo variantes com ataque corpo a corpo descritas abaixo","Bioma/tag ""#c:is_dark_forest""; grupo 2–2, peso 75; evidence-co/CreeperOverhaul-neoforge-1.21.1-4.0.6.jar::data/creeperoverhaul/neoforge/biome_modifier/dark_oak.json; Y > nível do mar; regra de monstro/escuro e config de spawn habilitada",Loot de morte,minecraft:gunpowder,0–2,"pool 1: 1 sorteio(s), peso 1/1; com reposição se mais de um sorteio; Saque minecraft:looting: bônus Math.round(nível × sorteio 0–1); limite sem limite explícito","TNT, fogos de artifício e poções arremessáveis",Alta nos arquivos versionados; configuração/datapacks externos não confirmados,/images/bestiary/audited/co/dark_oak.png,assets/creeperoverhaul/geo/dark_oak.geo.json; tech/thatgravyboat/creeperoverhaul/client/renderer/normal/CreeperRenderer.class; assets/creeperoverhaul/textures/entity/dark_oak/dark_oak_creeper.png; tech/thatgravyboat/creeperoverhaul/client/renderer/normal/CreeperModel.class; tech/thatgravyboat/creeperoverhaul/common/entity/CreeperTypes.class; tech/thatgravyboat/creeperoverhaul/common/entity/base/BaseCreeper.class; tech/thatgravyboat/creeperoverhaul/client/renderer/normal/CreeperGlowLayer.class; tech/thatgravyboat/creeperoverhaul/client/renderer/normal/CreeperPowerLayer.class; tech/thatgravyboat/creeperoverhaul/common/registry/ModEntities.class; tech/thatgravyboat/creeperoverhaul/client/CreepersClient.class; assets/creeperoverhaul/animations/dark_oak.animation.json; output-co/proveniencia.json,evidence-co/CreeperOverhaul-neoforge-1.21.1-4.0.6.jar::data/creeperoverhaul/loot_table/entities/dark_oak_creeper.json,[Usos/receitas vanilla](https://minecraft.wiki/w/gunpowder#Crafting)
Dark Oak Creeper,Creeper Overhaul,"Creeper hostil; explosão ao armar, salvo variantes com ataque corpo a corpo descritas abaixo","Bioma/tag ""#c:is_dark_forest""; grupo 2–2, peso 75; evidence-co/CreeperOverhaul-neoforge-1.21.1-4.0.6.jar::data/creeperoverhaul/neoforge/biome_modifier/dark_oak.json; Y > nível do mar; regra de monstro/escuro e config de spawn habilitada",Loot de morte,minecraft:dark_oak_log,0–2,"pool 2: 1 sorteio(s), peso 1/1; com reposição se mais de um sorteio; Saque minecraft:looting: bônus Math.round(nível × sorteio 0–1); limite sem limite explícito","Tábuas de carvalho escuro, construção e combustível",Alta nos arquivos versionados; configuração/datapacks externos não confirmados,/images/bestiary/audited/co/dark_oak.png,assets/creeperoverhaul/geo/dark_oak.geo.json; tech/thatgravyboat/creeperoverhaul/client/renderer/normal/CreeperRenderer.class; assets/creeperoverhaul/textures/entity/dark_oak/dark_oak_creeper.png; tech/thatgravyboat/creeperoverhaul/client/renderer/normal/CreeperModel.class; tech/thatgravyboat/creeperoverhaul/common/entity/CreeperTypes.class; tech/thatgravyboat/creeperoverhaul/common/entity/base/BaseCreeper.class; tech/thatgravyboat/creeperoverhaul/client/renderer/normal/CreeperGlowLayer.class; tech/thatgravyboat/creeperoverhaul/client/renderer/normal/CreeperPowerLayer.class; tech/thatgravyboat/creeperoverhaul/common/registry/ModEntities.class; tech/thatgravyboat/creeperoverhaul/client/CreepersClient.class; assets/creeperoverhaul/animations/dark_oak.animation.json; output-co/proveniencia.json,evidence-co/CreeperOverhaul-neoforge-1.21.1-4.0.6.jar::data/creeperoverhaul/loot_table/entities/dark_oak_creeper.json,[Usos/receitas vanilla](https://minecraft.wiki/w/dark_oak_log#Crafting)
Dark Oak Creeper,Creeper Overhaul,"Creeper hostil; explosão ao armar, salvo variantes com ataque corpo a corpo descritas abaixo","Bioma/tag ""#c:is_dark_forest""; grupo 2–2, peso 75; evidence-co/CreeperOverhaul-neoforge-1.21.1-4.0.6.jar::data/creeperoverhaul/neoforge/biome_modifier/dark_oak.json; Y > nível do mar; regra de monstro/escuro e config de spawn habilitada",Loot de morte,minecraft:cobweb,0–2,"pool 3: 1 sorteio(s), peso 1/1; com reposição se mais de um sorteio; Saque minecraft:looting: bônus Math.round(nível × sorteio 0–1); limite sem limite explícito","Decoração, armadilhas e obtenção de linha com espada",Alta nos arquivos versionados; configuração/datapacks externos não confirmados,/images/bestiary/audited/co/dark_oak.png,assets/creeperoverhaul/geo/dark_oak.geo.json; tech/thatgravyboat/creeperoverhaul/client/renderer/normal/CreeperRenderer.class; assets/creeperoverhaul/textures/entity/dark_oak/dark_oak_creeper.png; tech/thatgravyboat/creeperoverhaul/client/renderer/normal/CreeperModel.class; tech/thatgravyboat/creeperoverhaul/common/entity/CreeperTypes.class; tech/thatgravyboat/creeperoverhaul/common/entity/base/BaseCreeper.class; tech/thatgravyboat/creeperoverhaul/client/renderer/normal/CreeperGlowLayer.class; tech/thatgravyboat/creeperoverhaul/client/renderer/normal/CreeperPowerLayer.class; tech/thatgravyboat/creeperoverhaul/common/registry/ModEntities.class; tech/thatgravyboat/creeperoverhaul/client/CreepersClient.class; assets/creeperoverhaul/animations/dark_oak.animation.json; output-co/proveniencia.json,evidence-co/CreeperOverhaul-neoforge-1.21.1-4.0.6.jar::data/creeperoverhaul/loot_table/entities/dark_oak_creeper.json,[Usos/receitas vanilla](https://minecraft.wiki/w/cobweb#Crafting)
Dark Oak Creeper,Creeper Overhaul,"Creeper hostil; explosão ao armar, salvo variantes com ataque corpo a corpo descritas abaixo","Bioma/tag ""#c:is_dark_forest""; grupo 2–2, peso 75; evidence-co/CreeperOverhaul-neoforge-1.21.1-4.0.6.jar::data/creeperoverhaul/neoforge/biome_modifier/dark_oak.json; Y > nível do mar; regra de monstro/escuro e config de spawn habilitada",Loot de morte,#minecraft:creeper_drop_music_discs,1,"attacker satisfaz {""type"": ""#minecraft:skeletons""}; pool 4: 1 sorteio(s), peso 1/1; com reposição se mais de um sorteio",Discos para reprodução na jukebox,Alta nos arquivos versionados; configuração/datapacks externos não confirmados,/images/bestiary/audited/co/dark_oak.png,assets/creeperoverhaul/geo/dark_oak.geo.json; tech/thatgravyboat/creeperoverhaul/client/renderer/normal/CreeperRenderer.class; assets/creeperoverhaul/textures/entity/dark_oak/dark_oak_creeper.png; tech/thatgravyboat/creeperoverhaul/client/renderer/normal/CreeperModel.class; tech/thatgravyboat/creeperoverhaul/common/entity/CreeperTypes.class; tech/thatgravyboat/creeperoverhaul/common/entity/base/BaseCreeper.class; tech/thatgravyboat/creeperoverhaul/client/renderer/normal/CreeperGlowLayer.class; tech/thatgravyboat/creeperoverhaul/client/renderer/normal/CreeperPowerLayer.class; tech/thatgravyboat/creeperoverhaul/common/registry/ModEntities.class; tech/thatgravyboat/creeperoverhaul/client/CreepersClient.class; assets/creeperoverhaul/animations/dark_oak.animation.json; output-co/proveniencia.json,evidence-co/CreeperOverhaul-neoforge-1.21.1-4.0.6.jar::data/creeperoverhaul/loot_table/entities/dark_oak_creeper.json,Não há receita pertinente identificada no JAR; uso direto descrito na coluna Para que serve
Dark Oak Creeper,Creeper Overhaul,"Creeper hostil; explosão ao armar, salvo variantes com ataque corpo a corpo descritas abaixo","Bioma/tag ""#c:is_dark_forest""; grupo 2–2, peso 75; evidence-co/CreeperOverhaul-neoforge-1.21.1-4.0.6.jar::data/creeperoverhaul/neoforge/biome_modifier/dark_oak.json; Y > nível do mar; regra de monstro/escuro e config de spawn habilitada",Herança na morte: Creeper,minecraft:creeper_head,1,"Atacante Creeper carregado, diferente da vítima, com contador de cabeças <1. Chamada herdada Creeper.dropCustomDeathLoot; aumenta contador.",Decoração/cabeça vestível; som de Creeper sobre Note Block,Alta nos arquivos versionados; configuração/datapacks externos não confirmados,/images/bestiary/audited/co/dark_oak.png,assets/creeperoverhaul/geo/dark_oak.geo.json; tech/thatgravyboat/creeperoverhaul/client/renderer/normal/CreeperRenderer.class; assets/creeperoverhaul/textures/entity/dark_oak/dark_oak_creeper.png; tech/thatgravyboat/creeperoverhaul/client/renderer/normal/CreeperModel.class; tech/thatgravyboat/creeperoverhaul/common/entity/CreeperTypes.class; tech/thatgravyboat/creeperoverhaul/common/entity/base/BaseCreeper.class; tech/thatgravyboat/creeperoverhaul/client/renderer/normal/CreeperGlowLayer.class; tech/thatgravyboat/creeperoverhaul/client/renderer/normal/CreeperPowerLayer.class; tech/thatgravyboat/creeperoverhaul/common/registry/ModEntities.class; tech/thatgravyboat/creeperoverhaul/client/CreepersClient.class; assets/creeperoverhaul/animations/dark_oak.animation.json; output-co/proveniencia.json,evidence-co/decompiled/BaseCreeper.java (extends Creeper); evidence-vanilla-lote8/cjp.java; evidence/minecraft-1.21.1-client-mappings.txt,Não aplicável
Dark Oak Creeper,Creeper Overhaul,"Creeper hostil; explosão ao armar, salvo variantes com ataque corpo a corpo descritas abaixo","Bioma/tag ""#c:is_dark_forest""; grupo 2–2, peso 75; evidence-co/CreeperOverhaul-neoforge-1.21.1-4.0.6.jar::data/creeperoverhaul/neoforge/biome_modifier/dark_oak.json; Y > nível do mar; regra de monstro/escuro e config de spawn habilitada",Mecânica especial,Blindness I,100 ticks,Aplicado a jogadores na lista de atingidos pela explosão.,"Risco de combate, não item",Alta nos arquivos versionados; configuração/datapacks externos não confirmados,/images/bestiary/audited/co/dark_oak.png,assets/creeperoverhaul/geo/dark_oak.geo.json; tech/thatgravyboat/creeperoverhaul/client/renderer/normal/CreeperRenderer.class; assets/creeperoverhaul/textures/entity/dark_oak/dark_oak_creeper.png; tech/thatgravyboat/creeperoverhaul/client/renderer/normal/CreeperModel.class; tech/thatgravyboat/creeperoverhaul/common/entity/CreeperTypes.class; tech/thatgravyboat/creeperoverhaul/common/entity/base/BaseCreeper.class; tech/thatgravyboat/creeperoverhaul/client/renderer/normal/CreeperGlowLayer.class; tech/thatgravyboat/creeperoverhaul/client/renderer/normal/CreeperPowerLayer.class; tech/thatgravyboat/creeperoverhaul/common/registry/ModEntities.class; tech/thatgravyboat/creeperoverhaul/client/CreepersClient.class; assets/creeperoverhaul/animations/dark_oak.animation.json; output-co/proveniencia.json,evidence-co/decompiled/BaseCreeper.java:explode; evidence-co/decompiled/CreeperTypes.java; evidence-co/decompiled/PufferfishCreeper.java,Não aplicável
Spruce Creeper,Creeper Overhaul,"Creeper hostil; explosão ao armar, salvo variantes com ataque corpo a corpo descritas abaixo","Bioma/tag ""#c:is_taiga""; grupo 2–2, peso 75; evidence-co/CreeperOverhaul-neoforge-1.21.1-4.0.6.jar::data/creeperoverhaul/neoforge/biome_modifier/spruce.json; Y > nível do mar; regra de monstro/escuro e config de spawn habilitada",Loot de morte,minecraft:gunpowder,0–2,"pool 1: 1 sorteio(s), peso 1/1; com reposição se mais de um sorteio; Saque minecraft:looting: bônus Math.round(nível × sorteio 0–1); limite sem limite explícito","TNT, fogos de artifício e poções arremessáveis",Alta nos arquivos versionados; configuração/datapacks externos não confirmados,/images/bestiary/audited/co/spruce.png,assets/creeperoverhaul/geo/spruce.geo.json; tech/thatgravyboat/creeperoverhaul/client/renderer/normal/CreeperRenderer.class; assets/creeperoverhaul/textures/entity/spruce/spruce_creeper.png; tech/thatgravyboat/creeperoverhaul/client/renderer/normal/CreeperModel.class; tech/thatgravyboat/creeperoverhaul/common/entity/CreeperTypes.class; tech/thatgravyboat/creeperoverhaul/common/entity/base/BaseCreeper.class; tech/thatgravyboat/creeperoverhaul/client/renderer/normal/CreeperGlowLayer.class; tech/thatgravyboat/creeperoverhaul/client/renderer/normal/CreeperPowerLayer.class; tech/thatgravyboat/creeperoverhaul/common/registry/ModEntities.class; tech/thatgravyboat/creeperoverhaul/client/CreepersClient.class; assets/creeperoverhaul/animations/spruce.animation.json; output-co/proveniencia.json,evidence-co/CreeperOverhaul-neoforge-1.21.1-4.0.6.jar::data/creeperoverhaul/loot_table/entities/spruce_creeper.json,[Usos/receitas vanilla](https://minecraft.wiki/w/gunpowder#Crafting)
Spruce Creeper,Creeper Overhaul,"Creeper hostil; explosão ao armar, salvo variantes com ataque corpo a corpo descritas abaixo","Bioma/tag ""#c:is_taiga""; grupo 2–2, peso 75; evidence-co/CreeperOverhaul-neoforge-1.21.1-4.0.6.jar::data/creeperoverhaul/neoforge/biome_modifier/spruce.json; Y > nível do mar; regra de monstro/escuro e config de spawn habilitada",Loot de morte,minecraft:spruce_log,0–2,"pool 2: 1 sorteio(s), peso 1/1; com reposição se mais de um sorteio; Saque minecraft:looting: bônus Math.round(nível × sorteio 0–1); limite sem limite explícito","Tábuas de pinheiro, construção e combustível",Alta nos arquivos versionados; configuração/datapacks externos não confirmados,/images/bestiary/audited/co/spruce.png,assets/creeperoverhaul/geo/spruce.geo.json; tech/thatgravyboat/creeperoverhaul/client/renderer/normal/CreeperRenderer.class; assets/creeperoverhaul/textures/entity/spruce/spruce_creeper.png; tech/thatgravyboat/creeperoverhaul/client/renderer/normal/CreeperModel.class; tech/thatgravyboat/creeperoverhaul/common/entity/CreeperTypes.class; tech/thatgravyboat/creeperoverhaul/common/entity/base/BaseCreeper.class; tech/thatgravyboat/creeperoverhaul/client/renderer/normal/CreeperGlowLayer.class; tech/thatgravyboat/creeperoverhaul/client/renderer/normal/CreeperPowerLayer.class; tech/thatgravyboat/creeperoverhaul/common/registry/ModEntities.class; tech/thatgravyboat/creeperoverhaul/client/CreepersClient.class; assets/creeperoverhaul/animations/spruce.animation.json; output-co/proveniencia.json,evidence-co/CreeperOverhaul-neoforge-1.21.1-4.0.6.jar::data/creeperoverhaul/loot_table/entities/spruce_creeper.json,[Usos/receitas vanilla](https://minecraft.wiki/w/spruce_log#Crafting)
Spruce Creeper,Creeper Overhaul,"Creeper hostil; explosão ao armar, salvo variantes com ataque corpo a corpo descritas abaixo","Bioma/tag ""#c:is_taiga""; grupo 2–2, peso 75; evidence-co/CreeperOverhaul-neoforge-1.21.1-4.0.6.jar::data/creeperoverhaul/neoforge/biome_modifier/spruce.json; Y > nível do mar; regra de monstro/escuro e config de spawn habilitada",Loot de morte,#minecraft:creeper_drop_music_discs,1,"attacker satisfaz {""type"": ""#minecraft:skeletons""}; pool 3: 1 sorteio(s), peso 1/1; com reposição se mais de um sorteio",Discos para reprodução na jukebox,Alta nos arquivos versionados; configuração/datapacks externos não confirmados,/images/bestiary/audited/co/spruce.png,assets/creeperoverhaul/geo/spruce.geo.json; tech/thatgravyboat/creeperoverhaul/client/renderer/normal/CreeperRenderer.class; assets/creeperoverhaul/textures/entity/spruce/spruce_creeper.png; tech/thatgravyboat/creeperoverhaul/client/renderer/normal/CreeperModel.class; tech/thatgravyboat/creeperoverhaul/common/entity/CreeperTypes.class; tech/thatgravyboat/creeperoverhaul/common/entity/base/BaseCreeper.class; tech/thatgravyboat/creeperoverhaul/client/renderer/normal/CreeperGlowLayer.class; tech/thatgravyboat/creeperoverhaul/client/renderer/normal/CreeperPowerLayer.class; tech/thatgravyboat/creeperoverhaul/common/registry/ModEntities.class; tech/thatgravyboat/creeperoverhaul/client/CreepersClient.class; assets/creeperoverhaul/animations/spruce.animation.json; output-co/proveniencia.json,evidence-co/CreeperOverhaul-neoforge-1.21.1-4.0.6.jar::data/creeperoverhaul/loot_table/entities/spruce_creeper.json,Não há receita pertinente identificada no JAR; uso direto descrito na coluna Para que serve
Spruce Creeper,Creeper Overhaul,"Creeper hostil; explosão ao armar, salvo variantes com ataque corpo a corpo descritas abaixo","Bioma/tag ""#c:is_taiga""; grupo 2–2, peso 75; evidence-co/CreeperOverhaul-neoforge-1.21.1-4.0.6.jar::data/creeperoverhaul/neoforge/biome_modifier/spruce.json; Y > nível do mar; regra de monstro/escuro e config de spawn habilitada",Herança na morte: Creeper,minecraft:creeper_head,1,"Atacante Creeper carregado, diferente da vítima, com contador de cabeças <1. Chamada herdada Creeper.dropCustomDeathLoot; aumenta contador.",Decoração/cabeça vestível; som de Creeper sobre Note Block,Alta nos arquivos versionados; configuração/datapacks externos não confirmados,/images/bestiary/audited/co/spruce.png,assets/creeperoverhaul/geo/spruce.geo.json; tech/thatgravyboat/creeperoverhaul/client/renderer/normal/CreeperRenderer.class; assets/creeperoverhaul/textures/entity/spruce/spruce_creeper.png; tech/thatgravyboat/creeperoverhaul/client/renderer/normal/CreeperModel.class; tech/thatgravyboat/creeperoverhaul/common/entity/CreeperTypes.class; tech/thatgravyboat/creeperoverhaul/common/entity/base/BaseCreeper.class; tech/thatgravyboat/creeperoverhaul/client/renderer/normal/CreeperGlowLayer.class; tech/thatgravyboat/creeperoverhaul/client/renderer/normal/CreeperPowerLayer.class; tech/thatgravyboat/creeperoverhaul/common/registry/ModEntities.class; tech/thatgravyboat/creeperoverhaul/client/CreepersClient.class; assets/creeperoverhaul/animations/spruce.animation.json; output-co/proveniencia.json,evidence-co/decompiled/BaseCreeper.java (extends Creeper); evidence-vanilla-lote8/cjp.java; evidence/minecraft-1.21.1-client-mappings.txt,Não aplicável
Beach Creeper,Creeper Overhaul,"Creeper hostil; explosão ao armar, salvo variantes com ataque corpo a corpo descritas abaixo","Bioma/tag ""#c:is_beach""; grupo 2–2, peso 75; evidence-co/CreeperOverhaul-neoforge-1.21.1-4.0.6.jar::data/creeperoverhaul/neoforge/biome_modifier/beach.json; Y > nível do mar; regra de monstro/escuro e config de spawn habilitada",Loot de morte,minecraft:gunpowder,0–2,"pool 1: 1 sorteio(s), peso 1/1; com reposição se mais de um sorteio; Saque minecraft:looting: bônus Math.round(nível × sorteio 0–1); limite sem limite explícito","TNT, fogos de artifício e poções arremessáveis",Alta nos arquivos versionados; configuração/datapacks externos não confirmados,/images/bestiary/audited/co/beach.png,assets/creeperoverhaul/geo/beach.geo.json; tech/thatgravyboat/creeperoverhaul/client/renderer/normal/CreeperRenderer.class; assets/creeperoverhaul/textures/entity/beach/beach_creeper.png; tech/thatgravyboat/creeperoverhaul/client/renderer/normal/CreeperModel.class; tech/thatgravyboat/creeperoverhaul/common/entity/CreeperTypes.class; tech/thatgravyboat/creeperoverhaul/common/entity/base/BaseCreeper.class; tech/thatgravyboat/creeperoverhaul/client/renderer/normal/CreeperGlowLayer.class; tech/thatgravyboat/creeperoverhaul/client/renderer/normal/CreeperPowerLayer.class; tech/thatgravyboat/creeperoverhaul/common/registry/ModEntities.class; tech/thatgravyboat/creeperoverhaul/client/CreepersClient.class; assets/creeperoverhaul/animations/beach.animation.json; output-co/proveniencia.json,evidence-co/CreeperOverhaul-neoforge-1.21.1-4.0.6.jar::data/creeperoverhaul/loot_table/entities/beach_creeper.json,[Usos/receitas vanilla](https://minecraft.wiki/w/gunpowder#Crafting)
Beach Creeper,Creeper Overhaul,"Creeper hostil; explosão ao armar, salvo variantes com ataque corpo a corpo descritas abaixo","Bioma/tag ""#c:is_beach""; grupo 2–2, peso 75; evidence-co/CreeperOverhaul-neoforge-1.21.1-4.0.6.jar::data/creeperoverhaul/neoforge/biome_modifier/beach.json; Y > nível do mar; regra de monstro/escuro e config de spawn habilitada",Loot de morte,minecraft:sand,0–2,"pool 2: 1 sorteio(s), peso 1/1; com reposição se mais de um sorteio; Saque minecraft:looting: bônus Math.round(nível × sorteio 0–1); limite sem limite explícito",Vidro e arenito,Alta nos arquivos versionados; configuração/datapacks externos não confirmados,/images/bestiary/audited/co/beach.png,assets/creeperoverhaul/geo/beach.geo.json; tech/thatgravyboat/creeperoverhaul/client/renderer/normal/CreeperRenderer.class; assets/creeperoverhaul/textures/entity/beach/beach_creeper.png; tech/thatgravyboat/creeperoverhaul/client/renderer/normal/CreeperModel.class; tech/thatgravyboat/creeperoverhaul/common/entity/CreeperTypes.class; tech/thatgravyboat/creeperoverhaul/common/entity/base/BaseCreeper.class; tech/thatgravyboat/creeperoverhaul/client/renderer/normal/CreeperGlowLayer.class; tech/thatgravyboat/creeperoverhaul/client/renderer/normal/CreeperPowerLayer.class; tech/thatgravyboat/creeperoverhaul/common/registry/ModEntities.class; tech/thatgravyboat/creeperoverhaul/client/CreepersClient.class; assets/creeperoverhaul/animations/beach.animation.json; output-co/proveniencia.json,evidence-co/CreeperOverhaul-neoforge-1.21.1-4.0.6.jar::data/creeperoverhaul/loot_table/entities/beach_creeper.json,[Usos/receitas vanilla](https://minecraft.wiki/w/sand#Crafting)
Beach Creeper,Creeper Overhaul,"Creeper hostil; explosão ao armar, salvo variantes com ataque corpo a corpo descritas abaixo","Bioma/tag ""#c:is_beach""; grupo 2–2, peso 75; evidence-co/CreeperOverhaul-neoforge-1.21.1-4.0.6.jar::data/creeperoverhaul/neoforge/biome_modifier/beach.json; Y > nível do mar; regra de monstro/escuro e config de spawn habilitada",Loot de morte,minecraft:prismarine_shard,0–2,"pool 3: 1 sorteio(s), peso 1/1; com reposição se mais de um sorteio; Saque minecraft:looting: bônus Math.round(nível × sorteio 0–1); limite sem limite explícito",Blocos de prismarinho e lanterna marinha,Alta nos arquivos versionados; configuração/datapacks externos não confirmados,/images/bestiary/audited/co/beach.png,assets/creeperoverhaul/geo/beach.geo.json; tech/thatgravyboat/creeperoverhaul/client/renderer/normal/CreeperRenderer.class; assets/creeperoverhaul/textures/entity/beach/beach_creeper.png; tech/thatgravyboat/creeperoverhaul/client/renderer/normal/CreeperModel.class; tech/thatgravyboat/creeperoverhaul/common/entity/CreeperTypes.class; tech/thatgravyboat/creeperoverhaul/common/entity/base/BaseCreeper.class; tech/thatgravyboat/creeperoverhaul/client/renderer/normal/CreeperGlowLayer.class; tech/thatgravyboat/creeperoverhaul/client/renderer/normal/CreeperPowerLayer.class; tech/thatgravyboat/creeperoverhaul/common/registry/ModEntities.class; tech/thatgravyboat/creeperoverhaul/client/CreepersClient.class; assets/creeperoverhaul/animations/beach.animation.json; output-co/proveniencia.json,evidence-co/CreeperOverhaul-neoforge-1.21.1-4.0.6.jar::data/creeperoverhaul/loot_table/entities/beach_creeper.json,[Usos/receitas vanilla](https://minecraft.wiki/w/prismarine_shard#Crafting)
Beach Creeper,Creeper Overhaul,"Creeper hostil; explosão ao armar, salvo variantes com ataque corpo a corpo descritas abaixo","Bioma/tag ""#c:is_beach""; grupo 2–2, peso 75; evidence-co/CreeperOverhaul-neoforge-1.21.1-4.0.6.jar::data/creeperoverhaul/neoforge/biome_modifier/beach.json; Y > nível do mar; regra de monstro/escuro e config de spawn habilitada",Loot de morte,minecraft:seagrass,0–2,"pool 4: 1 sorteio(s), peso 1/1; com reposição se mais de um sorteio; Saque minecraft:looting: bônus Math.round(nível × sorteio 0–1); limite sem limite explícito",Alimentar e reproduzir tartarugas,Alta nos arquivos versionados; configuração/datapacks externos não confirmados,/images/bestiary/audited/co/beach.png,assets/creeperoverhaul/geo/beach.geo.json; tech/thatgravyboat/creeperoverhaul/client/renderer/normal/CreeperRenderer.class; assets/creeperoverhaul/textures/entity/beach/beach_creeper.png; tech/thatgravyboat/creeperoverhaul/client/renderer/normal/CreeperModel.class; tech/thatgravyboat/creeperoverhaul/common/entity/CreeperTypes.class; tech/thatgravyboat/creeperoverhaul/common/entity/base/BaseCreeper.class; tech/thatgravyboat/creeperoverhaul/client/renderer/normal/CreeperGlowLayer.class; tech/thatgravyboat/creeperoverhaul/client/renderer/normal/CreeperPowerLayer.class; tech/thatgravyboat/creeperoverhaul/common/registry/ModEntities.class; tech/thatgravyboat/creeperoverhaul/client/CreepersClient.class; assets/creeperoverhaul/animations/beach.animation.json; output-co/proveniencia.json,evidence-co/CreeperOverhaul-neoforge-1.21.1-4.0.6.jar::data/creeperoverhaul/loot_table/entities/beach_creeper.json,[Usos/receitas vanilla](https://minecraft.wiki/w/seagrass#Crafting)
Beach Creeper,Creeper Overhaul,"Creeper hostil; explosão ao armar, salvo variantes com ataque corpo a corpo descritas abaixo","Bioma/tag ""#c:is_beach""; grupo 2–2, peso 75; evidence-co/CreeperOverhaul-neoforge-1.21.1-4.0.6.jar::data/creeperoverhaul/neoforge/biome_modifier/beach.json; Y > nível do mar; regra de monstro/escuro e config de spawn habilitada",Loot de morte,minecraft:nautilus_shell,1,"morte atribuída ao jogador; sem Saque 0.5%; Saque I 2.5%, +2 p.p./nível acima de I; pool 5: 1 sorteio(s), peso 1/1; com reposição se mais de um sorteio",Ingrediente do conduíte,Alta nos arquivos versionados; configuração/datapacks externos não confirmados,/images/bestiary/audited/co/beach.png,assets/creeperoverhaul/geo/beach.geo.json; tech/thatgravyboat/creeperoverhaul/client/renderer/normal/CreeperRenderer.class; assets/creeperoverhaul/textures/entity/beach/beach_creeper.png; tech/thatgravyboat/creeperoverhaul/client/renderer/normal/CreeperModel.class; tech/thatgravyboat/creeperoverhaul/common/entity/CreeperTypes.class; tech/thatgravyboat/creeperoverhaul/common/entity/base/BaseCreeper.class; tech/thatgravyboat/creeperoverhaul/client/renderer/normal/CreeperGlowLayer.class; tech/thatgravyboat/creeperoverhaul/client/renderer/normal/CreeperPowerLayer.class; tech/thatgravyboat/creeperoverhaul/common/registry/ModEntities.class; tech/thatgravyboat/creeperoverhaul/client/CreepersClient.class; assets/creeperoverhaul/animations/beach.animation.json; output-co/proveniencia.json,evidence-co/CreeperOverhaul-neoforge-1.21.1-4.0.6.jar::data/creeperoverhaul/loot_table/entities/beach_creeper.json,[Usos/receitas vanilla](https://minecraft.wiki/w/nautilus_shell#Crafting)
Beach Creeper,Creeper Overhaul,"Creeper hostil; explosão ao armar, salvo variantes com ataque corpo a corpo descritas abaixo","Bioma/tag ""#c:is_beach""; grupo 2–2, peso 75; evidence-co/CreeperOverhaul-neoforge-1.21.1-4.0.6.jar::data/creeperoverhaul/neoforge/biome_modifier/beach.json; Y > nível do mar; regra de monstro/escuro e config de spawn habilitada",Loot de morte,#minecraft:creeper_drop_music_discs,1,"attacker satisfaz {""type"": ""#minecraft:skeletons""}; pool 6: 1 sorteio(s), peso 1/1; com reposição se mais de um sorteio",Discos para reprodução na jukebox,Alta nos arquivos versionados; configuração/datapacks externos não confirmados,/images/bestiary/audited/co/beach.png,assets/creeperoverhaul/geo/beach.geo.json; tech/thatgravyboat/creeperoverhaul/client/renderer/normal/CreeperRenderer.class; assets/creeperoverhaul/textures/entity/beach/beach_creeper.png; tech/thatgravyboat/creeperoverhaul/client/renderer/normal/CreeperModel.class; tech/thatgravyboat/creeperoverhaul/common/entity/CreeperTypes.class; tech/thatgravyboat/creeperoverhaul/common/entity/base/BaseCreeper.class; tech/thatgravyboat/creeperoverhaul/client/renderer/normal/CreeperGlowLayer.class; tech/thatgravyboat/creeperoverhaul/client/renderer/normal/CreeperPowerLayer.class; tech/thatgravyboat/creeperoverhaul/common/registry/ModEntities.class; tech/thatgravyboat/creeperoverhaul/client/CreepersClient.class; assets/creeperoverhaul/animations/beach.animation.json; output-co/proveniencia.json,evidence-co/CreeperOverhaul-neoforge-1.21.1-4.0.6.jar::data/creeperoverhaul/loot_table/entities/beach_creeper.json,Não há receita pertinente identificada no JAR; uso direto descrito na coluna Para que serve
Beach Creeper,Creeper Overhaul,"Creeper hostil; explosão ao armar, salvo variantes com ataque corpo a corpo descritas abaixo","Bioma/tag ""#c:is_beach""; grupo 2–2, peso 75; evidence-co/CreeperOverhaul-neoforge-1.21.1-4.0.6.jar::data/creeperoverhaul/neoforge/biome_modifier/beach.json; Y > nível do mar; regra de monstro/escuro e config de spawn habilitada",Herança na morte: Creeper,minecraft:creeper_head,1,"Atacante Creeper carregado, diferente da vítima, com contador de cabeças <1. Chamada herdada Creeper.dropCustomDeathLoot; aumenta contador.",Decoração/cabeça vestível; som de Creeper sobre Note Block,Alta nos arquivos versionados; configuração/datapacks externos não confirmados,/images/bestiary/audited/co/beach.png,assets/creeperoverhaul/geo/beach.geo.json; tech/thatgravyboat/creeperoverhaul/client/renderer/normal/CreeperRenderer.class; assets/creeperoverhaul/textures/entity/beach/beach_creeper.png; tech/thatgravyboat/creeperoverhaul/client/renderer/normal/CreeperModel.class; tech/thatgravyboat/creeperoverhaul/common/entity/CreeperTypes.class; tech/thatgravyboat/creeperoverhaul/common/entity/base/BaseCreeper.class; tech/thatgravyboat/creeperoverhaul/client/renderer/normal/CreeperGlowLayer.class; tech/thatgravyboat/creeperoverhaul/client/renderer/normal/CreeperPowerLayer.class; tech/thatgravyboat/creeperoverhaul/common/registry/ModEntities.class; tech/thatgravyboat/creeperoverhaul/client/CreepersClient.class; assets/creeperoverhaul/animations/beach.animation.json; output-co/proveniencia.json,evidence-co/decompiled/BaseCreeper.java (extends Creeper); evidence-vanilla-lote8/cjp.java; evidence/minecraft-1.21.1-client-mappings.txt,Não aplicável
Snowy Creeper,Creeper Overhaul,Creeper com ataque corpo a corpo (CreeperType.setMelee); armação normal suprimida,"Bioma/tag ""#c:is_snowy""; grupo 2–2, peso 75; evidence-co/CreeperOverhaul-neoforge-1.21.1-4.0.6.jar::data/creeperoverhaul/neoforge/biome_modifier/snowy.json; Y > nível do mar; solo grass/podzol/mycelium/#dirt ou folhas; regra sem teste explícito de escuridão, dificuldade não Pacífico",Loot de morte,minecraft:white_wool,0–2,"pool 1: 1 sorteio(s), peso 1/1; com reposição se mais de um sorteio; Saque minecraft:looting: bônus Math.round(nível × sorteio 0–2); limite sem limite explícito","Cama, construção e decoração",Alta nos arquivos versionados; configuração/datapacks externos não confirmados,/images/bestiary/audited/co/snowy.png,assets/creeperoverhaul/geo/snowy.geo.json; tech/thatgravyboat/creeperoverhaul/client/renderer/normal/CreeperRenderer.class; assets/creeperoverhaul/textures/entity/snowy/snowy_creeper.png; tech/thatgravyboat/creeperoverhaul/client/renderer/normal/CreeperModel.class; tech/thatgravyboat/creeperoverhaul/common/entity/CreeperTypes.class; tech/thatgravyboat/creeperoverhaul/common/entity/base/BaseCreeper.class; tech/thatgravyboat/creeperoverhaul/client/renderer/normal/CreeperGlowLayer.class; tech/thatgravyboat/creeperoverhaul/client/renderer/normal/CreeperPowerLayer.class; tech/thatgravyboat/creeperoverhaul/common/registry/ModEntities.class; tech/thatgravyboat/creeperoverhaul/client/CreepersClient.class; assets/creeperoverhaul/animations/snowy.animation.json; output-co/proveniencia.json,evidence-co/CreeperOverhaul-neoforge-1.21.1-4.0.6.jar::data/creeperoverhaul/loot_table/entities/snowy_creeper.json,[Usos/receitas vanilla](https://minecraft.wiki/w/white_wool#Crafting)
Snowy Creeper,Creeper Overhaul,Creeper com ataque corpo a corpo (CreeperType.setMelee); armação normal suprimida,"Bioma/tag ""#c:is_snowy""; grupo 2–2, peso 75; evidence-co/CreeperOverhaul-neoforge-1.21.1-4.0.6.jar::data/creeperoverhaul/neoforge/biome_modifier/snowy.json; Y > nível do mar; solo grass/podzol/mycelium/#dirt ou folhas; regra sem teste explícito de escuridão, dificuldade não Pacífico",Herança na morte: Creeper,minecraft:creeper_head,1,"Atacante Creeper carregado, diferente da vítima, com contador de cabeças <1. Chamada herdada Creeper.dropCustomDeathLoot; aumenta contador.",Decoração/cabeça vestível; som de Creeper sobre Note Block,Alta nos arquivos versionados; configuração/datapacks externos não confirmados,/images/bestiary/audited/co/snowy.png,assets/creeperoverhaul/geo/snowy.geo.json; tech/thatgravyboat/creeperoverhaul/client/renderer/normal/CreeperRenderer.class; assets/creeperoverhaul/textures/entity/snowy/snowy_creeper.png; tech/thatgravyboat/creeperoverhaul/client/renderer/normal/CreeperModel.class; tech/thatgravyboat/creeperoverhaul/common/entity/CreeperTypes.class; tech/thatgravyboat/creeperoverhaul/common/entity/base/BaseCreeper.class; tech/thatgravyboat/creeperoverhaul/client/renderer/normal/CreeperGlowLayer.class; tech/thatgravyboat/creeperoverhaul/client/renderer/normal/CreeperPowerLayer.class; tech/thatgravyboat/creeperoverhaul/common/registry/ModEntities.class; tech/thatgravyboat/creeperoverhaul/client/CreepersClient.class; assets/creeperoverhaul/animations/snowy.animation.json; output-co/proveniencia.json,evidence-co/decompiled/BaseCreeper.java (extends Creeper); evidence-vanilla-lote8/cjp.java; evidence/minecraft-1.21.1-client-mappings.txt,Não aplicável
Ocean Creeper,Creeper Overhaul,Creeper aquático tipo baiacu; ataque corpo a corpo e Poison; canSwell=false,"Bioma/tag [""minecraft:lukewarm_ocean"", ""minecraft:deep_lukewarm_ocean"", ""minecraft:warm_ocean""]; grupo 1–1, peso 1; evidence-co/CreeperOverhaul-neoforge-1.21.1-4.0.6.jar::data/creeperoverhaul/neoforge/biome_modifier/ocean.json; Y entre nível do mar−13 e nível do mar; água abaixo e acima",Loot de morte,minecraft:cod,0–2,"pool 1: 1 sorteio(s), peso 1/1; com reposição se mais de um sorteio; Saque minecraft:looting: bônus Math.round(nível × sorteio 0–2); limite sem limite explícito",Alimento e interação com gatos,Alta nos arquivos versionados; configuração/datapacks externos não confirmados,/images/bestiary/audited/co/ocean-brown-1.png,assets/creeperoverhaul/geo/ocean_1.geo.json; tech/thatgravyboat/creeperoverhaul/client/renderer/normal/CreeperRenderer.class; assets/creeperoverhaul/textures/entity/ocean/brown_1.png; tech/thatgravyboat/creeperoverhaul/client/renderer/normal/CreeperModel.class; tech/thatgravyboat/creeperoverhaul/common/entity/CreeperTypes.class; tech/thatgravyboat/creeperoverhaul/common/entity/base/BaseCreeper.class; tech/thatgravyboat/creeperoverhaul/client/renderer/normal/CreeperGlowLayer.class; tech/thatgravyboat/creeperoverhaul/client/renderer/normal/CreeperPowerLayer.class; tech/thatgravyboat/creeperoverhaul/common/registry/ModEntities.class; tech/thatgravyboat/creeperoverhaul/client/CreepersClient.class; assets/creeperoverhaul/animations/ocean.animation.json; tech/thatgravyboat/creeperoverhaul/common/entity/custom/PufferfishCreeper.class; output-co/proveniencia.json,evidence-co/CreeperOverhaul-neoforge-1.21.1-4.0.6.jar::data/creeperoverhaul/loot_table/entities/ocean_creeper.json,[Usos/receitas vanilla](https://minecraft.wiki/w/cod#Crafting)
Ocean Creeper,Creeper Overhaul,Creeper aquático tipo baiacu; ataque corpo a corpo e Poison; canSwell=false,"Bioma/tag [""minecraft:lukewarm_ocean"", ""minecraft:deep_lukewarm_ocean"", ""minecraft:warm_ocean""]; grupo 1–1, peso 1; evidence-co/CreeperOverhaul-neoforge-1.21.1-4.0.6.jar::data/creeperoverhaul/neoforge/biome_modifier/ocean.json; Y entre nível do mar−13 e nível do mar; água abaixo e acima",Loot de morte,minecraft:salmon,0–2,"pool 2: 1 sorteio(s), peso 1/1; com reposição se mais de um sorteio; Saque minecraft:looting: bônus Math.round(nível × sorteio 0–2); limite sem limite explícito",Alimento e interação com gatos,Alta nos arquivos versionados; configuração/datapacks externos não confirmados,/images/bestiary/audited/co/ocean-brown-1.png,assets/creeperoverhaul/geo/ocean_1.geo.json; tech/thatgravyboat/creeperoverhaul/client/renderer/normal/CreeperRenderer.class; assets/creeperoverhaul/textures/entity/ocean/brown_1.png; tech/thatgravyboat/creeperoverhaul/client/renderer/normal/CreeperModel.class; tech/thatgravyboat/creeperoverhaul/common/entity/CreeperTypes.class; tech/thatgravyboat/creeperoverhaul/common/entity/base/BaseCreeper.class; tech/thatgravyboat/creeperoverhaul/client/renderer/normal/CreeperGlowLayer.class; tech/thatgravyboat/creeperoverhaul/client/renderer/normal/CreeperPowerLayer.class; tech/thatgravyboat/creeperoverhaul/common/registry/ModEntities.class; tech/thatgravyboat/creeperoverhaul/client/CreepersClient.class; assets/creeperoverhaul/animations/ocean.animation.json; tech/thatgravyboat/creeperoverhaul/common/entity/custom/PufferfishCreeper.class; output-co/proveniencia.json,evidence-co/CreeperOverhaul-neoforge-1.21.1-4.0.6.jar::data/creeperoverhaul/loot_table/entities/ocean_creeper.json,[Usos/receitas vanilla](https://minecraft.wiki/w/salmon#Crafting)
Ocean Creeper,Creeper Overhaul,Creeper aquático tipo baiacu; ataque corpo a corpo e Poison; canSwell=false,"Bioma/tag [""minecraft:lukewarm_ocean"", ""minecraft:deep_lukewarm_ocean"", ""minecraft:warm_ocean""]; grupo 1–1, peso 1; evidence-co/CreeperOverhaul-neoforge-1.21.1-4.0.6.jar::data/creeperoverhaul/neoforge/biome_modifier/ocean.json; Y entre nível do mar−13 e nível do mar; água abaixo e acima",Loot de morte,#minecraft:creeper_drop_music_discs,1,"attacker satisfaz {""type"": ""#minecraft:skeletons""}; pool 3: 1 sorteio(s), peso 1/1; com reposição se mais de um sorteio",Discos para reprodução na jukebox,Alta nos arquivos versionados; configuração/datapacks externos não confirmados,/images/bestiary/audited/co/ocean-brown-1.png,assets/creeperoverhaul/geo/ocean_1.geo.json; tech/thatgravyboat/creeperoverhaul/client/renderer/normal/CreeperRenderer.class; assets/creeperoverhaul/textures/entity/ocean/brown_1.png; tech/thatgravyboat/creeperoverhaul/client/renderer/normal/CreeperModel.class; tech/thatgravyboat/creeperoverhaul/common/entity/CreeperTypes.class; tech/thatgravyboat/creeperoverhaul/common/entity/base/BaseCreeper.class; tech/thatgravyboat/creeperoverhaul/client/renderer/normal/CreeperGlowLayer.class; tech/thatgravyboat/creeperoverhaul/client/renderer/normal/CreeperPowerLayer.class; tech/thatgravyboat/creeperoverhaul/common/registry/ModEntities.class; tech/thatgravyboat/creeperoverhaul/client/CreepersClient.class; assets/creeperoverhaul/animations/ocean.animation.json; tech/thatgravyboat/creeperoverhaul/common/entity/custom/PufferfishCreeper.class; output-co/proveniencia.json,evidence-co/CreeperOverhaul-neoforge-1.21.1-4.0.6.jar::data/creeperoverhaul/loot_table/entities/ocean_creeper.json,Não há receita pertinente identificada no JAR; uso direto descrito na coluna Para que serve
Ocean Creeper,Creeper Overhaul,Creeper aquático tipo baiacu; ataque corpo a corpo e Poison; canSwell=false,"Bioma/tag [""minecraft:lukewarm_ocean"", ""minecraft:deep_lukewarm_ocean"", ""minecraft:warm_ocean""]; grupo 1–1, peso 1; evidence-co/CreeperOverhaul-neoforge-1.21.1-4.0.6.jar::data/creeperoverhaul/neoforge/biome_modifier/ocean.json; Y entre nível do mar−13 e nível do mar; água abaixo e acima",Herança na morte: Creeper,minecraft:creeper_head,1,"Atacante Creeper carregado, diferente da vítima, com contador de cabeças <1. Chamada herdada Creeper.dropCustomDeathLoot; aumenta contador.",Decoração/cabeça vestível; som de Creeper sobre Note Block,Alta nos arquivos versionados; configuração/datapacks externos não confirmados,/images/bestiary/audited/co/ocean-brown-1.png,assets/creeperoverhaul/geo/ocean_1.geo.json; tech/thatgravyboat/creeperoverhaul/client/renderer/normal/CreeperRenderer.class; assets/creeperoverhaul/textures/entity/ocean/brown_1.png; tech/thatgravyboat/creeperoverhaul/client/renderer/normal/CreeperModel.class; tech/thatgravyboat/creeperoverhaul/common/entity/CreeperTypes.class; tech/thatgravyboat/creeperoverhaul/common/entity/base/BaseCreeper.class; tech/thatgravyboat/creeperoverhaul/client/renderer/normal/CreeperGlowLayer.class; tech/thatgravyboat/creeperoverhaul/client/renderer/normal/CreeperPowerLayer.class; tech/thatgravyboat/creeperoverhaul/common/registry/ModEntities.class; tech/thatgravyboat/creeperoverhaul/client/CreepersClient.class; assets/creeperoverhaul/animations/ocean.animation.json; tech/thatgravyboat/creeperoverhaul/common/entity/custom/PufferfishCreeper.class; output-co/proveniencia.json,evidence-co/decompiled/BaseCreeper.java (extends Creeper); evidence-vanilla-lote8/cjp.java; evidence/minecraft-1.21.1-client-mappings.txt,Não aplicável
Ocean Creeper,Creeper Overhaul,Creeper aquático tipo baiacu; ataque corpo a corpo e Poison; canSwell=false,"Bioma/tag [""minecraft:lukewarm_ocean"", ""minecraft:deep_lukewarm_ocean"", ""minecraft:warm_ocean""]; grupo 1–1, peso 1; evidence-co/CreeperOverhaul-neoforge-1.21.1-4.0.6.jar::data/creeperoverhaul/neoforge/biome_modifier/ocean.json; Y entre nível do mar−13 e nível do mar; água abaixo e acima",Mecânica especial,Poison I,60 × puffState ticks,Ataque com dano base 6+puffState; multiplica por 2 quando carregado. canSwell=false.,"Risco de combate, não item",Alta nos arquivos versionados; configuração/datapacks externos não confirmados,/images/bestiary/audited/co/ocean-brown-1.png,assets/creeperoverhaul/geo/ocean_1.geo.json; tech/thatgravyboat/creeperoverhaul/client/renderer/normal/CreeperRenderer.class; assets/creeperoverhaul/textures/entity/ocean/brown_1.png; tech/thatgravyboat/creeperoverhaul/client/renderer/normal/CreeperModel.class; tech/thatgravyboat/creeperoverhaul/common/entity/CreeperTypes.class; tech/thatgravyboat/creeperoverhaul/common/entity/base/BaseCreeper.class; tech/thatgravyboat/creeperoverhaul/client/renderer/normal/CreeperGlowLayer.class; tech/thatgravyboat/creeperoverhaul/client/renderer/normal/CreeperPowerLayer.class; tech/thatgravyboat/creeperoverhaul/common/registry/ModEntities.class; tech/thatgravyboat/creeperoverhaul/client/CreepersClient.class; assets/creeperoverhaul/animations/ocean.animation.json; tech/thatgravyboat/creeperoverhaul/common/entity/custom/PufferfishCreeper.class; output-co/proveniencia.json,evidence-co/decompiled/BaseCreeper.java:explode; evidence-co/decompiled/CreeperTypes.java; evidence-co/decompiled/PufferfishCreeper.java,Não aplicável
Birch Creeper,Creeper Overhaul,"Creeper hostil; explosão ao armar, salvo variantes com ataque corpo a corpo descritas abaixo","Bioma/tag ""#c:is_birch_forest""; grupo 2–2, peso 75; evidence-co/CreeperOverhaul-neoforge-1.21.1-4.0.6.jar::data/creeperoverhaul/neoforge/biome_modifier/birch.json; Y > nível do mar; regra de monstro/escuro e config de spawn habilitada",Loot de morte,minecraft:gunpowder,0–2,"pool 1: 1 sorteio(s), peso 1/1; com reposição se mais de um sorteio; Saque minecraft:looting: bônus Math.round(nível × sorteio 0–1); limite sem limite explícito","TNT, fogos de artifício e poções arremessáveis",Alta nos arquivos versionados; configuração/datapacks externos não confirmados,/images/bestiary/audited/co/birch.png,assets/creeperoverhaul/geo/birch.geo.json; tech/thatgravyboat/creeperoverhaul/client/renderer/normal/CreeperRenderer.class; assets/creeperoverhaul/textures/entity/birch/birch_creeper.png; tech/thatgravyboat/creeperoverhaul/client/renderer/normal/CreeperModel.class; tech/thatgravyboat/creeperoverhaul/common/entity/CreeperTypes.class; tech/thatgravyboat/creeperoverhaul/common/entity/base/BaseCreeper.class; tech/thatgravyboat/creeperoverhaul/client/renderer/normal/CreeperGlowLayer.class; tech/thatgravyboat/creeperoverhaul/client/renderer/normal/CreeperPowerLayer.class; tech/thatgravyboat/creeperoverhaul/common/registry/ModEntities.class; tech/thatgravyboat/creeperoverhaul/client/CreepersClient.class; assets/creeperoverhaul/animations/birch.animation.json; output-co/proveniencia.json,evidence-co/CreeperOverhaul-neoforge-1.21.1-4.0.6.jar::data/creeperoverhaul/loot_table/entities/birch_creeper.json,[Usos/receitas vanilla](https://minecraft.wiki/w/gunpowder#Crafting)
Birch Creeper,Creeper Overhaul,"Creeper hostil; explosão ao armar, salvo variantes com ataque corpo a corpo descritas abaixo","Bioma/tag ""#c:is_birch_forest""; grupo 2–2, peso 75; evidence-co/CreeperOverhaul-neoforge-1.21.1-4.0.6.jar::data/creeperoverhaul/neoforge/biome_modifier/birch.json; Y > nível do mar; regra de monstro/escuro e config de spawn habilitada",Loot de morte,minecraft:birch_log,0–2,"pool 2: 1 sorteio(s), peso 1/1; com reposição se mais de um sorteio; Saque minecraft:looting: bônus Math.round(nível × sorteio 0–1); limite sem limite explícito","Tábuas de bétula, construção e combustível",Alta nos arquivos versionados; configuração/datapacks externos não confirmados,/images/bestiary/audited/co/birch.png,assets/creeperoverhaul/geo/birch.geo.json; tech/thatgravyboat/creeperoverhaul/client/renderer/normal/CreeperRenderer.class; assets/creeperoverhaul/textures/entity/birch/birch_creeper.png; tech/thatgravyboat/creeperoverhaul/client/renderer/normal/CreeperModel.class; tech/thatgravyboat/creeperoverhaul/common/entity/CreeperTypes.class; tech/thatgravyboat/creeperoverhaul/common/entity/base/BaseCreeper.class; tech/thatgravyboat/creeperoverhaul/client/renderer/normal/CreeperGlowLayer.class; tech/thatgravyboat/creeperoverhaul/client/renderer/normal/CreeperPowerLayer.class; tech/thatgravyboat/creeperoverhaul/common/registry/ModEntities.class; tech/thatgravyboat/creeperoverhaul/client/CreepersClient.class; assets/creeperoverhaul/animations/birch.animation.json; output-co/proveniencia.json,evidence-co/CreeperOverhaul-neoforge-1.21.1-4.0.6.jar::data/creeperoverhaul/loot_table/entities/birch_creeper.json,[Usos/receitas vanilla](https://minecraft.wiki/w/birch_log#Crafting)
Birch Creeper,Creeper Overhaul,"Creeper hostil; explosão ao armar, salvo variantes com ataque corpo a corpo descritas abaixo","Bioma/tag ""#c:is_birch_forest""; grupo 2–2, peso 75; evidence-co/CreeperOverhaul-neoforge-1.21.1-4.0.6.jar::data/creeperoverhaul/neoforge/biome_modifier/birch.json; Y > nível do mar; regra de monstro/escuro e config de spawn habilitada",Loot de morte,#minecraft:creeper_drop_music_discs,1,"attacker satisfaz {""type"": ""#minecraft:skeletons""}; pool 3: 1 sorteio(s), peso 1/1; com reposição se mais de um sorteio",Discos para reprodução na jukebox,Alta nos arquivos versionados; configuração/datapacks externos não confirmados,/images/bestiary/audited/co/birch.png,assets/creeperoverhaul/geo/birch.geo.json; tech/thatgravyboat/creeperoverhaul/client/renderer/normal/CreeperRenderer.class; assets/creeperoverhaul/textures/entity/birch/birch_creeper.png; tech/thatgravyboat/creeperoverhaul/client/renderer/normal/CreeperModel.class; tech/thatgravyboat/creeperoverhaul/common/entity/CreeperTypes.class; tech/thatgravyboat/creeperoverhaul/common/entity/base/BaseCreeper.class; tech/thatgravyboat/creeperoverhaul/client/renderer/normal/CreeperGlowLayer.class; tech/thatgravyboat/creeperoverhaul/client/renderer/normal/CreeperPowerLayer.class; tech/thatgravyboat/creeperoverhaul/common/registry/ModEntities.class; tech/thatgravyboat/creeperoverhaul/client/CreepersClient.class; assets/creeperoverhaul/animations/birch.animation.json; output-co/proveniencia.json,evidence-co/CreeperOverhaul-neoforge-1.21.1-4.0.6.jar::data/creeperoverhaul/loot_table/entities/birch_creeper.json,Não há receita pertinente identificada no JAR; uso direto descrito na coluna Para que serve
Birch Creeper,Creeper Overhaul,"Creeper hostil; explosão ao armar, salvo variantes com ataque corpo a corpo descritas abaixo","Bioma/tag ""#c:is_birch_forest""; grupo 2–2, peso 75; evidence-co/CreeperOverhaul-neoforge-1.21.1-4.0.6.jar::data/creeperoverhaul/neoforge/biome_modifier/birch.json; Y > nível do mar; regra de monstro/escuro e config de spawn habilitada",Herança na morte: Creeper,minecraft:creeper_head,1,"Atacante Creeper carregado, diferente da vítima, com contador de cabeças <1. Chamada herdada Creeper.dropCustomDeathLoot; aumenta contador.",Decoração/cabeça vestível; som de Creeper sobre Note Block,Alta nos arquivos versionados; configuração/datapacks externos não confirmados,/images/bestiary/audited/co/birch.png,assets/creeperoverhaul/geo/birch.geo.json; tech/thatgravyboat/creeperoverhaul/client/renderer/normal/CreeperRenderer.class; assets/creeperoverhaul/textures/entity/birch/birch_creeper.png; tech/thatgravyboat/creeperoverhaul/client/renderer/normal/CreeperModel.class; tech/thatgravyboat/creeperoverhaul/common/entity/CreeperTypes.class; tech/thatgravyboat/creeperoverhaul/common/entity/base/BaseCreeper.class; tech/thatgravyboat/creeperoverhaul/client/renderer/normal/CreeperGlowLayer.class; tech/thatgravyboat/creeperoverhaul/client/renderer/normal/CreeperPowerLayer.class; tech/thatgravyboat/creeperoverhaul/common/registry/ModEntities.class; tech/thatgravyboat/creeperoverhaul/client/CreepersClient.class; assets/creeperoverhaul/animations/birch.animation.json; output-co/proveniencia.json,evidence-co/decompiled/BaseCreeper.java (extends Creeper); evidence-vanilla-lote8/cjp.java; evidence/minecraft-1.21.1-client-mappings.txt,Não aplicável
