Mob,Mod,Categoria/comportamento,Onde encontrar,Mecanismo,Drop/Recompensa,Quantidade,Chance/condição,Para que serve,Confiança,Imagem,Fonte da imagem,Fontes pesquisadas,Crafting
Badlands Enderman,Enderman Overhaul,Enderman neutro; raiva/teleporte e reação ao olhar conforme classe,"Bioma/tag ""#endermanoverhaul:badlands_spawns""; grupo 1–4, peso 10; evidence-eo/endermanoverhaul-neoforge-1.21.1-2.0.3.jar::data/endermanoverhaul/neoforge/biome_modifier/badlands.json; restrições próprias de spawn em evidence-eo/decompiled-full/tech/alexnijjar/endermanoverhaul/common/entities/BadlandsEnderman.java; configuração global e da variante",Loot de morte,minecraft:ender_pearl,0–1,"pool 1: 1 sorteio(s), peso 1/1; com reposição se mais de um sorteio; Saque minecraft:looting: bônus Math.round(nível × sorteio 0–1); limite sem limite explícito",Teleporte; Eye of Ender; pode entrar nas receitas de conversão conforme a tag,Alta nos arquivos versionados; configuração/datapacks externos não confirmados,/images/bestiary/audited/eo/badlands-enderman.png,assets/endermanoverhaul/geo/entity/badlands_enderman.geo.json; tech/alexnijjar/endermanoverhaul/client/renderer/base/BaseEndermanEntityRenderer.class; assets/endermanoverhaul/textures/entity/badlands/badlands_enderman.png; tech/alexnijjar/endermanoverhaul/client/renderer/base/BaseEndermanModel.class; tech/alexnijjar/endermanoverhaul/client/renderer/base/BaseEndermanEntityRenderer.class; tech/alexnijjar/endermanoverhaul/client/renderer/base/CustomEnderEyesLayer.class; tech/alexnijjar/endermanoverhaul/common/entities/base/BaseEnderman.class; tech/alexnijjar/endermanoverhaul/client/EndermanOverhaulClient.class; tech/alexnijjar/endermanoverhaul/common/registry/ModEntityTypes.class; software/bernie/geckolib/renderer/GeoRenderer.class; software/bernie/geckolib/util/Color.class; assets/endermanoverhaul/textures/entity/badlands/badlands_enderman_glow.png; assets/endermanoverhaul/animations/entity/enderman.animation.json; output-eo/proveniencia.json,evidence-eo/endermanoverhaul-neoforge-1.21.1-2.0.3.jar::data/endermanoverhaul/loot_table/entities/badlands_enderman.json,/bestiary/receitas/eo.html#receita-ender-pearl | [Receita ender_pearl](lote-8-mods-2026-10-06/eo-cards-2026-10-06.md#receita-ender-pearl) — evidence-eo/endermanoverhaul-neoforge-1.21.1-2.0.3.jar::data/endermanoverhaul/recipe/ender_pearl.json
Badlands Enderman,Enderman Overhaul,Enderman neutro; raiva/teleporte e reação ao olhar conforme classe,"Bioma/tag ""#endermanoverhaul:badlands_spawns""; grupo 1–4, peso 10; evidence-eo/endermanoverhaul-neoforge-1.21.1-2.0.3.jar::data/endermanoverhaul/neoforge/biome_modifier/badlands.json; restrições próprias de spawn em evidence-eo/decompiled-full/tech/alexnijjar/endermanoverhaul/common/entities/BadlandsEnderman.java; configuração global e da variante",Loot de morte,endermanoverhaul:tiny_skull,1,"sem Saque 10%; Saque I 12.5%, +2.5 p.p./nível acima de I; pool 2: 1 sorteio(s), peso 1/1; com reposição se mais de um sorteio; Saque minecraft:looting: bônus Math.round(nível × sorteio 0–1); limite sem limite explícito","Bloco decorativo pequeno, colocável no chão com rotação; classe TinySkullBlock. Não foi atribuído efeito de combate sem código correspondente.",Alta nos arquivos versionados; configuração/datapacks externos não confirmados,/images/bestiary/audited/eo/badlands-enderman.png,assets/endermanoverhaul/geo/entity/badlands_enderman.geo.json; tech/alexnijjar/endermanoverhaul/client/renderer/base/BaseEndermanEntityRenderer.class; assets/endermanoverhaul/textures/entity/badlands/badlands_enderman.png; tech/alexnijjar/endermanoverhaul/client/renderer/base/BaseEndermanModel.class; tech/alexnijjar/endermanoverhaul/client/renderer/base/BaseEndermanEntityRenderer.class; tech/alexnijjar/endermanoverhaul/client/renderer/base/CustomEnderEyesLayer.class; tech/alexnijjar/endermanoverhaul/common/entities/base/BaseEnderman.class; tech/alexnijjar/endermanoverhaul/client/EndermanOverhaulClient.class; tech/alexnijjar/endermanoverhaul/common/registry/ModEntityTypes.class; software/bernie/geckolib/renderer/GeoRenderer.class; software/bernie/geckolib/util/Color.class; assets/endermanoverhaul/textures/entity/badlands/badlands_enderman_glow.png; assets/endermanoverhaul/animations/entity/enderman.animation.json; output-eo/proveniencia.json,evidence-eo/endermanoverhaul-neoforge-1.21.1-2.0.3.jar::data/endermanoverhaul/loot_table/entities/badlands_enderman.json; evidence-eo/decompiled-full/tech/alexnijjar/endermanoverhaul/common/blocks/TinySkullBlock.java,Não há receita pertinente identificada no JAR; uso direto descrito na coluna Para que serve
Badlands Enderman,Enderman Overhaul,Enderman neutro; raiva/teleporte e reação ao olhar conforme classe,"Bioma/tag ""#endermanoverhaul:badlands_spawns""; grupo 1–4, peso 10; evidence-eo/endermanoverhaul-neoforge-1.21.1-2.0.3.jar::data/endermanoverhaul/neoforge/biome_modifier/badlands.json; restrições próprias de spawn em evidence-eo/decompiled-full/tech/alexnijjar/endermanoverhaul/common/entities/BadlandsEnderman.java; configuração global e da variante",Loot de morte,endermanoverhaul:badlands_hood,1,"sem Saque 10%; Saque I 12.5%, +2.5 p.p./nível acima de I; pool 3: 1 sorteio(s), peso 1/1; com reposição se mais de um sorteio",Armadura no slot de peito (defesa 5); impede provocação por contato visual no BaseEnderman quando vestida. Reparo por couro. Não impede agressão causada por ataques.,Alta nos arquivos versionados; configuração/datapacks externos não confirmados,/images/bestiary/audited/eo/badlands-enderman.png,assets/endermanoverhaul/geo/entity/badlands_enderman.geo.json; tech/alexnijjar/endermanoverhaul/client/renderer/base/BaseEndermanEntityRenderer.class; assets/endermanoverhaul/textures/entity/badlands/badlands_enderman.png; tech/alexnijjar/endermanoverhaul/client/renderer/base/BaseEndermanModel.class; tech/alexnijjar/endermanoverhaul/client/renderer/base/BaseEndermanEntityRenderer.class; tech/alexnijjar/endermanoverhaul/client/renderer/base/CustomEnderEyesLayer.class; tech/alexnijjar/endermanoverhaul/common/entities/base/BaseEnderman.class; tech/alexnijjar/endermanoverhaul/client/EndermanOverhaulClient.class; tech/alexnijjar/endermanoverhaul/common/registry/ModEntityTypes.class; software/bernie/geckolib/renderer/GeoRenderer.class; software/bernie/geckolib/util/Color.class; assets/endermanoverhaul/textures/entity/badlands/badlands_enderman_glow.png; assets/endermanoverhaul/animations/entity/enderman.animation.json; output-eo/proveniencia.json,evidence-eo/endermanoverhaul-neoforge-1.21.1-2.0.3.jar::data/endermanoverhaul/loot_table/entities/badlands_enderman.json; evidence-eo/decompiled-full/tech/alexnijjar/endermanoverhaul/common/items/HoodItem.java; evidence-eo/decompiled-full/tech/alexnijjar/endermanoverhaul/common/registry/ModArmorMaterials.java; evidence-eo/decompiled-full/tech/alexnijjar/endermanoverhaul/common/entities/base/BaseEnderman.java:isLookingAtMe,Não há receita pertinente identificada no JAR; uso direto descrito na coluna Para que serve
Badlands Enderman,Enderman Overhaul,Enderman neutro; raiva/teleporte e reação ao olhar conforme classe,"Bioma/tag ""#endermanoverhaul:badlands_spawns""; grupo 1–4, peso 10; evidence-eo/endermanoverhaul-neoforge-1.21.1-2.0.3.jar::data/endermanoverhaul/neoforge/biome_modifier/badlands.json; restrições próprias de spawn em evidence-eo/decompiled-full/tech/alexnijjar/endermanoverhaul/common/entities/BadlandsEnderman.java; configuração global e da variante",Herança na morte: bloco carregado,Loot do bloco efetivamente carregado,Resultado da tabela do bloco; normalmente 1,Somente se carriedBlock != null; EnderMan.dropCustomDeathLoot avalia tabela do bloco com ferramenta de Silk Touch. Variantes que não recolhem blocos normalmente não terão esse estado.,Recuperar o bloco recolhido; não adicionar um bloco fixo por variante,Alta nos arquivos versionados; configuração/datapacks externos não confirmados,/images/bestiary/audited/eo/badlands-enderman.png,assets/endermanoverhaul/geo/entity/badlands_enderman.geo.json; tech/alexnijjar/endermanoverhaul/client/renderer/base/BaseEndermanEntityRenderer.class; assets/endermanoverhaul/textures/entity/badlands/badlands_enderman.png; tech/alexnijjar/endermanoverhaul/client/renderer/base/BaseEndermanModel.class; tech/alexnijjar/endermanoverhaul/client/renderer/base/BaseEndermanEntityRenderer.class; tech/alexnijjar/endermanoverhaul/client/renderer/base/CustomEnderEyesLayer.class; tech/alexnijjar/endermanoverhaul/common/entities/base/BaseEnderman.class; tech/alexnijjar/endermanoverhaul/client/EndermanOverhaulClient.class; tech/alexnijjar/endermanoverhaul/common/registry/ModEntityTypes.class; software/bernie/geckolib/renderer/GeoRenderer.class; software/bernie/geckolib/util/Color.class; assets/endermanoverhaul/textures/entity/badlands/badlands_enderman_glow.png; assets/endermanoverhaul/animations/entity/enderman.animation.json; output-eo/proveniencia.json,evidence-eo/decompiled-full/tech/alexnijjar/endermanoverhaul/common/entities/base/BaseEnderman.java; evidence-vanilla-lote8/cjt.java; evidence/minecraft-1.21.1-client-mappings.txt,Não aplicável
Cave Enderman,Enderman Overhaul,Enderman neutro; raiva/teleporte e reação ao olhar conforme classe,"Bioma/tag ""#endermanoverhaul:cave_spawns""; grupo 1–1, peso 2; evidence-eo/endermanoverhaul-neoforge-1.21.1-2.0.3.jar::data/endermanoverhaul/neoforge/biome_modifier/cave.json; restrições próprias de spawn em evidence-eo/decompiled-full/tech/alexnijjar/endermanoverhaul/common/entities/CaveEnderman.java; configuração global e da variante",Loot de morte,minecraft:ender_pearl,0–1,"pool 1: 1 sorteio(s), peso 1/1; com reposição se mais de um sorteio; Saque minecraft:looting: bônus Math.round(nível × sorteio 0–1); limite sem limite explícito",Teleporte; Eye of Ender; pode entrar nas receitas de conversão conforme a tag,Alta nos arquivos versionados; configuração/datapacks externos não confirmados,/images/bestiary/audited/eo/cave-enderman.png,assets/endermanoverhaul/geo/entity/cave_enderman.geo.json; tech/alexnijjar/endermanoverhaul/client/renderer/base/BaseEndermanEntityRenderer.class; assets/endermanoverhaul/textures/entity/cave/cave_enderman.png; tech/alexnijjar/endermanoverhaul/client/renderer/base/BaseEndermanModel.class; tech/alexnijjar/endermanoverhaul/client/renderer/base/BaseEndermanEntityRenderer.class; tech/alexnijjar/endermanoverhaul/client/renderer/base/CustomEnderEyesLayer.class; tech/alexnijjar/endermanoverhaul/common/entities/base/BaseEnderman.class; tech/alexnijjar/endermanoverhaul/client/EndermanOverhaulClient.class; tech/alexnijjar/endermanoverhaul/common/registry/ModEntityTypes.class; software/bernie/geckolib/renderer/GeoRenderer.class; software/bernie/geckolib/util/Color.class; assets/endermanoverhaul/textures/entity/cave/cave_enderman_glow.png; assets/endermanoverhaul/animations/entity/enderman.animation.json; output-eo/proveniencia.json,evidence-eo/endermanoverhaul-neoforge-1.21.1-2.0.3.jar::data/endermanoverhaul/loot_table/entities/cave_enderman.json,/bestiary/receitas/eo.html#receita-ender-pearl | [Receita ender_pearl](lote-8-mods-2026-10-06/eo-cards-2026-10-06.md#receita-ender-pearl) — evidence-eo/endermanoverhaul-neoforge-1.21.1-2.0.3.jar::data/endermanoverhaul/recipe/ender_pearl.json
Cave Enderman,Enderman Overhaul,Enderman neutro; raiva/teleporte e reação ao olhar conforme classe,"Bioma/tag ""#endermanoverhaul:cave_spawns""; grupo 1–1, peso 2; evidence-eo/endermanoverhaul-neoforge-1.21.1-2.0.3.jar::data/endermanoverhaul/neoforge/biome_modifier/cave.json; restrições próprias de spawn em evidence-eo/decompiled-full/tech/alexnijjar/endermanoverhaul/common/entities/CaveEnderman.java; configuração global e da variante",Loot de morte,minecraft:coal,0–3,"pool 2: 1 sorteio(s), peso 1/1; com reposição se mais de um sorteio; Saque minecraft:looting: bônus Math.round(nível × sorteio 0–1); limite sem limite explícito",Combustível e tochas,Alta nos arquivos versionados; configuração/datapacks externos não confirmados,/images/bestiary/audited/eo/cave-enderman.png,assets/endermanoverhaul/geo/entity/cave_enderman.geo.json; tech/alexnijjar/endermanoverhaul/client/renderer/base/BaseEndermanEntityRenderer.class; assets/endermanoverhaul/textures/entity/cave/cave_enderman.png; tech/alexnijjar/endermanoverhaul/client/renderer/base/BaseEndermanModel.class; tech/alexnijjar/endermanoverhaul/client/renderer/base/BaseEndermanEntityRenderer.class; tech/alexnijjar/endermanoverhaul/client/renderer/base/CustomEnderEyesLayer.class; tech/alexnijjar/endermanoverhaul/common/entities/base/BaseEnderman.class; tech/alexnijjar/endermanoverhaul/client/EndermanOverhaulClient.class; tech/alexnijjar/endermanoverhaul/common/registry/ModEntityTypes.class; software/bernie/geckolib/renderer/GeoRenderer.class; software/bernie/geckolib/util/Color.class; assets/endermanoverhaul/textures/entity/cave/cave_enderman_glow.png; assets/endermanoverhaul/animations/entity/enderman.animation.json; output-eo/proveniencia.json,evidence-eo/endermanoverhaul-neoforge-1.21.1-2.0.3.jar::data/endermanoverhaul/loot_table/entities/cave_enderman.json,[Usos/receitas vanilla](https://minecraft.wiki/w/coal#Crafting)
Cave Enderman,Enderman Overhaul,Enderman neutro; raiva/teleporte e reação ao olhar conforme classe,"Bioma/tag ""#endermanoverhaul:cave_spawns""; grupo 1–1, peso 2; evidence-eo/endermanoverhaul-neoforge-1.21.1-2.0.3.jar::data/endermanoverhaul/neoforge/biome_modifier/cave.json; restrições próprias de spawn em evidence-eo/decompiled-full/tech/alexnijjar/endermanoverhaul/common/entities/CaveEnderman.java; configuração global e da variante",Loot de morte,minecraft:raw_iron,0–3,"pool 3: 1 sorteio(s), peso 1/1; com reposição se mais de um sorteio; Saque minecraft:looting: bônus Math.round(nível × sorteio 0–1); limite sem limite explícito",Fundir em lingote de ferro,Alta nos arquivos versionados; configuração/datapacks externos não confirmados,/images/bestiary/audited/eo/cave-enderman.png,assets/endermanoverhaul/geo/entity/cave_enderman.geo.json; tech/alexnijjar/endermanoverhaul/client/renderer/base/BaseEndermanEntityRenderer.class; assets/endermanoverhaul/textures/entity/cave/cave_enderman.png; tech/alexnijjar/endermanoverhaul/client/renderer/base/BaseEndermanModel.class; tech/alexnijjar/endermanoverhaul/client/renderer/base/BaseEndermanEntityRenderer.class; tech/alexnijjar/endermanoverhaul/client/renderer/base/CustomEnderEyesLayer.class; tech/alexnijjar/endermanoverhaul/common/entities/base/BaseEnderman.class; tech/alexnijjar/endermanoverhaul/client/EndermanOverhaulClient.class; tech/alexnijjar/endermanoverhaul/common/registry/ModEntityTypes.class; software/bernie/geckolib/renderer/GeoRenderer.class; software/bernie/geckolib/util/Color.class; assets/endermanoverhaul/textures/entity/cave/cave_enderman_glow.png; assets/endermanoverhaul/animations/entity/enderman.animation.json; output-eo/proveniencia.json,evidence-eo/endermanoverhaul-neoforge-1.21.1-2.0.3.jar::data/endermanoverhaul/loot_table/entities/cave_enderman.json,[Usos/receitas vanilla](https://minecraft.wiki/w/raw_iron#Crafting)
Cave Enderman,Enderman Overhaul,Enderman neutro; raiva/teleporte e reação ao olhar conforme classe,"Bioma/tag ""#endermanoverhaul:cave_spawns""; grupo 1–1, peso 2; evidence-eo/endermanoverhaul-neoforge-1.21.1-2.0.3.jar::data/endermanoverhaul/neoforge/biome_modifier/cave.json; restrições próprias de spawn em evidence-eo/decompiled-full/tech/alexnijjar/endermanoverhaul/common/entities/CaveEnderman.java; configuração global e da variante",Loot de morte,minecraft:emerald,0–2,"sem Saque 10%; Saque I 12.5%, +2.5 p.p./nível acima de I; pool 4: 1 sorteio(s), peso 1/1; com reposição se mais de um sorteio; Saque minecraft:looting: bônus Math.round(nível × sorteio 0–1); limite sem limite explícito",Comércio com aldeões e bloco de esmeralda,Alta nos arquivos versionados; configuração/datapacks externos não confirmados,/images/bestiary/audited/eo/cave-enderman.png,assets/endermanoverhaul/geo/entity/cave_enderman.geo.json; tech/alexnijjar/endermanoverhaul/client/renderer/base/BaseEndermanEntityRenderer.class; assets/endermanoverhaul/textures/entity/cave/cave_enderman.png; tech/alexnijjar/endermanoverhaul/client/renderer/base/BaseEndermanModel.class; tech/alexnijjar/endermanoverhaul/client/renderer/base/BaseEndermanEntityRenderer.class; tech/alexnijjar/endermanoverhaul/client/renderer/base/CustomEnderEyesLayer.class; tech/alexnijjar/endermanoverhaul/common/entities/base/BaseEnderman.class; tech/alexnijjar/endermanoverhaul/client/EndermanOverhaulClient.class; tech/alexnijjar/endermanoverhaul/common/registry/ModEntityTypes.class; software/bernie/geckolib/renderer/GeoRenderer.class; software/bernie/geckolib/util/Color.class; assets/endermanoverhaul/textures/entity/cave/cave_enderman_glow.png; assets/endermanoverhaul/animations/entity/enderman.animation.json; output-eo/proveniencia.json,evidence-eo/endermanoverhaul-neoforge-1.21.1-2.0.3.jar::data/endermanoverhaul/loot_table/entities/cave_enderman.json,[Usos/receitas vanilla](https://minecraft.wiki/w/emerald#Crafting)
Cave Enderman,Enderman Overhaul,Enderman neutro; raiva/teleporte e reação ao olhar conforme classe,"Bioma/tag ""#endermanoverhaul:cave_spawns""; grupo 1–1, peso 2; evidence-eo/endermanoverhaul-neoforge-1.21.1-2.0.3.jar::data/endermanoverhaul/neoforge/biome_modifier/cave.json; restrições próprias de spawn em evidence-eo/decompiled-full/tech/alexnijjar/endermanoverhaul/common/entities/CaveEnderman.java; configuração global e da variante",Herança na morte: bloco carregado,Loot do bloco efetivamente carregado,Resultado da tabela do bloco; normalmente 1,Somente se carriedBlock != null; EnderMan.dropCustomDeathLoot avalia tabela do bloco com ferramenta de Silk Touch. Variantes que não recolhem blocos normalmente não terão esse estado.,Recuperar o bloco recolhido; não adicionar um bloco fixo por variante,Alta nos arquivos versionados; configuração/datapacks externos não confirmados,/images/bestiary/audited/eo/cave-enderman.png,assets/endermanoverhaul/geo/entity/cave_enderman.geo.json; tech/alexnijjar/endermanoverhaul/client/renderer/base/BaseEndermanEntityRenderer.class; assets/endermanoverhaul/textures/entity/cave/cave_enderman.png; tech/alexnijjar/endermanoverhaul/client/renderer/base/BaseEndermanModel.class; tech/alexnijjar/endermanoverhaul/client/renderer/base/BaseEndermanEntityRenderer.class; tech/alexnijjar/endermanoverhaul/client/renderer/base/CustomEnderEyesLayer.class; tech/alexnijjar/endermanoverhaul/common/entities/base/BaseEnderman.class; tech/alexnijjar/endermanoverhaul/client/EndermanOverhaulClient.class; tech/alexnijjar/endermanoverhaul/common/registry/ModEntityTypes.class; software/bernie/geckolib/renderer/GeoRenderer.class; software/bernie/geckolib/util/Color.class; assets/endermanoverhaul/textures/entity/cave/cave_enderman_glow.png; assets/endermanoverhaul/animations/entity/enderman.animation.json; output-eo/proveniencia.json,evidence-eo/decompiled-full/tech/alexnijjar/endermanoverhaul/common/entities/base/BaseEnderman.java; evidence-vanilla-lote8/cjt.java; evidence/minecraft-1.21.1-client-mappings.txt,Não aplicável
Coral Enderman,Enderman Overhaul,Enderman neutro; raiva/teleporte e reação ao olhar conforme classe,"Bioma/tag ""#endermanoverhaul:coral_spawns""; grupo 1–2, peso 5; evidence-eo/endermanoverhaul-neoforge-1.21.1-2.0.3.jar::data/endermanoverhaul/neoforge/biome_modifier/coral.json; restrições próprias de spawn em evidence-eo/decompiled-full/tech/alexnijjar/endermanoverhaul/common/entities/CoralEnderman.java; configuração global e da variante",Loot de morte,endermanoverhaul:bubble_pearl,0–1,"pool 1: 1 sorteio(s), peso 1/1; com reposição se mais de um sorteio; Saque minecraft:looting: bônus Math.round(nível × sorteio 0–1); limite sem limite explícito",Teleporte e restauração de ar no destino; pode virar Ender Pearl ou Eye of Ender,Alta nos arquivos versionados; configuração/datapacks externos não confirmados,/images/bestiary/audited/eo/coral-enderman.png,assets/endermanoverhaul/geo/entity/coral_enderman.geo.json; tech/alexnijjar/endermanoverhaul/client/renderer/base/BaseEndermanEntityRenderer.class; assets/endermanoverhaul/textures/entity/coral/coral_enderman.png; tech/alexnijjar/endermanoverhaul/client/renderer/base/BaseEndermanModel.class; tech/alexnijjar/endermanoverhaul/client/renderer/base/BaseEndermanEntityRenderer.class; tech/alexnijjar/endermanoverhaul/client/renderer/base/CustomEnderEyesLayer.class; tech/alexnijjar/endermanoverhaul/common/entities/base/BaseEnderman.class; tech/alexnijjar/endermanoverhaul/client/EndermanOverhaulClient.class; tech/alexnijjar/endermanoverhaul/common/registry/ModEntityTypes.class; software/bernie/geckolib/renderer/GeoRenderer.class; software/bernie/geckolib/util/Color.class; assets/endermanoverhaul/textures/entity/coral/coral_enderman_glow.png; assets/endermanoverhaul/animations/entity/coral_enderman.animation.json; output-eo/proveniencia.json,evidence-eo/endermanoverhaul-neoforge-1.21.1-2.0.3.jar::data/endermanoverhaul/loot_table/entities/coral_enderman.json,/bestiary/receitas/eo.html#receita-ender-eye | [Receita ender_eye](lote-8-mods-2026-10-06/eo-cards-2026-10-06.md#receita-ender-eye) — evidence-eo/endermanoverhaul-neoforge-1.21.1-2.0.3.jar::data/endermanoverhaul/recipe/ender_eye.json; [Receita ender_pearl](lote-8-mods-2026-10-06/eo-cards-2026-10-06.md#receita-ender-pearl) — evidence-eo/endermanoverhaul-neoforge-1.21.1-2.0.3.jar::data/endermanoverhaul/recipe/ender_pearl.json
Coral Enderman,Enderman Overhaul,Enderman neutro; raiva/teleporte e reação ao olhar conforme classe,"Bioma/tag ""#endermanoverhaul:coral_spawns""; grupo 1–2, peso 5; evidence-eo/endermanoverhaul-neoforge-1.21.1-2.0.3.jar::data/endermanoverhaul/neoforge/biome_modifier/coral.json; restrições próprias de spawn em evidence-eo/decompiled-full/tech/alexnijjar/endermanoverhaul/common/entities/CoralEnderman.java; configuração global e da variante",Herança na morte: bloco carregado,Loot do bloco efetivamente carregado,Resultado da tabela do bloco; normalmente 1,Somente se carriedBlock != null; EnderMan.dropCustomDeathLoot avalia tabela do bloco com ferramenta de Silk Touch. Variantes que não recolhem blocos normalmente não terão esse estado.,Recuperar o bloco recolhido; não adicionar um bloco fixo por variante,Alta nos arquivos versionados; configuração/datapacks externos não confirmados,/images/bestiary/audited/eo/coral-enderman.png,assets/endermanoverhaul/geo/entity/coral_enderman.geo.json; tech/alexnijjar/endermanoverhaul/client/renderer/base/BaseEndermanEntityRenderer.class; assets/endermanoverhaul/textures/entity/coral/coral_enderman.png; tech/alexnijjar/endermanoverhaul/client/renderer/base/BaseEndermanModel.class; tech/alexnijjar/endermanoverhaul/client/renderer/base/BaseEndermanEntityRenderer.class; tech/alexnijjar/endermanoverhaul/client/renderer/base/CustomEnderEyesLayer.class; tech/alexnijjar/endermanoverhaul/common/entities/base/BaseEnderman.class; tech/alexnijjar/endermanoverhaul/client/EndermanOverhaulClient.class; tech/alexnijjar/endermanoverhaul/common/registry/ModEntityTypes.class; software/bernie/geckolib/renderer/GeoRenderer.class; software/bernie/geckolib/util/Color.class; assets/endermanoverhaul/textures/entity/coral/coral_enderman_glow.png; assets/endermanoverhaul/animations/entity/coral_enderman.animation.json; output-eo/proveniencia.json,evidence-eo/decompiled-full/tech/alexnijjar/endermanoverhaul/common/entities/base/BaseEnderman.java; evidence-vanilla-lote8/cjt.java; evidence/minecraft-1.21.1-client-mappings.txt,Não aplicável
Crimson Forest Enderman,Enderman Overhaul,Enderman neutro; raiva/teleporte e reação ao olhar conforme classe,"Bioma/tag ""#endermanoverhaul:crimson_forest_spawns""; grupo 1–2, peso 2; evidence-eo/endermanoverhaul-neoforge-1.21.1-2.0.3.jar::data/endermanoverhaul/neoforge/biome_modifier/crimson_forest.json; restrições próprias de spawn em evidence-eo/decompiled-full/tech/alexnijjar/endermanoverhaul/common/entities/CrimsonForestEnderman.java; configuração global e da variante",Loot de morte,endermanoverhaul:crimson_pearl,0–1,"pool 1: 1 sorteio(s), peso 1/1; com reposição se mais de um sorteio; Saque minecraft:looting: bônus Math.round(nível × sorteio 0–1); limite sem limite explícito",Teleporte e efeito Strength II por 15 s no alvo; pode virar Ender Pearl ou Eye of Ender,Alta nos arquivos versionados; configuração/datapacks externos não confirmados,/images/bestiary/audited/eo/crimson-forest-enderman.png,assets/endermanoverhaul/geo/entity/crimson_forest_enderman.geo.json; tech/alexnijjar/endermanoverhaul/client/renderer/base/BaseEndermanEntityRenderer.class; assets/endermanoverhaul/textures/entity/crimson_forest/crimson_forest_enderman.png; tech/alexnijjar/endermanoverhaul/client/renderer/base/BaseEndermanModel.class; tech/alexnijjar/endermanoverhaul/client/renderer/base/BaseEndermanEntityRenderer.class; tech/alexnijjar/endermanoverhaul/client/renderer/base/CustomEnderEyesLayer.class; tech/alexnijjar/endermanoverhaul/common/entities/base/BaseEnderman.class; tech/alexnijjar/endermanoverhaul/client/EndermanOverhaulClient.class; tech/alexnijjar/endermanoverhaul/common/registry/ModEntityTypes.class; software/bernie/geckolib/renderer/GeoRenderer.class; software/bernie/geckolib/util/Color.class; assets/endermanoverhaul/textures/entity/crimson_forest/crimson_forest_enderman_glow.png; assets/endermanoverhaul/animations/entity/enderman.animation.json; output-eo/proveniencia.json,evidence-eo/endermanoverhaul-neoforge-1.21.1-2.0.3.jar::data/endermanoverhaul/loot_table/entities/crimson_forest_enderman.json,/bestiary/receitas/eo.html#receita-ender-eye | [Receita ender_eye](lote-8-mods-2026-10-06/eo-cards-2026-10-06.md#receita-ender-eye) — evidence-eo/endermanoverhaul-neoforge-1.21.1-2.0.3.jar::data/endermanoverhaul/recipe/ender_eye.json; [Receita ender_pearl](lote-8-mods-2026-10-06/eo-cards-2026-10-06.md#receita-ender-pearl) — evidence-eo/endermanoverhaul-neoforge-1.21.1-2.0.3.jar::data/endermanoverhaul/recipe/ender_pearl.json
Crimson Forest Enderman,Enderman Overhaul,Enderman neutro; raiva/teleporte e reação ao olhar conforme classe,"Bioma/tag ""#endermanoverhaul:crimson_forest_spawns""; grupo 1–2, peso 2; evidence-eo/endermanoverhaul-neoforge-1.21.1-2.0.3.jar::data/endermanoverhaul/neoforge/biome_modifier/crimson_forest.json; restrições próprias de spawn em evidence-eo/decompiled-full/tech/alexnijjar/endermanoverhaul/common/entities/CrimsonForestEnderman.java; configuração global e da variante",Loot de morte,minecraft:crimson_fungus,0–3,"pool 2: 1 sorteio(s), peso 1/1; com reposição se mais de um sorteio; Saque minecraft:looting: bônus Math.round(nível × sorteio 0–1); limite sem limite explícito",Cultivo e uso com hoglins,Alta nos arquivos versionados; configuração/datapacks externos não confirmados,/images/bestiary/audited/eo/crimson-forest-enderman.png,assets/endermanoverhaul/geo/entity/crimson_forest_enderman.geo.json; tech/alexnijjar/endermanoverhaul/client/renderer/base/BaseEndermanEntityRenderer.class; assets/endermanoverhaul/textures/entity/crimson_forest/crimson_forest_enderman.png; tech/alexnijjar/endermanoverhaul/client/renderer/base/BaseEndermanModel.class; tech/alexnijjar/endermanoverhaul/client/renderer/base/BaseEndermanEntityRenderer.class; tech/alexnijjar/endermanoverhaul/client/renderer/base/CustomEnderEyesLayer.class; tech/alexnijjar/endermanoverhaul/common/entities/base/BaseEnderman.class; tech/alexnijjar/endermanoverhaul/client/EndermanOverhaulClient.class; tech/alexnijjar/endermanoverhaul/common/registry/ModEntityTypes.class; software/bernie/geckolib/renderer/GeoRenderer.class; software/bernie/geckolib/util/Color.class; assets/endermanoverhaul/textures/entity/crimson_forest/crimson_forest_enderman_glow.png; assets/endermanoverhaul/animations/entity/enderman.animation.json; output-eo/proveniencia.json,evidence-eo/endermanoverhaul-neoforge-1.21.1-2.0.3.jar::data/endermanoverhaul/loot_table/entities/crimson_forest_enderman.json,[Usos/receitas vanilla](https://minecraft.wiki/w/crimson_fungus#Crafting)
Crimson Forest Enderman,Enderman Overhaul,Enderman neutro; raiva/teleporte e reação ao olhar conforme classe,"Bioma/tag ""#endermanoverhaul:crimson_forest_spawns""; grupo 1–2, peso 2; evidence-eo/endermanoverhaul-neoforge-1.21.1-2.0.3.jar::data/endermanoverhaul/neoforge/biome_modifier/crimson_forest.json; restrições próprias de spawn em evidence-eo/decompiled-full/tech/alexnijjar/endermanoverhaul/common/entities/CrimsonForestEnderman.java; configuração global e da variante",Herança na morte: bloco carregado,Loot do bloco efetivamente carregado,Resultado da tabela do bloco; normalmente 1,Somente se carriedBlock != null; EnderMan.dropCustomDeathLoot avalia tabela do bloco com ferramenta de Silk Touch. Variantes que não recolhem blocos normalmente não terão esse estado.,Recuperar o bloco recolhido; não adicionar um bloco fixo por variante,Alta nos arquivos versionados; configuração/datapacks externos não confirmados,/images/bestiary/audited/eo/crimson-forest-enderman.png,assets/endermanoverhaul/geo/entity/crimson_forest_enderman.geo.json; tech/alexnijjar/endermanoverhaul/client/renderer/base/BaseEndermanEntityRenderer.class; assets/endermanoverhaul/textures/entity/crimson_forest/crimson_forest_enderman.png; tech/alexnijjar/endermanoverhaul/client/renderer/base/BaseEndermanModel.class; tech/alexnijjar/endermanoverhaul/client/renderer/base/BaseEndermanEntityRenderer.class; tech/alexnijjar/endermanoverhaul/client/renderer/base/CustomEnderEyesLayer.class; tech/alexnijjar/endermanoverhaul/common/entities/base/BaseEnderman.class; tech/alexnijjar/endermanoverhaul/client/EndermanOverhaulClient.class; tech/alexnijjar/endermanoverhaul/common/registry/ModEntityTypes.class; software/bernie/geckolib/renderer/GeoRenderer.class; software/bernie/geckolib/util/Color.class; assets/endermanoverhaul/textures/entity/crimson_forest/crimson_forest_enderman_glow.png; assets/endermanoverhaul/animations/entity/enderman.animation.json; output-eo/proveniencia.json,evidence-eo/decompiled-full/tech/alexnijjar/endermanoverhaul/common/entities/base/BaseEnderman.java; evidence-vanilla-lote8/cjt.java; evidence/minecraft-1.21.1-client-mappings.txt,Não aplicável
Dark Oak Enderman,Enderman Overhaul,Enderman neutro; raiva/teleporte e reação ao olhar conforme classe,"Bioma/tag ""#endermanoverhaul:dark_oak_spawns""; grupo 1–4, peso 10; evidence-eo/endermanoverhaul-neoforge-1.21.1-2.0.3.jar::data/endermanoverhaul/neoforge/biome_modifier/dark_oak.json; restrições próprias de spawn em evidence-eo/decompiled-full/tech/alexnijjar/endermanoverhaul/common/entities/DarkOakEnderman.java; configuração global e da variante",Loot de morte,minecraft:ender_pearl,0–1,"pool 1: 1 sorteio(s), peso 1/1; com reposição se mais de um sorteio; Saque minecraft:looting: bônus Math.round(nível × sorteio 0–1); limite sem limite explícito",Teleporte; Eye of Ender; pode entrar nas receitas de conversão conforme a tag,Alta nos arquivos versionados; configuração/datapacks externos não confirmados,/images/bestiary/audited/eo/dark-oak-enderman.png,assets/endermanoverhaul/geo/entity/dark_oak_enderman.geo.json; tech/alexnijjar/endermanoverhaul/client/renderer/base/BaseEndermanEntityRenderer.class; assets/endermanoverhaul/textures/entity/dark_oak/dark_oak_enderman.png; tech/alexnijjar/endermanoverhaul/client/renderer/base/BaseEndermanModel.class; tech/alexnijjar/endermanoverhaul/client/renderer/base/BaseEndermanEntityRenderer.class; tech/alexnijjar/endermanoverhaul/client/renderer/base/CustomEnderEyesLayer.class; tech/alexnijjar/endermanoverhaul/common/entities/base/BaseEnderman.class; tech/alexnijjar/endermanoverhaul/client/EndermanOverhaulClient.class; tech/alexnijjar/endermanoverhaul/common/registry/ModEntityTypes.class; software/bernie/geckolib/renderer/GeoRenderer.class; software/bernie/geckolib/util/Color.class; assets/endermanoverhaul/textures/entity/dark_oak/dark_oak_enderman_glow.png; assets/endermanoverhaul/animations/entity/dark_oak_enderman.animation.json; output-eo/proveniencia.json,evidence-eo/endermanoverhaul-neoforge-1.21.1-2.0.3.jar::data/endermanoverhaul/loot_table/entities/dark_oak_enderman.json,/bestiary/receitas/eo.html#receita-ender-pearl | [Receita ender_pearl](lote-8-mods-2026-10-06/eo-cards-2026-10-06.md#receita-ender-pearl) — evidence-eo/endermanoverhaul-neoforge-1.21.1-2.0.3.jar::data/endermanoverhaul/recipe/ender_pearl.json
Dark Oak Enderman,Enderman Overhaul,Enderman neutro; raiva/teleporte e reação ao olhar conforme classe,"Bioma/tag ""#endermanoverhaul:dark_oak_spawns""; grupo 1–4, peso 10; evidence-eo/endermanoverhaul-neoforge-1.21.1-2.0.3.jar::data/endermanoverhaul/neoforge/biome_modifier/dark_oak.json; restrições próprias de spawn em evidence-eo/decompiled-full/tech/alexnijjar/endermanoverhaul/common/entities/DarkOakEnderman.java; configuração global e da variante",Herança na morte: bloco carregado,Loot do bloco efetivamente carregado,Resultado da tabela do bloco; normalmente 1,Somente se carriedBlock != null; EnderMan.dropCustomDeathLoot avalia tabela do bloco com ferramenta de Silk Touch. Variantes que não recolhem blocos normalmente não terão esse estado.,Recuperar o bloco recolhido; não adicionar um bloco fixo por variante,Alta nos arquivos versionados; configuração/datapacks externos não confirmados,/images/bestiary/audited/eo/dark-oak-enderman.png,assets/endermanoverhaul/geo/entity/dark_oak_enderman.geo.json; tech/alexnijjar/endermanoverhaul/client/renderer/base/BaseEndermanEntityRenderer.class; assets/endermanoverhaul/textures/entity/dark_oak/dark_oak_enderman.png; tech/alexnijjar/endermanoverhaul/client/renderer/base/BaseEndermanModel.class; tech/alexnijjar/endermanoverhaul/client/renderer/base/BaseEndermanEntityRenderer.class; tech/alexnijjar/endermanoverhaul/client/renderer/base/CustomEnderEyesLayer.class; tech/alexnijjar/endermanoverhaul/common/entities/base/BaseEnderman.class; tech/alexnijjar/endermanoverhaul/client/EndermanOverhaulClient.class; tech/alexnijjar/endermanoverhaul/common/registry/ModEntityTypes.class; software/bernie/geckolib/renderer/GeoRenderer.class; software/bernie/geckolib/util/Color.class; assets/endermanoverhaul/textures/entity/dark_oak/dark_oak_enderman_glow.png; assets/endermanoverhaul/animations/entity/dark_oak_enderman.animation.json; output-eo/proveniencia.json,evidence-eo/decompiled-full/tech/alexnijjar/endermanoverhaul/common/entities/base/BaseEnderman.java; evidence-vanilla-lote8/cjt.java; evidence/minecraft-1.21.1-client-mappings.txt,Não aplicável
Desert Enderman,Enderman Overhaul,Enderman neutro; raiva/teleporte e reação ao olhar conforme classe,"Bioma/tag ""#endermanoverhaul:desert_spawns""; grupo 1–4, peso 10; evidence-eo/endermanoverhaul-neoforge-1.21.1-2.0.3.jar::data/endermanoverhaul/neoforge/biome_modifier/desert.json; restrições próprias de spawn em evidence-eo/decompiled-full/tech/alexnijjar/endermanoverhaul/common/entities/DesertEnderman.java; configuração global e da variante",Loot de morte,minecraft:ender_pearl,0–1,"pool 1: 1 sorteio(s), peso 1/1; com reposição se mais de um sorteio; Saque minecraft:looting: bônus Math.round(nível × sorteio 0–1); limite sem limite explícito",Teleporte; Eye of Ender; pode entrar nas receitas de conversão conforme a tag,Alta nos arquivos versionados; configuração/datapacks externos não confirmados,/images/bestiary/audited/eo/desert-enderman.png,assets/endermanoverhaul/geo/entity/desert_enderman.geo.json; tech/alexnijjar/endermanoverhaul/client/renderer/base/BaseEndermanEntityRenderer.class; assets/endermanoverhaul/textures/entity/desert/desert_enderman.png; tech/alexnijjar/endermanoverhaul/client/renderer/base/BaseEndermanModel.class; tech/alexnijjar/endermanoverhaul/client/renderer/base/BaseEndermanEntityRenderer.class; tech/alexnijjar/endermanoverhaul/client/renderer/base/CustomEnderEyesLayer.class; tech/alexnijjar/endermanoverhaul/common/entities/base/BaseEnderman.class; tech/alexnijjar/endermanoverhaul/client/EndermanOverhaulClient.class; tech/alexnijjar/endermanoverhaul/common/registry/ModEntityTypes.class; software/bernie/geckolib/renderer/GeoRenderer.class; software/bernie/geckolib/util/Color.class; assets/endermanoverhaul/textures/entity/desert/desert_enderman_glow.png; assets/endermanoverhaul/animations/entity/desert_enderman.animation.json; output-eo/proveniencia.json,evidence-eo/endermanoverhaul-neoforge-1.21.1-2.0.3.jar::data/endermanoverhaul/loot_table/entities/desert_enderman.json,/bestiary/receitas/eo.html#receita-ender-pearl | [Receita ender_pearl](lote-8-mods-2026-10-06/eo-cards-2026-10-06.md#receita-ender-pearl) — evidence-eo/endermanoverhaul-neoforge-1.21.1-2.0.3.jar::data/endermanoverhaul/recipe/ender_pearl.json
Desert Enderman,Enderman Overhaul,Enderman neutro; raiva/teleporte e reação ao olhar conforme classe,"Bioma/tag ""#endermanoverhaul:desert_spawns""; grupo 1–4, peso 10; evidence-eo/endermanoverhaul-neoforge-1.21.1-2.0.3.jar::data/endermanoverhaul/neoforge/biome_modifier/desert.json; restrições próprias de spawn em evidence-eo/decompiled-full/tech/alexnijjar/endermanoverhaul/common/entities/DesertEnderman.java; configuração global e da variante",Loot de morte,minecraft:emerald,0–2,"sem Saque 5%; Saque I 7.5%, +2.5 p.p./nível acima de I; pool 2: 1 sorteio(s), peso 1/1; com reposição se mais de um sorteio; Saque minecraft:looting: bônus Math.round(nível × sorteio 0–1); limite sem limite explícito",Comércio com aldeões e bloco de esmeralda,Alta nos arquivos versionados; configuração/datapacks externos não confirmados,/images/bestiary/audited/eo/desert-enderman.png,assets/endermanoverhaul/geo/entity/desert_enderman.geo.json; tech/alexnijjar/endermanoverhaul/client/renderer/base/BaseEndermanEntityRenderer.class; assets/endermanoverhaul/textures/entity/desert/desert_enderman.png; tech/alexnijjar/endermanoverhaul/client/renderer/base/BaseEndermanModel.class; tech/alexnijjar/endermanoverhaul/client/renderer/base/BaseEndermanEntityRenderer.class; tech/alexnijjar/endermanoverhaul/client/renderer/base/CustomEnderEyesLayer.class; tech/alexnijjar/endermanoverhaul/common/entities/base/BaseEnderman.class; tech/alexnijjar/endermanoverhaul/client/EndermanOverhaulClient.class; tech/alexnijjar/endermanoverhaul/common/registry/ModEntityTypes.class; software/bernie/geckolib/renderer/GeoRenderer.class; software/bernie/geckolib/util/Color.class; assets/endermanoverhaul/textures/entity/desert/desert_enderman_glow.png; assets/endermanoverhaul/animations/entity/desert_enderman.animation.json; output-eo/proveniencia.json,evidence-eo/endermanoverhaul-neoforge-1.21.1-2.0.3.jar::data/endermanoverhaul/loot_table/entities/desert_enderman.json,[Usos/receitas vanilla](https://minecraft.wiki/w/emerald#Crafting)
Desert Enderman,Enderman Overhaul,Enderman neutro; raiva/teleporte e reação ao olhar conforme classe,"Bioma/tag ""#endermanoverhaul:desert_spawns""; grupo 1–4, peso 10; evidence-eo/endermanoverhaul-neoforge-1.21.1-2.0.3.jar::data/endermanoverhaul/neoforge/biome_modifier/desert.json; restrições próprias de spawn em evidence-eo/decompiled-full/tech/alexnijjar/endermanoverhaul/common/entities/DesertEnderman.java; configuração global e da variante",Herança na morte: bloco carregado,Loot do bloco efetivamente carregado,Resultado da tabela do bloco; normalmente 1,Somente se carriedBlock != null; EnderMan.dropCustomDeathLoot avalia tabela do bloco com ferramenta de Silk Touch. Variantes que não recolhem blocos normalmente não terão esse estado.,Recuperar o bloco recolhido; não adicionar um bloco fixo por variante,Alta nos arquivos versionados; configuração/datapacks externos não confirmados,/images/bestiary/audited/eo/desert-enderman.png,assets/endermanoverhaul/geo/entity/desert_enderman.geo.json; tech/alexnijjar/endermanoverhaul/client/renderer/base/BaseEndermanEntityRenderer.class; assets/endermanoverhaul/textures/entity/desert/desert_enderman.png; tech/alexnijjar/endermanoverhaul/client/renderer/base/BaseEndermanModel.class; tech/alexnijjar/endermanoverhaul/client/renderer/base/BaseEndermanEntityRenderer.class; tech/alexnijjar/endermanoverhaul/client/renderer/base/CustomEnderEyesLayer.class; tech/alexnijjar/endermanoverhaul/common/entities/base/BaseEnderman.class; tech/alexnijjar/endermanoverhaul/client/EndermanOverhaulClient.class; tech/alexnijjar/endermanoverhaul/common/registry/ModEntityTypes.class; software/bernie/geckolib/renderer/GeoRenderer.class; software/bernie/geckolib/util/Color.class; assets/endermanoverhaul/textures/entity/desert/desert_enderman_glow.png; assets/endermanoverhaul/animations/entity/desert_enderman.animation.json; output-eo/proveniencia.json,evidence-eo/decompiled-full/tech/alexnijjar/endermanoverhaul/common/entities/base/BaseEnderman.java; evidence-vanilla-lote8/cjt.java; evidence/minecraft-1.21.1-client-mappings.txt,Não aplicável
Desert Enderman,Enderman Overhaul,Enderman neutro; raiva/teleporte e reação ao olhar conforme classe,"Bioma/tag ""#endermanoverhaul:desert_spawns""; grupo 1–4, peso 10; evidence-eo/endermanoverhaul-neoforge-1.21.1-2.0.3.jar::data/endermanoverhaul/neoforge/biome_modifier/desert.json; restrições próprias de spawn em evidence-eo/decompiled-full/tech/alexnijjar/endermanoverhaul/common/entities/DesertEnderman.java; configuração global e da variante",Ao morrer: entidades/projéteis,3 Scarabs,3,Rotina die além dos pools; invocações/projéteis não são pilhas de item. End Islands só dispara se getTarget()!=null.,"Risco ao recolher drops, não recompensa adicional de inventário",Alta nos arquivos versionados; configuração/datapacks externos não confirmados,/images/bestiary/audited/eo/desert-enderman.png,assets/endermanoverhaul/geo/entity/desert_enderman.geo.json; tech/alexnijjar/endermanoverhaul/client/renderer/base/BaseEndermanEntityRenderer.class; assets/endermanoverhaul/textures/entity/desert/desert_enderman.png; tech/alexnijjar/endermanoverhaul/client/renderer/base/BaseEndermanModel.class; tech/alexnijjar/endermanoverhaul/client/renderer/base/BaseEndermanEntityRenderer.class; tech/alexnijjar/endermanoverhaul/client/renderer/base/CustomEnderEyesLayer.class; tech/alexnijjar/endermanoverhaul/common/entities/base/BaseEnderman.class; tech/alexnijjar/endermanoverhaul/client/EndermanOverhaulClient.class; tech/alexnijjar/endermanoverhaul/common/registry/ModEntityTypes.class; software/bernie/geckolib/renderer/GeoRenderer.class; software/bernie/geckolib/util/Color.class; assets/endermanoverhaul/textures/entity/desert/desert_enderman_glow.png; assets/endermanoverhaul/animations/entity/desert_enderman.animation.json; output-eo/proveniencia.json,evidence-eo/decompiled-full/tech/alexnijjar/endermanoverhaul/common/entities/DesertEnderman.java:die,Não aplicável
End Enderman,Enderman Overhaul,Enderman neutro; raiva/teleporte e reação ao olhar conforme classe,"Bioma/tag ""#endermanoverhaul:end_spawns""; grupo 1–2, peso 2; evidence-eo/endermanoverhaul-neoforge-1.21.1-2.0.3.jar::data/endermanoverhaul/neoforge/biome_modifier/end.json; restrições próprias de spawn em evidence-eo/decompiled-full/tech/alexnijjar/endermanoverhaul/common/entities/EndEnderman.java; configuração global e da variante",Loot de morte,endermanoverhaul:corrupted_pearl,0–1,"pool 1: 1 sorteio(s), peso 1/1; com reposição se mais de um sorteio; Saque minecraft:looting: bônus Math.round(nível × sorteio 0–1); limite sem limite explícito",Teleporta o alvo atingido e aplica dano; pode virar Ender Pearl ou Eye of Ender,Alta nos arquivos versionados; configuração/datapacks externos não confirmados,/images/bestiary/audited/eo/end-enderman.png,assets/endermanoverhaul/geo/entity/end_enderman.geo.json; tech/alexnijjar/endermanoverhaul/client/renderer/base/BaseEndermanEntityRenderer.class; assets/endermanoverhaul/textures/entity/end/end_enderman.png; tech/alexnijjar/endermanoverhaul/client/renderer/base/BaseEndermanModel.class; tech/alexnijjar/endermanoverhaul/client/renderer/base/BaseEndermanEntityRenderer.class; tech/alexnijjar/endermanoverhaul/client/renderer/base/CustomEnderEyesLayer.class; tech/alexnijjar/endermanoverhaul/common/entities/base/BaseEnderman.class; tech/alexnijjar/endermanoverhaul/client/EndermanOverhaulClient.class; tech/alexnijjar/endermanoverhaul/common/registry/ModEntityTypes.class; software/bernie/geckolib/renderer/GeoRenderer.class; software/bernie/geckolib/util/Color.class; assets/endermanoverhaul/textures/entity/end/end_enderman_glow.png; assets/endermanoverhaul/animations/entity/end_enderman.animation.json; output-eo/proveniencia.json,evidence-eo/endermanoverhaul-neoforge-1.21.1-2.0.3.jar::data/endermanoverhaul/loot_table/entities/end_enderman.json,/bestiary/receitas/eo.html#receita-ender-eye | [Receita ender_eye](lote-8-mods-2026-10-06/eo-cards-2026-10-06.md#receita-ender-eye) — evidence-eo/endermanoverhaul-neoforge-1.21.1-2.0.3.jar::data/endermanoverhaul/recipe/ender_eye.json; [Receita ender_pearl](lote-8-mods-2026-10-06/eo-cards-2026-10-06.md#receita-ender-pearl) — evidence-eo/endermanoverhaul-neoforge-1.21.1-2.0.3.jar::data/endermanoverhaul/recipe/ender_pearl.json
End Enderman,Enderman Overhaul,Enderman neutro; raiva/teleporte e reação ao olhar conforme classe,"Bioma/tag ""#endermanoverhaul:end_spawns""; grupo 1–2, peso 2; evidence-eo/endermanoverhaul-neoforge-1.21.1-2.0.3.jar::data/endermanoverhaul/neoforge/biome_modifier/end.json; restrições próprias de spawn em evidence-eo/decompiled-full/tech/alexnijjar/endermanoverhaul/common/entities/EndEnderman.java; configuração global e da variante",Loot de morte,minecraft:chorus_fruit,0–2,"pool 2: 1 sorteio(s), peso 1/1; com reposição se mais de um sorteio; Saque minecraft:looting: bônus Math.round(nível × sorteio 0–1); limite sem limite explícito",Comer para teleporte aleatório; ingrediente de Popped Chorus Fruit,Alta nos arquivos versionados; configuração/datapacks externos não confirmados,/images/bestiary/audited/eo/end-enderman.png,assets/endermanoverhaul/geo/entity/end_enderman.geo.json; tech/alexnijjar/endermanoverhaul/client/renderer/base/BaseEndermanEntityRenderer.class; assets/endermanoverhaul/textures/entity/end/end_enderman.png; tech/alexnijjar/endermanoverhaul/client/renderer/base/BaseEndermanModel.class; tech/alexnijjar/endermanoverhaul/client/renderer/base/BaseEndermanEntityRenderer.class; tech/alexnijjar/endermanoverhaul/client/renderer/base/CustomEnderEyesLayer.class; tech/alexnijjar/endermanoverhaul/common/entities/base/BaseEnderman.class; tech/alexnijjar/endermanoverhaul/client/EndermanOverhaulClient.class; tech/alexnijjar/endermanoverhaul/common/registry/ModEntityTypes.class; software/bernie/geckolib/renderer/GeoRenderer.class; software/bernie/geckolib/util/Color.class; assets/endermanoverhaul/textures/entity/end/end_enderman_glow.png; assets/endermanoverhaul/animations/entity/end_enderman.animation.json; output-eo/proveniencia.json,evidence-eo/endermanoverhaul-neoforge-1.21.1-2.0.3.jar::data/endermanoverhaul/loot_table/entities/end_enderman.json,[Usos/receitas vanilla](https://minecraft.wiki/w/chorus_fruit#Crafting)
End Enderman,Enderman Overhaul,Enderman neutro; raiva/teleporte e reação ao olhar conforme classe,"Bioma/tag ""#endermanoverhaul:end_spawns""; grupo 1–2, peso 2; evidence-eo/endermanoverhaul-neoforge-1.21.1-2.0.3.jar::data/endermanoverhaul/neoforge/biome_modifier/end.json; restrições próprias de spawn em evidence-eo/decompiled-full/tech/alexnijjar/endermanoverhaul/common/entities/EndEnderman.java; configuração global e da variante",Loot de morte,endermanoverhaul:enderman_tooth,0–2,"sem Saque 4%; Saque I 6.5%, +2.5 p.p./nível acima de I; pool 3: 1 sorteio(s), peso 1/1; com reposição se mais de um sorteio; Saque minecraft:looting: bônus Math.round(nível × sorteio 0–1); limite sem limite explícito",Ingrediente de Corrupted Blade e Corrupted Shield,Alta nos arquivos versionados; configuração/datapacks externos não confirmados,/images/bestiary/audited/eo/end-enderman.png,assets/endermanoverhaul/geo/entity/end_enderman.geo.json; tech/alexnijjar/endermanoverhaul/client/renderer/base/BaseEndermanEntityRenderer.class; assets/endermanoverhaul/textures/entity/end/end_enderman.png; tech/alexnijjar/endermanoverhaul/client/renderer/base/BaseEndermanModel.class; tech/alexnijjar/endermanoverhaul/client/renderer/base/BaseEndermanEntityRenderer.class; tech/alexnijjar/endermanoverhaul/client/renderer/base/CustomEnderEyesLayer.class; tech/alexnijjar/endermanoverhaul/common/entities/base/BaseEnderman.class; tech/alexnijjar/endermanoverhaul/client/EndermanOverhaulClient.class; tech/alexnijjar/endermanoverhaul/common/registry/ModEntityTypes.class; software/bernie/geckolib/renderer/GeoRenderer.class; software/bernie/geckolib/util/Color.class; assets/endermanoverhaul/textures/entity/end/end_enderman_glow.png; assets/endermanoverhaul/animations/entity/end_enderman.animation.json; output-eo/proveniencia.json,evidence-eo/endermanoverhaul-neoforge-1.21.1-2.0.3.jar::data/endermanoverhaul/loot_table/entities/end_enderman.json,/bestiary/receitas/eo.html#receita-corrupted-blade | [Receita corrupted_blade](lote-8-mods-2026-10-06/eo-cards-2026-10-06.md#receita-corrupted-blade) — evidence-eo/endermanoverhaul-neoforge-1.21.1-2.0.3.jar::data/endermanoverhaul/recipe/corrupted_blade.json; [Receita corrupted_shield](lote-8-mods-2026-10-06/eo-cards-2026-10-06.md#receita-corrupted-shield) — evidence-eo/endermanoverhaul-neoforge-1.21.1-2.0.3.jar::data/endermanoverhaul/recipe/corrupted_shield.json
End Enderman,Enderman Overhaul,Enderman neutro; raiva/teleporte e reação ao olhar conforme classe,"Bioma/tag ""#endermanoverhaul:end_spawns""; grupo 1–2, peso 2; evidence-eo/endermanoverhaul-neoforge-1.21.1-2.0.3.jar::data/endermanoverhaul/neoforge/biome_modifier/end.json; restrições próprias de spawn em evidence-eo/decompiled-full/tech/alexnijjar/endermanoverhaul/common/entities/EndEnderman.java; configuração global e da variante",Herança na morte: bloco carregado,Loot do bloco efetivamente carregado,Resultado da tabela do bloco; normalmente 1,Somente se carriedBlock != null; EnderMan.dropCustomDeathLoot avalia tabela do bloco com ferramenta de Silk Touch. Variantes que não recolhem blocos normalmente não terão esse estado.,Recuperar o bloco recolhido; não adicionar um bloco fixo por variante,Alta nos arquivos versionados; configuração/datapacks externos não confirmados,/images/bestiary/audited/eo/end-enderman.png,assets/endermanoverhaul/geo/entity/end_enderman.geo.json; tech/alexnijjar/endermanoverhaul/client/renderer/base/BaseEndermanEntityRenderer.class; assets/endermanoverhaul/textures/entity/end/end_enderman.png; tech/alexnijjar/endermanoverhaul/client/renderer/base/BaseEndermanModel.class; tech/alexnijjar/endermanoverhaul/client/renderer/base/BaseEndermanEntityRenderer.class; tech/alexnijjar/endermanoverhaul/client/renderer/base/CustomEnderEyesLayer.class; tech/alexnijjar/endermanoverhaul/common/entities/base/BaseEnderman.class; tech/alexnijjar/endermanoverhaul/client/EndermanOverhaulClient.class; tech/alexnijjar/endermanoverhaul/common/registry/ModEntityTypes.class; software/bernie/geckolib/renderer/GeoRenderer.class; software/bernie/geckolib/util/Color.class; assets/endermanoverhaul/textures/entity/end/end_enderman_glow.png; assets/endermanoverhaul/animations/entity/end_enderman.animation.json; output-eo/proveniencia.json,evidence-eo/decompiled-full/tech/alexnijjar/endermanoverhaul/common/entities/base/BaseEnderman.java; evidence-vanilla-lote8/cjt.java; evidence/minecraft-1.21.1-client-mappings.txt,Não aplicável
End Islands Enderman,Enderman Overhaul,Enderman neutro; raiva/teleporte e reação ao olhar conforme classe,"Bioma/tag ""#endermanoverhaul:end_islands_spawns""; grupo 1–1, peso 1; evidence-eo/endermanoverhaul-neoforge-1.21.1-2.0.3.jar::data/endermanoverhaul/neoforge/biome_modifier/end_islands.json; restrições próprias de spawn em evidence-eo/decompiled-full/tech/alexnijjar/endermanoverhaul/common/entities/EndIslandsEnderman.java; configuração global e da variante",Loot de morte,minecraft:ender_pearl,0–1,"pool 1: 1 sorteio(s), peso 1/2; com reposição se mais de um sorteio; Saque minecraft:looting: bônus Math.round(nível × sorteio 0–1); limite sem limite explícito",Teleporte; Eye of Ender; pode entrar nas receitas de conversão conforme a tag,Alta nos arquivos versionados; configuração/datapacks externos não confirmados,/images/bestiary/audited/eo/end-islands-enderman.png,assets/endermanoverhaul/geo/entity/end_islands_enderman.geo.json; tech/alexnijjar/endermanoverhaul/client/renderer/EndIslandsEndermanRenderer.class; assets/endermanoverhaul/textures/entity/end_islands/end_islands_enderman.png; tech/alexnijjar/endermanoverhaul/client/renderer/base/BaseEndermanModel.class; tech/alexnijjar/endermanoverhaul/client/renderer/base/BaseEndermanEntityRenderer.class; tech/alexnijjar/endermanoverhaul/client/renderer/base/CustomEnderEyesLayer.class; tech/alexnijjar/endermanoverhaul/common/entities/base/BaseEnderman.class; tech/alexnijjar/endermanoverhaul/client/EndermanOverhaulClient.class; tech/alexnijjar/endermanoverhaul/common/registry/ModEntityTypes.class; software/bernie/geckolib/renderer/GeoRenderer.class; software/bernie/geckolib/util/Color.class; assets/endermanoverhaul/textures/entity/end_islands/end_islands_enderman_glow.png; assets/endermanoverhaul/textures/entity/end_islands/end_islands_enderman_glow_2.png; assets/endermanoverhaul/textures/entity/end_islands/end_islands_enderman_glow_3.png; assets/endermanoverhaul/animations/entity/end_islands_enderman.animation.json; output-eo/proveniencia.json,evidence-eo/endermanoverhaul-neoforge-1.21.1-2.0.3.jar::data/endermanoverhaul/loot_table/entities/end_islands_enderman.json,/bestiary/receitas/eo.html#receita-ender-pearl | [Receita ender_pearl](lote-8-mods-2026-10-06/eo-cards-2026-10-06.md#receita-ender-pearl) — evidence-eo/endermanoverhaul-neoforge-1.21.1-2.0.3.jar::data/endermanoverhaul/recipe/ender_pearl.json
End Islands Enderman,Enderman Overhaul,Enderman neutro; raiva/teleporte e reação ao olhar conforme classe,"Bioma/tag ""#endermanoverhaul:end_islands_spawns""; grupo 1–1, peso 1; evidence-eo/endermanoverhaul-neoforge-1.21.1-2.0.3.jar::data/endermanoverhaul/neoforge/biome_modifier/end_islands.json; restrições próprias de spawn em evidence-eo/decompiled-full/tech/alexnijjar/endermanoverhaul/common/entities/EndIslandsEnderman.java; configuração global e da variante",Loot de morte,endermanoverhaul:ancient_pearl,0–1,"pool 1: 1 sorteio(s), peso 1/2; com reposição se mais de um sorteio; Saque minecraft:looting: bônus Math.round(nível × sorteio 0–1); limite sem limite explícito",Invoca ou desloca um enderman de estimação ao impacto; pode virar Ender Pearl ou Eye of Ender,Alta nos arquivos versionados; configuração/datapacks externos não confirmados,/images/bestiary/audited/eo/end-islands-enderman.png,assets/endermanoverhaul/geo/entity/end_islands_enderman.geo.json; tech/alexnijjar/endermanoverhaul/client/renderer/EndIslandsEndermanRenderer.class; assets/endermanoverhaul/textures/entity/end_islands/end_islands_enderman.png; tech/alexnijjar/endermanoverhaul/client/renderer/base/BaseEndermanModel.class; tech/alexnijjar/endermanoverhaul/client/renderer/base/BaseEndermanEntityRenderer.class; tech/alexnijjar/endermanoverhaul/client/renderer/base/CustomEnderEyesLayer.class; tech/alexnijjar/endermanoverhaul/common/entities/base/BaseEnderman.class; tech/alexnijjar/endermanoverhaul/client/EndermanOverhaulClient.class; tech/alexnijjar/endermanoverhaul/common/registry/ModEntityTypes.class; software/bernie/geckolib/renderer/GeoRenderer.class; software/bernie/geckolib/util/Color.class; assets/endermanoverhaul/textures/entity/end_islands/end_islands_enderman_glow.png; assets/endermanoverhaul/textures/entity/end_islands/end_islands_enderman_glow_2.png; assets/endermanoverhaul/textures/entity/end_islands/end_islands_enderman_glow_3.png; assets/endermanoverhaul/animations/entity/end_islands_enderman.animation.json; output-eo/proveniencia.json,evidence-eo/endermanoverhaul-neoforge-1.21.1-2.0.3.jar::data/endermanoverhaul/loot_table/entities/end_islands_enderman.json,/bestiary/receitas/eo.html#receita-ender-eye | [Receita ender_eye](lote-8-mods-2026-10-06/eo-cards-2026-10-06.md#receita-ender-eye) — evidence-eo/endermanoverhaul-neoforge-1.21.1-2.0.3.jar::data/endermanoverhaul/recipe/ender_eye.json; [Receita ender_pearl](lote-8-mods-2026-10-06/eo-cards-2026-10-06.md#receita-ender-pearl) — evidence-eo/endermanoverhaul-neoforge-1.21.1-2.0.3.jar::data/endermanoverhaul/recipe/ender_pearl.json
End Islands Enderman,Enderman Overhaul,Enderman neutro; raiva/teleporte e reação ao olhar conforme classe,"Bioma/tag ""#endermanoverhaul:end_islands_spawns""; grupo 1–1, peso 1; evidence-eo/endermanoverhaul-neoforge-1.21.1-2.0.3.jar::data/endermanoverhaul/neoforge/biome_modifier/end_islands.json; restrições próprias de spawn em evidence-eo/decompiled-full/tech/alexnijjar/endermanoverhaul/common/entities/EndIslandsEnderman.java; configuração global e da variante",Herança na morte: bloco carregado,Loot do bloco efetivamente carregado,Resultado da tabela do bloco; normalmente 1,Somente se carriedBlock != null; EnderMan.dropCustomDeathLoot avalia tabela do bloco com ferramenta de Silk Touch. Variantes que não recolhem blocos normalmente não terão esse estado.,Recuperar o bloco recolhido; não adicionar um bloco fixo por variante,Alta nos arquivos versionados; configuração/datapacks externos não confirmados,/images/bestiary/audited/eo/end-islands-enderman.png,assets/endermanoverhaul/geo/entity/end_islands_enderman.geo.json; tech/alexnijjar/endermanoverhaul/client/renderer/EndIslandsEndermanRenderer.class; assets/endermanoverhaul/textures/entity/end_islands/end_islands_enderman.png; tech/alexnijjar/endermanoverhaul/client/renderer/base/BaseEndermanModel.class; tech/alexnijjar/endermanoverhaul/client/renderer/base/BaseEndermanEntityRenderer.class; tech/alexnijjar/endermanoverhaul/client/renderer/base/CustomEnderEyesLayer.class; tech/alexnijjar/endermanoverhaul/common/entities/base/BaseEnderman.class; tech/alexnijjar/endermanoverhaul/client/EndermanOverhaulClient.class; tech/alexnijjar/endermanoverhaul/common/registry/ModEntityTypes.class; software/bernie/geckolib/renderer/GeoRenderer.class; software/bernie/geckolib/util/Color.class; assets/endermanoverhaul/textures/entity/end_islands/end_islands_enderman_glow.png; assets/endermanoverhaul/textures/entity/end_islands/end_islands_enderman_glow_2.png; assets/endermanoverhaul/textures/entity/end_islands/end_islands_enderman_glow_3.png; assets/endermanoverhaul/animations/entity/end_islands_enderman.animation.json; output-eo/proveniencia.json,evidence-eo/decompiled-full/tech/alexnijjar/endermanoverhaul/common/entities/base/BaseEnderman.java; evidence-vanilla-lote8/cjt.java; evidence/minecraft-1.21.1-client-mappings.txt,Não aplicável
End Islands Enderman,Enderman Overhaul,Enderman neutro; raiva/teleporte e reação ao olhar conforme classe,"Bioma/tag ""#endermanoverhaul:end_islands_spawns""; grupo 1–1, peso 1; evidence-eo/endermanoverhaul-neoforge-1.21.1-2.0.3.jar::data/endermanoverhaul/neoforge/biome_modifier/end_islands.json; restrições próprias de spawn em evidence-eo/decompiled-full/tech/alexnijjar/endermanoverhaul/common/entities/EndIslandsEnderman.java; configuração global e da variante",Ao morrer: entidades/projéteis,3 Ender Bullets se há alvo,3,Rotina die além dos pools; invocações/projéteis não são pilhas de item. End Islands só dispara se getTarget()!=null.,"Risco ao recolher drops, não recompensa adicional de inventário",Alta nos arquivos versionados; configuração/datapacks externos não confirmados,/images/bestiary/audited/eo/end-islands-enderman.png,assets/endermanoverhaul/geo/entity/end_islands_enderman.geo.json; tech/alexnijjar/endermanoverhaul/client/renderer/EndIslandsEndermanRenderer.class; assets/endermanoverhaul/textures/entity/end_islands/end_islands_enderman.png; tech/alexnijjar/endermanoverhaul/client/renderer/base/BaseEndermanModel.class; tech/alexnijjar/endermanoverhaul/client/renderer/base/BaseEndermanEntityRenderer.class; tech/alexnijjar/endermanoverhaul/client/renderer/base/CustomEnderEyesLayer.class; tech/alexnijjar/endermanoverhaul/common/entities/base/BaseEnderman.class; tech/alexnijjar/endermanoverhaul/client/EndermanOverhaulClient.class; tech/alexnijjar/endermanoverhaul/common/registry/ModEntityTypes.class; software/bernie/geckolib/renderer/GeoRenderer.class; software/bernie/geckolib/util/Color.class; assets/endermanoverhaul/textures/entity/end_islands/end_islands_enderman_glow.png; assets/endermanoverhaul/textures/entity/end_islands/end_islands_enderman_glow_2.png; assets/endermanoverhaul/textures/entity/end_islands/end_islands_enderman_glow_3.png; assets/endermanoverhaul/animations/entity/end_islands_enderman.animation.json; output-eo/proveniencia.json,evidence-eo/decompiled-full/tech/alexnijjar/endermanoverhaul/common/entities/EndIslandsEnderman.java:die,Não aplicável
Flower Fields Enderman,Enderman Overhaul,Enderman passivo; alvo/raiva suprimidos por PassiveEnderman; teleporte/despawn amigável configuráveis,"Bioma/tag ""#endermanoverhaul:flower_fields_spawns""; grupo 1–4, peso 5; evidence-eo/endermanoverhaul-neoforge-1.21.1-2.0.3.jar::data/endermanoverhaul/neoforge/biome_modifier/flower_fields.json; restrições próprias de spawn em evidence-eo/decompiled-full/tech/alexnijjar/endermanoverhaul/common/entities/FlowerFieldsEnderman.java; configuração global e da variante",Loot de morte,minecraft:ender_pearl,0–1,"pool 1: 1 sorteio(s), peso 1/1; com reposição se mais de um sorteio; Saque minecraft:looting: bônus Math.round(nível × sorteio 0–1); limite sem limite explícito",Teleporte; Eye of Ender; pode entrar nas receitas de conversão conforme a tag,Alta nos arquivos versionados; configuração/datapacks externos não confirmados,/images/bestiary/audited/eo/flower-fields-enderman.png,assets/endermanoverhaul/geo/entity/flower_fields_enderman.geo.json; tech/alexnijjar/endermanoverhaul/client/renderer/base/BaseEndermanEntityRenderer.class; assets/endermanoverhaul/textures/entity/flower_fields/flower_fields_enderman.png; tech/alexnijjar/endermanoverhaul/client/renderer/base/BaseEndermanModel.class; tech/alexnijjar/endermanoverhaul/client/renderer/base/BaseEndermanEntityRenderer.class; tech/alexnijjar/endermanoverhaul/client/renderer/base/CustomEnderEyesLayer.class; tech/alexnijjar/endermanoverhaul/common/entities/base/BaseEnderman.class; tech/alexnijjar/endermanoverhaul/client/EndermanOverhaulClient.class; tech/alexnijjar/endermanoverhaul/common/registry/ModEntityTypes.class; software/bernie/geckolib/renderer/GeoRenderer.class; software/bernie/geckolib/util/Color.class; assets/endermanoverhaul/textures/entity/flower_fields/flower_fields_enderman_glow.png; assets/endermanoverhaul/animations/entity/flower_fields_enderman.animation.json; output-eo/proveniencia.json,evidence-eo/endermanoverhaul-neoforge-1.21.1-2.0.3.jar::data/endermanoverhaul/loot_table/entities/flower_fields_enderman.json,/bestiary/receitas/eo.html#receita-ender-pearl | [Receita ender_pearl](lote-8-mods-2026-10-06/eo-cards-2026-10-06.md#receita-ender-pearl) — evidence-eo/endermanoverhaul-neoforge-1.21.1-2.0.3.jar::data/endermanoverhaul/recipe/ender_pearl.json
Flower Fields Enderman,Enderman Overhaul,Enderman passivo; alvo/raiva suprimidos por PassiveEnderman; teleporte/despawn amigável configuráveis,"Bioma/tag ""#endermanoverhaul:flower_fields_spawns""; grupo 1–4, peso 5; evidence-eo/endermanoverhaul-neoforge-1.21.1-2.0.3.jar::data/endermanoverhaul/neoforge/biome_modifier/flower_fields.json; restrições próprias de spawn em evidence-eo/decompiled-full/tech/alexnijjar/endermanoverhaul/common/entities/FlowerFieldsEnderman.java; configuração global e da variante",Herança na morte: bloco carregado,Loot do bloco efetivamente carregado,Resultado da tabela do bloco; normalmente 1,Somente se carriedBlock != null; EnderMan.dropCustomDeathLoot avalia tabela do bloco com ferramenta de Silk Touch. Variantes que não recolhem blocos normalmente não terão esse estado.,Recuperar o bloco recolhido; não adicionar um bloco fixo por variante,Alta nos arquivos versionados; configuração/datapacks externos não confirmados,/images/bestiary/audited/eo/flower-fields-enderman.png,assets/endermanoverhaul/geo/entity/flower_fields_enderman.geo.json; tech/alexnijjar/endermanoverhaul/client/renderer/base/BaseEndermanEntityRenderer.class; assets/endermanoverhaul/textures/entity/flower_fields/flower_fields_enderman.png; tech/alexnijjar/endermanoverhaul/client/renderer/base/BaseEndermanModel.class; tech/alexnijjar/endermanoverhaul/client/renderer/base/BaseEndermanEntityRenderer.class; tech/alexnijjar/endermanoverhaul/client/renderer/base/CustomEnderEyesLayer.class; tech/alexnijjar/endermanoverhaul/common/entities/base/BaseEnderman.class; tech/alexnijjar/endermanoverhaul/client/EndermanOverhaulClient.class; tech/alexnijjar/endermanoverhaul/common/registry/ModEntityTypes.class; software/bernie/geckolib/renderer/GeoRenderer.class; software/bernie/geckolib/util/Color.class; assets/endermanoverhaul/textures/entity/flower_fields/flower_fields_enderman_glow.png; assets/endermanoverhaul/animations/entity/flower_fields_enderman.animation.json; output-eo/proveniencia.json,evidence-eo/decompiled-full/tech/alexnijjar/endermanoverhaul/common/entities/base/BaseEnderman.java; evidence-vanilla-lote8/cjt.java; evidence/minecraft-1.21.1-client-mappings.txt,Não aplicável
Ice Spikes Enderman,Enderman Overhaul,Enderman neutro; raiva/teleporte e reação ao olhar conforme classe,"Bioma/tag ""#endermanoverhaul:ice_spikes_spawns""; grupo 1–4, peso 10; evidence-eo/endermanoverhaul-neoforge-1.21.1-2.0.3.jar::data/endermanoverhaul/neoforge/biome_modifier/ice_spikes.json; restrições próprias de spawn em evidence-eo/decompiled-full/tech/alexnijjar/endermanoverhaul/common/entities/IceSpikesEnderman.java; configuração global e da variante",Loot de morte,minecraft:ender_pearl,0–1,"pool 1: 1 sorteio(s), peso 1/2; com reposição se mais de um sorteio; Saque minecraft:looting: bônus Math.round(nível × sorteio 0–1); limite sem limite explícito",Teleporte; Eye of Ender; pode entrar nas receitas de conversão conforme a tag,Alta nos arquivos versionados; configuração/datapacks externos não confirmados,/images/bestiary/audited/eo/ice-spikes-enderman.png,assets/endermanoverhaul/geo/entity/ice_spikes_enderman.geo.json; tech/alexnijjar/endermanoverhaul/client/renderer/base/BaseEndermanEntityRenderer.class; assets/endermanoverhaul/textures/entity/ice_spikes/ice_spikes_enderman.png; tech/alexnijjar/endermanoverhaul/client/renderer/base/BaseEndermanModel.class; tech/alexnijjar/endermanoverhaul/client/renderer/base/BaseEndermanEntityRenderer.class; tech/alexnijjar/endermanoverhaul/client/renderer/base/CustomEnderEyesLayer.class; tech/alexnijjar/endermanoverhaul/common/entities/base/BaseEnderman.class; tech/alexnijjar/endermanoverhaul/client/EndermanOverhaulClient.class; tech/alexnijjar/endermanoverhaul/common/registry/ModEntityTypes.class; software/bernie/geckolib/renderer/GeoRenderer.class; software/bernie/geckolib/util/Color.class; assets/endermanoverhaul/textures/entity/ice_spikes/ice_spikes_enderman_glow.png; assets/endermanoverhaul/animations/entity/ice_spikes_enderman.animation.json; output-eo/proveniencia.json,evidence-eo/endermanoverhaul-neoforge-1.21.1-2.0.3.jar::data/endermanoverhaul/loot_table/entities/ice_spikes_enderman.json,/bestiary/receitas/eo.html#receita-ender-pearl | [Receita ender_pearl](lote-8-mods-2026-10-06/eo-cards-2026-10-06.md#receita-ender-pearl) — evidence-eo/endermanoverhaul-neoforge-1.21.1-2.0.3.jar::data/endermanoverhaul/recipe/ender_pearl.json
Ice Spikes Enderman,Enderman Overhaul,Enderman neutro; raiva/teleporte e reação ao olhar conforme classe,"Bioma/tag ""#endermanoverhaul:ice_spikes_spawns""; grupo 1–4, peso 10; evidence-eo/endermanoverhaul-neoforge-1.21.1-2.0.3.jar::data/endermanoverhaul/neoforge/biome_modifier/ice_spikes.json; restrições próprias de spawn em evidence-eo/decompiled-full/tech/alexnijjar/endermanoverhaul/common/entities/IceSpikesEnderman.java; configuração global e da variante",Loot de morte,endermanoverhaul:icy_pearl,0–1,"pool 1: 1 sorteio(s), peso 1/2; com reposição se mais de um sorteio; Saque minecraft:looting: bônus Math.round(nível × sorteio 0–1); limite sem limite explícito",Teleporta usuário; no impacto causa freeze 8 e Slowness III/Weakness II por 400 ticks aos alvos da rotina de efeito; também possui dano de queda de 5 no teleporte normal. Converte em Ender Pearl/Eye of Ender pela tag ender_pearls.,Alta nos arquivos versionados; configuração/datapacks externos não confirmados,/images/bestiary/audited/eo/ice-spikes-enderman.png,assets/endermanoverhaul/geo/entity/ice_spikes_enderman.geo.json; tech/alexnijjar/endermanoverhaul/client/renderer/base/BaseEndermanEntityRenderer.class; assets/endermanoverhaul/textures/entity/ice_spikes/ice_spikes_enderman.png; tech/alexnijjar/endermanoverhaul/client/renderer/base/BaseEndermanModel.class; tech/alexnijjar/endermanoverhaul/client/renderer/base/BaseEndermanEntityRenderer.class; tech/alexnijjar/endermanoverhaul/client/renderer/base/CustomEnderEyesLayer.class; tech/alexnijjar/endermanoverhaul/common/entities/base/BaseEnderman.class; tech/alexnijjar/endermanoverhaul/client/EndermanOverhaulClient.class; tech/alexnijjar/endermanoverhaul/common/registry/ModEntityTypes.class; software/bernie/geckolib/renderer/GeoRenderer.class; software/bernie/geckolib/util/Color.class; assets/endermanoverhaul/textures/entity/ice_spikes/ice_spikes_enderman_glow.png; assets/endermanoverhaul/animations/entity/ice_spikes_enderman.animation.json; output-eo/proveniencia.json,evidence-eo/endermanoverhaul-neoforge-1.21.1-2.0.3.jar::data/endermanoverhaul/loot_table/entities/ice_spikes_enderman.json; evidence-eo/decompiled-full/tech/alexnijjar/endermanoverhaul/common/entities/projectiles/ThrownIcyPearl.java,/bestiary/receitas/eo.html#receita-ender-eye | [Receita ender_eye](lote-8-mods-2026-10-06/eo-cards-2026-10-06.md#receita-ender-eye) — evidence-eo/endermanoverhaul-neoforge-1.21.1-2.0.3.jar::data/endermanoverhaul/recipe/ender_eye.json; [Receita ender_pearl](lote-8-mods-2026-10-06/eo-cards-2026-10-06.md#receita-ender-pearl) — evidence-eo/endermanoverhaul-neoforge-1.21.1-2.0.3.jar::data/endermanoverhaul/recipe/ender_pearl.json
Ice Spikes Enderman,Enderman Overhaul,Enderman neutro; raiva/teleporte e reação ao olhar conforme classe,"Bioma/tag ""#endermanoverhaul:ice_spikes_spawns""; grupo 1–4, peso 10; evidence-eo/endermanoverhaul-neoforge-1.21.1-2.0.3.jar::data/endermanoverhaul/neoforge/biome_modifier/ice_spikes.json; restrições próprias de spawn em evidence-eo/decompiled-full/tech/alexnijjar/endermanoverhaul/common/entities/IceSpikesEnderman.java; configuração global e da variante",Loot de morte,minecraft:packed_ice,0–3,"pool 2: 1 sorteio(s), peso 1/1; com reposição se mais de um sorteio; Saque minecraft:looting: bônus Math.round(nível × sorteio 0–1); limite sem limite explícito",Construção e caminhos com baixo atrito,Alta nos arquivos versionados; configuração/datapacks externos não confirmados,/images/bestiary/audited/eo/ice-spikes-enderman.png,assets/endermanoverhaul/geo/entity/ice_spikes_enderman.geo.json; tech/alexnijjar/endermanoverhaul/client/renderer/base/BaseEndermanEntityRenderer.class; assets/endermanoverhaul/textures/entity/ice_spikes/ice_spikes_enderman.png; tech/alexnijjar/endermanoverhaul/client/renderer/base/BaseEndermanModel.class; tech/alexnijjar/endermanoverhaul/client/renderer/base/BaseEndermanEntityRenderer.class; tech/alexnijjar/endermanoverhaul/client/renderer/base/CustomEnderEyesLayer.class; tech/alexnijjar/endermanoverhaul/common/entities/base/BaseEnderman.class; tech/alexnijjar/endermanoverhaul/client/EndermanOverhaulClient.class; tech/alexnijjar/endermanoverhaul/common/registry/ModEntityTypes.class; software/bernie/geckolib/renderer/GeoRenderer.class; software/bernie/geckolib/util/Color.class; assets/endermanoverhaul/textures/entity/ice_spikes/ice_spikes_enderman_glow.png; assets/endermanoverhaul/animations/entity/ice_spikes_enderman.animation.json; output-eo/proveniencia.json,evidence-eo/endermanoverhaul-neoforge-1.21.1-2.0.3.jar::data/endermanoverhaul/loot_table/entities/ice_spikes_enderman.json,[Usos/receitas vanilla](https://minecraft.wiki/w/packed_ice#Crafting)
Ice Spikes Enderman,Enderman Overhaul,Enderman neutro; raiva/teleporte e reação ao olhar conforme classe,"Bioma/tag ""#endermanoverhaul:ice_spikes_spawns""; grupo 1–4, peso 10; evidence-eo/endermanoverhaul-neoforge-1.21.1-2.0.3.jar::data/endermanoverhaul/neoforge/biome_modifier/ice_spikes.json; restrições próprias de spawn em evidence-eo/decompiled-full/tech/alexnijjar/endermanoverhaul/common/entities/IceSpikesEnderman.java; configuração global e da variante",Herança na morte: bloco carregado,Loot do bloco efetivamente carregado,Resultado da tabela do bloco; normalmente 1,Somente se carriedBlock != null; EnderMan.dropCustomDeathLoot avalia tabela do bloco com ferramenta de Silk Touch. Variantes que não recolhem blocos normalmente não terão esse estado.,Recuperar o bloco recolhido; não adicionar um bloco fixo por variante,Alta nos arquivos versionados; configuração/datapacks externos não confirmados,/images/bestiary/audited/eo/ice-spikes-enderman.png,assets/endermanoverhaul/geo/entity/ice_spikes_enderman.geo.json; tech/alexnijjar/endermanoverhaul/client/renderer/base/BaseEndermanEntityRenderer.class; assets/endermanoverhaul/textures/entity/ice_spikes/ice_spikes_enderman.png; tech/alexnijjar/endermanoverhaul/client/renderer/base/BaseEndermanModel.class; tech/alexnijjar/endermanoverhaul/client/renderer/base/BaseEndermanEntityRenderer.class; tech/alexnijjar/endermanoverhaul/client/renderer/base/CustomEnderEyesLayer.class; tech/alexnijjar/endermanoverhaul/common/entities/base/BaseEnderman.class; tech/alexnijjar/endermanoverhaul/client/EndermanOverhaulClient.class; tech/alexnijjar/endermanoverhaul/common/registry/ModEntityTypes.class; software/bernie/geckolib/renderer/GeoRenderer.class; software/bernie/geckolib/util/Color.class; assets/endermanoverhaul/textures/entity/ice_spikes/ice_spikes_enderman_glow.png; assets/endermanoverhaul/animations/entity/ice_spikes_enderman.animation.json; output-eo/proveniencia.json,evidence-eo/decompiled-full/tech/alexnijjar/endermanoverhaul/common/entities/base/BaseEnderman.java; evidence-vanilla-lote8/cjt.java; evidence/minecraft-1.21.1-client-mappings.txt,Não aplicável
Mushroom Fields Enderman,Enderman Overhaul,Enderman passivo; alvo/raiva suprimidos por PassiveEnderman; teleporte/despawn amigável configuráveis,"Bioma/tag ""#endermanoverhaul:mushroom_fields_spawns""; grupo 1–2, peso 1; evidence-eo/endermanoverhaul-neoforge-1.21.1-2.0.3.jar::data/endermanoverhaul/neoforge/biome_modifier/mushroom_fields_spawns.json; restrições próprias de spawn em evidence-eo/decompiled-full/tech/alexnijjar/endermanoverhaul/common/entities/MushroomFieldsEnderman.java; configuração global e da variante",Loot de morte,minecraft:ender_pearl,0–1,"pool 1: 1 sorteio(s), peso 1/1; com reposição se mais de um sorteio; Saque minecraft:looting: bônus Math.round(nível × sorteio 0–1); limite sem limite explícito",Teleporte; Eye of Ender; pode entrar nas receitas de conversão conforme a tag,Alta nos arquivos versionados; configuração/datapacks externos não confirmados,/images/bestiary/audited/eo/mushroom-fields-enderman.png,assets/endermanoverhaul/geo/entity/mushroom_fields_enderman.geo.json; tech/alexnijjar/endermanoverhaul/client/renderer/MushroomFieldsEndermanRenderer.class; assets/endermanoverhaul/textures/entity/mushroom_fields/mushroom_fields_enderman.png; tech/alexnijjar/endermanoverhaul/client/renderer/base/BaseEndermanModel.class; tech/alexnijjar/endermanoverhaul/client/renderer/base/BaseEndermanEntityRenderer.class; tech/alexnijjar/endermanoverhaul/client/renderer/base/CustomEnderEyesLayer.class; tech/alexnijjar/endermanoverhaul/common/entities/base/BaseEnderman.class; tech/alexnijjar/endermanoverhaul/client/EndermanOverhaulClient.class; tech/alexnijjar/endermanoverhaul/common/registry/ModEntityTypes.class; software/bernie/geckolib/renderer/GeoRenderer.class; software/bernie/geckolib/util/Color.class; assets/endermanoverhaul/animations/entity/enderman.animation.json; output-eo/proveniencia.json,evidence-eo/endermanoverhaul-neoforge-1.21.1-2.0.3.jar::data/endermanoverhaul/loot_table/entities/mushroom_fields_enderman.json,/bestiary/receitas/eo.html#receita-ender-pearl | [Receita ender_pearl](lote-8-mods-2026-10-06/eo-cards-2026-10-06.md#receita-ender-pearl) — evidence-eo/endermanoverhaul-neoforge-1.21.1-2.0.3.jar::data/endermanoverhaul/recipe/ender_pearl.json
Mushroom Fields Enderman,Enderman Overhaul,Enderman passivo; alvo/raiva suprimidos por PassiveEnderman; teleporte/despawn amigável configuráveis,"Bioma/tag ""#endermanoverhaul:mushroom_fields_spawns""; grupo 1–2, peso 1; evidence-eo/endermanoverhaul-neoforge-1.21.1-2.0.3.jar::data/endermanoverhaul/neoforge/biome_modifier/mushroom_fields_spawns.json; restrições próprias de spawn em evidence-eo/decompiled-full/tech/alexnijjar/endermanoverhaul/common/entities/MushroomFieldsEnderman.java; configuração global e da variante",Loot de morte,minecraft:red_mushroom,0–3,"pool 2: 1 sorteio(s), peso 1/1; com reposição se mais de um sorteio; Saque minecraft:looting: bônus Math.round(nível × sorteio 0–1); limite sem limite explícito","Cultivo, comida e receitas de fungos",Alta nos arquivos versionados; configuração/datapacks externos não confirmados,/images/bestiary/audited/eo/mushroom-fields-enderman.png,assets/endermanoverhaul/geo/entity/mushroom_fields_enderman.geo.json; tech/alexnijjar/endermanoverhaul/client/renderer/MushroomFieldsEndermanRenderer.class; assets/endermanoverhaul/textures/entity/mushroom_fields/mushroom_fields_enderman.png; tech/alexnijjar/endermanoverhaul/client/renderer/base/BaseEndermanModel.class; tech/alexnijjar/endermanoverhaul/client/renderer/base/BaseEndermanEntityRenderer.class; tech/alexnijjar/endermanoverhaul/client/renderer/base/CustomEnderEyesLayer.class; tech/alexnijjar/endermanoverhaul/common/entities/base/BaseEnderman.class; tech/alexnijjar/endermanoverhaul/client/EndermanOverhaulClient.class; tech/alexnijjar/endermanoverhaul/common/registry/ModEntityTypes.class; software/bernie/geckolib/renderer/GeoRenderer.class; software/bernie/geckolib/util/Color.class; assets/endermanoverhaul/animations/entity/enderman.animation.json; output-eo/proveniencia.json,evidence-eo/endermanoverhaul-neoforge-1.21.1-2.0.3.jar::data/endermanoverhaul/loot_table/entities/mushroom_fields_enderman.json,[Usos/receitas vanilla](https://minecraft.wiki/w/red_mushroom#Crafting)
Mushroom Fields Enderman,Enderman Overhaul,Enderman passivo; alvo/raiva suprimidos por PassiveEnderman; teleporte/despawn amigável configuráveis,"Bioma/tag ""#endermanoverhaul:mushroom_fields_spawns""; grupo 1–2, peso 1; evidence-eo/endermanoverhaul-neoforge-1.21.1-2.0.3.jar::data/endermanoverhaul/neoforge/biome_modifier/mushroom_fields_spawns.json; restrições próprias de spawn em evidence-eo/decompiled-full/tech/alexnijjar/endermanoverhaul/common/entities/MushroomFieldsEnderman.java; configuração global e da variante",Herança na morte: bloco carregado,Loot do bloco efetivamente carregado,Resultado da tabela do bloco; normalmente 1,Somente se carriedBlock != null; EnderMan.dropCustomDeathLoot avalia tabela do bloco com ferramenta de Silk Touch. Variantes que não recolhem blocos normalmente não terão esse estado.,Recuperar o bloco recolhido; não adicionar um bloco fixo por variante,Alta nos arquivos versionados; configuração/datapacks externos não confirmados,/images/bestiary/audited/eo/mushroom-fields-enderman.png,assets/endermanoverhaul/geo/entity/mushroom_fields_enderman.geo.json; tech/alexnijjar/endermanoverhaul/client/renderer/MushroomFieldsEndermanRenderer.class; assets/endermanoverhaul/textures/entity/mushroom_fields/mushroom_fields_enderman.png; tech/alexnijjar/endermanoverhaul/client/renderer/base/BaseEndermanModel.class; tech/alexnijjar/endermanoverhaul/client/renderer/base/BaseEndermanEntityRenderer.class; tech/alexnijjar/endermanoverhaul/client/renderer/base/CustomEnderEyesLayer.class; tech/alexnijjar/endermanoverhaul/common/entities/base/BaseEnderman.class; tech/alexnijjar/endermanoverhaul/client/EndermanOverhaulClient.class; tech/alexnijjar/endermanoverhaul/common/registry/ModEntityTypes.class; software/bernie/geckolib/renderer/GeoRenderer.class; software/bernie/geckolib/util/Color.class; assets/endermanoverhaul/animations/entity/enderman.animation.json; output-eo/proveniencia.json,evidence-eo/decompiled-full/tech/alexnijjar/endermanoverhaul/common/entities/base/BaseEnderman.java; evidence-vanilla-lote8/cjt.java; evidence/minecraft-1.21.1-client-mappings.txt,Não aplicável
Nether Wastes Enderman,Enderman Overhaul,Enderman neutro; raiva/teleporte e reação ao olhar conforme classe,"Bioma/tag ""#endermanoverhaul:nether_wastes_spawns""; grupo 2–4, peso 1; evidence-eo/endermanoverhaul-neoforge-1.21.1-2.0.3.jar::data/endermanoverhaul/neoforge/biome_modifier/nether_wastes.json; restrições próprias de spawn em evidence-eo/decompiled-full/tech/alexnijjar/endermanoverhaul/common/entities/NetherWastesEnderman.java; configuração global e da variante",Loot de morte,minecraft:ender_pearl,0–1,"pool 1: 1 sorteio(s), peso 1/1; com reposição se mais de um sorteio; Saque minecraft:looting: bônus Math.round(nível × sorteio 0–1); limite sem limite explícito",Teleporte; Eye of Ender; pode entrar nas receitas de conversão conforme a tag,Alta nos arquivos versionados; configuração/datapacks externos não confirmados,/images/bestiary/audited/eo/nether-wastes-enderman.png,assets/endermanoverhaul/geo/entity/nether_wastes_enderman.geo.json; tech/alexnijjar/endermanoverhaul/client/renderer/base/BaseEndermanEntityRenderer.class; assets/endermanoverhaul/textures/entity/nether_wastes/nether_wastes_enderman.png; tech/alexnijjar/endermanoverhaul/client/renderer/base/BaseEndermanModel.class; tech/alexnijjar/endermanoverhaul/client/renderer/base/BaseEndermanEntityRenderer.class; tech/alexnijjar/endermanoverhaul/client/renderer/base/CustomEnderEyesLayer.class; tech/alexnijjar/endermanoverhaul/common/entities/base/BaseEnderman.class; tech/alexnijjar/endermanoverhaul/client/EndermanOverhaulClient.class; tech/alexnijjar/endermanoverhaul/common/registry/ModEntityTypes.class; software/bernie/geckolib/renderer/GeoRenderer.class; software/bernie/geckolib/util/Color.class; assets/endermanoverhaul/textures/entity/nether_wastes/nether_wastes_enderman_glow.png; assets/endermanoverhaul/animations/entity/enderman.animation.json; output-eo/proveniencia.json,evidence-eo/endermanoverhaul-neoforge-1.21.1-2.0.3.jar::data/endermanoverhaul/loot_table/entities/nether_wastes_enderman.json,/bestiary/receitas/eo.html#receita-ender-pearl | [Receita ender_pearl](lote-8-mods-2026-10-06/eo-cards-2026-10-06.md#receita-ender-pearl) — evidence-eo/endermanoverhaul-neoforge-1.21.1-2.0.3.jar::data/endermanoverhaul/recipe/ender_pearl.json
Nether Wastes Enderman,Enderman Overhaul,Enderman neutro; raiva/teleporte e reação ao olhar conforme classe,"Bioma/tag ""#endermanoverhaul:nether_wastes_spawns""; grupo 2–4, peso 1; evidence-eo/endermanoverhaul-neoforge-1.21.1-2.0.3.jar::data/endermanoverhaul/neoforge/biome_modifier/nether_wastes.json; restrições próprias de spawn em evidence-eo/decompiled-full/tech/alexnijjar/endermanoverhaul/common/entities/NetherWastesEnderman.java; configuração global e da variante",Loot de morte,minecraft:bone,0–3,"pool 2: 1 sorteio(s), peso 1/1; com reposição se mais de um sorteio; Saque minecraft:looting: bônus Math.round(nível × sorteio 0–1); limite sem limite explícito",Farinha de osso e domesticação de lobos,Alta nos arquivos versionados; configuração/datapacks externos não confirmados,/images/bestiary/audited/eo/nether-wastes-enderman.png,assets/endermanoverhaul/geo/entity/nether_wastes_enderman.geo.json; tech/alexnijjar/endermanoverhaul/client/renderer/base/BaseEndermanEntityRenderer.class; assets/endermanoverhaul/textures/entity/nether_wastes/nether_wastes_enderman.png; tech/alexnijjar/endermanoverhaul/client/renderer/base/BaseEndermanModel.class; tech/alexnijjar/endermanoverhaul/client/renderer/base/BaseEndermanEntityRenderer.class; tech/alexnijjar/endermanoverhaul/client/renderer/base/CustomEnderEyesLayer.class; tech/alexnijjar/endermanoverhaul/common/entities/base/BaseEnderman.class; tech/alexnijjar/endermanoverhaul/client/EndermanOverhaulClient.class; tech/alexnijjar/endermanoverhaul/common/registry/ModEntityTypes.class; software/bernie/geckolib/renderer/GeoRenderer.class; software/bernie/geckolib/util/Color.class; assets/endermanoverhaul/textures/entity/nether_wastes/nether_wastes_enderman_glow.png; assets/endermanoverhaul/animations/entity/enderman.animation.json; output-eo/proveniencia.json,evidence-eo/endermanoverhaul-neoforge-1.21.1-2.0.3.jar::data/endermanoverhaul/loot_table/entities/nether_wastes_enderman.json,[Usos/receitas vanilla](https://minecraft.wiki/w/bone#Crafting)
Nether Wastes Enderman,Enderman Overhaul,Enderman neutro; raiva/teleporte e reação ao olhar conforme classe,"Bioma/tag ""#endermanoverhaul:nether_wastes_spawns""; grupo 2–4, peso 1; evidence-eo/endermanoverhaul-neoforge-1.21.1-2.0.3.jar::data/endermanoverhaul/neoforge/biome_modifier/nether_wastes.json; restrições próprias de spawn em evidence-eo/decompiled-full/tech/alexnijjar/endermanoverhaul/common/entities/NetherWastesEnderman.java; configuração global e da variante",Herança na morte: bloco carregado,Loot do bloco efetivamente carregado,Resultado da tabela do bloco; normalmente 1,Somente se carriedBlock != null; EnderMan.dropCustomDeathLoot avalia tabela do bloco com ferramenta de Silk Touch. Variantes que não recolhem blocos normalmente não terão esse estado.,Recuperar o bloco recolhido; não adicionar um bloco fixo por variante,Alta nos arquivos versionados; configuração/datapacks externos não confirmados,/images/bestiary/audited/eo/nether-wastes-enderman.png,assets/endermanoverhaul/geo/entity/nether_wastes_enderman.geo.json; tech/alexnijjar/endermanoverhaul/client/renderer/base/BaseEndermanEntityRenderer.class; assets/endermanoverhaul/textures/entity/nether_wastes/nether_wastes_enderman.png; tech/alexnijjar/endermanoverhaul/client/renderer/base/BaseEndermanModel.class; tech/alexnijjar/endermanoverhaul/client/renderer/base/BaseEndermanEntityRenderer.class; tech/alexnijjar/endermanoverhaul/client/renderer/base/CustomEnderEyesLayer.class; tech/alexnijjar/endermanoverhaul/common/entities/base/BaseEnderman.class; tech/alexnijjar/endermanoverhaul/client/EndermanOverhaulClient.class; tech/alexnijjar/endermanoverhaul/common/registry/ModEntityTypes.class; software/bernie/geckolib/renderer/GeoRenderer.class; software/bernie/geckolib/util/Color.class; assets/endermanoverhaul/textures/entity/nether_wastes/nether_wastes_enderman_glow.png; assets/endermanoverhaul/animations/entity/enderman.animation.json; output-eo/proveniencia.json,evidence-eo/decompiled-full/tech/alexnijjar/endermanoverhaul/common/entities/base/BaseEnderman.java; evidence-vanilla-lote8/cjt.java; evidence/minecraft-1.21.1-client-mappings.txt,Não aplicável
Savanna Enderman,Enderman Overhaul,Enderman neutro; raiva/teleporte e reação ao olhar conforme classe,"Bioma/tag ""#endermanoverhaul:savanna_spawns""; grupo 1–4, peso 10; evidence-eo/endermanoverhaul-neoforge-1.21.1-2.0.3.jar::data/endermanoverhaul/neoforge/biome_modifier/savanna.json; restrições próprias de spawn em evidence-eo/decompiled-full/tech/alexnijjar/endermanoverhaul/common/entities/SavannaEnderman.java; configuração global e da variante",Loot de morte,minecraft:ender_pearl,0–1,"pool 1: 1 sorteio(s), peso 1/1; com reposição se mais de um sorteio; Saque minecraft:looting: bônus Math.round(nível × sorteio 0–1); limite sem limite explícito",Teleporte; Eye of Ender; pode entrar nas receitas de conversão conforme a tag,Alta nos arquivos versionados; configuração/datapacks externos não confirmados,/images/bestiary/audited/eo/savanna-enderman.png,assets/endermanoverhaul/geo/entity/savanna_enderman.geo.json; tech/alexnijjar/endermanoverhaul/client/renderer/base/BaseEndermanEntityRenderer.class; assets/endermanoverhaul/textures/entity/savanna/savanna_enderman.png; tech/alexnijjar/endermanoverhaul/client/renderer/base/BaseEndermanModel.class; tech/alexnijjar/endermanoverhaul/client/renderer/base/BaseEndermanEntityRenderer.class; tech/alexnijjar/endermanoverhaul/client/renderer/base/CustomEnderEyesLayer.class; tech/alexnijjar/endermanoverhaul/common/entities/base/BaseEnderman.class; tech/alexnijjar/endermanoverhaul/client/EndermanOverhaulClient.class; tech/alexnijjar/endermanoverhaul/common/registry/ModEntityTypes.class; software/bernie/geckolib/renderer/GeoRenderer.class; software/bernie/geckolib/util/Color.class; assets/endermanoverhaul/textures/entity/savanna/savanna_enderman_glow.png; assets/endermanoverhaul/animations/entity/enderman.animation.json; output-eo/proveniencia.json,evidence-eo/endermanoverhaul-neoforge-1.21.1-2.0.3.jar::data/endermanoverhaul/loot_table/entities/savanna_enderman.json,/bestiary/receitas/eo.html#receita-ender-pearl | [Receita ender_pearl](lote-8-mods-2026-10-06/eo-cards-2026-10-06.md#receita-ender-pearl) — evidence-eo/endermanoverhaul-neoforge-1.21.1-2.0.3.jar::data/endermanoverhaul/recipe/ender_pearl.json
Savanna Enderman,Enderman Overhaul,Enderman neutro; raiva/teleporte e reação ao olhar conforme classe,"Bioma/tag ""#endermanoverhaul:savanna_spawns""; grupo 1–4, peso 10; evidence-eo/endermanoverhaul-neoforge-1.21.1-2.0.3.jar::data/endermanoverhaul/neoforge/biome_modifier/savanna.json; restrições próprias de spawn em evidence-eo/decompiled-full/tech/alexnijjar/endermanoverhaul/common/entities/SavannaEnderman.java; configuração global e da variante",Loot de morte,minecraft:acacia_log,0–4,"pool 2: 1 sorteio(s), peso 1/1; com reposição se mais de um sorteio; Saque minecraft:looting: bônus Math.round(nível × sorteio 0–1); limite sem limite explícito","Tábuas de acácia, construção e combustível",Alta nos arquivos versionados; configuração/datapacks externos não confirmados,/images/bestiary/audited/eo/savanna-enderman.png,assets/endermanoverhaul/geo/entity/savanna_enderman.geo.json; tech/alexnijjar/endermanoverhaul/client/renderer/base/BaseEndermanEntityRenderer.class; assets/endermanoverhaul/textures/entity/savanna/savanna_enderman.png; tech/alexnijjar/endermanoverhaul/client/renderer/base/BaseEndermanModel.class; tech/alexnijjar/endermanoverhaul/client/renderer/base/BaseEndermanEntityRenderer.class; tech/alexnijjar/endermanoverhaul/client/renderer/base/CustomEnderEyesLayer.class; tech/alexnijjar/endermanoverhaul/common/entities/base/BaseEnderman.class; tech/alexnijjar/endermanoverhaul/client/EndermanOverhaulClient.class; tech/alexnijjar/endermanoverhaul/common/registry/ModEntityTypes.class; software/bernie/geckolib/renderer/GeoRenderer.class; software/bernie/geckolib/util/Color.class; assets/endermanoverhaul/textures/entity/savanna/savanna_enderman_glow.png; assets/endermanoverhaul/animations/entity/enderman.animation.json; output-eo/proveniencia.json,evidence-eo/endermanoverhaul-neoforge-1.21.1-2.0.3.jar::data/endermanoverhaul/loot_table/entities/savanna_enderman.json,[Usos/receitas vanilla](https://minecraft.wiki/w/acacia_log#Crafting)
Savanna Enderman,Enderman Overhaul,Enderman neutro; raiva/teleporte e reação ao olhar conforme classe,"Bioma/tag ""#endermanoverhaul:savanna_spawns""; grupo 1–4, peso 10; evidence-eo/endermanoverhaul-neoforge-1.21.1-2.0.3.jar::data/endermanoverhaul/neoforge/biome_modifier/savanna.json; restrições próprias de spawn em evidence-eo/decompiled-full/tech/alexnijjar/endermanoverhaul/common/entities/SavannaEnderman.java; configuração global e da variante",Loot de morte,endermanoverhaul:savanna_hood,1,"sem Saque 10%; Saque I 12.5%, +2.5 p.p./nível acima de I; pool 3: 1 sorteio(s), peso 1/1; com reposição se mais de um sorteio",Armadura no slot de peito (defesa 5); impede provocação por contato visual no BaseEnderman quando vestida. Reparo por couro. Não impede agressão causada por ataques.,Alta nos arquivos versionados; configuração/datapacks externos não confirmados,/images/bestiary/audited/eo/savanna-enderman.png,assets/endermanoverhaul/geo/entity/savanna_enderman.geo.json; tech/alexnijjar/endermanoverhaul/client/renderer/base/BaseEndermanEntityRenderer.class; assets/endermanoverhaul/textures/entity/savanna/savanna_enderman.png; tech/alexnijjar/endermanoverhaul/client/renderer/base/BaseEndermanModel.class; tech/alexnijjar/endermanoverhaul/client/renderer/base/BaseEndermanEntityRenderer.class; tech/alexnijjar/endermanoverhaul/client/renderer/base/CustomEnderEyesLayer.class; tech/alexnijjar/endermanoverhaul/common/entities/base/BaseEnderman.class; tech/alexnijjar/endermanoverhaul/client/EndermanOverhaulClient.class; tech/alexnijjar/endermanoverhaul/common/registry/ModEntityTypes.class; software/bernie/geckolib/renderer/GeoRenderer.class; software/bernie/geckolib/util/Color.class; assets/endermanoverhaul/textures/entity/savanna/savanna_enderman_glow.png; assets/endermanoverhaul/animations/entity/enderman.animation.json; output-eo/proveniencia.json,evidence-eo/endermanoverhaul-neoforge-1.21.1-2.0.3.jar::data/endermanoverhaul/loot_table/entities/savanna_enderman.json; evidence-eo/decompiled-full/tech/alexnijjar/endermanoverhaul/common/items/HoodItem.java; evidence-eo/decompiled-full/tech/alexnijjar/endermanoverhaul/common/registry/ModArmorMaterials.java; evidence-eo/decompiled-full/tech/alexnijjar/endermanoverhaul/common/entities/base/BaseEnderman.java:isLookingAtMe,Não há receita pertinente identificada no JAR; uso direto descrito na coluna Para que serve
Savanna Enderman,Enderman Overhaul,Enderman neutro; raiva/teleporte e reação ao olhar conforme classe,"Bioma/tag ""#endermanoverhaul:savanna_spawns""; grupo 1–4, peso 10; evidence-eo/endermanoverhaul-neoforge-1.21.1-2.0.3.jar::data/endermanoverhaul/neoforge/biome_modifier/savanna.json; restrições próprias de spawn em evidence-eo/decompiled-full/tech/alexnijjar/endermanoverhaul/common/entities/SavannaEnderman.java; configuração global e da variante",Herança na morte: bloco carregado,Loot do bloco efetivamente carregado,Resultado da tabela do bloco; normalmente 1,Somente se carriedBlock != null; EnderMan.dropCustomDeathLoot avalia tabela do bloco com ferramenta de Silk Touch. Variantes que não recolhem blocos normalmente não terão esse estado.,Recuperar o bloco recolhido; não adicionar um bloco fixo por variante,Alta nos arquivos versionados; configuração/datapacks externos não confirmados,/images/bestiary/audited/eo/savanna-enderman.png,assets/endermanoverhaul/geo/entity/savanna_enderman.geo.json; tech/alexnijjar/endermanoverhaul/client/renderer/base/BaseEndermanEntityRenderer.class; assets/endermanoverhaul/textures/entity/savanna/savanna_enderman.png; tech/alexnijjar/endermanoverhaul/client/renderer/base/BaseEndermanModel.class; tech/alexnijjar/endermanoverhaul/client/renderer/base/BaseEndermanEntityRenderer.class; tech/alexnijjar/endermanoverhaul/client/renderer/base/CustomEnderEyesLayer.class; tech/alexnijjar/endermanoverhaul/common/entities/base/BaseEnderman.class; tech/alexnijjar/endermanoverhaul/client/EndermanOverhaulClient.class; tech/alexnijjar/endermanoverhaul/common/registry/ModEntityTypes.class; software/bernie/geckolib/renderer/GeoRenderer.class; software/bernie/geckolib/util/Color.class; assets/endermanoverhaul/textures/entity/savanna/savanna_enderman_glow.png; assets/endermanoverhaul/animations/entity/enderman.animation.json; output-eo/proveniencia.json,evidence-eo/decompiled-full/tech/alexnijjar/endermanoverhaul/common/entities/base/BaseEnderman.java; evidence-vanilla-lote8/cjt.java; evidence/minecraft-1.21.1-client-mappings.txt,Não aplicável
Snowy Enderman,Enderman Overhaul,Enderman neutro; raiva/teleporte e reação ao olhar conforme classe,"Bioma/tag ""#endermanoverhaul:snowy_spawns""; grupo 1–2, peso 10; evidence-eo/endermanoverhaul-neoforge-1.21.1-2.0.3.jar::data/endermanoverhaul/neoforge/biome_modifier/snowy.json; restrições próprias de spawn em evidence-eo/decompiled-full/tech/alexnijjar/endermanoverhaul/common/entities/SnowyEnderman.java; configuração global e da variante",Loot de morte,minecraft:ender_pearl,0–1,"pool 1: 1 sorteio(s), peso 1/2; com reposição se mais de um sorteio; Saque minecraft:looting: bônus Math.round(nível × sorteio 0–1); limite sem limite explícito",Teleporte; Eye of Ender; pode entrar nas receitas de conversão conforme a tag,Alta nos arquivos versionados; configuração/datapacks externos não confirmados,/images/bestiary/audited/eo/snowy-enderman.png,assets/endermanoverhaul/geo/entity/snowy_enderman.geo.json; tech/alexnijjar/endermanoverhaul/client/renderer/base/BaseEndermanEntityRenderer.class; assets/endermanoverhaul/textures/entity/snowy/snowy_enderman.png; tech/alexnijjar/endermanoverhaul/client/renderer/base/BaseEndermanModel.class; tech/alexnijjar/endermanoverhaul/client/renderer/base/BaseEndermanEntityRenderer.class; tech/alexnijjar/endermanoverhaul/client/renderer/base/CustomEnderEyesLayer.class; tech/alexnijjar/endermanoverhaul/common/entities/base/BaseEnderman.class; tech/alexnijjar/endermanoverhaul/client/EndermanOverhaulClient.class; tech/alexnijjar/endermanoverhaul/common/registry/ModEntityTypes.class; software/bernie/geckolib/renderer/GeoRenderer.class; software/bernie/geckolib/util/Color.class; assets/endermanoverhaul/textures/entity/snowy/snowy_enderman_glow.png; assets/endermanoverhaul/animations/entity/snowy_enderman.animation.json; output-eo/proveniencia.json,evidence-eo/endermanoverhaul-neoforge-1.21.1-2.0.3.jar::data/endermanoverhaul/loot_table/entities/snowy_enderman.json,/bestiary/receitas/eo.html#receita-ender-pearl | [Receita ender_pearl](lote-8-mods-2026-10-06/eo-cards-2026-10-06.md#receita-ender-pearl) — evidence-eo/endermanoverhaul-neoforge-1.21.1-2.0.3.jar::data/endermanoverhaul/recipe/ender_pearl.json
Snowy Enderman,Enderman Overhaul,Enderman neutro; raiva/teleporte e reação ao olhar conforme classe,"Bioma/tag ""#endermanoverhaul:snowy_spawns""; grupo 1–2, peso 10; evidence-eo/endermanoverhaul-neoforge-1.21.1-2.0.3.jar::data/endermanoverhaul/neoforge/biome_modifier/snowy.json; restrições próprias de spawn em evidence-eo/decompiled-full/tech/alexnijjar/endermanoverhaul/common/entities/SnowyEnderman.java; configuração global e da variante",Loot de morte,endermanoverhaul:icy_pearl,0–1,"pool 1: 1 sorteio(s), peso 1/2; com reposição se mais de um sorteio; Saque minecraft:looting: bônus Math.round(nível × sorteio 0–1); limite sem limite explícito",Teleporta usuário; no impacto causa freeze 8 e Slowness III/Weakness II por 400 ticks aos alvos da rotina de efeito; também possui dano de queda de 5 no teleporte normal. Converte em Ender Pearl/Eye of Ender pela tag ender_pearls.,Alta nos arquivos versionados; configuração/datapacks externos não confirmados,/images/bestiary/audited/eo/snowy-enderman.png,assets/endermanoverhaul/geo/entity/snowy_enderman.geo.json; tech/alexnijjar/endermanoverhaul/client/renderer/base/BaseEndermanEntityRenderer.class; assets/endermanoverhaul/textures/entity/snowy/snowy_enderman.png; tech/alexnijjar/endermanoverhaul/client/renderer/base/BaseEndermanModel.class; tech/alexnijjar/endermanoverhaul/client/renderer/base/BaseEndermanEntityRenderer.class; tech/alexnijjar/endermanoverhaul/client/renderer/base/CustomEnderEyesLayer.class; tech/alexnijjar/endermanoverhaul/common/entities/base/BaseEnderman.class; tech/alexnijjar/endermanoverhaul/client/EndermanOverhaulClient.class; tech/alexnijjar/endermanoverhaul/common/registry/ModEntityTypes.class; software/bernie/geckolib/renderer/GeoRenderer.class; software/bernie/geckolib/util/Color.class; assets/endermanoverhaul/textures/entity/snowy/snowy_enderman_glow.png; assets/endermanoverhaul/animations/entity/snowy_enderman.animation.json; output-eo/proveniencia.json,evidence-eo/endermanoverhaul-neoforge-1.21.1-2.0.3.jar::data/endermanoverhaul/loot_table/entities/snowy_enderman.json; evidence-eo/decompiled-full/tech/alexnijjar/endermanoverhaul/common/entities/projectiles/ThrownIcyPearl.java,/bestiary/receitas/eo.html#receita-ender-eye | [Receita ender_eye](lote-8-mods-2026-10-06/eo-cards-2026-10-06.md#receita-ender-eye) — evidence-eo/endermanoverhaul-neoforge-1.21.1-2.0.3.jar::data/endermanoverhaul/recipe/ender_eye.json; [Receita ender_pearl](lote-8-mods-2026-10-06/eo-cards-2026-10-06.md#receita-ender-pearl) — evidence-eo/endermanoverhaul-neoforge-1.21.1-2.0.3.jar::data/endermanoverhaul/recipe/ender_pearl.json
Snowy Enderman,Enderman Overhaul,Enderman neutro; raiva/teleporte e reação ao olhar conforme classe,"Bioma/tag ""#endermanoverhaul:snowy_spawns""; grupo 1–2, peso 10; evidence-eo/endermanoverhaul-neoforge-1.21.1-2.0.3.jar::data/endermanoverhaul/neoforge/biome_modifier/snowy.json; restrições próprias de spawn em evidence-eo/decompiled-full/tech/alexnijjar/endermanoverhaul/common/entities/SnowyEnderman.java; configuração global e da variante",Loot de morte,minecraft:snowball,0–3,"pool 2: 1 sorteio(s), peso 1/1; com reposição se mais de um sorteio; Saque minecraft:looting: bônus Math.round(nível × sorteio 0–1); limite sem limite explícito","Arremesso, Snow Block e Snow Golem",Alta nos arquivos versionados; configuração/datapacks externos não confirmados,/images/bestiary/audited/eo/snowy-enderman.png,assets/endermanoverhaul/geo/entity/snowy_enderman.geo.json; tech/alexnijjar/endermanoverhaul/client/renderer/base/BaseEndermanEntityRenderer.class; assets/endermanoverhaul/textures/entity/snowy/snowy_enderman.png; tech/alexnijjar/endermanoverhaul/client/renderer/base/BaseEndermanModel.class; tech/alexnijjar/endermanoverhaul/client/renderer/base/BaseEndermanEntityRenderer.class; tech/alexnijjar/endermanoverhaul/client/renderer/base/CustomEnderEyesLayer.class; tech/alexnijjar/endermanoverhaul/common/entities/base/BaseEnderman.class; tech/alexnijjar/endermanoverhaul/client/EndermanOverhaulClient.class; tech/alexnijjar/endermanoverhaul/common/registry/ModEntityTypes.class; software/bernie/geckolib/renderer/GeoRenderer.class; software/bernie/geckolib/util/Color.class; assets/endermanoverhaul/textures/entity/snowy/snowy_enderman_glow.png; assets/endermanoverhaul/animations/entity/snowy_enderman.animation.json; output-eo/proveniencia.json,evidence-eo/endermanoverhaul-neoforge-1.21.1-2.0.3.jar::data/endermanoverhaul/loot_table/entities/snowy_enderman.json,[Usos/receitas vanilla](https://minecraft.wiki/w/snowball#Crafting)
Snowy Enderman,Enderman Overhaul,Enderman neutro; raiva/teleporte e reação ao olhar conforme classe,"Bioma/tag ""#endermanoverhaul:snowy_spawns""; grupo 1–2, peso 10; evidence-eo/endermanoverhaul-neoforge-1.21.1-2.0.3.jar::data/endermanoverhaul/neoforge/biome_modifier/snowy.json; restrições próprias de spawn em evidence-eo/decompiled-full/tech/alexnijjar/endermanoverhaul/common/entities/SnowyEnderman.java; configuração global e da variante",Loot de morte,endermanoverhaul:snowy_hood,1,"sem Saque 10%; Saque I 12.5%, +2.5 p.p./nível acima de I; pool 3: 1 sorteio(s), peso 1/1; com reposição se mais de um sorteio",Armadura no slot de peito (defesa 5); impede provocação por contato visual no BaseEnderman quando vestida. Reparo por couro. Não impede agressão causada por ataques.,Alta nos arquivos versionados; configuração/datapacks externos não confirmados,/images/bestiary/audited/eo/snowy-enderman.png,assets/endermanoverhaul/geo/entity/snowy_enderman.geo.json; tech/alexnijjar/endermanoverhaul/client/renderer/base/BaseEndermanEntityRenderer.class; assets/endermanoverhaul/textures/entity/snowy/snowy_enderman.png; tech/alexnijjar/endermanoverhaul/client/renderer/base/BaseEndermanModel.class; tech/alexnijjar/endermanoverhaul/client/renderer/base/BaseEndermanEntityRenderer.class; tech/alexnijjar/endermanoverhaul/client/renderer/base/CustomEnderEyesLayer.class; tech/alexnijjar/endermanoverhaul/common/entities/base/BaseEnderman.class; tech/alexnijjar/endermanoverhaul/client/EndermanOverhaulClient.class; tech/alexnijjar/endermanoverhaul/common/registry/ModEntityTypes.class; software/bernie/geckolib/renderer/GeoRenderer.class; software/bernie/geckolib/util/Color.class; assets/endermanoverhaul/textures/entity/snowy/snowy_enderman_glow.png; assets/endermanoverhaul/animations/entity/snowy_enderman.animation.json; output-eo/proveniencia.json,evidence-eo/endermanoverhaul-neoforge-1.21.1-2.0.3.jar::data/endermanoverhaul/loot_table/entities/snowy_enderman.json; evidence-eo/decompiled-full/tech/alexnijjar/endermanoverhaul/common/items/HoodItem.java; evidence-eo/decompiled-full/tech/alexnijjar/endermanoverhaul/common/registry/ModArmorMaterials.java; evidence-eo/decompiled-full/tech/alexnijjar/endermanoverhaul/common/entities/base/BaseEnderman.java:isLookingAtMe,Não há receita pertinente identificada no JAR; uso direto descrito na coluna Para que serve
Snowy Enderman,Enderman Overhaul,Enderman neutro; raiva/teleporte e reação ao olhar conforme classe,"Bioma/tag ""#endermanoverhaul:snowy_spawns""; grupo 1–2, peso 10; evidence-eo/endermanoverhaul-neoforge-1.21.1-2.0.3.jar::data/endermanoverhaul/neoforge/biome_modifier/snowy.json; restrições próprias de spawn em evidence-eo/decompiled-full/tech/alexnijjar/endermanoverhaul/common/entities/SnowyEnderman.java; configuração global e da variante",Herança na morte: bloco carregado,Loot do bloco efetivamente carregado,Resultado da tabela do bloco; normalmente 1,Somente se carriedBlock != null; EnderMan.dropCustomDeathLoot avalia tabela do bloco com ferramenta de Silk Touch. Variantes que não recolhem blocos normalmente não terão esse estado.,Recuperar o bloco recolhido; não adicionar um bloco fixo por variante,Alta nos arquivos versionados; configuração/datapacks externos não confirmados,/images/bestiary/audited/eo/snowy-enderman.png,assets/endermanoverhaul/geo/entity/snowy_enderman.geo.json; tech/alexnijjar/endermanoverhaul/client/renderer/base/BaseEndermanEntityRenderer.class; assets/endermanoverhaul/textures/entity/snowy/snowy_enderman.png; tech/alexnijjar/endermanoverhaul/client/renderer/base/BaseEndermanModel.class; tech/alexnijjar/endermanoverhaul/client/renderer/base/BaseEndermanEntityRenderer.class; tech/alexnijjar/endermanoverhaul/client/renderer/base/CustomEnderEyesLayer.class; tech/alexnijjar/endermanoverhaul/common/entities/base/BaseEnderman.class; tech/alexnijjar/endermanoverhaul/client/EndermanOverhaulClient.class; tech/alexnijjar/endermanoverhaul/common/registry/ModEntityTypes.class; software/bernie/geckolib/renderer/GeoRenderer.class; software/bernie/geckolib/util/Color.class; assets/endermanoverhaul/textures/entity/snowy/snowy_enderman_glow.png; assets/endermanoverhaul/animations/entity/snowy_enderman.animation.json; output-eo/proveniencia.json,evidence-eo/decompiled-full/tech/alexnijjar/endermanoverhaul/common/entities/base/BaseEnderman.java; evidence-vanilla-lote8/cjt.java; evidence/minecraft-1.21.1-client-mappings.txt,Não aplicável
Soulsand Valley Enderman,Enderman Overhaul,Enderman neutro; raiva/teleporte e reação ao olhar conforme classe,"Bioma/tag ""#endermanoverhaul:soulsand_valley_spawns""; grupo 1–2, peso 2; evidence-eo/endermanoverhaul-neoforge-1.21.1-2.0.3.jar::data/endermanoverhaul/neoforge/biome_modifier/soulsand_valley_enderman.json; restrições próprias de spawn em evidence-eo/decompiled-full/tech/alexnijjar/endermanoverhaul/common/entities/SoulsandValleyEnderman.java; configuração global e da variante",Loot de morte,endermanoverhaul:soul_pearl,0–1,"pool 1: 1 sorteio(s), peso 1/1; com reposição se mais de um sorteio; Saque minecraft:looting: bônus Math.round(nível × sorteio 0–1); limite sem limite explícito",Vincula uma entidade e a teleporta ao local do impacto; pode virar Ender Pearl ou Eye of Ender,Alta nos arquivos versionados; configuração/datapacks externos não confirmados,/images/bestiary/audited/eo/soulsand-valley-enderman.png,assets/endermanoverhaul/geo/entity/soulsand_valley_enderman.geo.json; tech/alexnijjar/endermanoverhaul/client/renderer/base/BaseEndermanEntityRenderer.class; assets/endermanoverhaul/textures/entity/soulsand_valley/soulsand_valley_enderman.png; tech/alexnijjar/endermanoverhaul/client/renderer/base/BaseEndermanModel.class; tech/alexnijjar/endermanoverhaul/client/renderer/base/BaseEndermanEntityRenderer.class; tech/alexnijjar/endermanoverhaul/client/renderer/base/CustomEnderEyesLayer.class; tech/alexnijjar/endermanoverhaul/common/entities/base/BaseEnderman.class; tech/alexnijjar/endermanoverhaul/client/EndermanOverhaulClient.class; tech/alexnijjar/endermanoverhaul/common/registry/ModEntityTypes.class; software/bernie/geckolib/renderer/GeoRenderer.class; software/bernie/geckolib/util/Color.class; assets/endermanoverhaul/textures/entity/soulsand_valley/soulsand_valley_enderman_glow.png; assets/endermanoverhaul/animations/entity/soulsand_valley_enderman.animation.json; output-eo/proveniencia.json,evidence-eo/endermanoverhaul-neoforge-1.21.1-2.0.3.jar::data/endermanoverhaul/loot_table/entities/soulsand_valley_enderman.json,/bestiary/receitas/eo.html#receita-ender-eye | [Receita ender_eye](lote-8-mods-2026-10-06/eo-cards-2026-10-06.md#receita-ender-eye) — evidence-eo/endermanoverhaul-neoforge-1.21.1-2.0.3.jar::data/endermanoverhaul/recipe/ender_eye.json; [Receita ender_pearl](lote-8-mods-2026-10-06/eo-cards-2026-10-06.md#receita-ender-pearl) — evidence-eo/endermanoverhaul-neoforge-1.21.1-2.0.3.jar::data/endermanoverhaul/recipe/ender_pearl.json
Soulsand Valley Enderman,Enderman Overhaul,Enderman neutro; raiva/teleporte e reação ao olhar conforme classe,"Bioma/tag ""#endermanoverhaul:soulsand_valley_spawns""; grupo 1–2, peso 2; evidence-eo/endermanoverhaul-neoforge-1.21.1-2.0.3.jar::data/endermanoverhaul/neoforge/biome_modifier/soulsand_valley_enderman.json; restrições próprias de spawn em evidence-eo/decompiled-full/tech/alexnijjar/endermanoverhaul/common/entities/SoulsandValleyEnderman.java; configuração global e da variante",Loot de morte,minecraft:bone,0–3,"pool 2: 1 sorteio(s), peso 1/1; com reposição se mais de um sorteio; Saque minecraft:looting: bônus Math.round(nível × sorteio 0–1); limite sem limite explícito",Farinha de osso e domesticação de lobos,Alta nos arquivos versionados; configuração/datapacks externos não confirmados,/images/bestiary/audited/eo/soulsand-valley-enderman.png,assets/endermanoverhaul/geo/entity/soulsand_valley_enderman.geo.json; tech/alexnijjar/endermanoverhaul/client/renderer/base/BaseEndermanEntityRenderer.class; assets/endermanoverhaul/textures/entity/soulsand_valley/soulsand_valley_enderman.png; tech/alexnijjar/endermanoverhaul/client/renderer/base/BaseEndermanModel.class; tech/alexnijjar/endermanoverhaul/client/renderer/base/BaseEndermanEntityRenderer.class; tech/alexnijjar/endermanoverhaul/client/renderer/base/CustomEnderEyesLayer.class; tech/alexnijjar/endermanoverhaul/common/entities/base/BaseEnderman.class; tech/alexnijjar/endermanoverhaul/client/EndermanOverhaulClient.class; tech/alexnijjar/endermanoverhaul/common/registry/ModEntityTypes.class; software/bernie/geckolib/renderer/GeoRenderer.class; software/bernie/geckolib/util/Color.class; assets/endermanoverhaul/textures/entity/soulsand_valley/soulsand_valley_enderman_glow.png; assets/endermanoverhaul/animations/entity/soulsand_valley_enderman.animation.json; output-eo/proveniencia.json,evidence-eo/endermanoverhaul-neoforge-1.21.1-2.0.3.jar::data/endermanoverhaul/loot_table/entities/soulsand_valley_enderman.json,[Usos/receitas vanilla](https://minecraft.wiki/w/bone#Crafting)
Soulsand Valley Enderman,Enderman Overhaul,Enderman neutro; raiva/teleporte e reação ao olhar conforme classe,"Bioma/tag ""#endermanoverhaul:soulsand_valley_spawns""; grupo 1–2, peso 2; evidence-eo/endermanoverhaul-neoforge-1.21.1-2.0.3.jar::data/endermanoverhaul/neoforge/biome_modifier/soulsand_valley_enderman.json; restrições próprias de spawn em evidence-eo/decompiled-full/tech/alexnijjar/endermanoverhaul/common/entities/SoulsandValleyEnderman.java; configuração global e da variante",Herança na morte: bloco carregado,Loot do bloco efetivamente carregado,Resultado da tabela do bloco; normalmente 1,Somente se carriedBlock != null; EnderMan.dropCustomDeathLoot avalia tabela do bloco com ferramenta de Silk Touch. Variantes que não recolhem blocos normalmente não terão esse estado.,Recuperar o bloco recolhido; não adicionar um bloco fixo por variante,Alta nos arquivos versionados; configuração/datapacks externos não confirmados,/images/bestiary/audited/eo/soulsand-valley-enderman.png,assets/endermanoverhaul/geo/entity/soulsand_valley_enderman.geo.json; tech/alexnijjar/endermanoverhaul/client/renderer/base/BaseEndermanEntityRenderer.class; assets/endermanoverhaul/textures/entity/soulsand_valley/soulsand_valley_enderman.png; tech/alexnijjar/endermanoverhaul/client/renderer/base/BaseEndermanModel.class; tech/alexnijjar/endermanoverhaul/client/renderer/base/BaseEndermanEntityRenderer.class; tech/alexnijjar/endermanoverhaul/client/renderer/base/CustomEnderEyesLayer.class; tech/alexnijjar/endermanoverhaul/common/entities/base/BaseEnderman.class; tech/alexnijjar/endermanoverhaul/client/EndermanOverhaulClient.class; tech/alexnijjar/endermanoverhaul/common/registry/ModEntityTypes.class; software/bernie/geckolib/renderer/GeoRenderer.class; software/bernie/geckolib/util/Color.class; assets/endermanoverhaul/textures/entity/soulsand_valley/soulsand_valley_enderman_glow.png; assets/endermanoverhaul/animations/entity/soulsand_valley_enderman.animation.json; output-eo/proveniencia.json,evidence-eo/decompiled-full/tech/alexnijjar/endermanoverhaul/common/entities/base/BaseEnderman.java; evidence-vanilla-lote8/cjt.java; evidence/minecraft-1.21.1-client-mappings.txt,Não aplicável
Soulsand Valley Enderman,Enderman Overhaul,Enderman neutro; raiva/teleporte e reação ao olhar conforme classe,"Bioma/tag ""#endermanoverhaul:soulsand_valley_spawns""; grupo 1–2, peso 2; evidence-eo/endermanoverhaul-neoforge-1.21.1-2.0.3.jar::data/endermanoverhaul/neoforge/biome_modifier/soulsand_valley_enderman.json; restrições próprias de spawn em evidence-eo/decompiled-full/tech/alexnijjar/endermanoverhaul/common/entities/SoulsandValleyEnderman.java; configuração global e da variante",Ao morrer: entidades/projéteis,3 Spirits,3,Rotina die além dos pools; invocações/projéteis não são pilhas de item. End Islands só dispara se getTarget()!=null.,"Risco ao recolher drops, não recompensa adicional de inventário",Alta nos arquivos versionados; configuração/datapacks externos não confirmados,/images/bestiary/audited/eo/soulsand-valley-enderman.png,assets/endermanoverhaul/geo/entity/soulsand_valley_enderman.geo.json; tech/alexnijjar/endermanoverhaul/client/renderer/base/BaseEndermanEntityRenderer.class; assets/endermanoverhaul/textures/entity/soulsand_valley/soulsand_valley_enderman.png; tech/alexnijjar/endermanoverhaul/client/renderer/base/BaseEndermanModel.class; tech/alexnijjar/endermanoverhaul/client/renderer/base/BaseEndermanEntityRenderer.class; tech/alexnijjar/endermanoverhaul/client/renderer/base/CustomEnderEyesLayer.class; tech/alexnijjar/endermanoverhaul/common/entities/base/BaseEnderman.class; tech/alexnijjar/endermanoverhaul/client/EndermanOverhaulClient.class; tech/alexnijjar/endermanoverhaul/common/registry/ModEntityTypes.class; software/bernie/geckolib/renderer/GeoRenderer.class; software/bernie/geckolib/util/Color.class; assets/endermanoverhaul/textures/entity/soulsand_valley/soulsand_valley_enderman_glow.png; assets/endermanoverhaul/animations/entity/soulsand_valley_enderman.animation.json; output-eo/proveniencia.json,evidence-eo/decompiled-full/tech/alexnijjar/endermanoverhaul/common/entities/SoulsandValleyEnderman.java:die,Não aplicável
Swamp Enderman,Enderman Overhaul,Enderman neutro; raiva/teleporte e reação ao olhar conforme classe,"Bioma/tag ""#endermanoverhaul:swamp_spawns""; grupo 1–4, peso 10; evidence-eo/endermanoverhaul-neoforge-1.21.1-2.0.3.jar::data/endermanoverhaul/neoforge/biome_modifier/swamp.json; restrições próprias de spawn em evidence-eo/decompiled-full/tech/alexnijjar/endermanoverhaul/common/entities/SwampEnderman.java; configuração global e da variante",Loot de morte,minecraft:ender_pearl,0–1,"pool 1: 1 sorteio(s), peso 1/2; com reposição se mais de um sorteio; Saque minecraft:looting: bônus Math.round(nível × sorteio 0–1); limite sem limite explícito",Teleporte; Eye of Ender; pode entrar nas receitas de conversão conforme a tag,Alta nos arquivos versionados; configuração/datapacks externos não confirmados,/images/bestiary/audited/eo/swamp-enderman.png,assets/endermanoverhaul/geo/entity/swamp_enderman.geo.json; tech/alexnijjar/endermanoverhaul/client/renderer/base/BaseEndermanEntityRenderer.class; assets/endermanoverhaul/textures/entity/swamp/swamp_enderman.png; tech/alexnijjar/endermanoverhaul/client/renderer/base/BaseEndermanModel.class; tech/alexnijjar/endermanoverhaul/client/renderer/base/BaseEndermanEntityRenderer.class; tech/alexnijjar/endermanoverhaul/client/renderer/base/CustomEnderEyesLayer.class; tech/alexnijjar/endermanoverhaul/common/entities/base/BaseEnderman.class; tech/alexnijjar/endermanoverhaul/client/EndermanOverhaulClient.class; tech/alexnijjar/endermanoverhaul/common/registry/ModEntityTypes.class; software/bernie/geckolib/renderer/GeoRenderer.class; software/bernie/geckolib/util/Color.class; assets/endermanoverhaul/textures/entity/swamp/swamp_enderman_glow.png; assets/endermanoverhaul/animations/entity/enderman.animation.json; output-eo/proveniencia.json,evidence-eo/endermanoverhaul-neoforge-1.21.1-2.0.3.jar::data/endermanoverhaul/loot_table/entities/swamp_enderman.json,/bestiary/receitas/eo.html#receita-ender-pearl | [Receita ender_pearl](lote-8-mods-2026-10-06/eo-cards-2026-10-06.md#receita-ender-pearl) — evidence-eo/endermanoverhaul-neoforge-1.21.1-2.0.3.jar::data/endermanoverhaul/recipe/ender_pearl.json
Swamp Enderman,Enderman Overhaul,Enderman neutro; raiva/teleporte e reação ao olhar conforme classe,"Bioma/tag ""#endermanoverhaul:swamp_spawns""; grupo 1–4, peso 10; evidence-eo/endermanoverhaul-neoforge-1.21.1-2.0.3.jar::data/endermanoverhaul/neoforge/biome_modifier/swamp.json; restrições próprias de spawn em evidence-eo/decompiled-full/tech/alexnijjar/endermanoverhaul/common/entities/SwampEnderman.java; configuração global e da variante",Loot de morte,endermanoverhaul:summoner_pearl,0–1,"pool 1: 1 sorteio(s), peso 1/2; com reposição se mais de um sorteio; Saque minecraft:looting: bônus Math.round(nível × sorteio 0–1); limite sem limite explícito",Pérola arremessável que teleporta alvo atingido; pode virar Ender Pearl ou Eye of Ender,Alta nos arquivos versionados; configuração/datapacks externos não confirmados,/images/bestiary/audited/eo/swamp-enderman.png,assets/endermanoverhaul/geo/entity/swamp_enderman.geo.json; tech/alexnijjar/endermanoverhaul/client/renderer/base/BaseEndermanEntityRenderer.class; assets/endermanoverhaul/textures/entity/swamp/swamp_enderman.png; tech/alexnijjar/endermanoverhaul/client/renderer/base/BaseEndermanModel.class; tech/alexnijjar/endermanoverhaul/client/renderer/base/BaseEndermanEntityRenderer.class; tech/alexnijjar/endermanoverhaul/client/renderer/base/CustomEnderEyesLayer.class; tech/alexnijjar/endermanoverhaul/common/entities/base/BaseEnderman.class; tech/alexnijjar/endermanoverhaul/client/EndermanOverhaulClient.class; tech/alexnijjar/endermanoverhaul/common/registry/ModEntityTypes.class; software/bernie/geckolib/renderer/GeoRenderer.class; software/bernie/geckolib/util/Color.class; assets/endermanoverhaul/textures/entity/swamp/swamp_enderman_glow.png; assets/endermanoverhaul/animations/entity/enderman.animation.json; output-eo/proveniencia.json,evidence-eo/endermanoverhaul-neoforge-1.21.1-2.0.3.jar::data/endermanoverhaul/loot_table/entities/swamp_enderman.json,/bestiary/receitas/eo.html#receita-ender-eye | [Receita ender_eye](lote-8-mods-2026-10-06/eo-cards-2026-10-06.md#receita-ender-eye) — evidence-eo/endermanoverhaul-neoforge-1.21.1-2.0.3.jar::data/endermanoverhaul/recipe/ender_eye.json; [Receita ender_pearl](lote-8-mods-2026-10-06/eo-cards-2026-10-06.md#receita-ender-pearl) — evidence-eo/endermanoverhaul-neoforge-1.21.1-2.0.3.jar::data/endermanoverhaul/recipe/ender_pearl.json
Swamp Enderman,Enderman Overhaul,Enderman neutro; raiva/teleporte e reação ao olhar conforme classe,"Bioma/tag ""#endermanoverhaul:swamp_spawns""; grupo 1–4, peso 10; evidence-eo/endermanoverhaul-neoforge-1.21.1-2.0.3.jar::data/endermanoverhaul/neoforge/biome_modifier/swamp.json; restrições próprias de spawn em evidence-eo/decompiled-full/tech/alexnijjar/endermanoverhaul/common/entities/SwampEnderman.java; configuração global e da variante",Herança na morte: bloco carregado,Loot do bloco efetivamente carregado,Resultado da tabela do bloco; normalmente 1,Somente se carriedBlock != null; EnderMan.dropCustomDeathLoot avalia tabela do bloco com ferramenta de Silk Touch. Variantes que não recolhem blocos normalmente não terão esse estado.,Recuperar o bloco recolhido; não adicionar um bloco fixo por variante,Alta nos arquivos versionados; configuração/datapacks externos não confirmados,/images/bestiary/audited/eo/swamp-enderman.png,assets/endermanoverhaul/geo/entity/swamp_enderman.geo.json; tech/alexnijjar/endermanoverhaul/client/renderer/base/BaseEndermanEntityRenderer.class; assets/endermanoverhaul/textures/entity/swamp/swamp_enderman.png; tech/alexnijjar/endermanoverhaul/client/renderer/base/BaseEndermanModel.class; tech/alexnijjar/endermanoverhaul/client/renderer/base/BaseEndermanEntityRenderer.class; tech/alexnijjar/endermanoverhaul/client/renderer/base/CustomEnderEyesLayer.class; tech/alexnijjar/endermanoverhaul/common/entities/base/BaseEnderman.class; tech/alexnijjar/endermanoverhaul/client/EndermanOverhaulClient.class; tech/alexnijjar/endermanoverhaul/common/registry/ModEntityTypes.class; software/bernie/geckolib/renderer/GeoRenderer.class; software/bernie/geckolib/util/Color.class; assets/endermanoverhaul/textures/entity/swamp/swamp_enderman_glow.png; assets/endermanoverhaul/animations/entity/enderman.animation.json; output-eo/proveniencia.json,evidence-eo/decompiled-full/tech/alexnijjar/endermanoverhaul/common/entities/base/BaseEnderman.java; evidence-vanilla-lote8/cjt.java; evidence/minecraft-1.21.1-client-mappings.txt,Não aplicável
Warped Forest Enderman,Enderman Overhaul,Enderman neutro; raiva/teleporte e reação ao olhar conforme classe,"Bioma/tag ""#endermanoverhaul:warped_forest_spawns""; grupo 4–4, peso 1; evidence-eo/endermanoverhaul-neoforge-1.21.1-2.0.3.jar::data/endermanoverhaul/neoforge/biome_modifier/warped_forest.json; restrições próprias de spawn em evidence-eo/decompiled-full/tech/alexnijjar/endermanoverhaul/common/entities/WarpedForestEnderman.java; configuração global e da variante",Loot de morte,endermanoverhaul:warped_pearl,0–1,"pool 1: 1 sorteio(s), peso 1/1; com reposição se mais de um sorteio; Saque minecraft:looting: bônus Math.round(nível × sorteio 0–1); limite sem limite explícito",Teleporte e efeito Resistance II por 15 s no alvo; pode virar Ender Pearl ou Eye of Ender,Alta nos arquivos versionados; configuração/datapacks externos não confirmados,/images/bestiary/audited/eo/warped-forest-enderman.png,assets/endermanoverhaul/geo/entity/warped_forest_enderman.geo.json; tech/alexnijjar/endermanoverhaul/client/renderer/base/BaseEndermanEntityRenderer.class; assets/endermanoverhaul/textures/entity/warped_forest/warped_forest_enderman.png; tech/alexnijjar/endermanoverhaul/client/renderer/base/BaseEndermanModel.class; tech/alexnijjar/endermanoverhaul/client/renderer/base/BaseEndermanEntityRenderer.class; tech/alexnijjar/endermanoverhaul/client/renderer/base/CustomEnderEyesLayer.class; tech/alexnijjar/endermanoverhaul/common/entities/base/BaseEnderman.class; tech/alexnijjar/endermanoverhaul/client/EndermanOverhaulClient.class; tech/alexnijjar/endermanoverhaul/common/registry/ModEntityTypes.class; software/bernie/geckolib/renderer/GeoRenderer.class; software/bernie/geckolib/util/Color.class; assets/endermanoverhaul/textures/entity/warped_forest/warped_forest_enderman_glow.png; assets/endermanoverhaul/animations/entity/warped_forest_enderman.animation.json; output-eo/proveniencia.json,evidence-eo/endermanoverhaul-neoforge-1.21.1-2.0.3.jar::data/endermanoverhaul/loot_table/entities/warped_forest_enderman.json,/bestiary/receitas/eo.html#receita-ender-eye | [Receita ender_eye](lote-8-mods-2026-10-06/eo-cards-2026-10-06.md#receita-ender-eye) — evidence-eo/endermanoverhaul-neoforge-1.21.1-2.0.3.jar::data/endermanoverhaul/recipe/ender_eye.json; [Receita ender_pearl](lote-8-mods-2026-10-06/eo-cards-2026-10-06.md#receita-ender-pearl) — evidence-eo/endermanoverhaul-neoforge-1.21.1-2.0.3.jar::data/endermanoverhaul/recipe/ender_pearl.json
Warped Forest Enderman,Enderman Overhaul,Enderman neutro; raiva/teleporte e reação ao olhar conforme classe,"Bioma/tag ""#endermanoverhaul:warped_forest_spawns""; grupo 4–4, peso 1; evidence-eo/endermanoverhaul-neoforge-1.21.1-2.0.3.jar::data/endermanoverhaul/neoforge/biome_modifier/warped_forest.json; restrições próprias de spawn em evidence-eo/decompiled-full/tech/alexnijjar/endermanoverhaul/common/entities/WarpedForestEnderman.java; configuração global e da variante",Loot de morte,minecraft:warped_fungus,0–3,"pool 2: 1 sorteio(s), peso 1/1; com reposição se mais de um sorteio; Saque minecraft:looting: bônus Math.round(nível × sorteio 0–1); limite sem limite explícito",Plantar; afastar hoglins; criação de Strider com warped fungus on a stick,Alta nos arquivos versionados; configuração/datapacks externos não confirmados,/images/bestiary/audited/eo/warped-forest-enderman.png,assets/endermanoverhaul/geo/entity/warped_forest_enderman.geo.json; tech/alexnijjar/endermanoverhaul/client/renderer/base/BaseEndermanEntityRenderer.class; assets/endermanoverhaul/textures/entity/warped_forest/warped_forest_enderman.png; tech/alexnijjar/endermanoverhaul/client/renderer/base/BaseEndermanModel.class; tech/alexnijjar/endermanoverhaul/client/renderer/base/BaseEndermanEntityRenderer.class; tech/alexnijjar/endermanoverhaul/client/renderer/base/CustomEnderEyesLayer.class; tech/alexnijjar/endermanoverhaul/common/entities/base/BaseEnderman.class; tech/alexnijjar/endermanoverhaul/client/EndermanOverhaulClient.class; tech/alexnijjar/endermanoverhaul/common/registry/ModEntityTypes.class; software/bernie/geckolib/renderer/GeoRenderer.class; software/bernie/geckolib/util/Color.class; assets/endermanoverhaul/textures/entity/warped_forest/warped_forest_enderman_glow.png; assets/endermanoverhaul/animations/entity/warped_forest_enderman.animation.json; output-eo/proveniencia.json,evidence-eo/endermanoverhaul-neoforge-1.21.1-2.0.3.jar::data/endermanoverhaul/loot_table/entities/warped_forest_enderman.json,[Usos/receitas vanilla](https://minecraft.wiki/w/warped_fungus#Crafting)
Warped Forest Enderman,Enderman Overhaul,Enderman neutro; raiva/teleporte e reação ao olhar conforme classe,"Bioma/tag ""#endermanoverhaul:warped_forest_spawns""; grupo 4–4, peso 1; evidence-eo/endermanoverhaul-neoforge-1.21.1-2.0.3.jar::data/endermanoverhaul/neoforge/biome_modifier/warped_forest.json; restrições próprias de spawn em evidence-eo/decompiled-full/tech/alexnijjar/endermanoverhaul/common/entities/WarpedForestEnderman.java; configuração global e da variante",Herança na morte: bloco carregado,Loot do bloco efetivamente carregado,Resultado da tabela do bloco; normalmente 1,Somente se carriedBlock != null; EnderMan.dropCustomDeathLoot avalia tabela do bloco com ferramenta de Silk Touch. Variantes que não recolhem blocos normalmente não terão esse estado.,Recuperar o bloco recolhido; não adicionar um bloco fixo por variante,Alta nos arquivos versionados; configuração/datapacks externos não confirmados,/images/bestiary/audited/eo/warped-forest-enderman.png,assets/endermanoverhaul/geo/entity/warped_forest_enderman.geo.json; tech/alexnijjar/endermanoverhaul/client/renderer/base/BaseEndermanEntityRenderer.class; assets/endermanoverhaul/textures/entity/warped_forest/warped_forest_enderman.png; tech/alexnijjar/endermanoverhaul/client/renderer/base/BaseEndermanModel.class; tech/alexnijjar/endermanoverhaul/client/renderer/base/BaseEndermanEntityRenderer.class; tech/alexnijjar/endermanoverhaul/client/renderer/base/CustomEnderEyesLayer.class; tech/alexnijjar/endermanoverhaul/common/entities/base/BaseEnderman.class; tech/alexnijjar/endermanoverhaul/client/EndermanOverhaulClient.class; tech/alexnijjar/endermanoverhaul/common/registry/ModEntityTypes.class; software/bernie/geckolib/renderer/GeoRenderer.class; software/bernie/geckolib/util/Color.class; assets/endermanoverhaul/textures/entity/warped_forest/warped_forest_enderman_glow.png; assets/endermanoverhaul/animations/entity/warped_forest_enderman.animation.json; output-eo/proveniencia.json,evidence-eo/decompiled-full/tech/alexnijjar/endermanoverhaul/common/entities/base/BaseEnderman.java; evidence-vanilla-lote8/cjt.java; evidence/minecraft-1.21.1-client-mappings.txt,Não aplicável
Windswept Hills Enderman,Enderman Overhaul,Enderman neutro; raiva/teleporte e reação ao olhar conforme classe,"Bioma/tag ""#endermanoverhaul:windswept_hills_spawns""; grupo 1–4, peso 10; evidence-eo/endermanoverhaul-neoforge-1.21.1-2.0.3.jar::data/endermanoverhaul/neoforge/biome_modifier/windswept_hills.json; restrições próprias de spawn em evidence-eo/decompiled-full/tech/alexnijjar/endermanoverhaul/common/entities/WindsweptHillsEnderman.java; configuração global e da variante",Loot de morte,minecraft:ender_pearl,0–1,"pool 1: 1 sorteio(s), peso 1/2; com reposição se mais de um sorteio; Saque minecraft:looting: bônus Math.round(nível × sorteio 0–1); limite sem limite explícito",Teleporte; Eye of Ender; pode entrar nas receitas de conversão conforme a tag,Alta nos arquivos versionados; configuração/datapacks externos não confirmados,/images/bestiary/audited/eo/windswept-hills-enderman.png,assets/endermanoverhaul/geo/entity/windswept_hills_enderman.geo.json; tech/alexnijjar/endermanoverhaul/client/renderer/base/BaseEndermanEntityRenderer.class; assets/endermanoverhaul/textures/entity/windswept_hills/windswept_hills_enderman.png; tech/alexnijjar/endermanoverhaul/client/renderer/base/BaseEndermanModel.class; tech/alexnijjar/endermanoverhaul/client/renderer/base/BaseEndermanEntityRenderer.class; tech/alexnijjar/endermanoverhaul/client/renderer/base/CustomEnderEyesLayer.class; tech/alexnijjar/endermanoverhaul/common/entities/base/BaseEnderman.class; tech/alexnijjar/endermanoverhaul/client/EndermanOverhaulClient.class; tech/alexnijjar/endermanoverhaul/common/registry/ModEntityTypes.class; software/bernie/geckolib/renderer/GeoRenderer.class; software/bernie/geckolib/util/Color.class; assets/endermanoverhaul/textures/entity/windswept_hills/windswept_hills_enderman_glow.png; assets/endermanoverhaul/animations/entity/windswept_hills_enderman.animation.json; output-eo/proveniencia.json,evidence-eo/endermanoverhaul-neoforge-1.21.1-2.0.3.jar::data/endermanoverhaul/loot_table/entities/windswept_hills_enderman.json,/bestiary/receitas/eo.html#receita-ender-pearl | [Receita ender_pearl](lote-8-mods-2026-10-06/eo-cards-2026-10-06.md#receita-ender-pearl) — evidence-eo/endermanoverhaul-neoforge-1.21.1-2.0.3.jar::data/endermanoverhaul/recipe/ender_pearl.json
Windswept Hills Enderman,Enderman Overhaul,Enderman neutro; raiva/teleporte e reação ao olhar conforme classe,"Bioma/tag ""#endermanoverhaul:windswept_hills_spawns""; grupo 1–4, peso 10; evidence-eo/endermanoverhaul-neoforge-1.21.1-2.0.3.jar::data/endermanoverhaul/neoforge/biome_modifier/windswept_hills.json; restrições próprias de spawn em evidence-eo/decompiled-full/tech/alexnijjar/endermanoverhaul/common/entities/WindsweptHillsEnderman.java; configuração global e da variante",Loot de morte,endermanoverhaul:summoner_pearl,0–1,"pool 1: 1 sorteio(s), peso 1/2; com reposição se mais de um sorteio; Saque minecraft:looting: bônus Math.round(nível × sorteio 0–1); limite sem limite explícito",Pérola arremessável que teleporta alvo atingido; pode virar Ender Pearl ou Eye of Ender,Alta nos arquivos versionados; configuração/datapacks externos não confirmados,/images/bestiary/audited/eo/windswept-hills-enderman.png,assets/endermanoverhaul/geo/entity/windswept_hills_enderman.geo.json; tech/alexnijjar/endermanoverhaul/client/renderer/base/BaseEndermanEntityRenderer.class; assets/endermanoverhaul/textures/entity/windswept_hills/windswept_hills_enderman.png; tech/alexnijjar/endermanoverhaul/client/renderer/base/BaseEndermanModel.class; tech/alexnijjar/endermanoverhaul/client/renderer/base/BaseEndermanEntityRenderer.class; tech/alexnijjar/endermanoverhaul/client/renderer/base/CustomEnderEyesLayer.class; tech/alexnijjar/endermanoverhaul/common/entities/base/BaseEnderman.class; tech/alexnijjar/endermanoverhaul/client/EndermanOverhaulClient.class; tech/alexnijjar/endermanoverhaul/common/registry/ModEntityTypes.class; software/bernie/geckolib/renderer/GeoRenderer.class; software/bernie/geckolib/util/Color.class; assets/endermanoverhaul/textures/entity/windswept_hills/windswept_hills_enderman_glow.png; assets/endermanoverhaul/animations/entity/windswept_hills_enderman.animation.json; output-eo/proveniencia.json,evidence-eo/endermanoverhaul-neoforge-1.21.1-2.0.3.jar::data/endermanoverhaul/loot_table/entities/windswept_hills_enderman.json,/bestiary/receitas/eo.html#receita-ender-eye | [Receita ender_eye](lote-8-mods-2026-10-06/eo-cards-2026-10-06.md#receita-ender-eye) — evidence-eo/endermanoverhaul-neoforge-1.21.1-2.0.3.jar::data/endermanoverhaul/recipe/ender_eye.json; [Receita ender_pearl](lote-8-mods-2026-10-06/eo-cards-2026-10-06.md#receita-ender-pearl) — evidence-eo/endermanoverhaul-neoforge-1.21.1-2.0.3.jar::data/endermanoverhaul/recipe/ender_pearl.json
Windswept Hills Enderman,Enderman Overhaul,Enderman neutro; raiva/teleporte e reação ao olhar conforme classe,"Bioma/tag ""#endermanoverhaul:windswept_hills_spawns""; grupo 1–4, peso 10; evidence-eo/endermanoverhaul-neoforge-1.21.1-2.0.3.jar::data/endermanoverhaul/neoforge/biome_modifier/windswept_hills.json; restrições próprias de spawn em evidence-eo/decompiled-full/tech/alexnijjar/endermanoverhaul/common/entities/WindsweptHillsEnderman.java; configuração global e da variante",Herança na morte: bloco carregado,Loot do bloco efetivamente carregado,Resultado da tabela do bloco; normalmente 1,Somente se carriedBlock != null; EnderMan.dropCustomDeathLoot avalia tabela do bloco com ferramenta de Silk Touch. Variantes que não recolhem blocos normalmente não terão esse estado.,Recuperar o bloco recolhido; não adicionar um bloco fixo por variante,Alta nos arquivos versionados; configuração/datapacks externos não confirmados,/images/bestiary/audited/eo/windswept-hills-enderman.png,assets/endermanoverhaul/geo/entity/windswept_hills_enderman.geo.json; tech/alexnijjar/endermanoverhaul/client/renderer/base/BaseEndermanEntityRenderer.class; assets/endermanoverhaul/textures/entity/windswept_hills/windswept_hills_enderman.png; tech/alexnijjar/endermanoverhaul/client/renderer/base/BaseEndermanModel.class; tech/alexnijjar/endermanoverhaul/client/renderer/base/BaseEndermanEntityRenderer.class; tech/alexnijjar/endermanoverhaul/client/renderer/base/CustomEnderEyesLayer.class; tech/alexnijjar/endermanoverhaul/common/entities/base/BaseEnderman.class; tech/alexnijjar/endermanoverhaul/client/EndermanOverhaulClient.class; tech/alexnijjar/endermanoverhaul/common/registry/ModEntityTypes.class; software/bernie/geckolib/renderer/GeoRenderer.class; software/bernie/geckolib/util/Color.class; assets/endermanoverhaul/textures/entity/windswept_hills/windswept_hills_enderman_glow.png; assets/endermanoverhaul/animations/entity/windswept_hills_enderman.animation.json; output-eo/proveniencia.json,evidence-eo/decompiled-full/tech/alexnijjar/endermanoverhaul/common/entities/base/BaseEnderman.java; evidence-vanilla-lote8/cjt.java; evidence/minecraft-1.21.1-client-mappings.txt,Não aplicável
