Mob,Mod,Categoria/comportamento,Onde encontrar,Mecanismo,Drop/Recompensa,Quantidade,Chance/condição,Para que serve,Confiança,Imagem,Fonte da imagem,Fontes pesquisadas,Crafting
The Gatekeeper,Eternal Starlight,Chefe de encontro; alvos: Player,"Rotas ativas de criação/spawner: evidence-es/decompiled-full/cn/leolezury/eternalstarlight/common/block/entity/spawner/TheGatekeeperSpawnerBlockEntity.java; Templates com bloco gerador: data/eternal_starlight/structure/portal_ruins/cold.nbt, data/eternal_starlight/structure/portal_ruins/common.nbt, data/eternal_starlight/structure/portal_ruins/desert.nbt, data/eternal_starlight/structure/portal_ruins/forest.nbt, data/eternal_starlight/structure/portal_ruins/jungle.nbt; ",Tabela de morte vazia,Sem itens no JSON,0,Loot condicionado ao caminho de morte; herança/interações/variantes fora deste pool separadas; pools=[]; mecanismos paralelos separados,Não aplicável,Alta nos arquivos versionados; configurações/datapacks externos não confirmados,/images/bestiary/audited/es/the-gatekeeper-normal.png,cn/leolezury/eternalstarlight/common/client/model/entity/TheGatekeeperModel.class; cn/leolezury/eternalstarlight/common/client/renderer/entity/TheGatekeeperRenderer.class; assets/eternal_starlight/textures/entity/the_gatekeeper.png; assets/eternal_starlight/models/item/glistering_sword.json; assets/eternal_starlight/textures/entity/the_gatekeeper_overlay.png; assets/eternal_starlight/textures/item/glistering_sword.png; cn/leolezury/eternalstarlight/common/client/handler/ESClientSetupHandler.class; cn/leolezury/eternalstarlight/common/client/renderer/layer/TheGatekeeperClothingLayer.class; cn/leolezury/eternalstarlight/common/entity/living/boss/gatekeeper/TheGatekeeper.class; cn/leolezury/eternalstarlight/common/registry/ESEntities.class; cn/leolezury/eternalstarlight/common/registry/ESItems.class; assets/eternal_starlight/textures/entity/the_gatekeeper_slim.png; assets/eternal_starlight/textures/entity/the_gatekeeper_overlay_slim.png; output-es/proveniencia.json,evidence-es/eternalstarlight-0.9.0+1.21.1+neoforge.jar::data/eternal_starlight/loot_table/entities/the_gatekeeper.json; evidence-es/decompiled-full/cn/leolezury/eternalstarlight/common/entity/living/boss/gatekeeper/TheGatekeeper.java,Não aplicável: uso direto ou nenhuma receita identificada na build
The Gatekeeper,Eternal Starlight,Chefe de encontro; alvos: Player,"Rotas ativas de criação/spawner: evidence-es/decompiled-full/cn/leolezury/eternalstarlight/common/block/entity/spawner/TheGatekeeperSpawnerBlockEntity.java; Templates com bloco gerador: data/eternal_starlight/structure/portal_ruins/cold.nbt, data/eternal_starlight/structure/portal_ruins/common.nbt, data/eternal_starlight/structure/portal_ruins/desert.nbt, data/eternal_starlight/structure/portal_ruins/forest.nbt, data/eternal_starlight/structure/portal_ruins/jungle.nbt; ",Contêiner de recompensa de chefe,eternal_starlight:loot_bag,1 por elegível ou baú individual,"doMobLoot=true; ao remove(KILLED), ESBoss registra participantes. enableLootChest+participantes+posição substituível gera LootChest com acesso individual; senão LootBag1 por participante vivo presente na mesma dimensão; sem participante presente, LootBag fallback1. Não somar baú e bolsa. ChallengeCounts passa ao contexto de loot.","Abrir bolsa com componente de tabela bosses/the_gatekeeper; consome1 e sorteia recompensas abaixo. Baú usa a mesma tabela e contexto, não segunda recompensa",Alta nos arquivos versionados; configurações/datapacks externos não confirmados,/images/bestiary/audited/es/the-gatekeeper-normal.png,cn/leolezury/eternalstarlight/common/client/model/entity/TheGatekeeperModel.class; cn/leolezury/eternalstarlight/common/client/renderer/entity/TheGatekeeperRenderer.class; assets/eternal_starlight/textures/entity/the_gatekeeper.png; assets/eternal_starlight/models/item/glistering_sword.json; assets/eternal_starlight/textures/entity/the_gatekeeper_overlay.png; assets/eternal_starlight/textures/item/glistering_sword.png; cn/leolezury/eternalstarlight/common/client/handler/ESClientSetupHandler.class; cn/leolezury/eternalstarlight/common/client/renderer/layer/TheGatekeeperClothingLayer.class; cn/leolezury/eternalstarlight/common/entity/living/boss/gatekeeper/TheGatekeeper.class; cn/leolezury/eternalstarlight/common/registry/ESEntities.class; cn/leolezury/eternalstarlight/common/registry/ESItems.class; assets/eternal_starlight/textures/entity/the_gatekeeper_slim.png; assets/eternal_starlight/textures/entity/the_gatekeeper_overlay_slim.png; output-es/proveniencia.json,evidence-es/decompiled-full/cn/leolezury/eternalstarlight/common/entity/living/boss/ESBoss.java; evidence-es/decompiled-full/cn/leolezury/eternalstarlight/common/entity/living/boss/gatekeeper/TheGatekeeper.java; evidence-es/decompiled-full/cn/leolezury/eternalstarlight/common/registry/ESItems.java; registros-usos-itens.json#eternal_starlight:loot_bag,Não aplicável: uso direto ou nenhuma receita identificada na build
The Gatekeeper,Eternal Starlight,Chefe de encontro; alvos: Player,"Rotas ativas de criação/spawner: evidence-es/decompiled-full/cn/leolezury/eternalstarlight/common/block/entity/spawner/TheGatekeeperSpawnerBlockEntity.java; Templates com bloco gerador: data/eternal_starlight/structure/portal_ruins/cold.nbt, data/eternal_starlight/structure/portal_ruins/common.nbt, data/eternal_starlight/structure/portal_ruins/desert.nbt, data/eternal_starlight/structure/portal_ruins/forest.nbt, data/eternal_starlight/structure/portal_ruins/jungle.nbt; ",Conteúdo baú/bolsa de chefe,eternal_starlight:book,1,"doMobLoot=true; ao remove(KILLED), ESBoss registra participantes. enableLootChest+participantes+posição substituível gera LootChest com acesso individual; senão LootBag1 por participante vivo presente na mesma dimensão; sem participante presente, LootBag fallback1. Não somar baú e bolsa. ChallengeCounts passa ao contexto de loot.; pool1: 1 sorteio(s); reposição se múltiplos rolls; {""boss_id"": ""eternal_starlight:the_gatekeeper"", ""condition"": ""eternal_starlight:boss_challenge_count"", ""max_inclusive"": 1}; peso bruto 1/1; normaliza apenas entradas elegíveis",Livro-guia Eternal Starlight; BookItem/registro,Alta no recurso/registro/classe citados; condições efetivas do pack não confirmadas,/images/bestiary/audited/es/the-gatekeeper-normal.png,cn/leolezury/eternalstarlight/common/client/model/entity/TheGatekeeperModel.class; cn/leolezury/eternalstarlight/common/client/renderer/entity/TheGatekeeperRenderer.class; assets/eternal_starlight/textures/entity/the_gatekeeper.png; assets/eternal_starlight/models/item/glistering_sword.json; assets/eternal_starlight/textures/entity/the_gatekeeper_overlay.png; assets/eternal_starlight/textures/item/glistering_sword.png; cn/leolezury/eternalstarlight/common/client/handler/ESClientSetupHandler.class; cn/leolezury/eternalstarlight/common/client/renderer/layer/TheGatekeeperClothingLayer.class; cn/leolezury/eternalstarlight/common/entity/living/boss/gatekeeper/TheGatekeeper.class; cn/leolezury/eternalstarlight/common/registry/ESEntities.class; cn/leolezury/eternalstarlight/common/registry/ESItems.class; assets/eternal_starlight/textures/entity/the_gatekeeper_slim.png; assets/eternal_starlight/textures/entity/the_gatekeeper_overlay_slim.png; output-es/proveniencia.json,evidence-es/eternalstarlight-0.9.0+1.21.1+neoforge.jar::data/eternal_starlight/loot_table/bosses/the_gatekeeper.json; evidence-es/decompiled-full/cn/leolezury/eternalstarlight/common/entity/living/boss/gatekeeper/TheGatekeeper.java; evidence-es/decompiled-full/cn/leolezury/eternalstarlight/common/registry/ESItems.java; registros-usos-itens.json#eternal_starlight:book,Não aplicável: uso direto ou nenhuma receita identificada na build
The Gatekeeper,Eternal Starlight,Chefe de encontro; alvos: Player,"Rotas ativas de criação/spawner: evidence-es/decompiled-full/cn/leolezury/eternalstarlight/common/block/entity/spawner/TheGatekeeperSpawnerBlockEntity.java; Templates com bloco gerador: data/eternal_starlight/structure/portal_ruins/cold.nbt, data/eternal_starlight/structure/portal_ruins/common.nbt, data/eternal_starlight/structure/portal_ruins/desert.nbt, data/eternal_starlight/structure/portal_ruins/forest.nbt, data/eternal_starlight/structure/portal_ruins/jungle.nbt; ",Conteúdo baú/bolsa de chefe,eternal_starlight:orb_of_prophecy,1,"doMobLoot=true; ao remove(KILLED), ESBoss registra participantes. enableLootChest+participantes+posição substituível gera LootChest com acesso individual; senão LootBag1 por participante vivo presente na mesma dimensão; sem participante presente, LootBag fallback1. Não somar baú e bolsa. ChallengeCounts passa ao contexto de loot.; pool2: 1 sorteio(s); reposição se múltiplos rolls; {""boss_id"": ""eternal_starlight:the_gatekeeper"", ""condition"": ""eternal_starlight:boss_challenge_count"", ""max_inclusive"": 1}; peso bruto 1/1; normaliza apenas entradas elegíveis","Abrir seleção de Crest após140ticks em pé, cooldown20; com CURRENT_CREST, conjurar feitiço elegível. Também ativa portal em #PORTAL_FRAME_BLOCKS se validateAndPlacePortal aceitar; OrbOfProphecyItem.",Exceção de uso; recompensa confirmada apenas quando fontes demonstram o mecanismo,/images/bestiary/audited/es/the-gatekeeper-normal.png,cn/leolezury/eternalstarlight/common/client/model/entity/TheGatekeeperModel.class; cn/leolezury/eternalstarlight/common/client/renderer/entity/TheGatekeeperRenderer.class; assets/eternal_starlight/textures/entity/the_gatekeeper.png; assets/eternal_starlight/models/item/glistering_sword.json; assets/eternal_starlight/textures/entity/the_gatekeeper_overlay.png; assets/eternal_starlight/textures/item/glistering_sword.png; cn/leolezury/eternalstarlight/common/client/handler/ESClientSetupHandler.class; cn/leolezury/eternalstarlight/common/client/renderer/layer/TheGatekeeperClothingLayer.class; cn/leolezury/eternalstarlight/common/entity/living/boss/gatekeeper/TheGatekeeper.class; cn/leolezury/eternalstarlight/common/registry/ESEntities.class; cn/leolezury/eternalstarlight/common/registry/ESItems.class; assets/eternal_starlight/textures/entity/the_gatekeeper_slim.png; assets/eternal_starlight/textures/entity/the_gatekeeper_overlay_slim.png; output-es/proveniencia.json,evidence-es/eternalstarlight-0.9.0+1.21.1+neoforge.jar::data/eternal_starlight/loot_table/bosses/the_gatekeeper.json; evidence-es/decompiled-full/cn/leolezury/eternalstarlight/common/entity/living/boss/gatekeeper/TheGatekeeper.java; evidence-es/decompiled-full/cn/leolezury/eternalstarlight/common/registry/ESItems.java; registros-usos-itens.json#eternal_starlight:orb_of_prophecy,Não aplicável: uso direto ou nenhuma receita identificada na build
The Gatekeeper,Eternal Starlight,Chefe de encontro; alvos: Player,"Rotas ativas de criação/spawner: evidence-es/decompiled-full/cn/leolezury/eternalstarlight/common/block/entity/spawner/TheGatekeeperSpawnerBlockEntity.java; Templates com bloco gerador: data/eternal_starlight/structure/portal_ruins/cold.nbt, data/eternal_starlight/structure/portal_ruins/common.nbt, data/eternal_starlight/structure/portal_ruins/desert.nbt, data/eternal_starlight/structure/portal_ruins/forest.nbt, data/eternal_starlight/structure/portal_ruins/jungle.nbt; ",Conteúdo baú/bolsa de chefe,eternal_starlight:glistering_sword,1,"doMobLoot=true; ao remove(KILLED), ESBoss registra participantes. enableLootChest+participantes+posição substituível gera LootChest com acesso individual; senão LootBag1 por participante vivo presente na mesma dimensão; sem participante presente, LootBag fallback1. Não somar baú e bolsa. ChallengeCounts passa ao contexto de loot.; pool3: 1 sorteio(s); reposição se múltiplos rolls; chance 30%; peso bruto 1/4; normaliza apenas entradas elegíveis","Arma/projétil conforme classe SwordItem; uso, dano e efeitos definidos na classe original citada no apêndice de usos",Alta no recurso/registro/classe citados; condições efetivas do pack não confirmadas,/images/bestiary/audited/es/the-gatekeeper-normal.png,cn/leolezury/eternalstarlight/common/client/model/entity/TheGatekeeperModel.class; cn/leolezury/eternalstarlight/common/client/renderer/entity/TheGatekeeperRenderer.class; assets/eternal_starlight/textures/entity/the_gatekeeper.png; assets/eternal_starlight/models/item/glistering_sword.json; assets/eternal_starlight/textures/entity/the_gatekeeper_overlay.png; assets/eternal_starlight/textures/item/glistering_sword.png; cn/leolezury/eternalstarlight/common/client/handler/ESClientSetupHandler.class; cn/leolezury/eternalstarlight/common/client/renderer/layer/TheGatekeeperClothingLayer.class; cn/leolezury/eternalstarlight/common/entity/living/boss/gatekeeper/TheGatekeeper.class; cn/leolezury/eternalstarlight/common/registry/ESEntities.class; cn/leolezury/eternalstarlight/common/registry/ESItems.class; assets/eternal_starlight/textures/entity/the_gatekeeper_slim.png; assets/eternal_starlight/textures/entity/the_gatekeeper_overlay_slim.png; output-es/proveniencia.json,evidence-es/eternalstarlight-0.9.0+1.21.1+neoforge.jar::data/eternal_starlight/loot_table/bosses/the_gatekeeper.json; evidence-es/decompiled-full/cn/leolezury/eternalstarlight/common/entity/living/boss/gatekeeper/TheGatekeeper.java; evidence-es/decompiled-full/cn/leolezury/eternalstarlight/common/registry/ESItems.java; registros-usos-itens.json#eternal_starlight:glistering_sword,Não aplicável: uso direto ou nenhuma receita identificada na build
The Gatekeeper,Eternal Starlight,Chefe de encontro; alvos: Player,"Rotas ativas de criação/spawner: evidence-es/decompiled-full/cn/leolezury/eternalstarlight/common/block/entity/spawner/TheGatekeeperSpawnerBlockEntity.java; Templates com bloco gerador: data/eternal_starlight/structure/portal_ruins/cold.nbt, data/eternal_starlight/structure/portal_ruins/common.nbt, data/eternal_starlight/structure/portal_ruins/desert.nbt, data/eternal_starlight/structure/portal_ruins/forest.nbt, data/eternal_starlight/structure/portal_ruins/jungle.nbt; ",Conteúdo baú/bolsa de chefe,eternal_starlight:glistering_greatsword,1,"doMobLoot=true; ao remove(KILLED), ESBoss registra participantes. enableLootChest+participantes+posição substituível gera LootChest com acesso individual; senão LootBag1 por participante vivo presente na mesma dimensão; sem participante presente, LootBag fallback1. Não somar baú e bolsa. ChallengeCounts passa ao contexto de loot.; pool3: 1 sorteio(s); reposição se múltiplos rolls; chance 30%; peso bruto 1/4; normaliza apenas entradas elegíveis","Greatsword de tier GLISTERING; parâmetros de atributos6,-2.8,0.5 no registro",Alta no recurso/registro/classe citados; condições efetivas do pack não confirmadas,/images/bestiary/audited/es/the-gatekeeper-normal.png,cn/leolezury/eternalstarlight/common/client/model/entity/TheGatekeeperModel.class; cn/leolezury/eternalstarlight/common/client/renderer/entity/TheGatekeeperRenderer.class; assets/eternal_starlight/textures/entity/the_gatekeeper.png; assets/eternal_starlight/models/item/glistering_sword.json; assets/eternal_starlight/textures/entity/the_gatekeeper_overlay.png; assets/eternal_starlight/textures/item/glistering_sword.png; cn/leolezury/eternalstarlight/common/client/handler/ESClientSetupHandler.class; cn/leolezury/eternalstarlight/common/client/renderer/layer/TheGatekeeperClothingLayer.class; cn/leolezury/eternalstarlight/common/entity/living/boss/gatekeeper/TheGatekeeper.class; cn/leolezury/eternalstarlight/common/registry/ESEntities.class; cn/leolezury/eternalstarlight/common/registry/ESItems.class; assets/eternal_starlight/textures/entity/the_gatekeeper_slim.png; assets/eternal_starlight/textures/entity/the_gatekeeper_overlay_slim.png; output-es/proveniencia.json,evidence-es/eternalstarlight-0.9.0+1.21.1+neoforge.jar::data/eternal_starlight/loot_table/bosses/the_gatekeeper.json; evidence-es/decompiled-full/cn/leolezury/eternalstarlight/common/entity/living/boss/gatekeeper/TheGatekeeper.java; evidence-es/decompiled-full/cn/leolezury/eternalstarlight/common/registry/ESItems.java; registros-usos-itens.json#eternal_starlight:glistering_greatsword,Não aplicável: uso direto ou nenhuma receita identificada na build
The Gatekeeper,Eternal Starlight,Chefe de encontro; alvos: Player,"Rotas ativas de criação/spawner: evidence-es/decompiled-full/cn/leolezury/eternalstarlight/common/block/entity/spawner/TheGatekeeperSpawnerBlockEntity.java; Templates com bloco gerador: data/eternal_starlight/structure/portal_ruins/cold.nbt, data/eternal_starlight/structure/portal_ruins/common.nbt, data/eternal_starlight/structure/portal_ruins/desert.nbt, data/eternal_starlight/structure/portal_ruins/forest.nbt, data/eternal_starlight/structure/portal_ruins/jungle.nbt; ",Conteúdo baú/bolsa de chefe,eternal_starlight:glistering_morning_star,1,"doMobLoot=true; ao remove(KILLED), ESBoss registra participantes. enableLootChest+participantes+posição substituível gera LootChest com acesso individual; senão LootBag1 por participante vivo presente na mesma dimensão; sem participante presente, LootBag fallback1. Não somar baú e bolsa. ChallengeCounts passa ao contexto de loot.; pool3: 1 sorteio(s); reposição se múltiplos rolls; chance 30%; peso bruto 1/4; normaliza apenas entradas elegíveis","Hammer de tier GLISTERING; atributos de arma7,-3 no registro/plataforma",Alta no recurso/registro/classe citados; condições efetivas do pack não confirmadas,/images/bestiary/audited/es/the-gatekeeper-normal.png,cn/leolezury/eternalstarlight/common/client/model/entity/TheGatekeeperModel.class; cn/leolezury/eternalstarlight/common/client/renderer/entity/TheGatekeeperRenderer.class; assets/eternal_starlight/textures/entity/the_gatekeeper.png; assets/eternal_starlight/models/item/glistering_sword.json; assets/eternal_starlight/textures/entity/the_gatekeeper_overlay.png; assets/eternal_starlight/textures/item/glistering_sword.png; cn/leolezury/eternalstarlight/common/client/handler/ESClientSetupHandler.class; cn/leolezury/eternalstarlight/common/client/renderer/layer/TheGatekeeperClothingLayer.class; cn/leolezury/eternalstarlight/common/entity/living/boss/gatekeeper/TheGatekeeper.class; cn/leolezury/eternalstarlight/common/registry/ESEntities.class; cn/leolezury/eternalstarlight/common/registry/ESItems.class; assets/eternal_starlight/textures/entity/the_gatekeeper_slim.png; assets/eternal_starlight/textures/entity/the_gatekeeper_overlay_slim.png; output-es/proveniencia.json,evidence-es/eternalstarlight-0.9.0+1.21.1+neoforge.jar::data/eternal_starlight/loot_table/bosses/the_gatekeeper.json; evidence-es/decompiled-full/cn/leolezury/eternalstarlight/common/entity/living/boss/gatekeeper/TheGatekeeper.java; evidence-es/decompiled-full/cn/leolezury/eternalstarlight/common/registry/ESItems.java; registros-usos-itens.json#eternal_starlight:glistering_morning_star,Não aplicável: uso direto ou nenhuma receita identificada na build
The Gatekeeper,Eternal Starlight,Chefe de encontro; alvos: Player,"Rotas ativas de criação/spawner: evidence-es/decompiled-full/cn/leolezury/eternalstarlight/common/block/entity/spawner/TheGatekeeperSpawnerBlockEntity.java; Templates com bloco gerador: data/eternal_starlight/structure/portal_ruins/cold.nbt, data/eternal_starlight/structure/portal_ruins/common.nbt, data/eternal_starlight/structure/portal_ruins/desert.nbt, data/eternal_starlight/structure/portal_ruins/forest.nbt, data/eternal_starlight/structure/portal_ruins/jungle.nbt; ",Conteúdo baú/bolsa de chefe,eternal_starlight:glistering_bow,1,"doMobLoot=true; ao remove(KILLED), ESBoss registra participantes. enableLootChest+participantes+posição substituível gera LootChest com acesso individual; senão LootBag1 por participante vivo presente na mesma dimensão; sem participante presente, LootBag fallback1. Não somar baú e bolsa. ChallengeCounts passa ao contexto de loot.; pool3: 1 sorteio(s); reposição se múltiplos rolls; chance 30%; peso bruto 1/4; normaliza apenas entradas elegíveis","Arma/projétil conforme classe GlisteringBowItem; uso, dano e efeitos definidos na classe original citada no apêndice de usos",Alta no recurso/registro/classe citados; condições efetivas do pack não confirmadas,/images/bestiary/audited/es/the-gatekeeper-normal.png,cn/leolezury/eternalstarlight/common/client/model/entity/TheGatekeeperModel.class; cn/leolezury/eternalstarlight/common/client/renderer/entity/TheGatekeeperRenderer.class; assets/eternal_starlight/textures/entity/the_gatekeeper.png; assets/eternal_starlight/models/item/glistering_sword.json; assets/eternal_starlight/textures/entity/the_gatekeeper_overlay.png; assets/eternal_starlight/textures/item/glistering_sword.png; cn/leolezury/eternalstarlight/common/client/handler/ESClientSetupHandler.class; cn/leolezury/eternalstarlight/common/client/renderer/layer/TheGatekeeperClothingLayer.class; cn/leolezury/eternalstarlight/common/entity/living/boss/gatekeeper/TheGatekeeper.class; cn/leolezury/eternalstarlight/common/registry/ESEntities.class; cn/leolezury/eternalstarlight/common/registry/ESItems.class; assets/eternal_starlight/textures/entity/the_gatekeeper_slim.png; assets/eternal_starlight/textures/entity/the_gatekeeper_overlay_slim.png; output-es/proveniencia.json,evidence-es/eternalstarlight-0.9.0+1.21.1+neoforge.jar::data/eternal_starlight/loot_table/bosses/the_gatekeeper.json; evidence-es/decompiled-full/cn/leolezury/eternalstarlight/common/entity/living/boss/gatekeeper/TheGatekeeper.java; evidence-es/decompiled-full/cn/leolezury/eternalstarlight/common/registry/ESItems.java; registros-usos-itens.json#eternal_starlight:glistering_bow,Não aplicável: uso direto ou nenhuma receita identificada na build
The Gatekeeper,Eternal Starlight,Chefe de encontro; alvos: Player,"Rotas ativas de criação/spawner: evidence-es/decompiled-full/cn/leolezury/eternalstarlight/common/block/entity/spawner/TheGatekeeperSpawnerBlockEntity.java; Templates com bloco gerador: data/eternal_starlight/structure/portal_ruins/cold.nbt, data/eternal_starlight/structure/portal_ruins/common.nbt, data/eternal_starlight/structure/portal_ruins/desert.nbt, data/eternal_starlight/structure/portal_ruins/forest.nbt, data/eternal_starlight/structure/portal_ruins/jungle.nbt; ",Conteúdo baú/bolsa de chefe,eternal_starlight:music_disc_optimized_option,1,"doMobLoot=true; ao remove(KILLED), ESBoss registra participantes. enableLootChest+participantes+posição substituível gera LootChest com acesso individual; senão LootBag1 por participante vivo presente na mesma dimensão; sem participante presente, LootBag fallback1. Não somar baú e bolsa. ChallengeCounts passa ao contexto de loot.; pool4: 1 sorteio(s); reposição se múltiplos rolls; peso bruto 1/1; normaliza apenas entradas elegíveis",Disco musical da build para jukebox,Alta nos arquivos versionados; configurações/datapacks externos não confirmados,/images/bestiary/audited/es/the-gatekeeper-normal.png,cn/leolezury/eternalstarlight/common/client/model/entity/TheGatekeeperModel.class; cn/leolezury/eternalstarlight/common/client/renderer/entity/TheGatekeeperRenderer.class; assets/eternal_starlight/textures/entity/the_gatekeeper.png; assets/eternal_starlight/models/item/glistering_sword.json; assets/eternal_starlight/textures/entity/the_gatekeeper_overlay.png; assets/eternal_starlight/textures/item/glistering_sword.png; cn/leolezury/eternalstarlight/common/client/handler/ESClientSetupHandler.class; cn/leolezury/eternalstarlight/common/client/renderer/layer/TheGatekeeperClothingLayer.class; cn/leolezury/eternalstarlight/common/entity/living/boss/gatekeeper/TheGatekeeper.class; cn/leolezury/eternalstarlight/common/registry/ESEntities.class; cn/leolezury/eternalstarlight/common/registry/ESItems.class; assets/eternal_starlight/textures/entity/the_gatekeeper_slim.png; assets/eternal_starlight/textures/entity/the_gatekeeper_overlay_slim.png; output-es/proveniencia.json,evidence-es/eternalstarlight-0.9.0+1.21.1+neoforge.jar::data/eternal_starlight/loot_table/bosses/the_gatekeeper.json; evidence-es/decompiled-full/cn/leolezury/eternalstarlight/common/entity/living/boss/gatekeeper/TheGatekeeper.java; evidence-es/decompiled-full/cn/leolezury/eternalstarlight/common/registry/ESItems.java; registros-usos-itens.json#eternal_starlight:music_disc_optimized_option,Não aplicável: uso direto ou nenhuma receita identificada na build
The Gatekeeper,Eternal Starlight,Chefe de encontro; alvos: Player,"Rotas ativas de criação/spawner: evidence-es/decompiled-full/cn/leolezury/eternalstarlight/common/block/entity/spawner/TheGatekeeperSpawnerBlockEntity.java; Templates com bloco gerador: data/eternal_starlight/structure/portal_ruins/cold.nbt, data/eternal_starlight/structure/portal_ruins/common.nbt, data/eternal_starlight/structure/portal_ruins/desert.nbt, data/eternal_starlight/structure/portal_ruins/forest.nbt, data/eternal_starlight/structure/portal_ruins/jungle.nbt; ",Conteúdo baú/bolsa de chefe,minecraft:coal,1–3,"doMobLoot=true; ao remove(KILLED), ESBoss registra participantes. enableLootChest+participantes+posição substituível gera LootChest com acesso individual; senão LootBag1 por participante vivo presente na mesma dimensão; sem participante presente, LootBag fallback1. Não somar baú e bolsa. ChallengeCounts passa ao contexto de loot.; pool5: 5–8 sorteio(s); reposição se múltiplos rolls; peso bruto 75/250; normaliza apenas entradas elegíveis; set_count",Combustível e tochas,Alta nos arquivos versionados; configurações/datapacks externos não confirmados,/images/bestiary/audited/es/the-gatekeeper-normal.png,cn/leolezury/eternalstarlight/common/client/model/entity/TheGatekeeperModel.class; cn/leolezury/eternalstarlight/common/client/renderer/entity/TheGatekeeperRenderer.class; assets/eternal_starlight/textures/entity/the_gatekeeper.png; assets/eternal_starlight/models/item/glistering_sword.json; assets/eternal_starlight/textures/entity/the_gatekeeper_overlay.png; assets/eternal_starlight/textures/item/glistering_sword.png; cn/leolezury/eternalstarlight/common/client/handler/ESClientSetupHandler.class; cn/leolezury/eternalstarlight/common/client/renderer/layer/TheGatekeeperClothingLayer.class; cn/leolezury/eternalstarlight/common/entity/living/boss/gatekeeper/TheGatekeeper.class; cn/leolezury/eternalstarlight/common/registry/ESEntities.class; cn/leolezury/eternalstarlight/common/registry/ESItems.class; assets/eternal_starlight/textures/entity/the_gatekeeper_slim.png; assets/eternal_starlight/textures/entity/the_gatekeeper_overlay_slim.png; output-es/proveniencia.json,evidence-es/eternalstarlight-0.9.0+1.21.1+neoforge.jar::data/eternal_starlight/loot_table/bosses/the_gatekeeper.json; evidence-es/decompiled-full/cn/leolezury/eternalstarlight/common/entity/living/boss/gatekeeper/TheGatekeeper.java,[Receitas vanilla1.21.1](lote-final-2026-10-06/receitas-vanilla.json)
The Gatekeeper,Eternal Starlight,Chefe de encontro; alvos: Player,"Rotas ativas de criação/spawner: evidence-es/decompiled-full/cn/leolezury/eternalstarlight/common/block/entity/spawner/TheGatekeeperSpawnerBlockEntity.java; Templates com bloco gerador: data/eternal_starlight/structure/portal_ruins/cold.nbt, data/eternal_starlight/structure/portal_ruins/common.nbt, data/eternal_starlight/structure/portal_ruins/desert.nbt, data/eternal_starlight/structure/portal_ruins/forest.nbt, data/eternal_starlight/structure/portal_ruins/jungle.nbt; ",Conteúdo baú/bolsa de chefe,minecraft:gold_ingot,1–3,"doMobLoot=true; ao remove(KILLED), ESBoss registra participantes. enableLootChest+participantes+posição substituível gera LootChest com acesso individual; senão LootBag1 por participante vivo presente na mesma dimensão; sem participante presente, LootBag fallback1. Não somar baú e bolsa. ChallengeCounts passa ao contexto de loot.; pool5: 5–8 sorteio(s); reposição se múltiplos rolls; peso bruto 50/250; normaliza apenas entradas elegíveis; set_count","Ingrediente nas receitas auditadas: gold_from_ores, gold_from_raw_materials",Alta nos arquivos versionados; configurações/datapacks externos não confirmados,/images/bestiary/audited/es/the-gatekeeper-normal.png,cn/leolezury/eternalstarlight/common/client/model/entity/TheGatekeeperModel.class; cn/leolezury/eternalstarlight/common/client/renderer/entity/TheGatekeeperRenderer.class; assets/eternal_starlight/textures/entity/the_gatekeeper.png; assets/eternal_starlight/models/item/glistering_sword.json; assets/eternal_starlight/textures/entity/the_gatekeeper_overlay.png; assets/eternal_starlight/textures/item/glistering_sword.png; cn/leolezury/eternalstarlight/common/client/handler/ESClientSetupHandler.class; cn/leolezury/eternalstarlight/common/client/renderer/layer/TheGatekeeperClothingLayer.class; cn/leolezury/eternalstarlight/common/entity/living/boss/gatekeeper/TheGatekeeper.class; cn/leolezury/eternalstarlight/common/registry/ESEntities.class; cn/leolezury/eternalstarlight/common/registry/ESItems.class; assets/eternal_starlight/textures/entity/the_gatekeeper_slim.png; assets/eternal_starlight/textures/entity/the_gatekeeper_overlay_slim.png; output-es/proveniencia.json,evidence-es/eternalstarlight-0.9.0+1.21.1+neoforge.jar::data/eternal_starlight/loot_table/bosses/the_gatekeeper.json; evidence-es/decompiled-full/cn/leolezury/eternalstarlight/common/entity/living/boss/gatekeeper/TheGatekeeper.java,/bestiary/receitas/es.html#receita-gold-from-ores | [Receita gold_from_ores](lote-final-2026-10-06/es-cards-2026-10-06.md#receita-gold-from-ores) — data/eternal_starlight/recipe/alloy/gold_from_ores.json; [Receita gold_from_raw_materials](lote-final-2026-10-06/es-cards-2026-10-06.md#receita-gold-from-raw-materials) — data/eternal_starlight/recipe/alloy/gold_from_raw_materials.json
The Gatekeeper,Eternal Starlight,Chefe de encontro; alvos: Player,"Rotas ativas de criação/spawner: evidence-es/decompiled-full/cn/leolezury/eternalstarlight/common/block/entity/spawner/TheGatekeeperSpawnerBlockEntity.java; Templates com bloco gerador: data/eternal_starlight/structure/portal_ruins/cold.nbt, data/eternal_starlight/structure/portal_ruins/common.nbt, data/eternal_starlight/structure/portal_ruins/desert.nbt, data/eternal_starlight/structure/portal_ruins/forest.nbt, data/eternal_starlight/structure/portal_ruins/jungle.nbt; ",Conteúdo baú/bolsa de chefe,minecraft:iron_ingot,1–3,"doMobLoot=true; ao remove(KILLED), ESBoss registra participantes. enableLootChest+participantes+posição substituível gera LootChest com acesso individual; senão LootBag1 por participante vivo presente na mesma dimensão; sem participante presente, LootBag fallback1. Não somar baú e bolsa. ChallengeCounts passa ao contexto de loot.; pool5: 5–8 sorteio(s); reposição se múltiplos rolls; peso bruto 50/250; normaliza apenas entradas elegíveis; set_count","Ingrediente nas receitas auditadas: iron_from_ores, iron_from_raw_materials, {'count': 1, 'id': 'minecraft:blast_furnace'}, {'count': 4, 'id': 'minecraft:piston'}",Alta nos arquivos versionados; configurações/datapacks externos não confirmados,/images/bestiary/audited/es/the-gatekeeper-normal.png,cn/leolezury/eternalstarlight/common/client/model/entity/TheGatekeeperModel.class; cn/leolezury/eternalstarlight/common/client/renderer/entity/TheGatekeeperRenderer.class; assets/eternal_starlight/textures/entity/the_gatekeeper.png; assets/eternal_starlight/models/item/glistering_sword.json; assets/eternal_starlight/textures/entity/the_gatekeeper_overlay.png; assets/eternal_starlight/textures/item/glistering_sword.png; cn/leolezury/eternalstarlight/common/client/handler/ESClientSetupHandler.class; cn/leolezury/eternalstarlight/common/client/renderer/layer/TheGatekeeperClothingLayer.class; cn/leolezury/eternalstarlight/common/entity/living/boss/gatekeeper/TheGatekeeper.class; cn/leolezury/eternalstarlight/common/registry/ESEntities.class; cn/leolezury/eternalstarlight/common/registry/ESItems.class; assets/eternal_starlight/textures/entity/the_gatekeeper_slim.png; assets/eternal_starlight/textures/entity/the_gatekeeper_overlay_slim.png; output-es/proveniencia.json,evidence-es/eternalstarlight-0.9.0+1.21.1+neoforge.jar::data/eternal_starlight/loot_table/bosses/the_gatekeeper.json; evidence-es/decompiled-full/cn/leolezury/eternalstarlight/common/entity/living/boss/gatekeeper/TheGatekeeper.java,/bestiary/receitas/es.html#receita-iron-from-ores | [Receita iron_from_ores](lote-final-2026-10-06/es-cards-2026-10-06.md#receita-iron-from-ores) — data/eternal_starlight/recipe/alloy/iron_from_ores.json; [Receita iron_from_raw_materials](lote-final-2026-10-06/es-cards-2026-10-06.md#receita-iron-from-raw-materials) — data/eternal_starlight/recipe/alloy/iron_from_raw_materials.json; [Receita blast_furnace_from_cinder_brick](lote-final-2026-10-06/es-cards-2026-10-06.md#receita-blast-furnace-from-cinder-brick) — data/eternal_starlight/recipe/blast_furnace_from_cinder_brick.json; [Receita piston_from_cinder_brick](lote-final-2026-10-06/es-cards-2026-10-06.md#receita-piston-from-cinder-brick) — data/eternal_starlight/recipe/piston_from_cinder_brick.json
The Gatekeeper,Eternal Starlight,Chefe de encontro; alvos: Player,"Rotas ativas de criação/spawner: evidence-es/decompiled-full/cn/leolezury/eternalstarlight/common/block/entity/spawner/TheGatekeeperSpawnerBlockEntity.java; Templates com bloco gerador: data/eternal_starlight/structure/portal_ruins/cold.nbt, data/eternal_starlight/structure/portal_ruins/common.nbt, data/eternal_starlight/structure/portal_ruins/desert.nbt, data/eternal_starlight/structure/portal_ruins/forest.nbt, data/eternal_starlight/structure/portal_ruins/jungle.nbt; ",Conteúdo baú/bolsa de chefe,eternal_starlight:seeking_eye,5–10,"doMobLoot=true; ao remove(KILLED), ESBoss registra participantes. enableLootChest+participantes+posição substituível gera LootChest com acesso individual; senão LootBag1 por participante vivo presente na mesma dimensão; sem participante presente, LootBag fallback1. Não somar baú e bolsa. ChallengeCounts passa ao contexto de loot.; pool5: 5–8 sorteio(s); reposição se múltiplos rolls; peso bruto 75/250; normaliza apenas entradas elegíveis; set_count","Ingrediente nas receitas auditadas: {'count': 4, 'id': 'eternal_starlight:etheric_eye'}",Alta nos arquivos versionados; configurações/datapacks externos não confirmados,/images/bestiary/audited/es/the-gatekeeper-normal.png,cn/leolezury/eternalstarlight/common/client/model/entity/TheGatekeeperModel.class; cn/leolezury/eternalstarlight/common/client/renderer/entity/TheGatekeeperRenderer.class; assets/eternal_starlight/textures/entity/the_gatekeeper.png; assets/eternal_starlight/models/item/glistering_sword.json; assets/eternal_starlight/textures/entity/the_gatekeeper_overlay.png; assets/eternal_starlight/textures/item/glistering_sword.png; cn/leolezury/eternalstarlight/common/client/handler/ESClientSetupHandler.class; cn/leolezury/eternalstarlight/common/client/renderer/layer/TheGatekeeperClothingLayer.class; cn/leolezury/eternalstarlight/common/entity/living/boss/gatekeeper/TheGatekeeper.class; cn/leolezury/eternalstarlight/common/registry/ESEntities.class; cn/leolezury/eternalstarlight/common/registry/ESItems.class; assets/eternal_starlight/textures/entity/the_gatekeeper_slim.png; assets/eternal_starlight/textures/entity/the_gatekeeper_overlay_slim.png; output-es/proveniencia.json,evidence-es/eternalstarlight-0.9.0+1.21.1+neoforge.jar::data/eternal_starlight/loot_table/bosses/the_gatekeeper.json; evidence-es/decompiled-full/cn/leolezury/eternalstarlight/common/entity/living/boss/gatekeeper/TheGatekeeper.java; evidence-es/decompiled-full/cn/leolezury/eternalstarlight/common/registry/ESItems.java; registros-usos-itens.json#eternal_starlight:seeking_eye,/bestiary/receitas/es.html#receita-etheric-eye | [Receita etheric_eye](lote-final-2026-10-06/es-cards-2026-10-06.md#receita-etheric-eye) — data/eternal_starlight/recipe/etheric_eye.json
The Gatekeeper,Eternal Starlight,Chefe de encontro; alvos: Player,"Rotas ativas de criação/spawner: evidence-es/decompiled-full/cn/leolezury/eternalstarlight/common/block/entity/spawner/TheGatekeeperSpawnerBlockEntity.java; Templates com bloco gerador: data/eternal_starlight/structure/portal_ruins/cold.nbt, data/eternal_starlight/structure/portal_ruins/common.nbt, data/eternal_starlight/structure/portal_ruins/desert.nbt, data/eternal_starlight/structure/portal_ruins/forest.nbt, data/eternal_starlight/structure/portal_ruins/jungle.nbt; ",Primeira permissão pós-Ender Dragon,eternal_starlight:loot_bag,1,"Interação: servidor, sem trade/combat, inativo, avanço end/kill_dragon concluído, ainda não permitted. Marca permitted e entrega getBossLootBag com ChallengeCounts",Bolsa da mesma tabela de Gatekeeper; não é drop de morte,Alta nos arquivos versionados; configurações/datapacks externos não confirmados,/images/bestiary/audited/es/the-gatekeeper-normal.png,cn/leolezury/eternalstarlight/common/client/model/entity/TheGatekeeperModel.class; cn/leolezury/eternalstarlight/common/client/renderer/entity/TheGatekeeperRenderer.class; assets/eternal_starlight/textures/entity/the_gatekeeper.png; assets/eternal_starlight/models/item/glistering_sword.json; assets/eternal_starlight/textures/entity/the_gatekeeper_overlay.png; assets/eternal_starlight/textures/item/glistering_sword.png; cn/leolezury/eternalstarlight/common/client/handler/ESClientSetupHandler.class; cn/leolezury/eternalstarlight/common/client/renderer/layer/TheGatekeeperClothingLayer.class; cn/leolezury/eternalstarlight/common/entity/living/boss/gatekeeper/TheGatekeeper.class; cn/leolezury/eternalstarlight/common/registry/ESEntities.class; cn/leolezury/eternalstarlight/common/registry/ESItems.class; assets/eternal_starlight/textures/entity/the_gatekeeper_slim.png; assets/eternal_starlight/textures/entity/the_gatekeeper_overlay_slim.png; output-es/proveniencia.json,/workspace/scratch/25006bff7ab5/evidence-es/decompiled-full/cn/leolezury/eternalstarlight/common/entity/living/boss/gatekeeper/TheGatekeeper.java; evidence-es/decompiled-full/cn/leolezury/eternalstarlight/common/entity/living/boss/gatekeeper/TheGatekeeper.java; evidence-es/decompiled-full/cn/leolezury/eternalstarlight/common/registry/ESItems.java; registros-usos-itens.json#eternal_starlight:loot_bag,Não aplicável: uso direto ou nenhuma receita identificada na build
The Gatekeeper,Eternal Starlight,Chefe de encontro; alvos: Player,"Rotas ativas de criação/spawner: evidence-es/decompiled-full/cn/leolezury/eternalstarlight/common/block/entity/spawner/TheGatekeeperSpawnerBlockEntity.java; Templates com bloco gerador: data/eternal_starlight/structure/portal_ruins/cold.nbt, data/eternal_starlight/structure/portal_ruins/common.nbt, data/eternal_starlight/structure/portal_ruins/desert.nbt, data/eternal_starlight/structure/portal_ruins/forest.nbt, data/eternal_starlight/structure/portal_ruins/jungle.nbt; ",Comércio permitido,eternal_starlight:starlight_silver_coin,1,Entregar 2×minecraft:iron_ingot; máximo usos20; menu permitido após permissão;7 entradas fixas +Painting Guardian separado; addTrades max50 inclui todas7,Comércio/moeda; finalidade detalhada no registro/classe/recipes do resultado,Alta nos arquivos versionados; configurações/datapacks externos não confirmados,/images/bestiary/audited/es/the-gatekeeper-normal.png,cn/leolezury/eternalstarlight/common/client/model/entity/TheGatekeeperModel.class; cn/leolezury/eternalstarlight/common/client/renderer/entity/TheGatekeeperRenderer.class; assets/eternal_starlight/textures/entity/the_gatekeeper.png; assets/eternal_starlight/models/item/glistering_sword.json; assets/eternal_starlight/textures/entity/the_gatekeeper_overlay.png; assets/eternal_starlight/textures/item/glistering_sword.png; cn/leolezury/eternalstarlight/common/client/handler/ESClientSetupHandler.class; cn/leolezury/eternalstarlight/common/client/renderer/layer/TheGatekeeperClothingLayer.class; cn/leolezury/eternalstarlight/common/entity/living/boss/gatekeeper/TheGatekeeper.class; cn/leolezury/eternalstarlight/common/registry/ESEntities.class; cn/leolezury/eternalstarlight/common/registry/ESItems.class; assets/eternal_starlight/textures/entity/the_gatekeeper_slim.png; assets/eternal_starlight/textures/entity/the_gatekeeper_overlay_slim.png; output-es/proveniencia.json,evidence-es/decompiled-full/cn/leolezury/eternalstarlight/common/entity/living/boss/gatekeeper/GatekeeperTrades.java; TheGatekeeper.addTrades; evidence-es/decompiled-full/cn/leolezury/eternalstarlight/common/entity/living/boss/gatekeeper/TheGatekeeper.java; evidence-es/decompiled-full/cn/leolezury/eternalstarlight/common/registry/ESItems.java; registros-usos-itens.json#eternal_starlight:starlight_silver_coin,Não aplicável: uso direto ou nenhuma receita identificada na build
The Gatekeeper,Eternal Starlight,Chefe de encontro; alvos: Player,"Rotas ativas de criação/spawner: evidence-es/decompiled-full/cn/leolezury/eternalstarlight/common/block/entity/spawner/TheGatekeeperSpawnerBlockEntity.java; Templates com bloco gerador: data/eternal_starlight/structure/portal_ruins/cold.nbt, data/eternal_starlight/structure/portal_ruins/common.nbt, data/eternal_starlight/structure/portal_ruins/desert.nbt, data/eternal_starlight/structure/portal_ruins/forest.nbt, data/eternal_starlight/structure/portal_ruins/jungle.nbt; ",Comércio permitido,eternal_starlight:starlight_silver_coin,1,Entregar 1×minecraft:emerald; máximo usos20; menu permitido após permissão;7 entradas fixas +Painting Guardian separado; addTrades max50 inclui todas7,Comércio/moeda; finalidade detalhada no registro/classe/recipes do resultado,Alta nos arquivos versionados; configurações/datapacks externos não confirmados,/images/bestiary/audited/es/the-gatekeeper-normal.png,cn/leolezury/eternalstarlight/common/client/model/entity/TheGatekeeperModel.class; cn/leolezury/eternalstarlight/common/client/renderer/entity/TheGatekeeperRenderer.class; assets/eternal_starlight/textures/entity/the_gatekeeper.png; assets/eternal_starlight/models/item/glistering_sword.json; assets/eternal_starlight/textures/entity/the_gatekeeper_overlay.png; assets/eternal_starlight/textures/item/glistering_sword.png; cn/leolezury/eternalstarlight/common/client/handler/ESClientSetupHandler.class; cn/leolezury/eternalstarlight/common/client/renderer/layer/TheGatekeeperClothingLayer.class; cn/leolezury/eternalstarlight/common/entity/living/boss/gatekeeper/TheGatekeeper.class; cn/leolezury/eternalstarlight/common/registry/ESEntities.class; cn/leolezury/eternalstarlight/common/registry/ESItems.class; assets/eternal_starlight/textures/entity/the_gatekeeper_slim.png; assets/eternal_starlight/textures/entity/the_gatekeeper_overlay_slim.png; output-es/proveniencia.json,evidence-es/decompiled-full/cn/leolezury/eternalstarlight/common/entity/living/boss/gatekeeper/GatekeeperTrades.java; TheGatekeeper.addTrades; evidence-es/decompiled-full/cn/leolezury/eternalstarlight/common/entity/living/boss/gatekeeper/TheGatekeeper.java; evidence-es/decompiled-full/cn/leolezury/eternalstarlight/common/registry/ESItems.java; registros-usos-itens.json#eternal_starlight:starlight_silver_coin,Não aplicável: uso direto ou nenhuma receita identificada na build
The Gatekeeper,Eternal Starlight,Chefe de encontro; alvos: Player,"Rotas ativas de criação/spawner: evidence-es/decompiled-full/cn/leolezury/eternalstarlight/common/block/entity/spawner/TheGatekeeperSpawnerBlockEntity.java; Templates com bloco gerador: data/eternal_starlight/structure/portal_ruins/cold.nbt, data/eternal_starlight/structure/portal_ruins/common.nbt, data/eternal_starlight/structure/portal_ruins/desert.nbt, data/eternal_starlight/structure/portal_ruins/forest.nbt, data/eternal_starlight/structure/portal_ruins/jungle.nbt; ",Comércio permitido,eternal_starlight:seeking_eye,5,Entregar 1×eternal_starlight:starlight_silver_coin; máximo usos20; menu permitido após permissão;7 entradas fixas +Painting Guardian separado; addTrades max50 inclui todas7,Comércio/moeda; finalidade detalhada no registro/classe/recipes do resultado,Alta nos arquivos versionados; configurações/datapacks externos não confirmados,/images/bestiary/audited/es/the-gatekeeper-normal.png,cn/leolezury/eternalstarlight/common/client/model/entity/TheGatekeeperModel.class; cn/leolezury/eternalstarlight/common/client/renderer/entity/TheGatekeeperRenderer.class; assets/eternal_starlight/textures/entity/the_gatekeeper.png; assets/eternal_starlight/models/item/glistering_sword.json; assets/eternal_starlight/textures/entity/the_gatekeeper_overlay.png; assets/eternal_starlight/textures/item/glistering_sword.png; cn/leolezury/eternalstarlight/common/client/handler/ESClientSetupHandler.class; cn/leolezury/eternalstarlight/common/client/renderer/layer/TheGatekeeperClothingLayer.class; cn/leolezury/eternalstarlight/common/entity/living/boss/gatekeeper/TheGatekeeper.class; cn/leolezury/eternalstarlight/common/registry/ESEntities.class; cn/leolezury/eternalstarlight/common/registry/ESItems.class; assets/eternal_starlight/textures/entity/the_gatekeeper_slim.png; assets/eternal_starlight/textures/entity/the_gatekeeper_overlay_slim.png; output-es/proveniencia.json,evidence-es/decompiled-full/cn/leolezury/eternalstarlight/common/entity/living/boss/gatekeeper/GatekeeperTrades.java; TheGatekeeper.addTrades; evidence-es/decompiled-full/cn/leolezury/eternalstarlight/common/entity/living/boss/gatekeeper/TheGatekeeper.java; evidence-es/decompiled-full/cn/leolezury/eternalstarlight/common/registry/ESItems.java; registros-usos-itens.json#eternal_starlight:seeking_eye,/bestiary/receitas/es.html#receita-etheric-eye | [Receita etheric_eye](lote-final-2026-10-06/es-cards-2026-10-06.md#receita-etheric-eye) — data/eternal_starlight/recipe/etheric_eye.json
The Gatekeeper,Eternal Starlight,Chefe de encontro; alvos: Player,"Rotas ativas de criação/spawner: evidence-es/decompiled-full/cn/leolezury/eternalstarlight/common/block/entity/spawner/TheGatekeeperSpawnerBlockEntity.java; Templates com bloco gerador: data/eternal_starlight/structure/portal_ruins/cold.nbt, data/eternal_starlight/structure/portal_ruins/common.nbt, data/eternal_starlight/structure/portal_ruins/desert.nbt, data/eternal_starlight/structure/portal_ruins/forest.nbt, data/eternal_starlight/structure/portal_ruins/jungle.nbt; ",Comércio permitido,eternal_starlight:chiseled_voidstone,8,Entregar 1×eternal_starlight:starlight_silver_coin; máximo usos20; menu permitido após permissão;7 entradas fixas +Painting Guardian separado; addTrades max50 inclui todas7,Comércio/moeda; finalidade detalhada no registro/classe/recipes do resultado,Alta nos arquivos versionados; configurações/datapacks externos não confirmados,/images/bestiary/audited/es/the-gatekeeper-normal.png,cn/leolezury/eternalstarlight/common/client/model/entity/TheGatekeeperModel.class; cn/leolezury/eternalstarlight/common/client/renderer/entity/TheGatekeeperRenderer.class; assets/eternal_starlight/textures/entity/the_gatekeeper.png; assets/eternal_starlight/models/item/glistering_sword.json; assets/eternal_starlight/textures/entity/the_gatekeeper_overlay.png; assets/eternal_starlight/textures/item/glistering_sword.png; cn/leolezury/eternalstarlight/common/client/handler/ESClientSetupHandler.class; cn/leolezury/eternalstarlight/common/client/renderer/layer/TheGatekeeperClothingLayer.class; cn/leolezury/eternalstarlight/common/entity/living/boss/gatekeeper/TheGatekeeper.class; cn/leolezury/eternalstarlight/common/registry/ESEntities.class; cn/leolezury/eternalstarlight/common/registry/ESItems.class; assets/eternal_starlight/textures/entity/the_gatekeeper_slim.png; assets/eternal_starlight/textures/entity/the_gatekeeper_overlay_slim.png; output-es/proveniencia.json,evidence-es/decompiled-full/cn/leolezury/eternalstarlight/common/entity/living/boss/gatekeeper/GatekeeperTrades.java; TheGatekeeper.addTrades; evidence-es/decompiled-full/cn/leolezury/eternalstarlight/common/entity/living/boss/gatekeeper/TheGatekeeper.java; evidence-es/decompiled-full/cn/leolezury/eternalstarlight/common/registry/ESItems.java; registros-usos-itens.json#eternal_starlight:chiseled_voidstone,Não aplicável: uso direto ou nenhuma receita identificada na build
The Gatekeeper,Eternal Starlight,Chefe de encontro; alvos: Player,"Rotas ativas de criação/spawner: evidence-es/decompiled-full/cn/leolezury/eternalstarlight/common/block/entity/spawner/TheGatekeeperSpawnerBlockEntity.java; Templates com bloco gerador: data/eternal_starlight/structure/portal_ruins/cold.nbt, data/eternal_starlight/structure/portal_ruins/common.nbt, data/eternal_starlight/structure/portal_ruins/desert.nbt, data/eternal_starlight/structure/portal_ruins/forest.nbt, data/eternal_starlight/structure/portal_ruins/jungle.nbt; ",Comércio permitido,eternal_starlight:keeper_armor_trim_smithing_template,1,Entregar 5×eternal_starlight:starlight_silver_coin; máximo usos10; menu permitido após permissão;7 entradas fixas +Painting Guardian separado; addTrades max50 inclui todas7,Comércio/moeda; finalidade detalhada no registro/classe/recipes do resultado,Alta nos arquivos versionados; configurações/datapacks externos não confirmados,/images/bestiary/audited/es/the-gatekeeper-normal.png,cn/leolezury/eternalstarlight/common/client/model/entity/TheGatekeeperModel.class; cn/leolezury/eternalstarlight/common/client/renderer/entity/TheGatekeeperRenderer.class; assets/eternal_starlight/textures/entity/the_gatekeeper.png; assets/eternal_starlight/models/item/glistering_sword.json; assets/eternal_starlight/textures/entity/the_gatekeeper_overlay.png; assets/eternal_starlight/textures/item/glistering_sword.png; cn/leolezury/eternalstarlight/common/client/handler/ESClientSetupHandler.class; cn/leolezury/eternalstarlight/common/client/renderer/layer/TheGatekeeperClothingLayer.class; cn/leolezury/eternalstarlight/common/entity/living/boss/gatekeeper/TheGatekeeper.class; cn/leolezury/eternalstarlight/common/registry/ESEntities.class; cn/leolezury/eternalstarlight/common/registry/ESItems.class; assets/eternal_starlight/textures/entity/the_gatekeeper_slim.png; assets/eternal_starlight/textures/entity/the_gatekeeper_overlay_slim.png; output-es/proveniencia.json,evidence-es/decompiled-full/cn/leolezury/eternalstarlight/common/entity/living/boss/gatekeeper/GatekeeperTrades.java; TheGatekeeper.addTrades; evidence-es/decompiled-full/cn/leolezury/eternalstarlight/common/entity/living/boss/gatekeeper/TheGatekeeper.java; evidence-es/decompiled-full/cn/leolezury/eternalstarlight/common/registry/ESItems.java; registros-usos-itens.json#eternal_starlight:keeper_armor_trim_smithing_template,/bestiary/receitas/es.html#receita-keeper-armor-trim-smithing-template | [Receita keeper_armor_trim_smithing_template](lote-final-2026-10-06/es-cards-2026-10-06.md#receita-keeper-armor-trim-smithing-template) — data/eternal_starlight/recipe/keeper_armor_trim_smithing_template.json; [Receita keeper_armor_trim_smithing_template_smithing_trim](lote-final-2026-10-06/es-cards-2026-10-06.md#receita-keeper-armor-trim-smithing-template-smithing-trim) — data/eternal_starlight/recipe/keeper_armor_trim_smithing_template_smithing_trim.json
The Gatekeeper,Eternal Starlight,Chefe de encontro; alvos: Player,"Rotas ativas de criação/spawner: evidence-es/decompiled-full/cn/leolezury/eternalstarlight/common/block/entity/spawner/TheGatekeeperSpawnerBlockEntity.java; Templates com bloco gerador: data/eternal_starlight/structure/portal_ruins/cold.nbt, data/eternal_starlight/structure/portal_ruins/common.nbt, data/eternal_starlight/structure/portal_ruins/desert.nbt, data/eternal_starlight/structure/portal_ruins/forest.nbt, data/eternal_starlight/structure/portal_ruins/jungle.nbt; ",Comércio permitido,eternal_starlight:orb_of_prophecy,1,Entregar 1×eternal_starlight:starlight_silver_coin; máximo usos20; menu permitido após permissão;7 entradas fixas +Painting Guardian separado; addTrades max50 inclui todas7,"Abrir seleção de Crest após140ticks em pé, cooldown20; com CURRENT_CREST, conjurar feitiço elegível. Também ativa portal em #PORTAL_FRAME_BLOCKS se validateAndPlacePortal aceitar; OrbOfProphecyItem.",Alta nos arquivos versionados; configurações/datapacks externos não confirmados,/images/bestiary/audited/es/the-gatekeeper-normal.png,cn/leolezury/eternalstarlight/common/client/model/entity/TheGatekeeperModel.class; cn/leolezury/eternalstarlight/common/client/renderer/entity/TheGatekeeperRenderer.class; assets/eternal_starlight/textures/entity/the_gatekeeper.png; assets/eternal_starlight/models/item/glistering_sword.json; assets/eternal_starlight/textures/entity/the_gatekeeper_overlay.png; assets/eternal_starlight/textures/item/glistering_sword.png; cn/leolezury/eternalstarlight/common/client/handler/ESClientSetupHandler.class; cn/leolezury/eternalstarlight/common/client/renderer/layer/TheGatekeeperClothingLayer.class; cn/leolezury/eternalstarlight/common/entity/living/boss/gatekeeper/TheGatekeeper.class; cn/leolezury/eternalstarlight/common/registry/ESEntities.class; cn/leolezury/eternalstarlight/common/registry/ESItems.class; assets/eternal_starlight/textures/entity/the_gatekeeper_slim.png; assets/eternal_starlight/textures/entity/the_gatekeeper_overlay_slim.png; output-es/proveniencia.json,evidence-es/decompiled-full/cn/leolezury/eternalstarlight/common/entity/living/boss/gatekeeper/GatekeeperTrades.java; TheGatekeeper.addTrades; evidence-es/decompiled-full/cn/leolezury/eternalstarlight/common/entity/living/boss/gatekeeper/TheGatekeeper.java; evidence-es/decompiled-full/cn/leolezury/eternalstarlight/common/registry/ESItems.java; registros-usos-itens.json#eternal_starlight:orb_of_prophecy,Não aplicável: uso direto ou nenhuma receita identificada na build
The Gatekeeper,Eternal Starlight,Chefe de encontro; alvos: Player,"Rotas ativas de criação/spawner: evidence-es/decompiled-full/cn/leolezury/eternalstarlight/common/block/entity/spawner/TheGatekeeperSpawnerBlockEntity.java; Templates com bloco gerador: data/eternal_starlight/structure/portal_ruins/cold.nbt, data/eternal_starlight/structure/portal_ruins/common.nbt, data/eternal_starlight/structure/portal_ruins/desert.nbt, data/eternal_starlight/structure/portal_ruins/forest.nbt, data/eternal_starlight/structure/portal_ruins/jungle.nbt; ",Comércio permitido,eternal_starlight:book,1,Entregar 5×eternal_starlight:starlight_silver_coin; máximo usos20; menu permitido após permissão;7 entradas fixas +Painting Guardian separado; addTrades max50 inclui todas7,Comércio/moeda; finalidade detalhada no registro/classe/recipes do resultado,Alta nos arquivos versionados; configurações/datapacks externos não confirmados,/images/bestiary/audited/es/the-gatekeeper-normal.png,cn/leolezury/eternalstarlight/common/client/model/entity/TheGatekeeperModel.class; cn/leolezury/eternalstarlight/common/client/renderer/entity/TheGatekeeperRenderer.class; assets/eternal_starlight/textures/entity/the_gatekeeper.png; assets/eternal_starlight/models/item/glistering_sword.json; assets/eternal_starlight/textures/entity/the_gatekeeper_overlay.png; assets/eternal_starlight/textures/item/glistering_sword.png; cn/leolezury/eternalstarlight/common/client/handler/ESClientSetupHandler.class; cn/leolezury/eternalstarlight/common/client/renderer/layer/TheGatekeeperClothingLayer.class; cn/leolezury/eternalstarlight/common/entity/living/boss/gatekeeper/TheGatekeeper.class; cn/leolezury/eternalstarlight/common/registry/ESEntities.class; cn/leolezury/eternalstarlight/common/registry/ESItems.class; assets/eternal_starlight/textures/entity/the_gatekeeper_slim.png; assets/eternal_starlight/textures/entity/the_gatekeeper_overlay_slim.png; output-es/proveniencia.json,evidence-es/decompiled-full/cn/leolezury/eternalstarlight/common/entity/living/boss/gatekeeper/GatekeeperTrades.java; TheGatekeeper.addTrades; evidence-es/decompiled-full/cn/leolezury/eternalstarlight/common/entity/living/boss/gatekeeper/TheGatekeeper.java; evidence-es/decompiled-full/cn/leolezury/eternalstarlight/common/registry/ESItems.java; registros-usos-itens.json#eternal_starlight:book,Não aplicável: uso direto ou nenhuma receita identificada na build
The Gatekeeper,Eternal Starlight,Chefe de encontro; alvos: Player,"Rotas ativas de criação/spawner: evidence-es/decompiled-full/cn/leolezury/eternalstarlight/common/block/entity/spawner/TheGatekeeperSpawnerBlockEntity.java; Templates com bloco gerador: data/eternal_starlight/structure/portal_ruins/cold.nbt, data/eternal_starlight/structure/portal_ruins/common.nbt, data/eternal_starlight/structure/portal_ruins/desert.nbt, data/eternal_starlight/structure/portal_ruins/forest.nbt, data/eternal_starlight/structure/portal_ruins/jungle.nbt; ",Comércio permitido,eternal_starlight:starlit_painting,1,Entregar 10×eternal_starlight:starlight_silver_coin; máximo usos10; menu permitido após permissão;7 entradas fixas +Painting Guardian separado; addTrades max50 inclui todas7,Comércio/moeda; finalidade detalhada no registro/classe/recipes do resultado,Alta nos arquivos versionados; configurações/datapacks externos não confirmados,/images/bestiary/audited/es/the-gatekeeper-normal.png,cn/leolezury/eternalstarlight/common/client/model/entity/TheGatekeeperModel.class; cn/leolezury/eternalstarlight/common/client/renderer/entity/TheGatekeeperRenderer.class; assets/eternal_starlight/textures/entity/the_gatekeeper.png; assets/eternal_starlight/models/item/glistering_sword.json; assets/eternal_starlight/textures/entity/the_gatekeeper_overlay.png; assets/eternal_starlight/textures/item/glistering_sword.png; cn/leolezury/eternalstarlight/common/client/handler/ESClientSetupHandler.class; cn/leolezury/eternalstarlight/common/client/renderer/layer/TheGatekeeperClothingLayer.class; cn/leolezury/eternalstarlight/common/entity/living/boss/gatekeeper/TheGatekeeper.class; cn/leolezury/eternalstarlight/common/registry/ESEntities.class; cn/leolezury/eternalstarlight/common/registry/ESItems.class; assets/eternal_starlight/textures/entity/the_gatekeeper_slim.png; assets/eternal_starlight/textures/entity/the_gatekeeper_overlay_slim.png; output-es/proveniencia.json,evidence-es/decompiled-full/cn/leolezury/eternalstarlight/common/entity/living/boss/gatekeeper/GatekeeperTrades.java; TheGatekeeper.addTrades; evidence-es/decompiled-full/cn/leolezury/eternalstarlight/common/entity/living/boss/gatekeeper/TheGatekeeper.java; evidence-es/decompiled-full/cn/leolezury/eternalstarlight/common/registry/ESItems.java; registros-usos-itens.json#eternal_starlight:starlit_painting,Não aplicável: uso direto ou nenhuma receita identificada na build
Starlight Golem,Eternal Starlight,"Chefe de encontro; alvos: Player, AbstractVillager, IronGolem",Rotas ativas de criação/spawner: evidence-es/decompiled-full/cn/leolezury/eternalstarlight/common/block/entity/spawner/StarlightGolemSpawnerBlockEntity.java; Templates com bloco gerador: data/eternal_starlight/structure/golem_forge/room/boss.nbt; ,Tabela de morte vazia,Sem itens no JSON,0,Loot condicionado ao caminho de morte; herança/interações/variantes fora deste pool separadas; pools=[]; mecanismos paralelos separados,Não aplicável,Alta nos arquivos versionados; configurações/datapacks externos não confirmados,/images/bestiary/audited/es/starlight-golem-normal.png,cn/leolezury/eternalstarlight/common/client/model/entity/StarlightGolemModel.class; cn/leolezury/eternalstarlight/common/client/renderer/entity/StarlightGolemRenderer.class; assets/eternal_starlight/textures/entity/starlight_golem/starlight_golem.png; assets/eternal_starlight/textures/entity/starlight_golem/starlight_golem_eyes.png; cn/leolezury/eternalstarlight/common/client/handler/ESClientSetupHandler.class; cn/leolezury/eternalstarlight/common/client/renderer/layer/StarlightGolemEyesLayer.class; cn/leolezury/eternalstarlight/common/client/renderer/layer/StarlightGolemGlowLayer.class; cn/leolezury/eternalstarlight/common/client/renderer/layer/StarlightGolemHalloweenLayer.class; cn/leolezury/eternalstarlight/common/registry/ESEntities.class; cn/leolezury/eternalstarlight/common/registry/ESItems.class; assets/eternal_starlight/textures/entity/starlight_golem/starlight_golem_cracked.png; output-es/proveniencia.json,evidence-es/eternalstarlight-0.9.0+1.21.1+neoforge.jar::data/eternal_starlight/loot_table/entities/starlight_golem.json; evidence-es/decompiled-full/cn/leolezury/eternalstarlight/common/entity/living/boss/golem/StarlightGolem.java,Não aplicável: uso direto ou nenhuma receita identificada na build
Starlight Golem,Eternal Starlight,"Chefe de encontro; alvos: Player, AbstractVillager, IronGolem",Rotas ativas de criação/spawner: evidence-es/decompiled-full/cn/leolezury/eternalstarlight/common/block/entity/spawner/StarlightGolemSpawnerBlockEntity.java; Templates com bloco gerador: data/eternal_starlight/structure/golem_forge/room/boss.nbt; ,Contêiner de recompensa de chefe,eternal_starlight:loot_bag,1 por elegível ou baú individual,"doMobLoot=true; ao remove(KILLED), ESBoss registra participantes. enableLootChest+participantes+posição substituível gera LootChest com acesso individual; senão LootBag1 por participante vivo presente na mesma dimensão; sem participante presente, LootBag fallback1. Não somar baú e bolsa. ChallengeCounts passa ao contexto de loot.","Abrir bolsa com componente de tabela bosses/starlight_golem; consome1 e sorteia recompensas abaixo. Baú usa a mesma tabela e contexto, não segunda recompensa",Alta nos arquivos versionados; configurações/datapacks externos não confirmados,/images/bestiary/audited/es/starlight-golem-normal.png,cn/leolezury/eternalstarlight/common/client/model/entity/StarlightGolemModel.class; cn/leolezury/eternalstarlight/common/client/renderer/entity/StarlightGolemRenderer.class; assets/eternal_starlight/textures/entity/starlight_golem/starlight_golem.png; assets/eternal_starlight/textures/entity/starlight_golem/starlight_golem_eyes.png; cn/leolezury/eternalstarlight/common/client/handler/ESClientSetupHandler.class; cn/leolezury/eternalstarlight/common/client/renderer/layer/StarlightGolemEyesLayer.class; cn/leolezury/eternalstarlight/common/client/renderer/layer/StarlightGolemGlowLayer.class; cn/leolezury/eternalstarlight/common/client/renderer/layer/StarlightGolemHalloweenLayer.class; cn/leolezury/eternalstarlight/common/registry/ESEntities.class; cn/leolezury/eternalstarlight/common/registry/ESItems.class; assets/eternal_starlight/textures/entity/starlight_golem/starlight_golem_cracked.png; output-es/proveniencia.json,evidence-es/decompiled-full/cn/leolezury/eternalstarlight/common/entity/living/boss/ESBoss.java; evidence-es/decompiled-full/cn/leolezury/eternalstarlight/common/entity/living/boss/golem/StarlightGolem.java; evidence-es/decompiled-full/cn/leolezury/eternalstarlight/common/registry/ESItems.java; registros-usos-itens.json#eternal_starlight:loot_bag,Não aplicável: uso direto ou nenhuma receita identificada na build
Starlight Golem,Eternal Starlight,"Chefe de encontro; alvos: Player, AbstractVillager, IronGolem",Rotas ativas de criação/spawner: evidence-es/decompiled-full/cn/leolezury/eternalstarlight/common/block/entity/spawner/StarlightGolemSpawnerBlockEntity.java; Templates com bloco gerador: data/eternal_starlight/structure/golem_forge/room/boss.nbt; ,Conteúdo baú/bolsa de chefe,minecraft:coal,1–3,"doMobLoot=true; ao remove(KILLED), ESBoss registra participantes. enableLootChest+participantes+posição substituível gera LootChest com acesso individual; senão LootBag1 por participante vivo presente na mesma dimensão; sem participante presente, LootBag fallback1. Não somar baú e bolsa. ChallengeCounts passa ao contexto de loot.; pool1: 1 sorteio(s); reposição se múltiplos rolls; peso bruto 1/1; normaliza apenas entradas elegíveis; pool1: 5–8 sorteio(s); reposição se múltiplos rolls; peso bruto 75/565; normaliza apenas entradas elegíveis; set_count",Combustível e tochas,Alta nos arquivos versionados; configurações/datapacks externos não confirmados,/images/bestiary/audited/es/starlight-golem-normal.png,cn/leolezury/eternalstarlight/common/client/model/entity/StarlightGolemModel.class; cn/leolezury/eternalstarlight/common/client/renderer/entity/StarlightGolemRenderer.class; assets/eternal_starlight/textures/entity/starlight_golem/starlight_golem.png; assets/eternal_starlight/textures/entity/starlight_golem/starlight_golem_eyes.png; cn/leolezury/eternalstarlight/common/client/handler/ESClientSetupHandler.class; cn/leolezury/eternalstarlight/common/client/renderer/layer/StarlightGolemEyesLayer.class; cn/leolezury/eternalstarlight/common/client/renderer/layer/StarlightGolemGlowLayer.class; cn/leolezury/eternalstarlight/common/client/renderer/layer/StarlightGolemHalloweenLayer.class; cn/leolezury/eternalstarlight/common/registry/ESEntities.class; cn/leolezury/eternalstarlight/common/registry/ESItems.class; assets/eternal_starlight/textures/entity/starlight_golem/starlight_golem_cracked.png; output-es/proveniencia.json,evidence-es/eternalstarlight-0.9.0+1.21.1+neoforge.jar::data/eternal_starlight/loot_table/bosses/boss_common.json; evidence-es/decompiled-full/cn/leolezury/eternalstarlight/common/entity/living/boss/golem/StarlightGolem.java,[Receitas vanilla1.21.1](lote-final-2026-10-06/receitas-vanilla.json)
Starlight Golem,Eternal Starlight,"Chefe de encontro; alvos: Player, AbstractVillager, IronGolem",Rotas ativas de criação/spawner: evidence-es/decompiled-full/cn/leolezury/eternalstarlight/common/block/entity/spawner/StarlightGolemSpawnerBlockEntity.java; Templates com bloco gerador: data/eternal_starlight/structure/golem_forge/room/boss.nbt; ,Conteúdo baú/bolsa de chefe,minecraft:gold_ingot,1–3,"doMobLoot=true; ao remove(KILLED), ESBoss registra participantes. enableLootChest+participantes+posição substituível gera LootChest com acesso individual; senão LootBag1 por participante vivo presente na mesma dimensão; sem participante presente, LootBag fallback1. Não somar baú e bolsa. ChallengeCounts passa ao contexto de loot.; pool1: 1 sorteio(s); reposição se múltiplos rolls; peso bruto 1/1; normaliza apenas entradas elegíveis; pool1: 5–8 sorteio(s); reposição se múltiplos rolls; peso bruto 50/565; normaliza apenas entradas elegíveis; set_count","Ingrediente nas receitas auditadas: gold_from_ores, gold_from_raw_materials",Alta nos arquivos versionados; configurações/datapacks externos não confirmados,/images/bestiary/audited/es/starlight-golem-normal.png,cn/leolezury/eternalstarlight/common/client/model/entity/StarlightGolemModel.class; cn/leolezury/eternalstarlight/common/client/renderer/entity/StarlightGolemRenderer.class; assets/eternal_starlight/textures/entity/starlight_golem/starlight_golem.png; assets/eternal_starlight/textures/entity/starlight_golem/starlight_golem_eyes.png; cn/leolezury/eternalstarlight/common/client/handler/ESClientSetupHandler.class; cn/leolezury/eternalstarlight/common/client/renderer/layer/StarlightGolemEyesLayer.class; cn/leolezury/eternalstarlight/common/client/renderer/layer/StarlightGolemGlowLayer.class; cn/leolezury/eternalstarlight/common/client/renderer/layer/StarlightGolemHalloweenLayer.class; cn/leolezury/eternalstarlight/common/registry/ESEntities.class; cn/leolezury/eternalstarlight/common/registry/ESItems.class; assets/eternal_starlight/textures/entity/starlight_golem/starlight_golem_cracked.png; output-es/proveniencia.json,evidence-es/eternalstarlight-0.9.0+1.21.1+neoforge.jar::data/eternal_starlight/loot_table/bosses/boss_common.json; evidence-es/decompiled-full/cn/leolezury/eternalstarlight/common/entity/living/boss/golem/StarlightGolem.java,/bestiary/receitas/es.html#receita-gold-from-ores | [Receita gold_from_ores](lote-final-2026-10-06/es-cards-2026-10-06.md#receita-gold-from-ores) — data/eternal_starlight/recipe/alloy/gold_from_ores.json; [Receita gold_from_raw_materials](lote-final-2026-10-06/es-cards-2026-10-06.md#receita-gold-from-raw-materials) — data/eternal_starlight/recipe/alloy/gold_from_raw_materials.json
Starlight Golem,Eternal Starlight,"Chefe de encontro; alvos: Player, AbstractVillager, IronGolem",Rotas ativas de criação/spawner: evidence-es/decompiled-full/cn/leolezury/eternalstarlight/common/block/entity/spawner/StarlightGolemSpawnerBlockEntity.java; Templates com bloco gerador: data/eternal_starlight/structure/golem_forge/room/boss.nbt; ,Conteúdo baú/bolsa de chefe,minecraft:iron_ingot,1–3,"doMobLoot=true; ao remove(KILLED), ESBoss registra participantes. enableLootChest+participantes+posição substituível gera LootChest com acesso individual; senão LootBag1 por participante vivo presente na mesma dimensão; sem participante presente, LootBag fallback1. Não somar baú e bolsa. ChallengeCounts passa ao contexto de loot.; pool1: 1 sorteio(s); reposição se múltiplos rolls; peso bruto 1/1; normaliza apenas entradas elegíveis; pool1: 5–8 sorteio(s); reposição se múltiplos rolls; peso bruto 50/565; normaliza apenas entradas elegíveis; set_count","Ingrediente nas receitas auditadas: iron_from_ores, iron_from_raw_materials, {'count': 1, 'id': 'minecraft:blast_furnace'}, {'count': 4, 'id': 'minecraft:piston'}",Alta nos arquivos versionados; configurações/datapacks externos não confirmados,/images/bestiary/audited/es/starlight-golem-normal.png,cn/leolezury/eternalstarlight/common/client/model/entity/StarlightGolemModel.class; cn/leolezury/eternalstarlight/common/client/renderer/entity/StarlightGolemRenderer.class; assets/eternal_starlight/textures/entity/starlight_golem/starlight_golem.png; assets/eternal_starlight/textures/entity/starlight_golem/starlight_golem_eyes.png; cn/leolezury/eternalstarlight/common/client/handler/ESClientSetupHandler.class; cn/leolezury/eternalstarlight/common/client/renderer/layer/StarlightGolemEyesLayer.class; cn/leolezury/eternalstarlight/common/client/renderer/layer/StarlightGolemGlowLayer.class; cn/leolezury/eternalstarlight/common/client/renderer/layer/StarlightGolemHalloweenLayer.class; cn/leolezury/eternalstarlight/common/registry/ESEntities.class; cn/leolezury/eternalstarlight/common/registry/ESItems.class; assets/eternal_starlight/textures/entity/starlight_golem/starlight_golem_cracked.png; output-es/proveniencia.json,evidence-es/eternalstarlight-0.9.0+1.21.1+neoforge.jar::data/eternal_starlight/loot_table/bosses/boss_common.json; evidence-es/decompiled-full/cn/leolezury/eternalstarlight/common/entity/living/boss/golem/StarlightGolem.java,/bestiary/receitas/es.html#receita-iron-from-ores | [Receita iron_from_ores](lote-final-2026-10-06/es-cards-2026-10-06.md#receita-iron-from-ores) — data/eternal_starlight/recipe/alloy/iron_from_ores.json; [Receita iron_from_raw_materials](lote-final-2026-10-06/es-cards-2026-10-06.md#receita-iron-from-raw-materials) — data/eternal_starlight/recipe/alloy/iron_from_raw_materials.json; [Receita blast_furnace_from_cinder_brick](lote-final-2026-10-06/es-cards-2026-10-06.md#receita-blast-furnace-from-cinder-brick) — data/eternal_starlight/recipe/blast_furnace_from_cinder_brick.json; [Receita piston_from_cinder_brick](lote-final-2026-10-06/es-cards-2026-10-06.md#receita-piston-from-cinder-brick) — data/eternal_starlight/recipe/piston_from_cinder_brick.json
Starlight Golem,Eternal Starlight,"Chefe de encontro; alvos: Player, AbstractVillager, IronGolem",Rotas ativas de criação/spawner: evidence-es/decompiled-full/cn/leolezury/eternalstarlight/common/block/entity/spawner/StarlightGolemSpawnerBlockEntity.java; Templates com bloco gerador: data/eternal_starlight/structure/golem_forge/room/boss.nbt; ,Conteúdo baú/bolsa de chefe,minecraft:arrow,32–64,"doMobLoot=true; ao remove(KILLED), ESBoss registra participantes. enableLootChest+participantes+posição substituível gera LootChest com acesso individual; senão LootBag1 por participante vivo presente na mesma dimensão; sem participante presente, LootBag fallback1. Não somar baú e bolsa. ChallengeCounts passa ao contexto de loot.; pool1: 1 sorteio(s); reposição se múltiplos rolls; peso bruto 1/1; normaliza apenas entradas elegíveis; pool1: 5–8 sorteio(s); reposição se múltiplos rolls; peso bruto 50/565; normaliza apenas entradas elegíveis; set_count","Ingrediente nas receitas vanilla1.21.1: {'count': 2, 'id': 'minecraft:spectral_arrow'}",Alta nos arquivos versionados; configurações/datapacks externos não confirmados,/images/bestiary/audited/es/starlight-golem-normal.png,cn/leolezury/eternalstarlight/common/client/model/entity/StarlightGolemModel.class; cn/leolezury/eternalstarlight/common/client/renderer/entity/StarlightGolemRenderer.class; assets/eternal_starlight/textures/entity/starlight_golem/starlight_golem.png; assets/eternal_starlight/textures/entity/starlight_golem/starlight_golem_eyes.png; cn/leolezury/eternalstarlight/common/client/handler/ESClientSetupHandler.class; cn/leolezury/eternalstarlight/common/client/renderer/layer/StarlightGolemEyesLayer.class; cn/leolezury/eternalstarlight/common/client/renderer/layer/StarlightGolemGlowLayer.class; cn/leolezury/eternalstarlight/common/client/renderer/layer/StarlightGolemHalloweenLayer.class; cn/leolezury/eternalstarlight/common/registry/ESEntities.class; cn/leolezury/eternalstarlight/common/registry/ESItems.class; assets/eternal_starlight/textures/entity/starlight_golem/starlight_golem_cracked.png; output-es/proveniencia.json,evidence-es/eternalstarlight-0.9.0+1.21.1+neoforge.jar::data/eternal_starlight/loot_table/bosses/boss_common.json; evidence-es/decompiled-full/cn/leolezury/eternalstarlight/common/entity/living/boss/golem/StarlightGolem.java,[Receitas vanilla1.21.1](lote-final-2026-10-06/receitas-vanilla.json)
Starlight Golem,Eternal Starlight,"Chefe de encontro; alvos: Player, AbstractVillager, IronGolem",Rotas ativas de criação/spawner: evidence-es/decompiled-full/cn/leolezury/eternalstarlight/common/block/entity/spawner/StarlightGolemSpawnerBlockEntity.java; Templates com bloco gerador: data/eternal_starlight/structure/golem_forge/room/boss.nbt; ,Conteúdo baú/bolsa de chefe,minecraft:spectral_arrow,32–64,"doMobLoot=true; ao remove(KILLED), ESBoss registra participantes. enableLootChest+participantes+posição substituível gera LootChest com acesso individual; senão LootBag1 por participante vivo presente na mesma dimensão; sem participante presente, LootBag fallback1. Não somar baú e bolsa. ChallengeCounts passa ao contexto de loot.; pool1: 1 sorteio(s); reposição se múltiplos rolls; peso bruto 1/1; normaliza apenas entradas elegíveis; pool1: 5–8 sorteio(s); reposição se múltiplos rolls; peso bruto 50/565; normaliza apenas entradas elegíveis; set_count",Munição que aplica Glowing ao alvo,Alta no recurso/registro/classe citados; condições efetivas do pack não confirmadas,/images/bestiary/audited/es/starlight-golem-normal.png,cn/leolezury/eternalstarlight/common/client/model/entity/StarlightGolemModel.class; cn/leolezury/eternalstarlight/common/client/renderer/entity/StarlightGolemRenderer.class; assets/eternal_starlight/textures/entity/starlight_golem/starlight_golem.png; assets/eternal_starlight/textures/entity/starlight_golem/starlight_golem_eyes.png; cn/leolezury/eternalstarlight/common/client/handler/ESClientSetupHandler.class; cn/leolezury/eternalstarlight/common/client/renderer/layer/StarlightGolemEyesLayer.class; cn/leolezury/eternalstarlight/common/client/renderer/layer/StarlightGolemGlowLayer.class; cn/leolezury/eternalstarlight/common/client/renderer/layer/StarlightGolemHalloweenLayer.class; cn/leolezury/eternalstarlight/common/registry/ESEntities.class; cn/leolezury/eternalstarlight/common/registry/ESItems.class; assets/eternal_starlight/textures/entity/starlight_golem/starlight_golem_cracked.png; output-es/proveniencia.json,evidence-es/eternalstarlight-0.9.0+1.21.1+neoforge.jar::data/eternal_starlight/loot_table/bosses/boss_common.json; evidence-es/decompiled-full/cn/leolezury/eternalstarlight/common/entity/living/boss/golem/StarlightGolem.java,[Receitas vanilla1.21.1](lote-final-2026-10-06/receitas-vanilla.json)
Starlight Golem,Eternal Starlight,"Chefe de encontro; alvos: Player, AbstractVillager, IronGolem",Rotas ativas de criação/spawner: evidence-es/decompiled-full/cn/leolezury/eternalstarlight/common/block/entity/spawner/StarlightGolemSpawnerBlockEntity.java; Templates com bloco gerador: data/eternal_starlight/structure/golem_forge/room/boss.nbt; ,Conteúdo baú/bolsa de chefe,eternal_starlight:amaramber_arrow,20–32,"doMobLoot=true; ao remove(KILLED), ESBoss registra participantes. enableLootChest+participantes+posição substituível gera LootChest com acesso individual; senão LootBag1 por participante vivo presente na mesma dimensão; sem participante presente, LootBag fallback1. Não somar baú e bolsa. ChallengeCounts passa ao contexto de loot.; pool1: 1 sorteio(s); reposição se múltiplos rolls; peso bruto 1/1; normaliza apenas entradas elegíveis; pool1: 5–8 sorteio(s); reposição se múltiplos rolls; peso bruto 35/565; normaliza apenas entradas elegíveis; set_count",Munição: AmaramberArrowItem cria AmaramberArrow; efeitos definidos na entidade de flecha,Alta no recurso/registro/classe citados; condições efetivas do pack não confirmadas,/images/bestiary/audited/es/starlight-golem-normal.png,cn/leolezury/eternalstarlight/common/client/model/entity/StarlightGolemModel.class; cn/leolezury/eternalstarlight/common/client/renderer/entity/StarlightGolemRenderer.class; assets/eternal_starlight/textures/entity/starlight_golem/starlight_golem.png; assets/eternal_starlight/textures/entity/starlight_golem/starlight_golem_eyes.png; cn/leolezury/eternalstarlight/common/client/handler/ESClientSetupHandler.class; cn/leolezury/eternalstarlight/common/client/renderer/layer/StarlightGolemEyesLayer.class; cn/leolezury/eternalstarlight/common/client/renderer/layer/StarlightGolemGlowLayer.class; cn/leolezury/eternalstarlight/common/client/renderer/layer/StarlightGolemHalloweenLayer.class; cn/leolezury/eternalstarlight/common/registry/ESEntities.class; cn/leolezury/eternalstarlight/common/registry/ESItems.class; assets/eternal_starlight/textures/entity/starlight_golem/starlight_golem_cracked.png; output-es/proveniencia.json,evidence-es/eternalstarlight-0.9.0+1.21.1+neoforge.jar::data/eternal_starlight/loot_table/bosses/boss_common.json; evidence-es/decompiled-full/cn/leolezury/eternalstarlight/common/entity/living/boss/golem/StarlightGolem.java; evidence-es/decompiled-full/cn/leolezury/eternalstarlight/common/registry/ESItems.java; registros-usos-itens.json#eternal_starlight:amaramber_arrow,Não aplicável: uso direto ou nenhuma receita identificada na build
Starlight Golem,Eternal Starlight,"Chefe de encontro; alvos: Player, AbstractVillager, IronGolem",Rotas ativas de criação/spawner: evidence-es/decompiled-full/cn/leolezury/eternalstarlight/common/block/entity/spawner/StarlightGolemSpawnerBlockEntity.java; Templates com bloco gerador: data/eternal_starlight/structure/golem_forge/room/boss.nbt; ,Conteúdo baú/bolsa de chefe,eternal_starlight:seeking_eye,1–3,"doMobLoot=true; ao remove(KILLED), ESBoss registra participantes. enableLootChest+participantes+posição substituível gera LootChest com acesso individual; senão LootBag1 por participante vivo presente na mesma dimensão; sem participante presente, LootBag fallback1. Não somar baú e bolsa. ChallengeCounts passa ao contexto de loot.; pool1: 1 sorteio(s); reposição se múltiplos rolls; peso bruto 1/1; normaliza apenas entradas elegíveis; pool1: 5–8 sorteio(s); reposição se múltiplos rolls; peso bruto 75/565; normaliza apenas entradas elegíveis; set_count","Ingrediente nas receitas auditadas: {'count': 4, 'id': 'eternal_starlight:etheric_eye'}",Alta nos arquivos versionados; configurações/datapacks externos não confirmados,/images/bestiary/audited/es/starlight-golem-normal.png,cn/leolezury/eternalstarlight/common/client/model/entity/StarlightGolemModel.class; cn/leolezury/eternalstarlight/common/client/renderer/entity/StarlightGolemRenderer.class; assets/eternal_starlight/textures/entity/starlight_golem/starlight_golem.png; assets/eternal_starlight/textures/entity/starlight_golem/starlight_golem_eyes.png; cn/leolezury/eternalstarlight/common/client/handler/ESClientSetupHandler.class; cn/leolezury/eternalstarlight/common/client/renderer/layer/StarlightGolemEyesLayer.class; cn/leolezury/eternalstarlight/common/client/renderer/layer/StarlightGolemGlowLayer.class; cn/leolezury/eternalstarlight/common/client/renderer/layer/StarlightGolemHalloweenLayer.class; cn/leolezury/eternalstarlight/common/registry/ESEntities.class; cn/leolezury/eternalstarlight/common/registry/ESItems.class; assets/eternal_starlight/textures/entity/starlight_golem/starlight_golem_cracked.png; output-es/proveniencia.json,evidence-es/eternalstarlight-0.9.0+1.21.1+neoforge.jar::data/eternal_starlight/loot_table/bosses/boss_common.json; evidence-es/decompiled-full/cn/leolezury/eternalstarlight/common/entity/living/boss/golem/StarlightGolem.java; evidence-es/decompiled-full/cn/leolezury/eternalstarlight/common/registry/ESItems.java; registros-usos-itens.json#eternal_starlight:seeking_eye,/bestiary/receitas/es.html#receita-etheric-eye | [Receita etheric_eye](lote-final-2026-10-06/es-cards-2026-10-06.md#receita-etheric-eye) — data/eternal_starlight/recipe/etheric_eye.json
Starlight Golem,Eternal Starlight,"Chefe de encontro; alvos: Player, AbstractVillager, IronGolem",Rotas ativas de criação/spawner: evidence-es/decompiled-full/cn/leolezury/eternalstarlight/common/block/entity/spawner/StarlightGolemSpawnerBlockEntity.java; Templates com bloco gerador: data/eternal_starlight/structure/golem_forge/room/boss.nbt; ,Conteúdo baú/bolsa de chefe,eternal_starlight:lunar_berries,1–3,"doMobLoot=true; ao remove(KILLED), ESBoss registra participantes. enableLootChest+participantes+posição substituível gera LootChest com acesso individual; senão LootBag1 por participante vivo presente na mesma dimensão; sem participante presente, LootBag fallback1. Não somar baú e bolsa. ChallengeCounts passa ao contexto de loot.; pool1: 1 sorteio(s); reposição se múltiplos rolls; peso bruto 1/1; normaliza apenas entradas elegíveis; pool1: 5–8 sorteio(s); reposição se múltiplos rolls; peso bruto 75/565; normaliza apenas entradas elegíveis; set_count","Ingrediente nas receitas auditadas: {'count': 1, 'id': 'eternal_starlight:crinoa_ball'}",Alta nos arquivos versionados; configurações/datapacks externos não confirmados,/images/bestiary/audited/es/starlight-golem-normal.png,cn/leolezury/eternalstarlight/common/client/model/entity/StarlightGolemModel.class; cn/leolezury/eternalstarlight/common/client/renderer/entity/StarlightGolemRenderer.class; assets/eternal_starlight/textures/entity/starlight_golem/starlight_golem.png; assets/eternal_starlight/textures/entity/starlight_golem/starlight_golem_eyes.png; cn/leolezury/eternalstarlight/common/client/handler/ESClientSetupHandler.class; cn/leolezury/eternalstarlight/common/client/renderer/layer/StarlightGolemEyesLayer.class; cn/leolezury/eternalstarlight/common/client/renderer/layer/StarlightGolemGlowLayer.class; cn/leolezury/eternalstarlight/common/client/renderer/layer/StarlightGolemHalloweenLayer.class; cn/leolezury/eternalstarlight/common/registry/ESEntities.class; cn/leolezury/eternalstarlight/common/registry/ESItems.class; assets/eternal_starlight/textures/entity/starlight_golem/starlight_golem_cracked.png; output-es/proveniencia.json,evidence-es/eternalstarlight-0.9.0+1.21.1+neoforge.jar::data/eternal_starlight/loot_table/bosses/boss_common.json; evidence-es/decompiled-full/cn/leolezury/eternalstarlight/common/entity/living/boss/golem/StarlightGolem.java; evidence-es/decompiled-full/cn/leolezury/eternalstarlight/common/registry/ESItems.java; registros-usos-itens.json#eternal_starlight:lunar_berries,/bestiary/receitas/es.html#receita-lunar-crystal | [Receita lunar_crystal](lote-final-2026-10-06/es-cards-2026-10-06.md#receita-lunar-crystal) — data/eternal_starlight/recipe/lunar_crystal.json; [Receita crinoa_ball](lote-final-2026-10-06/es-cards-2026-10-06.md#receita-crinoa-ball) — data/eternal_starlight/recipe/shapeless/crinoa_ball.json
Starlight Golem,Eternal Starlight,"Chefe de encontro; alvos: Player, AbstractVillager, IronGolem",Rotas ativas de criação/spawner: evidence-es/decompiled-full/cn/leolezury/eternalstarlight/common/block/entity/spawner/StarlightGolemSpawnerBlockEntity.java; Templates com bloco gerador: data/eternal_starlight/structure/golem_forge/room/boss.nbt; ,Conteúdo baú/bolsa de chefe,eternal_starlight:deepsilver_ingot,1–2,"doMobLoot=true; ao remove(KILLED), ESBoss registra participantes. enableLootChest+participantes+posição substituível gera LootChest com acesso individual; senão LootBag1 por participante vivo presente na mesma dimensão; sem participante presente, LootBag fallback1. Não somar baú e bolsa. ChallengeCounts passa ao contexto de loot.; pool1: 1 sorteio(s); reposição se múltiplos rolls; peso bruto 1/1; normaliza apenas entradas elegíveis; pool1: 5–8 sorteio(s); reposição se múltiplos rolls; peso bruto 30/565; normaliza apenas entradas elegíveis; set_count","Ingrediente nas receitas auditadas: deepsilver_from_ores, deepsilver_from_raw_materials, {'count': 16, 'id': 'eternal_starlight:deepsilver_bars'}, {'count': 1, 'id': 'eternal_starlight:deepsilver_block'}, {'count': 9, 'id': 'eternal_starlight:deepsilver_nugget'}, {'count': 1, 'id': 'eternal_starlight:golem_steel_crate'}, {'count': 1, 'id': 'eternal_starlight:silver_pungency_fruit'}",Alta nos arquivos versionados; configurações/datapacks externos não confirmados,/images/bestiary/audited/es/starlight-golem-normal.png,cn/leolezury/eternalstarlight/common/client/model/entity/StarlightGolemModel.class; cn/leolezury/eternalstarlight/common/client/renderer/entity/StarlightGolemRenderer.class; assets/eternal_starlight/textures/entity/starlight_golem/starlight_golem.png; assets/eternal_starlight/textures/entity/starlight_golem/starlight_golem_eyes.png; cn/leolezury/eternalstarlight/common/client/handler/ESClientSetupHandler.class; cn/leolezury/eternalstarlight/common/client/renderer/layer/StarlightGolemEyesLayer.class; cn/leolezury/eternalstarlight/common/client/renderer/layer/StarlightGolemGlowLayer.class; cn/leolezury/eternalstarlight/common/client/renderer/layer/StarlightGolemHalloweenLayer.class; cn/leolezury/eternalstarlight/common/registry/ESEntities.class; cn/leolezury/eternalstarlight/common/registry/ESItems.class; assets/eternal_starlight/textures/entity/starlight_golem/starlight_golem_cracked.png; output-es/proveniencia.json,evidence-es/eternalstarlight-0.9.0+1.21.1+neoforge.jar::data/eternal_starlight/loot_table/bosses/boss_common.json; evidence-es/decompiled-full/cn/leolezury/eternalstarlight/common/entity/living/boss/golem/StarlightGolem.java; evidence-es/decompiled-full/cn/leolezury/eternalstarlight/common/registry/ESItems.java; registros-usos-itens.json#eternal_starlight:deepsilver_ingot,/bestiary/receitas/es.html#receita-deepsilver-from-ores | [Receita deepsilver_from_ores](lote-final-2026-10-06/es-cards-2026-10-06.md#receita-deepsilver-from-ores) — data/eternal_starlight/recipe/alloy/deepsilver_from_ores.json; [Receita deepsilver_from_raw_materials](lote-final-2026-10-06/es-cards-2026-10-06.md#receita-deepsilver-from-raw-materials) — data/eternal_starlight/recipe/alloy/deepsilver_from_raw_materials.json; [Receita golem_steel](lote-final-2026-10-06/es-cards-2026-10-06.md#receita-golem-steel) — data/eternal_starlight/recipe/alloy/golem_steel.json; [Receita unrealium](lote-final-2026-10-06/es-cards-2026-10-06.md#receita-unrealium) — data/eternal_starlight/recipe/alloy/unrealium.json; [Receita blooming_armor_trim_smithing_template_smithing_trim](lote-final-2026-10-06/es-cards-2026-10-06.md#receita-blooming-armor-trim-smithing-template-smithing-trim) — data/eternal_starlight/recipe/blooming_armor_trim_smithing_template_smithing_trim.json; [Receita bucket_from_deepsilver_ingot](lote-final-2026-10-06/es-cards-2026-10-06.md#receita-bucket-from-deepsilver-ingot) — data/eternal_starlight/recipe/bucket_from_deepsilver_ingot.json; [Receita cauldron_from_deepsilver_ingot](lote-final-2026-10-06/es-cards-2026-10-06.md#receita-cauldron-from-deepsilver-ingot) — data/eternal_starlight/recipe/cauldron_from_deepsilver_ingot.json; [Receita crescent_spear](lote-final-2026-10-06/es-cards-2026-10-06.md#receita-crescent-spear) — data/eternal_starlight/recipe/crescent_spear.json; [Receita deepsilver_axe](lote-final-2026-10-06/es-cards-2026-10-06.md#receita-deepsilver-axe) — data/eternal_starlight/recipe/deepsilver_axe.json; [Receita deepsilver_bars](lote-final-2026-10-06/es-cards-2026-10-06.md#receita-deepsilver-bars) — data/eternal_starlight/recipe/deepsilver_bars.json; [Receita deepsilver_block](lote-final-2026-10-06/es-cards-2026-10-06.md#receita-deepsilver-block) — data/eternal_starlight/recipe/deepsilver_block.json; [Receita deepsilver_boots](lote-final-2026-10-06/es-cards-2026-10-06.md#receita-deepsilver-boots) — data/eternal_starlight/recipe/deepsilver_boots.json; [Receita deepsilver_brush](lote-final-2026-10-06/es-cards-2026-10-06.md#receita-deepsilver-brush) — data/eternal_starlight/recipe/deepsilver_brush.json; [Receita deepsilver_chestplate](lote-final-2026-10-06/es-cards-2026-10-06.md#receita-deepsilver-chestplate) — data/eternal_starlight/recipe/deepsilver_chestplate.json; [Receita deepsilver_helmet](lote-final-2026-10-06/es-cards-2026-10-06.md#receita-deepsilver-helmet) — data/eternal_starlight/recipe/deepsilver_helmet.json; [Receita deepsilver_hoe](lote-final-2026-10-06/es-cards-2026-10-06.md#receita-deepsilver-hoe) — data/eternal_starlight/recipe/deepsilver_hoe.json; [Receita deepsilver_leggings](lote-final-2026-10-06/es-cards-2026-10-06.md#receita-deepsilver-leggings) — data/eternal_starlight/recipe/deepsilver_leggings.json; [Receita deepsilver_nugget](lote-final-2026-10-06/es-cards-2026-10-06.md#receita-deepsilver-nugget) — data/eternal_starlight/recipe/deepsilver_nugget.json; [Receita deepsilver_pickaxe](lote-final-2026-10-06/es-cards-2026-10-06.md#receita-deepsilver-pickaxe) — data/eternal_starlight/recipe/deepsilver_pickaxe.json; [Receita deepsilver_shovel](lote-final-2026-10-06/es-cards-2026-10-06.md#receita-deepsilver-shovel) — data/eternal_starlight/recipe/deepsilver_shovel.json; [Receita deepsilver_sickle](lote-final-2026-10-06/es-cards-2026-10-06.md#receita-deepsilver-sickle) — data/eternal_starlight/recipe/deepsilver_sickle.json; [Receita deepsilver_sword](lote-final-2026-10-06/es-cards-2026-10-06.md#receita-deepsilver-sword) — data/eternal_starlight/recipe/deepsilver_sword.json; [Receita forge_armor_trim_smithing_template](lote-final-2026-10-06/es-cards-2026-10-06.md#receita-forge-armor-trim-smithing-template) — data/eternal_starlight/recipe/forge_armor_trim_smithing_template.json; [Receita forge_armor_trim_smithing_template_smithing_trim](lote-final-2026-10-06/es-cards-2026-10-06.md#receita-forge-armor-trim-smithing-template-smithing-trim) — data/eternal_starlight/recipe/forge_armor_trim_smithing_template_smithing_trim.json; [Receita golem_steel_crate](lote-final-2026-10-06/es-cards-2026-10-06.md#receita-golem-steel-crate) — data/eternal_starlight/recipe/golem_steel_crate.json; [Receita keeper_armor_trim_smithing_template](lote-final-2026-10-06/es-cards-2026-10-06.md#receita-keeper-armor-trim-smithing-template) — data/eternal_starlight/recipe/keeper_armor_trim_smithing_template.json; [Receita keeper_armor_trim_smithing_template_smithing_trim](lote-final-2026-10-06/es-cards-2026-10-06.md#receita-keeper-armor-trim-smithing-template-smithing-trim) — data/eternal_starlight/recipe/keeper_armor_trim_smithing_template_smithing_trim.json; [Receita shears_from_deepsilver_ingot](lote-final-2026-10-06/es-cards-2026-10-06.md#receita-shears-from-deepsilver-ingot) — data/eternal_starlight/recipe/shears_from_deepsilver_ingot.json; [Receita shield_from_deepsilver_ingot](lote-final-2026-10-06/es-cards-2026-10-06.md#receita-shield-from-deepsilver-ingot) — data/eternal_starlight/recipe/shield_from_deepsilver_ingot.json; [Receita silver_pungency_fruit](lote-final-2026-10-06/es-cards-2026-10-06.md#receita-silver-pungency-fruit) — data/eternal_starlight/recipe/silver_pungency_fruit.json; [Receita tripwire_hook_from_deepsilver_ingot](lote-final-2026-10-06/es-cards-2026-10-06.md#receita-tripwire-hook-from-deepsilver-ingot) — data/eternal_starlight/recipe/tripwire_hook_from_deepsilver_ingot.json; [Receita twining_armor_trim_smithing_template_smithing_trim](lote-final-2026-10-06/es-cards-2026-10-06.md#receita-twining-armor-trim-smithing-template-smithing-trim) — data/eternal_starlight/recipe/twining_armor_trim_smithing_template_smithing_trim.json
Starlight Golem,Eternal Starlight,"Chefe de encontro; alvos: Player, AbstractVillager, IronGolem",Rotas ativas de criação/spawner: evidence-es/decompiled-full/cn/leolezury/eternalstarlight/common/block/entity/spawner/StarlightGolemSpawnerBlockEntity.java; Templates com bloco gerador: data/eternal_starlight/structure/golem_forge/room/boss.nbt; ,Conteúdo baú/bolsa de chefe,eternal_starlight:thermal_springstone_ingot,1–2,"doMobLoot=true; ao remove(KILLED), ESBoss registra participantes. enableLootChest+participantes+posição substituível gera LootChest com acesso individual; senão LootBag1 por participante vivo presente na mesma dimensão; sem participante presente, LootBag fallback1. Não somar baú e bolsa. ChallengeCounts passa ao contexto de loot.; pool1: 1 sorteio(s); reposição se múltiplos rolls; peso bruto 1/1; normaliza apenas entradas elegíveis; pool1: 5–8 sorteio(s); reposição se múltiplos rolls; peso bruto 30/565; normaliza apenas entradas elegíveis; set_count",Ingrediente registrado; receitas/tag-consumers no crafting; demais habilidades não atribuídas,Alta no recurso/registro/classe citados; condições efetivas do pack não confirmadas,/images/bestiary/audited/es/starlight-golem-normal.png,cn/leolezury/eternalstarlight/common/client/model/entity/StarlightGolemModel.class; cn/leolezury/eternalstarlight/common/client/renderer/entity/StarlightGolemRenderer.class; assets/eternal_starlight/textures/entity/starlight_golem/starlight_golem.png; assets/eternal_starlight/textures/entity/starlight_golem/starlight_golem_eyes.png; cn/leolezury/eternalstarlight/common/client/handler/ESClientSetupHandler.class; cn/leolezury/eternalstarlight/common/client/renderer/layer/StarlightGolemEyesLayer.class; cn/leolezury/eternalstarlight/common/client/renderer/layer/StarlightGolemGlowLayer.class; cn/leolezury/eternalstarlight/common/client/renderer/layer/StarlightGolemHalloweenLayer.class; cn/leolezury/eternalstarlight/common/registry/ESEntities.class; cn/leolezury/eternalstarlight/common/registry/ESItems.class; assets/eternal_starlight/textures/entity/starlight_golem/starlight_golem_cracked.png; output-es/proveniencia.json,evidence-es/eternalstarlight-0.9.0+1.21.1+neoforge.jar::data/eternal_starlight/loot_table/bosses/boss_common.json; evidence-es/decompiled-full/cn/leolezury/eternalstarlight/common/entity/living/boss/golem/StarlightGolem.java; evidence-es/decompiled-full/cn/leolezury/eternalstarlight/common/registry/ESItems.java; registros-usos-itens.json#eternal_starlight:thermal_springstone_ingot,/bestiary/receitas/es.html#receita-blaze-crystal | [Receita blaze_crystal](lote-final-2026-10-06/es-cards-2026-10-06.md#receita-blaze-crystal) — data/eternal_starlight/recipe/blaze_crystal.json; [Receita blooming_armor_trim_smithing_template_smithing_trim](lote-final-2026-10-06/es-cards-2026-10-06.md#receita-blooming-armor-trim-smithing-template-smithing-trim) — data/eternal_starlight/recipe/blooming_armor_trim_smithing_template_smithing_trim.json; [Receita forge_armor_trim_smithing_template_smithing_trim](lote-final-2026-10-06/es-cards-2026-10-06.md#receita-forge-armor-trim-smithing-template-smithing-trim) — data/eternal_starlight/recipe/forge_armor_trim_smithing_template_smithing_trim.json; [Receita keeper_armor_trim_smithing_template_smithing_trim](lote-final-2026-10-06/es-cards-2026-10-06.md#receita-keeper-armor-trim-smithing-template-smithing-trim) — data/eternal_starlight/recipe/keeper_armor_trim_smithing_template_smithing_trim.json; [Receita starfire_upgrade_smithing_template](lote-final-2026-10-06/es-cards-2026-10-06.md#receita-starfire-upgrade-smithing-template) — data/eternal_starlight/recipe/starfire_upgrade_smithing_template.json; [Receita thermal_springstone_axe](lote-final-2026-10-06/es-cards-2026-10-06.md#receita-thermal-springstone-axe) — data/eternal_starlight/recipe/thermal_springstone_axe.json; [Receita thermal_springstone_boots](lote-final-2026-10-06/es-cards-2026-10-06.md#receita-thermal-springstone-boots) — data/eternal_starlight/recipe/thermal_springstone_boots.json; [Receita thermal_springstone_chestplate](lote-final-2026-10-06/es-cards-2026-10-06.md#receita-thermal-springstone-chestplate) — data/eternal_starlight/recipe/thermal_springstone_chestplate.json; [Receita thermal_springstone_hammer](lote-final-2026-10-06/es-cards-2026-10-06.md#receita-thermal-springstone-hammer) — data/eternal_starlight/recipe/thermal_springstone_hammer.json; [Receita thermal_springstone_helmet](lote-final-2026-10-06/es-cards-2026-10-06.md#receita-thermal-springstone-helmet) — data/eternal_starlight/recipe/thermal_springstone_helmet.json; [Receita thermal_springstone_hoe](lote-final-2026-10-06/es-cards-2026-10-06.md#receita-thermal-springstone-hoe) — data/eternal_starlight/recipe/thermal_springstone_hoe.json; [Receita thermal_springstone_leggings](lote-final-2026-10-06/es-cards-2026-10-06.md#receita-thermal-springstone-leggings) — data/eternal_starlight/recipe/thermal_springstone_leggings.json; [Receita thermal_springstone_pickaxe](lote-final-2026-10-06/es-cards-2026-10-06.md#receita-thermal-springstone-pickaxe) — data/eternal_starlight/recipe/thermal_springstone_pickaxe.json; [Receita thermal_springstone_scythe](lote-final-2026-10-06/es-cards-2026-10-06.md#receita-thermal-springstone-scythe) — data/eternal_starlight/recipe/thermal_springstone_scythe.json; [Receita thermal_springstone_shovel](lote-final-2026-10-06/es-cards-2026-10-06.md#receita-thermal-springstone-shovel) — data/eternal_starlight/recipe/thermal_springstone_shovel.json; [Receita thermal_springstone_sword](lote-final-2026-10-06/es-cards-2026-10-06.md#receita-thermal-springstone-sword) — data/eternal_starlight/recipe/thermal_springstone_sword.json; [Receita twining_armor_trim_smithing_template_smithing_trim](lote-final-2026-10-06/es-cards-2026-10-06.md#receita-twining-armor-trim-smithing-template-smithing-trim) — data/eternal_starlight/recipe/twining_armor_trim_smithing_template_smithing_trim.json
Starlight Golem,Eternal Starlight,"Chefe de encontro; alvos: Player, AbstractVillager, IronGolem",Rotas ativas de criação/spawner: evidence-es/decompiled-full/cn/leolezury/eternalstarlight/common/block/entity/spawner/StarlightGolemSpawnerBlockEntity.java; Templates com bloco gerador: data/eternal_starlight/structure/golem_forge/room/boss.nbt; ,Conteúdo baú/bolsa de chefe,eternal_starlight:glacite_shard,1–2,"doMobLoot=true; ao remove(KILLED), ESBoss registra participantes. enableLootChest+participantes+posição substituível gera LootChest com acesso individual; senão LootBag1 por participante vivo presente na mesma dimensão; sem participante presente, LootBag fallback1. Não somar baú e bolsa. ChallengeCounts passa ao contexto de loot.; pool1: 1 sorteio(s); reposição se múltiplos rolls; peso bruto 1/1; normaliza apenas entradas elegíveis; pool1: 5–8 sorteio(s); reposição se múltiplos rolls; peso bruto 30/565; normaliza apenas entradas elegíveis; set_count","Ingrediente nas receitas auditadas: {'count': 1, 'id': 'eternal_starlight:glacite_block'}",Alta nos arquivos versionados; configurações/datapacks externos não confirmados,/images/bestiary/audited/es/starlight-golem-normal.png,cn/leolezury/eternalstarlight/common/client/model/entity/StarlightGolemModel.class; cn/leolezury/eternalstarlight/common/client/renderer/entity/StarlightGolemRenderer.class; assets/eternal_starlight/textures/entity/starlight_golem/starlight_golem.png; assets/eternal_starlight/textures/entity/starlight_golem/starlight_golem_eyes.png; cn/leolezury/eternalstarlight/common/client/handler/ESClientSetupHandler.class; cn/leolezury/eternalstarlight/common/client/renderer/layer/StarlightGolemEyesLayer.class; cn/leolezury/eternalstarlight/common/client/renderer/layer/StarlightGolemGlowLayer.class; cn/leolezury/eternalstarlight/common/client/renderer/layer/StarlightGolemHalloweenLayer.class; cn/leolezury/eternalstarlight/common/registry/ESEntities.class; cn/leolezury/eternalstarlight/common/registry/ESItems.class; assets/eternal_starlight/textures/entity/starlight_golem/starlight_golem_cracked.png; output-es/proveniencia.json,evidence-es/eternalstarlight-0.9.0+1.21.1+neoforge.jar::data/eternal_starlight/loot_table/bosses/boss_common.json; evidence-es/decompiled-full/cn/leolezury/eternalstarlight/common/entity/living/boss/golem/StarlightGolem.java; evidence-es/decompiled-full/cn/leolezury/eternalstarlight/common/registry/ESItems.java; registros-usos-itens.json#eternal_starlight:glacite_shard,/bestiary/receitas/es.html#receita-blooming-armor-trim-smithing-template-smithing-trim | [Receita blooming_armor_trim_smithing_template_smithing_trim](lote-final-2026-10-06/es-cards-2026-10-06.md#receita-blooming-armor-trim-smithing-template-smithing-trim) — data/eternal_starlight/recipe/blooming_armor_trim_smithing_template_smithing_trim.json; [Receita flowglaze_upgrade_smithing_template](lote-final-2026-10-06/es-cards-2026-10-06.md#receita-flowglaze-upgrade-smithing-template) — data/eternal_starlight/recipe/flowglaze_upgrade_smithing_template.json; [Receita forge_armor_trim_smithing_template_smithing_trim](lote-final-2026-10-06/es-cards-2026-10-06.md#receita-forge-armor-trim-smithing-template-smithing-trim) — data/eternal_starlight/recipe/forge_armor_trim_smithing_template_smithing_trim.json; [Receita frozen_bomb](lote-final-2026-10-06/es-cards-2026-10-06.md#receita-frozen-bomb) — data/eternal_starlight/recipe/frozen_bomb.json; [Receita glacite_arrow](lote-final-2026-10-06/es-cards-2026-10-06.md#receita-glacite-arrow) — data/eternal_starlight/recipe/glacite_arrow.json; [Receita glacite_axe](lote-final-2026-10-06/es-cards-2026-10-06.md#receita-glacite-axe) — data/eternal_starlight/recipe/glacite_axe.json; [Receita glacite_block](lote-final-2026-10-06/es-cards-2026-10-06.md#receita-glacite-block) — data/eternal_starlight/recipe/glacite_block.json; [Receita glacite_boots](lote-final-2026-10-06/es-cards-2026-10-06.md#receita-glacite-boots) — data/eternal_starlight/recipe/glacite_boots.json; [Receita glacite_chestplate](lote-final-2026-10-06/es-cards-2026-10-06.md#receita-glacite-chestplate) — data/eternal_starlight/recipe/glacite_chestplate.json; [Receita glacite_helmet](lote-final-2026-10-06/es-cards-2026-10-06.md#receita-glacite-helmet) — data/eternal_starlight/recipe/glacite_helmet.json; [Receita glacite_hoe](lote-final-2026-10-06/es-cards-2026-10-06.md#receita-glacite-hoe) — data/eternal_starlight/recipe/glacite_hoe.json; [Receita glacite_leggings](lote-final-2026-10-06/es-cards-2026-10-06.md#receita-glacite-leggings) — data/eternal_starlight/recipe/glacite_leggings.json; [Receita glacite_pickaxe](lote-final-2026-10-06/es-cards-2026-10-06.md#receita-glacite-pickaxe) — data/eternal_starlight/recipe/glacite_pickaxe.json; [Receita glacite_scythe](lote-final-2026-10-06/es-cards-2026-10-06.md#receita-glacite-scythe) — data/eternal_starlight/recipe/glacite_scythe.json; [Receita glacite_shield](lote-final-2026-10-06/es-cards-2026-10-06.md#receita-glacite-shield) — data/eternal_starlight/recipe/glacite_shield.json; [Receita glacite_shovel](lote-final-2026-10-06/es-cards-2026-10-06.md#receita-glacite-shovel) — data/eternal_starlight/recipe/glacite_shovel.json; [Receita glacite_sword](lote-final-2026-10-06/es-cards-2026-10-06.md#receita-glacite-sword) — data/eternal_starlight/recipe/glacite_sword.json; [Receita keeper_armor_trim_smithing_template_smithing_trim](lote-final-2026-10-06/es-cards-2026-10-06.md#receita-keeper-armor-trim-smithing-template-smithing-trim) — data/eternal_starlight/recipe/keeper_armor_trim_smithing_template_smithing_trim.json; [Receita reinforced_ice](lote-final-2026-10-06/es-cards-2026-10-06.md#receita-reinforced-ice) — data/eternal_starlight/recipe/reinforced_ice.json; [Receita twining_armor_trim_smithing_template_smithing_trim](lote-final-2026-10-06/es-cards-2026-10-06.md#receita-twining-armor-trim-smithing-template-smithing-trim) — data/eternal_starlight/recipe/twining_armor_trim_smithing_template_smithing_trim.json
Starlight Golem,Eternal Starlight,"Chefe de encontro; alvos: Player, AbstractVillager, IronGolem",Rotas ativas de criação/spawner: evidence-es/decompiled-full/cn/leolezury/eternalstarlight/common/block/entity/spawner/StarlightGolemSpawnerBlockEntity.java; Templates com bloco gerador: data/eternal_starlight/structure/golem_forge/room/boss.nbt; ,Conteúdo baú/bolsa de chefe,eternal_starlight:aethersent_ingot,1–2,"doMobLoot=true; ao remove(KILLED), ESBoss registra participantes. enableLootChest+participantes+posição substituível gera LootChest com acesso individual; senão LootBag1 por participante vivo presente na mesma dimensão; sem participante presente, LootBag fallback1. Não somar baú e bolsa. ChallengeCounts passa ao contexto de loot.; pool1: 1 sorteio(s); reposição se múltiplos rolls; peso bruto 1/1; normaliza apenas entradas elegíveis; pool1: 5–8 sorteio(s); reposição se múltiplos rolls; peso bruto 15/565; normaliza apenas entradas elegíveis; set_count","Ingrediente nas receitas auditadas: {'count': 1, 'id': 'eternal_starlight:aethersent_block'}, {'count': 9, 'id': 'eternal_starlight:aethersent_nugget'}",Alta nos arquivos versionados; configurações/datapacks externos não confirmados,/images/bestiary/audited/es/starlight-golem-normal.png,cn/leolezury/eternalstarlight/common/client/model/entity/StarlightGolemModel.class; cn/leolezury/eternalstarlight/common/client/renderer/entity/StarlightGolemRenderer.class; assets/eternal_starlight/textures/entity/starlight_golem/starlight_golem.png; assets/eternal_starlight/textures/entity/starlight_golem/starlight_golem_eyes.png; cn/leolezury/eternalstarlight/common/client/handler/ESClientSetupHandler.class; cn/leolezury/eternalstarlight/common/client/renderer/layer/StarlightGolemEyesLayer.class; cn/leolezury/eternalstarlight/common/client/renderer/layer/StarlightGolemGlowLayer.class; cn/leolezury/eternalstarlight/common/client/renderer/layer/StarlightGolemHalloweenLayer.class; cn/leolezury/eternalstarlight/common/registry/ESEntities.class; cn/leolezury/eternalstarlight/common/registry/ESItems.class; assets/eternal_starlight/textures/entity/starlight_golem/starlight_golem_cracked.png; output-es/proveniencia.json,evidence-es/eternalstarlight-0.9.0+1.21.1+neoforge.jar::data/eternal_starlight/loot_table/bosses/boss_common.json; evidence-es/decompiled-full/cn/leolezury/eternalstarlight/common/entity/living/boss/golem/StarlightGolem.java; evidence-es/decompiled-full/cn/leolezury/eternalstarlight/common/registry/ESItems.java; registros-usos-itens.json#eternal_starlight:aethersent_ingot,/bestiary/receitas/es.html#receita-aethersent-block | [Receita aethersent_block](lote-final-2026-10-06/es-cards-2026-10-06.md#receita-aethersent-block) — data/eternal_starlight/recipe/aethersent_block.json; [Receita aethersent_boots](lote-final-2026-10-06/es-cards-2026-10-06.md#receita-aethersent-boots) — data/eternal_starlight/recipe/aethersent_boots.json; [Receita aethersent_bottoms](lote-final-2026-10-06/es-cards-2026-10-06.md#receita-aethersent-bottoms) — data/eternal_starlight/recipe/aethersent_bottoms.json; [Receita aethersent_cape](lote-final-2026-10-06/es-cards-2026-10-06.md#receita-aethersent-cape) — data/eternal_starlight/recipe/aethersent_cape.json; [Receita aethersent_hood](lote-final-2026-10-06/es-cards-2026-10-06.md#receita-aethersent-hood) — data/eternal_starlight/recipe/aethersent_hood.json; [Receita aethersent_nugget](lote-final-2026-10-06/es-cards-2026-10-06.md#receita-aethersent-nugget) — data/eternal_starlight/recipe/aethersent_nugget.json; [Receita blooming_armor_trim_smithing_template_smithing_trim](lote-final-2026-10-06/es-cards-2026-10-06.md#receita-blooming-armor-trim-smithing-template-smithing-trim) — data/eternal_starlight/recipe/blooming_armor_trim_smithing_template_smithing_trim.json; [Receita forge_armor_trim_smithing_template_smithing_trim](lote-final-2026-10-06/es-cards-2026-10-06.md#receita-forge-armor-trim-smithing-template-smithing-trim) — data/eternal_starlight/recipe/forge_armor_trim_smithing_template_smithing_trim.json; [Receita keeper_armor_trim_smithing_template_smithing_trim](lote-final-2026-10-06/es-cards-2026-10-06.md#receita-keeper-armor-trim-smithing-template-smithing-trim) — data/eternal_starlight/recipe/keeper_armor_trim_smithing_template_smithing_trim.json; [Receita rage_of_stars](lote-final-2026-10-06/es-cards-2026-10-06.md#receita-rage-of-stars) — data/eternal_starlight/recipe/rage_of_stars.json; [Receita starfall_longbow](lote-final-2026-10-06/es-cards-2026-10-06.md#receita-starfall-longbow) — data/eternal_starlight/recipe/starfall_longbow.json; [Receita twining_armor_trim_smithing_template_smithing_trim](lote-final-2026-10-06/es-cards-2026-10-06.md#receita-twining-armor-trim-smithing-template-smithing-trim) — data/eternal_starlight/recipe/twining_armor_trim_smithing_template_smithing_trim.json
Starlight Golem,Eternal Starlight,"Chefe de encontro; alvos: Player, AbstractVillager, IronGolem",Rotas ativas de criação/spawner: evidence-es/decompiled-full/cn/leolezury/eternalstarlight/common/block/entity/spawner/StarlightGolemSpawnerBlockEntity.java; Templates com bloco gerador: data/eternal_starlight/structure/golem_forge/room/boss.nbt; ,Conteúdo baú/bolsa de chefe,eternal_starlight:oxidized_golem_steel_ingot,8–10,"doMobLoot=true; ao remove(KILLED), ESBoss registra participantes. enableLootChest+participantes+posição substituível gera LootChest com acesso individual; senão LootBag1 por participante vivo presente na mesma dimensão; sem participante presente, LootBag fallback1. Não somar baú e bolsa. ChallengeCounts passa ao contexto de loot.; pool2: 1 sorteio(s); reposição se múltiplos rolls; peso bruto 1/1; normaliza apenas entradas elegíveis; set_count","Ingrediente nas receitas auditadas: {'count': 1, 'id': 'eternal_starlight:golem_steel_crate'}, {'count': 1, 'id': 'eternal_starlight:golem_steel_ingot'}, {'count': 1, 'id': 'eternal_starlight:golem_steel_ingot'}, {'count': 16, 'id': 'eternal_starlight:oxidized_golem_steel_bars'}, {'count': 1, 'id': 'eternal_starlight:oxidized_golem_steel_block'}, {'count': 9, 'id': 'eternal_starlight:oxidized_golem_steel_nugget'}",Alta nos arquivos versionados; configurações/datapacks externos não confirmados,/images/bestiary/audited/es/starlight-golem-normal.png,cn/leolezury/eternalstarlight/common/client/model/entity/StarlightGolemModel.class; cn/leolezury/eternalstarlight/common/client/renderer/entity/StarlightGolemRenderer.class; assets/eternal_starlight/textures/entity/starlight_golem/starlight_golem.png; assets/eternal_starlight/textures/entity/starlight_golem/starlight_golem_eyes.png; cn/leolezury/eternalstarlight/common/client/handler/ESClientSetupHandler.class; cn/leolezury/eternalstarlight/common/client/renderer/layer/StarlightGolemEyesLayer.class; cn/leolezury/eternalstarlight/common/client/renderer/layer/StarlightGolemGlowLayer.class; cn/leolezury/eternalstarlight/common/client/renderer/layer/StarlightGolemHalloweenLayer.class; cn/leolezury/eternalstarlight/common/registry/ESEntities.class; cn/leolezury/eternalstarlight/common/registry/ESItems.class; assets/eternal_starlight/textures/entity/starlight_golem/starlight_golem_cracked.png; output-es/proveniencia.json,evidence-es/eternalstarlight-0.9.0+1.21.1+neoforge.jar::data/eternal_starlight/loot_table/bosses/starlight_golem.json; evidence-es/decompiled-full/cn/leolezury/eternalstarlight/common/entity/living/boss/golem/StarlightGolem.java; evidence-es/decompiled-full/cn/leolezury/eternalstarlight/common/registry/ESItems.java; registros-usos-itens.json#eternal_starlight:oxidized_golem_steel_ingot,/bestiary/receitas/es.html#receita-golem-steel-crate | [Receita golem_steel_crate](lote-final-2026-10-06/es-cards-2026-10-06.md#receita-golem-steel-crate) — data/eternal_starlight/recipe/golem_steel_crate.json; [Receita golem_steel_ingot_blasting_from_oxidized_golem_steel_ingot](lote-final-2026-10-06/es-cards-2026-10-06.md#receita-golem-steel-ingot-blasting-from-oxidized-golem-steel-ingot) — data/eternal_starlight/recipe/golem_steel_ingot_blasting_from_oxidized_golem_steel_ingot.json; [Receita golem_steel_ingot_smelting_from_oxidized_golem_steel_ingot](lote-final-2026-10-06/es-cards-2026-10-06.md#receita-golem-steel-ingot-smelting-from-oxidized-golem-steel-ingot) — data/eternal_starlight/recipe/golem_steel_ingot_smelting_from_oxidized_golem_steel_ingot.json; [Receita oxidized_golem_steel_bars](lote-final-2026-10-06/es-cards-2026-10-06.md#receita-oxidized-golem-steel-bars) — data/eternal_starlight/recipe/oxidized_golem_steel_bars.json; [Receita oxidized_golem_steel_block](lote-final-2026-10-06/es-cards-2026-10-06.md#receita-oxidized-golem-steel-block) — data/eternal_starlight/recipe/oxidized_golem_steel_block.json; [Receita oxidized_golem_steel_nugget](lote-final-2026-10-06/es-cards-2026-10-06.md#receita-oxidized-golem-steel-nugget) — data/eternal_starlight/recipe/oxidized_golem_steel_nugget.json
Starlight Golem,Eternal Starlight,"Chefe de encontro; alvos: Player, AbstractVillager, IronGolem",Rotas ativas de criação/spawner: evidence-es/decompiled-full/cn/leolezury/eternalstarlight/common/block/entity/spawner/StarlightGolemSpawnerBlockEntity.java; Templates com bloco gerador: data/eternal_starlight/structure/golem_forge/room/boss.nbt; ,Conteúdo baú/bolsa de chefe,eternal_starlight:forge_armor_trim_smithing_template,1,"doMobLoot=true; ao remove(KILLED), ESBoss registra participantes. enableLootChest+participantes+posição substituível gera LootChest com acesso individual; senão LootBag1 por participante vivo presente na mesma dimensão; sem participante presente, LootBag fallback1. Não somar baú e bolsa. ChallengeCounts passa ao contexto de loot.; pool3: 1 sorteio(s); reposição se múltiplos rolls; peso bruto 1/1; normaliza apenas entradas elegíveis","Ingrediente nas receitas auditadas: {'count': 2, 'id': 'eternal_starlight:forge_armor_trim_smithing_template'}, forge_armor_trim_smithing_template_smithing_trim",Alta nos arquivos versionados; configurações/datapacks externos não confirmados,/images/bestiary/audited/es/starlight-golem-normal.png,cn/leolezury/eternalstarlight/common/client/model/entity/StarlightGolemModel.class; cn/leolezury/eternalstarlight/common/client/renderer/entity/StarlightGolemRenderer.class; assets/eternal_starlight/textures/entity/starlight_golem/starlight_golem.png; assets/eternal_starlight/textures/entity/starlight_golem/starlight_golem_eyes.png; cn/leolezury/eternalstarlight/common/client/handler/ESClientSetupHandler.class; cn/leolezury/eternalstarlight/common/client/renderer/layer/StarlightGolemEyesLayer.class; cn/leolezury/eternalstarlight/common/client/renderer/layer/StarlightGolemGlowLayer.class; cn/leolezury/eternalstarlight/common/client/renderer/layer/StarlightGolemHalloweenLayer.class; cn/leolezury/eternalstarlight/common/registry/ESEntities.class; cn/leolezury/eternalstarlight/common/registry/ESItems.class; assets/eternal_starlight/textures/entity/starlight_golem/starlight_golem_cracked.png; output-es/proveniencia.json,evidence-es/eternalstarlight-0.9.0+1.21.1+neoforge.jar::data/eternal_starlight/loot_table/bosses/starlight_golem.json; evidence-es/decompiled-full/cn/leolezury/eternalstarlight/common/entity/living/boss/golem/StarlightGolem.java; evidence-es/decompiled-full/cn/leolezury/eternalstarlight/common/registry/ESItems.java; registros-usos-itens.json#eternal_starlight:forge_armor_trim_smithing_template,/bestiary/receitas/es.html#receita-forge-armor-trim-smithing-template | [Receita forge_armor_trim_smithing_template](lote-final-2026-10-06/es-cards-2026-10-06.md#receita-forge-armor-trim-smithing-template) — data/eternal_starlight/recipe/forge_armor_trim_smithing_template.json; [Receita forge_armor_trim_smithing_template_smithing_trim](lote-final-2026-10-06/es-cards-2026-10-06.md#receita-forge-armor-trim-smithing-template-smithing-trim) — data/eternal_starlight/recipe/forge_armor_trim_smithing_template_smithing_trim.json
Starlight Golem,Eternal Starlight,"Chefe de encontro; alvos: Player, AbstractVillager, IronGolem",Rotas ativas de criação/spawner: evidence-es/decompiled-full/cn/leolezury/eternalstarlight/common/block/entity/spawner/StarlightGolemSpawnerBlockEntity.java; Templates com bloco gerador: data/eternal_starlight/structure/golem_forge/room/boss.nbt; ,Conteúdo baú/bolsa de chefe,eternal_starlight:oxidized_alloy_furnace,1,"doMobLoot=true; ao remove(KILLED), ESBoss registra participantes. enableLootChest+participantes+posição substituível gera LootChest com acesso individual; senão LootBag1 por participante vivo presente na mesma dimensão; sem participante presente, LootBag fallback1. Não somar baú e bolsa. ChallengeCounts passa ao contexto de loot.; pool4: 1 sorteio(s); reposição se múltiplos rolls; peso bruto 1/1; normaliza apenas entradas elegíveis","Colocar o bloco correspondente; construção/uso do bloco conforme registro: public static final RegistryObject<Item, Item> OXIDIZED_ALLOY_FURNACE = ITEMS.register(""oxidized_alloy_furnace"", () -> new BlockItem((Block)ESBlocks.OXIDIZED_ALLOY_FURNACE.get(), new Item.Properties()));",Alta no recurso/registro/classe citados; condições efetivas do pack não confirmadas,/images/bestiary/audited/es/starlight-golem-normal.png,cn/leolezury/eternalstarlight/common/client/model/entity/StarlightGolemModel.class; cn/leolezury/eternalstarlight/common/client/renderer/entity/StarlightGolemRenderer.class; assets/eternal_starlight/textures/entity/starlight_golem/starlight_golem.png; assets/eternal_starlight/textures/entity/starlight_golem/starlight_golem_eyes.png; cn/leolezury/eternalstarlight/common/client/handler/ESClientSetupHandler.class; cn/leolezury/eternalstarlight/common/client/renderer/layer/StarlightGolemEyesLayer.class; cn/leolezury/eternalstarlight/common/client/renderer/layer/StarlightGolemGlowLayer.class; cn/leolezury/eternalstarlight/common/client/renderer/layer/StarlightGolemHalloweenLayer.class; cn/leolezury/eternalstarlight/common/registry/ESEntities.class; cn/leolezury/eternalstarlight/common/registry/ESItems.class; assets/eternal_starlight/textures/entity/starlight_golem/starlight_golem_cracked.png; output-es/proveniencia.json,evidence-es/eternalstarlight-0.9.0+1.21.1+neoforge.jar::data/eternal_starlight/loot_table/bosses/starlight_golem.json; evidence-es/decompiled-full/cn/leolezury/eternalstarlight/common/entity/living/boss/golem/StarlightGolem.java; evidence-es/decompiled-full/cn/leolezury/eternalstarlight/common/registry/ESItems.java; registros-usos-itens.json#eternal_starlight:oxidized_alloy_furnace,Não aplicável: uso direto ou nenhuma receita identificada na build
Starlight Golem,Eternal Starlight,"Chefe de encontro; alvos: Player, AbstractVillager, IronGolem",Rotas ativas de criação/spawner: evidence-es/decompiled-full/cn/leolezury/eternalstarlight/common/block/entity/spawner/StarlightGolemSpawnerBlockEntity.java; Templates com bloco gerador: data/eternal_starlight/structure/golem_forge/room/boss.nbt; ,Conteúdo baú/bolsa de chefe,eternal_starlight:energy_sword,1,"doMobLoot=true; ao remove(KILLED), ESBoss registra participantes. enableLootChest+participantes+posição substituível gera LootChest com acesso individual; senão LootBag1 por participante vivo presente na mesma dimensão; sem participante presente, LootBag fallback1. Não somar baú e bolsa. ChallengeCounts passa ao contexto de loot.; pool5: 1 sorteio(s); reposição se múltiplos rolls; chance 75%; peso bruto 1/1; normaliza apenas entradas elegíveis","Arma/projétil conforme classe EnergySwordItem; uso, dano e efeitos definidos na classe original citada no apêndice de usos",Alta no recurso/registro/classe citados; condições efetivas do pack não confirmadas,/images/bestiary/audited/es/starlight-golem-normal.png,cn/leolezury/eternalstarlight/common/client/model/entity/StarlightGolemModel.class; cn/leolezury/eternalstarlight/common/client/renderer/entity/StarlightGolemRenderer.class; assets/eternal_starlight/textures/entity/starlight_golem/starlight_golem.png; assets/eternal_starlight/textures/entity/starlight_golem/starlight_golem_eyes.png; cn/leolezury/eternalstarlight/common/client/handler/ESClientSetupHandler.class; cn/leolezury/eternalstarlight/common/client/renderer/layer/StarlightGolemEyesLayer.class; cn/leolezury/eternalstarlight/common/client/renderer/layer/StarlightGolemGlowLayer.class; cn/leolezury/eternalstarlight/common/client/renderer/layer/StarlightGolemHalloweenLayer.class; cn/leolezury/eternalstarlight/common/registry/ESEntities.class; cn/leolezury/eternalstarlight/common/registry/ESItems.class; assets/eternal_starlight/textures/entity/starlight_golem/starlight_golem_cracked.png; output-es/proveniencia.json,evidence-es/eternalstarlight-0.9.0+1.21.1+neoforge.jar::data/eternal_starlight/loot_table/bosses/starlight_golem.json; evidence-es/decompiled-full/cn/leolezury/eternalstarlight/common/entity/living/boss/golem/StarlightGolem.java; evidence-es/decompiled-full/cn/leolezury/eternalstarlight/common/registry/ESItems.java; registros-usos-itens.json#eternal_starlight:energy_sword,Não aplicável: uso direto ou nenhuma receita identificada na build
Starlight Golem,Eternal Starlight,"Chefe de encontro; alvos: Player, AbstractVillager, IronGolem",Rotas ativas de criação/spawner: evidence-es/decompiled-full/cn/leolezury/eternalstarlight/common/block/entity/spawner/StarlightGolemSpawnerBlockEntity.java; Templates com bloco gerador: data/eternal_starlight/structure/golem_forge/room/boss.nbt; ,Conteúdo baú/bolsa de chefe,eternal_starlight:music_disc_mechanical_fossil,1,"doMobLoot=true; ao remove(KILLED), ESBoss registra participantes. enableLootChest+participantes+posição substituível gera LootChest com acesso individual; senão LootBag1 por participante vivo presente na mesma dimensão; sem participante presente, LootBag fallback1. Não somar baú e bolsa. ChallengeCounts passa ao contexto de loot.; pool6: 1 sorteio(s); reposição se múltiplos rolls; chance 50%; peso bruto 1/1; normaliza apenas entradas elegíveis",Disco musical da build para jukebox,Alta nos arquivos versionados; configurações/datapacks externos não confirmados,/images/bestiary/audited/es/starlight-golem-normal.png,cn/leolezury/eternalstarlight/common/client/model/entity/StarlightGolemModel.class; cn/leolezury/eternalstarlight/common/client/renderer/entity/StarlightGolemRenderer.class; assets/eternal_starlight/textures/entity/starlight_golem/starlight_golem.png; assets/eternal_starlight/textures/entity/starlight_golem/starlight_golem_eyes.png; cn/leolezury/eternalstarlight/common/client/handler/ESClientSetupHandler.class; cn/leolezury/eternalstarlight/common/client/renderer/layer/StarlightGolemEyesLayer.class; cn/leolezury/eternalstarlight/common/client/renderer/layer/StarlightGolemGlowLayer.class; cn/leolezury/eternalstarlight/common/client/renderer/layer/StarlightGolemHalloweenLayer.class; cn/leolezury/eternalstarlight/common/registry/ESEntities.class; cn/leolezury/eternalstarlight/common/registry/ESItems.class; assets/eternal_starlight/textures/entity/starlight_golem/starlight_golem_cracked.png; output-es/proveniencia.json,evidence-es/eternalstarlight-0.9.0+1.21.1+neoforge.jar::data/eternal_starlight/loot_table/bosses/starlight_golem.json; evidence-es/decompiled-full/cn/leolezury/eternalstarlight/common/entity/living/boss/golem/StarlightGolem.java; evidence-es/decompiled-full/cn/leolezury/eternalstarlight/common/registry/ESItems.java; registros-usos-itens.json#eternal_starlight:music_disc_mechanical_fossil,Não aplicável: uso direto ou nenhuma receita identificada na build
Starlight Golem,Eternal Starlight,"Chefe de encontro; alvos: Player, AbstractVillager, IronGolem",Rotas ativas de criação/spawner: evidence-es/decompiled-full/cn/leolezury/eternalstarlight/common/block/entity/spawner/StarlightGolemSpawnerBlockEntity.java; Templates com bloco gerador: data/eternal_starlight/structure/golem_forge/room/boss.nbt; ,Conteúdo baú/bolsa de chefe,eternal_starlight:starlit_painting,1,"doMobLoot=true; ao remove(KILLED), ESBoss registra participantes. enableLootChest+participantes+posição substituível gera LootChest com acesso individual; senão LootBag1 por participante vivo presente na mesma dimensão; sem participante presente, LootBag fallback1. Não somar baú e bolsa. ChallengeCounts passa ao contexto de loot.; pool7: 1 sorteio(s); reposição se múltiplos rolls; chance 50%; peso bruto 1/1; normaliza apenas entradas elegíveis; componentes={""minecraft:entity_data"": {""id"": ""eternal_starlight:painting"", ""variant"": ""eternal_starlight:energized""}}",Colocar pintura; comércio entrega variante Guardian por componente ENTITY_DATA,Alta no recurso/registro/classe citados; condições efetivas do pack não confirmadas,/images/bestiary/audited/es/starlight-golem-normal.png,cn/leolezury/eternalstarlight/common/client/model/entity/StarlightGolemModel.class; cn/leolezury/eternalstarlight/common/client/renderer/entity/StarlightGolemRenderer.class; assets/eternal_starlight/textures/entity/starlight_golem/starlight_golem.png; assets/eternal_starlight/textures/entity/starlight_golem/starlight_golem_eyes.png; cn/leolezury/eternalstarlight/common/client/handler/ESClientSetupHandler.class; cn/leolezury/eternalstarlight/common/client/renderer/layer/StarlightGolemEyesLayer.class; cn/leolezury/eternalstarlight/common/client/renderer/layer/StarlightGolemGlowLayer.class; cn/leolezury/eternalstarlight/common/client/renderer/layer/StarlightGolemHalloweenLayer.class; cn/leolezury/eternalstarlight/common/registry/ESEntities.class; cn/leolezury/eternalstarlight/common/registry/ESItems.class; assets/eternal_starlight/textures/entity/starlight_golem/starlight_golem_cracked.png; output-es/proveniencia.json,evidence-es/eternalstarlight-0.9.0+1.21.1+neoforge.jar::data/eternal_starlight/loot_table/bosses/starlight_golem.json; evidence-es/decompiled-full/cn/leolezury/eternalstarlight/common/entity/living/boss/golem/StarlightGolem.java; evidence-es/decompiled-full/cn/leolezury/eternalstarlight/common/registry/ESItems.java; registros-usos-itens.json#eternal_starlight:starlit_painting,Não aplicável: uso direto ou nenhuma receita identificada na build
Lunar Monstrosity,Eternal Starlight,"Chefe de encontro; alvos: Player, AbstractVillager, IronGolem",Rotas ativas de criação/spawner: evidence-es/decompiled-full/cn/leolezury/eternalstarlight/common/block/entity/spawner/LunarMonstrositySpawnerBlockEntity.java; ,Tabela de morte vazia,Sem itens no JSON,0,Loot condicionado ao caminho de morte; herança/interações/variantes fora deste pool separadas; pools=[]; mecanismos paralelos separados,Não aplicável,Alta nos arquivos versionados; configurações/datapacks externos não confirmados,/images/bestiary/audited/es/lunar-monstrosity-phase-0.png,cn/leolezury/eternalstarlight/common/client/model/entity/LunarMonstrosityModel.class; cn/leolezury/eternalstarlight/common/client/renderer/entity/LunarMonstrosityRenderer.class; assets/eternal_starlight/textures/entity/lunar_monstrosity.png; cn/leolezury/eternalstarlight/common/client/handler/ESClientSetupHandler.class; cn/leolezury/eternalstarlight/common/registry/ESEntities.class; cn/leolezury/eternalstarlight/common/registry/ESItems.class; output-es/proveniencia.json,evidence-es/eternalstarlight-0.9.0+1.21.1+neoforge.jar::data/eternal_starlight/loot_table/entities/lunar_monstrosity.json; evidence-es/decompiled-full/cn/leolezury/eternalstarlight/common/entity/living/boss/monstrosity/LunarMonstrosity.java,Não aplicável: uso direto ou nenhuma receita identificada na build
Lunar Monstrosity,Eternal Starlight,"Chefe de encontro; alvos: Player, AbstractVillager, IronGolem",Rotas ativas de criação/spawner: evidence-es/decompiled-full/cn/leolezury/eternalstarlight/common/block/entity/spawner/LunarMonstrositySpawnerBlockEntity.java; ,Contêiner de recompensa de chefe,eternal_starlight:loot_bag,1 por elegível ou baú individual,"doMobLoot=true; ao remove(KILLED), ESBoss registra participantes. enableLootChest+participantes+posição substituível gera LootChest com acesso individual; senão LootBag1 por participante vivo presente na mesma dimensão; sem participante presente, LootBag fallback1. Não somar baú e bolsa. ChallengeCounts passa ao contexto de loot.","Abrir bolsa com componente de tabela bosses/lunar_monstrosity; consome1 e sorteia recompensas abaixo. Baú usa a mesma tabela e contexto, não segunda recompensa",Alta nos arquivos versionados; configurações/datapacks externos não confirmados,/images/bestiary/audited/es/lunar-monstrosity-phase-0.png,cn/leolezury/eternalstarlight/common/client/model/entity/LunarMonstrosityModel.class; cn/leolezury/eternalstarlight/common/client/renderer/entity/LunarMonstrosityRenderer.class; assets/eternal_starlight/textures/entity/lunar_monstrosity.png; cn/leolezury/eternalstarlight/common/client/handler/ESClientSetupHandler.class; cn/leolezury/eternalstarlight/common/registry/ESEntities.class; cn/leolezury/eternalstarlight/common/registry/ESItems.class; output-es/proveniencia.json,evidence-es/decompiled-full/cn/leolezury/eternalstarlight/common/entity/living/boss/ESBoss.java; evidence-es/decompiled-full/cn/leolezury/eternalstarlight/common/entity/living/boss/monstrosity/LunarMonstrosity.java; evidence-es/decompiled-full/cn/leolezury/eternalstarlight/common/registry/ESItems.java; registros-usos-itens.json#eternal_starlight:loot_bag,Não aplicável: uso direto ou nenhuma receita identificada na build
Lunar Monstrosity,Eternal Starlight,"Chefe de encontro; alvos: Player, AbstractVillager, IronGolem",Rotas ativas de criação/spawner: evidence-es/decompiled-full/cn/leolezury/eternalstarlight/common/block/entity/spawner/LunarMonstrositySpawnerBlockEntity.java; ,Conteúdo baú/bolsa de chefe,minecraft:coal,1–3,"doMobLoot=true; ao remove(KILLED), ESBoss registra participantes. enableLootChest+participantes+posição substituível gera LootChest com acesso individual; senão LootBag1 por participante vivo presente na mesma dimensão; sem participante presente, LootBag fallback1. Não somar baú e bolsa. ChallengeCounts passa ao contexto de loot.; pool1: 1 sorteio(s); reposição se múltiplos rolls; peso bruto 1/1; normaliza apenas entradas elegíveis; pool1: 5–8 sorteio(s); reposição se múltiplos rolls; peso bruto 75/565; normaliza apenas entradas elegíveis; set_count",Combustível e tochas,Alta nos arquivos versionados; configurações/datapacks externos não confirmados,/images/bestiary/audited/es/lunar-monstrosity-phase-0.png,cn/leolezury/eternalstarlight/common/client/model/entity/LunarMonstrosityModel.class; cn/leolezury/eternalstarlight/common/client/renderer/entity/LunarMonstrosityRenderer.class; assets/eternal_starlight/textures/entity/lunar_monstrosity.png; cn/leolezury/eternalstarlight/common/client/handler/ESClientSetupHandler.class; cn/leolezury/eternalstarlight/common/registry/ESEntities.class; cn/leolezury/eternalstarlight/common/registry/ESItems.class; output-es/proveniencia.json,evidence-es/eternalstarlight-0.9.0+1.21.1+neoforge.jar::data/eternal_starlight/loot_table/bosses/boss_common.json; evidence-es/decompiled-full/cn/leolezury/eternalstarlight/common/entity/living/boss/monstrosity/LunarMonstrosity.java,[Receitas vanilla1.21.1](lote-final-2026-10-06/receitas-vanilla.json)
Lunar Monstrosity,Eternal Starlight,"Chefe de encontro; alvos: Player, AbstractVillager, IronGolem",Rotas ativas de criação/spawner: evidence-es/decompiled-full/cn/leolezury/eternalstarlight/common/block/entity/spawner/LunarMonstrositySpawnerBlockEntity.java; ,Conteúdo baú/bolsa de chefe,minecraft:gold_ingot,1–3,"doMobLoot=true; ao remove(KILLED), ESBoss registra participantes. enableLootChest+participantes+posição substituível gera LootChest com acesso individual; senão LootBag1 por participante vivo presente na mesma dimensão; sem participante presente, LootBag fallback1. Não somar baú e bolsa. ChallengeCounts passa ao contexto de loot.; pool1: 1 sorteio(s); reposição se múltiplos rolls; peso bruto 1/1; normaliza apenas entradas elegíveis; pool1: 5–8 sorteio(s); reposição se múltiplos rolls; peso bruto 50/565; normaliza apenas entradas elegíveis; set_count","Ingrediente nas receitas auditadas: gold_from_ores, gold_from_raw_materials",Alta nos arquivos versionados; configurações/datapacks externos não confirmados,/images/bestiary/audited/es/lunar-monstrosity-phase-0.png,cn/leolezury/eternalstarlight/common/client/model/entity/LunarMonstrosityModel.class; cn/leolezury/eternalstarlight/common/client/renderer/entity/LunarMonstrosityRenderer.class; assets/eternal_starlight/textures/entity/lunar_monstrosity.png; cn/leolezury/eternalstarlight/common/client/handler/ESClientSetupHandler.class; cn/leolezury/eternalstarlight/common/registry/ESEntities.class; cn/leolezury/eternalstarlight/common/registry/ESItems.class; output-es/proveniencia.json,evidence-es/eternalstarlight-0.9.0+1.21.1+neoforge.jar::data/eternal_starlight/loot_table/bosses/boss_common.json; evidence-es/decompiled-full/cn/leolezury/eternalstarlight/common/entity/living/boss/monstrosity/LunarMonstrosity.java,/bestiary/receitas/es.html#receita-gold-from-ores | [Receita gold_from_ores](lote-final-2026-10-06/es-cards-2026-10-06.md#receita-gold-from-ores) — data/eternal_starlight/recipe/alloy/gold_from_ores.json; [Receita gold_from_raw_materials](lote-final-2026-10-06/es-cards-2026-10-06.md#receita-gold-from-raw-materials) — data/eternal_starlight/recipe/alloy/gold_from_raw_materials.json
Lunar Monstrosity,Eternal Starlight,"Chefe de encontro; alvos: Player, AbstractVillager, IronGolem",Rotas ativas de criação/spawner: evidence-es/decompiled-full/cn/leolezury/eternalstarlight/common/block/entity/spawner/LunarMonstrositySpawnerBlockEntity.java; ,Conteúdo baú/bolsa de chefe,minecraft:iron_ingot,1–3,"doMobLoot=true; ao remove(KILLED), ESBoss registra participantes. enableLootChest+participantes+posição substituível gera LootChest com acesso individual; senão LootBag1 por participante vivo presente na mesma dimensão; sem participante presente, LootBag fallback1. Não somar baú e bolsa. ChallengeCounts passa ao contexto de loot.; pool1: 1 sorteio(s); reposição se múltiplos rolls; peso bruto 1/1; normaliza apenas entradas elegíveis; pool1: 5–8 sorteio(s); reposição se múltiplos rolls; peso bruto 50/565; normaliza apenas entradas elegíveis; set_count","Ingrediente nas receitas auditadas: iron_from_ores, iron_from_raw_materials, {'count': 1, 'id': 'minecraft:blast_furnace'}, {'count': 4, 'id': 'minecraft:piston'}",Alta nos arquivos versionados; configurações/datapacks externos não confirmados,/images/bestiary/audited/es/lunar-monstrosity-phase-0.png,cn/leolezury/eternalstarlight/common/client/model/entity/LunarMonstrosityModel.class; cn/leolezury/eternalstarlight/common/client/renderer/entity/LunarMonstrosityRenderer.class; assets/eternal_starlight/textures/entity/lunar_monstrosity.png; cn/leolezury/eternalstarlight/common/client/handler/ESClientSetupHandler.class; cn/leolezury/eternalstarlight/common/registry/ESEntities.class; cn/leolezury/eternalstarlight/common/registry/ESItems.class; output-es/proveniencia.json,evidence-es/eternalstarlight-0.9.0+1.21.1+neoforge.jar::data/eternal_starlight/loot_table/bosses/boss_common.json; evidence-es/decompiled-full/cn/leolezury/eternalstarlight/common/entity/living/boss/monstrosity/LunarMonstrosity.java,/bestiary/receitas/es.html#receita-iron-from-ores | [Receita iron_from_ores](lote-final-2026-10-06/es-cards-2026-10-06.md#receita-iron-from-ores) — data/eternal_starlight/recipe/alloy/iron_from_ores.json; [Receita iron_from_raw_materials](lote-final-2026-10-06/es-cards-2026-10-06.md#receita-iron-from-raw-materials) — data/eternal_starlight/recipe/alloy/iron_from_raw_materials.json; [Receita blast_furnace_from_cinder_brick](lote-final-2026-10-06/es-cards-2026-10-06.md#receita-blast-furnace-from-cinder-brick) — data/eternal_starlight/recipe/blast_furnace_from_cinder_brick.json; [Receita piston_from_cinder_brick](lote-final-2026-10-06/es-cards-2026-10-06.md#receita-piston-from-cinder-brick) — data/eternal_starlight/recipe/piston_from_cinder_brick.json
Lunar Monstrosity,Eternal Starlight,"Chefe de encontro; alvos: Player, AbstractVillager, IronGolem",Rotas ativas de criação/spawner: evidence-es/decompiled-full/cn/leolezury/eternalstarlight/common/block/entity/spawner/LunarMonstrositySpawnerBlockEntity.java; ,Conteúdo baú/bolsa de chefe,minecraft:arrow,32–64,"doMobLoot=true; ao remove(KILLED), ESBoss registra participantes. enableLootChest+participantes+posição substituível gera LootChest com acesso individual; senão LootBag1 por participante vivo presente na mesma dimensão; sem participante presente, LootBag fallback1. Não somar baú e bolsa. ChallengeCounts passa ao contexto de loot.; pool1: 1 sorteio(s); reposição se múltiplos rolls; peso bruto 1/1; normaliza apenas entradas elegíveis; pool1: 5–8 sorteio(s); reposição se múltiplos rolls; peso bruto 50/565; normaliza apenas entradas elegíveis; set_count","Ingrediente nas receitas vanilla1.21.1: {'count': 2, 'id': 'minecraft:spectral_arrow'}",Alta nos arquivos versionados; configurações/datapacks externos não confirmados,/images/bestiary/audited/es/lunar-monstrosity-phase-0.png,cn/leolezury/eternalstarlight/common/client/model/entity/LunarMonstrosityModel.class; cn/leolezury/eternalstarlight/common/client/renderer/entity/LunarMonstrosityRenderer.class; assets/eternal_starlight/textures/entity/lunar_monstrosity.png; cn/leolezury/eternalstarlight/common/client/handler/ESClientSetupHandler.class; cn/leolezury/eternalstarlight/common/registry/ESEntities.class; cn/leolezury/eternalstarlight/common/registry/ESItems.class; output-es/proveniencia.json,evidence-es/eternalstarlight-0.9.0+1.21.1+neoforge.jar::data/eternal_starlight/loot_table/bosses/boss_common.json; evidence-es/decompiled-full/cn/leolezury/eternalstarlight/common/entity/living/boss/monstrosity/LunarMonstrosity.java,[Receitas vanilla1.21.1](lote-final-2026-10-06/receitas-vanilla.json)
Lunar Monstrosity,Eternal Starlight,"Chefe de encontro; alvos: Player, AbstractVillager, IronGolem",Rotas ativas de criação/spawner: evidence-es/decompiled-full/cn/leolezury/eternalstarlight/common/block/entity/spawner/LunarMonstrositySpawnerBlockEntity.java; ,Conteúdo baú/bolsa de chefe,minecraft:spectral_arrow,32–64,"doMobLoot=true; ao remove(KILLED), ESBoss registra participantes. enableLootChest+participantes+posição substituível gera LootChest com acesso individual; senão LootBag1 por participante vivo presente na mesma dimensão; sem participante presente, LootBag fallback1. Não somar baú e bolsa. ChallengeCounts passa ao contexto de loot.; pool1: 1 sorteio(s); reposição se múltiplos rolls; peso bruto 1/1; normaliza apenas entradas elegíveis; pool1: 5–8 sorteio(s); reposição se múltiplos rolls; peso bruto 50/565; normaliza apenas entradas elegíveis; set_count",Munição que aplica Glowing ao alvo,Alta no recurso/registro/classe citados; condições efetivas do pack não confirmadas,/images/bestiary/audited/es/lunar-monstrosity-phase-0.png,cn/leolezury/eternalstarlight/common/client/model/entity/LunarMonstrosityModel.class; cn/leolezury/eternalstarlight/common/client/renderer/entity/LunarMonstrosityRenderer.class; assets/eternal_starlight/textures/entity/lunar_monstrosity.png; cn/leolezury/eternalstarlight/common/client/handler/ESClientSetupHandler.class; cn/leolezury/eternalstarlight/common/registry/ESEntities.class; cn/leolezury/eternalstarlight/common/registry/ESItems.class; output-es/proveniencia.json,evidence-es/eternalstarlight-0.9.0+1.21.1+neoforge.jar::data/eternal_starlight/loot_table/bosses/boss_common.json; evidence-es/decompiled-full/cn/leolezury/eternalstarlight/common/entity/living/boss/monstrosity/LunarMonstrosity.java,[Receitas vanilla1.21.1](lote-final-2026-10-06/receitas-vanilla.json)
Lunar Monstrosity,Eternal Starlight,"Chefe de encontro; alvos: Player, AbstractVillager, IronGolem",Rotas ativas de criação/spawner: evidence-es/decompiled-full/cn/leolezury/eternalstarlight/common/block/entity/spawner/LunarMonstrositySpawnerBlockEntity.java; ,Conteúdo baú/bolsa de chefe,eternal_starlight:amaramber_arrow,20–32,"doMobLoot=true; ao remove(KILLED), ESBoss registra participantes. enableLootChest+participantes+posição substituível gera LootChest com acesso individual; senão LootBag1 por participante vivo presente na mesma dimensão; sem participante presente, LootBag fallback1. Não somar baú e bolsa. ChallengeCounts passa ao contexto de loot.; pool1: 1 sorteio(s); reposição se múltiplos rolls; peso bruto 1/1; normaliza apenas entradas elegíveis; pool1: 5–8 sorteio(s); reposição se múltiplos rolls; peso bruto 35/565; normaliza apenas entradas elegíveis; set_count",Munição: AmaramberArrowItem cria AmaramberArrow; efeitos definidos na entidade de flecha,Alta no recurso/registro/classe citados; condições efetivas do pack não confirmadas,/images/bestiary/audited/es/lunar-monstrosity-phase-0.png,cn/leolezury/eternalstarlight/common/client/model/entity/LunarMonstrosityModel.class; cn/leolezury/eternalstarlight/common/client/renderer/entity/LunarMonstrosityRenderer.class; assets/eternal_starlight/textures/entity/lunar_monstrosity.png; cn/leolezury/eternalstarlight/common/client/handler/ESClientSetupHandler.class; cn/leolezury/eternalstarlight/common/registry/ESEntities.class; cn/leolezury/eternalstarlight/common/registry/ESItems.class; output-es/proveniencia.json,evidence-es/eternalstarlight-0.9.0+1.21.1+neoforge.jar::data/eternal_starlight/loot_table/bosses/boss_common.json; evidence-es/decompiled-full/cn/leolezury/eternalstarlight/common/entity/living/boss/monstrosity/LunarMonstrosity.java; evidence-es/decompiled-full/cn/leolezury/eternalstarlight/common/registry/ESItems.java; registros-usos-itens.json#eternal_starlight:amaramber_arrow,Não aplicável: uso direto ou nenhuma receita identificada na build
Lunar Monstrosity,Eternal Starlight,"Chefe de encontro; alvos: Player, AbstractVillager, IronGolem",Rotas ativas de criação/spawner: evidence-es/decompiled-full/cn/leolezury/eternalstarlight/common/block/entity/spawner/LunarMonstrositySpawnerBlockEntity.java; ,Conteúdo baú/bolsa de chefe,eternal_starlight:seeking_eye,1–3,"doMobLoot=true; ao remove(KILLED), ESBoss registra participantes. enableLootChest+participantes+posição substituível gera LootChest com acesso individual; senão LootBag1 por participante vivo presente na mesma dimensão; sem participante presente, LootBag fallback1. Não somar baú e bolsa. ChallengeCounts passa ao contexto de loot.; pool1: 1 sorteio(s); reposição se múltiplos rolls; peso bruto 1/1; normaliza apenas entradas elegíveis; pool1: 5–8 sorteio(s); reposição se múltiplos rolls; peso bruto 75/565; normaliza apenas entradas elegíveis; set_count","Ingrediente nas receitas auditadas: {'count': 4, 'id': 'eternal_starlight:etheric_eye'}",Alta nos arquivos versionados; configurações/datapacks externos não confirmados,/images/bestiary/audited/es/lunar-monstrosity-phase-0.png,cn/leolezury/eternalstarlight/common/client/model/entity/LunarMonstrosityModel.class; cn/leolezury/eternalstarlight/common/client/renderer/entity/LunarMonstrosityRenderer.class; assets/eternal_starlight/textures/entity/lunar_monstrosity.png; cn/leolezury/eternalstarlight/common/client/handler/ESClientSetupHandler.class; cn/leolezury/eternalstarlight/common/registry/ESEntities.class; cn/leolezury/eternalstarlight/common/registry/ESItems.class; output-es/proveniencia.json,evidence-es/eternalstarlight-0.9.0+1.21.1+neoforge.jar::data/eternal_starlight/loot_table/bosses/boss_common.json; evidence-es/decompiled-full/cn/leolezury/eternalstarlight/common/entity/living/boss/monstrosity/LunarMonstrosity.java; evidence-es/decompiled-full/cn/leolezury/eternalstarlight/common/registry/ESItems.java; registros-usos-itens.json#eternal_starlight:seeking_eye,/bestiary/receitas/es.html#receita-etheric-eye | [Receita etheric_eye](lote-final-2026-10-06/es-cards-2026-10-06.md#receita-etheric-eye) — data/eternal_starlight/recipe/etheric_eye.json
Lunar Monstrosity,Eternal Starlight,"Chefe de encontro; alvos: Player, AbstractVillager, IronGolem",Rotas ativas de criação/spawner: evidence-es/decompiled-full/cn/leolezury/eternalstarlight/common/block/entity/spawner/LunarMonstrositySpawnerBlockEntity.java; ,Conteúdo baú/bolsa de chefe,eternal_starlight:lunar_berries,1–3,"doMobLoot=true; ao remove(KILLED), ESBoss registra participantes. enableLootChest+participantes+posição substituível gera LootChest com acesso individual; senão LootBag1 por participante vivo presente na mesma dimensão; sem participante presente, LootBag fallback1. Não somar baú e bolsa. ChallengeCounts passa ao contexto de loot.; pool1: 1 sorteio(s); reposição se múltiplos rolls; peso bruto 1/1; normaliza apenas entradas elegíveis; pool1: 5–8 sorteio(s); reposição se múltiplos rolls; peso bruto 75/565; normaliza apenas entradas elegíveis; set_count","Ingrediente nas receitas auditadas: {'count': 1, 'id': 'eternal_starlight:crinoa_ball'}",Alta nos arquivos versionados; configurações/datapacks externos não confirmados,/images/bestiary/audited/es/lunar-monstrosity-phase-0.png,cn/leolezury/eternalstarlight/common/client/model/entity/LunarMonstrosityModel.class; cn/leolezury/eternalstarlight/common/client/renderer/entity/LunarMonstrosityRenderer.class; assets/eternal_starlight/textures/entity/lunar_monstrosity.png; cn/leolezury/eternalstarlight/common/client/handler/ESClientSetupHandler.class; cn/leolezury/eternalstarlight/common/registry/ESEntities.class; cn/leolezury/eternalstarlight/common/registry/ESItems.class; output-es/proveniencia.json,evidence-es/eternalstarlight-0.9.0+1.21.1+neoforge.jar::data/eternal_starlight/loot_table/bosses/boss_common.json; evidence-es/decompiled-full/cn/leolezury/eternalstarlight/common/entity/living/boss/monstrosity/LunarMonstrosity.java; evidence-es/decompiled-full/cn/leolezury/eternalstarlight/common/registry/ESItems.java; registros-usos-itens.json#eternal_starlight:lunar_berries,/bestiary/receitas/es.html#receita-lunar-crystal | [Receita lunar_crystal](lote-final-2026-10-06/es-cards-2026-10-06.md#receita-lunar-crystal) — data/eternal_starlight/recipe/lunar_crystal.json; [Receita crinoa_ball](lote-final-2026-10-06/es-cards-2026-10-06.md#receita-crinoa-ball) — data/eternal_starlight/recipe/shapeless/crinoa_ball.json
Lunar Monstrosity,Eternal Starlight,"Chefe de encontro; alvos: Player, AbstractVillager, IronGolem",Rotas ativas de criação/spawner: evidence-es/decompiled-full/cn/leolezury/eternalstarlight/common/block/entity/spawner/LunarMonstrositySpawnerBlockEntity.java; ,Conteúdo baú/bolsa de chefe,eternal_starlight:deepsilver_ingot,1–2,"doMobLoot=true; ao remove(KILLED), ESBoss registra participantes. enableLootChest+participantes+posição substituível gera LootChest com acesso individual; senão LootBag1 por participante vivo presente na mesma dimensão; sem participante presente, LootBag fallback1. Não somar baú e bolsa. ChallengeCounts passa ao contexto de loot.; pool1: 1 sorteio(s); reposição se múltiplos rolls; peso bruto 1/1; normaliza apenas entradas elegíveis; pool1: 5–8 sorteio(s); reposição se múltiplos rolls; peso bruto 30/565; normaliza apenas entradas elegíveis; set_count","Ingrediente nas receitas auditadas: deepsilver_from_ores, deepsilver_from_raw_materials, {'count': 16, 'id': 'eternal_starlight:deepsilver_bars'}, {'count': 1, 'id': 'eternal_starlight:deepsilver_block'}, {'count': 9, 'id': 'eternal_starlight:deepsilver_nugget'}, {'count': 1, 'id': 'eternal_starlight:golem_steel_crate'}, {'count': 1, 'id': 'eternal_starlight:silver_pungency_fruit'}",Alta nos arquivos versionados; configurações/datapacks externos não confirmados,/images/bestiary/audited/es/lunar-monstrosity-phase-0.png,cn/leolezury/eternalstarlight/common/client/model/entity/LunarMonstrosityModel.class; cn/leolezury/eternalstarlight/common/client/renderer/entity/LunarMonstrosityRenderer.class; assets/eternal_starlight/textures/entity/lunar_monstrosity.png; cn/leolezury/eternalstarlight/common/client/handler/ESClientSetupHandler.class; cn/leolezury/eternalstarlight/common/registry/ESEntities.class; cn/leolezury/eternalstarlight/common/registry/ESItems.class; output-es/proveniencia.json,evidence-es/eternalstarlight-0.9.0+1.21.1+neoforge.jar::data/eternal_starlight/loot_table/bosses/boss_common.json; evidence-es/decompiled-full/cn/leolezury/eternalstarlight/common/entity/living/boss/monstrosity/LunarMonstrosity.java; evidence-es/decompiled-full/cn/leolezury/eternalstarlight/common/registry/ESItems.java; registros-usos-itens.json#eternal_starlight:deepsilver_ingot,/bestiary/receitas/es.html#receita-deepsilver-from-ores | [Receita deepsilver_from_ores](lote-final-2026-10-06/es-cards-2026-10-06.md#receita-deepsilver-from-ores) — data/eternal_starlight/recipe/alloy/deepsilver_from_ores.json; [Receita deepsilver_from_raw_materials](lote-final-2026-10-06/es-cards-2026-10-06.md#receita-deepsilver-from-raw-materials) — data/eternal_starlight/recipe/alloy/deepsilver_from_raw_materials.json; [Receita golem_steel](lote-final-2026-10-06/es-cards-2026-10-06.md#receita-golem-steel) — data/eternal_starlight/recipe/alloy/golem_steel.json; [Receita unrealium](lote-final-2026-10-06/es-cards-2026-10-06.md#receita-unrealium) — data/eternal_starlight/recipe/alloy/unrealium.json; [Receita blooming_armor_trim_smithing_template_smithing_trim](lote-final-2026-10-06/es-cards-2026-10-06.md#receita-blooming-armor-trim-smithing-template-smithing-trim) — data/eternal_starlight/recipe/blooming_armor_trim_smithing_template_smithing_trim.json; [Receita bucket_from_deepsilver_ingot](lote-final-2026-10-06/es-cards-2026-10-06.md#receita-bucket-from-deepsilver-ingot) — data/eternal_starlight/recipe/bucket_from_deepsilver_ingot.json; [Receita cauldron_from_deepsilver_ingot](lote-final-2026-10-06/es-cards-2026-10-06.md#receita-cauldron-from-deepsilver-ingot) — data/eternal_starlight/recipe/cauldron_from_deepsilver_ingot.json; [Receita crescent_spear](lote-final-2026-10-06/es-cards-2026-10-06.md#receita-crescent-spear) — data/eternal_starlight/recipe/crescent_spear.json; [Receita deepsilver_axe](lote-final-2026-10-06/es-cards-2026-10-06.md#receita-deepsilver-axe) — data/eternal_starlight/recipe/deepsilver_axe.json; [Receita deepsilver_bars](lote-final-2026-10-06/es-cards-2026-10-06.md#receita-deepsilver-bars) — data/eternal_starlight/recipe/deepsilver_bars.json; [Receita deepsilver_block](lote-final-2026-10-06/es-cards-2026-10-06.md#receita-deepsilver-block) — data/eternal_starlight/recipe/deepsilver_block.json; [Receita deepsilver_boots](lote-final-2026-10-06/es-cards-2026-10-06.md#receita-deepsilver-boots) — data/eternal_starlight/recipe/deepsilver_boots.json; [Receita deepsilver_brush](lote-final-2026-10-06/es-cards-2026-10-06.md#receita-deepsilver-brush) — data/eternal_starlight/recipe/deepsilver_brush.json; [Receita deepsilver_chestplate](lote-final-2026-10-06/es-cards-2026-10-06.md#receita-deepsilver-chestplate) — data/eternal_starlight/recipe/deepsilver_chestplate.json; [Receita deepsilver_helmet](lote-final-2026-10-06/es-cards-2026-10-06.md#receita-deepsilver-helmet) — data/eternal_starlight/recipe/deepsilver_helmet.json; [Receita deepsilver_hoe](lote-final-2026-10-06/es-cards-2026-10-06.md#receita-deepsilver-hoe) — data/eternal_starlight/recipe/deepsilver_hoe.json; [Receita deepsilver_leggings](lote-final-2026-10-06/es-cards-2026-10-06.md#receita-deepsilver-leggings) — data/eternal_starlight/recipe/deepsilver_leggings.json; [Receita deepsilver_nugget](lote-final-2026-10-06/es-cards-2026-10-06.md#receita-deepsilver-nugget) — data/eternal_starlight/recipe/deepsilver_nugget.json; [Receita deepsilver_pickaxe](lote-final-2026-10-06/es-cards-2026-10-06.md#receita-deepsilver-pickaxe) — data/eternal_starlight/recipe/deepsilver_pickaxe.json; [Receita deepsilver_shovel](lote-final-2026-10-06/es-cards-2026-10-06.md#receita-deepsilver-shovel) — data/eternal_starlight/recipe/deepsilver_shovel.json; [Receita deepsilver_sickle](lote-final-2026-10-06/es-cards-2026-10-06.md#receita-deepsilver-sickle) — data/eternal_starlight/recipe/deepsilver_sickle.json; [Receita deepsilver_sword](lote-final-2026-10-06/es-cards-2026-10-06.md#receita-deepsilver-sword) — data/eternal_starlight/recipe/deepsilver_sword.json; [Receita forge_armor_trim_smithing_template](lote-final-2026-10-06/es-cards-2026-10-06.md#receita-forge-armor-trim-smithing-template) — data/eternal_starlight/recipe/forge_armor_trim_smithing_template.json; [Receita forge_armor_trim_smithing_template_smithing_trim](lote-final-2026-10-06/es-cards-2026-10-06.md#receita-forge-armor-trim-smithing-template-smithing-trim) — data/eternal_starlight/recipe/forge_armor_trim_smithing_template_smithing_trim.json; [Receita golem_steel_crate](lote-final-2026-10-06/es-cards-2026-10-06.md#receita-golem-steel-crate) — data/eternal_starlight/recipe/golem_steel_crate.json; [Receita keeper_armor_trim_smithing_template](lote-final-2026-10-06/es-cards-2026-10-06.md#receita-keeper-armor-trim-smithing-template) — data/eternal_starlight/recipe/keeper_armor_trim_smithing_template.json; [Receita keeper_armor_trim_smithing_template_smithing_trim](lote-final-2026-10-06/es-cards-2026-10-06.md#receita-keeper-armor-trim-smithing-template-smithing-trim) — data/eternal_starlight/recipe/keeper_armor_trim_smithing_template_smithing_trim.json; [Receita shears_from_deepsilver_ingot](lote-final-2026-10-06/es-cards-2026-10-06.md#receita-shears-from-deepsilver-ingot) — data/eternal_starlight/recipe/shears_from_deepsilver_ingot.json; [Receita shield_from_deepsilver_ingot](lote-final-2026-10-06/es-cards-2026-10-06.md#receita-shield-from-deepsilver-ingot) — data/eternal_starlight/recipe/shield_from_deepsilver_ingot.json; [Receita silver_pungency_fruit](lote-final-2026-10-06/es-cards-2026-10-06.md#receita-silver-pungency-fruit) — data/eternal_starlight/recipe/silver_pungency_fruit.json; [Receita tripwire_hook_from_deepsilver_ingot](lote-final-2026-10-06/es-cards-2026-10-06.md#receita-tripwire-hook-from-deepsilver-ingot) — data/eternal_starlight/recipe/tripwire_hook_from_deepsilver_ingot.json; [Receita twining_armor_trim_smithing_template_smithing_trim](lote-final-2026-10-06/es-cards-2026-10-06.md#receita-twining-armor-trim-smithing-template-smithing-trim) — data/eternal_starlight/recipe/twining_armor_trim_smithing_template_smithing_trim.json
Lunar Monstrosity,Eternal Starlight,"Chefe de encontro; alvos: Player, AbstractVillager, IronGolem",Rotas ativas de criação/spawner: evidence-es/decompiled-full/cn/leolezury/eternalstarlight/common/block/entity/spawner/LunarMonstrositySpawnerBlockEntity.java; ,Conteúdo baú/bolsa de chefe,eternal_starlight:thermal_springstone_ingot,1–2,"doMobLoot=true; ao remove(KILLED), ESBoss registra participantes. enableLootChest+participantes+posição substituível gera LootChest com acesso individual; senão LootBag1 por participante vivo presente na mesma dimensão; sem participante presente, LootBag fallback1. Não somar baú e bolsa. ChallengeCounts passa ao contexto de loot.; pool1: 1 sorteio(s); reposição se múltiplos rolls; peso bruto 1/1; normaliza apenas entradas elegíveis; pool1: 5–8 sorteio(s); reposição se múltiplos rolls; peso bruto 30/565; normaliza apenas entradas elegíveis; set_count",Ingrediente registrado; receitas/tag-consumers no crafting; demais habilidades não atribuídas,Alta no recurso/registro/classe citados; condições efetivas do pack não confirmadas,/images/bestiary/audited/es/lunar-monstrosity-phase-0.png,cn/leolezury/eternalstarlight/common/client/model/entity/LunarMonstrosityModel.class; cn/leolezury/eternalstarlight/common/client/renderer/entity/LunarMonstrosityRenderer.class; assets/eternal_starlight/textures/entity/lunar_monstrosity.png; cn/leolezury/eternalstarlight/common/client/handler/ESClientSetupHandler.class; cn/leolezury/eternalstarlight/common/registry/ESEntities.class; cn/leolezury/eternalstarlight/common/registry/ESItems.class; output-es/proveniencia.json,evidence-es/eternalstarlight-0.9.0+1.21.1+neoforge.jar::data/eternal_starlight/loot_table/bosses/boss_common.json; evidence-es/decompiled-full/cn/leolezury/eternalstarlight/common/entity/living/boss/monstrosity/LunarMonstrosity.java; evidence-es/decompiled-full/cn/leolezury/eternalstarlight/common/registry/ESItems.java; registros-usos-itens.json#eternal_starlight:thermal_springstone_ingot,/bestiary/receitas/es.html#receita-blaze-crystal | [Receita blaze_crystal](lote-final-2026-10-06/es-cards-2026-10-06.md#receita-blaze-crystal) — data/eternal_starlight/recipe/blaze_crystal.json; [Receita blooming_armor_trim_smithing_template_smithing_trim](lote-final-2026-10-06/es-cards-2026-10-06.md#receita-blooming-armor-trim-smithing-template-smithing-trim) — data/eternal_starlight/recipe/blooming_armor_trim_smithing_template_smithing_trim.json; [Receita forge_armor_trim_smithing_template_smithing_trim](lote-final-2026-10-06/es-cards-2026-10-06.md#receita-forge-armor-trim-smithing-template-smithing-trim) — data/eternal_starlight/recipe/forge_armor_trim_smithing_template_smithing_trim.json; [Receita keeper_armor_trim_smithing_template_smithing_trim](lote-final-2026-10-06/es-cards-2026-10-06.md#receita-keeper-armor-trim-smithing-template-smithing-trim) — data/eternal_starlight/recipe/keeper_armor_trim_smithing_template_smithing_trim.json; [Receita starfire_upgrade_smithing_template](lote-final-2026-10-06/es-cards-2026-10-06.md#receita-starfire-upgrade-smithing-template) — data/eternal_starlight/recipe/starfire_upgrade_smithing_template.json; [Receita thermal_springstone_axe](lote-final-2026-10-06/es-cards-2026-10-06.md#receita-thermal-springstone-axe) — data/eternal_starlight/recipe/thermal_springstone_axe.json; [Receita thermal_springstone_boots](lote-final-2026-10-06/es-cards-2026-10-06.md#receita-thermal-springstone-boots) — data/eternal_starlight/recipe/thermal_springstone_boots.json; [Receita thermal_springstone_chestplate](lote-final-2026-10-06/es-cards-2026-10-06.md#receita-thermal-springstone-chestplate) — data/eternal_starlight/recipe/thermal_springstone_chestplate.json; [Receita thermal_springstone_hammer](lote-final-2026-10-06/es-cards-2026-10-06.md#receita-thermal-springstone-hammer) — data/eternal_starlight/recipe/thermal_springstone_hammer.json; [Receita thermal_springstone_helmet](lote-final-2026-10-06/es-cards-2026-10-06.md#receita-thermal-springstone-helmet) — data/eternal_starlight/recipe/thermal_springstone_helmet.json; [Receita thermal_springstone_hoe](lote-final-2026-10-06/es-cards-2026-10-06.md#receita-thermal-springstone-hoe) — data/eternal_starlight/recipe/thermal_springstone_hoe.json; [Receita thermal_springstone_leggings](lote-final-2026-10-06/es-cards-2026-10-06.md#receita-thermal-springstone-leggings) — data/eternal_starlight/recipe/thermal_springstone_leggings.json; [Receita thermal_springstone_pickaxe](lote-final-2026-10-06/es-cards-2026-10-06.md#receita-thermal-springstone-pickaxe) — data/eternal_starlight/recipe/thermal_springstone_pickaxe.json; [Receita thermal_springstone_scythe](lote-final-2026-10-06/es-cards-2026-10-06.md#receita-thermal-springstone-scythe) — data/eternal_starlight/recipe/thermal_springstone_scythe.json; [Receita thermal_springstone_shovel](lote-final-2026-10-06/es-cards-2026-10-06.md#receita-thermal-springstone-shovel) — data/eternal_starlight/recipe/thermal_springstone_shovel.json; [Receita thermal_springstone_sword](lote-final-2026-10-06/es-cards-2026-10-06.md#receita-thermal-springstone-sword) — data/eternal_starlight/recipe/thermal_springstone_sword.json; [Receita twining_armor_trim_smithing_template_smithing_trim](lote-final-2026-10-06/es-cards-2026-10-06.md#receita-twining-armor-trim-smithing-template-smithing-trim) — data/eternal_starlight/recipe/twining_armor_trim_smithing_template_smithing_trim.json
Lunar Monstrosity,Eternal Starlight,"Chefe de encontro; alvos: Player, AbstractVillager, IronGolem",Rotas ativas de criação/spawner: evidence-es/decompiled-full/cn/leolezury/eternalstarlight/common/block/entity/spawner/LunarMonstrositySpawnerBlockEntity.java; ,Conteúdo baú/bolsa de chefe,eternal_starlight:glacite_shard,1–2,"doMobLoot=true; ao remove(KILLED), ESBoss registra participantes. enableLootChest+participantes+posição substituível gera LootChest com acesso individual; senão LootBag1 por participante vivo presente na mesma dimensão; sem participante presente, LootBag fallback1. Não somar baú e bolsa. ChallengeCounts passa ao contexto de loot.; pool1: 1 sorteio(s); reposição se múltiplos rolls; peso bruto 1/1; normaliza apenas entradas elegíveis; pool1: 5–8 sorteio(s); reposição se múltiplos rolls; peso bruto 30/565; normaliza apenas entradas elegíveis; set_count","Ingrediente nas receitas auditadas: {'count': 1, 'id': 'eternal_starlight:glacite_block'}",Alta nos arquivos versionados; configurações/datapacks externos não confirmados,/images/bestiary/audited/es/lunar-monstrosity-phase-0.png,cn/leolezury/eternalstarlight/common/client/model/entity/LunarMonstrosityModel.class; cn/leolezury/eternalstarlight/common/client/renderer/entity/LunarMonstrosityRenderer.class; assets/eternal_starlight/textures/entity/lunar_monstrosity.png; cn/leolezury/eternalstarlight/common/client/handler/ESClientSetupHandler.class; cn/leolezury/eternalstarlight/common/registry/ESEntities.class; cn/leolezury/eternalstarlight/common/registry/ESItems.class; output-es/proveniencia.json,evidence-es/eternalstarlight-0.9.0+1.21.1+neoforge.jar::data/eternal_starlight/loot_table/bosses/boss_common.json; evidence-es/decompiled-full/cn/leolezury/eternalstarlight/common/entity/living/boss/monstrosity/LunarMonstrosity.java; evidence-es/decompiled-full/cn/leolezury/eternalstarlight/common/registry/ESItems.java; registros-usos-itens.json#eternal_starlight:glacite_shard,/bestiary/receitas/es.html#receita-blooming-armor-trim-smithing-template-smithing-trim | [Receita blooming_armor_trim_smithing_template_smithing_trim](lote-final-2026-10-06/es-cards-2026-10-06.md#receita-blooming-armor-trim-smithing-template-smithing-trim) — data/eternal_starlight/recipe/blooming_armor_trim_smithing_template_smithing_trim.json; [Receita flowglaze_upgrade_smithing_template](lote-final-2026-10-06/es-cards-2026-10-06.md#receita-flowglaze-upgrade-smithing-template) — data/eternal_starlight/recipe/flowglaze_upgrade_smithing_template.json; [Receita forge_armor_trim_smithing_template_smithing_trim](lote-final-2026-10-06/es-cards-2026-10-06.md#receita-forge-armor-trim-smithing-template-smithing-trim) — data/eternal_starlight/recipe/forge_armor_trim_smithing_template_smithing_trim.json; [Receita frozen_bomb](lote-final-2026-10-06/es-cards-2026-10-06.md#receita-frozen-bomb) — data/eternal_starlight/recipe/frozen_bomb.json; [Receita glacite_arrow](lote-final-2026-10-06/es-cards-2026-10-06.md#receita-glacite-arrow) — data/eternal_starlight/recipe/glacite_arrow.json; [Receita glacite_axe](lote-final-2026-10-06/es-cards-2026-10-06.md#receita-glacite-axe) — data/eternal_starlight/recipe/glacite_axe.json; [Receita glacite_block](lote-final-2026-10-06/es-cards-2026-10-06.md#receita-glacite-block) — data/eternal_starlight/recipe/glacite_block.json; [Receita glacite_boots](lote-final-2026-10-06/es-cards-2026-10-06.md#receita-glacite-boots) — data/eternal_starlight/recipe/glacite_boots.json; [Receita glacite_chestplate](lote-final-2026-10-06/es-cards-2026-10-06.md#receita-glacite-chestplate) — data/eternal_starlight/recipe/glacite_chestplate.json; [Receita glacite_helmet](lote-final-2026-10-06/es-cards-2026-10-06.md#receita-glacite-helmet) — data/eternal_starlight/recipe/glacite_helmet.json; [Receita glacite_hoe](lote-final-2026-10-06/es-cards-2026-10-06.md#receita-glacite-hoe) — data/eternal_starlight/recipe/glacite_hoe.json; [Receita glacite_leggings](lote-final-2026-10-06/es-cards-2026-10-06.md#receita-glacite-leggings) — data/eternal_starlight/recipe/glacite_leggings.json; [Receita glacite_pickaxe](lote-final-2026-10-06/es-cards-2026-10-06.md#receita-glacite-pickaxe) — data/eternal_starlight/recipe/glacite_pickaxe.json; [Receita glacite_scythe](lote-final-2026-10-06/es-cards-2026-10-06.md#receita-glacite-scythe) — data/eternal_starlight/recipe/glacite_scythe.json; [Receita glacite_shield](lote-final-2026-10-06/es-cards-2026-10-06.md#receita-glacite-shield) — data/eternal_starlight/recipe/glacite_shield.json; [Receita glacite_shovel](lote-final-2026-10-06/es-cards-2026-10-06.md#receita-glacite-shovel) — data/eternal_starlight/recipe/glacite_shovel.json; [Receita glacite_sword](lote-final-2026-10-06/es-cards-2026-10-06.md#receita-glacite-sword) — data/eternal_starlight/recipe/glacite_sword.json; [Receita keeper_armor_trim_smithing_template_smithing_trim](lote-final-2026-10-06/es-cards-2026-10-06.md#receita-keeper-armor-trim-smithing-template-smithing-trim) — data/eternal_starlight/recipe/keeper_armor_trim_smithing_template_smithing_trim.json; [Receita reinforced_ice](lote-final-2026-10-06/es-cards-2026-10-06.md#receita-reinforced-ice) — data/eternal_starlight/recipe/reinforced_ice.json; [Receita twining_armor_trim_smithing_template_smithing_trim](lote-final-2026-10-06/es-cards-2026-10-06.md#receita-twining-armor-trim-smithing-template-smithing-trim) — data/eternal_starlight/recipe/twining_armor_trim_smithing_template_smithing_trim.json
Lunar Monstrosity,Eternal Starlight,"Chefe de encontro; alvos: Player, AbstractVillager, IronGolem",Rotas ativas de criação/spawner: evidence-es/decompiled-full/cn/leolezury/eternalstarlight/common/block/entity/spawner/LunarMonstrositySpawnerBlockEntity.java; ,Conteúdo baú/bolsa de chefe,eternal_starlight:aethersent_ingot,1–2,"doMobLoot=true; ao remove(KILLED), ESBoss registra participantes. enableLootChest+participantes+posição substituível gera LootChest com acesso individual; senão LootBag1 por participante vivo presente na mesma dimensão; sem participante presente, LootBag fallback1. Não somar baú e bolsa. ChallengeCounts passa ao contexto de loot.; pool1: 1 sorteio(s); reposição se múltiplos rolls; peso bruto 1/1; normaliza apenas entradas elegíveis; pool1: 5–8 sorteio(s); reposição se múltiplos rolls; peso bruto 15/565; normaliza apenas entradas elegíveis; set_count","Ingrediente nas receitas auditadas: {'count': 1, 'id': 'eternal_starlight:aethersent_block'}, {'count': 9, 'id': 'eternal_starlight:aethersent_nugget'}",Alta nos arquivos versionados; configurações/datapacks externos não confirmados,/images/bestiary/audited/es/lunar-monstrosity-phase-0.png,cn/leolezury/eternalstarlight/common/client/model/entity/LunarMonstrosityModel.class; cn/leolezury/eternalstarlight/common/client/renderer/entity/LunarMonstrosityRenderer.class; assets/eternal_starlight/textures/entity/lunar_monstrosity.png; cn/leolezury/eternalstarlight/common/client/handler/ESClientSetupHandler.class; cn/leolezury/eternalstarlight/common/registry/ESEntities.class; cn/leolezury/eternalstarlight/common/registry/ESItems.class; output-es/proveniencia.json,evidence-es/eternalstarlight-0.9.0+1.21.1+neoforge.jar::data/eternal_starlight/loot_table/bosses/boss_common.json; evidence-es/decompiled-full/cn/leolezury/eternalstarlight/common/entity/living/boss/monstrosity/LunarMonstrosity.java; evidence-es/decompiled-full/cn/leolezury/eternalstarlight/common/registry/ESItems.java; registros-usos-itens.json#eternal_starlight:aethersent_ingot,/bestiary/receitas/es.html#receita-aethersent-block | [Receita aethersent_block](lote-final-2026-10-06/es-cards-2026-10-06.md#receita-aethersent-block) — data/eternal_starlight/recipe/aethersent_block.json; [Receita aethersent_boots](lote-final-2026-10-06/es-cards-2026-10-06.md#receita-aethersent-boots) — data/eternal_starlight/recipe/aethersent_boots.json; [Receita aethersent_bottoms](lote-final-2026-10-06/es-cards-2026-10-06.md#receita-aethersent-bottoms) — data/eternal_starlight/recipe/aethersent_bottoms.json; [Receita aethersent_cape](lote-final-2026-10-06/es-cards-2026-10-06.md#receita-aethersent-cape) — data/eternal_starlight/recipe/aethersent_cape.json; [Receita aethersent_hood](lote-final-2026-10-06/es-cards-2026-10-06.md#receita-aethersent-hood) — data/eternal_starlight/recipe/aethersent_hood.json; [Receita aethersent_nugget](lote-final-2026-10-06/es-cards-2026-10-06.md#receita-aethersent-nugget) — data/eternal_starlight/recipe/aethersent_nugget.json; [Receita blooming_armor_trim_smithing_template_smithing_trim](lote-final-2026-10-06/es-cards-2026-10-06.md#receita-blooming-armor-trim-smithing-template-smithing-trim) — data/eternal_starlight/recipe/blooming_armor_trim_smithing_template_smithing_trim.json; [Receita forge_armor_trim_smithing_template_smithing_trim](lote-final-2026-10-06/es-cards-2026-10-06.md#receita-forge-armor-trim-smithing-template-smithing-trim) — data/eternal_starlight/recipe/forge_armor_trim_smithing_template_smithing_trim.json; [Receita keeper_armor_trim_smithing_template_smithing_trim](lote-final-2026-10-06/es-cards-2026-10-06.md#receita-keeper-armor-trim-smithing-template-smithing-trim) — data/eternal_starlight/recipe/keeper_armor_trim_smithing_template_smithing_trim.json; [Receita rage_of_stars](lote-final-2026-10-06/es-cards-2026-10-06.md#receita-rage-of-stars) — data/eternal_starlight/recipe/rage_of_stars.json; [Receita starfall_longbow](lote-final-2026-10-06/es-cards-2026-10-06.md#receita-starfall-longbow) — data/eternal_starlight/recipe/starfall_longbow.json; [Receita twining_armor_trim_smithing_template_smithing_trim](lote-final-2026-10-06/es-cards-2026-10-06.md#receita-twining-armor-trim-smithing-template-smithing-trim) — data/eternal_starlight/recipe/twining_armor_trim_smithing_template_smithing_trim.json
Lunar Monstrosity,Eternal Starlight,"Chefe de encontro; alvos: Player, AbstractVillager, IronGolem",Rotas ativas de criação/spawner: evidence-es/decompiled-full/cn/leolezury/eternalstarlight/common/block/entity/spawner/LunarMonstrositySpawnerBlockEntity.java; ,Conteúdo baú/bolsa de chefe,eternal_starlight:moonring_bow,1,"doMobLoot=true; ao remove(KILLED), ESBoss registra participantes. enableLootChest+participantes+posição substituível gera LootChest com acesso individual; senão LootBag1 por participante vivo presente na mesma dimensão; sem participante presente, LootBag fallback1. Não somar baú e bolsa. ChallengeCounts passa ao contexto de loot.; pool2: 1 sorteio(s); reposição se múltiplos rolls; peso bruto 1/1; normaliza apenas entradas elegíveis","Arma/projétil conforme classe MoonringBowItem; uso, dano e efeitos definidos na classe original citada no apêndice de usos",Alta no recurso/registro/classe citados; condições efetivas do pack não confirmadas,/images/bestiary/audited/es/lunar-monstrosity-phase-0.png,cn/leolezury/eternalstarlight/common/client/model/entity/LunarMonstrosityModel.class; cn/leolezury/eternalstarlight/common/client/renderer/entity/LunarMonstrosityRenderer.class; assets/eternal_starlight/textures/entity/lunar_monstrosity.png; cn/leolezury/eternalstarlight/common/client/handler/ESClientSetupHandler.class; cn/leolezury/eternalstarlight/common/registry/ESEntities.class; cn/leolezury/eternalstarlight/common/registry/ESItems.class; output-es/proveniencia.json,evidence-es/eternalstarlight-0.9.0+1.21.1+neoforge.jar::data/eternal_starlight/loot_table/bosses/lunar_monstrosity.json; evidence-es/decompiled-full/cn/leolezury/eternalstarlight/common/entity/living/boss/monstrosity/LunarMonstrosity.java; evidence-es/decompiled-full/cn/leolezury/eternalstarlight/common/registry/ESItems.java; registros-usos-itens.json#eternal_starlight:moonring_bow,Não aplicável: uso direto ou nenhuma receita identificada na build
Lunar Monstrosity,Eternal Starlight,"Chefe de encontro; alvos: Player, AbstractVillager, IronGolem",Rotas ativas de criação/spawner: evidence-es/decompiled-full/cn/leolezury/eternalstarlight/common/block/entity/spawner/LunarMonstrositySpawnerBlockEntity.java; ,Conteúdo baú/bolsa de chefe,eternal_starlight:tenacious_petal,10–15,"doMobLoot=true; ao remove(KILLED), ESBoss registra participantes. enableLootChest+participantes+posição substituível gera LootChest com acesso individual; senão LootBag1 por participante vivo presente na mesma dimensão; sem participante presente, LootBag fallback1. Não somar baú e bolsa. ChallengeCounts passa ao contexto de loot.; pool3: 1 sorteio(s); reposição se múltiplos rolls; peso bruto 1/1; normaliza apenas entradas elegíveis; set_count","Ingrediente nas receitas auditadas: {'count': 1, 'id': 'eternal_starlight:chain_of_souls'}, {'count': 1, 'id': 'eternal_starlight:crescent_spear'}, {'count': 12, 'id': 'eternal_starlight:lunar_mosaic'}, {'count': 1, 'id': 'eternal_starlight:moonring_greatsword'}, {'count': 1, 'id': 'eternal_starlight:petal_scythe'}",Alta nos arquivos versionados; configurações/datapacks externos não confirmados,/images/bestiary/audited/es/lunar-monstrosity-phase-0.png,cn/leolezury/eternalstarlight/common/client/model/entity/LunarMonstrosityModel.class; cn/leolezury/eternalstarlight/common/client/renderer/entity/LunarMonstrosityRenderer.class; assets/eternal_starlight/textures/entity/lunar_monstrosity.png; cn/leolezury/eternalstarlight/common/client/handler/ESClientSetupHandler.class; cn/leolezury/eternalstarlight/common/registry/ESEntities.class; cn/leolezury/eternalstarlight/common/registry/ESItems.class; output-es/proveniencia.json,evidence-es/eternalstarlight-0.9.0+1.21.1+neoforge.jar::data/eternal_starlight/loot_table/bosses/lunar_monstrosity.json; evidence-es/decompiled-full/cn/leolezury/eternalstarlight/common/entity/living/boss/monstrosity/LunarMonstrosity.java; evidence-es/decompiled-full/cn/leolezury/eternalstarlight/common/registry/ESItems.java; registros-usos-itens.json#eternal_starlight:tenacious_petal,/bestiary/receitas/es.html#receita-blooming-armor-trim-smithing-template-smithing-trim | [Receita blooming_armor_trim_smithing_template_smithing_trim](lote-final-2026-10-06/es-cards-2026-10-06.md#receita-blooming-armor-trim-smithing-template-smithing-trim) — data/eternal_starlight/recipe/blooming_armor_trim_smithing_template_smithing_trim.json; [Receita chain_of_souls](lote-final-2026-10-06/es-cards-2026-10-06.md#receita-chain-of-souls) — data/eternal_starlight/recipe/chain_of_souls.json; [Receita crescent_spear](lote-final-2026-10-06/es-cards-2026-10-06.md#receita-crescent-spear) — data/eternal_starlight/recipe/crescent_spear.json; [Receita forge_armor_trim_smithing_template_smithing_trim](lote-final-2026-10-06/es-cards-2026-10-06.md#receita-forge-armor-trim-smithing-template-smithing-trim) — data/eternal_starlight/recipe/forge_armor_trim_smithing_template_smithing_trim.json; [Receita keeper_armor_trim_smithing_template_smithing_trim](lote-final-2026-10-06/es-cards-2026-10-06.md#receita-keeper-armor-trim-smithing-template-smithing-trim) — data/eternal_starlight/recipe/keeper_armor_trim_smithing_template_smithing_trim.json; [Receita lunar_mosaic](lote-final-2026-10-06/es-cards-2026-10-06.md#receita-lunar-mosaic) — data/eternal_starlight/recipe/lunar_mosaic.json; [Receita moonring_greatsword](lote-final-2026-10-06/es-cards-2026-10-06.md#receita-moonring-greatsword) — data/eternal_starlight/recipe/moonring_greatsword.json; [Receita petal_scythe](lote-final-2026-10-06/es-cards-2026-10-06.md#receita-petal-scythe) — data/eternal_starlight/recipe/petal_scythe.json; [Receita twining_armor_trim_smithing_template_smithing_trim](lote-final-2026-10-06/es-cards-2026-10-06.md#receita-twining-armor-trim-smithing-template-smithing-trim) — data/eternal_starlight/recipe/twining_armor_trim_smithing_template_smithing_trim.json
Lunar Monstrosity,Eternal Starlight,"Chefe de encontro; alvos: Player, AbstractVillager, IronGolem",Rotas ativas de criação/spawner: evidence-es/decompiled-full/cn/leolezury/eternalstarlight/common/block/entity/spawner/LunarMonstrositySpawnerBlockEntity.java; ,Conteúdo baú/bolsa de chefe,eternal_starlight:tenacious_vine,10–15,"doMobLoot=true; ao remove(KILLED), ESBoss registra participantes. enableLootChest+participantes+posição substituível gera LootChest com acesso individual; senão LootBag1 por participante vivo presente na mesma dimensão; sem participante presente, LootBag fallback1. Não somar baú e bolsa. ChallengeCounts passa ao contexto de loot.; pool4: 1 sorteio(s); reposição se múltiplos rolls; peso bruto 1/1; normaliza apenas entradas elegíveis; set_count","Ingrediente nas receitas auditadas: {'count': 1, 'id': 'eternal_starlight:chain_of_souls'}, {'count': 1, 'id': 'eternal_starlight:crescent_spear'}, {'count': 1, 'id': 'eternal_starlight:moonring_greatsword'}, {'count': 1, 'id': 'eternal_starlight:petal_scythe'}, {'count': 1, 'id': 'eternal_starlight:wilted_crossbow'}",Alta nos arquivos versionados; configurações/datapacks externos não confirmados,/images/bestiary/audited/es/lunar-monstrosity-phase-0.png,cn/leolezury/eternalstarlight/common/client/model/entity/LunarMonstrosityModel.class; cn/leolezury/eternalstarlight/common/client/renderer/entity/LunarMonstrosityRenderer.class; assets/eternal_starlight/textures/entity/lunar_monstrosity.png; cn/leolezury/eternalstarlight/common/client/handler/ESClientSetupHandler.class; cn/leolezury/eternalstarlight/common/registry/ESEntities.class; cn/leolezury/eternalstarlight/common/registry/ESItems.class; output-es/proveniencia.json,evidence-es/eternalstarlight-0.9.0+1.21.1+neoforge.jar::data/eternal_starlight/loot_table/bosses/lunar_monstrosity.json; evidence-es/decompiled-full/cn/leolezury/eternalstarlight/common/entity/living/boss/monstrosity/LunarMonstrosity.java; evidence-es/decompiled-full/cn/leolezury/eternalstarlight/common/registry/ESItems.java; registros-usos-itens.json#eternal_starlight:tenacious_vine,/bestiary/receitas/es.html#receita-chain-of-souls | [Receita chain_of_souls](lote-final-2026-10-06/es-cards-2026-10-06.md#receita-chain-of-souls) — data/eternal_starlight/recipe/chain_of_souls.json; [Receita crescent_spear](lote-final-2026-10-06/es-cards-2026-10-06.md#receita-crescent-spear) — data/eternal_starlight/recipe/crescent_spear.json; [Receita moonring_greatsword](lote-final-2026-10-06/es-cards-2026-10-06.md#receita-moonring-greatsword) — data/eternal_starlight/recipe/moonring_greatsword.json; [Receita petal_scythe](lote-final-2026-10-06/es-cards-2026-10-06.md#receita-petal-scythe) — data/eternal_starlight/recipe/petal_scythe.json; [Receita wilted_crossbow](lote-final-2026-10-06/es-cards-2026-10-06.md#receita-wilted-crossbow) — data/eternal_starlight/recipe/wilted_crossbow.json
Lunar Monstrosity,Eternal Starlight,"Chefe de encontro; alvos: Player, AbstractVillager, IronGolem",Rotas ativas de criação/spawner: evidence-es/decompiled-full/cn/leolezury/eternalstarlight/common/block/entity/spawner/LunarMonstrositySpawnerBlockEntity.java; ,Conteúdo baú/bolsa de chefe,eternal_starlight:soul_dew,3–4,"doMobLoot=true; ao remove(KILLED), ESBoss registra participantes. enableLootChest+participantes+posição substituível gera LootChest com acesso individual; senão LootBag1 por participante vivo presente na mesma dimensão; sem participante presente, LootBag fallback1. Não somar baú e bolsa. ChallengeCounts passa ao contexto de loot.; pool5: 1 sorteio(s); reposição se múltiplos rolls; peso bruto 1/1; normaliza apenas entradas elegíveis; set_count","Ingrediente nas receitas auditadas: unrealium, {'count': 1, 'id': 'eternal_starlight:chain_of_souls'}, {'count': 1, 'id': 'eternal_starlight:moonring_greatsword'}, {'count': 1, 'id': 'eternal_starlight:soulit_spectator'}",Alta nos arquivos versionados; configurações/datapacks externos não confirmados,/images/bestiary/audited/es/lunar-monstrosity-phase-0.png,cn/leolezury/eternalstarlight/common/client/model/entity/LunarMonstrosityModel.class; cn/leolezury/eternalstarlight/common/client/renderer/entity/LunarMonstrosityRenderer.class; assets/eternal_starlight/textures/entity/lunar_monstrosity.png; cn/leolezury/eternalstarlight/common/client/handler/ESClientSetupHandler.class; cn/leolezury/eternalstarlight/common/registry/ESEntities.class; cn/leolezury/eternalstarlight/common/registry/ESItems.class; output-es/proveniencia.json,evidence-es/eternalstarlight-0.9.0+1.21.1+neoforge.jar::data/eternal_starlight/loot_table/bosses/lunar_monstrosity.json; evidence-es/decompiled-full/cn/leolezury/eternalstarlight/common/entity/living/boss/monstrosity/LunarMonstrosity.java; evidence-es/decompiled-full/cn/leolezury/eternalstarlight/common/registry/ESItems.java; registros-usos-itens.json#eternal_starlight:soul_dew,/bestiary/receitas/es.html#receita-unrealium | [Receita unrealium](lote-final-2026-10-06/es-cards-2026-10-06.md#receita-unrealium) — data/eternal_starlight/recipe/alloy/unrealium.json; [Receita chain_of_souls](lote-final-2026-10-06/es-cards-2026-10-06.md#receita-chain-of-souls) — data/eternal_starlight/recipe/chain_of_souls.json; [Receita moonring_greatsword](lote-final-2026-10-06/es-cards-2026-10-06.md#receita-moonring-greatsword) — data/eternal_starlight/recipe/moonring_greatsword.json; [Receita soulit_spectator](lote-final-2026-10-06/es-cards-2026-10-06.md#receita-soulit-spectator) — data/eternal_starlight/recipe/shapeless/soulit_spectator.json
Lunar Monstrosity,Eternal Starlight,"Chefe de encontro; alvos: Player, AbstractVillager, IronGolem",Rotas ativas de criação/spawner: evidence-es/decompiled-full/cn/leolezury/eternalstarlight/common/block/entity/spawner/LunarMonstrositySpawnerBlockEntity.java; ,Conteúdo baú/bolsa de chefe,eternal_starlight:tangled_skull,5–8,"doMobLoot=true; ao remove(KILLED), ESBoss registra participantes. enableLootChest+participantes+posição substituível gera LootChest com acesso individual; senão LootBag1 por participante vivo presente na mesma dimensão; sem participante presente, LootBag fallback1. Não somar baú e bolsa. ChallengeCounts passa ao contexto de loot.; pool6: 1 sorteio(s); reposição se múltiplos rolls; peso bruto 1/1; normaliza apenas entradas elegíveis; set_count",Cabeça/bloco decorativo e item que cria TangledSkull ao usar; TangledSkullItem,Alta no recurso/registro/classe citados; condições efetivas do pack não confirmadas,/images/bestiary/audited/es/lunar-monstrosity-phase-0.png,cn/leolezury/eternalstarlight/common/client/model/entity/LunarMonstrosityModel.class; cn/leolezury/eternalstarlight/common/client/renderer/entity/LunarMonstrosityRenderer.class; assets/eternal_starlight/textures/entity/lunar_monstrosity.png; cn/leolezury/eternalstarlight/common/client/handler/ESClientSetupHandler.class; cn/leolezury/eternalstarlight/common/registry/ESEntities.class; cn/leolezury/eternalstarlight/common/registry/ESItems.class; output-es/proveniencia.json,evidence-es/eternalstarlight-0.9.0+1.21.1+neoforge.jar::data/eternal_starlight/loot_table/bosses/lunar_monstrosity.json; evidence-es/decompiled-full/cn/leolezury/eternalstarlight/common/entity/living/boss/monstrosity/LunarMonstrosity.java; evidence-es/decompiled-full/cn/leolezury/eternalstarlight/common/registry/ESItems.java; registros-usos-itens.json#eternal_starlight:tangled_skull,Não aplicável: uso direto ou nenhuma receita identificada na build
Lunar Monstrosity,Eternal Starlight,"Chefe de encontro; alvos: Player, AbstractVillager, IronGolem",Rotas ativas de criação/spawner: evidence-es/decompiled-full/cn/leolezury/eternalstarlight/common/block/entity/spawner/LunarMonstrositySpawnerBlockEntity.java; ,Conteúdo baú/bolsa de chefe,eternal_starlight:wand_of_teleportation,1,"doMobLoot=true; ao remove(KILLED), ESBoss registra participantes. enableLootChest+participantes+posição substituível gera LootChest com acesso individual; senão LootBag1 por participante vivo presente na mesma dimensão; sem participante presente, LootBag fallback1. Não somar baú e bolsa. ChallengeCounts passa ao contexto de loot.; pool7: 1 sorteio(s); reposição se múltiplos rolls; chance 75%; peso bruto 1/1; normaliza apenas entradas elegíveis",Varinha para teleportar conforme WandOfTeleportationItem; condição/cooldown/destino na classe citada,Alta no recurso/registro/classe citados; condições efetivas do pack não confirmadas,/images/bestiary/audited/es/lunar-monstrosity-phase-0.png,cn/leolezury/eternalstarlight/common/client/model/entity/LunarMonstrosityModel.class; cn/leolezury/eternalstarlight/common/client/renderer/entity/LunarMonstrosityRenderer.class; assets/eternal_starlight/textures/entity/lunar_monstrosity.png; cn/leolezury/eternalstarlight/common/client/handler/ESClientSetupHandler.class; cn/leolezury/eternalstarlight/common/registry/ESEntities.class; cn/leolezury/eternalstarlight/common/registry/ESItems.class; output-es/proveniencia.json,evidence-es/eternalstarlight-0.9.0+1.21.1+neoforge.jar::data/eternal_starlight/loot_table/bosses/lunar_monstrosity.json; evidence-es/decompiled-full/cn/leolezury/eternalstarlight/common/entity/living/boss/monstrosity/LunarMonstrosity.java; evidence-es/decompiled-full/cn/leolezury/eternalstarlight/common/registry/ESItems.java; registros-usos-itens.json#eternal_starlight:wand_of_teleportation,Não aplicável: uso direto ou nenhuma receita identificada na build
Lunar Monstrosity,Eternal Starlight,"Chefe de encontro; alvos: Player, AbstractVillager, IronGolem",Rotas ativas de criação/spawner: evidence-es/decompiled-full/cn/leolezury/eternalstarlight/common/block/entity/spawner/LunarMonstrositySpawnerBlockEntity.java; ,Conteúdo baú/bolsa de chefe,eternal_starlight:crescent_spear,1,"doMobLoot=true; ao remove(KILLED), ESBoss registra participantes. enableLootChest+participantes+posição substituível gera LootChest com acesso individual; senão LootBag1 por participante vivo presente na mesma dimensão; sem participante presente, LootBag fallback1. Não somar baú e bolsa. ChallengeCounts passa ao contexto de loot.; pool8: 1 sorteio(s); reposição se múltiplos rolls; chance 75%; peso bruto 1/1; normaliza apenas entradas elegíveis","Lança Crescent Spear, durabilidade750; atributos e uso definidos em CrescentSpearItem",Alta no recurso/registro/classe citados; condições efetivas do pack não confirmadas,/images/bestiary/audited/es/lunar-monstrosity-phase-0.png,cn/leolezury/eternalstarlight/common/client/model/entity/LunarMonstrosityModel.class; cn/leolezury/eternalstarlight/common/client/renderer/entity/LunarMonstrosityRenderer.class; assets/eternal_starlight/textures/entity/lunar_monstrosity.png; cn/leolezury/eternalstarlight/common/client/handler/ESClientSetupHandler.class; cn/leolezury/eternalstarlight/common/registry/ESEntities.class; cn/leolezury/eternalstarlight/common/registry/ESItems.class; output-es/proveniencia.json,evidence-es/eternalstarlight-0.9.0+1.21.1+neoforge.jar::data/eternal_starlight/loot_table/bosses/lunar_monstrosity.json; evidence-es/decompiled-full/cn/leolezury/eternalstarlight/common/entity/living/boss/monstrosity/LunarMonstrosity.java; evidence-es/decompiled-full/cn/leolezury/eternalstarlight/common/registry/ESItems.java; registros-usos-itens.json#eternal_starlight:crescent_spear,Não aplicável: uso direto ou nenhuma receita identificada na build
Lunar Monstrosity,Eternal Starlight,"Chefe de encontro; alvos: Player, AbstractVillager, IronGolem",Rotas ativas de criação/spawner: evidence-es/decompiled-full/cn/leolezury/eternalstarlight/common/block/entity/spawner/LunarMonstrositySpawnerBlockEntity.java; ,Conteúdo baú/bolsa de chefe,eternal_starlight:crescent_pendant,1,"doMobLoot=true; ao remove(KILLED), ESBoss registra participantes. enableLootChest+participantes+posição substituível gera LootChest com acesso individual; senão LootBag1 por participante vivo presente na mesma dimensão; sem participante presente, LootBag fallback1. Não somar baú e bolsa. ChallengeCounts passa ao contexto de loot.; pool9: 1 sorteio(s); reposição se múltiplos rolls; peso bruto 1/1; normaliza apenas entradas elegíveis",Acessório combinado a peitoral compatível pela tag CHEST_ARMOR_ACCESSORY_APPLICABLE; +15% dano de ataque multiplicativo no slot CHEST; componentes próprios de limite de dano/reparo.,Alta no recurso/registro/classe citados; condições efetivas do pack não confirmadas,/images/bestiary/audited/es/lunar-monstrosity-phase-0.png,cn/leolezury/eternalstarlight/common/client/model/entity/LunarMonstrosityModel.class; cn/leolezury/eternalstarlight/common/client/renderer/entity/LunarMonstrosityRenderer.class; assets/eternal_starlight/textures/entity/lunar_monstrosity.png; cn/leolezury/eternalstarlight/common/client/handler/ESClientSetupHandler.class; cn/leolezury/eternalstarlight/common/registry/ESEntities.class; cn/leolezury/eternalstarlight/common/registry/ESItems.class; output-es/proveniencia.json,evidence-es/eternalstarlight-0.9.0+1.21.1+neoforge.jar::data/eternal_starlight/loot_table/bosses/lunar_monstrosity.json; evidence-es/decompiled-full/cn/leolezury/eternalstarlight/common/entity/living/boss/monstrosity/LunarMonstrosity.java; evidence-es/decompiled-full/cn/leolezury/eternalstarlight/common/registry/ESItems.java; registros-usos-itens.json#eternal_starlight:crescent_pendant,Não aplicável: uso direto ou nenhuma receita identificada na build
Lunar Monstrosity,Eternal Starlight,"Chefe de encontro; alvos: Player, AbstractVillager, IronGolem",Rotas ativas de criação/spawner: evidence-es/decompiled-full/cn/leolezury/eternalstarlight/common/block/entity/spawner/LunarMonstrositySpawnerBlockEntity.java; ,Conteúdo baú/bolsa de chefe,eternal_starlight:twining_armor_trim_smithing_template,1,"doMobLoot=true; ao remove(KILLED), ESBoss registra participantes. enableLootChest+participantes+posição substituível gera LootChest com acesso individual; senão LootBag1 por participante vivo presente na mesma dimensão; sem participante presente, LootBag fallback1. Não somar baú e bolsa. ChallengeCounts passa ao contexto de loot.; pool10: 1 sorteio(s); reposição se múltiplos rolls; peso bruto 1/1; normaliza apenas entradas elegíveis","Ingrediente nas receitas auditadas: blooming_trim_from_twining_trim, {'count': 2, 'id': 'eternal_starlight:twining_armor_trim_smithing_template'}, twining_armor_trim_smithing_template_smithing_trim",Alta nos arquivos versionados; configurações/datapacks externos não confirmados,/images/bestiary/audited/es/lunar-monstrosity-phase-0.png,cn/leolezury/eternalstarlight/common/client/model/entity/LunarMonstrosityModel.class; cn/leolezury/eternalstarlight/common/client/renderer/entity/LunarMonstrosityRenderer.class; assets/eternal_starlight/textures/entity/lunar_monstrosity.png; cn/leolezury/eternalstarlight/common/client/handler/ESClientSetupHandler.class; cn/leolezury/eternalstarlight/common/registry/ESEntities.class; cn/leolezury/eternalstarlight/common/registry/ESItems.class; output-es/proveniencia.json,evidence-es/eternalstarlight-0.9.0+1.21.1+neoforge.jar::data/eternal_starlight/loot_table/bosses/lunar_monstrosity.json; evidence-es/decompiled-full/cn/leolezury/eternalstarlight/common/entity/living/boss/monstrosity/LunarMonstrosity.java; evidence-es/decompiled-full/cn/leolezury/eternalstarlight/common/registry/ESItems.java; registros-usos-itens.json#eternal_starlight:twining_armor_trim_smithing_template,/bestiary/receitas/es.html#receita-blooming-trim-from-twining-trim | [Receita blooming_trim_from_twining_trim](lote-final-2026-10-06/es-cards-2026-10-06.md#receita-blooming-trim-from-twining-trim) — data/eternal_starlight/recipe/blooming_trim_from_twining_trim.json; [Receita twining_armor_trim_smithing_template](lote-final-2026-10-06/es-cards-2026-10-06.md#receita-twining-armor-trim-smithing-template) — data/eternal_starlight/recipe/twining_armor_trim_smithing_template.json; [Receita twining_armor_trim_smithing_template_smithing_trim](lote-final-2026-10-06/es-cards-2026-10-06.md#receita-twining-armor-trim-smithing-template-smithing-trim) — data/eternal_starlight/recipe/twining_armor_trim_smithing_template_smithing_trim.json
Lunar Monstrosity,Eternal Starlight,"Chefe de encontro; alvos: Player, AbstractVillager, IronGolem",Rotas ativas de criação/spawner: evidence-es/decompiled-full/cn/leolezury/eternalstarlight/common/block/entity/spawner/LunarMonstrositySpawnerBlockEntity.java; ,Conteúdo baú/bolsa de chefe,eternal_starlight:music_disc_moonlight,1,"doMobLoot=true; ao remove(KILLED), ESBoss registra participantes. enableLootChest+participantes+posição substituível gera LootChest com acesso individual; senão LootBag1 por participante vivo presente na mesma dimensão; sem participante presente, LootBag fallback1. Não somar baú e bolsa. ChallengeCounts passa ao contexto de loot.; pool11: 1 sorteio(s); reposição se múltiplos rolls; chance 50%; peso bruto 1/1; normaliza apenas entradas elegíveis",Disco musical da build para jukebox,Alta nos arquivos versionados; configurações/datapacks externos não confirmados,/images/bestiary/audited/es/lunar-monstrosity-phase-0.png,cn/leolezury/eternalstarlight/common/client/model/entity/LunarMonstrosityModel.class; cn/leolezury/eternalstarlight/common/client/renderer/entity/LunarMonstrosityRenderer.class; assets/eternal_starlight/textures/entity/lunar_monstrosity.png; cn/leolezury/eternalstarlight/common/client/handler/ESClientSetupHandler.class; cn/leolezury/eternalstarlight/common/registry/ESEntities.class; cn/leolezury/eternalstarlight/common/registry/ESItems.class; output-es/proveniencia.json,evidence-es/eternalstarlight-0.9.0+1.21.1+neoforge.jar::data/eternal_starlight/loot_table/bosses/lunar_monstrosity.json; evidence-es/decompiled-full/cn/leolezury/eternalstarlight/common/entity/living/boss/monstrosity/LunarMonstrosity.java; evidence-es/decompiled-full/cn/leolezury/eternalstarlight/common/registry/ESItems.java; registros-usos-itens.json#eternal_starlight:music_disc_moonlight,Não aplicável: uso direto ou nenhuma receita identificada na build
Lunar Monstrosity,Eternal Starlight,"Chefe de encontro; alvos: Player, AbstractVillager, IronGolem",Rotas ativas de criação/spawner: evidence-es/decompiled-full/cn/leolezury/eternalstarlight/common/block/entity/spawner/LunarMonstrositySpawnerBlockEntity.java; ,Conteúdo baú/bolsa de chefe,eternal_starlight:music_disc_fake_light,1,"doMobLoot=true; ao remove(KILLED), ESBoss registra participantes. enableLootChest+participantes+posição substituível gera LootChest com acesso individual; senão LootBag1 por participante vivo presente na mesma dimensão; sem participante presente, LootBag fallback1. Não somar baú e bolsa. ChallengeCounts passa ao contexto de loot.; pool12: 1 sorteio(s); reposição se múltiplos rolls; chance 50%; peso bruto 1/1; normaliza apenas entradas elegíveis",Disco musical da build para jukebox,Alta nos arquivos versionados; configurações/datapacks externos não confirmados,/images/bestiary/audited/es/lunar-monstrosity-phase-0.png,cn/leolezury/eternalstarlight/common/client/model/entity/LunarMonstrosityModel.class; cn/leolezury/eternalstarlight/common/client/renderer/entity/LunarMonstrosityRenderer.class; assets/eternal_starlight/textures/entity/lunar_monstrosity.png; cn/leolezury/eternalstarlight/common/client/handler/ESClientSetupHandler.class; cn/leolezury/eternalstarlight/common/registry/ESEntities.class; cn/leolezury/eternalstarlight/common/registry/ESItems.class; output-es/proveniencia.json,evidence-es/eternalstarlight-0.9.0+1.21.1+neoforge.jar::data/eternal_starlight/loot_table/bosses/lunar_monstrosity.json; evidence-es/decompiled-full/cn/leolezury/eternalstarlight/common/entity/living/boss/monstrosity/LunarMonstrosity.java; evidence-es/decompiled-full/cn/leolezury/eternalstarlight/common/registry/ESItems.java; registros-usos-itens.json#eternal_starlight:music_disc_fake_light,Não aplicável: uso direto ou nenhuma receita identificada na build
Lunar Monstrosity,Eternal Starlight,"Chefe de encontro; alvos: Player, AbstractVillager, IronGolem",Rotas ativas de criação/spawner: evidence-es/decompiled-full/cn/leolezury/eternalstarlight/common/block/entity/spawner/LunarMonstrositySpawnerBlockEntity.java; ,Conteúdo baú/bolsa de chefe,eternal_starlight:starlit_painting,1,"doMobLoot=true; ao remove(KILLED), ESBoss registra participantes. enableLootChest+participantes+posição substituível gera LootChest com acesso individual; senão LootBag1 por participante vivo presente na mesma dimensão; sem participante presente, LootBag fallback1. Não somar baú e bolsa. ChallengeCounts passa ao contexto de loot.; pool13: 1 sorteio(s); reposição se múltiplos rolls; chance 50%; peso bruto 1/1; normaliza apenas entradas elegíveis; componentes={""minecraft:entity_data"": {""id"": ""eternal_starlight:painting"", ""variant"": ""eternal_starlight:monstrous""}}",Colocar pintura; comércio entrega variante Guardian por componente ENTITY_DATA,Alta no recurso/registro/classe citados; condições efetivas do pack não confirmadas,/images/bestiary/audited/es/lunar-monstrosity-phase-0.png,cn/leolezury/eternalstarlight/common/client/model/entity/LunarMonstrosityModel.class; cn/leolezury/eternalstarlight/common/client/renderer/entity/LunarMonstrosityRenderer.class; assets/eternal_starlight/textures/entity/lunar_monstrosity.png; cn/leolezury/eternalstarlight/common/client/handler/ESClientSetupHandler.class; cn/leolezury/eternalstarlight/common/registry/ESEntities.class; cn/leolezury/eternalstarlight/common/registry/ESItems.class; output-es/proveniencia.json,evidence-es/eternalstarlight-0.9.0+1.21.1+neoforge.jar::data/eternal_starlight/loot_table/bosses/lunar_monstrosity.json; evidence-es/decompiled-full/cn/leolezury/eternalstarlight/common/entity/living/boss/monstrosity/LunarMonstrosity.java; evidence-es/decompiled-full/cn/leolezury/eternalstarlight/common/registry/ESItems.java; registros-usos-itens.json#eternal_starlight:starlit_painting,Não aplicável: uso direto ou nenhuma receita identificada na build
Tangled,Eternal Starlight,Criatura Monster; alvos: Player,Rotas ativas de criação/spawner: evidence-es/decompiled-full/cn/leolezury/eternalstarlight/common/world/gen/structure/garden/CursedGardenStructure.java; ,Loot de morte,eternal_starlight:soul_dew,1–3,Loot condicionado ao caminho de morte; herança/interações/variantes fora deste pool separadas; pool1: 1 sorteio(s); reposição se múltiplos rolls; peso bruto 1/1; normaliza apenas entradas elegíveis; set_count; Saque minecraft:looting: bônus Math.round(nível × sorteio 1–2); limite sem limite explícito,"Ingrediente nas receitas auditadas: unrealium, {'count': 1, 'id': 'eternal_starlight:chain_of_souls'}, {'count': 1, 'id': 'eternal_starlight:moonring_greatsword'}, {'count': 1, 'id': 'eternal_starlight:soulit_spectator'}",Alta nos arquivos versionados; configurações/datapacks externos não confirmados,/images/bestiary/audited/es/tangled-normal.png,cn/leolezury/eternalstarlight/common/client/model/entity/TangledModel.class; cn/leolezury/eternalstarlight/common/client/renderer/entity/TangledRenderer.class; assets/eternal_starlight/textures/entity/tangled.png; assets/eternal_starlight/textures/entity/tangled_glow.png; cn/leolezury/eternalstarlight/common/client/handler/ESClientSetupHandler.class; cn/leolezury/eternalstarlight/common/client/model/animation/definition/TangledAnimation.class; cn/leolezury/eternalstarlight/common/client/renderer/layer/TangledGlowLayer.class; cn/leolezury/eternalstarlight/common/registry/ESEntities.class; cn/leolezury/eternalstarlight/common/registry/ESItems.class; assets/eternal_starlight/textures/entity/tangled_lush.png; assets/eternal_starlight/textures/entity/tangled_blooming.png; output-es/proveniencia.json,evidence-es/eternalstarlight-0.9.0+1.21.1+neoforge.jar::data/eternal_starlight/loot_table/entities/tangled.json; evidence-es/decompiled-full/cn/leolezury/eternalstarlight/common/entity/living/monster/Tangled.java; evidence-es/decompiled-full/cn/leolezury/eternalstarlight/common/registry/ESItems.java; registros-usos-itens.json#eternal_starlight:soul_dew,/bestiary/receitas/es.html#receita-unrealium | [Receita unrealium](lote-final-2026-10-06/es-cards-2026-10-06.md#receita-unrealium) — data/eternal_starlight/recipe/alloy/unrealium.json; [Receita chain_of_souls](lote-final-2026-10-06/es-cards-2026-10-06.md#receita-chain-of-souls) — data/eternal_starlight/recipe/chain_of_souls.json; [Receita moonring_greatsword](lote-final-2026-10-06/es-cards-2026-10-06.md#receita-moonring-greatsword) — data/eternal_starlight/recipe/moonring_greatsword.json; [Receita soulit_spectator](lote-final-2026-10-06/es-cards-2026-10-06.md#receita-soulit-spectator) — data/eternal_starlight/recipe/shapeless/soulit_spectator.json
Tangled,Eternal Starlight,Criatura Monster; alvos: Player,Rotas ativas de criação/spawner: evidence-es/decompiled-full/cn/leolezury/eternalstarlight/common/world/gen/structure/garden/CursedGardenStructure.java; ,Loot de morte,minecraft:vine,0–2,Loot condicionado ao caminho de morte; herança/interações/variantes fora deste pool separadas; pool2: 1 sorteio(s); reposição se múltiplos rolls; peso bruto 1/1; normaliza apenas entradas elegíveis; set_count; Saque minecraft:looting: bônus Math.round(nível × sorteio 0–1); limite sem limite explícito,"Ingrediente nas receitas vanilla1.21.1: {'count': 1, 'id': 'minecraft:mossy_cobblestone'}, {'count': 1, 'id': 'minecraft:mossy_stone_bricks'}",Alta nos arquivos versionados; configurações/datapacks externos não confirmados,/images/bestiary/audited/es/tangled-normal.png,cn/leolezury/eternalstarlight/common/client/model/entity/TangledModel.class; cn/leolezury/eternalstarlight/common/client/renderer/entity/TangledRenderer.class; assets/eternal_starlight/textures/entity/tangled.png; assets/eternal_starlight/textures/entity/tangled_glow.png; cn/leolezury/eternalstarlight/common/client/handler/ESClientSetupHandler.class; cn/leolezury/eternalstarlight/common/client/model/animation/definition/TangledAnimation.class; cn/leolezury/eternalstarlight/common/client/renderer/layer/TangledGlowLayer.class; cn/leolezury/eternalstarlight/common/registry/ESEntities.class; cn/leolezury/eternalstarlight/common/registry/ESItems.class; assets/eternal_starlight/textures/entity/tangled_lush.png; assets/eternal_starlight/textures/entity/tangled_blooming.png; output-es/proveniencia.json,evidence-es/eternalstarlight-0.9.0+1.21.1+neoforge.jar::data/eternal_starlight/loot_table/entities/tangled.json; evidence-es/decompiled-full/cn/leolezury/eternalstarlight/common/entity/living/monster/Tangled.java,[Receitas vanilla1.21.1](lote-final-2026-10-06/receitas-vanilla.json)
Tangled,Eternal Starlight,Criatura Monster; alvos: Player,Rotas ativas de criação/spawner: evidence-es/decompiled-full/cn/leolezury/eternalstarlight/common/world/gen/structure/garden/CursedGardenStructure.java; ,Loot de morte,minecraft:stick,2–5,Loot condicionado ao caminho de morte; herança/interações/variantes fora deste pool separadas; pool3: 1 sorteio(s); reposição se múltiplos rolls; peso bruto 1/1; normaliza apenas entradas elegíveis; set_count; Saque minecraft:looting: bônus Math.round(nível × sorteio 1–2); limite sem limite explícito,"Ingrediente nas receitas auditadas: {'count': 4, 'id': 'minecraft:lever'}, {'count': 3, 'id': 'eternal_starlight:rookfish_skewer'}, torch_from_saltpeter_matchbox",Alta nos arquivos versionados; configurações/datapacks externos não confirmados,/images/bestiary/audited/es/tangled-normal.png,cn/leolezury/eternalstarlight/common/client/model/entity/TangledModel.class; cn/leolezury/eternalstarlight/common/client/renderer/entity/TangledRenderer.class; assets/eternal_starlight/textures/entity/tangled.png; assets/eternal_starlight/textures/entity/tangled_glow.png; cn/leolezury/eternalstarlight/common/client/handler/ESClientSetupHandler.class; cn/leolezury/eternalstarlight/common/client/model/animation/definition/TangledAnimation.class; cn/leolezury/eternalstarlight/common/client/renderer/layer/TangledGlowLayer.class; cn/leolezury/eternalstarlight/common/registry/ESEntities.class; cn/leolezury/eternalstarlight/common/registry/ESItems.class; assets/eternal_starlight/textures/entity/tangled_lush.png; assets/eternal_starlight/textures/entity/tangled_blooming.png; output-es/proveniencia.json,evidence-es/eternalstarlight-0.9.0+1.21.1+neoforge.jar::data/eternal_starlight/loot_table/entities/tangled.json; evidence-es/decompiled-full/cn/leolezury/eternalstarlight/common/entity/living/monster/Tangled.java,/bestiary/receitas/es.html#receita-lever-from-cinder-brick | [Receita lever_from_cinder_brick](lote-final-2026-10-06/es-cards-2026-10-06.md#receita-lever-from-cinder-brick) — data/eternal_starlight/recipe/lever_from_cinder_brick.json; [Receita rookfish_skewer](lote-final-2026-10-06/es-cards-2026-10-06.md#receita-rookfish-skewer) — data/eternal_starlight/recipe/shapeless/rookfish_skewer.json; [Receita torch_from_saltpeter_matchbox](lote-final-2026-10-06/es-cards-2026-10-06.md#receita-torch-from-saltpeter-matchbox) — data/eternal_starlight/recipe/torch_from_saltpeter_matchbox.json
Tangled,Eternal Starlight,Criatura Monster; alvos: Player,Rotas ativas de criação/spawner: evidence-es/decompiled-full/cn/leolezury/eternalstarlight/common/world/gen/structure/garden/CursedGardenStructure.java; ,Mecânica fora do JSON,eternal_starlight:tangled_skull,1,"Morto por Creeper com canDropMobsSkull; aumenta contador,1cabeça por Creeper carregado elegível",Cabeça/bloco decorativo e item que cria TangledSkull ao usar; TangledSkullItem,Alta no recurso/registro/classe citados; condições efetivas do pack não confirmadas,/images/bestiary/audited/es/tangled-normal.png,cn/leolezury/eternalstarlight/common/client/model/entity/TangledModel.class; cn/leolezury/eternalstarlight/common/client/renderer/entity/TangledRenderer.class; assets/eternal_starlight/textures/entity/tangled.png; assets/eternal_starlight/textures/entity/tangled_glow.png; cn/leolezury/eternalstarlight/common/client/handler/ESClientSetupHandler.class; cn/leolezury/eternalstarlight/common/client/model/animation/definition/TangledAnimation.class; cn/leolezury/eternalstarlight/common/client/renderer/layer/TangledGlowLayer.class; cn/leolezury/eternalstarlight/common/registry/ESEntities.class; cn/leolezury/eternalstarlight/common/registry/ESItems.class; assets/eternal_starlight/textures/entity/tangled_lush.png; assets/eternal_starlight/textures/entity/tangled_blooming.png; output-es/proveniencia.json,/workspace/scratch/25006bff7ab5/evidence-es/decompiled-full/cn/leolezury/eternalstarlight/common/entity/living/monster/Tangled.java; evidence-es/decompiled-full/cn/leolezury/eternalstarlight/common/entity/living/monster/Tangled.java; evidence-es/decompiled-full/cn/leolezury/eternalstarlight/common/registry/ESItems.java; registros-usos-itens.json#eternal_starlight:tangled_skull,Não aplicável: uso direto ou nenhuma receita identificada na build
Gleech,Eternal Starlight,Criatura Monster; alvos: Player,"Bioma crystallized_desert (monster); peso 10, grupo 1–3; data/eternal_starlight/worldgen/biome/crystallized_desert.json; ",Loot de morte,eternal_starlight:gleech_egg,10–12,"Loot condicionado ao caminho de morte; herança/interações/variantes fora deste pool separadas; pool1: 1 sorteio(s); reposição se múltiplos rolls; this satisfaz {""nbt"": ""{larval:0b}""}; chance 75%; peso bruto 1/1; normaliza apenas entradas elegíveis; set_count; Saque minecraft:looting: bônus Math.round(nível × sorteio 1–3); limite sem limite explícito",Arremessar GleechEgg; projétil da versão pode criar Gleech; comportamento preciso no projétil,Alta no recurso/registro/classe citados; condições efetivas do pack não confirmadas,/images/bestiary/audited/es/gleech.png,cn/leolezury/eternalstarlight/common/client/model/entity/GleechModel.class; cn/leolezury/eternalstarlight/common/client/renderer/entity/GleechRenderer.class; assets/eternal_starlight/textures/entity/gleech.png; cn/leolezury/eternalstarlight/common/client/handler/ESClientSetupHandler.class; cn/leolezury/eternalstarlight/common/client/model/animation/definition/GleechAnimation.class; cn/leolezury/eternalstarlight/common/registry/ESEntities.class; cn/leolezury/eternalstarlight/common/registry/ESItems.class; output-es/proveniencia.json,evidence-es/eternalstarlight-0.9.0+1.21.1+neoforge.jar::data/eternal_starlight/loot_table/entities/gleech.json; evidence-es/decompiled-full/cn/leolezury/eternalstarlight/common/entity/living/monster/Gleech.java; evidence-es/decompiled-full/cn/leolezury/eternalstarlight/common/registry/ESItems.java; registros-usos-itens.json#eternal_starlight:gleech_egg,Não aplicável: uso direto ou nenhuma receita identificada na build
Gleech,Eternal Starlight,Criatura Monster; alvos: Player,"Bioma crystallized_desert (monster); peso 10, grupo 1–3; data/eternal_starlight/worldgen/biome/crystallized_desert.json; ",Disco especial na morte,eternal_starlight:music_disc_sacred_desert,1,"damageSource.getEntity instanceof CrystallizedMoth e nextInt15==0 (1/15); condição de classe exata, não pool percentual",Disco para jukebox,Alta nos arquivos versionados; configurações/datapacks externos não confirmados,/images/bestiary/audited/es/gleech.png,cn/leolezury/eternalstarlight/common/client/model/entity/GleechModel.class; cn/leolezury/eternalstarlight/common/client/renderer/entity/GleechRenderer.class; assets/eternal_starlight/textures/entity/gleech.png; cn/leolezury/eternalstarlight/common/client/handler/ESClientSetupHandler.class; cn/leolezury/eternalstarlight/common/client/model/animation/definition/GleechAnimation.class; cn/leolezury/eternalstarlight/common/registry/ESEntities.class; cn/leolezury/eternalstarlight/common/registry/ESItems.class; output-es/proveniencia.json,/workspace/scratch/25006bff7ab5/evidence-es/decompiled-full/cn/leolezury/eternalstarlight/common/entity/living/monster/Gleech.java; evidence-es/decompiled-full/cn/leolezury/eternalstarlight/common/entity/living/monster/Gleech.java; evidence-es/decompiled-full/cn/leolezury/eternalstarlight/common/registry/ESItems.java; registros-usos-itens.json#eternal_starlight:music_disc_sacred_desert,Não aplicável: uso direto ou nenhuma receita identificada na build
Lonestar Skeleton,Eternal Starlight,Criatura Skeleton; comportamento definido na classe e herança citadas,"Bioma crystallized_desert (monster); peso 10, grupo 1–2; data/eternal_starlight/worldgen/biome/crystallized_desert.json; Bioma dark_swamp (monster); peso 10, grupo 1–2; data/eternal_starlight/worldgen/biome/dark_swamp.json; Bioma ether_river (monster); peso 10, grupo 1–2; data/eternal_starlight/worldgen/biome/ether_river.json; Bioma glimmer_scrubland (monster); peso 10, grupo 1–2; data/eternal_starlight/worldgen/biome/glimmer_scrubland.json; Bioma grim_shore (monster); peso 10, grupo 1–2; data/eternal_starlight/worldgen/biome/grim_shore.json; Bioma icy_sea (monster); peso 10, grupo 1–2; data/eternal_starlight/worldgen/biome/icy_sea.json; Bioma lush_shallow_sea (monster); peso 10, grupo 1–2; data/eternal_starlight/worldgen/biome/lush_shallow_sea.json; Bioma permafrost_peaks (monster); peso 10, grupo 1–2; data/eternal_starlight/worldgen/biome/permafrost_peaks.json; Bioma scarlet_forest (monster); peso 10, grupo 1–2; data/eternal_starlight/worldgen/biome/scarlet_forest.json; Bioma shimmer_river (monster); peso 10, grupo 1–2; data/eternal_starlight/worldgen/biome/shimmer_river.json; Bioma spiral_kelp_forest (monster); peso 10, grupo 1–2; data/eternal_starlight/worldgen/biome/spiral_kelp_forest.json; Bioma starlight_dense_forest (monster); peso 10, grupo 1–2; data/eternal_starlight/worldgen/biome/starlight_dense_forest.json; Bioma starlight_forest (monster); peso 10, grupo 1–2; data/eternal_starlight/worldgen/biome/starlight_forest.json; Bioma starlight_permafrost_forest (monster); peso 10, grupo 1–2; data/eternal_starlight/worldgen/biome/starlight_permafrost_forest.json; Bioma starlight_taiga (monster); peso 10, grupo 1–2; data/eternal_starlight/worldgen/biome/starlight_taiga.json; Bioma starlit_sea (monster); peso 10, grupo 1–2; data/eternal_starlight/worldgen/biome/starlit_sea.json; Bioma the_abyss (monster); peso 10, grupo 1–2; data/eternal_starlight/worldgen/biome/the_abyss.json; Bioma torreya_forest (monster); peso 10, grupo 1–2; data/eternal_starlight/worldgen/biome/torreya_forest.json; Bioma umbral_plains (monster); peso 10, grupo 1–2; data/eternal_starlight/worldgen/biome/umbral_plains.json; Bioma warm_shore (monster); peso 10, grupo 1–2; data/eternal_starlight/worldgen/biome/warm_shore.json; ",Loot de morte,minecraft:bone,0–2,Loot condicionado ao caminho de morte; herança/interações/variantes fora deste pool separadas; pool1: 1 sorteio(s); reposição se múltiplos rolls; peso bruto 1/1; normaliza apenas entradas elegíveis; set_count; Saque minecraft:looting: bônus Math.round(nível × sorteio 0–1); limite sem limite explícito,Farinha de osso; domesticar lobos,Alta nos arquivos versionados; configurações/datapacks externos não confirmados,/images/bestiary/audited/es/lonestar-skeleton.png,cn/leolezury/eternalstarlight/common/client/model/entity/LonestarSkeletonModel.class; cn/leolezury/eternalstarlight/common/client/renderer/entity/LonestarSkeletonRenderer.class; assets/eternal_starlight/textures/entity/lonestar_skeleton.png; cn/leolezury/eternalstarlight/common/client/handler/ESClientSetupHandler.class; cn/leolezury/eternalstarlight/common/registry/ESEntities.class; cn/leolezury/eternalstarlight/common/registry/ESItems.class; output-es/proveniencia.json,evidence-es/eternalstarlight-0.9.0+1.21.1+neoforge.jar::data/eternal_starlight/loot_table/entities/lonestar_skeleton.json; evidence-es/decompiled-full/cn/leolezury/eternalstarlight/common/entity/living/monster/LonestarSkeleton.java,[Receitas vanilla1.21.1](lote-final-2026-10-06/receitas-vanilla.json)
Lonestar Skeleton,Eternal Starlight,Criatura Skeleton; comportamento definido na classe e herança citadas,"Bioma crystallized_desert (monster); peso 10, grupo 1–2; data/eternal_starlight/worldgen/biome/crystallized_desert.json; Bioma dark_swamp (monster); peso 10, grupo 1–2; data/eternal_starlight/worldgen/biome/dark_swamp.json; Bioma ether_river (monster); peso 10, grupo 1–2; data/eternal_starlight/worldgen/biome/ether_river.json; Bioma glimmer_scrubland (monster); peso 10, grupo 1–2; data/eternal_starlight/worldgen/biome/glimmer_scrubland.json; Bioma grim_shore (monster); peso 10, grupo 1–2; data/eternal_starlight/worldgen/biome/grim_shore.json; Bioma icy_sea (monster); peso 10, grupo 1–2; data/eternal_starlight/worldgen/biome/icy_sea.json; Bioma lush_shallow_sea (monster); peso 10, grupo 1–2; data/eternal_starlight/worldgen/biome/lush_shallow_sea.json; Bioma permafrost_peaks (monster); peso 10, grupo 1–2; data/eternal_starlight/worldgen/biome/permafrost_peaks.json; Bioma scarlet_forest (monster); peso 10, grupo 1–2; data/eternal_starlight/worldgen/biome/scarlet_forest.json; Bioma shimmer_river (monster); peso 10, grupo 1–2; data/eternal_starlight/worldgen/biome/shimmer_river.json; Bioma spiral_kelp_forest (monster); peso 10, grupo 1–2; data/eternal_starlight/worldgen/biome/spiral_kelp_forest.json; Bioma starlight_dense_forest (monster); peso 10, grupo 1–2; data/eternal_starlight/worldgen/biome/starlight_dense_forest.json; Bioma starlight_forest (monster); peso 10, grupo 1–2; data/eternal_starlight/worldgen/biome/starlight_forest.json; Bioma starlight_permafrost_forest (monster); peso 10, grupo 1–2; data/eternal_starlight/worldgen/biome/starlight_permafrost_forest.json; Bioma starlight_taiga (monster); peso 10, grupo 1–2; data/eternal_starlight/worldgen/biome/starlight_taiga.json; Bioma starlit_sea (monster); peso 10, grupo 1–2; data/eternal_starlight/worldgen/biome/starlit_sea.json; Bioma the_abyss (monster); peso 10, grupo 1–2; data/eternal_starlight/worldgen/biome/the_abyss.json; Bioma torreya_forest (monster); peso 10, grupo 1–2; data/eternal_starlight/worldgen/biome/torreya_forest.json; Bioma umbral_plains (monster); peso 10, grupo 1–2; data/eternal_starlight/worldgen/biome/umbral_plains.json; Bioma warm_shore (monster); peso 10, grupo 1–2; data/eternal_starlight/worldgen/biome/warm_shore.json; ",Loot de morte,eternal_starlight:deepsilver_nugget,0–2,Loot condicionado ao caminho de morte; herança/interações/variantes fora deste pool separadas; pool2: 1 sorteio(s); reposição se múltiplos rolls; peso bruto 1/1; normaliza apenas entradas elegíveis; set_count; Saque minecraft:looting: bônus Math.round(nível × sorteio 0–1); limite sem limite explícito,"Ingrediente nas receitas auditadas: {'count': 1, 'id': 'eternal_starlight:deepsilver_ingot'}",Alta nos arquivos versionados; configurações/datapacks externos não confirmados,/images/bestiary/audited/es/lonestar-skeleton.png,cn/leolezury/eternalstarlight/common/client/model/entity/LonestarSkeletonModel.class; cn/leolezury/eternalstarlight/common/client/renderer/entity/LonestarSkeletonRenderer.class; assets/eternal_starlight/textures/entity/lonestar_skeleton.png; cn/leolezury/eternalstarlight/common/client/handler/ESClientSetupHandler.class; cn/leolezury/eternalstarlight/common/registry/ESEntities.class; cn/leolezury/eternalstarlight/common/registry/ESItems.class; output-es/proveniencia.json,evidence-es/eternalstarlight-0.9.0+1.21.1+neoforge.jar::data/eternal_starlight/loot_table/entities/lonestar_skeleton.json; evidence-es/decompiled-full/cn/leolezury/eternalstarlight/common/entity/living/monster/LonestarSkeleton.java; evidence-es/decompiled-full/cn/leolezury/eternalstarlight/common/registry/ESItems.java; registros-usos-itens.json#eternal_starlight:deepsilver_nugget,/bestiary/receitas/es.html#receita-amaramber-lantern-from-deepsilver-nuggets | [Receita amaramber_lantern_from_deepsilver_nuggets](lote-final-2026-10-06/es-cards-2026-10-06.md#receita-amaramber-lantern-from-deepsilver-nuggets) — data/eternal_starlight/recipe/amaramber_lantern_from_deepsilver_nuggets.json; [Receita chain_of_souls](lote-final-2026-10-06/es-cards-2026-10-06.md#receita-chain-of-souls) — data/eternal_starlight/recipe/chain_of_souls.json; [Receita deepsilver_ingot_from_nuggets](lote-final-2026-10-06/es-cards-2026-10-06.md#receita-deepsilver-ingot-from-nuggets) — data/eternal_starlight/recipe/deepsilver_ingot_from_nuggets.json; [Receita sonar_bomb](lote-final-2026-10-06/es-cards-2026-10-06.md#receita-sonar-bomb) — data/eternal_starlight/recipe/sonar_bomb.json
Lonestar Skeleton,Eternal Starlight,Criatura Skeleton; comportamento definido na classe e herança citadas,"Bioma crystallized_desert (monster); peso 10, grupo 1–2; data/eternal_starlight/worldgen/biome/crystallized_desert.json; Bioma dark_swamp (monster); peso 10, grupo 1–2; data/eternal_starlight/worldgen/biome/dark_swamp.json; Bioma ether_river (monster); peso 10, grupo 1–2; data/eternal_starlight/worldgen/biome/ether_river.json; Bioma glimmer_scrubland (monster); peso 10, grupo 1–2; data/eternal_starlight/worldgen/biome/glimmer_scrubland.json; Bioma grim_shore (monster); peso 10, grupo 1–2; data/eternal_starlight/worldgen/biome/grim_shore.json; Bioma icy_sea (monster); peso 10, grupo 1–2; data/eternal_starlight/worldgen/biome/icy_sea.json; Bioma lush_shallow_sea (monster); peso 10, grupo 1–2; data/eternal_starlight/worldgen/biome/lush_shallow_sea.json; Bioma permafrost_peaks (monster); peso 10, grupo 1–2; data/eternal_starlight/worldgen/biome/permafrost_peaks.json; Bioma scarlet_forest (monster); peso 10, grupo 1–2; data/eternal_starlight/worldgen/biome/scarlet_forest.json; Bioma shimmer_river (monster); peso 10, grupo 1–2; data/eternal_starlight/worldgen/biome/shimmer_river.json; Bioma spiral_kelp_forest (monster); peso 10, grupo 1–2; data/eternal_starlight/worldgen/biome/spiral_kelp_forest.json; Bioma starlight_dense_forest (monster); peso 10, grupo 1–2; data/eternal_starlight/worldgen/biome/starlight_dense_forest.json; Bioma starlight_forest (monster); peso 10, grupo 1–2; data/eternal_starlight/worldgen/biome/starlight_forest.json; Bioma starlight_permafrost_forest (monster); peso 10, grupo 1–2; data/eternal_starlight/worldgen/biome/starlight_permafrost_forest.json; Bioma starlight_taiga (monster); peso 10, grupo 1–2; data/eternal_starlight/worldgen/biome/starlight_taiga.json; Bioma starlit_sea (monster); peso 10, grupo 1–2; data/eternal_starlight/worldgen/biome/starlit_sea.json; Bioma the_abyss (monster); peso 10, grupo 1–2; data/eternal_starlight/worldgen/biome/the_abyss.json; Bioma torreya_forest (monster); peso 10, grupo 1–2; data/eternal_starlight/worldgen/biome/torreya_forest.json; Bioma umbral_plains (monster); peso 10, grupo 1–2; data/eternal_starlight/worldgen/biome/umbral_plains.json; Bioma warm_shore (monster); peso 10, grupo 1–2; data/eternal_starlight/worldgen/biome/warm_shore.json; ",Equipamento por herança Mob,Itens dos slots equipados,0–1 pilha por slot,"Equipamento preexistente, chance da herança Mob por slot; PREVENT_EQUIPMENT_DROP, estado de pickup/playerkill e Saque aplicáveis. Lonestar: mãos20%, Shattered Sword ganha hasBlade antes do drop; máscara/peitoral Amaramber substituem armadura se existente ou sorteio1/5. Stranghoul: couro30% por slot vazio e arma por #stranghoul_can_use. Não prêmio garantido.",Reutilizar equipamento correspondente; inventário/registro e recipes por item preservados na fonte,Alta nos arquivos versionados; configurações/datapacks externos não confirmados,/images/bestiary/audited/es/lonestar-skeleton.png,cn/leolezury/eternalstarlight/common/client/model/entity/LonestarSkeletonModel.class; cn/leolezury/eternalstarlight/common/client/renderer/entity/LonestarSkeletonRenderer.class; assets/eternal_starlight/textures/entity/lonestar_skeleton.png; cn/leolezury/eternalstarlight/common/client/handler/ESClientSetupHandler.class; cn/leolezury/eternalstarlight/common/registry/ESEntities.class; cn/leolezury/eternalstarlight/common/registry/ESItems.class; output-es/proveniencia.json,/workspace/scratch/25006bff7ab5/evidence-es/decompiled-full/cn/leolezury/eternalstarlight/common/entity/living/monster/LonestarSkeleton.java; evidence-es/decompiled-full/cn/leolezury/eternalstarlight/common/entity/living/monster/LonestarSkeleton.java,Não aplicável: uso direto ou nenhuma receita identificada na build
Nightfall Spider,Eternal Starlight,Criatura Spider; comportamento definido na classe e herança citadas,"Bioma crystallized_desert (monster); peso 15, grupo 1–2; data/eternal_starlight/worldgen/biome/crystallized_desert.json; Bioma dark_swamp (monster); peso 15, grupo 1–2; data/eternal_starlight/worldgen/biome/dark_swamp.json; Bioma ether_river (monster); peso 15, grupo 1–2; data/eternal_starlight/worldgen/biome/ether_river.json; Bioma glimmer_scrubland (monster); peso 15, grupo 1–2; data/eternal_starlight/worldgen/biome/glimmer_scrubland.json; Bioma grim_shore (monster); peso 15, grupo 1–2; data/eternal_starlight/worldgen/biome/grim_shore.json; Bioma icy_sea (monster); peso 15, grupo 1–2; data/eternal_starlight/worldgen/biome/icy_sea.json; Bioma lush_shallow_sea (monster); peso 15, grupo 1–2; data/eternal_starlight/worldgen/biome/lush_shallow_sea.json; Bioma permafrost_peaks (monster); peso 15, grupo 1–2; data/eternal_starlight/worldgen/biome/permafrost_peaks.json; Bioma scarlet_forest (monster); peso 15, grupo 1–2; data/eternal_starlight/worldgen/biome/scarlet_forest.json; Bioma shimmer_river (monster); peso 15, grupo 1–2; data/eternal_starlight/worldgen/biome/shimmer_river.json; Bioma spiral_kelp_forest (monster); peso 15, grupo 1–2; data/eternal_starlight/worldgen/biome/spiral_kelp_forest.json; Bioma starlight_dense_forest (monster); peso 15, grupo 1–2; data/eternal_starlight/worldgen/biome/starlight_dense_forest.json; Bioma starlight_forest (monster); peso 15, grupo 1–2; data/eternal_starlight/worldgen/biome/starlight_forest.json; Bioma starlight_permafrost_forest (monster); peso 15, grupo 1–2; data/eternal_starlight/worldgen/biome/starlight_permafrost_forest.json; Bioma starlight_taiga (monster); peso 15, grupo 1–2; data/eternal_starlight/worldgen/biome/starlight_taiga.json; Bioma starlit_sea (monster); peso 15, grupo 1–2; data/eternal_starlight/worldgen/biome/starlit_sea.json; Bioma the_abyss (monster); peso 15, grupo 1–2; data/eternal_starlight/worldgen/biome/the_abyss.json; Bioma torreya_forest (monster); peso 15, grupo 1–2; data/eternal_starlight/worldgen/biome/torreya_forest.json; Bioma umbral_plains (monster); peso 15, grupo 1–2; data/eternal_starlight/worldgen/biome/umbral_plains.json; Bioma warm_shore (monster); peso 15, grupo 1–2; data/eternal_starlight/worldgen/biome/warm_shore.json; ",Loot de morte,minecraft:string,0–2,Loot condicionado ao caminho de morte; herança/interações/variantes fora deste pool separadas; pool1: 1 sorteio(s); reposição se múltiplos rolls; peso bruto 1/1; normaliza apenas entradas elegíveis; set_count; Saque minecraft:looting: bônus Math.round(nível × sorteio 0–1); limite sem limite explícito,"Ingrediente nas receitas auditadas: {'count': 1, 'id': 'eternal_starlight:amaramber_candle'}, {'count': 1, 'id': 'eternal_starlight:crystal_crossbow'}, {'count': 1, 'id': 'eternal_starlight:mechanical_crossbow'}, {'count': 1, 'id': 'eternal_starlight:saltpeter_matchbox'}, {'count': 1, 'id': 'eternal_starlight:starfall_longbow'}, {'count': 1, 'id': 'eternal_starlight:unrealium_crossbow'}",Alta nos arquivos versionados; configurações/datapacks externos não confirmados,/images/bestiary/audited/es/nightfall-spider.png,cn/leolezury/eternalstarlight/common/client/model/entity/NightfallSpiderModel.class; cn/leolezury/eternalstarlight/common/client/renderer/entity/NightfallSpiderRenderer.class; assets/eternal_starlight/textures/entity/nightfall_spider.png; assets/eternal_starlight/textures/entity/nightfall_spider_eyes.png; cn/leolezury/eternalstarlight/common/client/handler/ESClientSetupHandler.class; cn/leolezury/eternalstarlight/common/client/renderer/layer/NightfallSpiderEyesLayer.class; cn/leolezury/eternalstarlight/common/registry/ESEntities.class; cn/leolezury/eternalstarlight/common/registry/ESItems.class; output-es/proveniencia.json,evidence-es/eternalstarlight-0.9.0+1.21.1+neoforge.jar::data/eternal_starlight/loot_table/entities/nightfall_spider.json; evidence-es/decompiled-full/cn/leolezury/eternalstarlight/common/entity/living/monster/NightfallSpider.java,/bestiary/receitas/es.html#receita-amaramber-candle | [Receita amaramber_candle](lote-final-2026-10-06/es-cards-2026-10-06.md#receita-amaramber-candle) — data/eternal_starlight/recipe/amaramber_candle.json; [Receita crystal_crossbow](lote-final-2026-10-06/es-cards-2026-10-06.md#receita-crystal-crossbow) — data/eternal_starlight/recipe/crystal_crossbow.json; [Receita mechanical_crossbow](lote-final-2026-10-06/es-cards-2026-10-06.md#receita-mechanical-crossbow) — data/eternal_starlight/recipe/mechanical_crossbow.json; [Receita saltpeter_matchbox](lote-final-2026-10-06/es-cards-2026-10-06.md#receita-saltpeter-matchbox) — data/eternal_starlight/recipe/saltpeter_matchbox.json; [Receita starfall_longbow](lote-final-2026-10-06/es-cards-2026-10-06.md#receita-starfall-longbow) — data/eternal_starlight/recipe/starfall_longbow.json; [Receita unrealium_crossbow](lote-final-2026-10-06/es-cards-2026-10-06.md#receita-unrealium-crossbow) — data/eternal_starlight/recipe/unrealium_crossbow.json
Nightfall Spider,Eternal Starlight,Criatura Spider; comportamento definido na classe e herança citadas,"Bioma crystallized_desert (monster); peso 15, grupo 1–2; data/eternal_starlight/worldgen/biome/crystallized_desert.json; Bioma dark_swamp (monster); peso 15, grupo 1–2; data/eternal_starlight/worldgen/biome/dark_swamp.json; Bioma ether_river (monster); peso 15, grupo 1–2; data/eternal_starlight/worldgen/biome/ether_river.json; Bioma glimmer_scrubland (monster); peso 15, grupo 1–2; data/eternal_starlight/worldgen/biome/glimmer_scrubland.json; Bioma grim_shore (monster); peso 15, grupo 1–2; data/eternal_starlight/worldgen/biome/grim_shore.json; Bioma icy_sea (monster); peso 15, grupo 1–2; data/eternal_starlight/worldgen/biome/icy_sea.json; Bioma lush_shallow_sea (monster); peso 15, grupo 1–2; data/eternal_starlight/worldgen/biome/lush_shallow_sea.json; Bioma permafrost_peaks (monster); peso 15, grupo 1–2; data/eternal_starlight/worldgen/biome/permafrost_peaks.json; Bioma scarlet_forest (monster); peso 15, grupo 1–2; data/eternal_starlight/worldgen/biome/scarlet_forest.json; Bioma shimmer_river (monster); peso 15, grupo 1–2; data/eternal_starlight/worldgen/biome/shimmer_river.json; Bioma spiral_kelp_forest (monster); peso 15, grupo 1–2; data/eternal_starlight/worldgen/biome/spiral_kelp_forest.json; Bioma starlight_dense_forest (monster); peso 15, grupo 1–2; data/eternal_starlight/worldgen/biome/starlight_dense_forest.json; Bioma starlight_forest (monster); peso 15, grupo 1–2; data/eternal_starlight/worldgen/biome/starlight_forest.json; Bioma starlight_permafrost_forest (monster); peso 15, grupo 1–2; data/eternal_starlight/worldgen/biome/starlight_permafrost_forest.json; Bioma starlight_taiga (monster); peso 15, grupo 1–2; data/eternal_starlight/worldgen/biome/starlight_taiga.json; Bioma starlit_sea (monster); peso 15, grupo 1–2; data/eternal_starlight/worldgen/biome/starlit_sea.json; Bioma the_abyss (monster); peso 15, grupo 1–2; data/eternal_starlight/worldgen/biome/the_abyss.json; Bioma torreya_forest (monster); peso 15, grupo 1–2; data/eternal_starlight/worldgen/biome/torreya_forest.json; Bioma umbral_plains (monster); peso 15, grupo 1–2; data/eternal_starlight/worldgen/biome/umbral_plains.json; Bioma warm_shore (monster); peso 15, grupo 1–2; data/eternal_starlight/worldgen/biome/warm_shore.json; ",Loot de morte,eternal_starlight:nightfall_spider_eye,-1–1,Loot condicionado ao caminho de morte; herança/interações/variantes fora deste pool separadas; pool2: 1 sorteio(s); reposição se múltiplos rolls; morte atribuída ao jogador; peso bruto 1/1; normaliza apenas entradas elegíveis; set_count; Saque minecraft:looting: bônus Math.round(nível × sorteio 0–1); limite sem limite explícito,"Ingrediente nas receitas auditadas: {'count': 3, 'id': 'minecraft:comparator'}, {'count': 1, 'id': 'minecraft:comparator'}, {'count': 1, 'id': 'minecraft:daylight_detector'}, {'count': 4, 'id': 'minecraft:observer'}, {'count': 1, 'id': 'minecraft:observer'}, {'count': 1, 'id': 'eternal_starlight:soulit_spectator'}, {'count': 2, 'id': 'minecraft:tinted_glass'}",Alta nos arquivos versionados; configurações/datapacks externos não confirmados,/images/bestiary/audited/es/nightfall-spider.png,cn/leolezury/eternalstarlight/common/client/model/entity/NightfallSpiderModel.class; cn/leolezury/eternalstarlight/common/client/renderer/entity/NightfallSpiderRenderer.class; assets/eternal_starlight/textures/entity/nightfall_spider.png; assets/eternal_starlight/textures/entity/nightfall_spider_eyes.png; cn/leolezury/eternalstarlight/common/client/handler/ESClientSetupHandler.class; cn/leolezury/eternalstarlight/common/client/renderer/layer/NightfallSpiderEyesLayer.class; cn/leolezury/eternalstarlight/common/registry/ESEntities.class; cn/leolezury/eternalstarlight/common/registry/ESItems.class; output-es/proveniencia.json,evidence-es/eternalstarlight-0.9.0+1.21.1+neoforge.jar::data/eternal_starlight/loot_table/entities/nightfall_spider.json; evidence-es/decompiled-full/cn/leolezury/eternalstarlight/common/entity/living/monster/NightfallSpider.java; evidence-es/decompiled-full/cn/leolezury/eternalstarlight/common/registry/ESItems.java; registros-usos-itens.json#eternal_starlight:nightfall_spider_eye,/bestiary/receitas/es.html#receita-comparator-from-cinder-brick-and-nightfall-spider-eye | [Receita comparator_from_cinder_brick_and_nightfall_spider_eye](lote-final-2026-10-06/es-cards-2026-10-06.md#receita-comparator-from-cinder-brick-and-nightfall-spider-eye) — data/eternal_starlight/recipe/comparator_from_cinder_brick_and_nightfall_spider_eye.json; [Receita comparator_from_nightfall_spider_eye](lote-final-2026-10-06/es-cards-2026-10-06.md#receita-comparator-from-nightfall-spider-eye) — data/eternal_starlight/recipe/comparator_from_nightfall_spider_eye.json; [Receita daylight_detector_from_nightfall_spider_eye](lote-final-2026-10-06/es-cards-2026-10-06.md#receita-daylight-detector-from-nightfall-spider-eye) — data/eternal_starlight/recipe/daylight_detector_from_nightfall_spider_eye.json; [Receita observer_from_cinder_brick_and_nightfall_spider_eye](lote-final-2026-10-06/es-cards-2026-10-06.md#receita-observer-from-cinder-brick-and-nightfall-spider-eye) — data/eternal_starlight/recipe/observer_from_cinder_brick_and_nightfall_spider_eye.json; [Receita observer_from_nightfall_spider_eye](lote-final-2026-10-06/es-cards-2026-10-06.md#receita-observer-from-nightfall-spider-eye) — data/eternal_starlight/recipe/observer_from_nightfall_spider_eye.json; [Receita soulit_spectator](lote-final-2026-10-06/es-cards-2026-10-06.md#receita-soulit-spectator) — data/eternal_starlight/recipe/shapeless/soulit_spectator.json; [Receita tinted_glass_from_nightfall_spider_eye](lote-final-2026-10-06/es-cards-2026-10-06.md#receita-tinted-glass-from-nightfall-spider-eye) — data/eternal_starlight/recipe/tinted_glass_from_nightfall_spider_eye.json
Seeker,Eternal Starlight,Criatura Monster; alvos: Player,"Bioma crystallized_desert (monster); peso 15, grupo 1–2; data/eternal_starlight/worldgen/biome/crystallized_desert.json; Bioma dark_swamp (monster); peso 15, grupo 1–2; data/eternal_starlight/worldgen/biome/dark_swamp.json; Bioma ether_river (monster); peso 15, grupo 1–2; data/eternal_starlight/worldgen/biome/ether_river.json; Bioma glimmer_scrubland (monster); peso 15, grupo 1–2; data/eternal_starlight/worldgen/biome/glimmer_scrubland.json; Bioma grim_shore (monster); peso 15, grupo 1–2; data/eternal_starlight/worldgen/biome/grim_shore.json; Bioma icy_sea (monster); peso 15, grupo 1–2; data/eternal_starlight/worldgen/biome/icy_sea.json; Bioma lush_shallow_sea (monster); peso 15, grupo 1–2; data/eternal_starlight/worldgen/biome/lush_shallow_sea.json; Bioma permafrost_peaks (monster); peso 15, grupo 1–2; data/eternal_starlight/worldgen/biome/permafrost_peaks.json; Bioma scarlet_forest (monster); peso 15, grupo 1–2; data/eternal_starlight/worldgen/biome/scarlet_forest.json; Bioma shimmer_river (monster); peso 15, grupo 1–2; data/eternal_starlight/worldgen/biome/shimmer_river.json; Bioma spiral_kelp_forest (monster); peso 15, grupo 1–2; data/eternal_starlight/worldgen/biome/spiral_kelp_forest.json; Bioma starlight_dense_forest (monster); peso 15, grupo 1–2; data/eternal_starlight/worldgen/biome/starlight_dense_forest.json; Bioma starlight_forest (monster); peso 15, grupo 1–2; data/eternal_starlight/worldgen/biome/starlight_forest.json; Bioma starlight_permafrost_forest (monster); peso 15, grupo 1–2; data/eternal_starlight/worldgen/biome/starlight_permafrost_forest.json; Bioma starlight_taiga (monster); peso 15, grupo 1–2; data/eternal_starlight/worldgen/biome/starlight_taiga.json; Bioma starlit_sea (monster); peso 15, grupo 1–2; data/eternal_starlight/worldgen/biome/starlit_sea.json; Bioma the_abyss (monster); peso 15, grupo 1–2; data/eternal_starlight/worldgen/biome/the_abyss.json; Bioma torreya_forest (monster); peso 15, grupo 1–2; data/eternal_starlight/worldgen/biome/torreya_forest.json; Bioma umbral_plains (monster); peso 15, grupo 1–2; data/eternal_starlight/worldgen/biome/umbral_plains.json; Bioma warm_shore (monster); peso 15, grupo 1–2; data/eternal_starlight/worldgen/biome/warm_shore.json; ",Loot de morte,eternal_starlight:seeker_tentacle,1–2,Loot condicionado ao caminho de morte; herança/interações/variantes fora deste pool separadas; pool1: 1 sorteio(s); reposição se múltiplos rolls; peso bruto 1/1; normaliza apenas entradas elegíveis; set_count; Saque minecraft:looting: bônus Math.round(nível × sorteio 0–1); limite sem limite explícito,"Ingrediente nas receitas auditadas: {'count': 1, 'id': 'eternal_starlight:tentacle_spike'}",Alta nos arquivos versionados; configurações/datapacks externos não confirmados,/images/bestiary/audited/es/seeker-lunar.png,cn/leolezury/eternalstarlight/common/client/model/entity/SeekerModel.class; cn/leolezury/eternalstarlight/common/client/renderer/entity/SeekerRenderer.class; assets/eternal_starlight/textures/entity/seeker/lunar.png; assets/eternal_starlight/textures/entity/seeker/lunar_glow.png; cn/leolezury/eternalstarlight/common/client/handler/ESClientSetupHandler.class; cn/leolezury/eternalstarlight/common/client/renderer/layer/SeekerGlowLayer.class; cn/leolezury/eternalstarlight/common/registry/ESEntities.class; cn/leolezury/eternalstarlight/common/registry/ESItems.class; data/eternal_starlight/eternal_starlight/seeker_variant/lunar.json; data/eternal_starlight/eternal_starlight/seeker_variant/scarlet.json; assets/eternal_starlight/textures/entity/seeker/scarlet.png; assets/eternal_starlight/textures/entity/seeker/scarlet_glow.png; output-es/proveniencia.json,evidence-es/eternalstarlight-0.9.0+1.21.1+neoforge.jar::data/eternal_starlight/loot_table/entities/seeker.json; evidence-es/decompiled-full/cn/leolezury/eternalstarlight/common/entity/living/monster/Seeker.java; evidence-es/decompiled-full/cn/leolezury/eternalstarlight/common/registry/ESItems.java; registros-usos-itens.json#eternal_starlight:seeker_tentacle,/bestiary/receitas/es.html#receita-tentacle-spike | [Receita tentacle_spike](lote-final-2026-10-06/es-cards-2026-10-06.md#receita-tentacle-spike) — data/eternal_starlight/recipe/tentacle_spike.json
Seeker,Eternal Starlight,Criatura Monster; alvos: Player,"Bioma crystallized_desert (monster); peso 15, grupo 1–2; data/eternal_starlight/worldgen/biome/crystallized_desert.json; Bioma dark_swamp (monster); peso 15, grupo 1–2; data/eternal_starlight/worldgen/biome/dark_swamp.json; Bioma ether_river (monster); peso 15, grupo 1–2; data/eternal_starlight/worldgen/biome/ether_river.json; Bioma glimmer_scrubland (monster); peso 15, grupo 1–2; data/eternal_starlight/worldgen/biome/glimmer_scrubland.json; Bioma grim_shore (monster); peso 15, grupo 1–2; data/eternal_starlight/worldgen/biome/grim_shore.json; Bioma icy_sea (monster); peso 15, grupo 1–2; data/eternal_starlight/worldgen/biome/icy_sea.json; Bioma lush_shallow_sea (monster); peso 15, grupo 1–2; data/eternal_starlight/worldgen/biome/lush_shallow_sea.json; Bioma permafrost_peaks (monster); peso 15, grupo 1–2; data/eternal_starlight/worldgen/biome/permafrost_peaks.json; Bioma scarlet_forest (monster); peso 15, grupo 1–2; data/eternal_starlight/worldgen/biome/scarlet_forest.json; Bioma shimmer_river (monster); peso 15, grupo 1–2; data/eternal_starlight/worldgen/biome/shimmer_river.json; Bioma spiral_kelp_forest (monster); peso 15, grupo 1–2; data/eternal_starlight/worldgen/biome/spiral_kelp_forest.json; Bioma starlight_dense_forest (monster); peso 15, grupo 1–2; data/eternal_starlight/worldgen/biome/starlight_dense_forest.json; Bioma starlight_forest (monster); peso 15, grupo 1–2; data/eternal_starlight/worldgen/biome/starlight_forest.json; Bioma starlight_permafrost_forest (monster); peso 15, grupo 1–2; data/eternal_starlight/worldgen/biome/starlight_permafrost_forest.json; Bioma starlight_taiga (monster); peso 15, grupo 1–2; data/eternal_starlight/worldgen/biome/starlight_taiga.json; Bioma starlit_sea (monster); peso 15, grupo 1–2; data/eternal_starlight/worldgen/biome/starlit_sea.json; Bioma the_abyss (monster); peso 15, grupo 1–2; data/eternal_starlight/worldgen/biome/the_abyss.json; Bioma torreya_forest (monster); peso 15, grupo 1–2; data/eternal_starlight/worldgen/biome/torreya_forest.json; Bioma umbral_plains (monster); peso 15, grupo 1–2; data/eternal_starlight/worldgen/biome/umbral_plains.json; Bioma warm_shore (monster); peso 15, grupo 1–2; data/eternal_starlight/worldgen/biome/warm_shore.json; ",Loot de morte,eternal_starlight:seeking_eye,1–2,Loot condicionado ao caminho de morte; herança/interações/variantes fora deste pool separadas; pool2: 1 sorteio(s); reposição se múltiplos rolls; peso bruto 1/1; normaliza apenas entradas elegíveis; set_count; Saque minecraft:looting: bônus Math.round(nível × sorteio 0–1); limite sem limite explícito,"Ingrediente nas receitas auditadas: {'count': 4, 'id': 'eternal_starlight:etheric_eye'}",Alta nos arquivos versionados; configurações/datapacks externos não confirmados,/images/bestiary/audited/es/seeker-lunar.png,cn/leolezury/eternalstarlight/common/client/model/entity/SeekerModel.class; cn/leolezury/eternalstarlight/common/client/renderer/entity/SeekerRenderer.class; assets/eternal_starlight/textures/entity/seeker/lunar.png; assets/eternal_starlight/textures/entity/seeker/lunar_glow.png; cn/leolezury/eternalstarlight/common/client/handler/ESClientSetupHandler.class; cn/leolezury/eternalstarlight/common/client/renderer/layer/SeekerGlowLayer.class; cn/leolezury/eternalstarlight/common/registry/ESEntities.class; cn/leolezury/eternalstarlight/common/registry/ESItems.class; data/eternal_starlight/eternal_starlight/seeker_variant/lunar.json; data/eternal_starlight/eternal_starlight/seeker_variant/scarlet.json; assets/eternal_starlight/textures/entity/seeker/scarlet.png; assets/eternal_starlight/textures/entity/seeker/scarlet_glow.png; output-es/proveniencia.json,evidence-es/eternalstarlight-0.9.0+1.21.1+neoforge.jar::data/eternal_starlight/loot_table/entities/seeker.json; evidence-es/decompiled-full/cn/leolezury/eternalstarlight/common/entity/living/monster/Seeker.java; evidence-es/decompiled-full/cn/leolezury/eternalstarlight/common/registry/ESItems.java; registros-usos-itens.json#eternal_starlight:seeking_eye,/bestiary/receitas/es.html#receita-etheric-eye | [Receita etheric_eye](lote-final-2026-10-06/es-cards-2026-10-06.md#receita-etheric-eye) — data/eternal_starlight/recipe/etheric_eye.json
Thirst Walker,Eternal Starlight,Criatura Monster; comportamento definido na classe e herança citadas,"Bioma crystallized_desert (monster); peso 10, grupo 1–2; data/eternal_starlight/worldgen/biome/crystallized_desert.json; ",Loot de morte,eternal_starlight:tooth_of_hunger,1–3,Loot condicionado ao caminho de morte; herança/interações/variantes fora deste pool separadas; pool1: 1 sorteio(s); reposição se múltiplos rolls; chance 60%; peso bruto 1/1; normaliza apenas entradas elegíveis; set_count; Saque minecraft:looting: bônus Math.round(nível × sorteio 0–1); limite sem limite explícito,"Ingrediente nas receitas auditadas: {'count': 1, 'id': 'eternal_starlight:crystalborn_catalyst'}, {'count': 1, 'id': 'eternal_starlight:dagger_of_hunger'}, {'count': 4, 'id': 'eternal_starlight:tooth_of_hunger_tiles'}, {'count': 4, 'id': 'eternal_starlight:voracious_arrow'}",Alta nos arquivos versionados; configurações/datapacks externos não confirmados,/images/bestiary/audited/es/thirst-walker.png,cn/leolezury/eternalstarlight/common/client/model/entity/ThirstWalkerModel.class; cn/leolezury/eternalstarlight/common/client/renderer/entity/ThirstWalkerRenderer.class; assets/eternal_starlight/textures/entity/thirst_walker.png; assets/eternal_starlight/textures/entity/thirst_walker_eyes.png; cn/leolezury/eternalstarlight/common/client/handler/ESClientSetupHandler.class; cn/leolezury/eternalstarlight/common/client/model/animation/definition/ThirstWalkerAnimation.class; cn/leolezury/eternalstarlight/common/client/renderer/layer/ThirstWalkerEyesLayer.class; cn/leolezury/eternalstarlight/common/registry/ESEntities.class; cn/leolezury/eternalstarlight/common/registry/ESItems.class; output-es/proveniencia.json,evidence-es/eternalstarlight-0.9.0+1.21.1+neoforge.jar::data/eternal_starlight/loot_table/entities/thirst_walker.json; evidence-es/decompiled-full/cn/leolezury/eternalstarlight/common/entity/living/monster/ThirstWalker.java; evidence-es/decompiled-full/cn/leolezury/eternalstarlight/common/registry/ESItems.java; registros-usos-itens.json#eternal_starlight:tooth_of_hunger,/bestiary/receitas/es.html#receita-crystalborn-catalyst | [Receita crystalborn_catalyst](lote-final-2026-10-06/es-cards-2026-10-06.md#receita-crystalborn-catalyst) — data/eternal_starlight/recipe/crystalborn_catalyst.json; [Receita dagger_of_hunger](lote-final-2026-10-06/es-cards-2026-10-06.md#receita-dagger-of-hunger) — data/eternal_starlight/recipe/dagger_of_hunger.json; [Receita tooth_of_hunger_tiles](lote-final-2026-10-06/es-cards-2026-10-06.md#receita-tooth-of-hunger-tiles) — data/eternal_starlight/recipe/tooth_of_hunger_tiles.json; [Receita voracious_arrow](lote-final-2026-10-06/es-cards-2026-10-06.md#receita-voracious-arrow) — data/eternal_starlight/recipe/voracious_arrow.json
Thirst Walker,Eternal Starlight,Criatura Monster; comportamento definido na classe e herança citadas,"Bioma crystallized_desert (monster); peso 10, grupo 1–2; data/eternal_starlight/worldgen/biome/crystallized_desert.json; ",Loot de morte,eternal_starlight:seeking_eye,1–2,Loot condicionado ao caminho de morte; herança/interações/variantes fora deste pool separadas; pool2: 1 sorteio(s); reposição se múltiplos rolls; chance 20%; peso bruto 1/1; normaliza apenas entradas elegíveis; set_count; Saque minecraft:looting: bônus Math.round(nível × sorteio 0–1); limite sem limite explícito,"Ingrediente nas receitas auditadas: {'count': 4, 'id': 'eternal_starlight:etheric_eye'}",Alta nos arquivos versionados; configurações/datapacks externos não confirmados,/images/bestiary/audited/es/thirst-walker.png,cn/leolezury/eternalstarlight/common/client/model/entity/ThirstWalkerModel.class; cn/leolezury/eternalstarlight/common/client/renderer/entity/ThirstWalkerRenderer.class; assets/eternal_starlight/textures/entity/thirst_walker.png; assets/eternal_starlight/textures/entity/thirst_walker_eyes.png; cn/leolezury/eternalstarlight/common/client/handler/ESClientSetupHandler.class; cn/leolezury/eternalstarlight/common/client/model/animation/definition/ThirstWalkerAnimation.class; cn/leolezury/eternalstarlight/common/client/renderer/layer/ThirstWalkerEyesLayer.class; cn/leolezury/eternalstarlight/common/registry/ESEntities.class; cn/leolezury/eternalstarlight/common/registry/ESItems.class; output-es/proveniencia.json,evidence-es/eternalstarlight-0.9.0+1.21.1+neoforge.jar::data/eternal_starlight/loot_table/entities/thirst_walker.json; evidence-es/decompiled-full/cn/leolezury/eternalstarlight/common/entity/living/monster/ThirstWalker.java; evidence-es/decompiled-full/cn/leolezury/eternalstarlight/common/registry/ESItems.java; registros-usos-itens.json#eternal_starlight:seeking_eye,/bestiary/receitas/es.html#receita-etheric-eye | [Receita etheric_eye](lote-final-2026-10-06/es-cards-2026-10-06.md#receita-etheric-eye) — data/eternal_starlight/recipe/etheric_eye.json
Thirst Walker,Eternal Starlight,Criatura Monster; comportamento definido na classe e herança citadas,"Bioma crystallized_desert (monster); peso 10, grupo 1–2; data/eternal_starlight/worldgen/biome/crystallized_desert.json; ",Mecânica fora do JSON,eternal_starlight:tooth_of_hunger,0–2,"Ataque intencional contra LivingEntity bloqueando; teste1/6; quantidade nextInt3, chance positiva1/9 por ramo elegível","Ingrediente nas receitas auditadas: {'count': 1, 'id': 'eternal_starlight:crystalborn_catalyst'}, {'count': 1, 'id': 'eternal_starlight:dagger_of_hunger'}, {'count': 4, 'id': 'eternal_starlight:tooth_of_hunger_tiles'}, {'count': 4, 'id': 'eternal_starlight:voracious_arrow'}",Alta nos arquivos versionados; configurações/datapacks externos não confirmados,/images/bestiary/audited/es/thirst-walker.png,cn/leolezury/eternalstarlight/common/client/model/entity/ThirstWalkerModel.class; cn/leolezury/eternalstarlight/common/client/renderer/entity/ThirstWalkerRenderer.class; assets/eternal_starlight/textures/entity/thirst_walker.png; assets/eternal_starlight/textures/entity/thirst_walker_eyes.png; cn/leolezury/eternalstarlight/common/client/handler/ESClientSetupHandler.class; cn/leolezury/eternalstarlight/common/client/model/animation/definition/ThirstWalkerAnimation.class; cn/leolezury/eternalstarlight/common/client/renderer/layer/ThirstWalkerEyesLayer.class; cn/leolezury/eternalstarlight/common/registry/ESEntities.class; cn/leolezury/eternalstarlight/common/registry/ESItems.class; output-es/proveniencia.json,/workspace/scratch/25006bff7ab5/evidence-es/decompiled-full/cn/leolezury/eternalstarlight/common/entity/living/monster/ThirstWalker.java; evidence-es/decompiled-full/cn/leolezury/eternalstarlight/common/entity/living/monster/ThirstWalker.java; evidence-es/decompiled-full/cn/leolezury/eternalstarlight/common/registry/ESItems.java; registros-usos-itens.json#eternal_starlight:tooth_of_hunger,/bestiary/receitas/es.html#receita-crystalborn-catalyst | [Receita crystalborn_catalyst](lote-final-2026-10-06/es-cards-2026-10-06.md#receita-crystalborn-catalyst) — data/eternal_starlight/recipe/crystalborn_catalyst.json; [Receita dagger_of_hunger](lote-final-2026-10-06/es-cards-2026-10-06.md#receita-dagger-of-hunger) — data/eternal_starlight/recipe/dagger_of_hunger.json; [Receita tooth_of_hunger_tiles](lote-final-2026-10-06/es-cards-2026-10-06.md#receita-tooth-of-hunger-tiles) — data/eternal_starlight/recipe/tooth_of_hunger_tiles.json; [Receita voracious_arrow](lote-final-2026-10-06/es-cards-2026-10-06.md#receita-voracious-arrow) — data/eternal_starlight/recipe/voracious_arrow.json
Creteor,Eternal Starlight,Criatura Monster; alvos: Player,"AethersentMeteor no impacto: config creteor.canSpawn, sorteio spawnChance e nenhum Creteor num raio32; cria Creteor persistente. Meteoro do sistema meteorológico; configurações efetivas não confirmadas.",Loot de morte,minecraft:gunpowder,0–2,Loot condicionado ao caminho de morte; herança/interações/variantes fora deste pool separadas; pool1: 1 sorteio(s); reposição se múltiplos rolls; peso bruto 1/1; normaliza apenas entradas elegíveis; set_count; Saque minecraft:looting: bônus Math.round(nível × sorteio 0–1); limite sem limite explícito,"TNT, fogos e poções arremessáveis",Alta nos arquivos versionados; configurações/datapacks externos não confirmados,/images/bestiary/audited/es/creteor.png,cn/leolezury/eternalstarlight/common/client/model/entity/CreteorModel.class; cn/leolezury/eternalstarlight/common/client/renderer/entity/CreteorRenderer.class; assets/eternal_starlight/textures/entity/creteor.png; cn/leolezury/eternalstarlight/common/client/handler/ESClientSetupHandler.class; cn/leolezury/eternalstarlight/common/client/model/animation/definition/CreteorAnimation.class; cn/leolezury/eternalstarlight/common/client/renderer/layer/CreteorPowerLayer.class; cn/leolezury/eternalstarlight/common/registry/ESEntities.class; cn/leolezury/eternalstarlight/common/registry/ESItems.class; output-es/proveniencia.json,evidence-es/eternalstarlight-0.9.0+1.21.1+neoforge.jar::data/eternal_starlight/loot_table/entities/creteor.json; evidence-es/decompiled-full/cn/leolezury/eternalstarlight/common/entity/living/monster/Creteor.java,[Receitas vanilla1.21.1](lote-final-2026-10-06/receitas-vanilla.json)
Creteor,Eternal Starlight,Criatura Monster; alvos: Player,"AethersentMeteor no impacto: config creteor.canSpawn, sorteio spawnChance e nenhum Creteor num raio32; cria Creteor persistente. Meteoro do sistema meteorológico; configurações efetivas não confirmadas.",Loot de morte,eternal_starlight:raw_aethersent,1–3,Loot condicionado ao caminho de morte; herança/interações/variantes fora deste pool separadas; pool2: 1 sorteio(s); reposição se múltiplos rolls; peso bruto 1/1; normaliza apenas entradas elegíveis; set_count; Saque minecraft:looting: bônus Math.round(nível × sorteio 0–1); limite sem limite explícito,"Ingrediente nas receitas auditadas: {'count': 1, 'id': 'eternal_starlight:aethersent_ingot'}, {'count': 1, 'id': 'eternal_starlight:aethersent_ingot'}, {'count': 4, 'id': 'eternal_starlight:nebulaite'}, {'count': 1, 'id': 'eternal_starlight:raw_aethersent_block'}",Alta nos arquivos versionados; configurações/datapacks externos não confirmados,/images/bestiary/audited/es/creteor.png,cn/leolezury/eternalstarlight/common/client/model/entity/CreteorModel.class; cn/leolezury/eternalstarlight/common/client/renderer/entity/CreteorRenderer.class; assets/eternal_starlight/textures/entity/creteor.png; cn/leolezury/eternalstarlight/common/client/handler/ESClientSetupHandler.class; cn/leolezury/eternalstarlight/common/client/model/animation/definition/CreteorAnimation.class; cn/leolezury/eternalstarlight/common/client/renderer/layer/CreteorPowerLayer.class; cn/leolezury/eternalstarlight/common/registry/ESEntities.class; cn/leolezury/eternalstarlight/common/registry/ESItems.class; output-es/proveniencia.json,evidence-es/eternalstarlight-0.9.0+1.21.1+neoforge.jar::data/eternal_starlight/loot_table/entities/creteor.json; evidence-es/decompiled-full/cn/leolezury/eternalstarlight/common/entity/living/monster/Creteor.java; evidence-es/decompiled-full/cn/leolezury/eternalstarlight/common/registry/ESItems.java; registros-usos-itens.json#eternal_starlight:raw_aethersent,/bestiary/receitas/es.html#receita-aethersent-ingot-blasting-from-raw-aethersent | [Receita aethersent_ingot_blasting_from_raw_aethersent](lote-final-2026-10-06/es-cards-2026-10-06.md#receita-aethersent-ingot-blasting-from-raw-aethersent) — data/eternal_starlight/recipe/aethersent_ingot_blasting_from_raw_aethersent.json; [Receita aethersent_ingot_smelting_from_raw_aethersent](lote-final-2026-10-06/es-cards-2026-10-06.md#receita-aethersent-ingot-smelting-from-raw-aethersent) — data/eternal_starlight/recipe/aethersent_ingot_smelting_from_raw_aethersent.json; [Receita nebulaite](lote-final-2026-10-06/es-cards-2026-10-06.md#receita-nebulaite) — data/eternal_starlight/recipe/nebulaite.json; [Receita raw_aethersent_block](lote-final-2026-10-06/es-cards-2026-10-06.md#receita-raw-aethersent-block) — data/eternal_starlight/recipe/raw_aethersent_block.json
Creteor,Eternal Starlight,Criatura Monster; alvos: Player,"AethersentMeteor no impacto: config creteor.canSpawn, sorteio spawnChance e nenhum Creteor num raio32; cria Creteor persistente. Meteoro do sistema meteorológico; configurações efetivas não confirmadas.",Loot de morte,eternal_starlight:creteor_hide,4–6,Loot condicionado ao caminho de morte; herança/interações/variantes fora deste pool separadas; pool3: 1 sorteio(s); reposição se múltiplos rolls; peso bruto 1/1; normaliza apenas entradas elegíveis; set_count; Saque minecraft:looting: bônus Math.round(nível × sorteio 0–1); limite sem limite explícito,"Ingrediente nas receitas auditadas: {'count': 1, 'id': 'eternal_starlight:aethersent_boots'}, {'count': 1, 'id': 'eternal_starlight:aethersent_bottoms'}, {'count': 1, 'id': 'eternal_starlight:aethersent_cape'}, {'count': 1, 'id': 'eternal_starlight:aethersent_hood'}, {'count': 1, 'id': 'eternal_starlight:galactic_quiver'}, {'count': 1, 'id': 'eternal_starlight:aetherstrike_rocket'}, {'count': 1, 'id': 'eternal_starlight:starfall_longbow'}",Alta nos arquivos versionados; configurações/datapacks externos não confirmados,/images/bestiary/audited/es/creteor.png,cn/leolezury/eternalstarlight/common/client/model/entity/CreteorModel.class; cn/leolezury/eternalstarlight/common/client/renderer/entity/CreteorRenderer.class; assets/eternal_starlight/textures/entity/creteor.png; cn/leolezury/eternalstarlight/common/client/handler/ESClientSetupHandler.class; cn/leolezury/eternalstarlight/common/client/model/animation/definition/CreteorAnimation.class; cn/leolezury/eternalstarlight/common/client/renderer/layer/CreteorPowerLayer.class; cn/leolezury/eternalstarlight/common/registry/ESEntities.class; cn/leolezury/eternalstarlight/common/registry/ESItems.class; output-es/proveniencia.json,evidence-es/eternalstarlight-0.9.0+1.21.1+neoforge.jar::data/eternal_starlight/loot_table/entities/creteor.json; evidence-es/decompiled-full/cn/leolezury/eternalstarlight/common/entity/living/monster/Creteor.java; evidence-es/decompiled-full/cn/leolezury/eternalstarlight/common/registry/ESItems.java; registros-usos-itens.json#eternal_starlight:creteor_hide,/bestiary/receitas/es.html#receita-aethersent-boots | [Receita aethersent_boots](lote-final-2026-10-06/es-cards-2026-10-06.md#receita-aethersent-boots) — data/eternal_starlight/recipe/aethersent_boots.json; [Receita aethersent_bottoms](lote-final-2026-10-06/es-cards-2026-10-06.md#receita-aethersent-bottoms) — data/eternal_starlight/recipe/aethersent_bottoms.json; [Receita aethersent_cape](lote-final-2026-10-06/es-cards-2026-10-06.md#receita-aethersent-cape) — data/eternal_starlight/recipe/aethersent_cape.json; [Receita aethersent_hood](lote-final-2026-10-06/es-cards-2026-10-06.md#receita-aethersent-hood) — data/eternal_starlight/recipe/aethersent_hood.json; [Receita galactic_quiver](lote-final-2026-10-06/es-cards-2026-10-06.md#receita-galactic-quiver) — data/eternal_starlight/recipe/galactic_quiver.json; [Receita aetherstrike_rocket](lote-final-2026-10-06/es-cards-2026-10-06.md#receita-aetherstrike-rocket) — data/eternal_starlight/recipe/shapeless/aetherstrike_rocket.json; [Receita starfall_longbow](lote-final-2026-10-06/es-cards-2026-10-06.md#receita-starfall-longbow) — data/eternal_starlight/recipe/starfall_longbow.json
Tiny Creteor,Eternal Starlight,Criatura Monster; alvos: Player,Criado a partir de Creteor nas rotinas da classe; ver Creteor e TinyCreteor.,Loot de morte,eternal_starlight:raw_aethersent,1–2,Loot condicionado ao caminho de morte; herança/interações/variantes fora deste pool separadas; pool1: 1 sorteio(s); reposição se múltiplos rolls; peso bruto 1/1; normaliza apenas entradas elegíveis; set_count; Saque minecraft:looting: bônus Math.round(nível × sorteio 0–1); limite sem limite explícito,"Ingrediente nas receitas auditadas: {'count': 1, 'id': 'eternal_starlight:aethersent_ingot'}, {'count': 1, 'id': 'eternal_starlight:aethersent_ingot'}, {'count': 4, 'id': 'eternal_starlight:nebulaite'}, {'count': 1, 'id': 'eternal_starlight:raw_aethersent_block'}",Alta nos arquivos versionados; configurações/datapacks externos não confirmados,/images/bestiary/audited/es/tiny-creteor.png,cn/leolezury/eternalstarlight/common/client/model/entity/TinyCreteorModel.class; cn/leolezury/eternalstarlight/common/client/renderer/entity/TinyCreteorRenderer.class; assets/eternal_starlight/textures/entity/tiny_creteor.png; cn/leolezury/eternalstarlight/common/client/handler/ESClientSetupHandler.class; cn/leolezury/eternalstarlight/common/client/renderer/layer/TinyCreteorPowerLayer.class; cn/leolezury/eternalstarlight/common/registry/ESEntities.class; cn/leolezury/eternalstarlight/common/registry/ESItems.class; output-es/proveniencia.json,evidence-es/eternalstarlight-0.9.0+1.21.1+neoforge.jar::data/eternal_starlight/loot_table/entities/tiny_creteor.json; evidence-es/decompiled-full/cn/leolezury/eternalstarlight/common/entity/living/monster/TinyCreteor.java; evidence-es/decompiled-full/cn/leolezury/eternalstarlight/common/registry/ESItems.java; registros-usos-itens.json#eternal_starlight:raw_aethersent,/bestiary/receitas/es.html#receita-aethersent-ingot-blasting-from-raw-aethersent | [Receita aethersent_ingot_blasting_from_raw_aethersent](lote-final-2026-10-06/es-cards-2026-10-06.md#receita-aethersent-ingot-blasting-from-raw-aethersent) — data/eternal_starlight/recipe/aethersent_ingot_blasting_from_raw_aethersent.json; [Receita aethersent_ingot_smelting_from_raw_aethersent](lote-final-2026-10-06/es-cards-2026-10-06.md#receita-aethersent-ingot-smelting-from-raw-aethersent) — data/eternal_starlight/recipe/aethersent_ingot_smelting_from_raw_aethersent.json; [Receita nebulaite](lote-final-2026-10-06/es-cards-2026-10-06.md#receita-nebulaite) — data/eternal_starlight/recipe/nebulaite.json; [Receita raw_aethersent_block](lote-final-2026-10-06/es-cards-2026-10-06.md#receita-raw-aethersent-block) — data/eternal_starlight/recipe/raw_aethersent_block.json
Tiny Creteor,Eternal Starlight,Criatura Monster; alvos: Player,Criado a partir de Creteor nas rotinas da classe; ver Creteor e TinyCreteor.,Loot de morte,eternal_starlight:creteor_hide,1–3,Loot condicionado ao caminho de morte; herança/interações/variantes fora deste pool separadas; pool2: 1 sorteio(s); reposição se múltiplos rolls; peso bruto 1/1; normaliza apenas entradas elegíveis; set_count; Saque minecraft:looting: bônus Math.round(nível × sorteio 0–1); limite sem limite explícito,"Ingrediente nas receitas auditadas: {'count': 1, 'id': 'eternal_starlight:aethersent_boots'}, {'count': 1, 'id': 'eternal_starlight:aethersent_bottoms'}, {'count': 1, 'id': 'eternal_starlight:aethersent_cape'}, {'count': 1, 'id': 'eternal_starlight:aethersent_hood'}, {'count': 1, 'id': 'eternal_starlight:galactic_quiver'}, {'count': 1, 'id': 'eternal_starlight:aetherstrike_rocket'}, {'count': 1, 'id': 'eternal_starlight:starfall_longbow'}",Alta nos arquivos versionados; configurações/datapacks externos não confirmados,/images/bestiary/audited/es/tiny-creteor.png,cn/leolezury/eternalstarlight/common/client/model/entity/TinyCreteorModel.class; cn/leolezury/eternalstarlight/common/client/renderer/entity/TinyCreteorRenderer.class; assets/eternal_starlight/textures/entity/tiny_creteor.png; cn/leolezury/eternalstarlight/common/client/handler/ESClientSetupHandler.class; cn/leolezury/eternalstarlight/common/client/renderer/layer/TinyCreteorPowerLayer.class; cn/leolezury/eternalstarlight/common/registry/ESEntities.class; cn/leolezury/eternalstarlight/common/registry/ESItems.class; output-es/proveniencia.json,evidence-es/eternalstarlight-0.9.0+1.21.1+neoforge.jar::data/eternal_starlight/loot_table/entities/tiny_creteor.json; evidence-es/decompiled-full/cn/leolezury/eternalstarlight/common/entity/living/monster/TinyCreteor.java; evidence-es/decompiled-full/cn/leolezury/eternalstarlight/common/registry/ESItems.java; registros-usos-itens.json#eternal_starlight:creteor_hide,/bestiary/receitas/es.html#receita-aethersent-boots | [Receita aethersent_boots](lote-final-2026-10-06/es-cards-2026-10-06.md#receita-aethersent-boots) — data/eternal_starlight/recipe/aethersent_boots.json; [Receita aethersent_bottoms](lote-final-2026-10-06/es-cards-2026-10-06.md#receita-aethersent-bottoms) — data/eternal_starlight/recipe/aethersent_bottoms.json; [Receita aethersent_cape](lote-final-2026-10-06/es-cards-2026-10-06.md#receita-aethersent-cape) — data/eternal_starlight/recipe/aethersent_cape.json; [Receita aethersent_hood](lote-final-2026-10-06/es-cards-2026-10-06.md#receita-aethersent-hood) — data/eternal_starlight/recipe/aethersent_hood.json; [Receita galactic_quiver](lote-final-2026-10-06/es-cards-2026-10-06.md#receita-galactic-quiver) — data/eternal_starlight/recipe/galactic_quiver.json; [Receita aetherstrike_rocket](lote-final-2026-10-06/es-cards-2026-10-06.md#receita-aetherstrike-rocket) — data/eternal_starlight/recipe/shapeless/aetherstrike_rocket.json; [Receita starfall_longbow](lote-final-2026-10-06/es-cards-2026-10-06.md#receita-starfall-longbow) — data/eternal_starlight/recipe/starfall_longbow.json
Stranghoul,Eternal Starlight,"Criatura Monster; alvos: LivingEntity, Player",Rotas ativas de criação/spawner: evidence-es/decompiled-full/cn/leolezury/eternalstarlight/common/world/gen/structure/StranghoulDenStructure.java; ,Loot de morte,minecraft:rotten_flesh,1–2,Loot condicionado ao caminho de morte; herança/interações/variantes fora deste pool separadas; pool1: 1 sorteio(s); reposição se múltiplos rolls; peso bruto 1/1; normaliza apenas entradas elegíveis; set_count; Saque minecraft:looting: bônus Math.round(nível × sorteio 0–1); limite sem limite explícito,"Ingrediente nas receitas auditadas: leather_from_rotten_flesh, rotten_flesh_jerky, {'count': 1, 'id': 'eternal_starlight:pungency_stew'}",Alta nos arquivos versionados; configurações/datapacks externos não confirmados,/images/bestiary/audited/es/stranghoul.png,cn/leolezury/eternalstarlight/common/client/model/entity/StranghoulModel.class; cn/leolezury/eternalstarlight/common/client/renderer/entity/StranghoulRenderer.class; assets/eternal_starlight/textures/entity/stranghoul.png; cn/leolezury/eternalstarlight/common/client/handler/ESClientSetupHandler.class; cn/leolezury/eternalstarlight/common/registry/ESEntities.class; cn/leolezury/eternalstarlight/common/registry/ESItems.class; output-es/proveniencia.json,evidence-es/eternalstarlight-0.9.0+1.21.1+neoforge.jar::data/eternal_starlight/loot_table/entities/stranghoul.json; evidence-es/decompiled-full/cn/leolezury/eternalstarlight/common/entity/living/monster/Stranghoul.java,/bestiary/receitas/es.html#receita-leather-from-rotten-flesh | [Receita leather_from_rotten_flesh](lote-final-2026-10-06/es-cards-2026-10-06.md#receita-leather-from-rotten-flesh) — data/eternal_starlight/recipe/drying/leather_from_rotten_flesh.json; [Receita rotten_flesh_jerky](lote-final-2026-10-06/es-cards-2026-10-06.md#receita-rotten-flesh-jerky) — data/eternal_starlight/recipe/drying/rotten_flesh_jerky.json; [Receita pungency_stew](lote-final-2026-10-06/es-cards-2026-10-06.md#receita-pungency-stew) — data/eternal_starlight/recipe/shapeless/pungency_stew.json
Stranghoul,Eternal Starlight,"Criatura Monster; alvos: LivingEntity, Player",Rotas ativas de criação/spawner: evidence-es/decompiled-full/cn/leolezury/eternalstarlight/common/world/gen/structure/StranghoulDenStructure.java; ,Loot de morte,eternal_starlight:pungency_fruit,0–1,Loot condicionado ao caminho de morte; herança/interações/variantes fora deste pool separadas; pool2: 1 sorteio(s); reposição se múltiplos rolls; peso bruto 1/1; normaliza apenas entradas elegíveis; set_count; Saque minecraft:looting: bônus Math.round(nível × sorteio 0–1); limite sem limite explícito,"Ingrediente nas receitas auditadas: {'count': 1, 'id': 'eternal_starlight:pungency_fruit_axe'}, {'count': 1, 'id': 'eternal_starlight:pungency_fruit_spear'}, {'count': 1, 'id': 'eternal_starlight:pungency_stew'}, {'count': 1, 'id': 'eternal_starlight:silver_pungency_fruit'}, {'count': 1, 'id': 'eternal_starlight:tear_bomb'}",Alta nos arquivos versionados; configurações/datapacks externos não confirmados,/images/bestiary/audited/es/stranghoul.png,cn/leolezury/eternalstarlight/common/client/model/entity/StranghoulModel.class; cn/leolezury/eternalstarlight/common/client/renderer/entity/StranghoulRenderer.class; assets/eternal_starlight/textures/entity/stranghoul.png; cn/leolezury/eternalstarlight/common/client/handler/ESClientSetupHandler.class; cn/leolezury/eternalstarlight/common/registry/ESEntities.class; cn/leolezury/eternalstarlight/common/registry/ESItems.class; output-es/proveniencia.json,evidence-es/eternalstarlight-0.9.0+1.21.1+neoforge.jar::data/eternal_starlight/loot_table/entities/stranghoul.json; evidence-es/decompiled-full/cn/leolezury/eternalstarlight/common/entity/living/monster/Stranghoul.java; evidence-es/decompiled-full/cn/leolezury/eternalstarlight/common/registry/ESItems.java; registros-usos-itens.json#eternal_starlight:pungency_fruit,/bestiary/receitas/es.html#receita-pungency-fruit-axe-smithing | [Receita pungency_fruit_axe_smithing](lote-final-2026-10-06/es-cards-2026-10-06.md#receita-pungency-fruit-axe-smithing) — data/eternal_starlight/recipe/pungency_fruit_axe_smithing.json; [Receita pungency_fruit_spear_smithing](lote-final-2026-10-06/es-cards-2026-10-06.md#receita-pungency-fruit-spear-smithing) — data/eternal_starlight/recipe/pungency_fruit_spear_smithing.json; [Receita pungency_stew](lote-final-2026-10-06/es-cards-2026-10-06.md#receita-pungency-stew) — data/eternal_starlight/recipe/shapeless/pungency_stew.json; [Receita silver_pungency_fruit](lote-final-2026-10-06/es-cards-2026-10-06.md#receita-silver-pungency-fruit) — data/eternal_starlight/recipe/silver_pungency_fruit.json; [Receita tear_bomb](lote-final-2026-10-06/es-cards-2026-10-06.md#receita-tear-bomb) — data/eternal_starlight/recipe/tear_bomb.json
Stranghoul,Eternal Starlight,"Criatura Monster; alvos: LivingEntity, Player",Rotas ativas de criação/spawner: evidence-es/decompiled-full/cn/leolezury/eternalstarlight/common/world/gen/structure/StranghoulDenStructure.java; ,Loot de morte,eternal_starlight:pungency_fruit_seeds,0–1,Loot condicionado ao caminho de morte; herança/interações/variantes fora deste pool separadas; pool3: 1 sorteio(s); reposição se múltiplos rolls; peso bruto 1/1; normaliza apenas entradas elegíveis; set_count; Saque minecraft:looting: bônus Math.round(nível × sorteio 0–1); limite sem limite explícito,Plantar Pungency Fruit Vines pelo PungencyFruitSeedsItem,Alta no recurso/registro/classe citados; condições efetivas do pack não confirmadas,/images/bestiary/audited/es/stranghoul.png,cn/leolezury/eternalstarlight/common/client/model/entity/StranghoulModel.class; cn/leolezury/eternalstarlight/common/client/renderer/entity/StranghoulRenderer.class; assets/eternal_starlight/textures/entity/stranghoul.png; cn/leolezury/eternalstarlight/common/client/handler/ESClientSetupHandler.class; cn/leolezury/eternalstarlight/common/registry/ESEntities.class; cn/leolezury/eternalstarlight/common/registry/ESItems.class; output-es/proveniencia.json,evidence-es/eternalstarlight-0.9.0+1.21.1+neoforge.jar::data/eternal_starlight/loot_table/entities/stranghoul.json; evidence-es/decompiled-full/cn/leolezury/eternalstarlight/common/entity/living/monster/Stranghoul.java; evidence-es/decompiled-full/cn/leolezury/eternalstarlight/common/registry/ESItems.java; registros-usos-itens.json#eternal_starlight:pungency_fruit_seeds,Não aplicável: uso direto ou nenhuma receita identificada na build
Stranghoul,Eternal Starlight,"Criatura Monster; alvos: LivingEntity, Player",Rotas ativas de criação/spawner: evidence-es/decompiled-full/cn/leolezury/eternalstarlight/common/world/gen/structure/StranghoulDenStructure.java; ,Loot de morte,eternal_starlight:malarite,1,Loot condicionado ao caminho de morte; herança/interações/variantes fora deste pool separadas; pool4: 1 sorteio(s); reposição se múltiplos rolls; chance 10%; peso bruto 1/1; normaliza apenas entradas elegíveis,"Ingrediente nas receitas auditadas: {'count': 1, 'id': 'eternal_starlight:malarite_block'}",Alta nos arquivos versionados; configurações/datapacks externos não confirmados,/images/bestiary/audited/es/stranghoul.png,cn/leolezury/eternalstarlight/common/client/model/entity/StranghoulModel.class; cn/leolezury/eternalstarlight/common/client/renderer/entity/StranghoulRenderer.class; assets/eternal_starlight/textures/entity/stranghoul.png; cn/leolezury/eternalstarlight/common/client/handler/ESClientSetupHandler.class; cn/leolezury/eternalstarlight/common/registry/ESEntities.class; cn/leolezury/eternalstarlight/common/registry/ESItems.class; output-es/proveniencia.json,evidence-es/eternalstarlight-0.9.0+1.21.1+neoforge.jar::data/eternal_starlight/loot_table/entities/stranghoul.json; evidence-es/decompiled-full/cn/leolezury/eternalstarlight/common/entity/living/monster/Stranghoul.java; evidence-es/decompiled-full/cn/leolezury/eternalstarlight/common/registry/ESItems.java; registros-usos-itens.json#eternal_starlight:malarite,/bestiary/receitas/es.html#receita-unrealium | [Receita unrealium](lote-final-2026-10-06/es-cards-2026-10-06.md#receita-unrealium) — data/eternal_starlight/recipe/alloy/unrealium.json; [Receita blooming_armor_trim_smithing_template_smithing_trim](lote-final-2026-10-06/es-cards-2026-10-06.md#receita-blooming-armor-trim-smithing-template-smithing-trim) — data/eternal_starlight/recipe/blooming_armor_trim_smithing_template_smithing_trim.json; [Receita forge_armor_trim_smithing_template_smithing_trim](lote-final-2026-10-06/es-cards-2026-10-06.md#receita-forge-armor-trim-smithing-template-smithing-trim) — data/eternal_starlight/recipe/forge_armor_trim_smithing_template_smithing_trim.json; [Receita keeper_armor_trim_smithing_template_smithing_trim](lote-final-2026-10-06/es-cards-2026-10-06.md#receita-keeper-armor-trim-smithing-template-smithing-trim) — data/eternal_starlight/recipe/keeper_armor_trim_smithing_template_smithing_trim.json; [Receita malarite_arrow](lote-final-2026-10-06/es-cards-2026-10-06.md#receita-malarite-arrow) — data/eternal_starlight/recipe/malarite_arrow.json; [Receita malarite_axe](lote-final-2026-10-06/es-cards-2026-10-06.md#receita-malarite-axe) — data/eternal_starlight/recipe/malarite_axe.json; [Receita malarite_block](lote-final-2026-10-06/es-cards-2026-10-06.md#receita-malarite-block) — data/eternal_starlight/recipe/malarite_block.json; [Receita malarite_hoe](lote-final-2026-10-06/es-cards-2026-10-06.md#receita-malarite-hoe) — data/eternal_starlight/recipe/malarite_hoe.json; [Receita malarite_pickaxe](lote-final-2026-10-06/es-cards-2026-10-06.md#receita-malarite-pickaxe) — data/eternal_starlight/recipe/malarite_pickaxe.json; [Receita malarite_shovel](lote-final-2026-10-06/es-cards-2026-10-06.md#receita-malarite-shovel) — data/eternal_starlight/recipe/malarite_shovel.json; [Receita malarite_sickle](lote-final-2026-10-06/es-cards-2026-10-06.md#receita-malarite-sickle) — data/eternal_starlight/recipe/malarite_sickle.json; [Receita malarite_spear](lote-final-2026-10-06/es-cards-2026-10-06.md#receita-malarite-spear) — data/eternal_starlight/recipe/malarite_spear.json; [Receita malarite_sword](lote-final-2026-10-06/es-cards-2026-10-06.md#receita-malarite-sword) — data/eternal_starlight/recipe/malarite_sword.json; [Receita pungency_fruit_upgrade_smithing_template](lote-final-2026-10-06/es-cards-2026-10-06.md#receita-pungency-fruit-upgrade-smithing-template) — data/eternal_starlight/recipe/pungency_fruit_upgrade_smithing_template.json; [Receita tear_bomb](lote-final-2026-10-06/es-cards-2026-10-06.md#receita-tear-bomb) — data/eternal_starlight/recipe/tear_bomb.json; [Receita twining_armor_trim_smithing_template_smithing_trim](lote-final-2026-10-06/es-cards-2026-10-06.md#receita-twining-armor-trim-smithing-template-smithing-trim) — data/eternal_starlight/recipe/twining_armor_trim_smithing_template_smithing_trim.json
Stranghoul,Eternal Starlight,"Criatura Monster; alvos: LivingEntity, Player",Rotas ativas de criação/spawner: evidence-es/decompiled-full/cn/leolezury/eternalstarlight/common/world/gen/structure/StranghoulDenStructure.java; ,Equipamento por herança Mob,Itens dos slots equipados,0–1 pilha por slot,"Equipamento preexistente, chance da herança Mob por slot; PREVENT_EQUIPMENT_DROP, estado de pickup/playerkill e Saque aplicáveis. Lonestar: mãos20%, Shattered Sword ganha hasBlade antes do drop; máscara/peitoral Amaramber substituem armadura se existente ou sorteio1/5. Stranghoul: couro30% por slot vazio e arma por #stranghoul_can_use. Não prêmio garantido.",Reutilizar equipamento correspondente; inventário/registro e recipes por item preservados na fonte,Alta nos arquivos versionados; configurações/datapacks externos não confirmados,/images/bestiary/audited/es/stranghoul.png,cn/leolezury/eternalstarlight/common/client/model/entity/StranghoulModel.class; cn/leolezury/eternalstarlight/common/client/renderer/entity/StranghoulRenderer.class; assets/eternal_starlight/textures/entity/stranghoul.png; cn/leolezury/eternalstarlight/common/client/handler/ESClientSetupHandler.class; cn/leolezury/eternalstarlight/common/registry/ESEntities.class; cn/leolezury/eternalstarlight/common/registry/ESItems.class; output-es/proveniencia.json,/workspace/scratch/25006bff7ab5/evidence-es/decompiled-full/cn/leolezury/eternalstarlight/common/entity/living/monster/Stranghoul.java; evidence-es/decompiled-full/cn/leolezury/eternalstarlight/common/entity/living/monster/Stranghoul.java,Não aplicável: uso direto ou nenhuma receita identificada na build
Ent,Eternal Starlight,Criatura Animal; comportamento definido na classe e herança citadas,"Bioma dark_swamp (creature); peso 30, grupo 1–2; data/eternal_starlight/worldgen/biome/dark_swamp.json; Bioma glimmer_scrubland (creature); peso 30, grupo 1–2; data/eternal_starlight/worldgen/biome/glimmer_scrubland.json; Bioma grim_shore (creature); peso 30, grupo 1–2; data/eternal_starlight/worldgen/biome/grim_shore.json; Bioma lucent_mycelium_isle (creature); peso 30, grupo 1–2; data/eternal_starlight/worldgen/biome/lucent_mycelium_isle.json; Bioma permafrost_peaks (creature); peso 30, grupo 1–2; data/eternal_starlight/worldgen/biome/permafrost_peaks.json; Bioma scarlet_forest (creature); peso 30, grupo 1–2; data/eternal_starlight/worldgen/biome/scarlet_forest.json; Bioma solaris_isles (creature); peso 10, grupo 1–2; data/eternal_starlight/worldgen/biome/solaris_isles.json; Bioma starlight_dense_forest (creature); peso 30, grupo 1–2; data/eternal_starlight/worldgen/biome/starlight_dense_forest.json; Bioma starlight_forest (creature); peso 30, grupo 1–2; data/eternal_starlight/worldgen/biome/starlight_forest.json; Bioma starlight_permafrost_forest (creature); peso 30, grupo 1–2; data/eternal_starlight/worldgen/biome/starlight_permafrost_forest.json; Bioma starlight_taiga (creature); peso 30, grupo 1–2; data/eternal_starlight/worldgen/biome/starlight_taiga.json; Bioma torreya_forest (creature); peso 30, grupo 1–2; data/eternal_starlight/worldgen/biome/torreya_forest.json; Bioma umbral_plains (creature); peso 30, grupo 1–2; data/eternal_starlight/worldgen/biome/umbral_plains.json; Bioma warm_shore (creature); peso 30, grupo 1–2; data/eternal_starlight/worldgen/biome/warm_shore.json; ",Loot de morte,minecraft:stick,0–2,Loot condicionado ao caminho de morte; herança/interações/variantes fora deste pool separadas; pool1: 1 sorteio(s); reposição se múltiplos rolls; peso bruto 1/1; normaliza apenas entradas elegíveis; set_count; Saque minecraft:looting: bônus Math.round(nível × sorteio 0–1); limite sem limite explícito,"Ingrediente nas receitas auditadas: {'count': 4, 'id': 'minecraft:lever'}, {'count': 3, 'id': 'eternal_starlight:rookfish_skewer'}, torch_from_saltpeter_matchbox",Alta nos arquivos versionados; configurações/datapacks externos não confirmados,/images/bestiary/audited/es/ent-banyin.png,cn/leolezury/eternalstarlight/common/client/model/entity/EntModel.class; cn/leolezury/eternalstarlight/common/client/renderer/entity/EntRenderer.class; assets/eternal_starlight/textures/entity/ent/banyin.png; cn/leolezury/eternalstarlight/common/client/handler/ESClientSetupHandler.class; cn/leolezury/eternalstarlight/common/registry/ESEntities.class; cn/leolezury/eternalstarlight/common/registry/ESItems.class; data/eternal_starlight/eternal_starlight/ent_variant/banyin.json; data/eternal_starlight/eternal_starlight/ent_variant/cradlewood.json; data/eternal_starlight/eternal_starlight/ent_variant/lunar.json; data/eternal_starlight/eternal_starlight/ent_variant/northland.json; data/eternal_starlight/eternal_starlight/ent_variant/scarlet.json; assets/eternal_starlight/textures/entity/ent/cradlewood.png; assets/eternal_starlight/textures/entity/ent/lunar.png; assets/eternal_starlight/textures/entity/ent/northland.png; assets/eternal_starlight/textures/entity/ent/scarlet.png; output-es/proveniencia.json,evidence-es/eternalstarlight-0.9.0+1.21.1+neoforge.jar::data/eternal_starlight/loot_table/entities/ent.json; evidence-es/decompiled-full/cn/leolezury/eternalstarlight/common/entity/living/animal/Ent.java,/bestiary/receitas/es.html#receita-lever-from-cinder-brick | [Receita lever_from_cinder_brick](lote-final-2026-10-06/es-cards-2026-10-06.md#receita-lever-from-cinder-brick) — data/eternal_starlight/recipe/lever_from_cinder_brick.json; [Receita rookfish_skewer](lote-final-2026-10-06/es-cards-2026-10-06.md#receita-rookfish-skewer) — data/eternal_starlight/recipe/shapeless/rookfish_skewer.json; [Receita torch_from_saltpeter_matchbox](lote-final-2026-10-06/es-cards-2026-10-06.md#receita-torch-from-saltpeter-matchbox) — data/eternal_starlight/recipe/torch_from_saltpeter_matchbox.json
Ent,Eternal Starlight,Criatura Animal; comportamento definido na classe e herança citadas,"Bioma dark_swamp (creature); peso 30, grupo 1–2; data/eternal_starlight/worldgen/biome/dark_swamp.json; Bioma glimmer_scrubland (creature); peso 30, grupo 1–2; data/eternal_starlight/worldgen/biome/glimmer_scrubland.json; Bioma grim_shore (creature); peso 30, grupo 1–2; data/eternal_starlight/worldgen/biome/grim_shore.json; Bioma lucent_mycelium_isle (creature); peso 30, grupo 1–2; data/eternal_starlight/worldgen/biome/lucent_mycelium_isle.json; Bioma permafrost_peaks (creature); peso 30, grupo 1–2; data/eternal_starlight/worldgen/biome/permafrost_peaks.json; Bioma scarlet_forest (creature); peso 30, grupo 1–2; data/eternal_starlight/worldgen/biome/scarlet_forest.json; Bioma solaris_isles (creature); peso 10, grupo 1–2; data/eternal_starlight/worldgen/biome/solaris_isles.json; Bioma starlight_dense_forest (creature); peso 30, grupo 1–2; data/eternal_starlight/worldgen/biome/starlight_dense_forest.json; Bioma starlight_forest (creature); peso 30, grupo 1–2; data/eternal_starlight/worldgen/biome/starlight_forest.json; Bioma starlight_permafrost_forest (creature); peso 30, grupo 1–2; data/eternal_starlight/worldgen/biome/starlight_permafrost_forest.json; Bioma starlight_taiga (creature); peso 30, grupo 1–2; data/eternal_starlight/worldgen/biome/starlight_taiga.json; Bioma torreya_forest (creature); peso 30, grupo 1–2; data/eternal_starlight/worldgen/biome/torreya_forest.json; Bioma umbral_plains (creature); peso 30, grupo 1–2; data/eternal_starlight/worldgen/biome/umbral_plains.json; Bioma warm_shore (creature); peso 30, grupo 1–2; data/eternal_starlight/worldgen/biome/warm_shore.json; ",Loot de morte,eternal_starlight:lunar_berries,0–2,Loot condicionado ao caminho de morte; herança/interações/variantes fora deste pool separadas; pool2: 1 sorteio(s); reposição se múltiplos rolls; peso bruto 1/1; normaliza apenas entradas elegíveis; set_count; Saque minecraft:looting: bônus Math.round(nível × sorteio 0–1); limite sem limite explícito,"Ingrediente nas receitas auditadas: {'count': 1, 'id': 'eternal_starlight:crinoa_ball'}",Alta nos arquivos versionados; configurações/datapacks externos não confirmados,/images/bestiary/audited/es/ent-banyin.png,cn/leolezury/eternalstarlight/common/client/model/entity/EntModel.class; cn/leolezury/eternalstarlight/common/client/renderer/entity/EntRenderer.class; assets/eternal_starlight/textures/entity/ent/banyin.png; cn/leolezury/eternalstarlight/common/client/handler/ESClientSetupHandler.class; cn/leolezury/eternalstarlight/common/registry/ESEntities.class; cn/leolezury/eternalstarlight/common/registry/ESItems.class; data/eternal_starlight/eternal_starlight/ent_variant/banyin.json; data/eternal_starlight/eternal_starlight/ent_variant/cradlewood.json; data/eternal_starlight/eternal_starlight/ent_variant/lunar.json; data/eternal_starlight/eternal_starlight/ent_variant/northland.json; data/eternal_starlight/eternal_starlight/ent_variant/scarlet.json; assets/eternal_starlight/textures/entity/ent/cradlewood.png; assets/eternal_starlight/textures/entity/ent/lunar.png; assets/eternal_starlight/textures/entity/ent/northland.png; assets/eternal_starlight/textures/entity/ent/scarlet.png; output-es/proveniencia.json,evidence-es/eternalstarlight-0.9.0+1.21.1+neoforge.jar::data/eternal_starlight/loot_table/entities/ent.json; evidence-es/decompiled-full/cn/leolezury/eternalstarlight/common/entity/living/animal/Ent.java; evidence-es/decompiled-full/cn/leolezury/eternalstarlight/common/registry/ESItems.java; registros-usos-itens.json#eternal_starlight:lunar_berries,/bestiary/receitas/es.html#receita-lunar-crystal | [Receita lunar_crystal](lote-final-2026-10-06/es-cards-2026-10-06.md#receita-lunar-crystal) — data/eternal_starlight/recipe/lunar_crystal.json; [Receita crinoa_ball](lote-final-2026-10-06/es-cards-2026-10-06.md#receita-crinoa-ball) — data/eternal_starlight/recipe/shapeless/crinoa_ball.json
Ent,Eternal Starlight,Criatura Animal; comportamento definido na classe e herança citadas,"Bioma dark_swamp (creature); peso 30, grupo 1–2; data/eternal_starlight/worldgen/biome/dark_swamp.json; Bioma glimmer_scrubland (creature); peso 30, grupo 1–2; data/eternal_starlight/worldgen/biome/glimmer_scrubland.json; Bioma grim_shore (creature); peso 30, grupo 1–2; data/eternal_starlight/worldgen/biome/grim_shore.json; Bioma lucent_mycelium_isle (creature); peso 30, grupo 1–2; data/eternal_starlight/worldgen/biome/lucent_mycelium_isle.json; Bioma permafrost_peaks (creature); peso 30, grupo 1–2; data/eternal_starlight/worldgen/biome/permafrost_peaks.json; Bioma scarlet_forest (creature); peso 30, grupo 1–2; data/eternal_starlight/worldgen/biome/scarlet_forest.json; Bioma solaris_isles (creature); peso 10, grupo 1–2; data/eternal_starlight/worldgen/biome/solaris_isles.json; Bioma starlight_dense_forest (creature); peso 30, grupo 1–2; data/eternal_starlight/worldgen/biome/starlight_dense_forest.json; Bioma starlight_forest (creature); peso 30, grupo 1–2; data/eternal_starlight/worldgen/biome/starlight_forest.json; Bioma starlight_permafrost_forest (creature); peso 30, grupo 1–2; data/eternal_starlight/worldgen/biome/starlight_permafrost_forest.json; Bioma starlight_taiga (creature); peso 30, grupo 1–2; data/eternal_starlight/worldgen/biome/starlight_taiga.json; Bioma torreya_forest (creature); peso 30, grupo 1–2; data/eternal_starlight/worldgen/biome/torreya_forest.json; Bioma umbral_plains (creature); peso 30, grupo 1–2; data/eternal_starlight/worldgen/biome/umbral_plains.json; Bioma warm_shore (creature); peso 30, grupo 1–2; data/eternal_starlight/worldgen/biome/warm_shore.json; ",Mecânica fora do JSON,Folhas da variante,1,dropCustomDeathLoot cria1bloco leaves da EntVariant; também pode produzir por interação conforme estado,Bloco de folhas da árvore/variante atual; construção/coleta,Alta nos arquivos versionados; configurações/datapacks externos não confirmados,/images/bestiary/audited/es/ent-banyin.png,cn/leolezury/eternalstarlight/common/client/model/entity/EntModel.class; cn/leolezury/eternalstarlight/common/client/renderer/entity/EntRenderer.class; assets/eternal_starlight/textures/entity/ent/banyin.png; cn/leolezury/eternalstarlight/common/client/handler/ESClientSetupHandler.class; cn/leolezury/eternalstarlight/common/registry/ESEntities.class; cn/leolezury/eternalstarlight/common/registry/ESItems.class; data/eternal_starlight/eternal_starlight/ent_variant/banyin.json; data/eternal_starlight/eternal_starlight/ent_variant/cradlewood.json; data/eternal_starlight/eternal_starlight/ent_variant/lunar.json; data/eternal_starlight/eternal_starlight/ent_variant/northland.json; data/eternal_starlight/eternal_starlight/ent_variant/scarlet.json; assets/eternal_starlight/textures/entity/ent/cradlewood.png; assets/eternal_starlight/textures/entity/ent/lunar.png; assets/eternal_starlight/textures/entity/ent/northland.png; assets/eternal_starlight/textures/entity/ent/scarlet.png; output-es/proveniencia.json,/workspace/scratch/25006bff7ab5/evidence-es/decompiled-full/cn/leolezury/eternalstarlight/common/entity/living/animal/Ent.java; evidence-es/decompiled-full/cn/leolezury/eternalstarlight/common/entity/living/animal/Ent.java,Não aplicável: uso direto ou nenhuma receita identificada na build
Ratlin,Eternal Starlight,Criatura Animal; comportamento definido na classe e herança citadas,"Bioma dark_swamp (creature); peso 24, grupo 1–3; data/eternal_starlight/worldgen/biome/dark_swamp.json; Bioma glimmer_scrubland (creature); peso 24, grupo 1–3; data/eternal_starlight/worldgen/biome/glimmer_scrubland.json; Bioma grim_shore (creature); peso 24, grupo 1–3; data/eternal_starlight/worldgen/biome/grim_shore.json; Bioma lucent_mycelium_isle (creature); peso 24, grupo 1–3; data/eternal_starlight/worldgen/biome/lucent_mycelium_isle.json; Bioma permafrost_peaks (creature); peso 24, grupo 1–3; data/eternal_starlight/worldgen/biome/permafrost_peaks.json; Bioma scarlet_forest (creature); peso 24, grupo 1–3; data/eternal_starlight/worldgen/biome/scarlet_forest.json; Bioma solaris_isles (creature); peso 8, grupo 1–3; data/eternal_starlight/worldgen/biome/solaris_isles.json; Bioma starlight_dense_forest (creature); peso 24, grupo 1–3; data/eternal_starlight/worldgen/biome/starlight_dense_forest.json; Bioma starlight_forest (creature); peso 24, grupo 1–3; data/eternal_starlight/worldgen/biome/starlight_forest.json; Bioma starlight_permafrost_forest (creature); peso 24, grupo 1–3; data/eternal_starlight/worldgen/biome/starlight_permafrost_forest.json; Bioma starlight_taiga (creature); peso 24, grupo 1–3; data/eternal_starlight/worldgen/biome/starlight_taiga.json; Bioma torreya_forest (creature); peso 24, grupo 1–3; data/eternal_starlight/worldgen/biome/torreya_forest.json; Bioma umbral_plains (creature); peso 24, grupo 1–3; data/eternal_starlight/worldgen/biome/umbral_plains.json; Bioma warm_shore (creature); peso 24, grupo 1–3; data/eternal_starlight/worldgen/biome/warm_shore.json; ",Loot de morte,minecraft:leather,1–2,Loot condicionado ao caminho de morte; herança/interações/variantes fora deste pool separadas; pool1: 1 sorteio(s); reposição se múltiplos rolls; peso bruto 1/1; normaliza apenas entradas elegíveis; set_count; Saque minecraft:looting: bônus Math.round(nível × sorteio 0–1); limite sem limite explícito,"Ingrediente nas receitas auditadas: {'count': 1, 'id': 'eternal_starlight:alchemist_mask'}, {'count': 1, 'id': 'eternal_starlight:alchemist_robe'}, leather_from_rotten_flesh",Alta nos arquivos versionados; configurações/datapacks externos não confirmados,/images/bestiary/audited/es/ratlin.png,cn/leolezury/eternalstarlight/common/client/model/entity/RatlinModel.class; cn/leolezury/eternalstarlight/common/client/renderer/entity/RatlinRenderer.class; assets/eternal_starlight/textures/entity/ratlin.png; cn/leolezury/eternalstarlight/common/client/handler/ESClientSetupHandler.class; cn/leolezury/eternalstarlight/common/client/model/animation/definition/RatlinAnimation.class; cn/leolezury/eternalstarlight/common/registry/ESEntities.class; cn/leolezury/eternalstarlight/common/registry/ESItems.class; output-es/proveniencia.json,evidence-es/eternalstarlight-0.9.0+1.21.1+neoforge.jar::data/eternal_starlight/loot_table/entities/ratlin.json; evidence-es/decompiled-full/cn/leolezury/eternalstarlight/common/entity/living/animal/Ratlin.java,/bestiary/receitas/es.html#receita-alchemist-mask | [Receita alchemist_mask](lote-final-2026-10-06/es-cards-2026-10-06.md#receita-alchemist-mask) — data/eternal_starlight/recipe/alchemist_mask.json; [Receita alchemist_robe](lote-final-2026-10-06/es-cards-2026-10-06.md#receita-alchemist-robe) — data/eternal_starlight/recipe/alchemist_robe.json; [Receita leather_from_rotten_flesh](lote-final-2026-10-06/es-cards-2026-10-06.md#receita-leather-from-rotten-flesh) — data/eternal_starlight/recipe/drying/leather_from_rotten_flesh.json
Ratlin,Eternal Starlight,Criatura Animal; comportamento definido na classe e herança citadas,"Bioma dark_swamp (creature); peso 24, grupo 1–3; data/eternal_starlight/worldgen/biome/dark_swamp.json; Bioma glimmer_scrubland (creature); peso 24, grupo 1–3; data/eternal_starlight/worldgen/biome/glimmer_scrubland.json; Bioma grim_shore (creature); peso 24, grupo 1–3; data/eternal_starlight/worldgen/biome/grim_shore.json; Bioma lucent_mycelium_isle (creature); peso 24, grupo 1–3; data/eternal_starlight/worldgen/biome/lucent_mycelium_isle.json; Bioma permafrost_peaks (creature); peso 24, grupo 1–3; data/eternal_starlight/worldgen/biome/permafrost_peaks.json; Bioma scarlet_forest (creature); peso 24, grupo 1–3; data/eternal_starlight/worldgen/biome/scarlet_forest.json; Bioma solaris_isles (creature); peso 8, grupo 1–3; data/eternal_starlight/worldgen/biome/solaris_isles.json; Bioma starlight_dense_forest (creature); peso 24, grupo 1–3; data/eternal_starlight/worldgen/biome/starlight_dense_forest.json; Bioma starlight_forest (creature); peso 24, grupo 1–3; data/eternal_starlight/worldgen/biome/starlight_forest.json; Bioma starlight_permafrost_forest (creature); peso 24, grupo 1–3; data/eternal_starlight/worldgen/biome/starlight_permafrost_forest.json; Bioma starlight_taiga (creature); peso 24, grupo 1–3; data/eternal_starlight/worldgen/biome/starlight_taiga.json; Bioma torreya_forest (creature); peso 24, grupo 1–3; data/eternal_starlight/worldgen/biome/torreya_forest.json; Bioma umbral_plains (creature); peso 24, grupo 1–3; data/eternal_starlight/worldgen/biome/umbral_plains.json; Bioma warm_shore (creature); peso 24, grupo 1–3; data/eternal_starlight/worldgen/biome/warm_shore.json; ",Loot de morte,eternal_starlight:cave_moss,0–2,Loot condicionado ao caminho de morte; herança/interações/variantes fora deste pool separadas; pool2: 1 sorteio(s); reposição se múltiplos rolls; peso bruto 1/1; normaliza apenas entradas elegíveis; set_count; Saque minecraft:looting: bônus Math.round(nível × sorteio 0–1); limite sem limite explícito,"Colocar o bloco correspondente; construção/uso do bloco conforme registro: public static final RegistryObject<Item, Item> CAVE_MOSS = ITEMS.register(""cave_moss"", () -> new BlockItem((Block)ESBlocks.CAVE_MOSS.get(), new Item.Properties()));",Alta no recurso/registro/classe citados; condições efetivas do pack não confirmadas,/images/bestiary/audited/es/ratlin.png,cn/leolezury/eternalstarlight/common/client/model/entity/RatlinModel.class; cn/leolezury/eternalstarlight/common/client/renderer/entity/RatlinRenderer.class; assets/eternal_starlight/textures/entity/ratlin.png; cn/leolezury/eternalstarlight/common/client/handler/ESClientSetupHandler.class; cn/leolezury/eternalstarlight/common/client/model/animation/definition/RatlinAnimation.class; cn/leolezury/eternalstarlight/common/registry/ESEntities.class; cn/leolezury/eternalstarlight/common/registry/ESItems.class; output-es/proveniencia.json,evidence-es/eternalstarlight-0.9.0+1.21.1+neoforge.jar::data/eternal_starlight/loot_table/entities/ratlin.json; evidence-es/decompiled-full/cn/leolezury/eternalstarlight/common/entity/living/animal/Ratlin.java; evidence-es/decompiled-full/cn/leolezury/eternalstarlight/common/registry/ESItems.java; registros-usos-itens.json#eternal_starlight:cave_moss,Não aplicável: uso direto ou nenhuma receita identificada na build
Ratlin,Eternal Starlight,Criatura Animal; comportamento definido na classe e herança citadas,"Bioma dark_swamp (creature); peso 24, grupo 1–3; data/eternal_starlight/worldgen/biome/dark_swamp.json; Bioma glimmer_scrubland (creature); peso 24, grupo 1–3; data/eternal_starlight/worldgen/biome/glimmer_scrubland.json; Bioma grim_shore (creature); peso 24, grupo 1–3; data/eternal_starlight/worldgen/biome/grim_shore.json; Bioma lucent_mycelium_isle (creature); peso 24, grupo 1–3; data/eternal_starlight/worldgen/biome/lucent_mycelium_isle.json; Bioma permafrost_peaks (creature); peso 24, grupo 1–3; data/eternal_starlight/worldgen/biome/permafrost_peaks.json; Bioma scarlet_forest (creature); peso 24, grupo 1–3; data/eternal_starlight/worldgen/biome/scarlet_forest.json; Bioma solaris_isles (creature); peso 8, grupo 1–3; data/eternal_starlight/worldgen/biome/solaris_isles.json; Bioma starlight_dense_forest (creature); peso 24, grupo 1–3; data/eternal_starlight/worldgen/biome/starlight_dense_forest.json; Bioma starlight_forest (creature); peso 24, grupo 1–3; data/eternal_starlight/worldgen/biome/starlight_forest.json; Bioma starlight_permafrost_forest (creature); peso 24, grupo 1–3; data/eternal_starlight/worldgen/biome/starlight_permafrost_forest.json; Bioma starlight_taiga (creature); peso 24, grupo 1–3; data/eternal_starlight/worldgen/biome/starlight_taiga.json; Bioma torreya_forest (creature); peso 24, grupo 1–3; data/eternal_starlight/worldgen/biome/torreya_forest.json; Bioma umbral_plains (creature); peso 24, grupo 1–3; data/eternal_starlight/worldgen/biome/umbral_plains.json; Bioma warm_shore (creature); peso 24, grupo 1–3; data/eternal_starlight/worldgen/biome/warm_shore.json; ",Loot de morte,eternal_starlight:ratlin_meat,1–2,"Loot condicionado ao caminho de morte; herança/interações/variantes fora deste pool separadas; pool3: 1 sorteio(s); reposição se múltiplos rolls; peso bruto 1/1; normaliza apenas entradas elegíveis; set_count; Saque minecraft:looting: bônus Math.round(nível × sorteio 0–1); limite sem limite explícito; aplica receita de fundição ao item; função somente se (this satisfaz {""flags"": {""is_on_fire"": true}}) OU (direct_attacker satisfaz {""equipment"": {""mainhand"": {""predicates"": {""minecraft:enchantments"": [{""enchantments"": ""#minecraft:smelts_loot""}]}}}})","Ingrediente nas receitas auditadas: {'count': 1, 'id': 'eternal_starlight:cooked_ratlin_meat'}, {'count': 1, 'id': 'eternal_starlight:cooked_ratlin_meat'}, {'count': 1, 'id': 'eternal_starlight:cooked_ratlin_meat'}",Alta nos arquivos versionados; configurações/datapacks externos não confirmados,/images/bestiary/audited/es/ratlin.png,cn/leolezury/eternalstarlight/common/client/model/entity/RatlinModel.class; cn/leolezury/eternalstarlight/common/client/renderer/entity/RatlinRenderer.class; assets/eternal_starlight/textures/entity/ratlin.png; cn/leolezury/eternalstarlight/common/client/handler/ESClientSetupHandler.class; cn/leolezury/eternalstarlight/common/client/model/animation/definition/RatlinAnimation.class; cn/leolezury/eternalstarlight/common/registry/ESEntities.class; cn/leolezury/eternalstarlight/common/registry/ESItems.class; output-es/proveniencia.json,evidence-es/eternalstarlight-0.9.0+1.21.1+neoforge.jar::data/eternal_starlight/loot_table/entities/ratlin.json; evidence-es/decompiled-full/cn/leolezury/eternalstarlight/common/entity/living/animal/Ratlin.java; evidence-es/decompiled-full/cn/leolezury/eternalstarlight/common/registry/ESItems.java; registros-usos-itens.json#eternal_starlight:ratlin_meat,/bestiary/receitas/es.html#receita-cooked-ratlin-meat-from-campfire-cooking | [Receita cooked_ratlin_meat_from_campfire_cooking](lote-final-2026-10-06/es-cards-2026-10-06.md#receita-cooked-ratlin-meat-from-campfire-cooking) — data/eternal_starlight/recipe/cooked_ratlin_meat_from_campfire_cooking.json; [Receita cooked_ratlin_meat_from_smoking](lote-final-2026-10-06/es-cards-2026-10-06.md#receita-cooked-ratlin-meat-from-smoking) — data/eternal_starlight/recipe/cooked_ratlin_meat_from_smoking.json; [Receita cooked_ratlin_meat_smelting_from_ratlin_meat](lote-final-2026-10-06/es-cards-2026-10-06.md#receita-cooked-ratlin-meat-smelting-from-ratlin-meat) — data/eternal_starlight/recipe/cooked_ratlin_meat_smelting_from_ratlin_meat.json
Zombified Ratlin,Eternal Starlight,Criatura Ratlin; comportamento definido na classe e herança citadas,"Bioma dark_swamp (creature); peso 24, grupo 1–3; data/eternal_starlight/worldgen/biome/dark_swamp.json; ",Loot de morte,minecraft:leather,1–2,Loot condicionado ao caminho de morte; herança/interações/variantes fora deste pool separadas; pool1: 1 sorteio(s); reposição se múltiplos rolls; peso bruto 1/1; normaliza apenas entradas elegíveis; set_count; Saque minecraft:looting: bônus Math.round(nível × sorteio 0–1); limite sem limite explícito,"Ingrediente nas receitas auditadas: {'count': 1, 'id': 'eternal_starlight:alchemist_mask'}, {'count': 1, 'id': 'eternal_starlight:alchemist_robe'}, leather_from_rotten_flesh",Alta nos arquivos versionados; configurações/datapacks externos não confirmados,/images/bestiary/audited/es/zombified-ratlin.png,cn/leolezury/eternalstarlight/common/client/model/entity/RatlinModel.class; cn/leolezury/eternalstarlight/common/client/renderer/entity/RatlinRenderer.class; assets/eternal_starlight/textures/entity/zombified_ratlin.png; cn/leolezury/eternalstarlight/common/client/handler/ESClientSetupHandler.class; cn/leolezury/eternalstarlight/common/client/model/animation/definition/RatlinAnimation.class; cn/leolezury/eternalstarlight/common/registry/ESEntities.class; cn/leolezury/eternalstarlight/common/registry/ESItems.class; output-es/proveniencia.json,evidence-es/eternalstarlight-0.9.0+1.21.1+neoforge.jar::data/eternal_starlight/loot_table/entities/zombified_ratlin.json; evidence-es/decompiled-full/cn/leolezury/eternalstarlight/common/entity/living/monster/ZombifiedRatlin.java,/bestiary/receitas/es.html#receita-alchemist-mask | [Receita alchemist_mask](lote-final-2026-10-06/es-cards-2026-10-06.md#receita-alchemist-mask) — data/eternal_starlight/recipe/alchemist_mask.json; [Receita alchemist_robe](lote-final-2026-10-06/es-cards-2026-10-06.md#receita-alchemist-robe) — data/eternal_starlight/recipe/alchemist_robe.json; [Receita leather_from_rotten_flesh](lote-final-2026-10-06/es-cards-2026-10-06.md#receita-leather-from-rotten-flesh) — data/eternal_starlight/recipe/drying/leather_from_rotten_flesh.json
Zombified Ratlin,Eternal Starlight,Criatura Ratlin; comportamento definido na classe e herança citadas,"Bioma dark_swamp (creature); peso 24, grupo 1–3; data/eternal_starlight/worldgen/biome/dark_swamp.json; ",Loot de morte,minecraft:rotten_flesh,1–2,Loot condicionado ao caminho de morte; herança/interações/variantes fora deste pool separadas; pool2: 1 sorteio(s); reposição se múltiplos rolls; peso bruto 1/1; normaliza apenas entradas elegíveis; set_count; Saque minecraft:looting: bônus Math.round(nível × sorteio 0–1); limite sem limite explícito,"Ingrediente nas receitas auditadas: leather_from_rotten_flesh, rotten_flesh_jerky, {'count': 1, 'id': 'eternal_starlight:pungency_stew'}",Alta nos arquivos versionados; configurações/datapacks externos não confirmados,/images/bestiary/audited/es/zombified-ratlin.png,cn/leolezury/eternalstarlight/common/client/model/entity/RatlinModel.class; cn/leolezury/eternalstarlight/common/client/renderer/entity/RatlinRenderer.class; assets/eternal_starlight/textures/entity/zombified_ratlin.png; cn/leolezury/eternalstarlight/common/client/handler/ESClientSetupHandler.class; cn/leolezury/eternalstarlight/common/client/model/animation/definition/RatlinAnimation.class; cn/leolezury/eternalstarlight/common/registry/ESEntities.class; cn/leolezury/eternalstarlight/common/registry/ESItems.class; output-es/proveniencia.json,evidence-es/eternalstarlight-0.9.0+1.21.1+neoforge.jar::data/eternal_starlight/loot_table/entities/zombified_ratlin.json; evidence-es/decompiled-full/cn/leolezury/eternalstarlight/common/entity/living/monster/ZombifiedRatlin.java,/bestiary/receitas/es.html#receita-leather-from-rotten-flesh | [Receita leather_from_rotten_flesh](lote-final-2026-10-06/es-cards-2026-10-06.md#receita-leather-from-rotten-flesh) — data/eternal_starlight/recipe/drying/leather_from_rotten_flesh.json; [Receita rotten_flesh_jerky](lote-final-2026-10-06/es-cards-2026-10-06.md#receita-rotten-flesh-jerky) — data/eternal_starlight/recipe/drying/rotten_flesh_jerky.json; [Receita pungency_stew](lote-final-2026-10-06/es-cards-2026-10-06.md#receita-pungency-stew) — data/eternal_starlight/recipe/shapeless/pungency_stew.json
Shadow Snail,Eternal Starlight,Criatura Animal; comportamento definido na classe e herança citadas,"Bioma dark_swamp (creature); peso 18, grupo 1–2; data/eternal_starlight/worldgen/biome/dark_swamp.json; Bioma glimmer_scrubland (creature); peso 18, grupo 1–2; data/eternal_starlight/worldgen/biome/glimmer_scrubland.json; Bioma grim_shore (creature); peso 18, grupo 1–2; data/eternal_starlight/worldgen/biome/grim_shore.json; Bioma lucent_mycelium_isle (creature); peso 18, grupo 1–2; data/eternal_starlight/worldgen/biome/lucent_mycelium_isle.json; Bioma permafrost_peaks (creature); peso 18, grupo 1–2; data/eternal_starlight/worldgen/biome/permafrost_peaks.json; Bioma scarlet_forest (creature); peso 18, grupo 1–2; data/eternal_starlight/worldgen/biome/scarlet_forest.json; Bioma solaris_isles (creature); peso 6, grupo 1–2; data/eternal_starlight/worldgen/biome/solaris_isles.json; Bioma starlight_dense_forest (creature); peso 18, grupo 1–2; data/eternal_starlight/worldgen/biome/starlight_dense_forest.json; Bioma starlight_forest (creature); peso 18, grupo 1–2; data/eternal_starlight/worldgen/biome/starlight_forest.json; Bioma starlight_permafrost_forest (creature); peso 18, grupo 1–2; data/eternal_starlight/worldgen/biome/starlight_permafrost_forest.json; Bioma starlight_taiga (creature); peso 18, grupo 1–2; data/eternal_starlight/worldgen/biome/starlight_taiga.json; Bioma torreya_forest (creature); peso 18, grupo 1–2; data/eternal_starlight/worldgen/biome/torreya_forest.json; Bioma umbral_plains (creature); peso 18, grupo 1–2; data/eternal_starlight/worldgen/biome/umbral_plains.json; Bioma warm_shore (creature); peso 18, grupo 1–2; data/eternal_starlight/worldgen/biome/warm_shore.json; ",Loot de morte,eternal_starlight:shadow_snail_shell,1,Loot condicionado ao caminho de morte; herança/interações/variantes fora deste pool separadas; pool1: 1 sorteio(s); reposição se múltiplos rolls; peso bruto 1/1; normaliza apenas entradas elegíveis,"Ingrediente nas receitas auditadas: {'count': 1, 'id': 'eternal_starlight:shadow_escargot'}, {'count': 4, 'id': 'eternal_starlight:shadow_snail_shell_powder'}",Alta nos arquivos versionados; configurações/datapacks externos não confirmados,/images/bestiary/audited/es/shadow-snail.png,cn/leolezury/eternalstarlight/common/client/model/entity/ShadowSnailModel.class; cn/leolezury/eternalstarlight/common/client/renderer/entity/ShadowSnailRenderer.class; assets/eternal_starlight/textures/entity/shadow_snail.png; cn/leolezury/eternalstarlight/common/client/handler/ESClientSetupHandler.class; cn/leolezury/eternalstarlight/common/registry/ESEntities.class; cn/leolezury/eternalstarlight/common/registry/ESItems.class; output-es/proveniencia.json,evidence-es/eternalstarlight-0.9.0+1.21.1+neoforge.jar::data/eternal_starlight/loot_table/entities/shadow_snail.json; evidence-es/decompiled-full/cn/leolezury/eternalstarlight/common/entity/living/animal/ShadowSnail.java; evidence-es/decompiled-full/cn/leolezury/eternalstarlight/common/registry/ESItems.java; registros-usos-itens.json#eternal_starlight:shadow_snail_shell,/bestiary/receitas/es.html#receita-shadow-escargot | [Receita shadow_escargot](lote-final-2026-10-06/es-cards-2026-10-06.md#receita-shadow-escargot) — data/eternal_starlight/recipe/shapeless/shadow_escargot.json; [Receita shadow_snail_shell_powder](lote-final-2026-10-06/es-cards-2026-10-06.md#receita-shadow-snail-shell-powder) — data/eternal_starlight/recipe/shapeless/shadow_snail_shell_powder.json
Shadow Snail,Eternal Starlight,Criatura Animal; comportamento definido na classe e herança citadas,"Bioma dark_swamp (creature); peso 18, grupo 1–2; data/eternal_starlight/worldgen/biome/dark_swamp.json; Bioma glimmer_scrubland (creature); peso 18, grupo 1–2; data/eternal_starlight/worldgen/biome/glimmer_scrubland.json; Bioma grim_shore (creature); peso 18, grupo 1–2; data/eternal_starlight/worldgen/biome/grim_shore.json; Bioma lucent_mycelium_isle (creature); peso 18, grupo 1–2; data/eternal_starlight/worldgen/biome/lucent_mycelium_isle.json; Bioma permafrost_peaks (creature); peso 18, grupo 1–2; data/eternal_starlight/worldgen/biome/permafrost_peaks.json; Bioma scarlet_forest (creature); peso 18, grupo 1–2; data/eternal_starlight/worldgen/biome/scarlet_forest.json; Bioma solaris_isles (creature); peso 6, grupo 1–2; data/eternal_starlight/worldgen/biome/solaris_isles.json; Bioma starlight_dense_forest (creature); peso 18, grupo 1–2; data/eternal_starlight/worldgen/biome/starlight_dense_forest.json; Bioma starlight_forest (creature); peso 18, grupo 1–2; data/eternal_starlight/worldgen/biome/starlight_forest.json; Bioma starlight_permafrost_forest (creature); peso 18, grupo 1–2; data/eternal_starlight/worldgen/biome/starlight_permafrost_forest.json; Bioma starlight_taiga (creature); peso 18, grupo 1–2; data/eternal_starlight/worldgen/biome/starlight_taiga.json; Bioma torreya_forest (creature); peso 18, grupo 1–2; data/eternal_starlight/worldgen/biome/torreya_forest.json; Bioma umbral_plains (creature); peso 18, grupo 1–2; data/eternal_starlight/worldgen/biome/umbral_plains.json; Bioma warm_shore (creature); peso 18, grupo 1–2; data/eternal_starlight/worldgen/biome/warm_shore.json; ",Loot de morte,eternal_starlight:shadow_snail_meat,1–2,"Loot condicionado ao caminho de morte; herança/interações/variantes fora deste pool separadas; pool2: 1 sorteio(s); reposição se múltiplos rolls; peso bruto 1/1; normaliza apenas entradas elegíveis; set_count; Saque minecraft:looting: bônus Math.round(nível × sorteio 0–1); limite sem limite explícito; aplica receita de fundição ao item; função somente se (this satisfaz {""flags"": {""is_on_fire"": true}}) OU (direct_attacker satisfaz {""equipment"": {""mainhand"": {""predicates"": {""minecraft:enchantments"": [{""enchantments"": ""#minecraft:smelts_loot""}]}}}})","Ingrediente nas receitas auditadas: {'count': 1, 'id': 'eternal_starlight:cooked_shadow_snail_meat'}, {'count': 1, 'id': 'eternal_starlight:cooked_shadow_snail_meat'}, {'count': 1, 'id': 'eternal_starlight:cooked_shadow_snail_meat'}",Alta nos arquivos versionados; configurações/datapacks externos não confirmados,/images/bestiary/audited/es/shadow-snail.png,cn/leolezury/eternalstarlight/common/client/model/entity/ShadowSnailModel.class; cn/leolezury/eternalstarlight/common/client/renderer/entity/ShadowSnailRenderer.class; assets/eternal_starlight/textures/entity/shadow_snail.png; cn/leolezury/eternalstarlight/common/client/handler/ESClientSetupHandler.class; cn/leolezury/eternalstarlight/common/registry/ESEntities.class; cn/leolezury/eternalstarlight/common/registry/ESItems.class; output-es/proveniencia.json,evidence-es/eternalstarlight-0.9.0+1.21.1+neoforge.jar::data/eternal_starlight/loot_table/entities/shadow_snail.json; evidence-es/decompiled-full/cn/leolezury/eternalstarlight/common/entity/living/animal/ShadowSnail.java; evidence-es/decompiled-full/cn/leolezury/eternalstarlight/common/registry/ESItems.java; registros-usos-itens.json#eternal_starlight:shadow_snail_meat,/bestiary/receitas/es.html#receita-cooked-shadow-snail-meat-from-campfire-cooking | [Receita cooked_shadow_snail_meat_from_campfire_cooking](lote-final-2026-10-06/es-cards-2026-10-06.md#receita-cooked-shadow-snail-meat-from-campfire-cooking) — data/eternal_starlight/recipe/cooked_shadow_snail_meat_from_campfire_cooking.json; [Receita cooked_shadow_snail_meat_from_smoking](lote-final-2026-10-06/es-cards-2026-10-06.md#receita-cooked-shadow-snail-meat-from-smoking) — data/eternal_starlight/recipe/cooked_shadow_snail_meat_from_smoking.json; [Receita cooked_shadow_snail_meat_smelting_from_shadow_snail_meat](lote-final-2026-10-06/es-cards-2026-10-06.md#receita-cooked-shadow-snail-meat-smelting-from-shadow-snail-meat) — data/eternal_starlight/recipe/cooked_shadow_snail_meat_smelting_from_shadow_snail_meat.json
Shadow Snail,Eternal Starlight,Criatura Animal; comportamento definido na classe e herança citadas,"Bioma dark_swamp (creature); peso 18, grupo 1–2; data/eternal_starlight/worldgen/biome/dark_swamp.json; Bioma glimmer_scrubland (creature); peso 18, grupo 1–2; data/eternal_starlight/worldgen/biome/glimmer_scrubland.json; Bioma grim_shore (creature); peso 18, grupo 1–2; data/eternal_starlight/worldgen/biome/grim_shore.json; Bioma lucent_mycelium_isle (creature); peso 18, grupo 1–2; data/eternal_starlight/worldgen/biome/lucent_mycelium_isle.json; Bioma permafrost_peaks (creature); peso 18, grupo 1–2; data/eternal_starlight/worldgen/biome/permafrost_peaks.json; Bioma scarlet_forest (creature); peso 18, grupo 1–2; data/eternal_starlight/worldgen/biome/scarlet_forest.json; Bioma solaris_isles (creature); peso 6, grupo 1–2; data/eternal_starlight/worldgen/biome/solaris_isles.json; Bioma starlight_dense_forest (creature); peso 18, grupo 1–2; data/eternal_starlight/worldgen/biome/starlight_dense_forest.json; Bioma starlight_forest (creature); peso 18, grupo 1–2; data/eternal_starlight/worldgen/biome/starlight_forest.json; Bioma starlight_permafrost_forest (creature); peso 18, grupo 1–2; data/eternal_starlight/worldgen/biome/starlight_permafrost_forest.json; Bioma starlight_taiga (creature); peso 18, grupo 1–2; data/eternal_starlight/worldgen/biome/starlight_taiga.json; Bioma torreya_forest (creature); peso 18, grupo 1–2; data/eternal_starlight/worldgen/biome/torreya_forest.json; Bioma umbral_plains (creature); peso 18, grupo 1–2; data/eternal_starlight/worldgen/biome/umbral_plains.json; Bioma warm_shore (creature); peso 18, grupo 1–2; data/eternal_starlight/worldgen/biome/warm_shore.json; ",Mecânica fora do JSON,eternal_starlight:shadow_snail_shell,1,ageBoundaryReached quando deixa de ser bebê,"Ingrediente nas receitas auditadas: {'count': 1, 'id': 'eternal_starlight:shadow_escargot'}, {'count': 4, 'id': 'eternal_starlight:shadow_snail_shell_powder'}",Alta nos arquivos versionados; configurações/datapacks externos não confirmados,/images/bestiary/audited/es/shadow-snail.png,cn/leolezury/eternalstarlight/common/client/model/entity/ShadowSnailModel.class; cn/leolezury/eternalstarlight/common/client/renderer/entity/ShadowSnailRenderer.class; assets/eternal_starlight/textures/entity/shadow_snail.png; cn/leolezury/eternalstarlight/common/client/handler/ESClientSetupHandler.class; cn/leolezury/eternalstarlight/common/registry/ESEntities.class; cn/leolezury/eternalstarlight/common/registry/ESItems.class; output-es/proveniencia.json,/workspace/scratch/25006bff7ab5/evidence-es/decompiled-full/cn/leolezury/eternalstarlight/common/entity/living/animal/ShadowSnail.java; evidence-es/decompiled-full/cn/leolezury/eternalstarlight/common/entity/living/animal/ShadowSnail.java; evidence-es/decompiled-full/cn/leolezury/eternalstarlight/common/registry/ESItems.java; registros-usos-itens.json#eternal_starlight:shadow_snail_shell,/bestiary/receitas/es.html#receita-shadow-escargot | [Receita shadow_escargot](lote-final-2026-10-06/es-cards-2026-10-06.md#receita-shadow-escargot) — data/eternal_starlight/recipe/shapeless/shadow_escargot.json; [Receita shadow_snail_shell_powder](lote-final-2026-10-06/es-cards-2026-10-06.md#receita-shadow-snail-shell-powder) — data/eternal_starlight/recipe/shapeless/shadow_snail_shell_powder.json
Yeti,Eternal Starlight,Criatura Animal; comportamento definido na classe e herança citadas,"Bioma permafrost_peaks (creature); peso 20, grupo 3–6; data/eternal_starlight/worldgen/biome/permafrost_peaks.json; Bioma starlight_permafrost_forest (creature); peso 20, grupo 3–6; data/eternal_starlight/worldgen/biome/starlight_permafrost_forest.json; ",Loot de morte,minecraft:string,0–2,Loot condicionado ao caminho de morte; herança/interações/variantes fora deste pool separadas; pool1: 1 sorteio(s); reposição se múltiplos rolls; peso bruto 1/1; normaliza apenas entradas elegíveis; set_count; Saque minecraft:looting: bônus Math.round(nível × sorteio 0–1); limite sem limite explícito,"Ingrediente nas receitas auditadas: {'count': 1, 'id': 'eternal_starlight:amaramber_candle'}, {'count': 1, 'id': 'eternal_starlight:crystal_crossbow'}, {'count': 1, 'id': 'eternal_starlight:mechanical_crossbow'}, {'count': 1, 'id': 'eternal_starlight:saltpeter_matchbox'}, {'count': 1, 'id': 'eternal_starlight:starfall_longbow'}, {'count': 1, 'id': 'eternal_starlight:unrealium_crossbow'}",Alta nos arquivos versionados; configurações/datapacks externos não confirmados,/images/bestiary/audited/es/yeti-fur.png,cn/leolezury/eternalstarlight/common/client/model/entity/YetiModel.class; cn/leolezury/eternalstarlight/common/client/renderer/entity/YetiRenderer.class; assets/eternal_starlight/textures/entity/yeti.png; cn/leolezury/eternalstarlight/common/client/handler/ESClientSetupHandler.class; cn/leolezury/eternalstarlight/common/client/model/animation/definition/YetiAnimation.class; cn/leolezury/eternalstarlight/common/registry/ESEntities.class; cn/leolezury/eternalstarlight/common/registry/ESItems.class; output-es/proveniencia.json,evidence-es/eternalstarlight-0.9.0+1.21.1+neoforge.jar::data/eternal_starlight/loot_table/entities/yeti.json; evidence-es/decompiled-full/cn/leolezury/eternalstarlight/common/entity/living/animal/Yeti.java,/bestiary/receitas/es.html#receita-amaramber-candle | [Receita amaramber_candle](lote-final-2026-10-06/es-cards-2026-10-06.md#receita-amaramber-candle) — data/eternal_starlight/recipe/amaramber_candle.json; [Receita crystal_crossbow](lote-final-2026-10-06/es-cards-2026-10-06.md#receita-crystal-crossbow) — data/eternal_starlight/recipe/crystal_crossbow.json; [Receita mechanical_crossbow](lote-final-2026-10-06/es-cards-2026-10-06.md#receita-mechanical-crossbow) — data/eternal_starlight/recipe/mechanical_crossbow.json; [Receita saltpeter_matchbox](lote-final-2026-10-06/es-cards-2026-10-06.md#receita-saltpeter-matchbox) — data/eternal_starlight/recipe/saltpeter_matchbox.json; [Receita starfall_longbow](lote-final-2026-10-06/es-cards-2026-10-06.md#receita-starfall-longbow) — data/eternal_starlight/recipe/starfall_longbow.json; [Receita unrealium_crossbow](lote-final-2026-10-06/es-cards-2026-10-06.md#receita-unrealium-crossbow) — data/eternal_starlight/recipe/unrealium_crossbow.json
Yeti,Eternal Starlight,Criatura Animal; comportamento definido na classe e herança citadas,"Bioma permafrost_peaks (creature); peso 20, grupo 3–6; data/eternal_starlight/worldgen/biome/permafrost_peaks.json; Bioma starlight_permafrost_forest (creature); peso 20, grupo 3–6; data/eternal_starlight/worldgen/biome/starlight_permafrost_forest.json; ",Loot de morte,eternal_starlight:white_yeti_fur,1–2,"Loot condicionado ao caminho de morte; herança/interações/variantes fora deste pool separadas; pool2: 1 sorteio(s); reposição se múltiplos rolls; this satisfaz {""nbt"": ""{fur:1b}""}; peso bruto 1/1; normaliza apenas entradas elegíveis; set_count; Saque minecraft:looting: bônus Math.round(nível × sorteio 0–1); limite sem limite explícito","Ingrediente nas receitas auditadas: {'count': 1, 'id': 'eternal_starlight:black_yeti_fur'}, {'count': 1, 'id': 'eternal_starlight:blue_yeti_fur'}, {'count': 1, 'id': 'eternal_starlight:brown_yeti_fur'}, {'count': 1, 'id': 'eternal_starlight:cyan_yeti_fur'}, {'count': 1, 'id': 'eternal_starlight:gray_yeti_fur'}, {'count': 1, 'id': 'eternal_starlight:green_yeti_fur'}, {'count': 1, 'id': 'eternal_starlight:light_blue_yeti_fur'}, {'count': 1, 'id': 'eternal_starlight:light_gray_yeti_fur'}, {'count': 1, 'id': 'eternal_starlight:lime_yeti_fur'}, {'count': 1, 'id': 'eternal_starlight:magenta_yeti_fur'}, {'count': 1, 'id': 'eternal_starlight:orange_yeti_fur'}, {'count': 1, 'id': 'eternal_starlight:pink_yeti_fur'}, {'count': 1, 'id': 'eternal_starlight:purple_yeti_fur'}, {'count': 1, 'id': 'eternal_starlight:red_yeti_fur'}, {'count': 1, 'id': 'eternal_starlight:yellow_yeti_fur'}, {'count': 1, 'id': 'minecraft:white_bed'}, {'count': 3, 'id': 'eternal_starlight:white_yeti_fur_carpet'}",Alta nos arquivos versionados; configurações/datapacks externos não confirmados,/images/bestiary/audited/es/yeti-fur.png,cn/leolezury/eternalstarlight/common/client/model/entity/YetiModel.class; cn/leolezury/eternalstarlight/common/client/renderer/entity/YetiRenderer.class; assets/eternal_starlight/textures/entity/yeti.png; cn/leolezury/eternalstarlight/common/client/handler/ESClientSetupHandler.class; cn/leolezury/eternalstarlight/common/client/model/animation/definition/YetiAnimation.class; cn/leolezury/eternalstarlight/common/registry/ESEntities.class; cn/leolezury/eternalstarlight/common/registry/ESItems.class; output-es/proveniencia.json,evidence-es/eternalstarlight-0.9.0+1.21.1+neoforge.jar::data/eternal_starlight/loot_table/entities/yeti.json; evidence-es/decompiled-full/cn/leolezury/eternalstarlight/common/entity/living/animal/Yeti.java; evidence-es/decompiled-full/cn/leolezury/eternalstarlight/common/registry/ESItems.java; registros-usos-itens.json#eternal_starlight:white_yeti_fur,/bestiary/receitas/es.html#receita-dye-black-yeti-fur | [Receita dye_black_yeti_fur](lote-final-2026-10-06/es-cards-2026-10-06.md#receita-dye-black-yeti-fur) — data/eternal_starlight/recipe/dye_black_yeti_fur.json; [Receita dye_blue_yeti_fur](lote-final-2026-10-06/es-cards-2026-10-06.md#receita-dye-blue-yeti-fur) — data/eternal_starlight/recipe/dye_blue_yeti_fur.json; [Receita dye_brown_yeti_fur](lote-final-2026-10-06/es-cards-2026-10-06.md#receita-dye-brown-yeti-fur) — data/eternal_starlight/recipe/dye_brown_yeti_fur.json; [Receita dye_cyan_yeti_fur](lote-final-2026-10-06/es-cards-2026-10-06.md#receita-dye-cyan-yeti-fur) — data/eternal_starlight/recipe/dye_cyan_yeti_fur.json; [Receita dye_gray_yeti_fur](lote-final-2026-10-06/es-cards-2026-10-06.md#receita-dye-gray-yeti-fur) — data/eternal_starlight/recipe/dye_gray_yeti_fur.json; [Receita dye_green_yeti_fur](lote-final-2026-10-06/es-cards-2026-10-06.md#receita-dye-green-yeti-fur) — data/eternal_starlight/recipe/dye_green_yeti_fur.json; [Receita dye_light_blue_yeti_fur](lote-final-2026-10-06/es-cards-2026-10-06.md#receita-dye-light-blue-yeti-fur) — data/eternal_starlight/recipe/dye_light_blue_yeti_fur.json; [Receita dye_light_gray_yeti_fur](lote-final-2026-10-06/es-cards-2026-10-06.md#receita-dye-light-gray-yeti-fur) — data/eternal_starlight/recipe/dye_light_gray_yeti_fur.json; [Receita dye_lime_yeti_fur](lote-final-2026-10-06/es-cards-2026-10-06.md#receita-dye-lime-yeti-fur) — data/eternal_starlight/recipe/dye_lime_yeti_fur.json; [Receita dye_magenta_yeti_fur](lote-final-2026-10-06/es-cards-2026-10-06.md#receita-dye-magenta-yeti-fur) — data/eternal_starlight/recipe/dye_magenta_yeti_fur.json; [Receita dye_orange_yeti_fur](lote-final-2026-10-06/es-cards-2026-10-06.md#receita-dye-orange-yeti-fur) — data/eternal_starlight/recipe/dye_orange_yeti_fur.json; [Receita dye_pink_yeti_fur](lote-final-2026-10-06/es-cards-2026-10-06.md#receita-dye-pink-yeti-fur) — data/eternal_starlight/recipe/dye_pink_yeti_fur.json; [Receita dye_purple_yeti_fur](lote-final-2026-10-06/es-cards-2026-10-06.md#receita-dye-purple-yeti-fur) — data/eternal_starlight/recipe/dye_purple_yeti_fur.json; [Receita dye_red_yeti_fur](lote-final-2026-10-06/es-cards-2026-10-06.md#receita-dye-red-yeti-fur) — data/eternal_starlight/recipe/dye_red_yeti_fur.json; [Receita dye_yellow_yeti_fur](lote-final-2026-10-06/es-cards-2026-10-06.md#receita-dye-yellow-yeti-fur) — data/eternal_starlight/recipe/dye_yellow_yeti_fur.json; [Receita starlit_painting](lote-final-2026-10-06/es-cards-2026-10-06.md#receita-starlit-painting) — data/eternal_starlight/recipe/starlit_painting.json; [Receita white_bed](lote-final-2026-10-06/es-cards-2026-10-06.md#receita-white-bed) — data/eternal_starlight/recipe/white_bed.json; [Receita white_yeti_fur_carpet](lote-final-2026-10-06/es-cards-2026-10-06.md#receita-white-yeti-fur-carpet) — data/eternal_starlight/recipe/white_yeti_fur_carpet.json
Yeti,Eternal Starlight,Criatura Animal; comportamento definido na classe e herança citadas,"Bioma permafrost_peaks (creature); peso 20, grupo 3–6; data/eternal_starlight/worldgen/biome/permafrost_peaks.json; Bioma starlight_permafrost_forest (creature); peso 20, grupo 3–6; data/eternal_starlight/worldgen/biome/starlight_permafrost_forest.json; ",Mecânica fora do JSON,eternal_starlight:white_yeti_fur,1–3,Tesoura e hasFur; servidor; fur=false e furGrowthTicks=nextInt1200,"Ingrediente nas receitas auditadas: {'count': 1, 'id': 'eternal_starlight:black_yeti_fur'}, {'count': 1, 'id': 'eternal_starlight:blue_yeti_fur'}, {'count': 1, 'id': 'eternal_starlight:brown_yeti_fur'}, {'count': 1, 'id': 'eternal_starlight:cyan_yeti_fur'}, {'count': 1, 'id': 'eternal_starlight:gray_yeti_fur'}, {'count': 1, 'id': 'eternal_starlight:green_yeti_fur'}, {'count': 1, 'id': 'eternal_starlight:light_blue_yeti_fur'}, {'count': 1, 'id': 'eternal_starlight:light_gray_yeti_fur'}, {'count': 1, 'id': 'eternal_starlight:lime_yeti_fur'}, {'count': 1, 'id': 'eternal_starlight:magenta_yeti_fur'}, {'count': 1, 'id': 'eternal_starlight:orange_yeti_fur'}, {'count': 1, 'id': 'eternal_starlight:pink_yeti_fur'}, {'count': 1, 'id': 'eternal_starlight:purple_yeti_fur'}, {'count': 1, 'id': 'eternal_starlight:red_yeti_fur'}, {'count': 1, 'id': 'eternal_starlight:yellow_yeti_fur'}, {'count': 1, 'id': 'minecraft:white_bed'}, {'count': 3, 'id': 'eternal_starlight:white_yeti_fur_carpet'}",Alta nos arquivos versionados; configurações/datapacks externos não confirmados,/images/bestiary/audited/es/yeti-fur.png,cn/leolezury/eternalstarlight/common/client/model/entity/YetiModel.class; cn/leolezury/eternalstarlight/common/client/renderer/entity/YetiRenderer.class; assets/eternal_starlight/textures/entity/yeti.png; cn/leolezury/eternalstarlight/common/client/handler/ESClientSetupHandler.class; cn/leolezury/eternalstarlight/common/client/model/animation/definition/YetiAnimation.class; cn/leolezury/eternalstarlight/common/registry/ESEntities.class; cn/leolezury/eternalstarlight/common/registry/ESItems.class; output-es/proveniencia.json,/workspace/scratch/25006bff7ab5/evidence-es/decompiled-full/cn/leolezury/eternalstarlight/common/entity/living/animal/Yeti.java; evidence-es/decompiled-full/cn/leolezury/eternalstarlight/common/entity/living/animal/Yeti.java; evidence-es/decompiled-full/cn/leolezury/eternalstarlight/common/registry/ESItems.java; registros-usos-itens.json#eternal_starlight:white_yeti_fur,/bestiary/receitas/es.html#receita-dye-black-yeti-fur | [Receita dye_black_yeti_fur](lote-final-2026-10-06/es-cards-2026-10-06.md#receita-dye-black-yeti-fur) — data/eternal_starlight/recipe/dye_black_yeti_fur.json; [Receita dye_blue_yeti_fur](lote-final-2026-10-06/es-cards-2026-10-06.md#receita-dye-blue-yeti-fur) — data/eternal_starlight/recipe/dye_blue_yeti_fur.json; [Receita dye_brown_yeti_fur](lote-final-2026-10-06/es-cards-2026-10-06.md#receita-dye-brown-yeti-fur) — data/eternal_starlight/recipe/dye_brown_yeti_fur.json; [Receita dye_cyan_yeti_fur](lote-final-2026-10-06/es-cards-2026-10-06.md#receita-dye-cyan-yeti-fur) — data/eternal_starlight/recipe/dye_cyan_yeti_fur.json; [Receita dye_gray_yeti_fur](lote-final-2026-10-06/es-cards-2026-10-06.md#receita-dye-gray-yeti-fur) — data/eternal_starlight/recipe/dye_gray_yeti_fur.json; [Receita dye_green_yeti_fur](lote-final-2026-10-06/es-cards-2026-10-06.md#receita-dye-green-yeti-fur) — data/eternal_starlight/recipe/dye_green_yeti_fur.json; [Receita dye_light_blue_yeti_fur](lote-final-2026-10-06/es-cards-2026-10-06.md#receita-dye-light-blue-yeti-fur) — data/eternal_starlight/recipe/dye_light_blue_yeti_fur.json; [Receita dye_light_gray_yeti_fur](lote-final-2026-10-06/es-cards-2026-10-06.md#receita-dye-light-gray-yeti-fur) — data/eternal_starlight/recipe/dye_light_gray_yeti_fur.json; [Receita dye_lime_yeti_fur](lote-final-2026-10-06/es-cards-2026-10-06.md#receita-dye-lime-yeti-fur) — data/eternal_starlight/recipe/dye_lime_yeti_fur.json; [Receita dye_magenta_yeti_fur](lote-final-2026-10-06/es-cards-2026-10-06.md#receita-dye-magenta-yeti-fur) — data/eternal_starlight/recipe/dye_magenta_yeti_fur.json; [Receita dye_orange_yeti_fur](lote-final-2026-10-06/es-cards-2026-10-06.md#receita-dye-orange-yeti-fur) — data/eternal_starlight/recipe/dye_orange_yeti_fur.json; [Receita dye_pink_yeti_fur](lote-final-2026-10-06/es-cards-2026-10-06.md#receita-dye-pink-yeti-fur) — data/eternal_starlight/recipe/dye_pink_yeti_fur.json; [Receita dye_purple_yeti_fur](lote-final-2026-10-06/es-cards-2026-10-06.md#receita-dye-purple-yeti-fur) — data/eternal_starlight/recipe/dye_purple_yeti_fur.json; [Receita dye_red_yeti_fur](lote-final-2026-10-06/es-cards-2026-10-06.md#receita-dye-red-yeti-fur) — data/eternal_starlight/recipe/dye_red_yeti_fur.json; [Receita dye_yellow_yeti_fur](lote-final-2026-10-06/es-cards-2026-10-06.md#receita-dye-yellow-yeti-fur) — data/eternal_starlight/recipe/dye_yellow_yeti_fur.json; [Receita starlit_painting](lote-final-2026-10-06/es-cards-2026-10-06.md#receita-starlit-painting) — data/eternal_starlight/recipe/starlit_painting.json; [Receita white_bed](lote-final-2026-10-06/es-cards-2026-10-06.md#receita-white-bed) — data/eternal_starlight/recipe/white_bed.json; [Receita white_yeti_fur_carpet](lote-final-2026-10-06/es-cards-2026-10-06.md#receita-white-yeti-fur-carpet) — data/eternal_starlight/recipe/white_yeti_fur_carpet.json
Aurora Deer,Eternal Starlight,Criatura Animal; comportamento definido na classe e herança citadas,"Bioma permafrost_peaks (creature); peso 16, grupo 3–6; data/eternal_starlight/worldgen/biome/permafrost_peaks.json; Bioma starlight_permafrost_forest (creature); peso 16, grupo 3–6; data/eternal_starlight/worldgen/biome/starlight_permafrost_forest.json; Bioma starlight_taiga (creature); peso 16, grupo 3–6; data/eternal_starlight/worldgen/biome/starlight_taiga.json; ",Loot de morte,minecraft:leather,1–3,Loot condicionado ao caminho de morte; herança/interações/variantes fora deste pool separadas; pool1: 1 sorteio(s); reposição se múltiplos rolls; peso bruto 1/1; normaliza apenas entradas elegíveis; set_count; Saque minecraft:looting: bônus Math.round(nível × sorteio 0–2); limite sem limite explícito,"Ingrediente nas receitas auditadas: {'count': 1, 'id': 'eternal_starlight:alchemist_mask'}, {'count': 1, 'id': 'eternal_starlight:alchemist_robe'}, leather_from_rotten_flesh",Alta nos arquivos versionados; configurações/datapacks externos não confirmados,/images/bestiary/audited/es/aurora-deer.png,cn/leolezury/eternalstarlight/common/client/model/entity/AuroraDeerModel.class; cn/leolezury/eternalstarlight/common/client/renderer/entity/AuroraDeerRenderer.class; assets/eternal_starlight/textures/entity/aurora_deer.png; cn/leolezury/eternalstarlight/common/client/handler/ESClientSetupHandler.class; cn/leolezury/eternalstarlight/common/client/model/animation/definition/AuroraDeerAnimation.class; cn/leolezury/eternalstarlight/common/client/renderer/layer/AuroraDeerSnowLayer.class; cn/leolezury/eternalstarlight/common/registry/ESEntities.class; cn/leolezury/eternalstarlight/common/registry/ESItems.class; output-es/proveniencia.json,evidence-es/eternalstarlight-0.9.0+1.21.1+neoforge.jar::data/eternal_starlight/loot_table/entities/aurora_deer.json; evidence-es/decompiled-full/cn/leolezury/eternalstarlight/common/entity/living/animal/AuroraDeer.java,/bestiary/receitas/es.html#receita-alchemist-mask | [Receita alchemist_mask](lote-final-2026-10-06/es-cards-2026-10-06.md#receita-alchemist-mask) — data/eternal_starlight/recipe/alchemist_mask.json; [Receita alchemist_robe](lote-final-2026-10-06/es-cards-2026-10-06.md#receita-alchemist-robe) — data/eternal_starlight/recipe/alchemist_robe.json; [Receita leather_from_rotten_flesh](lote-final-2026-10-06/es-cards-2026-10-06.md#receita-leather-from-rotten-flesh) — data/eternal_starlight/recipe/drying/leather_from_rotten_flesh.json
Aurora Deer,Eternal Starlight,Criatura Animal; comportamento definido na classe e herança citadas,"Bioma permafrost_peaks (creature); peso 16, grupo 3–6; data/eternal_starlight/worldgen/biome/permafrost_peaks.json; Bioma starlight_permafrost_forest (creature); peso 16, grupo 3–6; data/eternal_starlight/worldgen/biome/starlight_permafrost_forest.json; Bioma starlight_taiga (creature); peso 16, grupo 3–6; data/eternal_starlight/worldgen/biome/starlight_taiga.json; ",Loot de morte,eternal_starlight:aurora_deer_steak,1–2,"Loot condicionado ao caminho de morte; herança/interações/variantes fora deste pool separadas; pool2: 1 sorteio(s); reposição se múltiplos rolls; peso bruto 1/1; normaliza apenas entradas elegíveis; set_count; Saque minecraft:looting: bônus Math.round(nível × sorteio 0–1); limite sem limite explícito; aplica receita de fundição ao item; função somente se (this satisfaz {""flags"": {""is_on_fire"": true}}) OU (direct_attacker satisfaz {""equipment"": {""mainhand"": {""predicates"": {""minecraft:enchantments"": [{""enchantments"": ""#minecraft:smelts_loot""}]}}}})","Ingrediente nas receitas auditadas: {'count': 1, 'id': 'eternal_starlight:cooked_aurora_deer_steak'}, {'count': 1, 'id': 'eternal_starlight:cooked_aurora_deer_steak'}, {'count': 1, 'id': 'eternal_starlight:cooked_aurora_deer_steak'}",Alta nos arquivos versionados; configurações/datapacks externos não confirmados,/images/bestiary/audited/es/aurora-deer.png,cn/leolezury/eternalstarlight/common/client/model/entity/AuroraDeerModel.class; cn/leolezury/eternalstarlight/common/client/renderer/entity/AuroraDeerRenderer.class; assets/eternal_starlight/textures/entity/aurora_deer.png; cn/leolezury/eternalstarlight/common/client/handler/ESClientSetupHandler.class; cn/leolezury/eternalstarlight/common/client/model/animation/definition/AuroraDeerAnimation.class; cn/leolezury/eternalstarlight/common/client/renderer/layer/AuroraDeerSnowLayer.class; cn/leolezury/eternalstarlight/common/registry/ESEntities.class; cn/leolezury/eternalstarlight/common/registry/ESItems.class; output-es/proveniencia.json,evidence-es/eternalstarlight-0.9.0+1.21.1+neoforge.jar::data/eternal_starlight/loot_table/entities/aurora_deer.json; evidence-es/decompiled-full/cn/leolezury/eternalstarlight/common/entity/living/animal/AuroraDeer.java; evidence-es/decompiled-full/cn/leolezury/eternalstarlight/common/registry/ESItems.java; registros-usos-itens.json#eternal_starlight:aurora_deer_steak,/bestiary/receitas/es.html#receita-cooked-aurora-deer-steak-from-campfire-cooking | [Receita cooked_aurora_deer_steak_from_campfire_cooking](lote-final-2026-10-06/es-cards-2026-10-06.md#receita-cooked-aurora-deer-steak-from-campfire-cooking) — data/eternal_starlight/recipe/cooked_aurora_deer_steak_from_campfire_cooking.json; [Receita cooked_aurora_deer_steak_from_smoking](lote-final-2026-10-06/es-cards-2026-10-06.md#receita-cooked-aurora-deer-steak-from-smoking) — data/eternal_starlight/recipe/cooked_aurora_deer_steak_from_smoking.json; [Receita cooked_aurora_deer_steak_smelting_from_aurora_deer_steak](lote-final-2026-10-06/es-cards-2026-10-06.md#receita-cooked-aurora-deer-steak-smelting-from-aurora-deer-steak) — data/eternal_starlight/recipe/cooked_aurora_deer_steak_smelting_from_aurora_deer_steak.json
Aurora Deer,Eternal Starlight,Criatura Animal; comportamento definido na classe e herança citadas,"Bioma permafrost_peaks (creature); peso 16, grupo 3–6; data/eternal_starlight/worldgen/biome/permafrost_peaks.json; Bioma starlight_permafrost_forest (creature); peso 16, grupo 3–6; data/eternal_starlight/worldgen/biome/starlight_permafrost_forest.json; Bioma starlight_taiga (creature); peso 16, grupo 3–6; data/eternal_starlight/worldgen/biome/starlight_taiga.json; ",Mecânica fora do JSON,minecraft:snowball,1–3,"hasSnow e item #shovels; limpa neve, danifica ferramenta1",Projétil arremessável e bloco de neve,Alta nos arquivos versionados; configurações/datapacks externos não confirmados,/images/bestiary/audited/es/aurora-deer.png,cn/leolezury/eternalstarlight/common/client/model/entity/AuroraDeerModel.class; cn/leolezury/eternalstarlight/common/client/renderer/entity/AuroraDeerRenderer.class; assets/eternal_starlight/textures/entity/aurora_deer.png; cn/leolezury/eternalstarlight/common/client/handler/ESClientSetupHandler.class; cn/leolezury/eternalstarlight/common/client/model/animation/definition/AuroraDeerAnimation.class; cn/leolezury/eternalstarlight/common/client/renderer/layer/AuroraDeerSnowLayer.class; cn/leolezury/eternalstarlight/common/registry/ESEntities.class; cn/leolezury/eternalstarlight/common/registry/ESItems.class; output-es/proveniencia.json,/workspace/scratch/25006bff7ab5/evidence-es/decompiled-full/cn/leolezury/eternalstarlight/common/entity/living/animal/AuroraDeer.java; evidence-es/decompiled-full/cn/leolezury/eternalstarlight/common/entity/living/animal/AuroraDeer.java,[Receitas vanilla1.21.1](lote-final-2026-10-06/receitas-vanilla.json)
Aurora Deer,Eternal Starlight,Criatura Animal; comportamento definido na classe e herança citadas,"Bioma permafrost_peaks (creature); peso 16, grupo 3–6; data/eternal_starlight/worldgen/biome/permafrost_peaks.json; Bioma starlight_permafrost_forest (creature); peso 16, grupo 3–6; data/eternal_starlight/worldgen/biome/starlight_permafrost_forest.json; Bioma starlight_taiga (creature); peso 16, grupo 3–6; data/eternal_starlight/worldgen/biome/starlight_taiga.json; ",Mecânica fora do JSON,eternal_starlight:aurora_deer_antler,1,"randomlyBreakAntler: teste1/8, cooldown≤0 e ao menos1galhada; quebra lado disponível; cooldown200","Arma Scythe feita da própria galhada, não mero material: tier AURORA_DEER_ANTLER; atributos2,-1,0.5,0 definidos em ESItems e ScytheItem.",Exceção de uso; recompensa confirmada apenas quando fontes demonstram o mecanismo,/images/bestiary/audited/es/aurora-deer.png,cn/leolezury/eternalstarlight/common/client/model/entity/AuroraDeerModel.class; cn/leolezury/eternalstarlight/common/client/renderer/entity/AuroraDeerRenderer.class; assets/eternal_starlight/textures/entity/aurora_deer.png; cn/leolezury/eternalstarlight/common/client/handler/ESClientSetupHandler.class; cn/leolezury/eternalstarlight/common/client/model/animation/definition/AuroraDeerAnimation.class; cn/leolezury/eternalstarlight/common/client/renderer/layer/AuroraDeerSnowLayer.class; cn/leolezury/eternalstarlight/common/registry/ESEntities.class; cn/leolezury/eternalstarlight/common/registry/ESItems.class; output-es/proveniencia.json,/workspace/scratch/25006bff7ab5/evidence-es/decompiled-full/cn/leolezury/eternalstarlight/common/entity/living/animal/AuroraDeer.java; evidence-es/decompiled-full/cn/leolezury/eternalstarlight/common/entity/living/animal/AuroraDeer.java; evidence-es/decompiled-full/cn/leolezury/eternalstarlight/common/registry/ESItems.java; registros-usos-itens.json#eternal_starlight:aurora_deer_antler,Não aplicável: uso direto ou nenhuma receita identificada na build
Crystallized Moth,Eternal Starlight,Criatura TamableAnimal; alvos: Bat,"Bioma crystallized_desert (monster); peso 8, grupo 1–4; data/eternal_starlight/worldgen/biome/crystallized_desert.json; ",Loot de morte,eternal_starlight:red_starlight_crystal_shard,1–2,Loot condicionado ao caminho de morte; herança/interações/variantes fora deste pool separadas; pool1: 1 sorteio(s); reposição se múltiplos rolls; peso bruto 1/1; normaliza apenas entradas elegíveis; set_count; Saque minecraft:looting: bônus Math.round(nível × sorteio 0–1); limite sem limite explícito,"Ingrediente nas receitas auditadas: {'count': 1, 'id': 'eternal_starlight:blaze_crystal'}, {'count': 1, 'id': 'eternal_starlight:crystal_crossbow'}, {'count': 1, 'id': 'eternal_starlight:crystal_greatsword'}, {'count': 1, 'id': 'eternal_starlight:light_crystal'}, {'count': 1, 'id': 'eternal_starlight:lunar_crystal'}, {'count': 1, 'id': 'eternal_starlight:red_starlight_crystal_lantern'}, {'count': 1, 'id': 'eternal_starlight:terra_crystal'}, {'count': 1, 'id': 'eternal_starlight:water_crystal'}, {'count': 1, 'id': 'eternal_starlight:wind_crystal'}",Alta nos arquivos versionados; configurações/datapacks externos não confirmados,/images/bestiary/audited/es/crystallized-moth.png,cn/leolezury/eternalstarlight/common/client/model/entity/CrystallizedMothModel.class; cn/leolezury/eternalstarlight/common/client/renderer/entity/CrystallizedMothRenderer.class; assets/eternal_starlight/textures/entity/crystallized_moth.png; cn/leolezury/eternalstarlight/common/client/handler/ESClientSetupHandler.class; cn/leolezury/eternalstarlight/common/client/model/animation/definition/CrystallizedMothAnimation.class; cn/leolezury/eternalstarlight/common/client/renderer/layer/CrystallizedMothGlowLayer.class; cn/leolezury/eternalstarlight/common/registry/ESEntities.class; cn/leolezury/eternalstarlight/common/registry/ESItems.class; output-es/proveniencia.json,evidence-es/eternalstarlight-0.9.0+1.21.1+neoforge.jar::data/eternal_starlight/loot_table/entities/crystallized_moth.json; evidence-es/decompiled-full/cn/leolezury/eternalstarlight/common/entity/living/animal/CrystallizedMoth.java; evidence-es/decompiled-full/cn/leolezury/eternalstarlight/common/registry/ESItems.java; registros-usos-itens.json#eternal_starlight:red_starlight_crystal_shard,/bestiary/receitas/es.html#receita-blaze-crystal | [Receita blaze_crystal](lote-final-2026-10-06/es-cards-2026-10-06.md#receita-blaze-crystal) — data/eternal_starlight/recipe/blaze_crystal.json; [Receita blooming_armor_trim_smithing_template_smithing_trim](lote-final-2026-10-06/es-cards-2026-10-06.md#receita-blooming-armor-trim-smithing-template-smithing-trim) — data/eternal_starlight/recipe/blooming_armor_trim_smithing_template_smithing_trim.json; [Receita crystal_crossbow](lote-final-2026-10-06/es-cards-2026-10-06.md#receita-crystal-crossbow) — data/eternal_starlight/recipe/crystal_crossbow.json; [Receita crystal_greatsword](lote-final-2026-10-06/es-cards-2026-10-06.md#receita-crystal-greatsword) — data/eternal_starlight/recipe/crystal_greatsword.json; [Receita forge_armor_trim_smithing_template_smithing_trim](lote-final-2026-10-06/es-cards-2026-10-06.md#receita-forge-armor-trim-smithing-template-smithing-trim) — data/eternal_starlight/recipe/forge_armor_trim_smithing_template_smithing_trim.json; [Receita keeper_armor_trim_smithing_template_smithing_trim](lote-final-2026-10-06/es-cards-2026-10-06.md#receita-keeper-armor-trim-smithing-template-smithing-trim) — data/eternal_starlight/recipe/keeper_armor_trim_smithing_template_smithing_trim.json; [Receita light_crystal](lote-final-2026-10-06/es-cards-2026-10-06.md#receita-light-crystal) — data/eternal_starlight/recipe/light_crystal.json; [Receita lunar_crystal](lote-final-2026-10-06/es-cards-2026-10-06.md#receita-lunar-crystal) — data/eternal_starlight/recipe/lunar_crystal.json; [Receita red_starlight_crystal_lantern](lote-final-2026-10-06/es-cards-2026-10-06.md#receita-red-starlight-crystal-lantern) — data/eternal_starlight/recipe/red_starlight_crystal_lantern.json; [Receita terra_crystal](lote-final-2026-10-06/es-cards-2026-10-06.md#receita-terra-crystal) — data/eternal_starlight/recipe/terra_crystal.json; [Receita twining_armor_trim_smithing_template_smithing_trim](lote-final-2026-10-06/es-cards-2026-10-06.md#receita-twining-armor-trim-smithing-template-smithing-trim) — data/eternal_starlight/recipe/twining_armor_trim_smithing_template_smithing_trim.json; [Receita water_crystal](lote-final-2026-10-06/es-cards-2026-10-06.md#receita-water-crystal) — data/eternal_starlight/recipe/water_crystal.json; [Receita wind_crystal](lote-final-2026-10-06/es-cards-2026-10-06.md#receita-wind-crystal) — data/eternal_starlight/recipe/wind_crystal.json
Crystallized Moth,Eternal Starlight,Criatura TamableAnimal; alvos: Bat,"Bioma crystallized_desert (monster); peso 8, grupo 1–4; data/eternal_starlight/worldgen/biome/crystallized_desert.json; ",Loot de morte,eternal_starlight:blue_starlight_crystal_shard,1–2,Loot condicionado ao caminho de morte; herança/interações/variantes fora deste pool separadas; pool2: 1 sorteio(s); reposição se múltiplos rolls; peso bruto 1/1; normaliza apenas entradas elegíveis; set_count; Saque minecraft:looting: bônus Math.round(nível × sorteio 0–1); limite sem limite explícito,"Ingrediente nas receitas auditadas: {'count': 1, 'id': 'eternal_starlight:blue_starlight_crystal_lantern'}, {'count': 1, 'id': 'eternal_starlight:crystal_crossbow'}, {'count': 1, 'id': 'eternal_starlight:crystal_greatsword'}, {'count': 1, 'id': 'eternal_starlight:orb_of_prophecy'}",Alta nos arquivos versionados; configurações/datapacks externos não confirmados,/images/bestiary/audited/es/crystallized-moth.png,cn/leolezury/eternalstarlight/common/client/model/entity/CrystallizedMothModel.class; cn/leolezury/eternalstarlight/common/client/renderer/entity/CrystallizedMothRenderer.class; assets/eternal_starlight/textures/entity/crystallized_moth.png; cn/leolezury/eternalstarlight/common/client/handler/ESClientSetupHandler.class; cn/leolezury/eternalstarlight/common/client/model/animation/definition/CrystallizedMothAnimation.class; cn/leolezury/eternalstarlight/common/client/renderer/layer/CrystallizedMothGlowLayer.class; cn/leolezury/eternalstarlight/common/registry/ESEntities.class; cn/leolezury/eternalstarlight/common/registry/ESItems.class; output-es/proveniencia.json,evidence-es/eternalstarlight-0.9.0+1.21.1+neoforge.jar::data/eternal_starlight/loot_table/entities/crystallized_moth.json; evidence-es/decompiled-full/cn/leolezury/eternalstarlight/common/entity/living/animal/CrystallizedMoth.java; evidence-es/decompiled-full/cn/leolezury/eternalstarlight/common/registry/ESItems.java; registros-usos-itens.json#eternal_starlight:blue_starlight_crystal_shard,/bestiary/receitas/es.html#receita-blooming-armor-trim-smithing-template-smithing-trim | [Receita blooming_armor_trim_smithing_template_smithing_trim](lote-final-2026-10-06/es-cards-2026-10-06.md#receita-blooming-armor-trim-smithing-template-smithing-trim) — data/eternal_starlight/recipe/blooming_armor_trim_smithing_template_smithing_trim.json; [Receita blue_starlight_crystal_lantern](lote-final-2026-10-06/es-cards-2026-10-06.md#receita-blue-starlight-crystal-lantern) — data/eternal_starlight/recipe/blue_starlight_crystal_lantern.json; [Receita crystal_crossbow](lote-final-2026-10-06/es-cards-2026-10-06.md#receita-crystal-crossbow) — data/eternal_starlight/recipe/crystal_crossbow.json; [Receita crystal_greatsword](lote-final-2026-10-06/es-cards-2026-10-06.md#receita-crystal-greatsword) — data/eternal_starlight/recipe/crystal_greatsword.json; [Receita forge_armor_trim_smithing_template_smithing_trim](lote-final-2026-10-06/es-cards-2026-10-06.md#receita-forge-armor-trim-smithing-template-smithing-trim) — data/eternal_starlight/recipe/forge_armor_trim_smithing_template_smithing_trim.json; [Receita keeper_armor_trim_smithing_template_smithing_trim](lote-final-2026-10-06/es-cards-2026-10-06.md#receita-keeper-armor-trim-smithing-template-smithing-trim) — data/eternal_starlight/recipe/keeper_armor_trim_smithing_template_smithing_trim.json; [Receita orb_of_prophecy](lote-final-2026-10-06/es-cards-2026-10-06.md#receita-orb-of-prophecy) — data/eternal_starlight/recipe/orb_of_prophecy.json; [Receita twining_armor_trim_smithing_template_smithing_trim](lote-final-2026-10-06/es-cards-2026-10-06.md#receita-twining-armor-trim-smithing-template-smithing-trim) — data/eternal_starlight/recipe/twining_armor_trim_smithing_template_smithing_trim.json
Crystallized Moth,Eternal Starlight,Criatura TamableAnimal; alvos: Bat,"Bioma crystallized_desert (monster); peso 8, grupo 1–4; data/eternal_starlight/worldgen/biome/crystallized_desert.json; ",Loot de morte,eternal_starlight:shivering_gel,1–2,Loot condicionado ao caminho de morte; herança/interações/variantes fora deste pool separadas; pool3: 1 sorteio(s); reposição se múltiplos rolls; chance 30%; peso bruto 1/1; normaliza apenas entradas elegíveis; set_count; Saque minecraft:looting: bônus Math.round(nível × sorteio 0–1); limite sem limite explícito,"Ingrediente nas receitas auditadas: {'count': 1, 'id': 'eternal_starlight:crystal_greatsword'}, {'count': 12, 'id': 'eternal_starlight:sonar_bomb'}",Alta nos arquivos versionados; configurações/datapacks externos não confirmados,/images/bestiary/audited/es/crystallized-moth.png,cn/leolezury/eternalstarlight/common/client/model/entity/CrystallizedMothModel.class; cn/leolezury/eternalstarlight/common/client/renderer/entity/CrystallizedMothRenderer.class; assets/eternal_starlight/textures/entity/crystallized_moth.png; cn/leolezury/eternalstarlight/common/client/handler/ESClientSetupHandler.class; cn/leolezury/eternalstarlight/common/client/model/animation/definition/CrystallizedMothAnimation.class; cn/leolezury/eternalstarlight/common/client/renderer/layer/CrystallizedMothGlowLayer.class; cn/leolezury/eternalstarlight/common/registry/ESEntities.class; cn/leolezury/eternalstarlight/common/registry/ESItems.class; output-es/proveniencia.json,evidence-es/eternalstarlight-0.9.0+1.21.1+neoforge.jar::data/eternal_starlight/loot_table/entities/crystallized_moth.json; evidence-es/decompiled-full/cn/leolezury/eternalstarlight/common/entity/living/animal/CrystallizedMoth.java; evidence-es/decompiled-full/cn/leolezury/eternalstarlight/common/registry/ESItems.java; registros-usos-itens.json#eternal_starlight:shivering_gel,/bestiary/receitas/es.html#receita-crystal-greatsword | [Receita crystal_greatsword](lote-final-2026-10-06/es-cards-2026-10-06.md#receita-crystal-greatsword) — data/eternal_starlight/recipe/crystal_greatsword.json; [Receita sonar_bomb](lote-final-2026-10-06/es-cards-2026-10-06.md#receita-sonar-bomb) — data/eternal_starlight/recipe/sonar_bomb.json
Crystallized Moth,Eternal Starlight,Criatura TamableAnimal; alvos: Bat,"Bioma crystallized_desert (monster); peso 8, grupo 1–4; data/eternal_starlight/worldgen/biome/crystallized_desert.json; ",Mecânica fora do JSON,eternal_starlight:shivering_gel,1,"Domesticada; alimentar Lunaris Cactus Gel consome1; teste nextInt5==0,20%","Ingrediente nas receitas auditadas: {'count': 1, 'id': 'eternal_starlight:crystal_greatsword'}, {'count': 12, 'id': 'eternal_starlight:sonar_bomb'}",Alta nos arquivos versionados; configurações/datapacks externos não confirmados,/images/bestiary/audited/es/crystallized-moth.png,cn/leolezury/eternalstarlight/common/client/model/entity/CrystallizedMothModel.class; cn/leolezury/eternalstarlight/common/client/renderer/entity/CrystallizedMothRenderer.class; assets/eternal_starlight/textures/entity/crystallized_moth.png; cn/leolezury/eternalstarlight/common/client/handler/ESClientSetupHandler.class; cn/leolezury/eternalstarlight/common/client/model/animation/definition/CrystallizedMothAnimation.class; cn/leolezury/eternalstarlight/common/client/renderer/layer/CrystallizedMothGlowLayer.class; cn/leolezury/eternalstarlight/common/registry/ESEntities.class; cn/leolezury/eternalstarlight/common/registry/ESItems.class; output-es/proveniencia.json,/workspace/scratch/25006bff7ab5/evidence-es/decompiled-full/cn/leolezury/eternalstarlight/common/entity/living/animal/CrystallizedMoth.java; evidence-es/decompiled-full/cn/leolezury/eternalstarlight/common/entity/living/animal/CrystallizedMoth.java; evidence-es/decompiled-full/cn/leolezury/eternalstarlight/common/registry/ESItems.java; registros-usos-itens.json#eternal_starlight:shivering_gel,/bestiary/receitas/es.html#receita-crystal-greatsword | [Receita crystal_greatsword](lote-final-2026-10-06/es-cards-2026-10-06.md#receita-crystal-greatsword) — data/eternal_starlight/recipe/crystal_greatsword.json; [Receita sonar_bomb](lote-final-2026-10-06/es-cards-2026-10-06.md#receita-sonar-bomb) — data/eternal_starlight/recipe/sonar_bomb.json
Shimmer Lacewing,Eternal Starlight,Criatura Animal; comportamento definido na classe e herança citadas,"Bioma dark_swamp (ambient); peso 10, grupo 1–2; data/eternal_starlight/worldgen/biome/dark_swamp.json; Bioma shimmer_river (ambient); peso 20, grupo 1–2; data/eternal_starlight/worldgen/biome/shimmer_river.json; ",Tabela de morte vazia,Sem itens no JSON,0,Loot condicionado ao caminho de morte; herança/interações/variantes fora deste pool separadas; pools=[]; mecanismos paralelos separados,Não aplicável,Alta nos arquivos versionados; configurações/datapacks externos não confirmados,/images/bestiary/audited/es/shimmer-lacewing-river.png,cn/leolezury/eternalstarlight/common/client/model/entity/ShimmerLacewingModel.class; cn/leolezury/eternalstarlight/common/client/renderer/entity/ShimmerLacewingRenderer.class; assets/eternal_starlight/textures/entity/shimmer_lacewing/river.png; cn/leolezury/eternalstarlight/common/client/handler/ESClientSetupHandler.class; cn/leolezury/eternalstarlight/common/client/model/animation/definition/ShimmerLacewingAnimation.class; cn/leolezury/eternalstarlight/common/client/renderer/layer/ShimmerLacewingGlowLayer.class; cn/leolezury/eternalstarlight/common/registry/ESEntities.class; cn/leolezury/eternalstarlight/common/registry/ESItems.class; data/eternal_starlight/eternal_starlight/shimmer_lacewing_variant/river.json; data/eternal_starlight/eternal_starlight/shimmer_lacewing_variant/swamp.json; assets/eternal_starlight/textures/entity/shimmer_lacewing/swamp.png; output-es/proveniencia.json,evidence-es/eternalstarlight-0.9.0+1.21.1+neoforge.jar::data/eternal_starlight/loot_table/entities/shimmer_lacewing.json; evidence-es/decompiled-full/cn/leolezury/eternalstarlight/common/entity/living/animal/ShimmerLacewing.java,Não aplicável: uso direto ou nenhuma receita identificada na build
Starfire Bird,Eternal Starlight,Criatura Animal; comportamento definido na classe e herança citadas,Ninho Starfire Bird; StarfireBirdNestBlockEntity cria filhote/incubação.,Tabela de morte vazia,Sem itens no JSON,0,Loot condicionado ao caminho de morte; herança/interações/variantes fora deste pool separadas; pools=[]; mecanismos paralelos separados,Não aplicável,Alta nos arquivos versionados; configurações/datapacks externos não confirmados,/images/bestiary/audited/es/starfire-bird-adult.png,cn/leolezury/eternalstarlight/common/client/model/entity/StarfireBirdModel.class; cn/leolezury/eternalstarlight/common/client/renderer/entity/StarfireBirdRenderer.class; assets/eternal_starlight/textures/entity/starfire_bird.png; cn/leolezury/eternalstarlight/common/client/handler/ESClientSetupHandler.class; cn/leolezury/eternalstarlight/common/client/model/animation/definition/StarfireBirdAnimation.class; cn/leolezury/eternalstarlight/common/registry/ESEntities.class; cn/leolezury/eternalstarlight/common/registry/ESItems.class; assets/eternal_starlight/textures/entity/starfire_bird_special.png; assets/eternal_starlight/textures/entity/starfire_bird_baby.png; assets/eternal_starlight/textures/entity/starfire_bird_baby_special.png; output-es/proveniencia.json,evidence-es/eternalstarlight-0.9.0+1.21.1+neoforge.jar::data/eternal_starlight/loot_table/entities/starfire_bird.json; evidence-es/decompiled-full/cn/leolezury/eternalstarlight/common/entity/living/animal/StarfireBird.java,Não aplicável: uso direto ou nenhuma receita identificada na build
Grimstone Golem,Eternal Starlight,Criatura AbstractGolem; comportamento definido na classe e herança citadas,Construído ao posicionar Carved Lunaris Cactus Fruit sobre padrão Grimstone; CarvedLunarisCactusFruitBlock.getOrCreateGrimstoneGolemFull e trySpawnGolem.,Loot de morte,eternal_starlight:grimstone,0–2,Loot condicionado ao caminho de morte; herança/interações/variantes fora deste pool separadas; pool1: 1 sorteio(s); reposição se múltiplos rolls; peso bruto 1/1; normaliza apenas entradas elegíveis; set_count,"Ingrediente nas receitas auditadas: {'count': 2, 'id': 'eternal_starlight:blooming_armor_trim_smithing_template'}, {'count': 1, 'id': 'eternal_starlight:chiseled_grimstone'}, voidstone_from_grimstone, {'count': 2, 'id': 'eternal_starlight:grimstone_brick_slab'}, {'count': 1, 'id': 'eternal_starlight:grimstone_brick_stairs'}, {'count': 1, 'id': 'eternal_starlight:grimstone_brick_wall'}, {'count': 1, 'id': 'eternal_starlight:grimstone_bricks'}, {'count': 6, 'id': 'eternal_starlight:grimstone_slab'}, {'count': 2, 'id': 'eternal_starlight:grimstone_slab'}, {'count': 4, 'id': 'eternal_starlight:grimstone_stairs'}, {'count': 1, 'id': 'eternal_starlight:grimstone_stairs'}, {'count': 2, 'id': 'eternal_starlight:grimstone_tile_slab'}, {'count': 1, 'id': 'eternal_starlight:grimstone_tile_stairs'}, {'count': 1, 'id': 'eternal_starlight:grimstone_tile_wall'}, {'count': 1, 'id': 'eternal_starlight:grimstone_tiles'}, {'count': 6, 'id': 'eternal_starlight:grimstone_wall'}, {'count': 1, 'id': 'eternal_starlight:grimstone_wall'}, {'count': 2, 'id': 'eternal_starlight:keeper_armor_trim_smithing_template'}, {'count': 4, 'id': 'eternal_starlight:polished_grimstone'}, {'count': 1, 'id': 'eternal_starlight:polished_grimstone'}, {'count': 2, 'id': 'eternal_starlight:polished_grimstone_slab'}, {'count': 1, 'id': 'eternal_starlight:polished_grimstone_stairs'}, {'count': 2, 'id': 'eternal_starlight:polished_grimstone_tile_slab'}, {'count': 1, 'id': 'eternal_starlight:polished_grimstone_tile_stairs'}, {'count': 1, 'id': 'eternal_starlight:polished_grimstone_tile_wall'}, {'count': 1, 'id': 'eternal_starlight:polished_grimstone_tiles'}, {'count': 1, 'id': 'eternal_starlight:polished_grimstone_wall'}, {'count': 2, 'id': 'eternal_starlight:twining_armor_trim_smithing_template'}",Alta nos arquivos versionados; configurações/datapacks externos não confirmados,/images/bestiary/audited/es/grimstone-golem.png,cn/leolezury/eternalstarlight/common/client/model/entity/GrimstoneGolemModel.class; cn/leolezury/eternalstarlight/common/client/renderer/entity/GrimstoneGolemRenderer.class; assets/eternal_starlight/textures/entity/grimstone_golem.png; assets/eternal_starlight/textures/entity/grimstone_golem_glow.png; cn/leolezury/eternalstarlight/common/client/handler/ESClientSetupHandler.class; cn/leolezury/eternalstarlight/common/client/renderer/layer/GrimstoneGolemGlowLayer.class; cn/leolezury/eternalstarlight/common/registry/ESEntities.class; cn/leolezury/eternalstarlight/common/registry/ESItems.class; output-es/proveniencia.json,evidence-es/eternalstarlight-0.9.0+1.21.1+neoforge.jar::data/eternal_starlight/loot_table/entities/grimstone_golem.json; evidence-es/decompiled-full/cn/leolezury/eternalstarlight/common/entity/living/GrimstoneGolem.java; evidence-es/decompiled-full/cn/leolezury/eternalstarlight/common/registry/ESItems.java; registros-usos-itens.json#eternal_starlight:grimstone,/bestiary/receitas/es.html#receita-blooming-armor-trim-smithing-template | [Receita blooming_armor_trim_smithing_template](lote-final-2026-10-06/es-cards-2026-10-06.md#receita-blooming-armor-trim-smithing-template) — data/eternal_starlight/recipe/blooming_armor_trim_smithing_template.json; [Receita chiseled_grimstone_from_grimstone_stonecutting](lote-final-2026-10-06/es-cards-2026-10-06.md#receita-chiseled-grimstone-from-grimstone-stonecutting) — data/eternal_starlight/recipe/chiseled_grimstone_from_grimstone_stonecutting.json; [Receita voidstone_from_grimstone](lote-final-2026-10-06/es-cards-2026-10-06.md#receita-voidstone-from-grimstone) — data/eternal_starlight/recipe/geyser_smoking/voidstone_from_grimstone.json; [Receita grimstone_brick_slab_from_grimstone_stonecutting](lote-final-2026-10-06/es-cards-2026-10-06.md#receita-grimstone-brick-slab-from-grimstone-stonecutting) — data/eternal_starlight/recipe/grimstone_brick_slab_from_grimstone_stonecutting.json; [Receita grimstone_brick_stairs_from_grimstone_stonecutting](lote-final-2026-10-06/es-cards-2026-10-06.md#receita-grimstone-brick-stairs-from-grimstone-stonecutting) — data/eternal_starlight/recipe/grimstone_brick_stairs_from_grimstone_stonecutting.json; [Receita grimstone_brick_wall_from_grimstone_stonecutting](lote-final-2026-10-06/es-cards-2026-10-06.md#receita-grimstone-brick-wall-from-grimstone-stonecutting) — data/eternal_starlight/recipe/grimstone_brick_wall_from_grimstone_stonecutting.json; [Receita grimstone_bricks_from_grimstone_stonecutting](lote-final-2026-10-06/es-cards-2026-10-06.md#receita-grimstone-bricks-from-grimstone-stonecutting) — data/eternal_starlight/recipe/grimstone_bricks_from_grimstone_stonecutting.json; [Receita grimstone_slab](lote-final-2026-10-06/es-cards-2026-10-06.md#receita-grimstone-slab) — data/eternal_starlight/recipe/grimstone_slab.json; [Receita grimstone_slab_from_grimstone_stonecutting](lote-final-2026-10-06/es-cards-2026-10-06.md#receita-grimstone-slab-from-grimstone-stonecutting) — data/eternal_starlight/recipe/grimstone_slab_from_grimstone_stonecutting.json; [Receita grimstone_stairs](lote-final-2026-10-06/es-cards-2026-10-06.md#receita-grimstone-stairs) — data/eternal_starlight/recipe/grimstone_stairs.json; [Receita grimstone_stairs_from_grimstone_stonecutting](lote-final-2026-10-06/es-cards-2026-10-06.md#receita-grimstone-stairs-from-grimstone-stonecutting) — data/eternal_starlight/recipe/grimstone_stairs_from_grimstone_stonecutting.json; [Receita grimstone_tile_slab_from_grimstone_stonecutting](lote-final-2026-10-06/es-cards-2026-10-06.md#receita-grimstone-tile-slab-from-grimstone-stonecutting) — data/eternal_starlight/recipe/grimstone_tile_slab_from_grimstone_stonecutting.json; [Receita grimstone_tile_stairs_from_grimstone_stonecutting](lote-final-2026-10-06/es-cards-2026-10-06.md#receita-grimstone-tile-stairs-from-grimstone-stonecutting) — data/eternal_starlight/recipe/grimstone_tile_stairs_from_grimstone_stonecutting.json; [Receita grimstone_tile_wall_from_grimstone_stonecutting](lote-final-2026-10-06/es-cards-2026-10-06.md#receita-grimstone-tile-wall-from-grimstone-stonecutting) — data/eternal_starlight/recipe/grimstone_tile_wall_from_grimstone_stonecutting.json; [Receita grimstone_tiles_from_grimstone_stonecutting](lote-final-2026-10-06/es-cards-2026-10-06.md#receita-grimstone-tiles-from-grimstone-stonecutting) — data/eternal_starlight/recipe/grimstone_tiles_from_grimstone_stonecutting.json; [Receita grimstone_wall](lote-final-2026-10-06/es-cards-2026-10-06.md#receita-grimstone-wall) — data/eternal_starlight/recipe/grimstone_wall.json; [Receita grimstone_wall_from_grimstone_stonecutting](lote-final-2026-10-06/es-cards-2026-10-06.md#receita-grimstone-wall-from-grimstone-stonecutting) — data/eternal_starlight/recipe/grimstone_wall_from_grimstone_stonecutting.json; [Receita keeper_armor_trim_smithing_template](lote-final-2026-10-06/es-cards-2026-10-06.md#receita-keeper-armor-trim-smithing-template) — data/eternal_starlight/recipe/keeper_armor_trim_smithing_template.json; [Receita polished_grimstone](lote-final-2026-10-06/es-cards-2026-10-06.md#receita-polished-grimstone) — data/eternal_starlight/recipe/polished_grimstone.json; [Receita polished_grimstone_from_grimstone_stonecutting](lote-final-2026-10-06/es-cards-2026-10-06.md#receita-polished-grimstone-from-grimstone-stonecutting) — data/eternal_starlight/recipe/polished_grimstone_from_grimstone_stonecutting.json; [Receita polished_grimstone_slab_from_grimstone_stonecutting](lote-final-2026-10-06/es-cards-2026-10-06.md#receita-polished-grimstone-slab-from-grimstone-stonecutting) — data/eternal_starlight/recipe/polished_grimstone_slab_from_grimstone_stonecutting.json; [Receita polished_grimstone_stairs_from_grimstone_stonecutting](lote-final-2026-10-06/es-cards-2026-10-06.md#receita-polished-grimstone-stairs-from-grimstone-stonecutting) — data/eternal_starlight/recipe/polished_grimstone_stairs_from_grimstone_stonecutting.json; [Receita polished_grimstone_tile_slab_from_grimstone_stonecutting](lote-final-2026-10-06/es-cards-2026-10-06.md#receita-polished-grimstone-tile-slab-from-grimstone-stonecutting) — data/eternal_starlight/recipe/polished_grimstone_tile_slab_from_grimstone_stonecutting.json; [Receita polished_grimstone_tile_stairs_from_grimstone_stonecutting](lote-final-2026-10-06/es-cards-2026-10-06.md#receita-polished-grimstone-tile-stairs-from-grimstone-stonecutting) — data/eternal_starlight/recipe/polished_grimstone_tile_stairs_from_grimstone_stonecutting.json; [Receita polished_grimstone_tile_wall_from_grimstone_stonecutting](lote-final-2026-10-06/es-cards-2026-10-06.md#receita-polished-grimstone-tile-wall-from-grimstone-stonecutting) — data/eternal_starlight/recipe/polished_grimstone_tile_wall_from_grimstone_stonecutting.json; [Receita polished_grimstone_tiles_from_grimstone_stonecutting](lote-final-2026-10-06/es-cards-2026-10-06.md#receita-polished-grimstone-tiles-from-grimstone-stonecutting) — data/eternal_starlight/recipe/polished_grimstone_tiles_from_grimstone_stonecutting.json; [Receita polished_grimstone_wall_from_grimstone_stonecutting](lote-final-2026-10-06/es-cards-2026-10-06.md#receita-polished-grimstone-wall-from-grimstone-stonecutting) — data/eternal_starlight/recipe/polished_grimstone_wall_from_grimstone_stonecutting.json; [Receita twining_armor_trim_smithing_template](lote-final-2026-10-06/es-cards-2026-10-06.md#receita-twining-armor-trim-smithing-template) — data/eternal_starlight/recipe/twining_armor_trim_smithing_template.json
Grimstone Golem,Eternal Starlight,Criatura AbstractGolem; comportamento definido na classe e herança citadas,Construído ao posicionar Carved Lunaris Cactus Fruit sobre padrão Grimstone; CarvedLunarisCactusFruitBlock.getOrCreateGrimstoneGolemFull e trySpawnGolem.,Loot de morte,eternal_starlight:cobbled_grimstone,0–2,Loot condicionado ao caminho de morte; herança/interações/variantes fora deste pool separadas; pool2: 1 sorteio(s); reposição se múltiplos rolls; peso bruto 1/1; normaliza apenas entradas elegíveis; set_count,"Ingrediente nas receitas auditadas: {'count': 1, 'id': 'eternal_starlight:chiseled_grimstone'}, {'count': 6, 'id': 'eternal_starlight:cobbled_grimstone_slab'}, {'count': 2, 'id': 'eternal_starlight:cobbled_grimstone_slab'}, {'count': 4, 'id': 'eternal_starlight:cobbled_grimstone_stairs'}, {'count': 1, 'id': 'eternal_starlight:cobbled_grimstone_stairs'}, {'count': 6, 'id': 'eternal_starlight:cobbled_grimstone_wall'}, {'count': 1, 'id': 'eternal_starlight:cobbled_grimstone_wall'}, {'count': 2, 'id': 'eternal_starlight:grimstone_brick_slab'}, {'count': 1, 'id': 'eternal_starlight:grimstone_brick_stairs'}, {'count': 1, 'id': 'eternal_starlight:grimstone_brick_wall'}, {'count': 1, 'id': 'eternal_starlight:grimstone_bricks'}, {'count': 1, 'id': 'eternal_starlight:grimstone'}, {'count': 2, 'id': 'eternal_starlight:grimstone_tile_slab'}, {'count': 1, 'id': 'eternal_starlight:grimstone_tile_stairs'}, {'count': 1, 'id': 'eternal_starlight:grimstone_tile_wall'}, {'count': 1, 'id': 'eternal_starlight:grimstone_tiles'}, {'count': 1, 'id': 'eternal_starlight:polished_grimstone'}, {'count': 2, 'id': 'eternal_starlight:polished_grimstone_slab'}, {'count': 1, 'id': 'eternal_starlight:polished_grimstone_stairs'}, {'count': 2, 'id': 'eternal_starlight:polished_grimstone_tile_slab'}, {'count': 1, 'id': 'eternal_starlight:polished_grimstone_tile_stairs'}, {'count': 1, 'id': 'eternal_starlight:polished_grimstone_tile_wall'}, {'count': 1, 'id': 'eternal_starlight:polished_grimstone_tiles'}, {'count': 1, 'id': 'eternal_starlight:polished_grimstone_wall'}",Alta nos arquivos versionados; configurações/datapacks externos não confirmados,/images/bestiary/audited/es/grimstone-golem.png,cn/leolezury/eternalstarlight/common/client/model/entity/GrimstoneGolemModel.class; cn/leolezury/eternalstarlight/common/client/renderer/entity/GrimstoneGolemRenderer.class; assets/eternal_starlight/textures/entity/grimstone_golem.png; assets/eternal_starlight/textures/entity/grimstone_golem_glow.png; cn/leolezury/eternalstarlight/common/client/handler/ESClientSetupHandler.class; cn/leolezury/eternalstarlight/common/client/renderer/layer/GrimstoneGolemGlowLayer.class; cn/leolezury/eternalstarlight/common/registry/ESEntities.class; cn/leolezury/eternalstarlight/common/registry/ESItems.class; output-es/proveniencia.json,evidence-es/eternalstarlight-0.9.0+1.21.1+neoforge.jar::data/eternal_starlight/loot_table/entities/grimstone_golem.json; evidence-es/decompiled-full/cn/leolezury/eternalstarlight/common/entity/living/GrimstoneGolem.java; evidence-es/decompiled-full/cn/leolezury/eternalstarlight/common/registry/ESItems.java; registros-usos-itens.json#eternal_starlight:cobbled_grimstone,/bestiary/receitas/es.html#receita-chiseled-grimstone-from-cobbled-grimstone-stonecutting | [Receita chiseled_grimstone_from_cobbled_grimstone_stonecutting](lote-final-2026-10-06/es-cards-2026-10-06.md#receita-chiseled-grimstone-from-cobbled-grimstone-stonecutting) — data/eternal_starlight/recipe/chiseled_grimstone_from_cobbled_grimstone_stonecutting.json; [Receita cobbled_grimstone_slab](lote-final-2026-10-06/es-cards-2026-10-06.md#receita-cobbled-grimstone-slab) — data/eternal_starlight/recipe/cobbled_grimstone_slab.json; [Receita cobbled_grimstone_slab_from_cobbled_grimstone_stonecutting](lote-final-2026-10-06/es-cards-2026-10-06.md#receita-cobbled-grimstone-slab-from-cobbled-grimstone-stonecutting) — data/eternal_starlight/recipe/cobbled_grimstone_slab_from_cobbled_grimstone_stonecutting.json; [Receita cobbled_grimstone_stairs](lote-final-2026-10-06/es-cards-2026-10-06.md#receita-cobbled-grimstone-stairs) — data/eternal_starlight/recipe/cobbled_grimstone_stairs.json; [Receita cobbled_grimstone_stairs_from_cobbled_grimstone_stonecutting](lote-final-2026-10-06/es-cards-2026-10-06.md#receita-cobbled-grimstone-stairs-from-cobbled-grimstone-stonecutting) — data/eternal_starlight/recipe/cobbled_grimstone_stairs_from_cobbled_grimstone_stonecutting.json; [Receita cobbled_grimstone_wall](lote-final-2026-10-06/es-cards-2026-10-06.md#receita-cobbled-grimstone-wall) — data/eternal_starlight/recipe/cobbled_grimstone_wall.json; [Receita cobbled_grimstone_wall_from_cobbled_grimstone_stonecutting](lote-final-2026-10-06/es-cards-2026-10-06.md#receita-cobbled-grimstone-wall-from-cobbled-grimstone-stonecutting) — data/eternal_starlight/recipe/cobbled_grimstone_wall_from_cobbled_grimstone_stonecutting.json; [Receita grimstone_brick_slab_from_cobbled_grimstone_stonecutting](lote-final-2026-10-06/es-cards-2026-10-06.md#receita-grimstone-brick-slab-from-cobbled-grimstone-stonecutting) — data/eternal_starlight/recipe/grimstone_brick_slab_from_cobbled_grimstone_stonecutting.json; [Receita grimstone_brick_stairs_from_cobbled_grimstone_stonecutting](lote-final-2026-10-06/es-cards-2026-10-06.md#receita-grimstone-brick-stairs-from-cobbled-grimstone-stonecutting) — data/eternal_starlight/recipe/grimstone_brick_stairs_from_cobbled_grimstone_stonecutting.json; [Receita grimstone_brick_wall_from_cobbled_grimstone_stonecutting](lote-final-2026-10-06/es-cards-2026-10-06.md#receita-grimstone-brick-wall-from-cobbled-grimstone-stonecutting) — data/eternal_starlight/recipe/grimstone_brick_wall_from_cobbled_grimstone_stonecutting.json; [Receita grimstone_bricks_from_cobbled_grimstone_stonecutting](lote-final-2026-10-06/es-cards-2026-10-06.md#receita-grimstone-bricks-from-cobbled-grimstone-stonecutting) — data/eternal_starlight/recipe/grimstone_bricks_from_cobbled_grimstone_stonecutting.json; [Receita grimstone_smelting_from_cobbled_grimstone](lote-final-2026-10-06/es-cards-2026-10-06.md#receita-grimstone-smelting-from-cobbled-grimstone) — data/eternal_starlight/recipe/grimstone_smelting_from_cobbled_grimstone.json; [Receita grimstone_tile_slab_from_cobbled_grimstone_stonecutting](lote-final-2026-10-06/es-cards-2026-10-06.md#receita-grimstone-tile-slab-from-cobbled-grimstone-stonecutting) — data/eternal_starlight/recipe/grimstone_tile_slab_from_cobbled_grimstone_stonecutting.json; [Receita grimstone_tile_stairs_from_cobbled_grimstone_stonecutting](lote-final-2026-10-06/es-cards-2026-10-06.md#receita-grimstone-tile-stairs-from-cobbled-grimstone-stonecutting) — data/eternal_starlight/recipe/grimstone_tile_stairs_from_cobbled_grimstone_stonecutting.json; [Receita grimstone_tile_wall_from_cobbled_grimstone_stonecutting](lote-final-2026-10-06/es-cards-2026-10-06.md#receita-grimstone-tile-wall-from-cobbled-grimstone-stonecutting) — data/eternal_starlight/recipe/grimstone_tile_wall_from_cobbled_grimstone_stonecutting.json; [Receita grimstone_tiles_from_cobbled_grimstone_stonecutting](lote-final-2026-10-06/es-cards-2026-10-06.md#receita-grimstone-tiles-from-cobbled-grimstone-stonecutting) — data/eternal_starlight/recipe/grimstone_tiles_from_cobbled_grimstone_stonecutting.json; [Receita polished_grimstone_from_cobbled_grimstone_stonecutting](lote-final-2026-10-06/es-cards-2026-10-06.md#receita-polished-grimstone-from-cobbled-grimstone-stonecutting) — data/eternal_starlight/recipe/polished_grimstone_from_cobbled_grimstone_stonecutting.json; [Receita polished_grimstone_slab_from_cobbled_grimstone_stonecutting](lote-final-2026-10-06/es-cards-2026-10-06.md#receita-polished-grimstone-slab-from-cobbled-grimstone-stonecutting) — data/eternal_starlight/recipe/polished_grimstone_slab_from_cobbled_grimstone_stonecutting.json; [Receita polished_grimstone_stairs_from_cobbled_grimstone_stonecutting](lote-final-2026-10-06/es-cards-2026-10-06.md#receita-polished-grimstone-stairs-from-cobbled-grimstone-stonecutting) — data/eternal_starlight/recipe/polished_grimstone_stairs_from_cobbled_grimstone_stonecutting.json; [Receita polished_grimstone_tile_slab_from_cobbled_grimstone_stonecutting](lote-final-2026-10-06/es-cards-2026-10-06.md#receita-polished-grimstone-tile-slab-from-cobbled-grimstone-stonecutting) — data/eternal_starlight/recipe/polished_grimstone_tile_slab_from_cobbled_grimstone_stonecutting.json; [Receita polished_grimstone_tile_stairs_from_cobbled_grimstone_stonecutting](lote-final-2026-10-06/es-cards-2026-10-06.md#receita-polished-grimstone-tile-stairs-from-cobbled-grimstone-stonecutting) — data/eternal_starlight/recipe/polished_grimstone_tile_stairs_from_cobbled_grimstone_stonecutting.json; [Receita polished_grimstone_tile_wall_from_cobbled_grimstone_stonecutting](lote-final-2026-10-06/es-cards-2026-10-06.md#receita-polished-grimstone-tile-wall-from-cobbled-grimstone-stonecutting) — data/eternal_starlight/recipe/polished_grimstone_tile_wall_from_cobbled_grimstone_stonecutting.json; [Receita polished_grimstone_tiles_from_cobbled_grimstone_stonecutting](lote-final-2026-10-06/es-cards-2026-10-06.md#receita-polished-grimstone-tiles-from-cobbled-grimstone-stonecutting) — data/eternal_starlight/recipe/polished_grimstone_tiles_from_cobbled_grimstone_stonecutting.json; [Receita polished_grimstone_wall_from_cobbled_grimstone_stonecutting](lote-final-2026-10-06/es-cards-2026-10-06.md#receita-polished-grimstone-wall-from-cobbled-grimstone-stonecutting) — data/eternal_starlight/recipe/polished_grimstone_wall_from_cobbled_grimstone_stonecutting.json
Grimstone Golem,Eternal Starlight,Criatura AbstractGolem; comportamento definido na classe e herança citadas,Construído ao posicionar Carved Lunaris Cactus Fruit sobre padrão Grimstone; CarvedLunarisCactusFruitBlock.getOrCreateGrimstoneGolemFull e trySpawnGolem.,Recuperação de item entregue,Pilha guardada na mão,Pilha inteira preexistente,Interação guarda pilha quando mão vazia e zera ambos handDropChances; mão vazia do jogador recupera. dropCustomDeathLoot emite cópia se mão não vazia e ambos handDropChances0; sem sortear loot nativo.,Recuperar o item entregue; não cria material novo,Alta nos arquivos versionados; configurações/datapacks externos não confirmados,/images/bestiary/audited/es/grimstone-golem.png,cn/leolezury/eternalstarlight/common/client/model/entity/GrimstoneGolemModel.class; cn/leolezury/eternalstarlight/common/client/renderer/entity/GrimstoneGolemRenderer.class; assets/eternal_starlight/textures/entity/grimstone_golem.png; assets/eternal_starlight/textures/entity/grimstone_golem_glow.png; cn/leolezury/eternalstarlight/common/client/handler/ESClientSetupHandler.class; cn/leolezury/eternalstarlight/common/client/renderer/layer/GrimstoneGolemGlowLayer.class; cn/leolezury/eternalstarlight/common/registry/ESEntities.class; cn/leolezury/eternalstarlight/common/registry/ESItems.class; output-es/proveniencia.json,/workspace/scratch/25006bff7ab5/evidence-es/decompiled-full/cn/leolezury/eternalstarlight/common/entity/living/GrimstoneGolem.java; evidence-es/decompiled-full/cn/leolezury/eternalstarlight/common/entity/living/GrimstoneGolem.java,Não aplicável: uso direto ou nenhuma receita identificada na build
Aethersent Golem,Eternal Starlight,Criatura AbstractGolem; comportamento definido na classe e herança citadas,Construído com Carved Lunaris Cactus Fruit e padrão Aethersent Block; CarvedLunarisCactusFruitBlock.getOrCreateAethersentGolemFull/trySpawnGolem.,Loot de morte,eternal_starlight:aethersent_ingot,2–4,Loot condicionado ao caminho de morte; herança/interações/variantes fora deste pool separadas; pool1: 1 sorteio(s); reposição se múltiplos rolls; peso bruto 1/1; normaliza apenas entradas elegíveis; set_count,"Ingrediente nas receitas auditadas: {'count': 1, 'id': 'eternal_starlight:aethersent_block'}, {'count': 9, 'id': 'eternal_starlight:aethersent_nugget'}",Alta nos arquivos versionados; configurações/datapacks externos não confirmados,/images/bestiary/audited/es/aethersent-golem.png,cn/leolezury/eternalstarlight/common/client/model/entity/AethersentGolemModel.class; cn/leolezury/eternalstarlight/common/client/renderer/entity/AethersentGolemRenderer.class; assets/eternal_starlight/textures/entity/aethersent_golem.png; cn/leolezury/eternalstarlight/common/client/handler/ESClientSetupHandler.class; cn/leolezury/eternalstarlight/common/registry/ESEntities.class; cn/leolezury/eternalstarlight/common/registry/ESItems.class; output-es/proveniencia.json,evidence-es/eternalstarlight-0.9.0+1.21.1+neoforge.jar::data/eternal_starlight/loot_table/entities/aethersent_golem.json; evidence-es/decompiled-full/cn/leolezury/eternalstarlight/common/entity/living/AethersentGolem.java; evidence-es/decompiled-full/cn/leolezury/eternalstarlight/common/registry/ESItems.java; registros-usos-itens.json#eternal_starlight:aethersent_ingot,/bestiary/receitas/es.html#receita-aethersent-block | [Receita aethersent_block](lote-final-2026-10-06/es-cards-2026-10-06.md#receita-aethersent-block) — data/eternal_starlight/recipe/aethersent_block.json; [Receita aethersent_boots](lote-final-2026-10-06/es-cards-2026-10-06.md#receita-aethersent-boots) — data/eternal_starlight/recipe/aethersent_boots.json; [Receita aethersent_bottoms](lote-final-2026-10-06/es-cards-2026-10-06.md#receita-aethersent-bottoms) — data/eternal_starlight/recipe/aethersent_bottoms.json; [Receita aethersent_cape](lote-final-2026-10-06/es-cards-2026-10-06.md#receita-aethersent-cape) — data/eternal_starlight/recipe/aethersent_cape.json; [Receita aethersent_hood](lote-final-2026-10-06/es-cards-2026-10-06.md#receita-aethersent-hood) — data/eternal_starlight/recipe/aethersent_hood.json; [Receita aethersent_nugget](lote-final-2026-10-06/es-cards-2026-10-06.md#receita-aethersent-nugget) — data/eternal_starlight/recipe/aethersent_nugget.json; [Receita blooming_armor_trim_smithing_template_smithing_trim](lote-final-2026-10-06/es-cards-2026-10-06.md#receita-blooming-armor-trim-smithing-template-smithing-trim) — data/eternal_starlight/recipe/blooming_armor_trim_smithing_template_smithing_trim.json; [Receita forge_armor_trim_smithing_template_smithing_trim](lote-final-2026-10-06/es-cards-2026-10-06.md#receita-forge-armor-trim-smithing-template-smithing-trim) — data/eternal_starlight/recipe/forge_armor_trim_smithing_template_smithing_trim.json; [Receita keeper_armor_trim_smithing_template_smithing_trim](lote-final-2026-10-06/es-cards-2026-10-06.md#receita-keeper-armor-trim-smithing-template-smithing-trim) — data/eternal_starlight/recipe/keeper_armor_trim_smithing_template_smithing_trim.json; [Receita rage_of_stars](lote-final-2026-10-06/es-cards-2026-10-06.md#receita-rage-of-stars) — data/eternal_starlight/recipe/rage_of_stars.json; [Receita starfall_longbow](lote-final-2026-10-06/es-cards-2026-10-06.md#receita-starfall-longbow) — data/eternal_starlight/recipe/starfall_longbow.json; [Receita twining_armor_trim_smithing_template_smithing_trim](lote-final-2026-10-06/es-cards-2026-10-06.md#receita-twining-armor-trim-smithing-template-smithing-trim) — data/eternal_starlight/recipe/twining_armor_trim_smithing_template_smithing_trim.json
Aethersent Golem,Eternal Starlight,Criatura AbstractGolem; comportamento definido na classe e herança citadas,Construído com Carved Lunaris Cactus Fruit e padrão Aethersent Block; CarvedLunarisCactusFruitBlock.getOrCreateAethersentGolemFull/trySpawnGolem.,Loot de morte,eternal_starlight:raw_aethersent,2–4,Loot condicionado ao caminho de morte; herança/interações/variantes fora deste pool separadas; pool2: 1 sorteio(s); reposição se múltiplos rolls; peso bruto 1/1; normaliza apenas entradas elegíveis; set_count,"Ingrediente nas receitas auditadas: {'count': 1, 'id': 'eternal_starlight:aethersent_ingot'}, {'count': 1, 'id': 'eternal_starlight:aethersent_ingot'}, {'count': 4, 'id': 'eternal_starlight:nebulaite'}, {'count': 1, 'id': 'eternal_starlight:raw_aethersent_block'}",Alta nos arquivos versionados; configurações/datapacks externos não confirmados,/images/bestiary/audited/es/aethersent-golem.png,cn/leolezury/eternalstarlight/common/client/model/entity/AethersentGolemModel.class; cn/leolezury/eternalstarlight/common/client/renderer/entity/AethersentGolemRenderer.class; assets/eternal_starlight/textures/entity/aethersent_golem.png; cn/leolezury/eternalstarlight/common/client/handler/ESClientSetupHandler.class; cn/leolezury/eternalstarlight/common/registry/ESEntities.class; cn/leolezury/eternalstarlight/common/registry/ESItems.class; output-es/proveniencia.json,evidence-es/eternalstarlight-0.9.0+1.21.1+neoforge.jar::data/eternal_starlight/loot_table/entities/aethersent_golem.json; evidence-es/decompiled-full/cn/leolezury/eternalstarlight/common/entity/living/AethersentGolem.java; evidence-es/decompiled-full/cn/leolezury/eternalstarlight/common/registry/ESItems.java; registros-usos-itens.json#eternal_starlight:raw_aethersent,/bestiary/receitas/es.html#receita-aethersent-ingot-blasting-from-raw-aethersent | [Receita aethersent_ingot_blasting_from_raw_aethersent](lote-final-2026-10-06/es-cards-2026-10-06.md#receita-aethersent-ingot-blasting-from-raw-aethersent) — data/eternal_starlight/recipe/aethersent_ingot_blasting_from_raw_aethersent.json; [Receita aethersent_ingot_smelting_from_raw_aethersent](lote-final-2026-10-06/es-cards-2026-10-06.md#receita-aethersent-ingot-smelting-from-raw-aethersent) — data/eternal_starlight/recipe/aethersent_ingot_smelting_from_raw_aethersent.json; [Receita nebulaite](lote-final-2026-10-06/es-cards-2026-10-06.md#receita-nebulaite) — data/eternal_starlight/recipe/nebulaite.json; [Receita raw_aethersent_block](lote-final-2026-10-06/es-cards-2026-10-06.md#receita-raw-aethersent-block) — data/eternal_starlight/recipe/raw_aethersent_block.json
Rookfish,Eternal Starlight,Criatura Squid; comportamento definido na classe e herança citadas,"Bioma icy_sea (water_creature); peso 16, grupo 2–4; data/eternal_starlight/worldgen/biome/icy_sea.json; Bioma lush_shallow_sea (water_creature); peso 16, grupo 2–4; data/eternal_starlight/worldgen/biome/lush_shallow_sea.json; Bioma shimmer_river (water_creature); peso 16, grupo 2–4; data/eternal_starlight/worldgen/biome/shimmer_river.json; Bioma spiral_kelp_forest (water_creature); peso 16, grupo 2–4; data/eternal_starlight/worldgen/biome/spiral_kelp_forest.json; Bioma starlit_sea (water_creature); peso 16, grupo 2–4; data/eternal_starlight/worldgen/biome/starlit_sea.json; Bioma the_abyss (water_creature); peso 16, grupo 2–4; data/eternal_starlight/worldgen/biome/the_abyss.json; ",Loot de morte,eternal_starlight:rookfish,1,"Loot condicionado ao caminho de morte; herança/interações/variantes fora deste pool separadas; pool1: 1 sorteio(s); reposição se múltiplos rolls; peso bruto 1/1; normaliza apenas entradas elegíveis; aplica receita de fundição ao item; função somente se (this satisfaz {""flags"": {""is_on_fire"": true}}) OU (direct_attacker satisfaz {""equipment"": {""mainhand"": {""predicates"": {""minecraft:enchantments"": [{""enchantments"": ""#minecraft:smelts_loot""}]}}}})","Ingrediente nas receitas auditadas: {'count': 1, 'id': 'eternal_starlight:cooked_rookfish'}, {'count': 1, 'id': 'eternal_starlight:cooked_rookfish'}, {'count': 1, 'id': 'eternal_starlight:cooked_rookfish'}",Alta nos arquivos versionados; configurações/datapacks externos não confirmados,/images/bestiary/audited/es/rookfish.png,cn/leolezury/eternalstarlight/common/client/model/entity/RookfishModel.class; cn/leolezury/eternalstarlight/common/client/renderer/entity/RookfishRenderer.class; assets/eternal_starlight/textures/entity/rookfish.png; cn/leolezury/eternalstarlight/common/client/handler/ESClientSetupHandler.class; cn/leolezury/eternalstarlight/common/registry/ESEntities.class; cn/leolezury/eternalstarlight/common/registry/ESItems.class; output-es/proveniencia.json,evidence-es/eternalstarlight-0.9.0+1.21.1+neoforge.jar::data/eternal_starlight/loot_table/entities/rookfish.json; evidence-es/decompiled-full/cn/leolezury/eternalstarlight/common/entity/living/animal/Rookfish.java; evidence-es/decompiled-full/cn/leolezury/eternalstarlight/common/registry/ESItems.java; registros-usos-itens.json#eternal_starlight:rookfish,/bestiary/receitas/es.html#receita-cooked-rookfish-from-campfire-cooking | [Receita cooked_rookfish_from_campfire_cooking](lote-final-2026-10-06/es-cards-2026-10-06.md#receita-cooked-rookfish-from-campfire-cooking) — data/eternal_starlight/recipe/cooked_rookfish_from_campfire_cooking.json; [Receita cooked_rookfish_from_smoking](lote-final-2026-10-06/es-cards-2026-10-06.md#receita-cooked-rookfish-from-smoking) — data/eternal_starlight/recipe/cooked_rookfish_from_smoking.json; [Receita cooked_rookfish_smelting_from_rookfish](lote-final-2026-10-06/es-cards-2026-10-06.md#receita-cooked-rookfish-smelting-from-rookfish) — data/eternal_starlight/recipe/cooked_rookfish_smelting_from_rookfish.json
Rookfish,Eternal Starlight,Criatura Squid; comportamento definido na classe e herança citadas,"Bioma icy_sea (water_creature); peso 16, grupo 2–4; data/eternal_starlight/worldgen/biome/icy_sea.json; Bioma lush_shallow_sea (water_creature); peso 16, grupo 2–4; data/eternal_starlight/worldgen/biome/lush_shallow_sea.json; Bioma shimmer_river (water_creature); peso 16, grupo 2–4; data/eternal_starlight/worldgen/biome/shimmer_river.json; Bioma spiral_kelp_forest (water_creature); peso 16, grupo 2–4; data/eternal_starlight/worldgen/biome/spiral_kelp_forest.json; Bioma starlit_sea (water_creature); peso 16, grupo 2–4; data/eternal_starlight/worldgen/biome/starlit_sea.json; Bioma the_abyss (water_creature); peso 16, grupo 2–4; data/eternal_starlight/worldgen/biome/the_abyss.json; ",Loot de morte,eternal_starlight:rookfish_air_sac,1–3,Loot condicionado ao caminho de morte; herança/interações/variantes fora deste pool separadas; pool2: 1 sorteio(s); reposição se múltiplos rolls; peso bruto 1/1; normaliza apenas entradas elegíveis; set_count; Saque minecraft:looting: bônus Math.round(nível × sorteio 0–1); limite sem limite explícito,"Ingrediente nas receitas auditadas: {'count': 4, 'id': 'eternal_starlight:air_sac_arrow'}, {'count': 1, 'id': 'eternal_starlight:air_sac_boots'}, {'count': 1, 'id': 'eternal_starlight:air_sac_mask'}",Alta nos arquivos versionados; configurações/datapacks externos não confirmados,/images/bestiary/audited/es/rookfish.png,cn/leolezury/eternalstarlight/common/client/model/entity/RookfishModel.class; cn/leolezury/eternalstarlight/common/client/renderer/entity/RookfishRenderer.class; assets/eternal_starlight/textures/entity/rookfish.png; cn/leolezury/eternalstarlight/common/client/handler/ESClientSetupHandler.class; cn/leolezury/eternalstarlight/common/registry/ESEntities.class; cn/leolezury/eternalstarlight/common/registry/ESItems.class; output-es/proveniencia.json,evidence-es/eternalstarlight-0.9.0+1.21.1+neoforge.jar::data/eternal_starlight/loot_table/entities/rookfish.json; evidence-es/decompiled-full/cn/leolezury/eternalstarlight/common/entity/living/animal/Rookfish.java; evidence-es/decompiled-full/cn/leolezury/eternalstarlight/common/registry/ESItems.java; registros-usos-itens.json#eternal_starlight:rookfish_air_sac,/bestiary/receitas/es.html#receita-air-sac-arrow | [Receita air_sac_arrow](lote-final-2026-10-06/es-cards-2026-10-06.md#receita-air-sac-arrow) — data/eternal_starlight/recipe/air_sac_arrow.json; [Receita air_sac_boots](lote-final-2026-10-06/es-cards-2026-10-06.md#receita-air-sac-boots) — data/eternal_starlight/recipe/air_sac_boots.json; [Receita air_sac_mask](lote-final-2026-10-06/es-cards-2026-10-06.md#receita-air-sac-mask) — data/eternal_starlight/recipe/air_sac_mask.json
Rookfish,Eternal Starlight,Criatura Squid; comportamento definido na classe e herança citadas,"Bioma icy_sea (water_creature); peso 16, grupo 2–4; data/eternal_starlight/worldgen/biome/icy_sea.json; Bioma lush_shallow_sea (water_creature); peso 16, grupo 2–4; data/eternal_starlight/worldgen/biome/lush_shallow_sea.json; Bioma shimmer_river (water_creature); peso 16, grupo 2–4; data/eternal_starlight/worldgen/biome/shimmer_river.json; Bioma spiral_kelp_forest (water_creature); peso 16, grupo 2–4; data/eternal_starlight/worldgen/biome/spiral_kelp_forest.json; Bioma starlit_sea (water_creature); peso 16, grupo 2–4; data/eternal_starlight/worldgen/biome/starlit_sea.json; Bioma the_abyss (water_creature); peso 16, grupo 2–4; data/eternal_starlight/worldgen/biome/the_abyss.json; ",Captura viva em balde,eternal_starlight:rookfish_bucket,1,"Bucketable.bucketMobPickup; entidade viva, recipiente compatível; estado salvo no item; não é drop de morte",Transportar/soltar a criatura mantendo dados de balde,Alta nos arquivos versionados; configurações/datapacks externos não confirmados,/images/bestiary/audited/es/rookfish.png,cn/leolezury/eternalstarlight/common/client/model/entity/RookfishModel.class; cn/leolezury/eternalstarlight/common/client/renderer/entity/RookfishRenderer.class; assets/eternal_starlight/textures/entity/rookfish.png; cn/leolezury/eternalstarlight/common/client/handler/ESClientSetupHandler.class; cn/leolezury/eternalstarlight/common/registry/ESEntities.class; cn/leolezury/eternalstarlight/common/registry/ESItems.class; output-es/proveniencia.json,/workspace/scratch/25006bff7ab5/evidence-es/decompiled-full/cn/leolezury/eternalstarlight/common/entity/living/animal/Rookfish.java; evidence-es/decompiled-full/cn/leolezury/eternalstarlight/common/entity/living/animal/Rookfish.java; evidence-es/decompiled-full/cn/leolezury/eternalstarlight/common/registry/ESItems.java; registros-usos-itens.json#eternal_starlight:rookfish_bucket,Não aplicável: uso direto ou nenhuma receita identificada na build
Rookfish,Eternal Starlight,Criatura Squid; comportamento definido na classe e herança citadas,"Bioma icy_sea (water_creature); peso 16, grupo 2–4; data/eternal_starlight/worldgen/biome/icy_sea.json; Bioma lush_shallow_sea (water_creature); peso 16, grupo 2–4; data/eternal_starlight/worldgen/biome/lush_shallow_sea.json; Bioma shimmer_river (water_creature); peso 16, grupo 2–4; data/eternal_starlight/worldgen/biome/shimmer_river.json; Bioma spiral_kelp_forest (water_creature); peso 16, grupo 2–4; data/eternal_starlight/worldgen/biome/spiral_kelp_forest.json; Bioma starlit_sea (water_creature); peso 16, grupo 2–4; data/eternal_starlight/worldgen/biome/starlit_sea.json; Bioma the_abyss (water_creature); peso 16, grupo 2–4; data/eternal_starlight/worldgen/biome/the_abyss.json; ",Disco especial na morte,eternal_starlight:music_disc_brisk,1,"damageSource.is(DamageTypes.DROWN) e nextInt10==0 (10%); condição de classe exata, não pool percentual",Disco para jukebox,Alta nos arquivos versionados; configurações/datapacks externos não confirmados,/images/bestiary/audited/es/rookfish.png,cn/leolezury/eternalstarlight/common/client/model/entity/RookfishModel.class; cn/leolezury/eternalstarlight/common/client/renderer/entity/RookfishRenderer.class; assets/eternal_starlight/textures/entity/rookfish.png; cn/leolezury/eternalstarlight/common/client/handler/ESClientSetupHandler.class; cn/leolezury/eternalstarlight/common/registry/ESEntities.class; cn/leolezury/eternalstarlight/common/registry/ESItems.class; output-es/proveniencia.json,/workspace/scratch/25006bff7ab5/evidence-es/decompiled-full/cn/leolezury/eternalstarlight/common/entity/living/animal/Rookfish.java; evidence-es/decompiled-full/cn/leolezury/eternalstarlight/common/entity/living/animal/Rookfish.java; evidence-es/decompiled-full/cn/leolezury/eternalstarlight/common/registry/ESItems.java; registros-usos-itens.json#eternal_starlight:music_disc_brisk,Não aplicável: uso direto ou nenhuma receita identificada na build
Luminofish,Eternal Starlight,Criatura AbstractSchoolingFish; comportamento definido na classe e herança citadas,"Bioma the_abyss (water_ambient); peso 20, grupo 3–6; data/eternal_starlight/worldgen/biome/the_abyss.json; ",Loot de morte,eternal_starlight:luminofish,1,"Loot condicionado ao caminho de morte; herança/interações/variantes fora deste pool separadas; pool1: 1 sorteio(s); reposição se múltiplos rolls; peso bruto 1/1; normaliza apenas entradas elegíveis; aplica receita de fundição ao item; função somente se (this satisfaz {""flags"": {""is_on_fire"": true}}) OU (direct_attacker satisfaz {""equipment"": {""mainhand"": {""predicates"": {""minecraft:enchantments"": [{""enchantments"": ""#minecraft:smelts_loot""}]}}}})","Ingrediente nas receitas auditadas: {'count': 1, 'id': 'eternal_starlight:cooked_luminofish'}, {'count': 1, 'id': 'eternal_starlight:cooked_luminofish'}, {'count': 1, 'id': 'eternal_starlight:cooked_luminofish'}",Alta nos arquivos versionados; configurações/datapacks externos não confirmados,/images/bestiary/audited/es/luminofish.png,cn/leolezury/eternalstarlight/common/client/model/entity/LuminoFishModel.class; cn/leolezury/eternalstarlight/common/client/renderer/entity/LuminoFishRenderer.class; assets/eternal_starlight/textures/entity/luminofish.png; assets/eternal_starlight/textures/entity/luminofish_glow.png; cn/leolezury/eternalstarlight/common/client/handler/ESClientSetupHandler.class; cn/leolezury/eternalstarlight/common/client/renderer/layer/LuminoFishGlowLayer.class; cn/leolezury/eternalstarlight/common/registry/ESEntities.class; cn/leolezury/eternalstarlight/common/registry/ESItems.class; output-es/proveniencia.json,evidence-es/eternalstarlight-0.9.0+1.21.1+neoforge.jar::data/eternal_starlight/loot_table/entities/luminofish.json; evidence-es/decompiled-full/cn/leolezury/eternalstarlight/common/entity/living/animal/Luminofish.java; evidence-es/decompiled-full/cn/leolezury/eternalstarlight/common/registry/ESItems.java; registros-usos-itens.json#eternal_starlight:luminofish,/bestiary/receitas/es.html#receita-cooked-luminofish-from-campfire-cooking | [Receita cooked_luminofish_from_campfire_cooking](lote-final-2026-10-06/es-cards-2026-10-06.md#receita-cooked-luminofish-from-campfire-cooking) — data/eternal_starlight/recipe/cooked_luminofish_from_campfire_cooking.json; [Receita cooked_luminofish_from_smoking](lote-final-2026-10-06/es-cards-2026-10-06.md#receita-cooked-luminofish-from-smoking) — data/eternal_starlight/recipe/cooked_luminofish_from_smoking.json; [Receita cooked_luminofish_smelting_from_luminofish](lote-final-2026-10-06/es-cards-2026-10-06.md#receita-cooked-luminofish-smelting-from-luminofish) — data/eternal_starlight/recipe/cooked_luminofish_smelting_from_luminofish.json
Luminofish,Eternal Starlight,Criatura AbstractSchoolingFish; comportamento definido na classe e herança citadas,"Bioma the_abyss (water_ambient); peso 20, grupo 3–6; data/eternal_starlight/worldgen/biome/the_abyss.json; ",Loot de morte,minecraft:bone_meal,1,Loot condicionado ao caminho de morte; herança/interações/variantes fora deste pool separadas; pool2: 1 sorteio(s); reposição se múltiplos rolls; chance 5%; peso bruto 1/1; normaliza apenas entradas elegíveis,"Ingrediente nas receitas vanilla1.21.1: {'count': 1, 'id': 'minecraft:bone_block'}, {'count': 1, 'id': 'minecraft:white_dye'}",Alta nos arquivos versionados; configurações/datapacks externos não confirmados,/images/bestiary/audited/es/luminofish.png,cn/leolezury/eternalstarlight/common/client/model/entity/LuminoFishModel.class; cn/leolezury/eternalstarlight/common/client/renderer/entity/LuminoFishRenderer.class; assets/eternal_starlight/textures/entity/luminofish.png; assets/eternal_starlight/textures/entity/luminofish_glow.png; cn/leolezury/eternalstarlight/common/client/handler/ESClientSetupHandler.class; cn/leolezury/eternalstarlight/common/client/renderer/layer/LuminoFishGlowLayer.class; cn/leolezury/eternalstarlight/common/registry/ESEntities.class; cn/leolezury/eternalstarlight/common/registry/ESItems.class; output-es/proveniencia.json,evidence-es/eternalstarlight-0.9.0+1.21.1+neoforge.jar::data/eternal_starlight/loot_table/entities/luminofish.json; evidence-es/decompiled-full/cn/leolezury/eternalstarlight/common/entity/living/animal/Luminofish.java,[Receitas vanilla1.21.1](lote-final-2026-10-06/receitas-vanilla.json)
Luminaris,Eternal Starlight,Criatura AbstractSchoolingFish; comportamento definido na classe e herança citadas,"Bioma the_abyss (water_ambient); peso 16, grupo 3–6; data/eternal_starlight/worldgen/biome/the_abyss.json; ",Loot de morte,eternal_starlight:luminaris,1,"Loot condicionado ao caminho de morte; herança/interações/variantes fora deste pool separadas; pool1: 1 sorteio(s); reposição se múltiplos rolls; peso bruto 1/1; normaliza apenas entradas elegíveis; aplica receita de fundição ao item; função somente se (this satisfaz {""flags"": {""is_on_fire"": true}}) OU (direct_attacker satisfaz {""equipment"": {""mainhand"": {""predicates"": {""minecraft:enchantments"": [{""enchantments"": ""#minecraft:smelts_loot""}]}}}})","Ingrediente nas receitas auditadas: {'count': 1, 'id': 'eternal_starlight:cooked_luminaris'}, {'count': 1, 'id': 'eternal_starlight:cooked_luminaris'}, {'count': 1, 'id': 'eternal_starlight:cooked_luminaris'}",Alta nos arquivos versionados; configurações/datapacks externos não confirmados,/images/bestiary/audited/es/luminaris.png,cn/leolezury/eternalstarlight/common/client/model/entity/LuminarisModel.class; cn/leolezury/eternalstarlight/common/client/renderer/entity/LuminarisRenderer.class; assets/eternal_starlight/textures/entity/luminaris.png; assets/eternal_starlight/textures/entity/luminaris_glow.png; cn/leolezury/eternalstarlight/common/client/handler/ESClientSetupHandler.class; cn/leolezury/eternalstarlight/common/client/renderer/layer/LuminarisGlowLayer.class; cn/leolezury/eternalstarlight/common/registry/ESEntities.class; cn/leolezury/eternalstarlight/common/registry/ESItems.class; output-es/proveniencia.json,evidence-es/eternalstarlight-0.9.0+1.21.1+neoforge.jar::data/eternal_starlight/loot_table/entities/luminaris.json; evidence-es/decompiled-full/cn/leolezury/eternalstarlight/common/entity/living/animal/Luminaris.java; evidence-es/decompiled-full/cn/leolezury/eternalstarlight/common/registry/ESItems.java; registros-usos-itens.json#eternal_starlight:luminaris,/bestiary/receitas/es.html#receita-cooked-luminaris-from-campfire-cooking | [Receita cooked_luminaris_from_campfire_cooking](lote-final-2026-10-06/es-cards-2026-10-06.md#receita-cooked-luminaris-from-campfire-cooking) — data/eternal_starlight/recipe/cooked_luminaris_from_campfire_cooking.json; [Receita cooked_luminaris_from_smoking](lote-final-2026-10-06/es-cards-2026-10-06.md#receita-cooked-luminaris-from-smoking) — data/eternal_starlight/recipe/cooked_luminaris_from_smoking.json; [Receita cooked_luminaris_smelting_from_luminaris](lote-final-2026-10-06/es-cards-2026-10-06.md#receita-cooked-luminaris-smelting-from-luminaris) — data/eternal_starlight/recipe/cooked_luminaris_smelting_from_luminaris.json
Luminaris,Eternal Starlight,Criatura AbstractSchoolingFish; comportamento definido na classe e herança citadas,"Bioma the_abyss (water_ambient); peso 16, grupo 3–6; data/eternal_starlight/worldgen/biome/the_abyss.json; ",Loot de morte,minecraft:bone_meal,1,Loot condicionado ao caminho de morte; herança/interações/variantes fora deste pool separadas; pool2: 1 sorteio(s); reposição se múltiplos rolls; chance 5%; peso bruto 1/1; normaliza apenas entradas elegíveis,"Ingrediente nas receitas vanilla1.21.1: {'count': 1, 'id': 'minecraft:bone_block'}, {'count': 1, 'id': 'minecraft:white_dye'}",Alta nos arquivos versionados; configurações/datapacks externos não confirmados,/images/bestiary/audited/es/luminaris.png,cn/leolezury/eternalstarlight/common/client/model/entity/LuminarisModel.class; cn/leolezury/eternalstarlight/common/client/renderer/entity/LuminarisRenderer.class; assets/eternal_starlight/textures/entity/luminaris.png; assets/eternal_starlight/textures/entity/luminaris_glow.png; cn/leolezury/eternalstarlight/common/client/handler/ESClientSetupHandler.class; cn/leolezury/eternalstarlight/common/client/renderer/layer/LuminarisGlowLayer.class; cn/leolezury/eternalstarlight/common/registry/ESEntities.class; cn/leolezury/eternalstarlight/common/registry/ESItems.class; output-es/proveniencia.json,evidence-es/eternalstarlight-0.9.0+1.21.1+neoforge.jar::data/eternal_starlight/loot_table/entities/luminaris.json; evidence-es/decompiled-full/cn/leolezury/eternalstarlight/common/entity/living/animal/Luminaris.java,[Receitas vanilla1.21.1](lote-final-2026-10-06/receitas-vanilla.json)
Twilight Gaze,Eternal Starlight,Criatura WaterAnimal; comportamento definido na classe e herança citadas,"Bioma the_abyss (water_creature); peso 10, grupo 3–6; data/eternal_starlight/worldgen/biome/the_abyss.json; ",Loot de morte,eternal_starlight:seeking_eye,1,Loot condicionado ao caminho de morte; herança/interações/variantes fora deste pool separadas; pool1: 1 sorteio(s); reposição se múltiplos rolls; peso bruto 1/1; normaliza apenas entradas elegíveis,"Ingrediente nas receitas auditadas: {'count': 4, 'id': 'eternal_starlight:etheric_eye'}",Alta nos arquivos versionados; configurações/datapacks externos não confirmados,/images/bestiary/audited/es/twilight-gaze.png,cn/leolezury/eternalstarlight/common/client/model/entity/TwilightGazeModel.class; cn/leolezury/eternalstarlight/common/client/renderer/entity/TwilightGazeRenderer.class; assets/eternal_starlight/textures/entity/twilight_gaze.png; assets/eternal_starlight/textures/entity/twilight_gaze_eyes.png; cn/leolezury/eternalstarlight/common/client/handler/ESClientSetupHandler.class; cn/leolezury/eternalstarlight/common/client/renderer/layer/TwilightGazeEyesLayer.class; cn/leolezury/eternalstarlight/common/registry/ESEntities.class; cn/leolezury/eternalstarlight/common/registry/ESItems.class; output-es/proveniencia.json,evidence-es/eternalstarlight-0.9.0+1.21.1+neoforge.jar::data/eternal_starlight/loot_table/entities/twilight_gaze.json; evidence-es/decompiled-full/cn/leolezury/eternalstarlight/common/entity/living/animal/TwilightGaze.java; evidence-es/decompiled-full/cn/leolezury/eternalstarlight/common/registry/ESItems.java; registros-usos-itens.json#eternal_starlight:seeking_eye,/bestiary/receitas/es.html#receita-etheric-eye | [Receita etheric_eye](lote-final-2026-10-06/es-cards-2026-10-06.md#receita-etheric-eye) — data/eternal_starlight/recipe/etheric_eye.json
Twilight Gaze,Eternal Starlight,Criatura WaterAnimal; comportamento definido na classe e herança citadas,"Bioma the_abyss (water_creature); peso 10, grupo 3–6; data/eternal_starlight/worldgen/biome/the_abyss.json; ",Loot de morte,minecraft:bone_meal,1,Loot condicionado ao caminho de morte; herança/interações/variantes fora deste pool separadas; pool2: 1 sorteio(s); reposição se múltiplos rolls; chance 5%; peso bruto 1/1; normaliza apenas entradas elegíveis,"Ingrediente nas receitas vanilla1.21.1: {'count': 1, 'id': 'minecraft:bone_block'}, {'count': 1, 'id': 'minecraft:white_dye'}",Alta nos arquivos versionados; configurações/datapacks externos não confirmados,/images/bestiary/audited/es/twilight-gaze.png,cn/leolezury/eternalstarlight/common/client/model/entity/TwilightGazeModel.class; cn/leolezury/eternalstarlight/common/client/renderer/entity/TwilightGazeRenderer.class; assets/eternal_starlight/textures/entity/twilight_gaze.png; assets/eternal_starlight/textures/entity/twilight_gaze_eyes.png; cn/leolezury/eternalstarlight/common/client/handler/ESClientSetupHandler.class; cn/leolezury/eternalstarlight/common/client/renderer/layer/TwilightGazeEyesLayer.class; cn/leolezury/eternalstarlight/common/registry/ESEntities.class; cn/leolezury/eternalstarlight/common/registry/ESItems.class; output-es/proveniencia.json,evidence-es/eternalstarlight-0.9.0+1.21.1+neoforge.jar::data/eternal_starlight/loot_table/entities/twilight_gaze.json; evidence-es/decompiled-full/cn/leolezury/eternalstarlight/common/entity/living/animal/TwilightGaze.java,[Receitas vanilla1.21.1](lote-final-2026-10-06/receitas-vanilla.json)
Freeze,Eternal Starlight,Criatura Mob; comportamento definido na classe e herança citadas,"Estruturas com entidade/spawner: data/eternal_starlight/structure/golem_forge/decor/large_1.nbt, data/eternal_starlight/structure/golem_forge/decor/large_2.nbt; ",Loot de morte,eternal_starlight:frozen_tube,1–3,Loot condicionado ao caminho de morte; herança/interações/variantes fora deste pool separadas; pool1: 1 sorteio(s); reposição se múltiplos rolls; peso bruto 1/1; normaliza apenas entradas elegíveis; set_count; Saque minecraft:looting: bônus Math.round(nível × sorteio 0–2); limite sem limite explícito,Projétil arremessável FrozenTube ao usar; classe FrozenTubeItem cria entidade e aplica consumo/cooldown,Alta no recurso/registro/classe citados; condições efetivas do pack não confirmadas,/images/bestiary/audited/es/freeze.png,cn/leolezury/eternalstarlight/common/client/model/entity/FreezeModel.class; cn/leolezury/eternalstarlight/common/client/renderer/entity/FreezeRenderer.class; assets/eternal_starlight/textures/entity/freeze.png; cn/leolezury/eternalstarlight/common/client/handler/ESClientSetupHandler.class; cn/leolezury/eternalstarlight/common/client/model/animation/definition/FreezeAnimation.class; cn/leolezury/eternalstarlight/common/registry/ESEntities.class; cn/leolezury/eternalstarlight/common/registry/ESItems.class; output-es/proveniencia.json,evidence-es/eternalstarlight-0.9.0+1.21.1+neoforge.jar::data/eternal_starlight/loot_table/entities/freeze.json; evidence-es/decompiled-full/cn/leolezury/eternalstarlight/common/enchantment/effect/Freeze.java; evidence-es/decompiled-full/cn/leolezury/eternalstarlight/common/registry/ESItems.java; registros-usos-itens.json#eternal_starlight:frozen_tube,Não aplicável: uso direto ou nenhuma receita identificada na build
Freeze,Eternal Starlight,Criatura Mob; comportamento definido na classe e herança citadas,"Estruturas com entidade/spawner: data/eternal_starlight/structure/golem_forge/decor/large_1.nbt, data/eternal_starlight/structure/golem_forge/decor/large_2.nbt; ",Loot de morte,eternal_starlight:oxidized_golem_steel_nugget,4–6,"Loot condicionado ao caminho de morte; herança/interações/variantes fora deste pool separadas; pool2: 1 sorteio(s); reposição se múltiplos rolls; attacking_player satisfaz {""type_specific"": {""type"": ""minecraft:player"", ""advancements"": {""eternal_starlight:kill_golem"": true}}}; peso bruto 1/1; normaliza apenas entradas elegíveis; set_count; Saque minecraft:looting: bônus Math.round(nível × sorteio 0–2); limite sem limite explícito","Ingrediente nas receitas auditadas: {'count': 1, 'id': 'eternal_starlight:golem_steel_nugget'}, {'count': 1, 'id': 'eternal_starlight:golem_steel_nugget'}, {'count': 1, 'id': 'eternal_starlight:oxidized_golem_steel_ingot'}",Alta nos arquivos versionados; configurações/datapacks externos não confirmados,/images/bestiary/audited/es/freeze.png,cn/leolezury/eternalstarlight/common/client/model/entity/FreezeModel.class; cn/leolezury/eternalstarlight/common/client/renderer/entity/FreezeRenderer.class; assets/eternal_starlight/textures/entity/freeze.png; cn/leolezury/eternalstarlight/common/client/handler/ESClientSetupHandler.class; cn/leolezury/eternalstarlight/common/client/model/animation/definition/FreezeAnimation.class; cn/leolezury/eternalstarlight/common/registry/ESEntities.class; cn/leolezury/eternalstarlight/common/registry/ESItems.class; output-es/proveniencia.json,evidence-es/eternalstarlight-0.9.0+1.21.1+neoforge.jar::data/eternal_starlight/loot_table/entities/freeze.json; evidence-es/decompiled-full/cn/leolezury/eternalstarlight/common/enchantment/effect/Freeze.java; evidence-es/decompiled-full/cn/leolezury/eternalstarlight/common/registry/ESItems.java; registros-usos-itens.json#eternal_starlight:oxidized_golem_steel_nugget,/bestiary/receitas/es.html#receita-chain-of-souls | [Receita chain_of_souls](lote-final-2026-10-06/es-cards-2026-10-06.md#receita-chain-of-souls) — data/eternal_starlight/recipe/chain_of_souls.json; [Receita golem_steel_nugget_blasting_from_oxidized_golem_steel_nugget](lote-final-2026-10-06/es-cards-2026-10-06.md#receita-golem-steel-nugget-blasting-from-oxidized-golem-steel-nugget) — data/eternal_starlight/recipe/golem_steel_nugget_blasting_from_oxidized_golem_steel_nugget.json; [Receita golem_steel_nugget_smelting_from_oxidized_golem_steel_nugget](lote-final-2026-10-06/es-cards-2026-10-06.md#receita-golem-steel-nugget-smelting-from-oxidized-golem-steel-nugget) — data/eternal_starlight/recipe/golem_steel_nugget_smelting_from_oxidized_golem_steel_nugget.json; [Receita oxidized_golem_steel_ingot_from_nuggets](lote-final-2026-10-06/es-cards-2026-10-06.md#receita-oxidized-golem-steel-ingot-from-nuggets) — data/eternal_starlight/recipe/oxidized_golem_steel_ingot_from_nuggets.json
Permafrost,Eternal Starlight,"Chefe de encontro; alvos: Player, AbstractVillager, IronGolem",Rotas ativas de criação/spawner: evidence-es/decompiled-full/cn/leolezury/eternalstarlight/common/block/entity/spawner/PermafrostSpawnerBlockEntity.java; Templates com bloco gerador: data/eternal_starlight/structure/golem_forge/room/permafrost.nbt; ,Tabela de morte vazia,Sem itens no JSON,0,Loot condicionado ao caminho de morte; herança/interações/variantes fora deste pool separadas; pools=[]; mecanismos paralelos separados,Não aplicável,Alta nos arquivos versionados; configurações/datapacks externos não confirmados,/images/bestiary/audited/es/permafrost.png,cn/leolezury/eternalstarlight/common/client/model/entity/PermafrostModel.class; cn/leolezury/eternalstarlight/common/client/renderer/entity/PermafrostRenderer.class; assets/eternal_starlight/textures/entity/permafrost.png; cn/leolezury/eternalstarlight/common/client/handler/ESClientSetupHandler.class; cn/leolezury/eternalstarlight/common/client/model/animation/definition/PermafrostAnimation.class; cn/leolezury/eternalstarlight/common/registry/ESEntities.class; cn/leolezury/eternalstarlight/common/registry/ESItems.class; output-es/proveniencia.json,evidence-es/eternalstarlight-0.9.0+1.21.1+neoforge.jar::data/eternal_starlight/loot_table/entities/permafrost.json; evidence-es/decompiled-full/cn/leolezury/eternalstarlight/common/entity/living/boss/golem/Permafrost.java,Não aplicável: uso direto ou nenhuma receita identificada na build
Permafrost,Eternal Starlight,"Chefe de encontro; alvos: Player, AbstractVillager, IronGolem",Rotas ativas de criação/spawner: evidence-es/decompiled-full/cn/leolezury/eternalstarlight/common/block/entity/spawner/PermafrostSpawnerBlockEntity.java; Templates com bloco gerador: data/eternal_starlight/structure/golem_forge/room/permafrost.nbt; ,Contêiner de recompensa de chefe,eternal_starlight:loot_bag,1 por elegível ou baú individual,"doMobLoot=true; ao remove(KILLED), ESBoss registra participantes. enableLootChest+participantes+posição substituível gera LootChest com acesso individual; senão LootBag1 por participante vivo presente na mesma dimensão; sem participante presente, LootBag fallback1. Não somar baú e bolsa. ChallengeCounts passa ao contexto de loot.","Abrir bolsa com componente de tabela bosses/permafrost; consome1 e sorteia recompensas abaixo. Baú usa a mesma tabela e contexto, não segunda recompensa",Alta nos arquivos versionados; configurações/datapacks externos não confirmados,/images/bestiary/audited/es/permafrost.png,cn/leolezury/eternalstarlight/common/client/model/entity/PermafrostModel.class; cn/leolezury/eternalstarlight/common/client/renderer/entity/PermafrostRenderer.class; assets/eternal_starlight/textures/entity/permafrost.png; cn/leolezury/eternalstarlight/common/client/handler/ESClientSetupHandler.class; cn/leolezury/eternalstarlight/common/client/model/animation/definition/PermafrostAnimation.class; cn/leolezury/eternalstarlight/common/registry/ESEntities.class; cn/leolezury/eternalstarlight/common/registry/ESItems.class; output-es/proveniencia.json,evidence-es/decompiled-full/cn/leolezury/eternalstarlight/common/entity/living/boss/ESBoss.java; evidence-es/decompiled-full/cn/leolezury/eternalstarlight/common/entity/living/boss/golem/Permafrost.java; evidence-es/decompiled-full/cn/leolezury/eternalstarlight/common/registry/ESItems.java; registros-usos-itens.json#eternal_starlight:loot_bag,Não aplicável: uso direto ou nenhuma receita identificada na build
Permafrost,Eternal Starlight,"Chefe de encontro; alvos: Player, AbstractVillager, IronGolem",Rotas ativas de criação/spawner: evidence-es/decompiled-full/cn/leolezury/eternalstarlight/common/block/entity/spawner/PermafrostSpawnerBlockEntity.java; Templates com bloco gerador: data/eternal_starlight/structure/golem_forge/room/permafrost.nbt; ,Conteúdo baú/bolsa de chefe,minecraft:coal,1–3,"doMobLoot=true; ao remove(KILLED), ESBoss registra participantes. enableLootChest+participantes+posição substituível gera LootChest com acesso individual; senão LootBag1 por participante vivo presente na mesma dimensão; sem participante presente, LootBag fallback1. Não somar baú e bolsa. ChallengeCounts passa ao contexto de loot.; pool1: 1 sorteio(s); reposição se múltiplos rolls; peso bruto 1/1; normaliza apenas entradas elegíveis; pool1: 5–8 sorteio(s); reposição se múltiplos rolls; peso bruto 75/565; normaliza apenas entradas elegíveis; set_count",Combustível e tochas,Alta nos arquivos versionados; configurações/datapacks externos não confirmados,/images/bestiary/audited/es/permafrost.png,cn/leolezury/eternalstarlight/common/client/model/entity/PermafrostModel.class; cn/leolezury/eternalstarlight/common/client/renderer/entity/PermafrostRenderer.class; assets/eternal_starlight/textures/entity/permafrost.png; cn/leolezury/eternalstarlight/common/client/handler/ESClientSetupHandler.class; cn/leolezury/eternalstarlight/common/client/model/animation/definition/PermafrostAnimation.class; cn/leolezury/eternalstarlight/common/registry/ESEntities.class; cn/leolezury/eternalstarlight/common/registry/ESItems.class; output-es/proveniencia.json,evidence-es/eternalstarlight-0.9.0+1.21.1+neoforge.jar::data/eternal_starlight/loot_table/bosses/boss_common.json; evidence-es/decompiled-full/cn/leolezury/eternalstarlight/common/entity/living/boss/golem/Permafrost.java,[Receitas vanilla1.21.1](lote-final-2026-10-06/receitas-vanilla.json)
Permafrost,Eternal Starlight,"Chefe de encontro; alvos: Player, AbstractVillager, IronGolem",Rotas ativas de criação/spawner: evidence-es/decompiled-full/cn/leolezury/eternalstarlight/common/block/entity/spawner/PermafrostSpawnerBlockEntity.java; Templates com bloco gerador: data/eternal_starlight/structure/golem_forge/room/permafrost.nbt; ,Conteúdo baú/bolsa de chefe,minecraft:gold_ingot,1–3,"doMobLoot=true; ao remove(KILLED), ESBoss registra participantes. enableLootChest+participantes+posição substituível gera LootChest com acesso individual; senão LootBag1 por participante vivo presente na mesma dimensão; sem participante presente, LootBag fallback1. Não somar baú e bolsa. ChallengeCounts passa ao contexto de loot.; pool1: 1 sorteio(s); reposição se múltiplos rolls; peso bruto 1/1; normaliza apenas entradas elegíveis; pool1: 5–8 sorteio(s); reposição se múltiplos rolls; peso bruto 50/565; normaliza apenas entradas elegíveis; set_count","Ingrediente nas receitas auditadas: gold_from_ores, gold_from_raw_materials",Alta nos arquivos versionados; configurações/datapacks externos não confirmados,/images/bestiary/audited/es/permafrost.png,cn/leolezury/eternalstarlight/common/client/model/entity/PermafrostModel.class; cn/leolezury/eternalstarlight/common/client/renderer/entity/PermafrostRenderer.class; assets/eternal_starlight/textures/entity/permafrost.png; cn/leolezury/eternalstarlight/common/client/handler/ESClientSetupHandler.class; cn/leolezury/eternalstarlight/common/client/model/animation/definition/PermafrostAnimation.class; cn/leolezury/eternalstarlight/common/registry/ESEntities.class; cn/leolezury/eternalstarlight/common/registry/ESItems.class; output-es/proveniencia.json,evidence-es/eternalstarlight-0.9.0+1.21.1+neoforge.jar::data/eternal_starlight/loot_table/bosses/boss_common.json; evidence-es/decompiled-full/cn/leolezury/eternalstarlight/common/entity/living/boss/golem/Permafrost.java,/bestiary/receitas/es.html#receita-gold-from-ores | [Receita gold_from_ores](lote-final-2026-10-06/es-cards-2026-10-06.md#receita-gold-from-ores) — data/eternal_starlight/recipe/alloy/gold_from_ores.json; [Receita gold_from_raw_materials](lote-final-2026-10-06/es-cards-2026-10-06.md#receita-gold-from-raw-materials) — data/eternal_starlight/recipe/alloy/gold_from_raw_materials.json
Permafrost,Eternal Starlight,"Chefe de encontro; alvos: Player, AbstractVillager, IronGolem",Rotas ativas de criação/spawner: evidence-es/decompiled-full/cn/leolezury/eternalstarlight/common/block/entity/spawner/PermafrostSpawnerBlockEntity.java; Templates com bloco gerador: data/eternal_starlight/structure/golem_forge/room/permafrost.nbt; ,Conteúdo baú/bolsa de chefe,minecraft:iron_ingot,1–3,"doMobLoot=true; ao remove(KILLED), ESBoss registra participantes. enableLootChest+participantes+posição substituível gera LootChest com acesso individual; senão LootBag1 por participante vivo presente na mesma dimensão; sem participante presente, LootBag fallback1. Não somar baú e bolsa. ChallengeCounts passa ao contexto de loot.; pool1: 1 sorteio(s); reposição se múltiplos rolls; peso bruto 1/1; normaliza apenas entradas elegíveis; pool1: 5–8 sorteio(s); reposição se múltiplos rolls; peso bruto 50/565; normaliza apenas entradas elegíveis; set_count","Ingrediente nas receitas auditadas: iron_from_ores, iron_from_raw_materials, {'count': 1, 'id': 'minecraft:blast_furnace'}, {'count': 4, 'id': 'minecraft:piston'}",Alta nos arquivos versionados; configurações/datapacks externos não confirmados,/images/bestiary/audited/es/permafrost.png,cn/leolezury/eternalstarlight/common/client/model/entity/PermafrostModel.class; cn/leolezury/eternalstarlight/common/client/renderer/entity/PermafrostRenderer.class; assets/eternal_starlight/textures/entity/permafrost.png; cn/leolezury/eternalstarlight/common/client/handler/ESClientSetupHandler.class; cn/leolezury/eternalstarlight/common/client/model/animation/definition/PermafrostAnimation.class; cn/leolezury/eternalstarlight/common/registry/ESEntities.class; cn/leolezury/eternalstarlight/common/registry/ESItems.class; output-es/proveniencia.json,evidence-es/eternalstarlight-0.9.0+1.21.1+neoforge.jar::data/eternal_starlight/loot_table/bosses/boss_common.json; evidence-es/decompiled-full/cn/leolezury/eternalstarlight/common/entity/living/boss/golem/Permafrost.java,/bestiary/receitas/es.html#receita-iron-from-ores | [Receita iron_from_ores](lote-final-2026-10-06/es-cards-2026-10-06.md#receita-iron-from-ores) — data/eternal_starlight/recipe/alloy/iron_from_ores.json; [Receita iron_from_raw_materials](lote-final-2026-10-06/es-cards-2026-10-06.md#receita-iron-from-raw-materials) — data/eternal_starlight/recipe/alloy/iron_from_raw_materials.json; [Receita blast_furnace_from_cinder_brick](lote-final-2026-10-06/es-cards-2026-10-06.md#receita-blast-furnace-from-cinder-brick) — data/eternal_starlight/recipe/blast_furnace_from_cinder_brick.json; [Receita piston_from_cinder_brick](lote-final-2026-10-06/es-cards-2026-10-06.md#receita-piston-from-cinder-brick) — data/eternal_starlight/recipe/piston_from_cinder_brick.json
Permafrost,Eternal Starlight,"Chefe de encontro; alvos: Player, AbstractVillager, IronGolem",Rotas ativas de criação/spawner: evidence-es/decompiled-full/cn/leolezury/eternalstarlight/common/block/entity/spawner/PermafrostSpawnerBlockEntity.java; Templates com bloco gerador: data/eternal_starlight/structure/golem_forge/room/permafrost.nbt; ,Conteúdo baú/bolsa de chefe,minecraft:arrow,32–64,"doMobLoot=true; ao remove(KILLED), ESBoss registra participantes. enableLootChest+participantes+posição substituível gera LootChest com acesso individual; senão LootBag1 por participante vivo presente na mesma dimensão; sem participante presente, LootBag fallback1. Não somar baú e bolsa. ChallengeCounts passa ao contexto de loot.; pool1: 1 sorteio(s); reposição se múltiplos rolls; peso bruto 1/1; normaliza apenas entradas elegíveis; pool1: 5–8 sorteio(s); reposição se múltiplos rolls; peso bruto 50/565; normaliza apenas entradas elegíveis; set_count","Ingrediente nas receitas vanilla1.21.1: {'count': 2, 'id': 'minecraft:spectral_arrow'}",Alta nos arquivos versionados; configurações/datapacks externos não confirmados,/images/bestiary/audited/es/permafrost.png,cn/leolezury/eternalstarlight/common/client/model/entity/PermafrostModel.class; cn/leolezury/eternalstarlight/common/client/renderer/entity/PermafrostRenderer.class; assets/eternal_starlight/textures/entity/permafrost.png; cn/leolezury/eternalstarlight/common/client/handler/ESClientSetupHandler.class; cn/leolezury/eternalstarlight/common/client/model/animation/definition/PermafrostAnimation.class; cn/leolezury/eternalstarlight/common/registry/ESEntities.class; cn/leolezury/eternalstarlight/common/registry/ESItems.class; output-es/proveniencia.json,evidence-es/eternalstarlight-0.9.0+1.21.1+neoforge.jar::data/eternal_starlight/loot_table/bosses/boss_common.json; evidence-es/decompiled-full/cn/leolezury/eternalstarlight/common/entity/living/boss/golem/Permafrost.java,[Receitas vanilla1.21.1](lote-final-2026-10-06/receitas-vanilla.json)
Permafrost,Eternal Starlight,"Chefe de encontro; alvos: Player, AbstractVillager, IronGolem",Rotas ativas de criação/spawner: evidence-es/decompiled-full/cn/leolezury/eternalstarlight/common/block/entity/spawner/PermafrostSpawnerBlockEntity.java; Templates com bloco gerador: data/eternal_starlight/structure/golem_forge/room/permafrost.nbt; ,Conteúdo baú/bolsa de chefe,minecraft:spectral_arrow,32–64,"doMobLoot=true; ao remove(KILLED), ESBoss registra participantes. enableLootChest+participantes+posição substituível gera LootChest com acesso individual; senão LootBag1 por participante vivo presente na mesma dimensão; sem participante presente, LootBag fallback1. Não somar baú e bolsa. ChallengeCounts passa ao contexto de loot.; pool1: 1 sorteio(s); reposição se múltiplos rolls; peso bruto 1/1; normaliza apenas entradas elegíveis; pool1: 5–8 sorteio(s); reposição se múltiplos rolls; peso bruto 50/565; normaliza apenas entradas elegíveis; set_count",Munição que aplica Glowing ao alvo,Alta no recurso/registro/classe citados; condições efetivas do pack não confirmadas,/images/bestiary/audited/es/permafrost.png,cn/leolezury/eternalstarlight/common/client/model/entity/PermafrostModel.class; cn/leolezury/eternalstarlight/common/client/renderer/entity/PermafrostRenderer.class; assets/eternal_starlight/textures/entity/permafrost.png; cn/leolezury/eternalstarlight/common/client/handler/ESClientSetupHandler.class; cn/leolezury/eternalstarlight/common/client/model/animation/definition/PermafrostAnimation.class; cn/leolezury/eternalstarlight/common/registry/ESEntities.class; cn/leolezury/eternalstarlight/common/registry/ESItems.class; output-es/proveniencia.json,evidence-es/eternalstarlight-0.9.0+1.21.1+neoforge.jar::data/eternal_starlight/loot_table/bosses/boss_common.json; evidence-es/decompiled-full/cn/leolezury/eternalstarlight/common/entity/living/boss/golem/Permafrost.java,[Receitas vanilla1.21.1](lote-final-2026-10-06/receitas-vanilla.json)
Permafrost,Eternal Starlight,"Chefe de encontro; alvos: Player, AbstractVillager, IronGolem",Rotas ativas de criação/spawner: evidence-es/decompiled-full/cn/leolezury/eternalstarlight/common/block/entity/spawner/PermafrostSpawnerBlockEntity.java; Templates com bloco gerador: data/eternal_starlight/structure/golem_forge/room/permafrost.nbt; ,Conteúdo baú/bolsa de chefe,eternal_starlight:amaramber_arrow,20–32,"doMobLoot=true; ao remove(KILLED), ESBoss registra participantes. enableLootChest+participantes+posição substituível gera LootChest com acesso individual; senão LootBag1 por participante vivo presente na mesma dimensão; sem participante presente, LootBag fallback1. Não somar baú e bolsa. ChallengeCounts passa ao contexto de loot.; pool1: 1 sorteio(s); reposição se múltiplos rolls; peso bruto 1/1; normaliza apenas entradas elegíveis; pool1: 5–8 sorteio(s); reposição se múltiplos rolls; peso bruto 35/565; normaliza apenas entradas elegíveis; set_count",Munição: AmaramberArrowItem cria AmaramberArrow; efeitos definidos na entidade de flecha,Alta no recurso/registro/classe citados; condições efetivas do pack não confirmadas,/images/bestiary/audited/es/permafrost.png,cn/leolezury/eternalstarlight/common/client/model/entity/PermafrostModel.class; cn/leolezury/eternalstarlight/common/client/renderer/entity/PermafrostRenderer.class; assets/eternal_starlight/textures/entity/permafrost.png; cn/leolezury/eternalstarlight/common/client/handler/ESClientSetupHandler.class; cn/leolezury/eternalstarlight/common/client/model/animation/definition/PermafrostAnimation.class; cn/leolezury/eternalstarlight/common/registry/ESEntities.class; cn/leolezury/eternalstarlight/common/registry/ESItems.class; output-es/proveniencia.json,evidence-es/eternalstarlight-0.9.0+1.21.1+neoforge.jar::data/eternal_starlight/loot_table/bosses/boss_common.json; evidence-es/decompiled-full/cn/leolezury/eternalstarlight/common/entity/living/boss/golem/Permafrost.java; evidence-es/decompiled-full/cn/leolezury/eternalstarlight/common/registry/ESItems.java; registros-usos-itens.json#eternal_starlight:amaramber_arrow,Não aplicável: uso direto ou nenhuma receita identificada na build
Permafrost,Eternal Starlight,"Chefe de encontro; alvos: Player, AbstractVillager, IronGolem",Rotas ativas de criação/spawner: evidence-es/decompiled-full/cn/leolezury/eternalstarlight/common/block/entity/spawner/PermafrostSpawnerBlockEntity.java; Templates com bloco gerador: data/eternal_starlight/structure/golem_forge/room/permafrost.nbt; ,Conteúdo baú/bolsa de chefe,eternal_starlight:seeking_eye,1–3,"doMobLoot=true; ao remove(KILLED), ESBoss registra participantes. enableLootChest+participantes+posição substituível gera LootChest com acesso individual; senão LootBag1 por participante vivo presente na mesma dimensão; sem participante presente, LootBag fallback1. Não somar baú e bolsa. ChallengeCounts passa ao contexto de loot.; pool1: 1 sorteio(s); reposição se múltiplos rolls; peso bruto 1/1; normaliza apenas entradas elegíveis; pool1: 5–8 sorteio(s); reposição se múltiplos rolls; peso bruto 75/565; normaliza apenas entradas elegíveis; set_count","Ingrediente nas receitas auditadas: {'count': 4, 'id': 'eternal_starlight:etheric_eye'}",Alta nos arquivos versionados; configurações/datapacks externos não confirmados,/images/bestiary/audited/es/permafrost.png,cn/leolezury/eternalstarlight/common/client/model/entity/PermafrostModel.class; cn/leolezury/eternalstarlight/common/client/renderer/entity/PermafrostRenderer.class; assets/eternal_starlight/textures/entity/permafrost.png; cn/leolezury/eternalstarlight/common/client/handler/ESClientSetupHandler.class; cn/leolezury/eternalstarlight/common/client/model/animation/definition/PermafrostAnimation.class; cn/leolezury/eternalstarlight/common/registry/ESEntities.class; cn/leolezury/eternalstarlight/common/registry/ESItems.class; output-es/proveniencia.json,evidence-es/eternalstarlight-0.9.0+1.21.1+neoforge.jar::data/eternal_starlight/loot_table/bosses/boss_common.json; evidence-es/decompiled-full/cn/leolezury/eternalstarlight/common/entity/living/boss/golem/Permafrost.java; evidence-es/decompiled-full/cn/leolezury/eternalstarlight/common/registry/ESItems.java; registros-usos-itens.json#eternal_starlight:seeking_eye,/bestiary/receitas/es.html#receita-etheric-eye | [Receita etheric_eye](lote-final-2026-10-06/es-cards-2026-10-06.md#receita-etheric-eye) — data/eternal_starlight/recipe/etheric_eye.json
Permafrost,Eternal Starlight,"Chefe de encontro; alvos: Player, AbstractVillager, IronGolem",Rotas ativas de criação/spawner: evidence-es/decompiled-full/cn/leolezury/eternalstarlight/common/block/entity/spawner/PermafrostSpawnerBlockEntity.java; Templates com bloco gerador: data/eternal_starlight/structure/golem_forge/room/permafrost.nbt; ,Conteúdo baú/bolsa de chefe,eternal_starlight:lunar_berries,1–3,"doMobLoot=true; ao remove(KILLED), ESBoss registra participantes. enableLootChest+participantes+posição substituível gera LootChest com acesso individual; senão LootBag1 por participante vivo presente na mesma dimensão; sem participante presente, LootBag fallback1. Não somar baú e bolsa. ChallengeCounts passa ao contexto de loot.; pool1: 1 sorteio(s); reposição se múltiplos rolls; peso bruto 1/1; normaliza apenas entradas elegíveis; pool1: 5–8 sorteio(s); reposição se múltiplos rolls; peso bruto 75/565; normaliza apenas entradas elegíveis; set_count","Ingrediente nas receitas auditadas: {'count': 1, 'id': 'eternal_starlight:crinoa_ball'}",Alta nos arquivos versionados; configurações/datapacks externos não confirmados,/images/bestiary/audited/es/permafrost.png,cn/leolezury/eternalstarlight/common/client/model/entity/PermafrostModel.class; cn/leolezury/eternalstarlight/common/client/renderer/entity/PermafrostRenderer.class; assets/eternal_starlight/textures/entity/permafrost.png; cn/leolezury/eternalstarlight/common/client/handler/ESClientSetupHandler.class; cn/leolezury/eternalstarlight/common/client/model/animation/definition/PermafrostAnimation.class; cn/leolezury/eternalstarlight/common/registry/ESEntities.class; cn/leolezury/eternalstarlight/common/registry/ESItems.class; output-es/proveniencia.json,evidence-es/eternalstarlight-0.9.0+1.21.1+neoforge.jar::data/eternal_starlight/loot_table/bosses/boss_common.json; evidence-es/decompiled-full/cn/leolezury/eternalstarlight/common/entity/living/boss/golem/Permafrost.java; evidence-es/decompiled-full/cn/leolezury/eternalstarlight/common/registry/ESItems.java; registros-usos-itens.json#eternal_starlight:lunar_berries,/bestiary/receitas/es.html#receita-lunar-crystal | [Receita lunar_crystal](lote-final-2026-10-06/es-cards-2026-10-06.md#receita-lunar-crystal) — data/eternal_starlight/recipe/lunar_crystal.json; [Receita crinoa_ball](lote-final-2026-10-06/es-cards-2026-10-06.md#receita-crinoa-ball) — data/eternal_starlight/recipe/shapeless/crinoa_ball.json
Permafrost,Eternal Starlight,"Chefe de encontro; alvos: Player, AbstractVillager, IronGolem",Rotas ativas de criação/spawner: evidence-es/decompiled-full/cn/leolezury/eternalstarlight/common/block/entity/spawner/PermafrostSpawnerBlockEntity.java; Templates com bloco gerador: data/eternal_starlight/structure/golem_forge/room/permafrost.nbt; ,Conteúdo baú/bolsa de chefe,eternal_starlight:deepsilver_ingot,1–2,"doMobLoot=true; ao remove(KILLED), ESBoss registra participantes. enableLootChest+participantes+posição substituível gera LootChest com acesso individual; senão LootBag1 por participante vivo presente na mesma dimensão; sem participante presente, LootBag fallback1. Não somar baú e bolsa. ChallengeCounts passa ao contexto de loot.; pool1: 1 sorteio(s); reposição se múltiplos rolls; peso bruto 1/1; normaliza apenas entradas elegíveis; pool1: 5–8 sorteio(s); reposição se múltiplos rolls; peso bruto 30/565; normaliza apenas entradas elegíveis; set_count","Ingrediente nas receitas auditadas: deepsilver_from_ores, deepsilver_from_raw_materials, {'count': 16, 'id': 'eternal_starlight:deepsilver_bars'}, {'count': 1, 'id': 'eternal_starlight:deepsilver_block'}, {'count': 9, 'id': 'eternal_starlight:deepsilver_nugget'}, {'count': 1, 'id': 'eternal_starlight:golem_steel_crate'}, {'count': 1, 'id': 'eternal_starlight:silver_pungency_fruit'}",Alta nos arquivos versionados; configurações/datapacks externos não confirmados,/images/bestiary/audited/es/permafrost.png,cn/leolezury/eternalstarlight/common/client/model/entity/PermafrostModel.class; cn/leolezury/eternalstarlight/common/client/renderer/entity/PermafrostRenderer.class; assets/eternal_starlight/textures/entity/permafrost.png; cn/leolezury/eternalstarlight/common/client/handler/ESClientSetupHandler.class; cn/leolezury/eternalstarlight/common/client/model/animation/definition/PermafrostAnimation.class; cn/leolezury/eternalstarlight/common/registry/ESEntities.class; cn/leolezury/eternalstarlight/common/registry/ESItems.class; output-es/proveniencia.json,evidence-es/eternalstarlight-0.9.0+1.21.1+neoforge.jar::data/eternal_starlight/loot_table/bosses/boss_common.json; evidence-es/decompiled-full/cn/leolezury/eternalstarlight/common/entity/living/boss/golem/Permafrost.java; evidence-es/decompiled-full/cn/leolezury/eternalstarlight/common/registry/ESItems.java; registros-usos-itens.json#eternal_starlight:deepsilver_ingot,/bestiary/receitas/es.html#receita-deepsilver-from-ores | [Receita deepsilver_from_ores](lote-final-2026-10-06/es-cards-2026-10-06.md#receita-deepsilver-from-ores) — data/eternal_starlight/recipe/alloy/deepsilver_from_ores.json; [Receita deepsilver_from_raw_materials](lote-final-2026-10-06/es-cards-2026-10-06.md#receita-deepsilver-from-raw-materials) — data/eternal_starlight/recipe/alloy/deepsilver_from_raw_materials.json; [Receita golem_steel](lote-final-2026-10-06/es-cards-2026-10-06.md#receita-golem-steel) — data/eternal_starlight/recipe/alloy/golem_steel.json; [Receita unrealium](lote-final-2026-10-06/es-cards-2026-10-06.md#receita-unrealium) — data/eternal_starlight/recipe/alloy/unrealium.json; [Receita blooming_armor_trim_smithing_template_smithing_trim](lote-final-2026-10-06/es-cards-2026-10-06.md#receita-blooming-armor-trim-smithing-template-smithing-trim) — data/eternal_starlight/recipe/blooming_armor_trim_smithing_template_smithing_trim.json; [Receita bucket_from_deepsilver_ingot](lote-final-2026-10-06/es-cards-2026-10-06.md#receita-bucket-from-deepsilver-ingot) — data/eternal_starlight/recipe/bucket_from_deepsilver_ingot.json; [Receita cauldron_from_deepsilver_ingot](lote-final-2026-10-06/es-cards-2026-10-06.md#receita-cauldron-from-deepsilver-ingot) — data/eternal_starlight/recipe/cauldron_from_deepsilver_ingot.json; [Receita crescent_spear](lote-final-2026-10-06/es-cards-2026-10-06.md#receita-crescent-spear) — data/eternal_starlight/recipe/crescent_spear.json; [Receita deepsilver_axe](lote-final-2026-10-06/es-cards-2026-10-06.md#receita-deepsilver-axe) — data/eternal_starlight/recipe/deepsilver_axe.json; [Receita deepsilver_bars](lote-final-2026-10-06/es-cards-2026-10-06.md#receita-deepsilver-bars) — data/eternal_starlight/recipe/deepsilver_bars.json; [Receita deepsilver_block](lote-final-2026-10-06/es-cards-2026-10-06.md#receita-deepsilver-block) — data/eternal_starlight/recipe/deepsilver_block.json; [Receita deepsilver_boots](lote-final-2026-10-06/es-cards-2026-10-06.md#receita-deepsilver-boots) — data/eternal_starlight/recipe/deepsilver_boots.json; [Receita deepsilver_brush](lote-final-2026-10-06/es-cards-2026-10-06.md#receita-deepsilver-brush) — data/eternal_starlight/recipe/deepsilver_brush.json; [Receita deepsilver_chestplate](lote-final-2026-10-06/es-cards-2026-10-06.md#receita-deepsilver-chestplate) — data/eternal_starlight/recipe/deepsilver_chestplate.json; [Receita deepsilver_helmet](lote-final-2026-10-06/es-cards-2026-10-06.md#receita-deepsilver-helmet) — data/eternal_starlight/recipe/deepsilver_helmet.json; [Receita deepsilver_hoe](lote-final-2026-10-06/es-cards-2026-10-06.md#receita-deepsilver-hoe) — data/eternal_starlight/recipe/deepsilver_hoe.json; [Receita deepsilver_leggings](lote-final-2026-10-06/es-cards-2026-10-06.md#receita-deepsilver-leggings) — data/eternal_starlight/recipe/deepsilver_leggings.json; [Receita deepsilver_nugget](lote-final-2026-10-06/es-cards-2026-10-06.md#receita-deepsilver-nugget) — data/eternal_starlight/recipe/deepsilver_nugget.json; [Receita deepsilver_pickaxe](lote-final-2026-10-06/es-cards-2026-10-06.md#receita-deepsilver-pickaxe) — data/eternal_starlight/recipe/deepsilver_pickaxe.json; [Receita deepsilver_shovel](lote-final-2026-10-06/es-cards-2026-10-06.md#receita-deepsilver-shovel) — data/eternal_starlight/recipe/deepsilver_shovel.json; [Receita deepsilver_sickle](lote-final-2026-10-06/es-cards-2026-10-06.md#receita-deepsilver-sickle) — data/eternal_starlight/recipe/deepsilver_sickle.json; [Receita deepsilver_sword](lote-final-2026-10-06/es-cards-2026-10-06.md#receita-deepsilver-sword) — data/eternal_starlight/recipe/deepsilver_sword.json; [Receita forge_armor_trim_smithing_template](lote-final-2026-10-06/es-cards-2026-10-06.md#receita-forge-armor-trim-smithing-template) — data/eternal_starlight/recipe/forge_armor_trim_smithing_template.json; [Receita forge_armor_trim_smithing_template_smithing_trim](lote-final-2026-10-06/es-cards-2026-10-06.md#receita-forge-armor-trim-smithing-template-smithing-trim) — data/eternal_starlight/recipe/forge_armor_trim_smithing_template_smithing_trim.json; [Receita golem_steel_crate](lote-final-2026-10-06/es-cards-2026-10-06.md#receita-golem-steel-crate) — data/eternal_starlight/recipe/golem_steel_crate.json; [Receita keeper_armor_trim_smithing_template](lote-final-2026-10-06/es-cards-2026-10-06.md#receita-keeper-armor-trim-smithing-template) — data/eternal_starlight/recipe/keeper_armor_trim_smithing_template.json; [Receita keeper_armor_trim_smithing_template_smithing_trim](lote-final-2026-10-06/es-cards-2026-10-06.md#receita-keeper-armor-trim-smithing-template-smithing-trim) — data/eternal_starlight/recipe/keeper_armor_trim_smithing_template_smithing_trim.json; [Receita shears_from_deepsilver_ingot](lote-final-2026-10-06/es-cards-2026-10-06.md#receita-shears-from-deepsilver-ingot) — data/eternal_starlight/recipe/shears_from_deepsilver_ingot.json; [Receita shield_from_deepsilver_ingot](lote-final-2026-10-06/es-cards-2026-10-06.md#receita-shield-from-deepsilver-ingot) — data/eternal_starlight/recipe/shield_from_deepsilver_ingot.json; [Receita silver_pungency_fruit](lote-final-2026-10-06/es-cards-2026-10-06.md#receita-silver-pungency-fruit) — data/eternal_starlight/recipe/silver_pungency_fruit.json; [Receita tripwire_hook_from_deepsilver_ingot](lote-final-2026-10-06/es-cards-2026-10-06.md#receita-tripwire-hook-from-deepsilver-ingot) — data/eternal_starlight/recipe/tripwire_hook_from_deepsilver_ingot.json; [Receita twining_armor_trim_smithing_template_smithing_trim](lote-final-2026-10-06/es-cards-2026-10-06.md#receita-twining-armor-trim-smithing-template-smithing-trim) — data/eternal_starlight/recipe/twining_armor_trim_smithing_template_smithing_trim.json
Permafrost,Eternal Starlight,"Chefe de encontro; alvos: Player, AbstractVillager, IronGolem",Rotas ativas de criação/spawner: evidence-es/decompiled-full/cn/leolezury/eternalstarlight/common/block/entity/spawner/PermafrostSpawnerBlockEntity.java; Templates com bloco gerador: data/eternal_starlight/structure/golem_forge/room/permafrost.nbt; ,Conteúdo baú/bolsa de chefe,eternal_starlight:thermal_springstone_ingot,1–2,"doMobLoot=true; ao remove(KILLED), ESBoss registra participantes. enableLootChest+participantes+posição substituível gera LootChest com acesso individual; senão LootBag1 por participante vivo presente na mesma dimensão; sem participante presente, LootBag fallback1. Não somar baú e bolsa. ChallengeCounts passa ao contexto de loot.; pool1: 1 sorteio(s); reposição se múltiplos rolls; peso bruto 1/1; normaliza apenas entradas elegíveis; pool1: 5–8 sorteio(s); reposição se múltiplos rolls; peso bruto 30/565; normaliza apenas entradas elegíveis; set_count",Ingrediente registrado; receitas/tag-consumers no crafting; demais habilidades não atribuídas,Alta no recurso/registro/classe citados; condições efetivas do pack não confirmadas,/images/bestiary/audited/es/permafrost.png,cn/leolezury/eternalstarlight/common/client/model/entity/PermafrostModel.class; cn/leolezury/eternalstarlight/common/client/renderer/entity/PermafrostRenderer.class; assets/eternal_starlight/textures/entity/permafrost.png; cn/leolezury/eternalstarlight/common/client/handler/ESClientSetupHandler.class; cn/leolezury/eternalstarlight/common/client/model/animation/definition/PermafrostAnimation.class; cn/leolezury/eternalstarlight/common/registry/ESEntities.class; cn/leolezury/eternalstarlight/common/registry/ESItems.class; output-es/proveniencia.json,evidence-es/eternalstarlight-0.9.0+1.21.1+neoforge.jar::data/eternal_starlight/loot_table/bosses/boss_common.json; evidence-es/decompiled-full/cn/leolezury/eternalstarlight/common/entity/living/boss/golem/Permafrost.java; evidence-es/decompiled-full/cn/leolezury/eternalstarlight/common/registry/ESItems.java; registros-usos-itens.json#eternal_starlight:thermal_springstone_ingot,/bestiary/receitas/es.html#receita-blaze-crystal | [Receita blaze_crystal](lote-final-2026-10-06/es-cards-2026-10-06.md#receita-blaze-crystal) — data/eternal_starlight/recipe/blaze_crystal.json; [Receita blooming_armor_trim_smithing_template_smithing_trim](lote-final-2026-10-06/es-cards-2026-10-06.md#receita-blooming-armor-trim-smithing-template-smithing-trim) — data/eternal_starlight/recipe/blooming_armor_trim_smithing_template_smithing_trim.json; [Receita forge_armor_trim_smithing_template_smithing_trim](lote-final-2026-10-06/es-cards-2026-10-06.md#receita-forge-armor-trim-smithing-template-smithing-trim) — data/eternal_starlight/recipe/forge_armor_trim_smithing_template_smithing_trim.json; [Receita keeper_armor_trim_smithing_template_smithing_trim](lote-final-2026-10-06/es-cards-2026-10-06.md#receita-keeper-armor-trim-smithing-template-smithing-trim) — data/eternal_starlight/recipe/keeper_armor_trim_smithing_template_smithing_trim.json; [Receita starfire_upgrade_smithing_template](lote-final-2026-10-06/es-cards-2026-10-06.md#receita-starfire-upgrade-smithing-template) — data/eternal_starlight/recipe/starfire_upgrade_smithing_template.json; [Receita thermal_springstone_axe](lote-final-2026-10-06/es-cards-2026-10-06.md#receita-thermal-springstone-axe) — data/eternal_starlight/recipe/thermal_springstone_axe.json; [Receita thermal_springstone_boots](lote-final-2026-10-06/es-cards-2026-10-06.md#receita-thermal-springstone-boots) — data/eternal_starlight/recipe/thermal_springstone_boots.json; [Receita thermal_springstone_chestplate](lote-final-2026-10-06/es-cards-2026-10-06.md#receita-thermal-springstone-chestplate) — data/eternal_starlight/recipe/thermal_springstone_chestplate.json; [Receita thermal_springstone_hammer](lote-final-2026-10-06/es-cards-2026-10-06.md#receita-thermal-springstone-hammer) — data/eternal_starlight/recipe/thermal_springstone_hammer.json; [Receita thermal_springstone_helmet](lote-final-2026-10-06/es-cards-2026-10-06.md#receita-thermal-springstone-helmet) — data/eternal_starlight/recipe/thermal_springstone_helmet.json; [Receita thermal_springstone_hoe](lote-final-2026-10-06/es-cards-2026-10-06.md#receita-thermal-springstone-hoe) — data/eternal_starlight/recipe/thermal_springstone_hoe.json; [Receita thermal_springstone_leggings](lote-final-2026-10-06/es-cards-2026-10-06.md#receita-thermal-springstone-leggings) — data/eternal_starlight/recipe/thermal_springstone_leggings.json; [Receita thermal_springstone_pickaxe](lote-final-2026-10-06/es-cards-2026-10-06.md#receita-thermal-springstone-pickaxe) — data/eternal_starlight/recipe/thermal_springstone_pickaxe.json; [Receita thermal_springstone_scythe](lote-final-2026-10-06/es-cards-2026-10-06.md#receita-thermal-springstone-scythe) — data/eternal_starlight/recipe/thermal_springstone_scythe.json; [Receita thermal_springstone_shovel](lote-final-2026-10-06/es-cards-2026-10-06.md#receita-thermal-springstone-shovel) — data/eternal_starlight/recipe/thermal_springstone_shovel.json; [Receita thermal_springstone_sword](lote-final-2026-10-06/es-cards-2026-10-06.md#receita-thermal-springstone-sword) — data/eternal_starlight/recipe/thermal_springstone_sword.json; [Receita twining_armor_trim_smithing_template_smithing_trim](lote-final-2026-10-06/es-cards-2026-10-06.md#receita-twining-armor-trim-smithing-template-smithing-trim) — data/eternal_starlight/recipe/twining_armor_trim_smithing_template_smithing_trim.json
Permafrost,Eternal Starlight,"Chefe de encontro; alvos: Player, AbstractVillager, IronGolem",Rotas ativas de criação/spawner: evidence-es/decompiled-full/cn/leolezury/eternalstarlight/common/block/entity/spawner/PermafrostSpawnerBlockEntity.java; Templates com bloco gerador: data/eternal_starlight/structure/golem_forge/room/permafrost.nbt; ,Conteúdo baú/bolsa de chefe,eternal_starlight:glacite_shard,1–2,"doMobLoot=true; ao remove(KILLED), ESBoss registra participantes. enableLootChest+participantes+posição substituível gera LootChest com acesso individual; senão LootBag1 por participante vivo presente na mesma dimensão; sem participante presente, LootBag fallback1. Não somar baú e bolsa. ChallengeCounts passa ao contexto de loot.; pool1: 1 sorteio(s); reposição se múltiplos rolls; peso bruto 1/1; normaliza apenas entradas elegíveis; pool1: 5–8 sorteio(s); reposição se múltiplos rolls; peso bruto 30/565; normaliza apenas entradas elegíveis; set_count","Ingrediente nas receitas auditadas: {'count': 1, 'id': 'eternal_starlight:glacite_block'}",Alta nos arquivos versionados; configurações/datapacks externos não confirmados,/images/bestiary/audited/es/permafrost.png,cn/leolezury/eternalstarlight/common/client/model/entity/PermafrostModel.class; cn/leolezury/eternalstarlight/common/client/renderer/entity/PermafrostRenderer.class; assets/eternal_starlight/textures/entity/permafrost.png; cn/leolezury/eternalstarlight/common/client/handler/ESClientSetupHandler.class; cn/leolezury/eternalstarlight/common/client/model/animation/definition/PermafrostAnimation.class; cn/leolezury/eternalstarlight/common/registry/ESEntities.class; cn/leolezury/eternalstarlight/common/registry/ESItems.class; output-es/proveniencia.json,evidence-es/eternalstarlight-0.9.0+1.21.1+neoforge.jar::data/eternal_starlight/loot_table/bosses/boss_common.json; evidence-es/decompiled-full/cn/leolezury/eternalstarlight/common/entity/living/boss/golem/Permafrost.java; evidence-es/decompiled-full/cn/leolezury/eternalstarlight/common/registry/ESItems.java; registros-usos-itens.json#eternal_starlight:glacite_shard,/bestiary/receitas/es.html#receita-blooming-armor-trim-smithing-template-smithing-trim | [Receita blooming_armor_trim_smithing_template_smithing_trim](lote-final-2026-10-06/es-cards-2026-10-06.md#receita-blooming-armor-trim-smithing-template-smithing-trim) — data/eternal_starlight/recipe/blooming_armor_trim_smithing_template_smithing_trim.json; [Receita flowglaze_upgrade_smithing_template](lote-final-2026-10-06/es-cards-2026-10-06.md#receita-flowglaze-upgrade-smithing-template) — data/eternal_starlight/recipe/flowglaze_upgrade_smithing_template.json; [Receita forge_armor_trim_smithing_template_smithing_trim](lote-final-2026-10-06/es-cards-2026-10-06.md#receita-forge-armor-trim-smithing-template-smithing-trim) — data/eternal_starlight/recipe/forge_armor_trim_smithing_template_smithing_trim.json; [Receita frozen_bomb](lote-final-2026-10-06/es-cards-2026-10-06.md#receita-frozen-bomb) — data/eternal_starlight/recipe/frozen_bomb.json; [Receita glacite_arrow](lote-final-2026-10-06/es-cards-2026-10-06.md#receita-glacite-arrow) — data/eternal_starlight/recipe/glacite_arrow.json; [Receita glacite_axe](lote-final-2026-10-06/es-cards-2026-10-06.md#receita-glacite-axe) — data/eternal_starlight/recipe/glacite_axe.json; [Receita glacite_block](lote-final-2026-10-06/es-cards-2026-10-06.md#receita-glacite-block) — data/eternal_starlight/recipe/glacite_block.json; [Receita glacite_boots](lote-final-2026-10-06/es-cards-2026-10-06.md#receita-glacite-boots) — data/eternal_starlight/recipe/glacite_boots.json; [Receita glacite_chestplate](lote-final-2026-10-06/es-cards-2026-10-06.md#receita-glacite-chestplate) — data/eternal_starlight/recipe/glacite_chestplate.json; [Receita glacite_helmet](lote-final-2026-10-06/es-cards-2026-10-06.md#receita-glacite-helmet) — data/eternal_starlight/recipe/glacite_helmet.json; [Receita glacite_hoe](lote-final-2026-10-06/es-cards-2026-10-06.md#receita-glacite-hoe) — data/eternal_starlight/recipe/glacite_hoe.json; [Receita glacite_leggings](lote-final-2026-10-06/es-cards-2026-10-06.md#receita-glacite-leggings) — data/eternal_starlight/recipe/glacite_leggings.json; [Receita glacite_pickaxe](lote-final-2026-10-06/es-cards-2026-10-06.md#receita-glacite-pickaxe) — data/eternal_starlight/recipe/glacite_pickaxe.json; [Receita glacite_scythe](lote-final-2026-10-06/es-cards-2026-10-06.md#receita-glacite-scythe) — data/eternal_starlight/recipe/glacite_scythe.json; [Receita glacite_shield](lote-final-2026-10-06/es-cards-2026-10-06.md#receita-glacite-shield) — data/eternal_starlight/recipe/glacite_shield.json; [Receita glacite_shovel](lote-final-2026-10-06/es-cards-2026-10-06.md#receita-glacite-shovel) — data/eternal_starlight/recipe/glacite_shovel.json; [Receita glacite_sword](lote-final-2026-10-06/es-cards-2026-10-06.md#receita-glacite-sword) — data/eternal_starlight/recipe/glacite_sword.json; [Receita keeper_armor_trim_smithing_template_smithing_trim](lote-final-2026-10-06/es-cards-2026-10-06.md#receita-keeper-armor-trim-smithing-template-smithing-trim) — data/eternal_starlight/recipe/keeper_armor_trim_smithing_template_smithing_trim.json; [Receita reinforced_ice](lote-final-2026-10-06/es-cards-2026-10-06.md#receita-reinforced-ice) — data/eternal_starlight/recipe/reinforced_ice.json; [Receita twining_armor_trim_smithing_template_smithing_trim](lote-final-2026-10-06/es-cards-2026-10-06.md#receita-twining-armor-trim-smithing-template-smithing-trim) — data/eternal_starlight/recipe/twining_armor_trim_smithing_template_smithing_trim.json
Permafrost,Eternal Starlight,"Chefe de encontro; alvos: Player, AbstractVillager, IronGolem",Rotas ativas de criação/spawner: evidence-es/decompiled-full/cn/leolezury/eternalstarlight/common/block/entity/spawner/PermafrostSpawnerBlockEntity.java; Templates com bloco gerador: data/eternal_starlight/structure/golem_forge/room/permafrost.nbt; ,Conteúdo baú/bolsa de chefe,eternal_starlight:aethersent_ingot,1–2,"doMobLoot=true; ao remove(KILLED), ESBoss registra participantes. enableLootChest+participantes+posição substituível gera LootChest com acesso individual; senão LootBag1 por participante vivo presente na mesma dimensão; sem participante presente, LootBag fallback1. Não somar baú e bolsa. ChallengeCounts passa ao contexto de loot.; pool1: 1 sorteio(s); reposição se múltiplos rolls; peso bruto 1/1; normaliza apenas entradas elegíveis; pool1: 5–8 sorteio(s); reposição se múltiplos rolls; peso bruto 15/565; normaliza apenas entradas elegíveis; set_count","Ingrediente nas receitas auditadas: {'count': 1, 'id': 'eternal_starlight:aethersent_block'}, {'count': 9, 'id': 'eternal_starlight:aethersent_nugget'}",Alta nos arquivos versionados; configurações/datapacks externos não confirmados,/images/bestiary/audited/es/permafrost.png,cn/leolezury/eternalstarlight/common/client/model/entity/PermafrostModel.class; cn/leolezury/eternalstarlight/common/client/renderer/entity/PermafrostRenderer.class; assets/eternal_starlight/textures/entity/permafrost.png; cn/leolezury/eternalstarlight/common/client/handler/ESClientSetupHandler.class; cn/leolezury/eternalstarlight/common/client/model/animation/definition/PermafrostAnimation.class; cn/leolezury/eternalstarlight/common/registry/ESEntities.class; cn/leolezury/eternalstarlight/common/registry/ESItems.class; output-es/proveniencia.json,evidence-es/eternalstarlight-0.9.0+1.21.1+neoforge.jar::data/eternal_starlight/loot_table/bosses/boss_common.json; evidence-es/decompiled-full/cn/leolezury/eternalstarlight/common/entity/living/boss/golem/Permafrost.java; evidence-es/decompiled-full/cn/leolezury/eternalstarlight/common/registry/ESItems.java; registros-usos-itens.json#eternal_starlight:aethersent_ingot,/bestiary/receitas/es.html#receita-aethersent-block | [Receita aethersent_block](lote-final-2026-10-06/es-cards-2026-10-06.md#receita-aethersent-block) — data/eternal_starlight/recipe/aethersent_block.json; [Receita aethersent_boots](lote-final-2026-10-06/es-cards-2026-10-06.md#receita-aethersent-boots) — data/eternal_starlight/recipe/aethersent_boots.json; [Receita aethersent_bottoms](lote-final-2026-10-06/es-cards-2026-10-06.md#receita-aethersent-bottoms) — data/eternal_starlight/recipe/aethersent_bottoms.json; [Receita aethersent_cape](lote-final-2026-10-06/es-cards-2026-10-06.md#receita-aethersent-cape) — data/eternal_starlight/recipe/aethersent_cape.json; [Receita aethersent_hood](lote-final-2026-10-06/es-cards-2026-10-06.md#receita-aethersent-hood) — data/eternal_starlight/recipe/aethersent_hood.json; [Receita aethersent_nugget](lote-final-2026-10-06/es-cards-2026-10-06.md#receita-aethersent-nugget) — data/eternal_starlight/recipe/aethersent_nugget.json; [Receita blooming_armor_trim_smithing_template_smithing_trim](lote-final-2026-10-06/es-cards-2026-10-06.md#receita-blooming-armor-trim-smithing-template-smithing-trim) — data/eternal_starlight/recipe/blooming_armor_trim_smithing_template_smithing_trim.json; [Receita forge_armor_trim_smithing_template_smithing_trim](lote-final-2026-10-06/es-cards-2026-10-06.md#receita-forge-armor-trim-smithing-template-smithing-trim) — data/eternal_starlight/recipe/forge_armor_trim_smithing_template_smithing_trim.json; [Receita keeper_armor_trim_smithing_template_smithing_trim](lote-final-2026-10-06/es-cards-2026-10-06.md#receita-keeper-armor-trim-smithing-template-smithing-trim) — data/eternal_starlight/recipe/keeper_armor_trim_smithing_template_smithing_trim.json; [Receita rage_of_stars](lote-final-2026-10-06/es-cards-2026-10-06.md#receita-rage-of-stars) — data/eternal_starlight/recipe/rage_of_stars.json; [Receita starfall_longbow](lote-final-2026-10-06/es-cards-2026-10-06.md#receita-starfall-longbow) — data/eternal_starlight/recipe/starfall_longbow.json; [Receita twining_armor_trim_smithing_template_smithing_trim](lote-final-2026-10-06/es-cards-2026-10-06.md#receita-twining-armor-trim-smithing-template-smithing-trim) — data/eternal_starlight/recipe/twining_armor_trim_smithing_template_smithing_trim.json
Permafrost,Eternal Starlight,"Chefe de encontro; alvos: Player, AbstractVillager, IronGolem",Rotas ativas de criação/spawner: evidence-es/decompiled-full/cn/leolezury/eternalstarlight/common/block/entity/spawner/PermafrostSpawnerBlockEntity.java; Templates com bloco gerador: data/eternal_starlight/structure/golem_forge/room/permafrost.nbt; ,Conteúdo baú/bolsa de chefe,eternal_starlight:coldsnap,1,"doMobLoot=true; ao remove(KILLED), ESBoss registra participantes. enableLootChest+participantes+posição substituível gera LootChest com acesso individual; senão LootBag1 por participante vivo presente na mesma dimensão; sem participante presente, LootBag fallback1. Não somar baú e bolsa. ChallengeCounts passa ao contexto de loot.; pool2: 1 sorteio(s); reposição se múltiplos rolls; peso bruto 1/1; normaliza apenas entradas elegíveis","Chicote Whip de tier GOLEM_STEEL; atributos4.7,-3.2 e efeitos de Col dsnapItem",Alta no recurso/registro/classe citados; condições efetivas do pack não confirmadas,/images/bestiary/audited/es/permafrost.png,cn/leolezury/eternalstarlight/common/client/model/entity/PermafrostModel.class; cn/leolezury/eternalstarlight/common/client/renderer/entity/PermafrostRenderer.class; assets/eternal_starlight/textures/entity/permafrost.png; cn/leolezury/eternalstarlight/common/client/handler/ESClientSetupHandler.class; cn/leolezury/eternalstarlight/common/client/model/animation/definition/PermafrostAnimation.class; cn/leolezury/eternalstarlight/common/registry/ESEntities.class; cn/leolezury/eternalstarlight/common/registry/ESItems.class; output-es/proveniencia.json,evidence-es/eternalstarlight-0.9.0+1.21.1+neoforge.jar::data/eternal_starlight/loot_table/bosses/permafrost.json; evidence-es/decompiled-full/cn/leolezury/eternalstarlight/common/entity/living/boss/golem/Permafrost.java; evidence-es/decompiled-full/cn/leolezury/eternalstarlight/common/registry/ESItems.java; registros-usos-itens.json#eternal_starlight:coldsnap,Não aplicável: uso direto ou nenhuma receita identificada na build
Permafrost,Eternal Starlight,"Chefe de encontro; alvos: Player, AbstractVillager, IronGolem",Rotas ativas de criação/spawner: evidence-es/decompiled-full/cn/leolezury/eternalstarlight/common/block/entity/spawner/PermafrostSpawnerBlockEntity.java; Templates com bloco gerador: data/eternal_starlight/structure/golem_forge/room/permafrost.nbt; ,Conteúdo baú/bolsa de chefe,eternal_starlight:oxidized_golem_steel_nugget,5–12,"doMobLoot=true; ao remove(KILLED), ESBoss registra participantes. enableLootChest+participantes+posição substituível gera LootChest com acesso individual; senão LootBag1 por participante vivo presente na mesma dimensão; sem participante presente, LootBag fallback1. Não somar baú e bolsa. ChallengeCounts passa ao contexto de loot.; pool3: 1 sorteio(s); reposição se múltiplos rolls; peso bruto 1/1; normaliza apenas entradas elegíveis; set_count","Ingrediente nas receitas auditadas: {'count': 1, 'id': 'eternal_starlight:golem_steel_nugget'}, {'count': 1, 'id': 'eternal_starlight:golem_steel_nugget'}, {'count': 1, 'id': 'eternal_starlight:oxidized_golem_steel_ingot'}",Alta nos arquivos versionados; configurações/datapacks externos não confirmados,/images/bestiary/audited/es/permafrost.png,cn/leolezury/eternalstarlight/common/client/model/entity/PermafrostModel.class; cn/leolezury/eternalstarlight/common/client/renderer/entity/PermafrostRenderer.class; assets/eternal_starlight/textures/entity/permafrost.png; cn/leolezury/eternalstarlight/common/client/handler/ESClientSetupHandler.class; cn/leolezury/eternalstarlight/common/client/model/animation/definition/PermafrostAnimation.class; cn/leolezury/eternalstarlight/common/registry/ESEntities.class; cn/leolezury/eternalstarlight/common/registry/ESItems.class; output-es/proveniencia.json,evidence-es/eternalstarlight-0.9.0+1.21.1+neoforge.jar::data/eternal_starlight/loot_table/bosses/permafrost.json; evidence-es/decompiled-full/cn/leolezury/eternalstarlight/common/entity/living/boss/golem/Permafrost.java; evidence-es/decompiled-full/cn/leolezury/eternalstarlight/common/registry/ESItems.java; registros-usos-itens.json#eternal_starlight:oxidized_golem_steel_nugget,/bestiary/receitas/es.html#receita-chain-of-souls | [Receita chain_of_souls](lote-final-2026-10-06/es-cards-2026-10-06.md#receita-chain-of-souls) — data/eternal_starlight/recipe/chain_of_souls.json; [Receita golem_steel_nugget_blasting_from_oxidized_golem_steel_nugget](lote-final-2026-10-06/es-cards-2026-10-06.md#receita-golem-steel-nugget-blasting-from-oxidized-golem-steel-nugget) — data/eternal_starlight/recipe/golem_steel_nugget_blasting_from_oxidized_golem_steel_nugget.json; [Receita golem_steel_nugget_smelting_from_oxidized_golem_steel_nugget](lote-final-2026-10-06/es-cards-2026-10-06.md#receita-golem-steel-nugget-smelting-from-oxidized-golem-steel-nugget) — data/eternal_starlight/recipe/golem_steel_nugget_smelting_from_oxidized_golem_steel_nugget.json; [Receita oxidized_golem_steel_ingot_from_nuggets](lote-final-2026-10-06/es-cards-2026-10-06.md#receita-oxidized-golem-steel-ingot-from-nuggets) — data/eternal_starlight/recipe/oxidized_golem_steel_ingot_from_nuggets.json
Permafrost,Eternal Starlight,"Chefe de encontro; alvos: Player, AbstractVillager, IronGolem",Rotas ativas de criação/spawner: evidence-es/decompiled-full/cn/leolezury/eternalstarlight/common/block/entity/spawner/PermafrostSpawnerBlockEntity.java; Templates com bloco gerador: data/eternal_starlight/structure/golem_forge/room/permafrost.nbt; ,Conteúdo baú/bolsa de chefe,eternal_starlight:frozen_tube,12–18,"doMobLoot=true; ao remove(KILLED), ESBoss registra participantes. enableLootChest+participantes+posição substituível gera LootChest com acesso individual; senão LootBag1 por participante vivo presente na mesma dimensão; sem participante presente, LootBag fallback1. Não somar baú e bolsa. ChallengeCounts passa ao contexto de loot.; pool4: 1 sorteio(s); reposição se múltiplos rolls; peso bruto 1/1; normaliza apenas entradas elegíveis; set_count",Projétil arremessável FrozenTube ao usar; classe FrozenTubeItem cria entidade e aplica consumo/cooldown,Alta no recurso/registro/classe citados; condições efetivas do pack não confirmadas,/images/bestiary/audited/es/permafrost.png,cn/leolezury/eternalstarlight/common/client/model/entity/PermafrostModel.class; cn/leolezury/eternalstarlight/common/client/renderer/entity/PermafrostRenderer.class; assets/eternal_starlight/textures/entity/permafrost.png; cn/leolezury/eternalstarlight/common/client/handler/ESClientSetupHandler.class; cn/leolezury/eternalstarlight/common/client/model/animation/definition/PermafrostAnimation.class; cn/leolezury/eternalstarlight/common/registry/ESEntities.class; cn/leolezury/eternalstarlight/common/registry/ESItems.class; output-es/proveniencia.json,evidence-es/eternalstarlight-0.9.0+1.21.1+neoforge.jar::data/eternal_starlight/loot_table/bosses/permafrost.json; evidence-es/decompiled-full/cn/leolezury/eternalstarlight/common/entity/living/boss/golem/Permafrost.java; evidence-es/decompiled-full/cn/leolezury/eternalstarlight/common/registry/ESItems.java; registros-usos-itens.json#eternal_starlight:frozen_tube,Não aplicável: uso direto ou nenhuma receita identificada na build
Permafrost,Eternal Starlight,"Chefe de encontro; alvos: Player, AbstractVillager, IronGolem",Rotas ativas de criação/spawner: evidence-es/decompiled-full/cn/leolezury/eternalstarlight/common/block/entity/spawner/PermafrostSpawnerBlockEntity.java; Templates com bloco gerador: data/eternal_starlight/structure/golem_forge/room/permafrost.nbt; ,Conteúdo baú/bolsa de chefe,eternal_starlight:starlit_painting,1,"doMobLoot=true; ao remove(KILLED), ESBoss registra participantes. enableLootChest+participantes+posição substituível gera LootChest com acesso individual; senão LootBag1 por participante vivo presente na mesma dimensão; sem participante presente, LootBag fallback1. Não somar baú e bolsa. ChallengeCounts passa ao contexto de loot.; pool5: 1 sorteio(s); reposição se múltiplos rolls; chance 50%; peso bruto 1/1; normaliza apenas entradas elegíveis; componentes={""minecraft:entity_data"": {""id"": ""eternal_starlight:painting"", ""variant"": ""eternal_starlight:absolute_zero""}}",Colocar pintura; comércio entrega variante Guardian por componente ENTITY_DATA,Alta no recurso/registro/classe citados; condições efetivas do pack não confirmadas,/images/bestiary/audited/es/permafrost.png,cn/leolezury/eternalstarlight/common/client/model/entity/PermafrostModel.class; cn/leolezury/eternalstarlight/common/client/renderer/entity/PermafrostRenderer.class; assets/eternal_starlight/textures/entity/permafrost.png; cn/leolezury/eternalstarlight/common/client/handler/ESClientSetupHandler.class; cn/leolezury/eternalstarlight/common/client/model/animation/definition/PermafrostAnimation.class; cn/leolezury/eternalstarlight/common/registry/ESEntities.class; cn/leolezury/eternalstarlight/common/registry/ESItems.class; output-es/proveniencia.json,evidence-es/eternalstarlight-0.9.0+1.21.1+neoforge.jar::data/eternal_starlight/loot_table/bosses/permafrost.json; evidence-es/decompiled-full/cn/leolezury/eternalstarlight/common/entity/living/boss/golem/Permafrost.java; evidence-es/decompiled-full/cn/leolezury/eternalstarlight/common/registry/ESItems.java; registros-usos-itens.json#eternal_starlight:starlit_painting,Não aplicável: uso direto ou nenhuma receita identificada na build
Tangled Skull,Eternal Starlight,Criatura Monster; alvos: Player,Criado na morte de Tangled (se o estado permite); Tangled.tickDeath. O mob skull e o item de cabeça são mecanismos distintos.,Loot de morte,eternal_starlight:tangled_skull,1,Loot condicionado ao caminho de morte; herança/interações/variantes fora deste pool separadas; pool1: 1 sorteio(s); reposição se múltiplos rolls; chance 30%; peso bruto 1/1; normaliza apenas entradas elegíveis,Cabeça/bloco decorativo e item que cria TangledSkull ao usar; TangledSkullItem,Alta no recurso/registro/classe citados; condições efetivas do pack não confirmadas,/images/bestiary/audited/es/tangled-skull.png,cn/leolezury/eternalstarlight/common/client/model/entity/TangledSkullModel.class; cn/leolezury/eternalstarlight/common/client/renderer/entity/TangledSkullRenderer.class; assets/eternal_starlight/textures/entity/tangled_skull.png; cn/leolezury/eternalstarlight/common/client/handler/ESClientSetupHandler.class; cn/leolezury/eternalstarlight/common/registry/ESEntities.class; cn/leolezury/eternalstarlight/common/registry/ESItems.class; output-es/proveniencia.json,evidence-es/eternalstarlight-0.9.0+1.21.1+neoforge.jar::data/eternal_starlight/loot_table/entities/tangled_skull.json; evidence-es/decompiled-full/cn/leolezury/eternalstarlight/common/entity/living/monster/TangledSkull.java; evidence-es/decompiled-full/cn/leolezury/eternalstarlight/common/registry/ESItems.java; registros-usos-itens.json#eternal_starlight:tangled_skull,Não aplicável: uso direto ou nenhuma receita identificada na build
