Mob,Mod,Categoria/comportamento,Onde encontrar,Mecanismo,Drop/Recompensa,Quantidade,Chance/condição,Para que serve,Confiança,Imagem,Fonte da imagem,Fontes pesquisadas,Crafting
Lich,The Graveyard,Chefe hostil invocado; combate em fases e minions,"Invocação no Altar: Vial of Blood com sangue≥0,8 (ou item da lista config, padrão debug stick); noite ou dimensão fixedTime, não Pacífico, altar ainda não bloody. Padrão exige frame de três staff fragments: lower/upper nas pontas, middle no centro, conforme getCompletedFramePattern. Remove fragments na área 16×16×2 e aplica Darkness 430 ticks ao invocador não criativo.",Loot de morte,graveyard:white_bone_staff,1–1,"pool 1: 1 sorteio(s), peso 1/5; com reposição se mais de um sorteio","Invoca Ghouling da cor/variante do cajado ao usar em bloco; vínculo dono/UUID impede outro minion existente desse cajado. Shift-use chama minion (busca até 100); uso normal seleciona alvo pela linha de visão até 100, com filtros de aliados. Comanda companhia/combate e transporte via caixão.",Alta nos arquivos versionados; configuração/datapacks externos não confirmados,/images/bestiary/audited/gy/lich-phase-1.png,assets/graveyard/geo/lich.geo.json; com/finallion/graveyard/entities/renders/LichRenderer.class; assets/graveyard/textures/entity/lich_texture.png; com/finallion/graveyard/entities/models/LichModel.class; com/finallion/graveyard/entities/LichEntity.class; assets/graveyard/animations/lich/lich.animation.json; com/finallion/graveyard/entities/renders/features/LichEyesFeatureRenderer.class; assets/graveyard/textures/entity/lich_eye_texture.png; output-gy/proveniencia.json,evidence-gy/graveyard-2.6.2 NeoForge 1.21.1.jar::data/graveyard/loot_table/entities/lich.json; evidence-gy/decompiled-full/com/finallion/graveyard/item/BoneStaffItem.java; evidence-gy/decompiled-full/com/finallion/graveyard/entities/GraveyardMinionEntity.java,Não há receita pertinente identificada no JAR; uso direto descrito na coluna Para que serve
Lich,The Graveyard,Chefe hostil invocado; combate em fases e minions,"Invocação no Altar: Vial of Blood com sangue≥0,8 (ou item da lista config, padrão debug stick); noite ou dimensão fixedTime, não Pacífico, altar ainda não bloody. Padrão exige frame de três staff fragments: lower/upper nas pontas, middle no centro, conforme getCompletedFramePattern. Remove fragments na área 16×16×2 e aplica Darkness 430 ticks ao invocador não criativo.",Loot de morte,graveyard:black_bone_staff,1–1,"pool 1: 1 sorteio(s), peso 1/5; com reposição se mais de um sorteio","Invoca Ghouling da cor/variante do cajado ao usar em bloco; vínculo dono/UUID impede outro minion existente desse cajado. Shift-use chama minion (busca até 100); uso normal seleciona alvo pela linha de visão até 100, com filtros de aliados. Comanda companhia/combate e transporte via caixão.",Alta nos arquivos versionados; configuração/datapacks externos não confirmados,/images/bestiary/audited/gy/lich-phase-1.png,assets/graveyard/geo/lich.geo.json; com/finallion/graveyard/entities/renders/LichRenderer.class; assets/graveyard/textures/entity/lich_texture.png; com/finallion/graveyard/entities/models/LichModel.class; com/finallion/graveyard/entities/LichEntity.class; assets/graveyard/animations/lich/lich.animation.json; com/finallion/graveyard/entities/renders/features/LichEyesFeatureRenderer.class; assets/graveyard/textures/entity/lich_eye_texture.png; output-gy/proveniencia.json,evidence-gy/graveyard-2.6.2 NeoForge 1.21.1.jar::data/graveyard/loot_table/entities/lich.json; evidence-gy/decompiled-full/com/finallion/graveyard/item/BoneStaffItem.java; evidence-gy/decompiled-full/com/finallion/graveyard/entities/GraveyardMinionEntity.java,Não há receita pertinente identificada no JAR; uso direto descrito na coluna Para que serve
Lich,The Graveyard,Chefe hostil invocado; combate em fases e minions,"Invocação no Altar: Vial of Blood com sangue≥0,8 (ou item da lista config, padrão debug stick); noite ou dimensão fixedTime, não Pacífico, altar ainda não bloody. Padrão exige frame de três staff fragments: lower/upper nas pontas, middle no centro, conforme getCompletedFramePattern. Remove fragments na área 16×16×2 e aplica Darkness 430 ticks ao invocador não criativo.",Loot de morte,graveyard:red_bone_staff,1–1,"pool 1: 1 sorteio(s), peso 1/5; com reposição se mais de um sorteio","Invoca Ghouling da cor/variante do cajado ao usar em bloco; vínculo dono/UUID impede outro minion existente desse cajado. Shift-use chama minion (busca até 100); uso normal seleciona alvo pela linha de visão até 100, com filtros de aliados. Comanda companhia/combate e transporte via caixão.",Alta nos arquivos versionados; configuração/datapacks externos não confirmados,/images/bestiary/audited/gy/lich-phase-1.png,assets/graveyard/geo/lich.geo.json; com/finallion/graveyard/entities/renders/LichRenderer.class; assets/graveyard/textures/entity/lich_texture.png; com/finallion/graveyard/entities/models/LichModel.class; com/finallion/graveyard/entities/LichEntity.class; assets/graveyard/animations/lich/lich.animation.json; com/finallion/graveyard/entities/renders/features/LichEyesFeatureRenderer.class; assets/graveyard/textures/entity/lich_eye_texture.png; output-gy/proveniencia.json,evidence-gy/graveyard-2.6.2 NeoForge 1.21.1.jar::data/graveyard/loot_table/entities/lich.json; evidence-gy/decompiled-full/com/finallion/graveyard/item/BoneStaffItem.java; evidence-gy/decompiled-full/com/finallion/graveyard/entities/GraveyardMinionEntity.java,Não há receita pertinente identificada no JAR; uso direto descrito na coluna Para que serve
Lich,The Graveyard,Chefe hostil invocado; combate em fases e minions,"Invocação no Altar: Vial of Blood com sangue≥0,8 (ou item da lista config, padrão debug stick); noite ou dimensão fixedTime, não Pacífico, altar ainda não bloody. Padrão exige frame de três staff fragments: lower/upper nas pontas, middle no centro, conforme getCompletedFramePattern. Remove fragments na área 16×16×2 e aplica Darkness 430 ticks ao invocador não criativo.",Loot de morte,graveyard:cyan_bone_staff,1–1,"pool 1: 1 sorteio(s), peso 1/5; com reposição se mais de um sorteio","Invoca Ghouling da cor/variante do cajado ao usar em bloco; vínculo dono/UUID impede outro minion existente desse cajado. Shift-use chama minion (busca até 100); uso normal seleciona alvo pela linha de visão até 100, com filtros de aliados. Comanda companhia/combate e transporte via caixão.",Alta nos arquivos versionados; configuração/datapacks externos não confirmados,/images/bestiary/audited/gy/lich-phase-1.png,assets/graveyard/geo/lich.geo.json; com/finallion/graveyard/entities/renders/LichRenderer.class; assets/graveyard/textures/entity/lich_texture.png; com/finallion/graveyard/entities/models/LichModel.class; com/finallion/graveyard/entities/LichEntity.class; assets/graveyard/animations/lich/lich.animation.json; com/finallion/graveyard/entities/renders/features/LichEyesFeatureRenderer.class; assets/graveyard/textures/entity/lich_eye_texture.png; output-gy/proveniencia.json,evidence-gy/graveyard-2.6.2 NeoForge 1.21.1.jar::data/graveyard/loot_table/entities/lich.json; evidence-gy/decompiled-full/com/finallion/graveyard/item/BoneStaffItem.java; evidence-gy/decompiled-full/com/finallion/graveyard/entities/GraveyardMinionEntity.java,Não há receita pertinente identificada no JAR; uso direto descrito na coluna Para que serve
Lich,The Graveyard,Chefe hostil invocado; combate em fases e minions,"Invocação no Altar: Vial of Blood com sangue≥0,8 (ou item da lista config, padrão debug stick); noite ou dimensão fixedTime, não Pacífico, altar ainda não bloody. Padrão exige frame de três staff fragments: lower/upper nas pontas, middle no centro, conforme getCompletedFramePattern. Remove fragments na área 16×16×2 e aplica Darkness 430 ticks ao invocador não criativo.",Loot de morte,graveyard:purple_bone_staff,1–1,"pool 1: 1 sorteio(s), peso 1/5; com reposição se mais de um sorteio","Invoca Ghouling da cor/variante do cajado ao usar em bloco; vínculo dono/UUID impede outro minion existente desse cajado. Shift-use chama minion (busca até 100); uso normal seleciona alvo pela linha de visão até 100, com filtros de aliados. Comanda companhia/combate e transporte via caixão.",Alta nos arquivos versionados; configuração/datapacks externos não confirmados,/images/bestiary/audited/gy/lich-phase-1.png,assets/graveyard/geo/lich.geo.json; com/finallion/graveyard/entities/renders/LichRenderer.class; assets/graveyard/textures/entity/lich_texture.png; com/finallion/graveyard/entities/models/LichModel.class; com/finallion/graveyard/entities/LichEntity.class; assets/graveyard/animations/lich/lich.animation.json; com/finallion/graveyard/entities/renders/features/LichEyesFeatureRenderer.class; assets/graveyard/textures/entity/lich_eye_texture.png; output-gy/proveniencia.json,evidence-gy/graveyard-2.6.2 NeoForge 1.21.1.jar::data/graveyard/loot_table/entities/lich.json; evidence-gy/decompiled-full/com/finallion/graveyard/item/BoneStaffItem.java; evidence-gy/decompiled-full/com/finallion/graveyard/entities/GraveyardMinionEntity.java,Não há receita pertinente identificada no JAR; uso direto descrito na coluna Para que serve
Skeleton Creeper,The Graveyard,Morto-vivo hostil; comportamento próprio da classe,Spawn modifier em tags cold/dense/dry/hot/sparse/wet; peso 25; configs de grupo/luz.,Loot de morte,minecraft:bone,0–2,"pool 1: 1 sorteio(s), peso 1/2; com reposição se mais de um sorteio; Saque minecraft:looting: bônus Math.round(nível × sorteio 0–1); limite sem limite explícito",Farinha de osso e domesticação de lobos,Alta nos arquivos versionados; configuração/datapacks externos não confirmados,/images/bestiary/audited/gy/skeleton-creeper.png,minecraft:net.minecraft.client.model.CreeperModel; com/finallion/graveyard/entities/renders/SkeletonCreeperRender.class; assets/graveyard/textures/entity/skeleton_creeper.png; com/finallion/graveyard/entities/renders/features/SkeletonCreeperEyes.class; assets/graveyard/textures/entity/skeleton_creeper_eyes.png; output-gy/proveniencia.json,evidence-gy/graveyard-2.6.2 NeoForge 1.21.1.jar::data/graveyard/loot_table/entities/skeleton_creeper.json,/bestiary/receitas/gy.html#receita-bone-dagger | [Receita bone_dagger](lote-8-mods-2026-10-06/gy-cards-2026-10-06.md#receita-bone-dagger) — evidence-gy/graveyard-2.6.2 NeoForge 1.21.1.jar::data/graveyard/recipe/bone_dagger.json; [Receita bone_remains_from_bone_carving](lote-8-mods-2026-10-06/gy-cards-2026-10-06.md#receita-bone-remains-from-bone-carving) — evidence-gy/graveyard-2.6.2 NeoForge 1.21.1.jar::data/graveyard/recipe/bone_remains_from_bone_carving.json; [Receita creeper_skeleton_from_bone_carving](lote-8-mods-2026-10-06/gy-cards-2026-10-06.md#receita-creeper-skeleton-from-bone-carving) — evidence-gy/graveyard-2.6.2 NeoForge 1.21.1.jar::data/graveyard/recipe/creeper_skeleton_from_bone_carving.json; [Receita hanged_skeleton_from_bone_carving](lote-8-mods-2026-10-06/gy-cards-2026-10-06.md#receita-hanged-skeleton-from-bone-carving) — evidence-gy/graveyard-2.6.2 NeoForge 1.21.1.jar::data/graveyard/recipe/hanged_skeleton_from_bone_carving.json; [Receita hanged_wither_skeleton_from_bone_carving](lote-8-mods-2026-10-06/gy-cards-2026-10-06.md#receita-hanged-wither-skeleton-from-bone-carving) — evidence-gy/graveyard-2.6.2 NeoForge 1.21.1.jar::data/graveyard/recipe/hanged_wither_skeleton_from_bone_carving.json; [Receita laterally_lying_skeleton_from_bone_carving](lote-8-mods-2026-10-06/gy-cards-2026-10-06.md#receita-laterally-lying-skeleton-from-bone-carving) — evidence-gy/graveyard-2.6.2 NeoForge 1.21.1.jar::data/graveyard/recipe/laterally_lying_skeleton_from_bone_carving.json; [Receita laterally_lying_wither_skeleton_from_bone_carving](lote-8-mods-2026-10-06/gy-cards-2026-10-06.md#receita-laterally-lying-wither-skeleton-from-bone-carving) — evidence-gy/graveyard-2.6.2 NeoForge 1.21.1.jar::data/graveyard/recipe/laterally_lying_wither_skeleton_from_bone_carving.json; [Receita leaning_skeleton_from_bone_carving](lote-8-mods-2026-10-06/gy-cards-2026-10-06.md#receita-leaning-skeleton-from-bone-carving) — evidence-gy/graveyard-2.6.2 NeoForge 1.21.1.jar::data/graveyard/recipe/leaning_skeleton_from_bone_carving.json; [Receita leaning_wither_skeleton_from_bone_carving](lote-8-mods-2026-10-06/gy-cards-2026-10-06.md#receita-leaning-wither-skeleton-from-bone-carving) — evidence-gy/graveyard-2.6.2 NeoForge 1.21.1.jar::data/graveyard/recipe/leaning_wither_skeleton_from_bone_carving.json; [Receita lying_skeleton_from_bone_carving](lote-8-mods-2026-10-06/gy-cards-2026-10-06.md#receita-lying-skeleton-from-bone-carving) — evidence-gy/graveyard-2.6.2 NeoForge 1.21.1.jar::data/graveyard/recipe/lying_skeleton_from_bone_carving.json; [Receita lying_wither_skeleton_from_bone_carving](lote-8-mods-2026-10-06/gy-cards-2026-10-06.md#receita-lying-wither-skeleton-from-bone-carving) — evidence-gy/graveyard-2.6.2 NeoForge 1.21.1.jar::data/graveyard/recipe/lying_wither_skeleton_from_bone_carving.json; [Receita ossuary](lote-8-mods-2026-10-06/gy-cards-2026-10-06.md#receita-ossuary) — evidence-gy/graveyard-2.6.2 NeoForge 1.21.1.jar::data/graveyard/recipe/ossuary.json; [Receita skeleton_hand_from_bone_carving](lote-8-mods-2026-10-06/gy-cards-2026-10-06.md#receita-skeleton-hand-from-bone-carving) — evidence-gy/graveyard-2.6.2 NeoForge 1.21.1.jar::data/graveyard/recipe/skeleton_hand_from_bone_carving.json; [Receita skull_on_pike_from_bone_carving](lote-8-mods-2026-10-06/gy-cards-2026-10-06.md#receita-skull-on-pike-from-bone-carving) — evidence-gy/graveyard-2.6.2 NeoForge 1.21.1.jar::data/graveyard/recipe/skull_on_pike_from_bone_carving.json; [Receita skull_pile_from_bone_carving](lote-8-mods-2026-10-06/gy-cards-2026-10-06.md#receita-skull-pile-from-bone-carving) — evidence-gy/graveyard-2.6.2 NeoForge 1.21.1.jar::data/graveyard/recipe/skull_pile_from_bone_carving.json; [Receita skull_with_rib_cage_bone_carving](lote-8-mods-2026-10-06/gy-cards-2026-10-06.md#receita-skull-with-rib-cage-bone-carving) — evidence-gy/graveyard-2.6.2 NeoForge 1.21.1.jar::data/graveyard/recipe/skull_with_rib_cage_bone_carving.json; [Receita torso_pile_from_bone_carving](lote-8-mods-2026-10-06/gy-cards-2026-10-06.md#receita-torso-pile-from-bone-carving) — evidence-gy/graveyard-2.6.2 NeoForge 1.21.1.jar::data/graveyard/recipe/torso_pile_from_bone_carving.json; [Receita wither_bone_remains_from_bone_carving](lote-8-mods-2026-10-06/gy-cards-2026-10-06.md#receita-wither-bone-remains-from-bone-carving) — evidence-gy/graveyard-2.6.2 NeoForge 1.21.1.jar::data/graveyard/recipe/wither_bone_remains_from_bone_carving.json; [Receita wither_skeleton_hand_from_bone_carving](lote-8-mods-2026-10-06/gy-cards-2026-10-06.md#receita-wither-skeleton-hand-from-bone-carving) — evidence-gy/graveyard-2.6.2 NeoForge 1.21.1.jar::data/graveyard/recipe/wither_skeleton_hand_from_bone_carving.json; [Receita wither_skull_on_pike_from_bone_carving](lote-8-mods-2026-10-06/gy-cards-2026-10-06.md#receita-wither-skull-on-pike-from-bone-carving) — evidence-gy/graveyard-2.6.2 NeoForge 1.21.1.jar::data/graveyard/recipe/wither_skull_on_pike_from_bone_carving.json; [Receita wither_skull_pile_from_bone_carving](lote-8-mods-2026-10-06/gy-cards-2026-10-06.md#receita-wither-skull-pile-from-bone-carving) — evidence-gy/graveyard-2.6.2 NeoForge 1.21.1.jar::data/graveyard/recipe/wither_skull_pile_from_bone_carving.json; [Receita wither_skull_with_rib_cage_bone_carving](lote-8-mods-2026-10-06/gy-cards-2026-10-06.md#receita-wither-skull-with-rib-cage-bone-carving) — evidence-gy/graveyard-2.6.2 NeoForge 1.21.1.jar::data/graveyard/recipe/wither_skull_with_rib_cage_bone_carving.json; [Receita wither_torso_pile_from_bone_carving](lote-8-mods-2026-10-06/gy-cards-2026-10-06.md#receita-wither-torso-pile-from-bone-carving) — evidence-gy/graveyard-2.6.2 NeoForge 1.21.1.jar::data/graveyard/recipe/wither_torso_pile_from_bone_carving.json
Skeleton Creeper,The Graveyard,Morto-vivo hostil; comportamento próprio da classe,Spawn modifier em tags cold/dense/dry/hot/sparse/wet; peso 25; configs de grupo/luz.,Loot de morte,graveyard:corruption,0–1,"pool 1: 1 sorteio(s), peso 1/2; com reposição se mais de um sorteio; Saque minecraft:looting: bônus Math.round(nível × sorteio 0–1); limite sem limite explícito",Moeda do Nameless Hanged (ofertas noturnas); ingrediente de Dark Iron Ingot/Ossuary conforme receitas. Não é XP nem apenas item decorativo.,Alta nos arquivos versionados; configuração/datapacks externos não confirmados,/images/bestiary/audited/gy/skeleton-creeper.png,minecraft:net.minecraft.client.model.CreeperModel; com/finallion/graveyard/entities/renders/SkeletonCreeperRender.class; assets/graveyard/textures/entity/skeleton_creeper.png; com/finallion/graveyard/entities/renders/features/SkeletonCreeperEyes.class; assets/graveyard/textures/entity/skeleton_creeper_eyes.png; output-gy/proveniencia.json,evidence-gy/graveyard-2.6.2 NeoForge 1.21.1.jar::data/graveyard/loot_table/entities/skeleton_creeper.json; evidence-gy/decompiled-full/com/finallion/graveyard/trades/NamelessHangedTradeOffers.java,/bestiary/receitas/gy.html#receita-dark-iron-ingot | [Receita dark_iron_ingot](lote-8-mods-2026-10-06/gy-cards-2026-10-06.md#receita-dark-iron-ingot) — evidence-gy/graveyard-2.6.2 NeoForge 1.21.1.jar::data/graveyard/recipe/dark_iron_ingot.json; [Receita ossuary](lote-8-mods-2026-10-06/gy-cards-2026-10-06.md#receita-ossuary) — evidence-gy/graveyard-2.6.2 NeoForge 1.21.1.jar::data/graveyard/recipe/ossuary.json
Skeleton Creeper,The Graveyard,Morto-vivo hostil; comportamento próprio da classe,Spawn modifier em tags cold/dense/dry/hot/sparse/wet; peso 25; configs de grupo/luz.,Loot de morte,#minecraft:creeper_drop_music_discs,1,"attacker satisfaz {""type"": ""#minecraft:skeletons""}; pool 2: 1 sorteio(s), peso 1/1; com reposição se mais de um sorteio",Discos para reprodução na jukebox,Alta nos arquivos versionados; configuração/datapacks externos não confirmados,/images/bestiary/audited/gy/skeleton-creeper.png,minecraft:net.minecraft.client.model.CreeperModel; com/finallion/graveyard/entities/renders/SkeletonCreeperRender.class; assets/graveyard/textures/entity/skeleton_creeper.png; com/finallion/graveyard/entities/renders/features/SkeletonCreeperEyes.class; assets/graveyard/textures/entity/skeleton_creeper_eyes.png; output-gy/proveniencia.json,evidence-gy/graveyard-2.6.2 NeoForge 1.21.1.jar::data/graveyard/loot_table/entities/skeleton_creeper.json,Não há receita pertinente identificada no JAR; uso direto descrito na coluna Para que serve
Skeleton Creeper,The Graveyard,Morto-vivo hostil; comportamento próprio da classe,Spawn modifier em tags cold/dense/dry/hot/sparse/wet; peso 25; configs de grupo/luz.,Herança Creeper: morte por carregado,minecraft:creeper_head,1,"Atacante Creeper carregado, diferente da vítima, pode produzir cabeça e contador<1; rotina super na entrada.","Decoração, cabeça vestível e som em Note Block",Alta nos arquivos versionados; configuração/datapacks externos não confirmados,/images/bestiary/audited/gy/skeleton-creeper.png,minecraft:net.minecraft.client.model.CreeperModel; com/finallion/graveyard/entities/renders/SkeletonCreeperRender.class; assets/graveyard/textures/entity/skeleton_creeper.png; com/finallion/graveyard/entities/renders/features/SkeletonCreeperEyes.class; assets/graveyard/textures/entity/skeleton_creeper_eyes.png; output-gy/proveniencia.json,evidence-gy/decompiled-full/com/finallion/graveyard/entities/SkeletonCreeper.java:dropCustomDeathLoot; evidence-vanilla-lote8/cjp.java,[Usos/receitas vanilla](https://minecraft.wiki/w/creeper_head#Crafting)
Skeleton Creeper,The Graveyard,Morto-vivo hostil; comportamento próprio da classe,Spawn modifier em tags cold/dense/dry/hot/sparse/wet; peso 25; configs de grupo/luz.,Código paralelo de morte,graveyard:creeper_skeleton,1,"Atacante Creeper diferente da vítima, isIgnited()=true e nextBoolean(): 50%. isIgnited é armação por ignição, não teste isPowered/carregado. Independente do contador de cabeças.",Bloco decorativo Creeper Skeleton; não trocar condição por charged Creeper,Alta nos arquivos versionados; configuração/datapacks externos não confirmados,/images/bestiary/audited/gy/skeleton-creeper.png,minecraft:net.minecraft.client.model.CreeperModel; com/finallion/graveyard/entities/renders/SkeletonCreeperRender.class; assets/graveyard/textures/entity/skeleton_creeper.png; com/finallion/graveyard/entities/renders/features/SkeletonCreeperEyes.class; assets/graveyard/textures/entity/skeleton_creeper_eyes.png; output-gy/proveniencia.json,evidence-gy/decompiled-full/com/finallion/graveyard/entities/SkeletonCreeper.java:dropCustomDeathLoot; evidence-gy/decompiled-full/com/finallion/graveyard/init/TGBlocks.java,/bestiary/receitas/gy.html#receita-creeper-skeleton-from-bone-carving | [Receita creeper_skeleton_from_bone_carving](lote-8-mods-2026-10-06/gy-cards-2026-10-06.md#receita-creeper-skeleton-from-bone-carving) — evidence-gy/graveyard-2.6.2 NeoForge 1.21.1.jar::data/graveyard/recipe/creeper_skeleton_from_bone_carving.json
Acolyte,The Graveyard,Morto-vivo hostil; comportamento próprio da classe,Spawners de Crypt; templates também Haunted House/Large Graveyard. Não confundir com spawn natural de bioma (flag padrão false).,Loot de morte,graveyard:corruption,1–1,"pool 1: 1 sorteio(s), peso 1/1; com reposição se mais de um sorteio; Saque minecraft:looting: bônus Math.round(nível × sorteio 0–1); limite sem limite explícito",Moeda do Nameless Hanged (ofertas noturnas); ingrediente de Dark Iron Ingot/Ossuary conforme receitas. Não é XP nem apenas item decorativo.,Alta nos arquivos versionados; configuração/datapacks externos não confirmados,/images/bestiary/audited/gy/acolyte.png,com/finallion/graveyard/entities/models/CorruptedIllagerModel.class; com/finallion/graveyard/entities/renders/AcolyteRender.class; assets/graveyard/textures/entity/acolyte.png; com/finallion/graveyard/entities/CorruptedIllager.class; com/finallion/graveyard/entities/renders/features/AcolyteEyes.class; assets/graveyard/textures/entity/acolyte_eyes.png; output-gy/proveniencia.json,evidence-gy/graveyard-2.6.2 NeoForge 1.21.1.jar::data/graveyard/loot_table/entities/acolyte.json; evidence-gy/decompiled-full/com/finallion/graveyard/trades/NamelessHangedTradeOffers.java,/bestiary/receitas/gy.html#receita-dark-iron-ingot | [Receita dark_iron_ingot](lote-8-mods-2026-10-06/gy-cards-2026-10-06.md#receita-dark-iron-ingot) — evidence-gy/graveyard-2.6.2 NeoForge 1.21.1.jar::data/graveyard/recipe/dark_iron_ingot.json; [Receita ossuary](lote-8-mods-2026-10-06/gy-cards-2026-10-06.md#receita-ossuary) — evidence-gy/graveyard-2.6.2 NeoForge 1.21.1.jar::data/graveyard/recipe/ossuary.json
Acolyte,The Graveyard,Morto-vivo hostil; comportamento próprio da classe,Spawners de Crypt; templates também Haunted House/Large Graveyard. Não confundir com spawn natural de bioma (flag padrão false).,Equipamento herdado na morte,graveyard:bone_dagger,1 por slot preenchido,"Somente item presente na morte, sem Vanishing; recentlyHit por jogador para chance comum; base Mob 8,5% +1 ponto percentual/nível de Saque do atacante jogador, salvo chance NBT/config alterada. Equipamento trocado/destruído não cai.",Arma/escudo/poção reutilizável; durabilidade/encantos do estado real; não pool garantido,Alta nos arquivos versionados; configuração/datapacks externos não confirmados,/images/bestiary/audited/gy/acolyte.png,com/finallion/graveyard/entities/models/CorruptedIllagerModel.class; com/finallion/graveyard/entities/renders/AcolyteRender.class; assets/graveyard/textures/entity/acolyte.png; com/finallion/graveyard/entities/CorruptedIllager.class; com/finallion/graveyard/entities/renders/features/AcolyteEyes.class; assets/graveyard/textures/entity/acolyte_eyes.png; output-gy/proveniencia.json,evidence-gy/decompiled-full/com/finallion/graveyard/entities/AcolyteEntity.java; evidence-vanilla-lote8/btp.java; evidence/minecraft-1.21.1-client.jar::data/minecraft/enchantment/looting.json,/bestiary/receitas/gy.html#receita-bone-dagger | [Receita bone_dagger](lote-8-mods-2026-10-06/gy-cards-2026-10-06.md#receita-bone-dagger) — evidence-gy/graveyard-2.6.2 NeoForge 1.21.1.jar::data/graveyard/recipe/bone_dagger.json
Reaper,The Graveyard,Morto-vivo hostil; comportamento próprio da classe,"Spawn modifier #c:is_spooky, peso 10; configs próprias de spawn.",Loot de morte,minecraft:soul_sand,1–1,"pool 1: 1 sorteio(s), peso 1/2; com reposição se mais de um sorteio; Saque minecraft:looting: bônus Math.round(nível × sorteio 0–1); limite sem limite explícito",Cultivo de Nether Wart e construção,Alta nos arquivos versionados; configuração/datapacks externos não confirmados,/images/bestiary/audited/gy/reaper.png,assets/graveyard/geo/reaper.geo.json; com/finallion/graveyard/entities/renders/ReaperRenderer.class; assets/graveyard/textures/entity/reaper.png; com/finallion/graveyard/entities/models/ReaperModel.class; com/finallion/graveyard/entities/ReaperEntity.class; assets/graveyard/animations/reaper/reaper.animation.json; com/finallion/graveyard/entities/renders/features/ReaperEyesFeatureRenderer.class; assets/graveyard/textures/entity/reaper_eyes.png; output-gy/proveniencia.json,evidence-gy/graveyard-2.6.2 NeoForge 1.21.1.jar::data/graveyard/loot_table/entities/reaper.json,[Usos/receitas vanilla](https://minecraft.wiki/w/soul_sand#Crafting)
Reaper,The Graveyard,Morto-vivo hostil; comportamento próprio da classe,"Spawn modifier #c:is_spooky, peso 10; configs próprias de spawn.",Loot de morte,graveyard:corruption,0–1,"pool 1: 1 sorteio(s), peso 1/2; com reposição se mais de um sorteio; Saque minecraft:looting: bônus Math.round(nível × sorteio 0–1); limite sem limite explícito",Moeda do Nameless Hanged (ofertas noturnas); ingrediente de Dark Iron Ingot/Ossuary conforme receitas. Não é XP nem apenas item decorativo.,Alta nos arquivos versionados; configuração/datapacks externos não confirmados,/images/bestiary/audited/gy/reaper.png,assets/graveyard/geo/reaper.geo.json; com/finallion/graveyard/entities/renders/ReaperRenderer.class; assets/graveyard/textures/entity/reaper.png; com/finallion/graveyard/entities/models/ReaperModel.class; com/finallion/graveyard/entities/ReaperEntity.class; assets/graveyard/animations/reaper/reaper.animation.json; com/finallion/graveyard/entities/renders/features/ReaperEyesFeatureRenderer.class; assets/graveyard/textures/entity/reaper_eyes.png; output-gy/proveniencia.json,evidence-gy/graveyard-2.6.2 NeoForge 1.21.1.jar::data/graveyard/loot_table/entities/reaper.json; evidence-gy/decompiled-full/com/finallion/graveyard/trades/NamelessHangedTradeOffers.java,/bestiary/receitas/gy.html#receita-dark-iron-ingot | [Receita dark_iron_ingot](lote-8-mods-2026-10-06/gy-cards-2026-10-06.md#receita-dark-iron-ingot) — evidence-gy/graveyard-2.6.2 NeoForge 1.21.1.jar::data/graveyard/recipe/dark_iron_ingot.json; [Receita ossuary](lote-8-mods-2026-10-06/gy-cards-2026-10-06.md#receita-ossuary) — evidence-gy/graveyard-2.6.2 NeoForge 1.21.1.jar::data/graveyard/recipe/ossuary.json
Reaper,The Graveyard,Morto-vivo hostil; comportamento próprio da classe,"Spawn modifier #c:is_spooky, peso 10; configs próprias de spawn.",Loot de morte,minecraft:bone,1,"morte atribuída ao jogador; sem Saque 2.5%; Saque I 3.5%, +1 p.p./nível acima de I; pool 2: 1 sorteio(s), peso 1/1; com reposição se mais de um sorteio",Farinha de osso e domesticação de lobos,Alta nos arquivos versionados; configuração/datapacks externos não confirmados,/images/bestiary/audited/gy/reaper.png,assets/graveyard/geo/reaper.geo.json; com/finallion/graveyard/entities/renders/ReaperRenderer.class; assets/graveyard/textures/entity/reaper.png; com/finallion/graveyard/entities/models/ReaperModel.class; com/finallion/graveyard/entities/ReaperEntity.class; assets/graveyard/animations/reaper/reaper.animation.json; com/finallion/graveyard/entities/renders/features/ReaperEyesFeatureRenderer.class; assets/graveyard/textures/entity/reaper_eyes.png; output-gy/proveniencia.json,evidence-gy/graveyard-2.6.2 NeoForge 1.21.1.jar::data/graveyard/loot_table/entities/reaper.json,/bestiary/receitas/gy.html#receita-bone-dagger | [Receita bone_dagger](lote-8-mods-2026-10-06/gy-cards-2026-10-06.md#receita-bone-dagger) — evidence-gy/graveyard-2.6.2 NeoForge 1.21.1.jar::data/graveyard/recipe/bone_dagger.json; [Receita bone_remains_from_bone_carving](lote-8-mods-2026-10-06/gy-cards-2026-10-06.md#receita-bone-remains-from-bone-carving) — evidence-gy/graveyard-2.6.2 NeoForge 1.21.1.jar::data/graveyard/recipe/bone_remains_from_bone_carving.json; [Receita creeper_skeleton_from_bone_carving](lote-8-mods-2026-10-06/gy-cards-2026-10-06.md#receita-creeper-skeleton-from-bone-carving) — evidence-gy/graveyard-2.6.2 NeoForge 1.21.1.jar::data/graveyard/recipe/creeper_skeleton_from_bone_carving.json; [Receita hanged_skeleton_from_bone_carving](lote-8-mods-2026-10-06/gy-cards-2026-10-06.md#receita-hanged-skeleton-from-bone-carving) — evidence-gy/graveyard-2.6.2 NeoForge 1.21.1.jar::data/graveyard/recipe/hanged_skeleton_from_bone_carving.json; [Receita hanged_wither_skeleton_from_bone_carving](lote-8-mods-2026-10-06/gy-cards-2026-10-06.md#receita-hanged-wither-skeleton-from-bone-carving) — evidence-gy/graveyard-2.6.2 NeoForge 1.21.1.jar::data/graveyard/recipe/hanged_wither_skeleton_from_bone_carving.json; [Receita laterally_lying_skeleton_from_bone_carving](lote-8-mods-2026-10-06/gy-cards-2026-10-06.md#receita-laterally-lying-skeleton-from-bone-carving) — evidence-gy/graveyard-2.6.2 NeoForge 1.21.1.jar::data/graveyard/recipe/laterally_lying_skeleton_from_bone_carving.json; [Receita laterally_lying_wither_skeleton_from_bone_carving](lote-8-mods-2026-10-06/gy-cards-2026-10-06.md#receita-laterally-lying-wither-skeleton-from-bone-carving) — evidence-gy/graveyard-2.6.2 NeoForge 1.21.1.jar::data/graveyard/recipe/laterally_lying_wither_skeleton_from_bone_carving.json; [Receita leaning_skeleton_from_bone_carving](lote-8-mods-2026-10-06/gy-cards-2026-10-06.md#receita-leaning-skeleton-from-bone-carving) — evidence-gy/graveyard-2.6.2 NeoForge 1.21.1.jar::data/graveyard/recipe/leaning_skeleton_from_bone_carving.json; [Receita leaning_wither_skeleton_from_bone_carving](lote-8-mods-2026-10-06/gy-cards-2026-10-06.md#receita-leaning-wither-skeleton-from-bone-carving) — evidence-gy/graveyard-2.6.2 NeoForge 1.21.1.jar::data/graveyard/recipe/leaning_wither_skeleton_from_bone_carving.json; [Receita lying_skeleton_from_bone_carving](lote-8-mods-2026-10-06/gy-cards-2026-10-06.md#receita-lying-skeleton-from-bone-carving) — evidence-gy/graveyard-2.6.2 NeoForge 1.21.1.jar::data/graveyard/recipe/lying_skeleton_from_bone_carving.json; [Receita lying_wither_skeleton_from_bone_carving](lote-8-mods-2026-10-06/gy-cards-2026-10-06.md#receita-lying-wither-skeleton-from-bone-carving) — evidence-gy/graveyard-2.6.2 NeoForge 1.21.1.jar::data/graveyard/recipe/lying_wither_skeleton_from_bone_carving.json; [Receita ossuary](lote-8-mods-2026-10-06/gy-cards-2026-10-06.md#receita-ossuary) — evidence-gy/graveyard-2.6.2 NeoForge 1.21.1.jar::data/graveyard/recipe/ossuary.json; [Receita skeleton_hand_from_bone_carving](lote-8-mods-2026-10-06/gy-cards-2026-10-06.md#receita-skeleton-hand-from-bone-carving) — evidence-gy/graveyard-2.6.2 NeoForge 1.21.1.jar::data/graveyard/recipe/skeleton_hand_from_bone_carving.json; [Receita skull_on_pike_from_bone_carving](lote-8-mods-2026-10-06/gy-cards-2026-10-06.md#receita-skull-on-pike-from-bone-carving) — evidence-gy/graveyard-2.6.2 NeoForge 1.21.1.jar::data/graveyard/recipe/skull_on_pike_from_bone_carving.json; [Receita skull_pile_from_bone_carving](lote-8-mods-2026-10-06/gy-cards-2026-10-06.md#receita-skull-pile-from-bone-carving) — evidence-gy/graveyard-2.6.2 NeoForge 1.21.1.jar::data/graveyard/recipe/skull_pile_from_bone_carving.json; [Receita skull_with_rib_cage_bone_carving](lote-8-mods-2026-10-06/gy-cards-2026-10-06.md#receita-skull-with-rib-cage-bone-carving) — evidence-gy/graveyard-2.6.2 NeoForge 1.21.1.jar::data/graveyard/recipe/skull_with_rib_cage_bone_carving.json; [Receita torso_pile_from_bone_carving](lote-8-mods-2026-10-06/gy-cards-2026-10-06.md#receita-torso-pile-from-bone-carving) — evidence-gy/graveyard-2.6.2 NeoForge 1.21.1.jar::data/graveyard/recipe/torso_pile_from_bone_carving.json; [Receita wither_bone_remains_from_bone_carving](lote-8-mods-2026-10-06/gy-cards-2026-10-06.md#receita-wither-bone-remains-from-bone-carving) — evidence-gy/graveyard-2.6.2 NeoForge 1.21.1.jar::data/graveyard/recipe/wither_bone_remains_from_bone_carving.json; [Receita wither_skeleton_hand_from_bone_carving](lote-8-mods-2026-10-06/gy-cards-2026-10-06.md#receita-wither-skeleton-hand-from-bone-carving) — evidence-gy/graveyard-2.6.2 NeoForge 1.21.1.jar::data/graveyard/recipe/wither_skeleton_hand_from_bone_carving.json; [Receita wither_skull_on_pike_from_bone_carving](lote-8-mods-2026-10-06/gy-cards-2026-10-06.md#receita-wither-skull-on-pike-from-bone-carving) — evidence-gy/graveyard-2.6.2 NeoForge 1.21.1.jar::data/graveyard/recipe/wither_skull_on_pike_from_bone_carving.json; [Receita wither_skull_pile_from_bone_carving](lote-8-mods-2026-10-06/gy-cards-2026-10-06.md#receita-wither-skull-pile-from-bone-carving) — evidence-gy/graveyard-2.6.2 NeoForge 1.21.1.jar::data/graveyard/recipe/wither_skull_pile_from_bone_carving.json; [Receita wither_skull_with_rib_cage_bone_carving](lote-8-mods-2026-10-06/gy-cards-2026-10-06.md#receita-wither-skull-with-rib-cage-bone-carving) — evidence-gy/graveyard-2.6.2 NeoForge 1.21.1.jar::data/graveyard/recipe/wither_skull_with_rib_cage_bone_carving.json; [Receita wither_torso_pile_from_bone_carving](lote-8-mods-2026-10-06/gy-cards-2026-10-06.md#receita-wither-torso-pile-from-bone-carving) — evidence-gy/graveyard-2.6.2 NeoForge 1.21.1.jar::data/graveyard/recipe/wither_torso_pile_from_bone_carving.json
Ghoul,The Graveyard,Morto-vivo hostil; comportamento próprio da classe,"Spawn modifier: #c:is_tree/coniferous, #c:is_dense_vegetation/overworld, #c:is_swamp; peso 25, configs de grupo/luz. Também invocado pelo Lich.",Loot de morte,minecraft:rotten_flesh,1–2,"pool 1: 1 sorteio(s), peso 1/2; com reposição se mais de um sorteio; Saque minecraft:looting: bônus Math.round(nível × sorteio 0–1); limite sem limite explícito",Comida com risco de Hunger; comércio vanilla com cleric e alimento de lobos. Não foi atribuído papel de cura de aldeão zumbi.,Alta nos arquivos versionados; configuração/datapacks externos não confirmados,/images/bestiary/audited/gy/ghoul-1.png,assets/graveyard/geo/ghoul.geo.json; com/finallion/graveyard/entities/renders/GhoulRenderer.class; assets/graveyard/textures/entity/ghoul_skin1.png; com/finallion/graveyard/entities/models/BaseGhoulModel.class; com/finallion/graveyard/entities/GhoulEntity.class; assets/graveyard/animations/ghoul/ghoul.animation.json; output-gy/proveniencia.json,evidence-gy/graveyard-2.6.2 NeoForge 1.21.1.jar::data/graveyard/loot_table/entities/ghoul.json; evidence-gy/decompiled-full/com/finallion/graveyard/entities/GhoulEntity.java,[Usos/receitas vanilla](https://minecraft.wiki/w/rotten_flesh#Crafting)
Ghoul,The Graveyard,Morto-vivo hostil; comportamento próprio da classe,"Spawn modifier: #c:is_tree/coniferous, #c:is_dense_vegetation/overworld, #c:is_swamp; peso 25, configs de grupo/luz. Também invocado pelo Lich.",Loot de morte,graveyard:corruption,0–1,"pool 1: 1 sorteio(s), peso 1/2; com reposição se mais de um sorteio; Saque minecraft:looting: bônus Math.round(nível × sorteio 0–1); limite sem limite explícito",Moeda do Nameless Hanged (ofertas noturnas); ingrediente de Dark Iron Ingot/Ossuary conforme receitas. Não é XP nem apenas item decorativo.,Alta nos arquivos versionados; configuração/datapacks externos não confirmados,/images/bestiary/audited/gy/ghoul-1.png,assets/graveyard/geo/ghoul.geo.json; com/finallion/graveyard/entities/renders/GhoulRenderer.class; assets/graveyard/textures/entity/ghoul_skin1.png; com/finallion/graveyard/entities/models/BaseGhoulModel.class; com/finallion/graveyard/entities/GhoulEntity.class; assets/graveyard/animations/ghoul/ghoul.animation.json; output-gy/proveniencia.json,evidence-gy/graveyard-2.6.2 NeoForge 1.21.1.jar::data/graveyard/loot_table/entities/ghoul.json; evidence-gy/decompiled-full/com/finallion/graveyard/trades/NamelessHangedTradeOffers.java,/bestiary/receitas/gy.html#receita-dark-iron-ingot | [Receita dark_iron_ingot](lote-8-mods-2026-10-06/gy-cards-2026-10-06.md#receita-dark-iron-ingot) — evidence-gy/graveyard-2.6.2 NeoForge 1.21.1.jar::data/graveyard/recipe/dark_iron_ingot.json; [Receita ossuary](lote-8-mods-2026-10-06/gy-cards-2026-10-06.md#receita-ossuary) — evidence-gy/graveyard-2.6.2 NeoForge 1.21.1.jar::data/graveyard/recipe/ossuary.json
Ghoul,The Graveyard,Morto-vivo hostil; comportamento próprio da classe,"Spawn modifier: #c:is_tree/coniferous, #c:is_dense_vegetation/overworld, #c:is_swamp; peso 25, configs de grupo/luz. Também invocado pelo Lich.",Loot de morte,minecraft:bone,1,"morte atribuída ao jogador; sem Saque 2.5%; Saque I 3.5%, +1 p.p./nível acima de I; pool 2: 1 sorteio(s), peso 1/1; com reposição se mais de um sorteio",Farinha de osso e domesticação de lobos,Alta nos arquivos versionados; configuração/datapacks externos não confirmados,/images/bestiary/audited/gy/ghoul-1.png,assets/graveyard/geo/ghoul.geo.json; com/finallion/graveyard/entities/renders/GhoulRenderer.class; assets/graveyard/textures/entity/ghoul_skin1.png; com/finallion/graveyard/entities/models/BaseGhoulModel.class; com/finallion/graveyard/entities/GhoulEntity.class; assets/graveyard/animations/ghoul/ghoul.animation.json; output-gy/proveniencia.json,evidence-gy/graveyard-2.6.2 NeoForge 1.21.1.jar::data/graveyard/loot_table/entities/ghoul.json,/bestiary/receitas/gy.html#receita-bone-dagger | [Receita bone_dagger](lote-8-mods-2026-10-06/gy-cards-2026-10-06.md#receita-bone-dagger) — evidence-gy/graveyard-2.6.2 NeoForge 1.21.1.jar::data/graveyard/recipe/bone_dagger.json; [Receita bone_remains_from_bone_carving](lote-8-mods-2026-10-06/gy-cards-2026-10-06.md#receita-bone-remains-from-bone-carving) — evidence-gy/graveyard-2.6.2 NeoForge 1.21.1.jar::data/graveyard/recipe/bone_remains_from_bone_carving.json; [Receita creeper_skeleton_from_bone_carving](lote-8-mods-2026-10-06/gy-cards-2026-10-06.md#receita-creeper-skeleton-from-bone-carving) — evidence-gy/graveyard-2.6.2 NeoForge 1.21.1.jar::data/graveyard/recipe/creeper_skeleton_from_bone_carving.json; [Receita hanged_skeleton_from_bone_carving](lote-8-mods-2026-10-06/gy-cards-2026-10-06.md#receita-hanged-skeleton-from-bone-carving) — evidence-gy/graveyard-2.6.2 NeoForge 1.21.1.jar::data/graveyard/recipe/hanged_skeleton_from_bone_carving.json; [Receita hanged_wither_skeleton_from_bone_carving](lote-8-mods-2026-10-06/gy-cards-2026-10-06.md#receita-hanged-wither-skeleton-from-bone-carving) — evidence-gy/graveyard-2.6.2 NeoForge 1.21.1.jar::data/graveyard/recipe/hanged_wither_skeleton_from_bone_carving.json; [Receita laterally_lying_skeleton_from_bone_carving](lote-8-mods-2026-10-06/gy-cards-2026-10-06.md#receita-laterally-lying-skeleton-from-bone-carving) — evidence-gy/graveyard-2.6.2 NeoForge 1.21.1.jar::data/graveyard/recipe/laterally_lying_skeleton_from_bone_carving.json; [Receita laterally_lying_wither_skeleton_from_bone_carving](lote-8-mods-2026-10-06/gy-cards-2026-10-06.md#receita-laterally-lying-wither-skeleton-from-bone-carving) — evidence-gy/graveyard-2.6.2 NeoForge 1.21.1.jar::data/graveyard/recipe/laterally_lying_wither_skeleton_from_bone_carving.json; [Receita leaning_skeleton_from_bone_carving](lote-8-mods-2026-10-06/gy-cards-2026-10-06.md#receita-leaning-skeleton-from-bone-carving) — evidence-gy/graveyard-2.6.2 NeoForge 1.21.1.jar::data/graveyard/recipe/leaning_skeleton_from_bone_carving.json; [Receita leaning_wither_skeleton_from_bone_carving](lote-8-mods-2026-10-06/gy-cards-2026-10-06.md#receita-leaning-wither-skeleton-from-bone-carving) — evidence-gy/graveyard-2.6.2 NeoForge 1.21.1.jar::data/graveyard/recipe/leaning_wither_skeleton_from_bone_carving.json; [Receita lying_skeleton_from_bone_carving](lote-8-mods-2026-10-06/gy-cards-2026-10-06.md#receita-lying-skeleton-from-bone-carving) — evidence-gy/graveyard-2.6.2 NeoForge 1.21.1.jar::data/graveyard/recipe/lying_skeleton_from_bone_carving.json; [Receita lying_wither_skeleton_from_bone_carving](lote-8-mods-2026-10-06/gy-cards-2026-10-06.md#receita-lying-wither-skeleton-from-bone-carving) — evidence-gy/graveyard-2.6.2 NeoForge 1.21.1.jar::data/graveyard/recipe/lying_wither_skeleton_from_bone_carving.json; [Receita ossuary](lote-8-mods-2026-10-06/gy-cards-2026-10-06.md#receita-ossuary) — evidence-gy/graveyard-2.6.2 NeoForge 1.21.1.jar::data/graveyard/recipe/ossuary.json; [Receita skeleton_hand_from_bone_carving](lote-8-mods-2026-10-06/gy-cards-2026-10-06.md#receita-skeleton-hand-from-bone-carving) — evidence-gy/graveyard-2.6.2 NeoForge 1.21.1.jar::data/graveyard/recipe/skeleton_hand_from_bone_carving.json; [Receita skull_on_pike_from_bone_carving](lote-8-mods-2026-10-06/gy-cards-2026-10-06.md#receita-skull-on-pike-from-bone-carving) — evidence-gy/graveyard-2.6.2 NeoForge 1.21.1.jar::data/graveyard/recipe/skull_on_pike_from_bone_carving.json; [Receita skull_pile_from_bone_carving](lote-8-mods-2026-10-06/gy-cards-2026-10-06.md#receita-skull-pile-from-bone-carving) — evidence-gy/graveyard-2.6.2 NeoForge 1.21.1.jar::data/graveyard/recipe/skull_pile_from_bone_carving.json; [Receita skull_with_rib_cage_bone_carving](lote-8-mods-2026-10-06/gy-cards-2026-10-06.md#receita-skull-with-rib-cage-bone-carving) — evidence-gy/graveyard-2.6.2 NeoForge 1.21.1.jar::data/graveyard/recipe/skull_with_rib_cage_bone_carving.json; [Receita torso_pile_from_bone_carving](lote-8-mods-2026-10-06/gy-cards-2026-10-06.md#receita-torso-pile-from-bone-carving) — evidence-gy/graveyard-2.6.2 NeoForge 1.21.1.jar::data/graveyard/recipe/torso_pile_from_bone_carving.json; [Receita wither_bone_remains_from_bone_carving](lote-8-mods-2026-10-06/gy-cards-2026-10-06.md#receita-wither-bone-remains-from-bone-carving) — evidence-gy/graveyard-2.6.2 NeoForge 1.21.1.jar::data/graveyard/recipe/wither_bone_remains_from_bone_carving.json; [Receita wither_skeleton_hand_from_bone_carving](lote-8-mods-2026-10-06/gy-cards-2026-10-06.md#receita-wither-skeleton-hand-from-bone-carving) — evidence-gy/graveyard-2.6.2 NeoForge 1.21.1.jar::data/graveyard/recipe/wither_skeleton_hand_from_bone_carving.json; [Receita wither_skull_on_pike_from_bone_carving](lote-8-mods-2026-10-06/gy-cards-2026-10-06.md#receita-wither-skull-on-pike-from-bone-carving) — evidence-gy/graveyard-2.6.2 NeoForge 1.21.1.jar::data/graveyard/recipe/wither_skull_on_pike_from_bone_carving.json; [Receita wither_skull_pile_from_bone_carving](lote-8-mods-2026-10-06/gy-cards-2026-10-06.md#receita-wither-skull-pile-from-bone-carving) — evidence-gy/graveyard-2.6.2 NeoForge 1.21.1.jar::data/graveyard/recipe/wither_skull_pile_from_bone_carving.json; [Receita wither_skull_with_rib_cage_bone_carving](lote-8-mods-2026-10-06/gy-cards-2026-10-06.md#receita-wither-skull-with-rib-cage-bone-carving) — evidence-gy/graveyard-2.6.2 NeoForge 1.21.1.jar::data/graveyard/recipe/wither_skull_with_rib_cage_bone_carving.json; [Receita wither_torso_pile_from_bone_carving](lote-8-mods-2026-10-06/gy-cards-2026-10-06.md#receita-wither-torso-pile-from-bone-carving) — evidence-gy/graveyard-2.6.2 NeoForge 1.21.1.jar::data/graveyard/recipe/wither_torso_pile_from_bone_carving.json
Nightmare,The Graveyard,Morto-vivo hostil; comportamento próprio da classe,Spawn modifier em plains/snowy/sandy/wasteland/dry overworld/swamp; peso 10; configs.,Loot de morte,graveyard:corruption,1–3,"pool 1: 1 sorteio(s), peso 1/1; com reposição se mais de um sorteio; Saque minecraft:looting: bônus Math.round(nível × sorteio 0–1); limite sem limite explícito",Moeda do Nameless Hanged (ofertas noturnas); ingrediente de Dark Iron Ingot/Ossuary conforme receitas. Não é XP nem apenas item decorativo.,Alta nos arquivos versionados; configuração/datapacks externos não confirmados,/images/bestiary/audited/gy/nightmare.png,assets/graveyard/geo/nightmare.geo.json; com/finallion/graveyard/entities/renders/NightmareRenderer.class; assets/graveyard/textures/entity/nightmare.png; com/finallion/graveyard/entities/models/NightmareModel.class; com/finallion/graveyard/entities/NightmareEntity.class; assets/graveyard/animations/nightmare/nightmare.animation.json; output-gy/proveniencia.json,evidence-gy/graveyard-2.6.2 NeoForge 1.21.1.jar::data/graveyard/loot_table/entities/nightmare.json; evidence-gy/decompiled-full/com/finallion/graveyard/trades/NamelessHangedTradeOffers.java,/bestiary/receitas/gy.html#receita-dark-iron-ingot | [Receita dark_iron_ingot](lote-8-mods-2026-10-06/gy-cards-2026-10-06.md#receita-dark-iron-ingot) — evidence-gy/graveyard-2.6.2 NeoForge 1.21.1.jar::data/graveyard/recipe/dark_iron_ingot.json; [Receita ossuary](lote-8-mods-2026-10-06/gy-cards-2026-10-06.md#receita-ossuary) — evidence-gy/graveyard-2.6.2 NeoForge 1.21.1.jar::data/graveyard/recipe/ossuary.json
Nightmare,The Graveyard,Morto-vivo hostil; comportamento próprio da classe,Spawn modifier em plains/snowy/sandy/wasteland/dry overworld/swamp; peso 10; configs.,Golpe/teleporte,Blindness e perseguição,Blindness I 100 ticks,Ataque/goal específico; teleporte próprio com evento NeoForge.,"Risco de combate, não drop",Alta nos arquivos versionados; configuração/datapacks externos não confirmados,/images/bestiary/audited/gy/nightmare.png,assets/graveyard/geo/nightmare.geo.json; com/finallion/graveyard/entities/renders/NightmareRenderer.class; assets/graveyard/textures/entity/nightmare.png; com/finallion/graveyard/entities/models/NightmareModel.class; com/finallion/graveyard/entities/NightmareEntity.class; assets/graveyard/animations/nightmare/nightmare.animation.json; output-gy/proveniencia.json,evidence-gy/decompiled-full/com/finallion/graveyard/entities/NightmareEntity.java,Não aplicável
Revenant,The Graveyard,Morto-vivo hostil; comportamento próprio da classe,Spawn modifier: biomas frios/neve e snowy_taiga; peso 25; também invocado pelo Lich.,Loot de morte,minecraft:bone,0–2,"pool 1: 1 sorteio(s), peso 1/2; com reposição se mais de um sorteio; Saque minecraft:looting: bônus Math.round(nível × sorteio 0–1); limite sem limite explícito",Farinha de osso e domesticação de lobos,Alta nos arquivos versionados; configuração/datapacks externos não confirmados,/images/bestiary/audited/gy/revenant.png,assets/graveyard/geo/revenant.geo.json; com/finallion/graveyard/entities/renders/RevenantRenderer.class; assets/graveyard/textures/entity/revenant.png; com/finallion/graveyard/entities/models/RevenantModel.class; com/finallion/graveyard/entities/RevenantEntity.class; assets/graveyard/animations/revenant/revenant.animation.json; com/finallion/graveyard/entities/renders/features/RevenantEyesFeatureRenderer.class; assets/graveyard/textures/entity/revenant_eyes.png; output-gy/proveniencia.json,evidence-gy/graveyard-2.6.2 NeoForge 1.21.1.jar::data/graveyard/loot_table/entities/revenant.json,/bestiary/receitas/gy.html#receita-bone-dagger | [Receita bone_dagger](lote-8-mods-2026-10-06/gy-cards-2026-10-06.md#receita-bone-dagger) — evidence-gy/graveyard-2.6.2 NeoForge 1.21.1.jar::data/graveyard/recipe/bone_dagger.json; [Receita bone_remains_from_bone_carving](lote-8-mods-2026-10-06/gy-cards-2026-10-06.md#receita-bone-remains-from-bone-carving) — evidence-gy/graveyard-2.6.2 NeoForge 1.21.1.jar::data/graveyard/recipe/bone_remains_from_bone_carving.json; [Receita creeper_skeleton_from_bone_carving](lote-8-mods-2026-10-06/gy-cards-2026-10-06.md#receita-creeper-skeleton-from-bone-carving) — evidence-gy/graveyard-2.6.2 NeoForge 1.21.1.jar::data/graveyard/recipe/creeper_skeleton_from_bone_carving.json; [Receita hanged_skeleton_from_bone_carving](lote-8-mods-2026-10-06/gy-cards-2026-10-06.md#receita-hanged-skeleton-from-bone-carving) — evidence-gy/graveyard-2.6.2 NeoForge 1.21.1.jar::data/graveyard/recipe/hanged_skeleton_from_bone_carving.json; [Receita hanged_wither_skeleton_from_bone_carving](lote-8-mods-2026-10-06/gy-cards-2026-10-06.md#receita-hanged-wither-skeleton-from-bone-carving) — evidence-gy/graveyard-2.6.2 NeoForge 1.21.1.jar::data/graveyard/recipe/hanged_wither_skeleton_from_bone_carving.json; [Receita laterally_lying_skeleton_from_bone_carving](lote-8-mods-2026-10-06/gy-cards-2026-10-06.md#receita-laterally-lying-skeleton-from-bone-carving) — evidence-gy/graveyard-2.6.2 NeoForge 1.21.1.jar::data/graveyard/recipe/laterally_lying_skeleton_from_bone_carving.json; [Receita laterally_lying_wither_skeleton_from_bone_carving](lote-8-mods-2026-10-06/gy-cards-2026-10-06.md#receita-laterally-lying-wither-skeleton-from-bone-carving) — evidence-gy/graveyard-2.6.2 NeoForge 1.21.1.jar::data/graveyard/recipe/laterally_lying_wither_skeleton_from_bone_carving.json; [Receita leaning_skeleton_from_bone_carving](lote-8-mods-2026-10-06/gy-cards-2026-10-06.md#receita-leaning-skeleton-from-bone-carving) — evidence-gy/graveyard-2.6.2 NeoForge 1.21.1.jar::data/graveyard/recipe/leaning_skeleton_from_bone_carving.json; [Receita leaning_wither_skeleton_from_bone_carving](lote-8-mods-2026-10-06/gy-cards-2026-10-06.md#receita-leaning-wither-skeleton-from-bone-carving) — evidence-gy/graveyard-2.6.2 NeoForge 1.21.1.jar::data/graveyard/recipe/leaning_wither_skeleton_from_bone_carving.json; [Receita lying_skeleton_from_bone_carving](lote-8-mods-2026-10-06/gy-cards-2026-10-06.md#receita-lying-skeleton-from-bone-carving) — evidence-gy/graveyard-2.6.2 NeoForge 1.21.1.jar::data/graveyard/recipe/lying_skeleton_from_bone_carving.json; [Receita lying_wither_skeleton_from_bone_carving](lote-8-mods-2026-10-06/gy-cards-2026-10-06.md#receita-lying-wither-skeleton-from-bone-carving) — evidence-gy/graveyard-2.6.2 NeoForge 1.21.1.jar::data/graveyard/recipe/lying_wither_skeleton_from_bone_carving.json; [Receita ossuary](lote-8-mods-2026-10-06/gy-cards-2026-10-06.md#receita-ossuary) — evidence-gy/graveyard-2.6.2 NeoForge 1.21.1.jar::data/graveyard/recipe/ossuary.json; [Receita skeleton_hand_from_bone_carving](lote-8-mods-2026-10-06/gy-cards-2026-10-06.md#receita-skeleton-hand-from-bone-carving) — evidence-gy/graveyard-2.6.2 NeoForge 1.21.1.jar::data/graveyard/recipe/skeleton_hand_from_bone_carving.json; [Receita skull_on_pike_from_bone_carving](lote-8-mods-2026-10-06/gy-cards-2026-10-06.md#receita-skull-on-pike-from-bone-carving) — evidence-gy/graveyard-2.6.2 NeoForge 1.21.1.jar::data/graveyard/recipe/skull_on_pike_from_bone_carving.json; [Receita skull_pile_from_bone_carving](lote-8-mods-2026-10-06/gy-cards-2026-10-06.md#receita-skull-pile-from-bone-carving) — evidence-gy/graveyard-2.6.2 NeoForge 1.21.1.jar::data/graveyard/recipe/skull_pile_from_bone_carving.json; [Receita skull_with_rib_cage_bone_carving](lote-8-mods-2026-10-06/gy-cards-2026-10-06.md#receita-skull-with-rib-cage-bone-carving) — evidence-gy/graveyard-2.6.2 NeoForge 1.21.1.jar::data/graveyard/recipe/skull_with_rib_cage_bone_carving.json; [Receita torso_pile_from_bone_carving](lote-8-mods-2026-10-06/gy-cards-2026-10-06.md#receita-torso-pile-from-bone-carving) — evidence-gy/graveyard-2.6.2 NeoForge 1.21.1.jar::data/graveyard/recipe/torso_pile_from_bone_carving.json; [Receita wither_bone_remains_from_bone_carving](lote-8-mods-2026-10-06/gy-cards-2026-10-06.md#receita-wither-bone-remains-from-bone-carving) — evidence-gy/graveyard-2.6.2 NeoForge 1.21.1.jar::data/graveyard/recipe/wither_bone_remains_from_bone_carving.json; [Receita wither_skeleton_hand_from_bone_carving](lote-8-mods-2026-10-06/gy-cards-2026-10-06.md#receita-wither-skeleton-hand-from-bone-carving) — evidence-gy/graveyard-2.6.2 NeoForge 1.21.1.jar::data/graveyard/recipe/wither_skeleton_hand_from_bone_carving.json; [Receita wither_skull_on_pike_from_bone_carving](lote-8-mods-2026-10-06/gy-cards-2026-10-06.md#receita-wither-skull-on-pike-from-bone-carving) — evidence-gy/graveyard-2.6.2 NeoForge 1.21.1.jar::data/graveyard/recipe/wither_skull_on_pike_from_bone_carving.json; [Receita wither_skull_pile_from_bone_carving](lote-8-mods-2026-10-06/gy-cards-2026-10-06.md#receita-wither-skull-pile-from-bone-carving) — evidence-gy/graveyard-2.6.2 NeoForge 1.21.1.jar::data/graveyard/recipe/wither_skull_pile_from_bone_carving.json; [Receita wither_skull_with_rib_cage_bone_carving](lote-8-mods-2026-10-06/gy-cards-2026-10-06.md#receita-wither-skull-with-rib-cage-bone-carving) — evidence-gy/graveyard-2.6.2 NeoForge 1.21.1.jar::data/graveyard/recipe/wither_skull_with_rib_cage_bone_carving.json; [Receita wither_torso_pile_from_bone_carving](lote-8-mods-2026-10-06/gy-cards-2026-10-06.md#receita-wither-torso-pile-from-bone-carving) — evidence-gy/graveyard-2.6.2 NeoForge 1.21.1.jar::data/graveyard/recipe/wither_torso_pile_from_bone_carving.json
Revenant,The Graveyard,Morto-vivo hostil; comportamento próprio da classe,Spawn modifier: biomas frios/neve e snowy_taiga; peso 25; também invocado pelo Lich.,Loot de morte,graveyard:corruption,0–1,"pool 1: 1 sorteio(s), peso 1/2; com reposição se mais de um sorteio; Saque minecraft:looting: bônus Math.round(nível × sorteio 0–1); limite sem limite explícito",Moeda do Nameless Hanged (ofertas noturnas); ingrediente de Dark Iron Ingot/Ossuary conforme receitas. Não é XP nem apenas item decorativo.,Alta nos arquivos versionados; configuração/datapacks externos não confirmados,/images/bestiary/audited/gy/revenant.png,assets/graveyard/geo/revenant.geo.json; com/finallion/graveyard/entities/renders/RevenantRenderer.class; assets/graveyard/textures/entity/revenant.png; com/finallion/graveyard/entities/models/RevenantModel.class; com/finallion/graveyard/entities/RevenantEntity.class; assets/graveyard/animations/revenant/revenant.animation.json; com/finallion/graveyard/entities/renders/features/RevenantEyesFeatureRenderer.class; assets/graveyard/textures/entity/revenant_eyes.png; output-gy/proveniencia.json,evidence-gy/graveyard-2.6.2 NeoForge 1.21.1.jar::data/graveyard/loot_table/entities/revenant.json; evidence-gy/decompiled-full/com/finallion/graveyard/trades/NamelessHangedTradeOffers.java,/bestiary/receitas/gy.html#receita-dark-iron-ingot | [Receita dark_iron_ingot](lote-8-mods-2026-10-06/gy-cards-2026-10-06.md#receita-dark-iron-ingot) — evidence-gy/graveyard-2.6.2 NeoForge 1.21.1.jar::data/graveyard/recipe/dark_iron_ingot.json; [Receita ossuary](lote-8-mods-2026-10-06/gy-cards-2026-10-06.md#receita-ossuary) — evidence-gy/graveyard-2.6.2 NeoForge 1.21.1.jar::data/graveyard/recipe/ossuary.json
Falling Corpse,The Graveyard,"Projétil/entidade de ataque do Lich; queda causa dano, não mob de farm","Ataque de queda de cadáveres do Lich; entidade temporária, descartada após animação/pouso.",Tabela de morte própria ausente,Sem item no recurso próprio,0,Varredura do JAR; equipamento/código e herança registrados à parte,Não aplicável,Alta nos arquivos versionados; configuração/datapacks externos não confirmados,/images/bestiary/audited/gy/falling-corpse.png,assets/graveyard/geo/falling_corpse.geo.json; com/finallion/graveyard/entities/renders/FallingCorpseRenderer.class; minecraft:assets/minecraft/textures/entity/skeleton/stray.png; com/finallion/graveyard/entities/models/FallingCorpseModel.class; com/finallion/graveyard/entities/FallingCorpse.class; assets/graveyard/animations/falling_corpse/falling_corpse.animation.json; output-gy/proveniencia.json,evidence-gy/graveyard-2.6.2 NeoForge 1.21.1.jar::data/graveyard/loot_table/entities/falling_corpse.json,Não aplicável
Falling Corpse,The Graveyard,"Projétil/entidade de ataque do Lich; queda causa dano, não mob de farm","Ataque de queda de cadáveres do Lich; entidade temporária, descartada após animação/pouso.",Contato em queda,Dano de queda,10 HP na primeira colisão,isFalling=true e hasCollided=false; playerTouch usa damageSources().fall(); após pouso/contador discard.,Risco durante combate do Lich; ausência de recompensa não equivale a loot herdado de Zombie,Alta nos arquivos versionados; configuração/datapacks externos não confirmados,/images/bestiary/audited/gy/falling-corpse.png,assets/graveyard/geo/falling_corpse.geo.json; com/finallion/graveyard/entities/renders/FallingCorpseRenderer.class; minecraft:assets/minecraft/textures/entity/skeleton/stray.png; com/finallion/graveyard/entities/models/FallingCorpseModel.class; com/finallion/graveyard/entities/FallingCorpse.class; assets/graveyard/animations/falling_corpse/falling_corpse.animation.json; output-gy/proveniencia.json,"evidence-gy/decompiled-full/com/finallion/graveyard/entities/FallingCorpse.java:playerTouch,customServerAiStep",Não aplicável
Wraith,The Graveyard,Morto-vivo hostil; comportamento próprio da classe,"Abrir sarcófago natural (PLAYER_PLACED=false), Y<62; 25% por interação elegível. Sucesso marca as duas metades como PLAYER_PLACED, bloqueando nova tentativa nesse sarcófago.",Tabela de morte própria ausente,Sem item no recurso próprio,0,Varredura do JAR; equipamento/código e herança registrados à parte,Não aplicável,Alta nos arquivos versionados; configuração/datapacks externos não confirmados,/images/bestiary/audited/gy/wraith.png,assets/graveyard/geo/wraith.geo.json; com/finallion/graveyard/entities/renders/WraithRenderer.class; assets/graveyard/textures/entity/wraith_opaque.png; com/finallion/graveyard/entities/models/WraithModel.class; com/finallion/graveyard/entities/WraithEntity.class; assets/graveyard/animations/wraith/wraith.animation.json; com/finallion/graveyard/entities/renders/features/WraithEyesFeatureRenderer.class; assets/graveyard/textures/entity/wraith_eyes.png; output-gy/proveniencia.json,evidence-gy/graveyard-2.6.2 NeoForge 1.21.1.jar::data/graveyard/loot_table/entities/wraith.json,Não aplicável
Wraith,The Graveyard,Morto-vivo hostil; comportamento próprio da classe,"Abrir sarcófago natural (PLAYER_PLACED=false), Y<62; 25% por interação elegível. Sucesso marca as duas metades como PLAYER_PLACED, bloqueando nova tentativa nesse sarcófago.",Alteração ambiental,Apaga velas/braziers; torches/lanterns viram soul variants,Blocos elegíveis por rotina,AI em proximidade: ExtinguishLightsGoal; não é loot nem conversão do Wraith em outro mob.,Risco à iluminação da base/estrutura,Alta nos arquivos versionados; configuração/datapacks externos não confirmados,/images/bestiary/audited/gy/wraith.png,assets/graveyard/geo/wraith.geo.json; com/finallion/graveyard/entities/renders/WraithRenderer.class; assets/graveyard/textures/entity/wraith_opaque.png; com/finallion/graveyard/entities/models/WraithModel.class; com/finallion/graveyard/entities/WraithEntity.class; assets/graveyard/animations/wraith/wraith.animation.json; com/finallion/graveyard/entities/renders/features/WraithEyesFeatureRenderer.class; assets/graveyard/textures/entity/wraith_eyes.png; output-gy/proveniencia.json,evidence-gy/decompiled-full/com/finallion/graveyard/entities/WraithEntity.java:ExtinguishLightsGoal,Não aplicável
Corrupted Pillager,The Graveyard,Morto-vivo hostil; comportamento próprio da classe,"Crypt: spawners NBT e spawn override da estrutura, peso 35 grupo 1–3. Não herda besta/loot de Pillager vanilla.",Loot de morte,graveyard:corruption,1–1,"pool 1: 1 sorteio(s), peso 1/1; com reposição se mais de um sorteio; Saque minecraft:looting: bônus Math.round(nível × sorteio 0–1); limite sem limite explícito",Moeda do Nameless Hanged (ofertas noturnas); ingrediente de Dark Iron Ingot/Ossuary conforme receitas. Não é XP nem apenas item decorativo.,Alta nos arquivos versionados; configuração/datapacks externos não confirmados,/images/bestiary/audited/gy/corrupted-pillager.png,com/finallion/graveyard/entities/models/CorruptedIllagerModel.class; com/finallion/graveyard/entities/renders/CorruptedPillagerRenderer.class; assets/graveyard/textures/entity/corrupted_pillager.png; com/finallion/graveyard/entities/CorruptedIllager.class; com/finallion/graveyard/entities/CorruptedPillager.class; output-gy/proveniencia.json,evidence-gy/graveyard-2.6.2 NeoForge 1.21.1.jar::data/graveyard/loot_table/entities/corrupted_pillager.json; evidence-gy/decompiled-full/com/finallion/graveyard/trades/NamelessHangedTradeOffers.java,/bestiary/receitas/gy.html#receita-dark-iron-ingot | [Receita dark_iron_ingot](lote-8-mods-2026-10-06/gy-cards-2026-10-06.md#receita-dark-iron-ingot) — evidence-gy/graveyard-2.6.2 NeoForge 1.21.1.jar::data/graveyard/recipe/dark_iron_ingot.json; [Receita ossuary](lote-8-mods-2026-10-06/gy-cards-2026-10-06.md#receita-ossuary) — evidence-gy/graveyard-2.6.2 NeoForge 1.21.1.jar::data/graveyard/recipe/ossuary.json
Corrupted Vindicator,The Graveyard,Morto-vivo hostil; comportamento próprio da classe,Crypt: spawners NBT e spawn override peso 35 grupo 1–3. Não herda machado/loot de Vindicator vanilla.,Loot de morte,graveyard:corruption,1–1,"pool 1: 1 sorteio(s), peso 1/1; com reposição se mais de um sorteio; Saque minecraft:looting: bônus Math.round(nível × sorteio 0–1); limite sem limite explícito",Moeda do Nameless Hanged (ofertas noturnas); ingrediente de Dark Iron Ingot/Ossuary conforme receitas. Não é XP nem apenas item decorativo.,Alta nos arquivos versionados; configuração/datapacks externos não confirmados,/images/bestiary/audited/gy/corrupted-vindicator.png,com/finallion/graveyard/entities/models/CorruptedIllagerModel.class; com/finallion/graveyard/entities/renders/CorruptedVindicatorRenderer.class; assets/graveyard/textures/entity/corrupted_vindicator.png; com/finallion/graveyard/entities/CorruptedIllager.class; com/finallion/graveyard/entities/CorruptedVindicator.class; output-gy/proveniencia.json,evidence-gy/graveyard-2.6.2 NeoForge 1.21.1.jar::data/graveyard/loot_table/entities/corrupted_vindicator.json; evidence-gy/decompiled-full/com/finallion/graveyard/trades/NamelessHangedTradeOffers.java,/bestiary/receitas/gy.html#receita-dark-iron-ingot | [Receita dark_iron_ingot](lote-8-mods-2026-10-06/gy-cards-2026-10-06.md#receita-dark-iron-ingot) — evidence-gy/graveyard-2.6.2 NeoForge 1.21.1.jar::data/graveyard/recipe/dark_iron_ingot.json; [Receita ossuary](lote-8-mods-2026-10-06/gy-cards-2026-10-06.md#receita-ossuary) — evidence-gy/graveyard-2.6.2 NeoForge 1.21.1.jar::data/graveyard/recipe/ossuary.json
Ghouling,The Graveyard,Minion aliado ligado ao dono; combate e inventário de caixão,Invocado por Bone Staff obtido do Lich; ligado ao dono e UUID do minion.,Tabela de morte própria ausente,Sem item no recurso próprio,0,Varredura do JAR; equipamento/código e herança registrados à parte,Não aplicável,Alta nos arquivos versionados; configuração/datapacks externos não confirmados,/images/bestiary/audited/gy/ghouling-1.png,assets/graveyard/geo/ghouling.geo.json; com/finallion/graveyard/entities/renders/GhoulingRenderer.class; assets/graveyard/textures/entity/1_ghouling.png; com/finallion/graveyard/entities/models/GhoulingModel.class; com/finallion/graveyard/entities/GhoulingEntity.class; assets/graveyard/animations/ghouling/ghouling.animation.json; output-gy/proveniencia.json,evidence-gy/graveyard-2.6.2 NeoForge 1.21.1.jar::data/graveyard/loot_table/entities/ghouling.json,Não aplicável
Ghouling,The Graveyard,Minion aliado ligado ao dono; combate e inventário de caixão,Invocado por Bone Staff obtido do Lich; ligado ao dono e UUID do minion.,Equipamento/inventário do caixão na morte,Item OFFHAND e conteúdo do inventário,1 item base OFFHAND quando hasCoffin; cada pilha não vazia do inventário,dropEquipment chama super; hasCoffin então spawnAtLocation(offhand.getItem()) (não copia componentes da pilha); pilhas com Vanishing no inventário excluídas.,"Recuperar caixão/conteúdo armazenado, sem supor preservação de componentes do offhand",Alta nos arquivos versionados; configuração/datapacks externos não confirmados,/images/bestiary/audited/gy/ghouling-1.png,assets/graveyard/geo/ghouling.geo.json; com/finallion/graveyard/entities/renders/GhoulingRenderer.class; assets/graveyard/textures/entity/1_ghouling.png; com/finallion/graveyard/entities/models/GhoulingModel.class; com/finallion/graveyard/entities/GhoulingEntity.class; assets/graveyard/animations/ghouling/ghouling.animation.json; output-gy/proveniencia.json,evidence-gy/decompiled-full/com/finallion/graveyard/entities/GhoulingEntity.java:dropEquipment,Não aplicável
Nameless Hanged,The Graveyard,"Mercador noturno; AbstractVillager, ofertas em Corruption","Dead Tree: entidade e ofertas constam no NBT da estrutura. Comércio somente à noite, não despawna por distância.",Tabela de morte própria ausente,Sem item no recurso próprio,0,Varredura do JAR; equipamento/código e herança registrados à parte,Não aplicável,Alta nos arquivos versionados; configuração/datapacks externos não confirmados,/images/bestiary/audited/gy/nameless-hanged.png,assets/graveyard/geo/nameless_hanged.geo.json; com/finallion/graveyard/entities/renders/NamelessHangedRenderer.class; assets/graveyard/textures/entity/nameless_hanged.png; com/finallion/graveyard/entities/models/NamelessHangedModel.class; com/finallion/graveyard/entities/NamelessHangedEntity.class; assets/graveyard/animations/nameless_hanged/nameless_hanged.animation.json; output-gy/proveniencia.json,evidence-gy/graveyard-2.6.2 NeoForge 1.21.1.jar::data/graveyard/loot_table/entities/nameless_hanged.json,Não aplicável
Nameless Hanged,The Graveyard,"Mercador noturno; AbstractVillager, ofertas em Corruption","Dead Tree: entidade e ofertas constam no NBT da estrutura. Comércio somente à noite, não despawna por distância.",Comércio noturno (não morte),minecraft:candle,1,Preço-base 2 graveyard:corruption; máximo 12 usos da oferta; 7–9 ofertas selecionadas por atualização entre 62 candidatas. Somente à noite; ao chegar dia offers=null. Preço pode ter ajustes do MerchantOffer.,Item vanilla para iluminação,Alta nos arquivos versionados; configuração/datapacks externos não confirmados,/images/bestiary/audited/gy/nameless-hanged.png,assets/graveyard/geo/nameless_hanged.geo.json; com/finallion/graveyard/entities/renders/NamelessHangedRenderer.class; assets/graveyard/textures/entity/nameless_hanged.png; com/finallion/graveyard/entities/models/NamelessHangedModel.class; com/finallion/graveyard/entities/NamelessHangedEntity.class; assets/graveyard/animations/nameless_hanged/nameless_hanged.animation.json; output-gy/proveniencia.json,"evidence-gy/decompiled-full/com/finallion/graveyard/trades/NamelessHangedTradeOffers.java; evidence-gy/decompiled-full/com/finallion/graveyard/entities/NamelessHangedEntity.java:updateTrades,tick,mobInteract",[Usos/receitas vanilla](https://minecraft.wiki/w/candle#Crafting)
Nameless Hanged,The Graveyard,"Mercador noturno; AbstractVillager, ofertas em Corruption","Dead Tree: entidade e ofertas constam no NBT da estrutura. Comércio somente à noite, não despawna por distância.",Comércio noturno (não morte),minecraft:black_candle,1,Preço-base 2 graveyard:corruption; máximo 12 usos da oferta; 7–9 ofertas selecionadas por atualização entre 62 candidatas. Somente à noite; ao chegar dia offers=null. Preço pode ter ajustes do MerchantOffer.,Item vanilla para iluminação,Alta nos arquivos versionados; configuração/datapacks externos não confirmados,/images/bestiary/audited/gy/nameless-hanged.png,assets/graveyard/geo/nameless_hanged.geo.json; com/finallion/graveyard/entities/renders/NamelessHangedRenderer.class; assets/graveyard/textures/entity/nameless_hanged.png; com/finallion/graveyard/entities/models/NamelessHangedModel.class; com/finallion/graveyard/entities/NamelessHangedEntity.class; assets/graveyard/animations/nameless_hanged/nameless_hanged.animation.json; output-gy/proveniencia.json,"evidence-gy/decompiled-full/com/finallion/graveyard/trades/NamelessHangedTradeOffers.java; evidence-gy/decompiled-full/com/finallion/graveyard/entities/NamelessHangedEntity.java:updateTrades,tick,mobInteract",[Usos/receitas vanilla](https://minecraft.wiki/w/black_candle#Crafting)
Nameless Hanged,The Graveyard,"Mercador noturno; AbstractVillager, ofertas em Corruption","Dead Tree: entidade e ofertas constam no NBT da estrutura. Comércio somente à noite, não despawna por distância.",Comércio noturno (não morte),minecraft:white_candle,1,Preço-base 2 graveyard:corruption; máximo 12 usos da oferta; 7–9 ofertas selecionadas por atualização entre 62 candidatas. Somente à noite; ao chegar dia offers=null. Preço pode ter ajustes do MerchantOffer.,Item vanilla para iluminação,Alta nos arquivos versionados; configuração/datapacks externos não confirmados,/images/bestiary/audited/gy/nameless-hanged.png,assets/graveyard/geo/nameless_hanged.geo.json; com/finallion/graveyard/entities/renders/NamelessHangedRenderer.class; assets/graveyard/textures/entity/nameless_hanged.png; com/finallion/graveyard/entities/models/NamelessHangedModel.class; com/finallion/graveyard/entities/NamelessHangedEntity.class; assets/graveyard/animations/nameless_hanged/nameless_hanged.animation.json; output-gy/proveniencia.json,"evidence-gy/decompiled-full/com/finallion/graveyard/trades/NamelessHangedTradeOffers.java; evidence-gy/decompiled-full/com/finallion/graveyard/entities/NamelessHangedEntity.java:updateTrades,tick,mobInteract",[Usos/receitas vanilla](https://minecraft.wiki/w/white_candle#Crafting)
Nameless Hanged,The Graveyard,"Mercador noturno; AbstractVillager, ofertas em Corruption","Dead Tree: entidade e ofertas constam no NBT da estrutura. Comércio somente à noite, não despawna por distância.",Comércio noturno (não morte),minecraft:red_candle,1,Preço-base 2 graveyard:corruption; máximo 12 usos da oferta; 7–9 ofertas selecionadas por atualização entre 62 candidatas. Somente à noite; ao chegar dia offers=null. Preço pode ter ajustes do MerchantOffer.,Item vanilla para iluminação,Alta nos arquivos versionados; configuração/datapacks externos não confirmados,/images/bestiary/audited/gy/nameless-hanged.png,assets/graveyard/geo/nameless_hanged.geo.json; com/finallion/graveyard/entities/renders/NamelessHangedRenderer.class; assets/graveyard/textures/entity/nameless_hanged.png; com/finallion/graveyard/entities/models/NamelessHangedModel.class; com/finallion/graveyard/entities/NamelessHangedEntity.class; assets/graveyard/animations/nameless_hanged/nameless_hanged.animation.json; output-gy/proveniencia.json,"evidence-gy/decompiled-full/com/finallion/graveyard/trades/NamelessHangedTradeOffers.java; evidence-gy/decompiled-full/com/finallion/graveyard/entities/NamelessHangedEntity.java:updateTrades,tick,mobInteract",[Usos/receitas vanilla](https://minecraft.wiki/w/red_candle#Crafting)
Nameless Hanged,The Graveyard,"Mercador noturno; AbstractVillager, ofertas em Corruption","Dead Tree: entidade e ofertas constam no NBT da estrutura. Comércio somente à noite, não despawna por distância.",Comércio noturno (não morte),minecraft:tinted_glass,2,Preço-base 4 graveyard:corruption; máximo 12 usos da oferta; 7–9 ofertas selecionadas por atualização entre 62 candidatas. Somente à noite; ao chegar dia offers=null. Preço pode ter ajustes do MerchantOffer.,Item vanilla para construção sem transmitir luz,Alta nos arquivos versionados; configuração/datapacks externos não confirmados,/images/bestiary/audited/gy/nameless-hanged.png,assets/graveyard/geo/nameless_hanged.geo.json; com/finallion/graveyard/entities/renders/NamelessHangedRenderer.class; assets/graveyard/textures/entity/nameless_hanged.png; com/finallion/graveyard/entities/models/NamelessHangedModel.class; com/finallion/graveyard/entities/NamelessHangedEntity.class; assets/graveyard/animations/nameless_hanged/nameless_hanged.animation.json; output-gy/proveniencia.json,"evidence-gy/decompiled-full/com/finallion/graveyard/trades/NamelessHangedTradeOffers.java; evidence-gy/decompiled-full/com/finallion/graveyard/entities/NamelessHangedEntity.java:updateTrades,tick,mobInteract",[Usos/receitas vanilla](https://minecraft.wiki/w/tinted_glass#Crafting)
Nameless Hanged,The Graveyard,"Mercador noturno; AbstractVillager, ofertas em Corruption","Dead Tree: entidade e ofertas constam no NBT da estrutura. Comércio somente à noite, não despawna por distância.",Comércio noturno (não morte),minecraft:nether_wart,1,Preço-base 2 graveyard:corruption; máximo 12 usos da oferta; 7–9 ofertas selecionadas por atualização entre 62 candidatas. Somente à noite; ao chegar dia offers=null. Preço pode ter ajustes do MerchantOffer.,Item vanilla para brewing,Alta nos arquivos versionados; configuração/datapacks externos não confirmados,/images/bestiary/audited/gy/nameless-hanged.png,assets/graveyard/geo/nameless_hanged.geo.json; com/finallion/graveyard/entities/renders/NamelessHangedRenderer.class; assets/graveyard/textures/entity/nameless_hanged.png; com/finallion/graveyard/entities/models/NamelessHangedModel.class; com/finallion/graveyard/entities/NamelessHangedEntity.class; assets/graveyard/animations/nameless_hanged/nameless_hanged.animation.json; output-gy/proveniencia.json,"evidence-gy/decompiled-full/com/finallion/graveyard/trades/NamelessHangedTradeOffers.java; evidence-gy/decompiled-full/com/finallion/graveyard/entities/NamelessHangedEntity.java:updateTrades,tick,mobInteract",[Usos/receitas vanilla](https://minecraft.wiki/w/nether_wart#Crafting)
Nameless Hanged,The Graveyard,"Mercador noturno; AbstractVillager, ofertas em Corruption","Dead Tree: entidade e ofertas constam no NBT da estrutura. Comércio somente à noite, não despawna por distância.",Comércio noturno (não morte),minecraft:ghast_tear,1,Preço-base 4 graveyard:corruption; máximo 8 usos da oferta; 7–9 ofertas selecionadas por atualização entre 62 candidatas. Somente à noite; ao chegar dia offers=null. Preço pode ter ajustes do MerchantOffer.,Item vanilla para poção de regeneração e End Crystal,Alta nos arquivos versionados; configuração/datapacks externos não confirmados,/images/bestiary/audited/gy/nameless-hanged.png,assets/graveyard/geo/nameless_hanged.geo.json; com/finallion/graveyard/entities/renders/NamelessHangedRenderer.class; assets/graveyard/textures/entity/nameless_hanged.png; com/finallion/graveyard/entities/models/NamelessHangedModel.class; com/finallion/graveyard/entities/NamelessHangedEntity.class; assets/graveyard/animations/nameless_hanged/nameless_hanged.animation.json; output-gy/proveniencia.json,"evidence-gy/decompiled-full/com/finallion/graveyard/trades/NamelessHangedTradeOffers.java; evidence-gy/decompiled-full/com/finallion/graveyard/entities/NamelessHangedEntity.java:updateTrades,tick,mobInteract",[Usos/receitas vanilla](https://minecraft.wiki/w/ghast_tear#Crafting)
Nameless Hanged,The Graveyard,"Mercador noturno; AbstractVillager, ofertas em Corruption","Dead Tree: entidade e ofertas constam no NBT da estrutura. Comércio somente à noite, não despawna por distância.",Comércio noturno (não morte),minecraft:spectral_arrow,4,Preço-base 6 graveyard:corruption; máximo 8 usos da oferta; 7–9 ofertas selecionadas por atualização entre 62 candidatas. Somente à noite; ao chegar dia offers=null. Preço pode ter ajustes do MerchantOffer.,Item vanilla para munição com Glowing,Alta nos arquivos versionados; configuração/datapacks externos não confirmados,/images/bestiary/audited/gy/nameless-hanged.png,assets/graveyard/geo/nameless_hanged.geo.json; com/finallion/graveyard/entities/renders/NamelessHangedRenderer.class; assets/graveyard/textures/entity/nameless_hanged.png; com/finallion/graveyard/entities/models/NamelessHangedModel.class; com/finallion/graveyard/entities/NamelessHangedEntity.class; assets/graveyard/animations/nameless_hanged/nameless_hanged.animation.json; output-gy/proveniencia.json,"evidence-gy/decompiled-full/com/finallion/graveyard/trades/NamelessHangedTradeOffers.java; evidence-gy/decompiled-full/com/finallion/graveyard/entities/NamelessHangedEntity.java:updateTrades,tick,mobInteract",[Usos/receitas vanilla](https://minecraft.wiki/w/spectral_arrow#Crafting)
Nameless Hanged,The Graveyard,"Mercador noturno; AbstractVillager, ofertas em Corruption","Dead Tree: entidade e ofertas constam no NBT da estrutura. Comércio somente à noite, não despawna por distância.",Comércio noturno (não morte),minecraft:soul_lantern,1,Preço-base 4 graveyard:corruption; máximo 12 usos da oferta; 7–9 ofertas selecionadas por atualização entre 62 candidatas. Somente à noite; ao chegar dia offers=null. Preço pode ter ajustes do MerchantOffer.,Item vanilla para iluminação,Alta nos arquivos versionados; configuração/datapacks externos não confirmados,/images/bestiary/audited/gy/nameless-hanged.png,assets/graveyard/geo/nameless_hanged.geo.json; com/finallion/graveyard/entities/renders/NamelessHangedRenderer.class; assets/graveyard/textures/entity/nameless_hanged.png; com/finallion/graveyard/entities/models/NamelessHangedModel.class; com/finallion/graveyard/entities/NamelessHangedEntity.class; assets/graveyard/animations/nameless_hanged/nameless_hanged.animation.json; output-gy/proveniencia.json,"evidence-gy/decompiled-full/com/finallion/graveyard/trades/NamelessHangedTradeOffers.java; evidence-gy/decompiled-full/com/finallion/graveyard/entities/NamelessHangedEntity.java:updateTrades,tick,mobInteract",[Usos/receitas vanilla](https://minecraft.wiki/w/soul_lantern#Crafting)
Nameless Hanged,The Graveyard,"Mercador noturno; AbstractVillager, ofertas em Corruption","Dead Tree: entidade e ofertas constam no NBT da estrutura. Comércio somente à noite, não despawna por distância.",Comércio noturno (não morte),minecraft:totem_of_undying,1,Preço-base 12 graveyard:corruption; máximo 1 usos da oferta; 7–9 ofertas selecionadas por atualização entre 62 candidatas. Somente à noite; ao chegar dia offers=null. Preço pode ter ajustes do MerchantOffer.,Item vanilla para evitar morte conforme condições vanilla,Alta nos arquivos versionados; configuração/datapacks externos não confirmados,/images/bestiary/audited/gy/nameless-hanged.png,assets/graveyard/geo/nameless_hanged.geo.json; com/finallion/graveyard/entities/renders/NamelessHangedRenderer.class; assets/graveyard/textures/entity/nameless_hanged.png; com/finallion/graveyard/entities/models/NamelessHangedModel.class; com/finallion/graveyard/entities/NamelessHangedEntity.class; assets/graveyard/animations/nameless_hanged/nameless_hanged.animation.json; output-gy/proveniencia.json,"evidence-gy/decompiled-full/com/finallion/graveyard/trades/NamelessHangedTradeOffers.java; evidence-gy/decompiled-full/com/finallion/graveyard/entities/NamelessHangedEntity.java:updateTrades,tick,mobInteract",[Usos/receitas vanilla](https://minecraft.wiki/w/totem_of_undying#Crafting)
Nameless Hanged,The Graveyard,"Mercador noturno; AbstractVillager, ofertas em Corruption","Dead Tree: entidade e ofertas constam no NBT da estrutura. Comércio somente à noite, não despawna por distância.",Comércio noturno (não morte),minecraft:wither_rose,2,Preço-base 8 graveyard:corruption; máximo 8 usos da oferta; 7–9 ofertas selecionadas por atualização entre 62 candidatas. Somente à noite; ao chegar dia offers=null. Preço pode ter ajustes do MerchantOffer.,Item vanilla para decoração/dano e Black Dye,Alta nos arquivos versionados; configuração/datapacks externos não confirmados,/images/bestiary/audited/gy/nameless-hanged.png,assets/graveyard/geo/nameless_hanged.geo.json; com/finallion/graveyard/entities/renders/NamelessHangedRenderer.class; assets/graveyard/textures/entity/nameless_hanged.png; com/finallion/graveyard/entities/models/NamelessHangedModel.class; com/finallion/graveyard/entities/NamelessHangedEntity.class; assets/graveyard/animations/nameless_hanged/nameless_hanged.animation.json; output-gy/proveniencia.json,"evidence-gy/decompiled-full/com/finallion/graveyard/trades/NamelessHangedTradeOffers.java; evidence-gy/decompiled-full/com/finallion/graveyard/entities/NamelessHangedEntity.java:updateTrades,tick,mobInteract",[Usos/receitas vanilla](https://minecraft.wiki/w/wither_rose#Crafting)
Nameless Hanged,The Graveyard,"Mercador noturno; AbstractVillager, ofertas em Corruption","Dead Tree: entidade e ofertas constam no NBT da estrutura. Comércio somente à noite, não despawna por distância.",Comércio noturno (não morte),minecraft:bone,1,Preço-base 2 graveyard:corruption; máximo 12 usos da oferta; 7–9 ofertas selecionadas por atualização entre 62 candidatas. Somente à noite; ao chegar dia offers=null. Preço pode ter ajustes do MerchantOffer.,Farinha de osso e domesticação de lobos,Alta nos arquivos versionados; configuração/datapacks externos não confirmados,/images/bestiary/audited/gy/nameless-hanged.png,assets/graveyard/geo/nameless_hanged.geo.json; com/finallion/graveyard/entities/renders/NamelessHangedRenderer.class; assets/graveyard/textures/entity/nameless_hanged.png; com/finallion/graveyard/entities/models/NamelessHangedModel.class; com/finallion/graveyard/entities/NamelessHangedEntity.class; assets/graveyard/animations/nameless_hanged/nameless_hanged.animation.json; output-gy/proveniencia.json,"evidence-gy/decompiled-full/com/finallion/graveyard/trades/NamelessHangedTradeOffers.java; evidence-gy/decompiled-full/com/finallion/graveyard/entities/NamelessHangedEntity.java:updateTrades,tick,mobInteract",/bestiary/receitas/gy.html#receita-bone-dagger | [Receita bone_dagger](lote-8-mods-2026-10-06/gy-cards-2026-10-06.md#receita-bone-dagger) — evidence-gy/graveyard-2.6.2 NeoForge 1.21.1.jar::data/graveyard/recipe/bone_dagger.json; [Receita bone_remains_from_bone_carving](lote-8-mods-2026-10-06/gy-cards-2026-10-06.md#receita-bone-remains-from-bone-carving) — evidence-gy/graveyard-2.6.2 NeoForge 1.21.1.jar::data/graveyard/recipe/bone_remains_from_bone_carving.json; [Receita creeper_skeleton_from_bone_carving](lote-8-mods-2026-10-06/gy-cards-2026-10-06.md#receita-creeper-skeleton-from-bone-carving) — evidence-gy/graveyard-2.6.2 NeoForge 1.21.1.jar::data/graveyard/recipe/creeper_skeleton_from_bone_carving.json; [Receita hanged_skeleton_from_bone_carving](lote-8-mods-2026-10-06/gy-cards-2026-10-06.md#receita-hanged-skeleton-from-bone-carving) — evidence-gy/graveyard-2.6.2 NeoForge 1.21.1.jar::data/graveyard/recipe/hanged_skeleton_from_bone_carving.json; [Receita hanged_wither_skeleton_from_bone_carving](lote-8-mods-2026-10-06/gy-cards-2026-10-06.md#receita-hanged-wither-skeleton-from-bone-carving) — evidence-gy/graveyard-2.6.2 NeoForge 1.21.1.jar::data/graveyard/recipe/hanged_wither_skeleton_from_bone_carving.json; [Receita laterally_lying_skeleton_from_bone_carving](lote-8-mods-2026-10-06/gy-cards-2026-10-06.md#receita-laterally-lying-skeleton-from-bone-carving) — evidence-gy/graveyard-2.6.2 NeoForge 1.21.1.jar::data/graveyard/recipe/laterally_lying_skeleton_from_bone_carving.json; [Receita laterally_lying_wither_skeleton_from_bone_carving](lote-8-mods-2026-10-06/gy-cards-2026-10-06.md#receita-laterally-lying-wither-skeleton-from-bone-carving) — evidence-gy/graveyard-2.6.2 NeoForge 1.21.1.jar::data/graveyard/recipe/laterally_lying_wither_skeleton_from_bone_carving.json; [Receita leaning_skeleton_from_bone_carving](lote-8-mods-2026-10-06/gy-cards-2026-10-06.md#receita-leaning-skeleton-from-bone-carving) — evidence-gy/graveyard-2.6.2 NeoForge 1.21.1.jar::data/graveyard/recipe/leaning_skeleton_from_bone_carving.json; [Receita leaning_wither_skeleton_from_bone_carving](lote-8-mods-2026-10-06/gy-cards-2026-10-06.md#receita-leaning-wither-skeleton-from-bone-carving) — evidence-gy/graveyard-2.6.2 NeoForge 1.21.1.jar::data/graveyard/recipe/leaning_wither_skeleton_from_bone_carving.json; [Receita lying_skeleton_from_bone_carving](lote-8-mods-2026-10-06/gy-cards-2026-10-06.md#receita-lying-skeleton-from-bone-carving) — evidence-gy/graveyard-2.6.2 NeoForge 1.21.1.jar::data/graveyard/recipe/lying_skeleton_from_bone_carving.json; [Receita lying_wither_skeleton_from_bone_carving](lote-8-mods-2026-10-06/gy-cards-2026-10-06.md#receita-lying-wither-skeleton-from-bone-carving) — evidence-gy/graveyard-2.6.2 NeoForge 1.21.1.jar::data/graveyard/recipe/lying_wither_skeleton_from_bone_carving.json; [Receita ossuary](lote-8-mods-2026-10-06/gy-cards-2026-10-06.md#receita-ossuary) — evidence-gy/graveyard-2.6.2 NeoForge 1.21.1.jar::data/graveyard/recipe/ossuary.json; [Receita skeleton_hand_from_bone_carving](lote-8-mods-2026-10-06/gy-cards-2026-10-06.md#receita-skeleton-hand-from-bone-carving) — evidence-gy/graveyard-2.6.2 NeoForge 1.21.1.jar::data/graveyard/recipe/skeleton_hand_from_bone_carving.json; [Receita skull_on_pike_from_bone_carving](lote-8-mods-2026-10-06/gy-cards-2026-10-06.md#receita-skull-on-pike-from-bone-carving) — evidence-gy/graveyard-2.6.2 NeoForge 1.21.1.jar::data/graveyard/recipe/skull_on_pike_from_bone_carving.json; [Receita skull_pile_from_bone_carving](lote-8-mods-2026-10-06/gy-cards-2026-10-06.md#receita-skull-pile-from-bone-carving) — evidence-gy/graveyard-2.6.2 NeoForge 1.21.1.jar::data/graveyard/recipe/skull_pile_from_bone_carving.json; [Receita skull_with_rib_cage_bone_carving](lote-8-mods-2026-10-06/gy-cards-2026-10-06.md#receita-skull-with-rib-cage-bone-carving) — evidence-gy/graveyard-2.6.2 NeoForge 1.21.1.jar::data/graveyard/recipe/skull_with_rib_cage_bone_carving.json; [Receita torso_pile_from_bone_carving](lote-8-mods-2026-10-06/gy-cards-2026-10-06.md#receita-torso-pile-from-bone-carving) — evidence-gy/graveyard-2.6.2 NeoForge 1.21.1.jar::data/graveyard/recipe/torso_pile_from_bone_carving.json; [Receita wither_bone_remains_from_bone_carving](lote-8-mods-2026-10-06/gy-cards-2026-10-06.md#receita-wither-bone-remains-from-bone-carving) — evidence-gy/graveyard-2.6.2 NeoForge 1.21.1.jar::data/graveyard/recipe/wither_bone_remains_from_bone_carving.json; [Receita wither_skeleton_hand_from_bone_carving](lote-8-mods-2026-10-06/gy-cards-2026-10-06.md#receita-wither-skeleton-hand-from-bone-carving) — evidence-gy/graveyard-2.6.2 NeoForge 1.21.1.jar::data/graveyard/recipe/wither_skeleton_hand_from_bone_carving.json; [Receita wither_skull_on_pike_from_bone_carving](lote-8-mods-2026-10-06/gy-cards-2026-10-06.md#receita-wither-skull-on-pike-from-bone-carving) — evidence-gy/graveyard-2.6.2 NeoForge 1.21.1.jar::data/graveyard/recipe/wither_skull_on_pike_from_bone_carving.json; [Receita wither_skull_pile_from_bone_carving](lote-8-mods-2026-10-06/gy-cards-2026-10-06.md#receita-wither-skull-pile-from-bone-carving) — evidence-gy/graveyard-2.6.2 NeoForge 1.21.1.jar::data/graveyard/recipe/wither_skull_pile_from_bone_carving.json; [Receita wither_skull_with_rib_cage_bone_carving](lote-8-mods-2026-10-06/gy-cards-2026-10-06.md#receita-wither-skull-with-rib-cage-bone-carving) — evidence-gy/graveyard-2.6.2 NeoForge 1.21.1.jar::data/graveyard/recipe/wither_skull_with_rib_cage_bone_carving.json; [Receita wither_torso_pile_from_bone_carving](lote-8-mods-2026-10-06/gy-cards-2026-10-06.md#receita-wither-torso-pile-from-bone-carving) — evidence-gy/graveyard-2.6.2 NeoForge 1.21.1.jar::data/graveyard/recipe/wither_torso_pile_from_bone_carving.json
Nameless Hanged,The Graveyard,"Mercador noturno; AbstractVillager, ofertas em Corruption","Dead Tree: entidade e ofertas constam no NBT da estrutura. Comércio somente à noite, não despawna por distância.",Comércio noturno (não morte),minecraft:emerald,1,Preço-base 1 graveyard:corruption; máximo 12 usos da oferta; 7–9 ofertas selecionadas por atualização entre 62 candidatas. Somente à noite; ao chegar dia offers=null. Preço pode ter ajustes do MerchantOffer.,Item vanilla para comércio,Alta nos arquivos versionados; configuração/datapacks externos não confirmados,/images/bestiary/audited/gy/nameless-hanged.png,assets/graveyard/geo/nameless_hanged.geo.json; com/finallion/graveyard/entities/renders/NamelessHangedRenderer.class; assets/graveyard/textures/entity/nameless_hanged.png; com/finallion/graveyard/entities/models/NamelessHangedModel.class; com/finallion/graveyard/entities/NamelessHangedEntity.class; assets/graveyard/animations/nameless_hanged/nameless_hanged.animation.json; output-gy/proveniencia.json,"evidence-gy/decompiled-full/com/finallion/graveyard/trades/NamelessHangedTradeOffers.java; evidence-gy/decompiled-full/com/finallion/graveyard/entities/NamelessHangedEntity.java:updateTrades,tick,mobInteract",[Usos/receitas vanilla](https://minecraft.wiki/w/emerald#Crafting)
Nameless Hanged,The Graveyard,"Mercador noturno; AbstractVillager, ofertas em Corruption","Dead Tree: entidade e ofertas constam no NBT da estrutura. Comércio somente à noite, não despawna por distância.",Comércio noturno (não morte),minecraft:book,1,Preço-base 2 graveyard:corruption; máximo 12 usos da oferta; 7–9 ofertas selecionadas por atualização entre 62 candidatas. Somente à noite; ao chegar dia offers=null. Preço pode ter ajustes do MerchantOffer.,Item vanilla para encantamentos/estantes,Alta nos arquivos versionados; configuração/datapacks externos não confirmados,/images/bestiary/audited/gy/nameless-hanged.png,assets/graveyard/geo/nameless_hanged.geo.json; com/finallion/graveyard/entities/renders/NamelessHangedRenderer.class; assets/graveyard/textures/entity/nameless_hanged.png; com/finallion/graveyard/entities/models/NamelessHangedModel.class; com/finallion/graveyard/entities/NamelessHangedEntity.class; assets/graveyard/animations/nameless_hanged/nameless_hanged.animation.json; output-gy/proveniencia.json,"evidence-gy/decompiled-full/com/finallion/graveyard/trades/NamelessHangedTradeOffers.java; evidence-gy/decompiled-full/com/finallion/graveyard/entities/NamelessHangedEntity.java:updateTrades,tick,mobInteract",[Usos/receitas vanilla](https://minecraft.wiki/w/book#Crafting)
Nameless Hanged,The Graveyard,"Mercador noturno; AbstractVillager, ofertas em Corruption","Dead Tree: entidade e ofertas constam no NBT da estrutura. Comércio somente à noite, não despawna por distância.",Comércio noturno (não morte),minecraft:cobbled_deepslate,32,Preço-base 12 graveyard:corruption; máximo 6 usos da oferta; 7–9 ofertas selecionadas por atualização entre 62 candidatas. Somente à noite; ao chegar dia offers=null. Preço pode ter ajustes do MerchantOffer.,Item vanilla para construção,Alta nos arquivos versionados; configuração/datapacks externos não confirmados,/images/bestiary/audited/gy/nameless-hanged.png,assets/graveyard/geo/nameless_hanged.geo.json; com/finallion/graveyard/entities/renders/NamelessHangedRenderer.class; assets/graveyard/textures/entity/nameless_hanged.png; com/finallion/graveyard/entities/models/NamelessHangedModel.class; com/finallion/graveyard/entities/NamelessHangedEntity.class; assets/graveyard/animations/nameless_hanged/nameless_hanged.animation.json; output-gy/proveniencia.json,"evidence-gy/decompiled-full/com/finallion/graveyard/trades/NamelessHangedTradeOffers.java; evidence-gy/decompiled-full/com/finallion/graveyard/entities/NamelessHangedEntity.java:updateTrades,tick,mobInteract",/bestiary/receitas/gy.html#receita-pedestal | [Receita pedestal](lote-8-mods-2026-10-06/gy-cards-2026-10-06.md#receita-pedestal) — evidence-gy/graveyard-2.6.2 NeoForge 1.21.1.jar::data/graveyard/recipe/pedestal.json; [Receita sarcophagus](lote-8-mods-2026-10-06/gy-cards-2026-10-06.md#receita-sarcophagus) — evidence-gy/graveyard-2.6.2 NeoForge 1.21.1.jar::data/graveyard/recipe/sarcophagus.json
Nameless Hanged,The Graveyard,"Mercador noturno; AbstractVillager, ofertas em Corruption","Dead Tree: entidade e ofertas constam no NBT da estrutura. Comércio somente à noite, não despawna por distância.",Comércio noturno (não morte),minecraft:blackstone,32,Preço-base 12 graveyard:corruption; máximo 6 usos da oferta; 7–9 ofertas selecionadas por atualização entre 62 candidatas. Somente à noite; ao chegar dia offers=null. Preço pode ter ajustes do MerchantOffer.,Item vanilla para construção,Alta nos arquivos versionados; configuração/datapacks externos não confirmados,/images/bestiary/audited/gy/nameless-hanged.png,assets/graveyard/geo/nameless_hanged.geo.json; com/finallion/graveyard/entities/renders/NamelessHangedRenderer.class; assets/graveyard/textures/entity/nameless_hanged.png; com/finallion/graveyard/entities/models/NamelessHangedModel.class; com/finallion/graveyard/entities/NamelessHangedEntity.class; assets/graveyard/animations/nameless_hanged/nameless_hanged.animation.json; output-gy/proveniencia.json,"evidence-gy/decompiled-full/com/finallion/graveyard/trades/NamelessHangedTradeOffers.java; evidence-gy/decompiled-full/com/finallion/graveyard/entities/NamelessHangedEntity.java:updateTrades,tick,mobInteract",/bestiary/receitas/gy.html#receita-blackstone-gravestone | [Receita blackstone_gravestone](lote-8-mods-2026-10-06/gy-cards-2026-10-06.md#receita-blackstone-gravestone) — evidence-gy/graveyard-2.6.2 NeoForge 1.21.1.jar::data/graveyard/recipe/blackstone_gravestone.json
Nameless Hanged,The Graveyard,"Mercador noturno; AbstractVillager, ofertas em Corruption","Dead Tree: entidade e ofertas constam no NBT da estrutura. Comércio somente à noite, não despawna por distância.",Comércio noturno (não morte),minecraft:gilded_blackstone,2,Preço-base 8 graveyard:corruption; máximo 6 usos da oferta; 7–9 ofertas selecionadas por atualização entre 62 candidatas. Somente à noite; ao chegar dia offers=null. Preço pode ter ajustes do MerchantOffer.,Item vanilla para construção/mineração com chance de pepitas,Alta nos arquivos versionados; configuração/datapacks externos não confirmados,/images/bestiary/audited/gy/nameless-hanged.png,assets/graveyard/geo/nameless_hanged.geo.json; com/finallion/graveyard/entities/renders/NamelessHangedRenderer.class; assets/graveyard/textures/entity/nameless_hanged.png; com/finallion/graveyard/entities/models/NamelessHangedModel.class; com/finallion/graveyard/entities/NamelessHangedEntity.class; assets/graveyard/animations/nameless_hanged/nameless_hanged.animation.json; output-gy/proveniencia.json,"evidence-gy/decompiled-full/com/finallion/graveyard/trades/NamelessHangedTradeOffers.java; evidence-gy/decompiled-full/com/finallion/graveyard/entities/NamelessHangedEntity.java:updateTrades,tick,mobInteract",/bestiary/receitas/gy.html#receita-gilded-blackstone-gravestone | [Receita gilded_blackstone_gravestone](lote-8-mods-2026-10-06/gy-cards-2026-10-06.md#receita-gilded-blackstone-gravestone) — evidence-gy/graveyard-2.6.2 NeoForge 1.21.1.jar::data/graveyard/recipe/gilded_blackstone_gravestone.json
Nameless Hanged,The Graveyard,"Mercador noturno; AbstractVillager, ofertas em Corruption","Dead Tree: entidade e ofertas constam no NBT da estrutura. Comércio somente à noite, não despawna por distância.",Comércio noturno (não morte),minecraft:clock,1,Preço-base 6 graveyard:corruption; máximo 6 usos da oferta; 7–9 ofertas selecionadas por atualização entre 62 candidatas. Somente à noite; ao chegar dia offers=null. Preço pode ter ajustes do MerchantOffer.,Item vanilla para indicação de horário no Overworld,Alta nos arquivos versionados; configuração/datapacks externos não confirmados,/images/bestiary/audited/gy/nameless-hanged.png,assets/graveyard/geo/nameless_hanged.geo.json; com/finallion/graveyard/entities/renders/NamelessHangedRenderer.class; assets/graveyard/textures/entity/nameless_hanged.png; com/finallion/graveyard/entities/models/NamelessHangedModel.class; com/finallion/graveyard/entities/NamelessHangedEntity.class; assets/graveyard/animations/nameless_hanged/nameless_hanged.animation.json; output-gy/proveniencia.json,"evidence-gy/decompiled-full/com/finallion/graveyard/trades/NamelessHangedTradeOffers.java; evidence-gy/decompiled-full/com/finallion/graveyard/entities/NamelessHangedEntity.java:updateTrades,tick,mobInteract",[Usos/receitas vanilla](https://minecraft.wiki/w/clock#Crafting)
Nameless Hanged,The Graveyard,"Mercador noturno; AbstractVillager, ofertas em Corruption","Dead Tree: entidade e ofertas constam no NBT da estrutura. Comércio somente à noite, não despawna por distância.",Comércio noturno (não morte),minecraft:recovery_compass,1,Preço-base 6 graveyard:corruption; máximo 6 usos da oferta; 7–9 ofertas selecionadas por atualização entre 62 candidatas. Somente à noite; ao chegar dia offers=null. Preço pode ter ajustes do MerchantOffer.,Item vanilla para localizar última morte na dimensão correspondente,Alta nos arquivos versionados; configuração/datapacks externos não confirmados,/images/bestiary/audited/gy/nameless-hanged.png,assets/graveyard/geo/nameless_hanged.geo.json; com/finallion/graveyard/entities/renders/NamelessHangedRenderer.class; assets/graveyard/textures/entity/nameless_hanged.png; com/finallion/graveyard/entities/models/NamelessHangedModel.class; com/finallion/graveyard/entities/NamelessHangedEntity.class; assets/graveyard/animations/nameless_hanged/nameless_hanged.animation.json; output-gy/proveniencia.json,"evidence-gy/decompiled-full/com/finallion/graveyard/trades/NamelessHangedTradeOffers.java; evidence-gy/decompiled-full/com/finallion/graveyard/entities/NamelessHangedEntity.java:updateTrades,tick,mobInteract",[Usos/receitas vanilla](https://minecraft.wiki/w/recovery_compass#Crafting)
Nameless Hanged,The Graveyard,"Mercador noturno; AbstractVillager, ofertas em Corruption","Dead Tree: entidade e ofertas constam no NBT da estrutura. Comércio somente à noite, não despawna por distância.",Comércio noturno (não morte),minecraft:black_shulker_box,1,Preço-base 32 graveyard:corruption; máximo 1 usos da oferta; 7–9 ofertas selecionadas por atualização entre 62 candidatas. Somente à noite; ao chegar dia offers=null. Preço pode ter ajustes do MerchantOffer.,Item vanilla para armazenamento portátil,Alta nos arquivos versionados; configuração/datapacks externos não confirmados,/images/bestiary/audited/gy/nameless-hanged.png,assets/graveyard/geo/nameless_hanged.geo.json; com/finallion/graveyard/entities/renders/NamelessHangedRenderer.class; assets/graveyard/textures/entity/nameless_hanged.png; com/finallion/graveyard/entities/models/NamelessHangedModel.class; com/finallion/graveyard/entities/NamelessHangedEntity.class; assets/graveyard/animations/nameless_hanged/nameless_hanged.animation.json; output-gy/proveniencia.json,"evidence-gy/decompiled-full/com/finallion/graveyard/trades/NamelessHangedTradeOffers.java; evidence-gy/decompiled-full/com/finallion/graveyard/entities/NamelessHangedEntity.java:updateTrades,tick,mobInteract",[Usos/receitas vanilla](https://minecraft.wiki/w/black_shulker_box#Crafting)
Nameless Hanged,The Graveyard,"Mercador noturno; AbstractVillager, ofertas em Corruption","Dead Tree: entidade e ofertas constam no NBT da estrutura. Comércio somente à noite, não despawna por distância.",Comércio noturno (não morte),minecraft:diamond_boots,1,"Preço-base 32 graveyard:corruption; máximo 1 usos da oferta; 7–9 ofertas selecionadas por atualização entre 62 candidatas. Somente à noite; ao chegar dia offers=null. Preço pode ter ajustes do MerchantOffer. EnchantItem nível 5+nextInt(15), isto é 5–19; sem contar opções externas do registry.",Equipamento utilizável,Alta nos arquivos versionados; configuração/datapacks externos não confirmados,/images/bestiary/audited/gy/nameless-hanged.png,assets/graveyard/geo/nameless_hanged.geo.json; com/finallion/graveyard/entities/renders/NamelessHangedRenderer.class; assets/graveyard/textures/entity/nameless_hanged.png; com/finallion/graveyard/entities/models/NamelessHangedModel.class; com/finallion/graveyard/entities/NamelessHangedEntity.class; assets/graveyard/animations/nameless_hanged/nameless_hanged.animation.json; output-gy/proveniencia.json,"evidence-gy/decompiled-full/com/finallion/graveyard/trades/NamelessHangedTradeOffers.java; evidence-gy/decompiled-full/com/finallion/graveyard/entities/NamelessHangedEntity.java:updateTrades,tick,mobInteract",[Usos/receitas vanilla](https://minecraft.wiki/w/diamond_boots#Crafting)
Nameless Hanged,The Graveyard,"Mercador noturno; AbstractVillager, ofertas em Corruption","Dead Tree: entidade e ofertas constam no NBT da estrutura. Comércio somente à noite, não despawna por distância.",Comércio noturno (não morte),minecraft:diamond_chestplate,1,"Preço-base 32 graveyard:corruption; máximo 1 usos da oferta; 7–9 ofertas selecionadas por atualização entre 62 candidatas. Somente à noite; ao chegar dia offers=null. Preço pode ter ajustes do MerchantOffer. EnchantItem nível 5+nextInt(15), isto é 5–19; sem contar opções externas do registry.",Equipamento utilizável,Alta nos arquivos versionados; configuração/datapacks externos não confirmados,/images/bestiary/audited/gy/nameless-hanged.png,assets/graveyard/geo/nameless_hanged.geo.json; com/finallion/graveyard/entities/renders/NamelessHangedRenderer.class; assets/graveyard/textures/entity/nameless_hanged.png; com/finallion/graveyard/entities/models/NamelessHangedModel.class; com/finallion/graveyard/entities/NamelessHangedEntity.class; assets/graveyard/animations/nameless_hanged/nameless_hanged.animation.json; output-gy/proveniencia.json,"evidence-gy/decompiled-full/com/finallion/graveyard/trades/NamelessHangedTradeOffers.java; evidence-gy/decompiled-full/com/finallion/graveyard/entities/NamelessHangedEntity.java:updateTrades,tick,mobInteract",[Usos/receitas vanilla](https://minecraft.wiki/w/diamond_chestplate#Crafting)
Nameless Hanged,The Graveyard,"Mercador noturno; AbstractVillager, ofertas em Corruption","Dead Tree: entidade e ofertas constam no NBT da estrutura. Comércio somente à noite, não despawna por distância.",Comércio noturno (não morte),minecraft:diamond_helmet,1,"Preço-base 32 graveyard:corruption; máximo 1 usos da oferta; 7–9 ofertas selecionadas por atualização entre 62 candidatas. Somente à noite; ao chegar dia offers=null. Preço pode ter ajustes do MerchantOffer. EnchantItem nível 5+nextInt(15), isto é 5–19; sem contar opções externas do registry.",Equipamento utilizável,Alta nos arquivos versionados; configuração/datapacks externos não confirmados,/images/bestiary/audited/gy/nameless-hanged.png,assets/graveyard/geo/nameless_hanged.geo.json; com/finallion/graveyard/entities/renders/NamelessHangedRenderer.class; assets/graveyard/textures/entity/nameless_hanged.png; com/finallion/graveyard/entities/models/NamelessHangedModel.class; com/finallion/graveyard/entities/NamelessHangedEntity.class; assets/graveyard/animations/nameless_hanged/nameless_hanged.animation.json; output-gy/proveniencia.json,"evidence-gy/decompiled-full/com/finallion/graveyard/trades/NamelessHangedTradeOffers.java; evidence-gy/decompiled-full/com/finallion/graveyard/entities/NamelessHangedEntity.java:updateTrades,tick,mobInteract",[Usos/receitas vanilla](https://minecraft.wiki/w/diamond_helmet#Crafting)
Nameless Hanged,The Graveyard,"Mercador noturno; AbstractVillager, ofertas em Corruption","Dead Tree: entidade e ofertas constam no NBT da estrutura. Comércio somente à noite, não despawna por distância.",Comércio noturno (não morte),minecraft:diamond_leggings,1,"Preço-base 32 graveyard:corruption; máximo 1 usos da oferta; 7–9 ofertas selecionadas por atualização entre 62 candidatas. Somente à noite; ao chegar dia offers=null. Preço pode ter ajustes do MerchantOffer. EnchantItem nível 5+nextInt(15), isto é 5–19; sem contar opções externas do registry.",Equipamento utilizável,Alta nos arquivos versionados; configuração/datapacks externos não confirmados,/images/bestiary/audited/gy/nameless-hanged.png,assets/graveyard/geo/nameless_hanged.geo.json; com/finallion/graveyard/entities/renders/NamelessHangedRenderer.class; assets/graveyard/textures/entity/nameless_hanged.png; com/finallion/graveyard/entities/models/NamelessHangedModel.class; com/finallion/graveyard/entities/NamelessHangedEntity.class; assets/graveyard/animations/nameless_hanged/nameless_hanged.animation.json; output-gy/proveniencia.json,"evidence-gy/decompiled-full/com/finallion/graveyard/trades/NamelessHangedTradeOffers.java; evidence-gy/decompiled-full/com/finallion/graveyard/entities/NamelessHangedEntity.java:updateTrades,tick,mobInteract",[Usos/receitas vanilla](https://minecraft.wiki/w/diamond_leggings#Crafting)
Nameless Hanged,The Graveyard,"Mercador noturno; AbstractVillager, ofertas em Corruption","Dead Tree: entidade e ofertas constam no NBT da estrutura. Comércio somente à noite, não despawna por distância.",Comércio noturno (não morte),minecraft:diamond_sword,1,"Preço-base 32 graveyard:corruption; máximo 1 usos da oferta; 7–9 ofertas selecionadas por atualização entre 62 candidatas. Somente à noite; ao chegar dia offers=null. Preço pode ter ajustes do MerchantOffer. EnchantItem nível 5+nextInt(15), isto é 5–19; sem contar opções externas do registry.",Equipamento utilizável,Alta nos arquivos versionados; configuração/datapacks externos não confirmados,/images/bestiary/audited/gy/nameless-hanged.png,assets/graveyard/geo/nameless_hanged.geo.json; com/finallion/graveyard/entities/renders/NamelessHangedRenderer.class; assets/graveyard/textures/entity/nameless_hanged.png; com/finallion/graveyard/entities/models/NamelessHangedModel.class; com/finallion/graveyard/entities/NamelessHangedEntity.class; assets/graveyard/animations/nameless_hanged/nameless_hanged.animation.json; output-gy/proveniencia.json,"evidence-gy/decompiled-full/com/finallion/graveyard/trades/NamelessHangedTradeOffers.java; evidence-gy/decompiled-full/com/finallion/graveyard/entities/NamelessHangedEntity.java:updateTrades,tick,mobInteract",[Usos/receitas vanilla](https://minecraft.wiki/w/diamond_sword#Crafting)
Nameless Hanged,The Graveyard,"Mercador noturno; AbstractVillager, ofertas em Corruption","Dead Tree: entidade e ofertas constam no NBT da estrutura. Comércio somente à noite, não despawna por distância.",Comércio noturno (não morte),minecraft:diamond_axe,1,"Preço-base 32 graveyard:corruption; máximo 1 usos da oferta; 7–9 ofertas selecionadas por atualização entre 62 candidatas. Somente à noite; ao chegar dia offers=null. Preço pode ter ajustes do MerchantOffer. EnchantItem nível 5+nextInt(15), isto é 5–19; sem contar opções externas do registry.",Equipamento utilizável,Alta nos arquivos versionados; configuração/datapacks externos não confirmados,/images/bestiary/audited/gy/nameless-hanged.png,assets/graveyard/geo/nameless_hanged.geo.json; com/finallion/graveyard/entities/renders/NamelessHangedRenderer.class; assets/graveyard/textures/entity/nameless_hanged.png; com/finallion/graveyard/entities/models/NamelessHangedModel.class; com/finallion/graveyard/entities/NamelessHangedEntity.class; assets/graveyard/animations/nameless_hanged/nameless_hanged.animation.json; output-gy/proveniencia.json,"evidence-gy/decompiled-full/com/finallion/graveyard/trades/NamelessHangedTradeOffers.java; evidence-gy/decompiled-full/com/finallion/graveyard/entities/NamelessHangedEntity.java:updateTrades,tick,mobInteract",[Usos/receitas vanilla](https://minecraft.wiki/w/diamond_axe#Crafting)
Nameless Hanged,The Graveyard,"Mercador noturno; AbstractVillager, ofertas em Corruption","Dead Tree: entidade e ofertas constam no NBT da estrutura. Comércio somente à noite, não despawna por distância.",Comércio noturno (não morte),minecraft:iron_boots,1,"Preço-base 12 graveyard:corruption; máximo 1 usos da oferta; 7–9 ofertas selecionadas por atualização entre 62 candidatas. Somente à noite; ao chegar dia offers=null. Preço pode ter ajustes do MerchantOffer. EnchantItem nível 5+nextInt(15), isto é 5–19; sem contar opções externas do registry.",Equipamento utilizável,Alta nos arquivos versionados; configuração/datapacks externos não confirmados,/images/bestiary/audited/gy/nameless-hanged.png,assets/graveyard/geo/nameless_hanged.geo.json; com/finallion/graveyard/entities/renders/NamelessHangedRenderer.class; assets/graveyard/textures/entity/nameless_hanged.png; com/finallion/graveyard/entities/models/NamelessHangedModel.class; com/finallion/graveyard/entities/NamelessHangedEntity.class; assets/graveyard/animations/nameless_hanged/nameless_hanged.animation.json; output-gy/proveniencia.json,"evidence-gy/decompiled-full/com/finallion/graveyard/trades/NamelessHangedTradeOffers.java; evidence-gy/decompiled-full/com/finallion/graveyard/entities/NamelessHangedEntity.java:updateTrades,tick,mobInteract",[Usos/receitas vanilla](https://minecraft.wiki/w/iron_boots#Crafting)
Nameless Hanged,The Graveyard,"Mercador noturno; AbstractVillager, ofertas em Corruption","Dead Tree: entidade e ofertas constam no NBT da estrutura. Comércio somente à noite, não despawna por distância.",Comércio noturno (não morte),minecraft:iron_chestplate,1,"Preço-base 12 graveyard:corruption; máximo 1 usos da oferta; 7–9 ofertas selecionadas por atualização entre 62 candidatas. Somente à noite; ao chegar dia offers=null. Preço pode ter ajustes do MerchantOffer. EnchantItem nível 5+nextInt(15), isto é 5–19; sem contar opções externas do registry.",Equipamento utilizável,Alta nos arquivos versionados; configuração/datapacks externos não confirmados,/images/bestiary/audited/gy/nameless-hanged.png,assets/graveyard/geo/nameless_hanged.geo.json; com/finallion/graveyard/entities/renders/NamelessHangedRenderer.class; assets/graveyard/textures/entity/nameless_hanged.png; com/finallion/graveyard/entities/models/NamelessHangedModel.class; com/finallion/graveyard/entities/NamelessHangedEntity.class; assets/graveyard/animations/nameless_hanged/nameless_hanged.animation.json; output-gy/proveniencia.json,"evidence-gy/decompiled-full/com/finallion/graveyard/trades/NamelessHangedTradeOffers.java; evidence-gy/decompiled-full/com/finallion/graveyard/entities/NamelessHangedEntity.java:updateTrades,tick,mobInteract",[Usos/receitas vanilla](https://minecraft.wiki/w/iron_chestplate#Crafting)
Nameless Hanged,The Graveyard,"Mercador noturno; AbstractVillager, ofertas em Corruption","Dead Tree: entidade e ofertas constam no NBT da estrutura. Comércio somente à noite, não despawna por distância.",Comércio noturno (não morte),minecraft:iron_helmet,1,"Preço-base 12 graveyard:corruption; máximo 1 usos da oferta; 7–9 ofertas selecionadas por atualização entre 62 candidatas. Somente à noite; ao chegar dia offers=null. Preço pode ter ajustes do MerchantOffer. EnchantItem nível 5+nextInt(15), isto é 5–19; sem contar opções externas do registry.",Equipamento utilizável,Alta nos arquivos versionados; configuração/datapacks externos não confirmados,/images/bestiary/audited/gy/nameless-hanged.png,assets/graveyard/geo/nameless_hanged.geo.json; com/finallion/graveyard/entities/renders/NamelessHangedRenderer.class; assets/graveyard/textures/entity/nameless_hanged.png; com/finallion/graveyard/entities/models/NamelessHangedModel.class; com/finallion/graveyard/entities/NamelessHangedEntity.class; assets/graveyard/animations/nameless_hanged/nameless_hanged.animation.json; output-gy/proveniencia.json,"evidence-gy/decompiled-full/com/finallion/graveyard/trades/NamelessHangedTradeOffers.java; evidence-gy/decompiled-full/com/finallion/graveyard/entities/NamelessHangedEntity.java:updateTrades,tick,mobInteract",[Usos/receitas vanilla](https://minecraft.wiki/w/iron_helmet#Crafting)
Nameless Hanged,The Graveyard,"Mercador noturno; AbstractVillager, ofertas em Corruption","Dead Tree: entidade e ofertas constam no NBT da estrutura. Comércio somente à noite, não despawna por distância.",Comércio noturno (não morte),minecraft:iron_leggings,1,"Preço-base 12 graveyard:corruption; máximo 1 usos da oferta; 7–9 ofertas selecionadas por atualização entre 62 candidatas. Somente à noite; ao chegar dia offers=null. Preço pode ter ajustes do MerchantOffer. EnchantItem nível 5+nextInt(15), isto é 5–19; sem contar opções externas do registry.",Equipamento utilizável,Alta nos arquivos versionados; configuração/datapacks externos não confirmados,/images/bestiary/audited/gy/nameless-hanged.png,assets/graveyard/geo/nameless_hanged.geo.json; com/finallion/graveyard/entities/renders/NamelessHangedRenderer.class; assets/graveyard/textures/entity/nameless_hanged.png; com/finallion/graveyard/entities/models/NamelessHangedModel.class; com/finallion/graveyard/entities/NamelessHangedEntity.class; assets/graveyard/animations/nameless_hanged/nameless_hanged.animation.json; output-gy/proveniencia.json,"evidence-gy/decompiled-full/com/finallion/graveyard/trades/NamelessHangedTradeOffers.java; evidence-gy/decompiled-full/com/finallion/graveyard/entities/NamelessHangedEntity.java:updateTrades,tick,mobInteract",[Usos/receitas vanilla](https://minecraft.wiki/w/iron_leggings#Crafting)
Nameless Hanged,The Graveyard,"Mercador noturno; AbstractVillager, ofertas em Corruption","Dead Tree: entidade e ofertas constam no NBT da estrutura. Comércio somente à noite, não despawna por distância.",Comércio noturno (não morte),minecraft:iron_sword,1,"Preço-base 12 graveyard:corruption; máximo 1 usos da oferta; 7–9 ofertas selecionadas por atualização entre 62 candidatas. Somente à noite; ao chegar dia offers=null. Preço pode ter ajustes do MerchantOffer. EnchantItem nível 5+nextInt(15), isto é 5–19; sem contar opções externas do registry.",Equipamento utilizável,Alta nos arquivos versionados; configuração/datapacks externos não confirmados,/images/bestiary/audited/gy/nameless-hanged.png,assets/graveyard/geo/nameless_hanged.geo.json; com/finallion/graveyard/entities/renders/NamelessHangedRenderer.class; assets/graveyard/textures/entity/nameless_hanged.png; com/finallion/graveyard/entities/models/NamelessHangedModel.class; com/finallion/graveyard/entities/NamelessHangedEntity.class; assets/graveyard/animations/nameless_hanged/nameless_hanged.animation.json; output-gy/proveniencia.json,"evidence-gy/decompiled-full/com/finallion/graveyard/trades/NamelessHangedTradeOffers.java; evidence-gy/decompiled-full/com/finallion/graveyard/entities/NamelessHangedEntity.java:updateTrades,tick,mobInteract",[Usos/receitas vanilla](https://minecraft.wiki/w/iron_sword#Crafting)
Nameless Hanged,The Graveyard,"Mercador noturno; AbstractVillager, ofertas em Corruption","Dead Tree: entidade e ofertas constam no NBT da estrutura. Comércio somente à noite, não despawna por distância.",Comércio noturno (não morte),minecraft:iron_axe,1,"Preço-base 12 graveyard:corruption; máximo 1 usos da oferta; 7–9 ofertas selecionadas por atualização entre 62 candidatas. Somente à noite; ao chegar dia offers=null. Preço pode ter ajustes do MerchantOffer. EnchantItem nível 5+nextInt(15), isto é 5–19; sem contar opções externas do registry.",Equipamento utilizável,Alta nos arquivos versionados; configuração/datapacks externos não confirmados,/images/bestiary/audited/gy/nameless-hanged.png,assets/graveyard/geo/nameless_hanged.geo.json; com/finallion/graveyard/entities/renders/NamelessHangedRenderer.class; assets/graveyard/textures/entity/nameless_hanged.png; com/finallion/graveyard/entities/models/NamelessHangedModel.class; com/finallion/graveyard/entities/NamelessHangedEntity.class; assets/graveyard/animations/nameless_hanged/nameless_hanged.animation.json; output-gy/proveniencia.json,"evidence-gy/decompiled-full/com/finallion/graveyard/trades/NamelessHangedTradeOffers.java; evidence-gy/decompiled-full/com/finallion/graveyard/entities/NamelessHangedEntity.java:updateTrades,tick,mobInteract",[Usos/receitas vanilla](https://minecraft.wiki/w/iron_axe#Crafting)
Nameless Hanged,The Graveyard,"Mercador noturno; AbstractVillager, ofertas em Corruption","Dead Tree: entidade e ofertas constam no NBT da estrutura. Comércio somente à noite, não despawna por distância.",Comércio noturno (não morte),graveyard:upper_bone_staff,1,Preço-base 64 graveyard:corruption; máximo 1 usos da oferta; 7–9 ofertas selecionadas por atualização entre 62 candidatas. Somente à noite; ao chegar dia offers=null. Preço pode ter ajustes do MerchantOffer.,Fragmento Ominous Bone Staff do frame de invocação do Lich; não o cajado colorido que invoca Ghouling.,Alta nos arquivos versionados; configuração/datapacks externos não confirmados,/images/bestiary/audited/gy/nameless-hanged.png,assets/graveyard/geo/nameless_hanged.geo.json; com/finallion/graveyard/entities/renders/NamelessHangedRenderer.class; assets/graveyard/textures/entity/nameless_hanged.png; com/finallion/graveyard/entities/models/NamelessHangedModel.class; com/finallion/graveyard/entities/NamelessHangedEntity.class; assets/graveyard/animations/nameless_hanged/nameless_hanged.animation.json; output-gy/proveniencia.json,"evidence-gy/decompiled-full/com/finallion/graveyard/trades/NamelessHangedTradeOffers.java; evidence-gy/decompiled-full/com/finallion/graveyard/entities/NamelessHangedEntity.java:updateTrades,tick,mobInteract",Não há receita pertinente identificada no JAR; uso direto descrito na coluna Para que serve
Nameless Hanged,The Graveyard,"Mercador noturno; AbstractVillager, ofertas em Corruption","Dead Tree: entidade e ofertas constam no NBT da estrutura. Comércio somente à noite, não despawna por distância.",Comércio noturno (não morte),graveyard:lower_bone_staff,1,Preço-base 64 graveyard:corruption; máximo 1 usos da oferta; 7–9 ofertas selecionadas por atualização entre 62 candidatas. Somente à noite; ao chegar dia offers=null. Preço pode ter ajustes do MerchantOffer.,Fragmento Ominous Bone Staff do frame de invocação do Lich; não o cajado colorido que invoca Ghouling.,Alta nos arquivos versionados; configuração/datapacks externos não confirmados,/images/bestiary/audited/gy/nameless-hanged.png,assets/graveyard/geo/nameless_hanged.geo.json; com/finallion/graveyard/entities/renders/NamelessHangedRenderer.class; assets/graveyard/textures/entity/nameless_hanged.png; com/finallion/graveyard/entities/models/NamelessHangedModel.class; com/finallion/graveyard/entities/NamelessHangedEntity.class; assets/graveyard/animations/nameless_hanged/nameless_hanged.animation.json; output-gy/proveniencia.json,"evidence-gy/decompiled-full/com/finallion/graveyard/trades/NamelessHangedTradeOffers.java; evidence-gy/decompiled-full/com/finallion/graveyard/entities/NamelessHangedEntity.java:updateTrades,tick,mobInteract",Não há receita pertinente identificada no JAR; uso direto descrito na coluna Para que serve
Nameless Hanged,The Graveyard,"Mercador noturno; AbstractVillager, ofertas em Corruption","Dead Tree: entidade e ofertas constam no NBT da estrutura. Comércio somente à noite, não despawna por distância.",Comércio noturno (não morte),graveyard:middle_bone_staff,1,Preço-base 64 graveyard:corruption; máximo 1 usos da oferta; 7–9 ofertas selecionadas por atualização entre 62 candidatas. Somente à noite; ao chegar dia offers=null. Preço pode ter ajustes do MerchantOffer.,Fragmento Ominous Bone Staff do frame de invocação do Lich; não o cajado colorido que invoca Ghouling.,Alta nos arquivos versionados; configuração/datapacks externos não confirmados,/images/bestiary/audited/gy/nameless-hanged.png,assets/graveyard/geo/nameless_hanged.geo.json; com/finallion/graveyard/entities/renders/NamelessHangedRenderer.class; assets/graveyard/textures/entity/nameless_hanged.png; com/finallion/graveyard/entities/models/NamelessHangedModel.class; com/finallion/graveyard/entities/NamelessHangedEntity.class; assets/graveyard/animations/nameless_hanged/nameless_hanged.animation.json; output-gy/proveniencia.json,"evidence-gy/decompiled-full/com/finallion/graveyard/trades/NamelessHangedTradeOffers.java; evidence-gy/decompiled-full/com/finallion/graveyard/entities/NamelessHangedEntity.java:updateTrades,tick,mobInteract",Não há receita pertinente identificada no JAR; uso direto descrito na coluna Para que serve
Nameless Hanged,The Graveyard,"Mercador noturno; AbstractVillager, ofertas em Corruption","Dead Tree: entidade e ofertas constam no NBT da estrutura. Comércio somente à noite, não despawna por distância.",Comércio noturno (não morte),minecraft:wither_skeleton_skull,1,Preço-base 48 graveyard:corruption; máximo 1 usos da oferta; 7–9 ofertas selecionadas por atualização entre 62 candidatas. Somente à noite; ao chegar dia offers=null. Preço pode ter ajustes do MerchantOffer.,Item vanilla para invocar Wither/decoração,Alta nos arquivos versionados; configuração/datapacks externos não confirmados,/images/bestiary/audited/gy/nameless-hanged.png,assets/graveyard/geo/nameless_hanged.geo.json; com/finallion/graveyard/entities/renders/NamelessHangedRenderer.class; assets/graveyard/textures/entity/nameless_hanged.png; com/finallion/graveyard/entities/models/NamelessHangedModel.class; com/finallion/graveyard/entities/NamelessHangedEntity.class; assets/graveyard/animations/nameless_hanged/nameless_hanged.animation.json; output-gy/proveniencia.json,"evidence-gy/decompiled-full/com/finallion/graveyard/trades/NamelessHangedTradeOffers.java; evidence-gy/decompiled-full/com/finallion/graveyard/entities/NamelessHangedEntity.java:updateTrades,tick,mobInteract",[Usos/receitas vanilla](https://minecraft.wiki/w/wither_skeleton_skull#Crafting)
Nameless Hanged,The Graveyard,"Mercador noturno; AbstractVillager, ofertas em Corruption","Dead Tree: entidade e ofertas constam no NBT da estrutura. Comércio somente à noite, não despawna por distância.",Comércio noturno (não morte),minecraft:chain,1,Preço-base 3 graveyard:corruption; máximo 12 usos da oferta; 7–9 ofertas selecionadas por atualização entre 62 candidatas. Somente à noite; ao chegar dia offers=null. Preço pode ter ajustes do MerchantOffer.,Item vanilla para construção,Alta nos arquivos versionados; configuração/datapacks externos não confirmados,/images/bestiary/audited/gy/nameless-hanged.png,assets/graveyard/geo/nameless_hanged.geo.json; com/finallion/graveyard/entities/renders/NamelessHangedRenderer.class; assets/graveyard/textures/entity/nameless_hanged.png; com/finallion/graveyard/entities/models/NamelessHangedModel.class; com/finallion/graveyard/entities/NamelessHangedEntity.class; assets/graveyard/animations/nameless_hanged/nameless_hanged.animation.json; output-gy/proveniencia.json,"evidence-gy/decompiled-full/com/finallion/graveyard/trades/NamelessHangedTradeOffers.java; evidence-gy/decompiled-full/com/finallion/graveyard/entities/NamelessHangedEntity.java:updateTrades,tick,mobInteract",[Usos/receitas vanilla](https://minecraft.wiki/w/chain#Crafting)
Nameless Hanged,The Graveyard,"Mercador noturno; AbstractVillager, ofertas em Corruption","Dead Tree: entidade e ofertas constam no NBT da estrutura. Comércio somente à noite, não despawna por distância.",Comércio noturno (não morte),minecraft:cobweb,1,Preço-base 2 graveyard:corruption; máximo 12 usos da oferta; 7–9 ofertas selecionadas por atualização entre 62 candidatas. Somente à noite; ao chegar dia offers=null. Preço pode ter ajustes do MerchantOffer.,Item vanilla para construção/armadilha,Alta nos arquivos versionados; configuração/datapacks externos não confirmados,/images/bestiary/audited/gy/nameless-hanged.png,assets/graveyard/geo/nameless_hanged.geo.json; com/finallion/graveyard/entities/renders/NamelessHangedRenderer.class; assets/graveyard/textures/entity/nameless_hanged.png; com/finallion/graveyard/entities/models/NamelessHangedModel.class; com/finallion/graveyard/entities/NamelessHangedEntity.class; assets/graveyard/animations/nameless_hanged/nameless_hanged.animation.json; output-gy/proveniencia.json,"evidence-gy/decompiled-full/com/finallion/graveyard/trades/NamelessHangedTradeOffers.java; evidence-gy/decompiled-full/com/finallion/graveyard/entities/NamelessHangedEntity.java:updateTrades,tick,mobInteract",[Usos/receitas vanilla](https://minecraft.wiki/w/cobweb#Crafting)
Nameless Hanged,The Graveyard,"Mercador noturno; AbstractVillager, ofertas em Corruption","Dead Tree: entidade e ofertas constam no NBT da estrutura. Comércio somente à noite, não despawna por distância.",Comércio noturno (não morte),minecraft:skeleton_skull,1,Preço-base 5 graveyard:corruption; máximo 6 usos da oferta; 7–9 ofertas selecionadas por atualização entre 62 candidatas. Somente à noite; ao chegar dia offers=null. Preço pode ter ajustes do MerchantOffer.,Item vanilla para decoração,Alta nos arquivos versionados; configuração/datapacks externos não confirmados,/images/bestiary/audited/gy/nameless-hanged.png,assets/graveyard/geo/nameless_hanged.geo.json; com/finallion/graveyard/entities/renders/NamelessHangedRenderer.class; assets/graveyard/textures/entity/nameless_hanged.png; com/finallion/graveyard/entities/models/NamelessHangedModel.class; com/finallion/graveyard/entities/NamelessHangedEntity.class; assets/graveyard/animations/nameless_hanged/nameless_hanged.animation.json; output-gy/proveniencia.json,"evidence-gy/decompiled-full/com/finallion/graveyard/trades/NamelessHangedTradeOffers.java; evidence-gy/decompiled-full/com/finallion/graveyard/entities/NamelessHangedEntity.java:updateTrades,tick,mobInteract",[Usos/receitas vanilla](https://minecraft.wiki/w/skeleton_skull#Crafting)
Nameless Hanged,The Graveyard,"Mercador noturno; AbstractVillager, ofertas em Corruption","Dead Tree: entidade e ofertas constam no NBT da estrutura. Comércio somente à noite, não despawna por distância.",Comércio noturno (não morte),minecraft:rotten_flesh,1,Preço-base 1 graveyard:corruption; máximo 12 usos da oferta; 7–9 ofertas selecionadas por atualização entre 62 candidatas. Somente à noite; ao chegar dia offers=null. Preço pode ter ajustes do MerchantOffer.,Comida de emergência; comércio/cura de aldeão zumbi em contextos vanilla,Alta nos arquivos versionados; configuração/datapacks externos não confirmados,/images/bestiary/audited/gy/nameless-hanged.png,assets/graveyard/geo/nameless_hanged.geo.json; com/finallion/graveyard/entities/renders/NamelessHangedRenderer.class; assets/graveyard/textures/entity/nameless_hanged.png; com/finallion/graveyard/entities/models/NamelessHangedModel.class; com/finallion/graveyard/entities/NamelessHangedEntity.class; assets/graveyard/animations/nameless_hanged/nameless_hanged.animation.json; output-gy/proveniencia.json,"evidence-gy/decompiled-full/com/finallion/graveyard/trades/NamelessHangedTradeOffers.java; evidence-gy/decompiled-full/com/finallion/graveyard/entities/NamelessHangedEntity.java:updateTrades,tick,mobInteract",[Usos/receitas vanilla](https://minecraft.wiki/w/rotten_flesh#Crafting)
Nameless Hanged,The Graveyard,"Mercador noturno; AbstractVillager, ofertas em Corruption","Dead Tree: entidade e ofertas constam no NBT da estrutura. Comércio somente à noite, não despawna por distância.",Comércio noturno (não morte),minecraft:gunpowder,1,Preço-base 1 graveyard:corruption; máximo 12 usos da oferta; 7–9 ofertas selecionadas por atualização entre 62 candidatas. Somente à noite; ao chegar dia offers=null. Preço pode ter ajustes do MerchantOffer.,Item vanilla para TNT/fogos/poção splash,Alta nos arquivos versionados; configuração/datapacks externos não confirmados,/images/bestiary/audited/gy/nameless-hanged.png,assets/graveyard/geo/nameless_hanged.geo.json; com/finallion/graveyard/entities/renders/NamelessHangedRenderer.class; assets/graveyard/textures/entity/nameless_hanged.png; com/finallion/graveyard/entities/models/NamelessHangedModel.class; com/finallion/graveyard/entities/NamelessHangedEntity.class; assets/graveyard/animations/nameless_hanged/nameless_hanged.animation.json; output-gy/proveniencia.json,"evidence-gy/decompiled-full/com/finallion/graveyard/trades/NamelessHangedTradeOffers.java; evidence-gy/decompiled-full/com/finallion/graveyard/entities/NamelessHangedEntity.java:updateTrades,tick,mobInteract",[Usos/receitas vanilla](https://minecraft.wiki/w/gunpowder#Crafting)
Nameless Hanged,The Graveyard,"Mercador noturno; AbstractVillager, ofertas em Corruption","Dead Tree: entidade e ofertas constam no NBT da estrutura. Comércio somente à noite, não despawna por distância.",Comércio noturno (não morte),minecraft:glow_berries,1,Preço-base 2 graveyard:corruption; máximo 12 usos da oferta; 7–9 ofertas selecionadas por atualização entre 62 candidatas. Somente à noite; ao chegar dia offers=null. Preço pode ter ajustes do MerchantOffer.,Item vanilla para alimento/iluminação,Alta nos arquivos versionados; configuração/datapacks externos não confirmados,/images/bestiary/audited/gy/nameless-hanged.png,assets/graveyard/geo/nameless_hanged.geo.json; com/finallion/graveyard/entities/renders/NamelessHangedRenderer.class; assets/graveyard/textures/entity/nameless_hanged.png; com/finallion/graveyard/entities/models/NamelessHangedModel.class; com/finallion/graveyard/entities/NamelessHangedEntity.class; assets/graveyard/animations/nameless_hanged/nameless_hanged.animation.json; output-gy/proveniencia.json,"evidence-gy/decompiled-full/com/finallion/graveyard/trades/NamelessHangedTradeOffers.java; evidence-gy/decompiled-full/com/finallion/graveyard/entities/NamelessHangedEntity.java:updateTrades,tick,mobInteract",[Usos/receitas vanilla](https://minecraft.wiki/w/glow_berries#Crafting)
Nameless Hanged,The Graveyard,"Mercador noturno; AbstractVillager, ofertas em Corruption","Dead Tree: entidade e ofertas constam no NBT da estrutura. Comércio somente à noite, não despawna por distância.",Comércio noturno (não morte),minecraft:ender_pearl,1,Preço-base 4 graveyard:corruption; máximo 12 usos da oferta; 7–9 ofertas selecionadas por atualização entre 62 candidatas. Somente à noite; ao chegar dia offers=null. Preço pode ter ajustes do MerchantOffer.,Item vanilla para teleporte/Eye of Ender,Alta nos arquivos versionados; configuração/datapacks externos não confirmados,/images/bestiary/audited/gy/nameless-hanged.png,assets/graveyard/geo/nameless_hanged.geo.json; com/finallion/graveyard/entities/renders/NamelessHangedRenderer.class; assets/graveyard/textures/entity/nameless_hanged.png; com/finallion/graveyard/entities/models/NamelessHangedModel.class; com/finallion/graveyard/entities/NamelessHangedEntity.class; assets/graveyard/animations/nameless_hanged/nameless_hanged.animation.json; output-gy/proveniencia.json,"evidence-gy/decompiled-full/com/finallion/graveyard/trades/NamelessHangedTradeOffers.java; evidence-gy/decompiled-full/com/finallion/graveyard/entities/NamelessHangedEntity.java:updateTrades,tick,mobInteract",[Usos/receitas vanilla](https://minecraft.wiki/w/ender_pearl#Crafting)
Nameless Hanged,The Graveyard,"Mercador noturno; AbstractVillager, ofertas em Corruption","Dead Tree: entidade e ofertas constam no NBT da estrutura. Comércio somente à noite, não despawna por distância.",Comércio noturno (não morte),minecraft:string,1,Preço-base 1 graveyard:corruption; máximo 12 usos da oferta; 7–9 ofertas selecionadas por atualização entre 62 candidatas. Somente à noite; ao chegar dia offers=null. Preço pode ter ajustes do MerchantOffer.,Item vanilla para arcos/lã,Alta nos arquivos versionados; configuração/datapacks externos não confirmados,/images/bestiary/audited/gy/nameless-hanged.png,assets/graveyard/geo/nameless_hanged.geo.json; com/finallion/graveyard/entities/renders/NamelessHangedRenderer.class; assets/graveyard/textures/entity/nameless_hanged.png; com/finallion/graveyard/entities/models/NamelessHangedModel.class; com/finallion/graveyard/entities/NamelessHangedEntity.class; assets/graveyard/animations/nameless_hanged/nameless_hanged.animation.json; output-gy/proveniencia.json,"evidence-gy/decompiled-full/com/finallion/graveyard/trades/NamelessHangedTradeOffers.java; evidence-gy/decompiled-full/com/finallion/graveyard/entities/NamelessHangedEntity.java:updateTrades,tick,mobInteract",[Usos/receitas vanilla](https://minecraft.wiki/w/string#Crafting)
Nameless Hanged,The Graveyard,"Mercador noturno; AbstractVillager, ofertas em Corruption","Dead Tree: entidade e ofertas constam no NBT da estrutura. Comércio somente à noite, não despawna por distância.",Comércio noturno (não morte),minecraft:slime_ball,1,Preço-base 2 graveyard:corruption; máximo 12 usos da oferta; 7–9 ofertas selecionadas por atualização entre 62 candidatas. Somente à noite; ao chegar dia offers=null. Preço pode ter ajustes do MerchantOffer.,Item vanilla para sticky piston/lead,Alta nos arquivos versionados; configuração/datapacks externos não confirmados,/images/bestiary/audited/gy/nameless-hanged.png,assets/graveyard/geo/nameless_hanged.geo.json; com/finallion/graveyard/entities/renders/NamelessHangedRenderer.class; assets/graveyard/textures/entity/nameless_hanged.png; com/finallion/graveyard/entities/models/NamelessHangedModel.class; com/finallion/graveyard/entities/NamelessHangedEntity.class; assets/graveyard/animations/nameless_hanged/nameless_hanged.animation.json; output-gy/proveniencia.json,"evidence-gy/decompiled-full/com/finallion/graveyard/trades/NamelessHangedTradeOffers.java; evidence-gy/decompiled-full/com/finallion/graveyard/entities/NamelessHangedEntity.java:updateTrades,tick,mobInteract",[Usos/receitas vanilla](https://minecraft.wiki/w/slime_ball#Crafting)
Nameless Hanged,The Graveyard,"Mercador noturno; AbstractVillager, ofertas em Corruption","Dead Tree: entidade e ofertas constam no NBT da estrutura. Comércio somente à noite, não despawna por distância.",Comércio noturno (não morte),minecraft:tnt,1,Preço-base 8 graveyard:corruption; máximo 6 usos da oferta; 7–9 ofertas selecionadas por atualização entre 62 candidatas. Somente à noite; ao chegar dia offers=null. Preço pode ter ajustes do MerchantOffer.,Item vanilla para explosões,Alta nos arquivos versionados; configuração/datapacks externos não confirmados,/images/bestiary/audited/gy/nameless-hanged.png,assets/graveyard/geo/nameless_hanged.geo.json; com/finallion/graveyard/entities/renders/NamelessHangedRenderer.class; assets/graveyard/textures/entity/nameless_hanged.png; com/finallion/graveyard/entities/models/NamelessHangedModel.class; com/finallion/graveyard/entities/NamelessHangedEntity.class; assets/graveyard/animations/nameless_hanged/nameless_hanged.animation.json; output-gy/proveniencia.json,"evidence-gy/decompiled-full/com/finallion/graveyard/trades/NamelessHangedTradeOffers.java; evidence-gy/decompiled-full/com/finallion/graveyard/entities/NamelessHangedEntity.java:updateTrades,tick,mobInteract",[Usos/receitas vanilla](https://minecraft.wiki/w/tnt#Crafting)
Nameless Hanged,The Graveyard,"Mercador noturno; AbstractVillager, ofertas em Corruption","Dead Tree: entidade e ofertas constam no NBT da estrutura. Comércio somente à noite, não despawna por distância.",Comércio noturno (não morte),minecraft:warped_fungus,1,Preço-base 2 graveyard:corruption; máximo 12 usos da oferta; 7–9 ofertas selecionadas por atualização entre 62 candidatas. Somente à noite; ao chegar dia offers=null. Preço pode ter ajustes do MerchantOffer.,Item vanilla para cultivo/atrair Strider,Alta nos arquivos versionados; configuração/datapacks externos não confirmados,/images/bestiary/audited/gy/nameless-hanged.png,assets/graveyard/geo/nameless_hanged.geo.json; com/finallion/graveyard/entities/renders/NamelessHangedRenderer.class; assets/graveyard/textures/entity/nameless_hanged.png; com/finallion/graveyard/entities/models/NamelessHangedModel.class; com/finallion/graveyard/entities/NamelessHangedEntity.class; assets/graveyard/animations/nameless_hanged/nameless_hanged.animation.json; output-gy/proveniencia.json,"evidence-gy/decompiled-full/com/finallion/graveyard/trades/NamelessHangedTradeOffers.java; evidence-gy/decompiled-full/com/finallion/graveyard/entities/NamelessHangedEntity.java:updateTrades,tick,mobInteract",[Usos/receitas vanilla](https://minecraft.wiki/w/warped_fungus#Crafting)
Nameless Hanged,The Graveyard,"Mercador noturno; AbstractVillager, ofertas em Corruption","Dead Tree: entidade e ofertas constam no NBT da estrutura. Comércio somente à noite, não despawna por distância.",Comércio noturno (não morte),minecraft:crimson_fungus,1,Preço-base 2 graveyard:corruption; máximo 12 usos da oferta; 7–9 ofertas selecionadas por atualização entre 62 candidatas. Somente à noite; ao chegar dia offers=null. Preço pode ter ajustes do MerchantOffer.,Item vanilla para cultivo,Alta nos arquivos versionados; configuração/datapacks externos não confirmados,/images/bestiary/audited/gy/nameless-hanged.png,assets/graveyard/geo/nameless_hanged.geo.json; com/finallion/graveyard/entities/renders/NamelessHangedRenderer.class; assets/graveyard/textures/entity/nameless_hanged.png; com/finallion/graveyard/entities/models/NamelessHangedModel.class; com/finallion/graveyard/entities/NamelessHangedEntity.class; assets/graveyard/animations/nameless_hanged/nameless_hanged.animation.json; output-gy/proveniencia.json,"evidence-gy/decompiled-full/com/finallion/graveyard/trades/NamelessHangedTradeOffers.java; evidence-gy/decompiled-full/com/finallion/graveyard/entities/NamelessHangedEntity.java:updateTrades,tick,mobInteract",[Usos/receitas vanilla](https://minecraft.wiki/w/crimson_fungus#Crafting)
Nameless Hanged,The Graveyard,"Mercador noturno; AbstractVillager, ofertas em Corruption","Dead Tree: entidade e ofertas constam no NBT da estrutura. Comércio somente à noite, não despawna por distância.",Comércio noturno (não morte),minecraft:dark_oak_log,32,Preço-base 12 graveyard:corruption; máximo 6 usos da oferta; 7–9 ofertas selecionadas por atualização entre 62 candidatas. Somente à noite; ao chegar dia offers=null. Preço pode ter ajustes do MerchantOffer.,Item vanilla para construção,Alta nos arquivos versionados; configuração/datapacks externos não confirmados,/images/bestiary/audited/gy/nameless-hanged.png,assets/graveyard/geo/nameless_hanged.geo.json; com/finallion/graveyard/entities/renders/NamelessHangedRenderer.class; assets/graveyard/textures/entity/nameless_hanged.png; com/finallion/graveyard/entities/models/NamelessHangedModel.class; com/finallion/graveyard/entities/NamelessHangedEntity.class; assets/graveyard/animations/nameless_hanged/nameless_hanged.animation.json; output-gy/proveniencia.json,"evidence-gy/decompiled-full/com/finallion/graveyard/trades/NamelessHangedTradeOffers.java; evidence-gy/decompiled-full/com/finallion/graveyard/entities/NamelessHangedEntity.java:updateTrades,tick,mobInteract",[Usos/receitas vanilla](https://minecraft.wiki/w/dark_oak_log#Crafting)
Nameless Hanged,The Graveyard,"Mercador noturno; AbstractVillager, ofertas em Corruption","Dead Tree: entidade e ofertas constam no NBT da estrutura. Comércio somente à noite, não despawna por distância.",Comércio noturno (não morte),minecraft:ancient_debris,1,Preço-base 16 graveyard:corruption; máximo 1 usos da oferta; 7–9 ofertas selecionadas por atualização entre 62 candidatas. Somente à noite; ao chegar dia offers=null. Preço pode ter ajustes do MerchantOffer.,Item vanilla para fundir em Netherite Scrap,Alta nos arquivos versionados; configuração/datapacks externos não confirmados,/images/bestiary/audited/gy/nameless-hanged.png,assets/graveyard/geo/nameless_hanged.geo.json; com/finallion/graveyard/entities/renders/NamelessHangedRenderer.class; assets/graveyard/textures/entity/nameless_hanged.png; com/finallion/graveyard/entities/models/NamelessHangedModel.class; com/finallion/graveyard/entities/NamelessHangedEntity.class; assets/graveyard/animations/nameless_hanged/nameless_hanged.animation.json; output-gy/proveniencia.json,"evidence-gy/decompiled-full/com/finallion/graveyard/trades/NamelessHangedTradeOffers.java; evidence-gy/decompiled-full/com/finallion/graveyard/entities/NamelessHangedEntity.java:updateTrades,tick,mobInteract",[Usos/receitas vanilla](https://minecraft.wiki/w/ancient_debris#Crafting)
Nameless Hanged,The Graveyard,"Mercador noturno; AbstractVillager, ofertas em Corruption","Dead Tree: entidade e ofertas constam no NBT da estrutura. Comércio somente à noite, não despawna por distância.",Comércio noturno (não morte),minecraft:mud,32,Preço-base 8 graveyard:corruption; máximo 6 usos da oferta; 7–9 ofertas selecionadas por atualização entre 62 candidatas. Somente à noite; ao chegar dia offers=null. Preço pode ter ajustes do MerchantOffer.,Item vanilla para construção/Packed Mud,Alta nos arquivos versionados; configuração/datapacks externos não confirmados,/images/bestiary/audited/gy/nameless-hanged.png,assets/graveyard/geo/nameless_hanged.geo.json; com/finallion/graveyard/entities/renders/NamelessHangedRenderer.class; assets/graveyard/textures/entity/nameless_hanged.png; com/finallion/graveyard/entities/models/NamelessHangedModel.class; com/finallion/graveyard/entities/NamelessHangedEntity.class; assets/graveyard/animations/nameless_hanged/nameless_hanged.animation.json; output-gy/proveniencia.json,"evidence-gy/decompiled-full/com/finallion/graveyard/trades/NamelessHangedTradeOffers.java; evidence-gy/decompiled-full/com/finallion/graveyard/entities/NamelessHangedEntity.java:updateTrades,tick,mobInteract",[Usos/receitas vanilla](https://minecraft.wiki/w/mud#Crafting)
Nameless Hanged,The Graveyard,"Mercador noturno; AbstractVillager, ofertas em Corruption","Dead Tree: entidade e ofertas constam no NBT da estrutura. Comércio somente à noite, não despawna por distância.",Comércio noturno (não morte),minecraft:soul_sand,16,Preço-base 8 graveyard:corruption; máximo 6 usos da oferta; 7–9 ofertas selecionadas por atualização entre 62 candidatas. Somente à noite; ao chegar dia offers=null. Preço pode ter ajustes do MerchantOffer.,Cultivo de Nether Wart e construção,Alta nos arquivos versionados; configuração/datapacks externos não confirmados,/images/bestiary/audited/gy/nameless-hanged.png,assets/graveyard/geo/nameless_hanged.geo.json; com/finallion/graveyard/entities/renders/NamelessHangedRenderer.class; assets/graveyard/textures/entity/nameless_hanged.png; com/finallion/graveyard/entities/models/NamelessHangedModel.class; com/finallion/graveyard/entities/NamelessHangedEntity.class; assets/graveyard/animations/nameless_hanged/nameless_hanged.animation.json; output-gy/proveniencia.json,"evidence-gy/decompiled-full/com/finallion/graveyard/trades/NamelessHangedTradeOffers.java; evidence-gy/decompiled-full/com/finallion/graveyard/entities/NamelessHangedEntity.java:updateTrades,tick,mobInteract",[Usos/receitas vanilla](https://minecraft.wiki/w/soul_sand#Crafting)
Nameless Hanged,The Graveyard,"Mercador noturno; AbstractVillager, ofertas em Corruption","Dead Tree: entidade e ofertas constam no NBT da estrutura. Comércio somente à noite, não despawna por distância.",Comércio noturno (não morte),minecraft:soul_soil,16,Preço-base 8 graveyard:corruption; máximo 6 usos da oferta; 7–9 ofertas selecionadas por atualização entre 62 candidatas. Somente à noite; ao chegar dia offers=null. Preço pode ter ajustes do MerchantOffer.,Item vanilla para construção/soul fire,Alta nos arquivos versionados; configuração/datapacks externos não confirmados,/images/bestiary/audited/gy/nameless-hanged.png,assets/graveyard/geo/nameless_hanged.geo.json; com/finallion/graveyard/entities/renders/NamelessHangedRenderer.class; assets/graveyard/textures/entity/nameless_hanged.png; com/finallion/graveyard/entities/models/NamelessHangedModel.class; com/finallion/graveyard/entities/NamelessHangedEntity.class; assets/graveyard/animations/nameless_hanged/nameless_hanged.animation.json; output-gy/proveniencia.json,"evidence-gy/decompiled-full/com/finallion/graveyard/trades/NamelessHangedTradeOffers.java; evidence-gy/decompiled-full/com/finallion/graveyard/entities/NamelessHangedEntity.java:updateTrades,tick,mobInteract",/bestiary/receitas/gy.html#receita-soul-fire-brazier | [Receita soul_fire_brazier](lote-8-mods-2026-10-06/gy-cards-2026-10-06.md#receita-soul-fire-brazier) — evidence-gy/graveyard-2.6.2 NeoForge 1.21.1.jar::data/graveyard/recipe/soul_fire_brazier.json
Nameless Hanged,The Graveyard,"Mercador noturno; AbstractVillager, ofertas em Corruption","Dead Tree: entidade e ofertas constam no NBT da estrutura. Comércio somente à noite, não despawna por distância.",Comércio noturno (não morte),minecraft:nether_brick,1,Preço-base 1 graveyard:corruption; máximo 24 usos da oferta; 7–9 ofertas selecionadas por atualização entre 62 candidatas. Somente à noite; ao chegar dia offers=null. Preço pode ter ajustes do MerchantOffer.,Item vanilla para Nether Bricks,Alta nos arquivos versionados; configuração/datapacks externos não confirmados,/images/bestiary/audited/gy/nameless-hanged.png,assets/graveyard/geo/nameless_hanged.geo.json; com/finallion/graveyard/entities/renders/NamelessHangedRenderer.class; assets/graveyard/textures/entity/nameless_hanged.png; com/finallion/graveyard/entities/models/NamelessHangedModel.class; com/finallion/graveyard/entities/NamelessHangedEntity.class; assets/graveyard/animations/nameless_hanged/nameless_hanged.animation.json; output-gy/proveniencia.json,"evidence-gy/decompiled-full/com/finallion/graveyard/trades/NamelessHangedTradeOffers.java; evidence-gy/decompiled-full/com/finallion/graveyard/entities/NamelessHangedEntity.java:updateTrades,tick,mobInteract",[Usos/receitas vanilla](https://minecraft.wiki/w/nether_brick#Crafting)
Nameless Hanged,The Graveyard,"Mercador noturno; AbstractVillager, ofertas em Corruption","Dead Tree: entidade e ofertas constam no NBT da estrutura. Comércio somente à noite, não despawna por distância.",Comércio noturno (não morte),minecraft:poisonous_potato,1,Preço-base 10 graveyard:corruption; máximo 1 usos da oferta; 7–9 ofertas selecionadas por atualização entre 62 candidatas. Somente à noite; ao chegar dia offers=null. Preço pode ter ajustes do MerchantOffer.,Item vanilla para comida arriscada; não uso de brewing atribuído,Alta nos arquivos versionados; configuração/datapacks externos não confirmados,/images/bestiary/audited/gy/nameless-hanged.png,assets/graveyard/geo/nameless_hanged.geo.json; com/finallion/graveyard/entities/renders/NamelessHangedRenderer.class; assets/graveyard/textures/entity/nameless_hanged.png; com/finallion/graveyard/entities/models/NamelessHangedModel.class; com/finallion/graveyard/entities/NamelessHangedEntity.class; assets/graveyard/animations/nameless_hanged/nameless_hanged.animation.json; output-gy/proveniencia.json,"evidence-gy/decompiled-full/com/finallion/graveyard/trades/NamelessHangedTradeOffers.java; evidence-gy/decompiled-full/com/finallion/graveyard/entities/NamelessHangedEntity.java:updateTrades,tick,mobInteract",[Usos/receitas vanilla](https://minecraft.wiki/w/poisonous_potato#Crafting)
Nameless Hanged,The Graveyard,"Mercador noturno; AbstractVillager, ofertas em Corruption","Dead Tree: entidade e ofertas constam no NBT da estrutura. Comércio somente à noite, não despawna por distância.",Comércio noturno (não morte),graveyard:dark_iron_ingot,1,Preço-base 4 graveyard:corruption; máximo 6 usos da oferta; 7–9 ofertas selecionadas por atualização entre 62 candidatas. Somente à noite; ao chegar dia offers=null. Preço pode ter ajustes do MerchantOffer.,Material/bloco de construção/decorativo do registro; receitas pertinentes vinculadas; não foi inventado efeito de combate.,Alta nos arquivos versionados; configuração/datapacks externos não confirmados,/images/bestiary/audited/gy/nameless-hanged.png,assets/graveyard/geo/nameless_hanged.geo.json; com/finallion/graveyard/entities/renders/NamelessHangedRenderer.class; assets/graveyard/textures/entity/nameless_hanged.png; com/finallion/graveyard/entities/models/NamelessHangedModel.class; com/finallion/graveyard/entities/NamelessHangedEntity.class; assets/graveyard/animations/nameless_hanged/nameless_hanged.animation.json; output-gy/proveniencia.json,"evidence-gy/decompiled-full/com/finallion/graveyard/trades/NamelessHangedTradeOffers.java; evidence-gy/decompiled-full/com/finallion/graveyard/entities/NamelessHangedEntity.java:updateTrades,tick,mobInteract",/bestiary/receitas/gy.html#receita-acacia-coffin | [Receita acacia_coffin](lote-8-mods-2026-10-06/gy-cards-2026-10-06.md#receita-acacia-coffin) — evidence-gy/graveyard-2.6.2 NeoForge 1.21.1.jar::data/graveyard/recipe/acacia_coffin.json; [Receita bamboo_coffin](lote-8-mods-2026-10-06/gy-cards-2026-10-06.md#receita-bamboo-coffin) — evidence-gy/graveyard-2.6.2 NeoForge 1.21.1.jar::data/graveyard/recipe/bamboo_coffin.json; [Receita birch_coffin](lote-8-mods-2026-10-06/gy-cards-2026-10-06.md#receita-birch-coffin) — evidence-gy/graveyard-2.6.2 NeoForge 1.21.1.jar::data/graveyard/recipe/birch_coffin.json; [Receita candle_holder](lote-8-mods-2026-10-06/gy-cards-2026-10-06.md#receita-candle-holder) — evidence-gy/graveyard-2.6.2 NeoForge 1.21.1.jar::data/graveyard/recipe/candle_holder.json; [Receita cherry_coffin](lote-8-mods-2026-10-06/gy-cards-2026-10-06.md#receita-cherry-coffin) — evidence-gy/graveyard-2.6.2 NeoForge 1.21.1.jar::data/graveyard/recipe/cherry_coffin.json; [Receita crimson_coffin](lote-8-mods-2026-10-06/gy-cards-2026-10-06.md#receita-crimson-coffin) — evidence-gy/graveyard-2.6.2 NeoForge 1.21.1.jar::data/graveyard/recipe/crimson_coffin.json; [Receita dark_iron_bars](lote-8-mods-2026-10-06/gy-cards-2026-10-06.md#receita-dark-iron-bars) — evidence-gy/graveyard-2.6.2 NeoForge 1.21.1.jar::data/graveyard/recipe/dark_iron_bars.json; [Receita dark_iron_block](lote-8-mods-2026-10-06/gy-cards-2026-10-06.md#receita-dark-iron-block) — evidence-gy/graveyard-2.6.2 NeoForge 1.21.1.jar::data/graveyard/recipe/dark_iron_block.json; [Receita dark_iron_door](lote-8-mods-2026-10-06/gy-cards-2026-10-06.md#receita-dark-iron-door) — evidence-gy/graveyard-2.6.2 NeoForge 1.21.1.jar::data/graveyard/recipe/dark_iron_door.json; [Receita dark_iron_ingot](lote-8-mods-2026-10-06/gy-cards-2026-10-06.md#receita-dark-iron-ingot) — evidence-gy/graveyard-2.6.2 NeoForge 1.21.1.jar::data/graveyard/recipe/dark_iron_ingot.json; [Receita dark_iron_ingot_from_dark_iron_block](lote-8-mods-2026-10-06/gy-cards-2026-10-06.md#receita-dark-iron-ingot-from-dark-iron-block) — evidence-gy/graveyard-2.6.2 NeoForge 1.21.1.jar::data/graveyard/recipe/dark_iron_ingot_from_dark_iron_block.json; [Receita dark_iron_trapdoor](lote-8-mods-2026-10-06/gy-cards-2026-10-06.md#receita-dark-iron-trapdoor) — evidence-gy/graveyard-2.6.2 NeoForge 1.21.1.jar::data/graveyard/recipe/dark_iron_trapdoor.json; [Receita dark_oak_coffin](lote-8-mods-2026-10-06/gy-cards-2026-10-06.md#receita-dark-oak-coffin) — evidence-gy/graveyard-2.6.2 NeoForge 1.21.1.jar::data/graveyard/recipe/dark_oak_coffin.json; [Receita fire_brazier](lote-8-mods-2026-10-06/gy-cards-2026-10-06.md#receita-fire-brazier) — evidence-gy/graveyard-2.6.2 NeoForge 1.21.1.jar::data/graveyard/recipe/fire_brazier.json; [Receita jungle_coffin](lote-8-mods-2026-10-06/gy-cards-2026-10-06.md#receita-jungle-coffin) — evidence-gy/graveyard-2.6.2 NeoForge 1.21.1.jar::data/graveyard/recipe/jungle_coffin.json; [Receita mangrove_coffin](lote-8-mods-2026-10-06/gy-cards-2026-10-06.md#receita-mangrove-coffin) — evidence-gy/graveyard-2.6.2 NeoForge 1.21.1.jar::data/graveyard/recipe/mangrove_coffin.json; [Receita oak_coffin](lote-8-mods-2026-10-06/gy-cards-2026-10-06.md#receita-oak-coffin) — evidence-gy/graveyard-2.6.2 NeoForge 1.21.1.jar::data/graveyard/recipe/oak_coffin.json; [Receita ossuary](lote-8-mods-2026-10-06/gy-cards-2026-10-06.md#receita-ossuary) — evidence-gy/graveyard-2.6.2 NeoForge 1.21.1.jar::data/graveyard/recipe/ossuary.json; [Receita sarcophagus](lote-8-mods-2026-10-06/gy-cards-2026-10-06.md#receita-sarcophagus) — evidence-gy/graveyard-2.6.2 NeoForge 1.21.1.jar::data/graveyard/recipe/sarcophagus.json; [Receita soul_fire_brazier](lote-8-mods-2026-10-06/gy-cards-2026-10-06.md#receita-soul-fire-brazier) — evidence-gy/graveyard-2.6.2 NeoForge 1.21.1.jar::data/graveyard/recipe/soul_fire_brazier.json; [Receita spruce_coffin](lote-8-mods-2026-10-06/gy-cards-2026-10-06.md#receita-spruce-coffin) — evidence-gy/graveyard-2.6.2 NeoForge 1.21.1.jar::data/graveyard/recipe/spruce_coffin.json; [Receita warped_coffin](lote-8-mods-2026-10-06/gy-cards-2026-10-06.md#receita-warped-coffin) — evidence-gy/graveyard-2.6.2 NeoForge 1.21.1.jar::data/graveyard/recipe/warped_coffin.json
Nameless Hanged,The Graveyard,"Mercador noturno; AbstractVillager, ofertas em Corruption","Dead Tree: entidade e ofertas constam no NBT da estrutura. Comércio somente à noite, não despawna por distância.",Comércio noturno (não morte),graveyard:soul_fire_brazier,1,Preço-base 6 graveyard:corruption; máximo 4 usos da oferta; 7–9 ofertas selecionadas por atualização entre 62 candidatas. Somente à noite; ao chegar dia offers=null. Preço pode ter ajustes do MerchantOffer.,Material/bloco de construção/decorativo do registro; receitas pertinentes vinculadas; não foi inventado efeito de combate.,Alta nos arquivos versionados; configuração/datapacks externos não confirmados,/images/bestiary/audited/gy/nameless-hanged.png,assets/graveyard/geo/nameless_hanged.geo.json; com/finallion/graveyard/entities/renders/NamelessHangedRenderer.class; assets/graveyard/textures/entity/nameless_hanged.png; com/finallion/graveyard/entities/models/NamelessHangedModel.class; com/finallion/graveyard/entities/NamelessHangedEntity.class; assets/graveyard/animations/nameless_hanged/nameless_hanged.animation.json; output-gy/proveniencia.json,"evidence-gy/decompiled-full/com/finallion/graveyard/trades/NamelessHangedTradeOffers.java; evidence-gy/decompiled-full/com/finallion/graveyard/entities/NamelessHangedEntity.java:updateTrades,tick,mobInteract",/bestiary/receitas/gy.html#receita-soul-fire-brazier | [Receita soul_fire_brazier](lote-8-mods-2026-10-06/gy-cards-2026-10-06.md#receita-soul-fire-brazier) — evidence-gy/graveyard-2.6.2 NeoForge 1.21.1.jar::data/graveyard/recipe/soul_fire_brazier.json
Nameless Hanged,The Graveyard,"Mercador noturno; AbstractVillager, ofertas em Corruption","Dead Tree: entidade e ofertas constam no NBT da estrutura. Comércio somente à noite, não despawna por distância.",Comércio noturno (não morte),graveyard:fire_brazier,1,Preço-base 6 graveyard:corruption; máximo 4 usos da oferta; 7–9 ofertas selecionadas por atualização entre 62 candidatas. Somente à noite; ao chegar dia offers=null. Preço pode ter ajustes do MerchantOffer.,Material/bloco de construção/decorativo do registro; receitas pertinentes vinculadas; não foi inventado efeito de combate.,Alta nos arquivos versionados; configuração/datapacks externos não confirmados,/images/bestiary/audited/gy/nameless-hanged.png,assets/graveyard/geo/nameless_hanged.geo.json; com/finallion/graveyard/entities/renders/NamelessHangedRenderer.class; assets/graveyard/textures/entity/nameless_hanged.png; com/finallion/graveyard/entities/models/NamelessHangedModel.class; com/finallion/graveyard/entities/NamelessHangedEntity.class; assets/graveyard/animations/nameless_hanged/nameless_hanged.animation.json; output-gy/proveniencia.json,"evidence-gy/decompiled-full/com/finallion/graveyard/trades/NamelessHangedTradeOffers.java; evidence-gy/decompiled-full/com/finallion/graveyard/entities/NamelessHangedEntity.java:updateTrades,tick,mobInteract",/bestiary/receitas/gy.html#receita-fire-brazier | [Receita fire_brazier](lote-8-mods-2026-10-06/gy-cards-2026-10-06.md#receita-fire-brazier) — evidence-gy/graveyard-2.6.2 NeoForge 1.21.1.jar::data/graveyard/recipe/fire_brazier.json
Nameless Hanged,The Graveyard,"Mercador noturno; AbstractVillager, ofertas em Corruption","Dead Tree: entidade e ofertas constam no NBT da estrutura. Comércio somente à noite, não despawna por distância.",Comércio noturno (não morte),graveyard:pedestal,1,Preço-base 6 graveyard:corruption; máximo 4 usos da oferta; 7–9 ofertas selecionadas por atualização entre 62 candidatas. Somente à noite; ao chegar dia offers=null. Preço pode ter ajustes do MerchantOffer.,Material/bloco de construção/decorativo do registro; receitas pertinentes vinculadas; não foi inventado efeito de combate.,Alta nos arquivos versionados; configuração/datapacks externos não confirmados,/images/bestiary/audited/gy/nameless-hanged.png,assets/graveyard/geo/nameless_hanged.geo.json; com/finallion/graveyard/entities/renders/NamelessHangedRenderer.class; assets/graveyard/textures/entity/nameless_hanged.png; com/finallion/graveyard/entities/models/NamelessHangedModel.class; com/finallion/graveyard/entities/NamelessHangedEntity.class; assets/graveyard/animations/nameless_hanged/nameless_hanged.animation.json; output-gy/proveniencia.json,"evidence-gy/decompiled-full/com/finallion/graveyard/trades/NamelessHangedTradeOffers.java; evidence-gy/decompiled-full/com/finallion/graveyard/entities/NamelessHangedEntity.java:updateTrades,tick,mobInteract",/bestiary/receitas/gy.html#receita-pedestal | [Receita pedestal](lote-8-mods-2026-10-06/gy-cards-2026-10-06.md#receita-pedestal) — evidence-gy/graveyard-2.6.2 NeoForge 1.21.1.jar::data/graveyard/recipe/pedestal.json
Nameless Hanged,The Graveyard,"Mercador noturno; AbstractVillager, ofertas em Corruption","Dead Tree: entidade e ofertas constam no NBT da estrutura. Comércio somente à noite, não despawna por distância.",Comércio noturno (não morte),graveyard:candle_holder,1,Preço-base 6 graveyard:corruption; máximo 4 usos da oferta; 7–9 ofertas selecionadas por atualização entre 62 candidatas. Somente à noite; ao chegar dia offers=null. Preço pode ter ajustes do MerchantOffer.,Material/bloco de construção/decorativo do registro; receitas pertinentes vinculadas; não foi inventado efeito de combate.,Alta nos arquivos versionados; configuração/datapacks externos não confirmados,/images/bestiary/audited/gy/nameless-hanged.png,assets/graveyard/geo/nameless_hanged.geo.json; com/finallion/graveyard/entities/renders/NamelessHangedRenderer.class; assets/graveyard/textures/entity/nameless_hanged.png; com/finallion/graveyard/entities/models/NamelessHangedModel.class; com/finallion/graveyard/entities/NamelessHangedEntity.class; assets/graveyard/animations/nameless_hanged/nameless_hanged.animation.json; output-gy/proveniencia.json,"evidence-gy/decompiled-full/com/finallion/graveyard/trades/NamelessHangedTradeOffers.java; evidence-gy/decompiled-full/com/finallion/graveyard/entities/NamelessHangedEntity.java:updateTrades,tick,mobInteract",/bestiary/receitas/gy.html#receita-candle-holder | [Receita candle_holder](lote-8-mods-2026-10-06/gy-cards-2026-10-06.md#receita-candle-holder) — evidence-gy/graveyard-2.6.2 NeoForge 1.21.1.jar::data/graveyard/recipe/candle_holder.json
Nameless Hanged,The Graveyard,"Mercador noturno; AbstractVillager, ofertas em Corruption","Dead Tree: entidade e ofertas constam no NBT da estrutura. Comércio somente à noite, não despawna por distância.",Comércio noturno (não morte),graveyard:ossuary,1,Preço-base 6 graveyard:corruption; máximo 1 usos da oferta; 7–9 ofertas selecionadas por atualização entre 62 candidatas. Somente à noite; ao chegar dia offers=null. Preço pode ter ajustes do MerchantOffer.,Material/bloco de construção/decorativo do registro; receitas pertinentes vinculadas; não foi inventado efeito de combate.,Alta nos arquivos versionados; configuração/datapacks externos não confirmados,/images/bestiary/audited/gy/nameless-hanged.png,assets/graveyard/geo/nameless_hanged.geo.json; com/finallion/graveyard/entities/renders/NamelessHangedRenderer.class; assets/graveyard/textures/entity/nameless_hanged.png; com/finallion/graveyard/entities/models/NamelessHangedModel.class; com/finallion/graveyard/entities/NamelessHangedEntity.class; assets/graveyard/animations/nameless_hanged/nameless_hanged.animation.json; output-gy/proveniencia.json,"evidence-gy/decompiled-full/com/finallion/graveyard/trades/NamelessHangedTradeOffers.java; evidence-gy/decompiled-full/com/finallion/graveyard/entities/NamelessHangedEntity.java:updateTrades,tick,mobInteract",/bestiary/receitas/gy.html#receita-bone-remains-from-bone-carving | [Receita bone_remains_from_bone_carving](lote-8-mods-2026-10-06/gy-cards-2026-10-06.md#receita-bone-remains-from-bone-carving) — evidence-gy/graveyard-2.6.2 NeoForge 1.21.1.jar::data/graveyard/recipe/bone_remains_from_bone_carving.json; [Receita creeper_skeleton_from_bone_carving](lote-8-mods-2026-10-06/gy-cards-2026-10-06.md#receita-creeper-skeleton-from-bone-carving) — evidence-gy/graveyard-2.6.2 NeoForge 1.21.1.jar::data/graveyard/recipe/creeper_skeleton_from_bone_carving.json; [Receita hanged_skeleton_from_bone_carving](lote-8-mods-2026-10-06/gy-cards-2026-10-06.md#receita-hanged-skeleton-from-bone-carving) — evidence-gy/graveyard-2.6.2 NeoForge 1.21.1.jar::data/graveyard/recipe/hanged_skeleton_from_bone_carving.json; [Receita hanged_wither_skeleton_from_bone_carving](lote-8-mods-2026-10-06/gy-cards-2026-10-06.md#receita-hanged-wither-skeleton-from-bone-carving) — evidence-gy/graveyard-2.6.2 NeoForge 1.21.1.jar::data/graveyard/recipe/hanged_wither_skeleton_from_bone_carving.json; [Receita laterally_lying_skeleton_from_bone_carving](lote-8-mods-2026-10-06/gy-cards-2026-10-06.md#receita-laterally-lying-skeleton-from-bone-carving) — evidence-gy/graveyard-2.6.2 NeoForge 1.21.1.jar::data/graveyard/recipe/laterally_lying_skeleton_from_bone_carving.json; [Receita laterally_lying_wither_skeleton_from_bone_carving](lote-8-mods-2026-10-06/gy-cards-2026-10-06.md#receita-laterally-lying-wither-skeleton-from-bone-carving) — evidence-gy/graveyard-2.6.2 NeoForge 1.21.1.jar::data/graveyard/recipe/laterally_lying_wither_skeleton_from_bone_carving.json; [Receita leaning_skeleton_from_bone_carving](lote-8-mods-2026-10-06/gy-cards-2026-10-06.md#receita-leaning-skeleton-from-bone-carving) — evidence-gy/graveyard-2.6.2 NeoForge 1.21.1.jar::data/graveyard/recipe/leaning_skeleton_from_bone_carving.json; [Receita leaning_wither_skeleton_from_bone_carving](lote-8-mods-2026-10-06/gy-cards-2026-10-06.md#receita-leaning-wither-skeleton-from-bone-carving) — evidence-gy/graveyard-2.6.2 NeoForge 1.21.1.jar::data/graveyard/recipe/leaning_wither_skeleton_from_bone_carving.json; [Receita lying_skeleton_from_bone_carving](lote-8-mods-2026-10-06/gy-cards-2026-10-06.md#receita-lying-skeleton-from-bone-carving) — evidence-gy/graveyard-2.6.2 NeoForge 1.21.1.jar::data/graveyard/recipe/lying_skeleton_from_bone_carving.json; [Receita lying_wither_skeleton_from_bone_carving](lote-8-mods-2026-10-06/gy-cards-2026-10-06.md#receita-lying-wither-skeleton-from-bone-carving) — evidence-gy/graveyard-2.6.2 NeoForge 1.21.1.jar::data/graveyard/recipe/lying_wither_skeleton_from_bone_carving.json; [Receita skeleton_hand_from_bone_carving](lote-8-mods-2026-10-06/gy-cards-2026-10-06.md#receita-skeleton-hand-from-bone-carving) — evidence-gy/graveyard-2.6.2 NeoForge 1.21.1.jar::data/graveyard/recipe/skeleton_hand_from_bone_carving.json; [Receita skull_on_pike_from_bone_carving](lote-8-mods-2026-10-06/gy-cards-2026-10-06.md#receita-skull-on-pike-from-bone-carving) — evidence-gy/graveyard-2.6.2 NeoForge 1.21.1.jar::data/graveyard/recipe/skull_on_pike_from_bone_carving.json; [Receita skull_pile_from_bone_carving](lote-8-mods-2026-10-06/gy-cards-2026-10-06.md#receita-skull-pile-from-bone-carving) — evidence-gy/graveyard-2.6.2 NeoForge 1.21.1.jar::data/graveyard/recipe/skull_pile_from_bone_carving.json; [Receita skull_with_rib_cage_bone_carving](lote-8-mods-2026-10-06/gy-cards-2026-10-06.md#receita-skull-with-rib-cage-bone-carving) — evidence-gy/graveyard-2.6.2 NeoForge 1.21.1.jar::data/graveyard/recipe/skull_with_rib_cage_bone_carving.json; [Receita torso_pile_from_bone_carving](lote-8-mods-2026-10-06/gy-cards-2026-10-06.md#receita-torso-pile-from-bone-carving) — evidence-gy/graveyard-2.6.2 NeoForge 1.21.1.jar::data/graveyard/recipe/torso_pile_from_bone_carving.json; [Receita wither_bone_remains_from_bone_carving](lote-8-mods-2026-10-06/gy-cards-2026-10-06.md#receita-wither-bone-remains-from-bone-carving) — evidence-gy/graveyard-2.6.2 NeoForge 1.21.1.jar::data/graveyard/recipe/wither_bone_remains_from_bone_carving.json; [Receita wither_skeleton_hand_from_bone_carving](lote-8-mods-2026-10-06/gy-cards-2026-10-06.md#receita-wither-skeleton-hand-from-bone-carving) — evidence-gy/graveyard-2.6.2 NeoForge 1.21.1.jar::data/graveyard/recipe/wither_skeleton_hand_from_bone_carving.json; [Receita wither_skull_on_pike_from_bone_carving](lote-8-mods-2026-10-06/gy-cards-2026-10-06.md#receita-wither-skull-on-pike-from-bone-carving) — evidence-gy/graveyard-2.6.2 NeoForge 1.21.1.jar::data/graveyard/recipe/wither_skull_on_pike_from_bone_carving.json; [Receita wither_skull_pile_from_bone_carving](lote-8-mods-2026-10-06/gy-cards-2026-10-06.md#receita-wither-skull-pile-from-bone-carving) — evidence-gy/graveyard-2.6.2 NeoForge 1.21.1.jar::data/graveyard/recipe/wither_skull_pile_from_bone_carving.json; [Receita wither_skull_with_rib_cage_bone_carving](lote-8-mods-2026-10-06/gy-cards-2026-10-06.md#receita-wither-skull-with-rib-cage-bone-carving) — evidence-gy/graveyard-2.6.2 NeoForge 1.21.1.jar::data/graveyard/recipe/wither_skull_with_rib_cage_bone_carving.json; [Receita wither_torso_pile_from_bone_carving](lote-8-mods-2026-10-06/gy-cards-2026-10-06.md#receita-wither-torso-pile-from-bone-carving) — evidence-gy/graveyard-2.6.2 NeoForge 1.21.1.jar::data/graveyard/recipe/wither_torso_pile_from_bone_carving.json
Nameless Hanged,The Graveyard,"Mercador noturno; AbstractVillager, ofertas em Corruption","Dead Tree: entidade e ofertas constam no NBT da estrutura. Comércio somente à noite, não despawna por distância.",Comércio noturno (não morte),minecraft:moss_block,32,Preço-base 10 graveyard:corruption; máximo 6 usos da oferta; 7–9 ofertas selecionadas por atualização entre 62 candidatas. Somente à noite; ao chegar dia offers=null. Preço pode ter ajustes do MerchantOffer.,Item vanilla para decoração/expansão com Bone Meal,Alta nos arquivos versionados; configuração/datapacks externos não confirmados,/images/bestiary/audited/gy/nameless-hanged.png,assets/graveyard/geo/nameless_hanged.geo.json; com/finallion/graveyard/entities/renders/NamelessHangedRenderer.class; assets/graveyard/textures/entity/nameless_hanged.png; com/finallion/graveyard/entities/models/NamelessHangedModel.class; com/finallion/graveyard/entities/NamelessHangedEntity.class; assets/graveyard/animations/nameless_hanged/nameless_hanged.animation.json; output-gy/proveniencia.json,"evidence-gy/decompiled-full/com/finallion/graveyard/trades/NamelessHangedTradeOffers.java; evidence-gy/decompiled-full/com/finallion/graveyard/entities/NamelessHangedEntity.java:updateTrades,tick,mobInteract",[Usos/receitas vanilla](https://minecraft.wiki/w/moss_block#Crafting)
