Mob,Mod,Categoria/comportamento,Onde encontrar,Mecanismo,Drop/Recompensa,Quantidade,Chance/condição,Para que serve,Confiança,Imagem,Fonte da imagem,Fontes pesquisadas,Crafting
Penguin,Ecologics,Animal passivo para jogadores; caça peixes; nada e desliza; em grupo concede Regeneration,"Frozen Ocean, Frozen River, Snowy Plains; bloco sob o mob na tag ecologics:penguins_spawnable_on; peso 2, grupo 4–5",Morte / loot nativo,Nenhum item de tabela própria,0,Sem data/ecologics/loot_table/entities/penguin.json no JAR; item previamente recolhido pode seguir regra de equipamento; datapacks externos não auditados,Não aplicável,Alta para ausência de tabela própria no JAR; efeitos externos condicionais,/images/bestiary/audited/ecologics/penguin.png,evidence-ecologics/ecologics-1.21.1-2.3.7.jar::samebutdifferent/ecologics/client/model/PenguinModel.class; evidence-ecologics/ecologics-1.21.1-2.3.7.jar::samebutdifferent/ecologics/client/renderer/entity/PenguinRenderer.class; evidence-ecologics/ecologics-1.21.1-2.3.7.jar::assets/ecologics/textures/entity/penguin.png; output-ecologics/proveniencia.json,evidence-ecologics/ecologics-1.21.1-2.3.7.jar::data/ecologics/neoforge/biome_modifier/spawn_penguin.json; data/ecologics/tags/block/penguins_spawnable_on.json; evidence-ecologics/ecologics-1.21.1-2.3.7.jar::samebutdifferent/ecologics/entity/Penguin.class,Não aplicável
Penguin,Ecologics,Animal passivo para jogadores; caça peixes; nada e desliza; em grupo concede Regeneration,"Frozen Ocean, Frozen River, Snowy Plains; bloco sob o mob na tag ecologics:penguins_spawnable_on; peso 2, grupo 4–5",Crescimento de filhote para adulto,ecologics:penguin_feather,1,ageBoundaryReached() quando passa a adulto e doMobLoot=true; não cai por matar um adulto,Fabrica poção de Sliding: Awkward Potion + Penguin Feather; efeito Slippery durante 3 min. Redstone prolonga para 8 min.,"Alta: geração, mistura e duração no JAR",/images/bestiary/audited/ecologics/penguin.png,evidence-ecologics/ecologics-1.21.1-2.3.7.jar::samebutdifferent/ecologics/client/model/PenguinModel.class; evidence-ecologics/ecologics-1.21.1-2.3.7.jar::samebutdifferent/ecologics/client/renderer/entity/PenguinRenderer.class; evidence-ecologics/ecologics-1.21.1-2.3.7.jar::assets/ecologics/textures/entity/penguin.png; output-ecologics/proveniencia.json,evidence-ecologics/ecologics-1.21.1-2.3.7.jar::data/ecologics/neoforge/biome_modifier/spawn_penguin.json; data/ecologics/tags/block/penguins_spawnable_on.json; evidence-ecologics/ecologics-1.21.1-2.3.7.jar::samebutdifferent/ecologics/entity/Penguin.class; evidence-ecologics/ecologics-1.21.1-2.3.7.jar::samebutdifferent/ecologics/neoforge/EcologicsNeoForge.class; evidence-ecologics/ecologics-1.21.1-2.3.7.jar::samebutdifferent/ecologics/registry/ModPotions.class; evidence-ecologics/ecologics-1.21.1-2.3.7.jar::samebutdifferent/ecologics/mixin/LivingEntityMixin.class,Brewing Stand: Awkward Potion + Penguin Feather → Sliding; Sliding + Redstone → Long Sliding (registro em EcologicsNeoForge)
Penguin,Ecologics,Animal passivo para jogadores; caça peixes; nada e desliza; em grupo concede Regeneration,"Frozen Ocean, Frozen River, Snowy Plains; bloco sob o mob na tag ecologics:penguins_spawnable_on; peso 2, grupo 4–5",Reprodução,Orbe de experiência,1–7 XP,"spawnChildFromBreeding; doMobLoot=true; gravidez gera filhote depois, sem pena imediata",Experiência do jogador,Alta para código da versão auditada,/images/bestiary/audited/ecologics/penguin.png,evidence-ecologics/ecologics-1.21.1-2.3.7.jar::samebutdifferent/ecologics/client/model/PenguinModel.class; evidence-ecologics/ecologics-1.21.1-2.3.7.jar::samebutdifferent/ecologics/client/renderer/entity/PenguinRenderer.class; evidence-ecologics/ecologics-1.21.1-2.3.7.jar::assets/ecologics/textures/entity/penguin.png; output-ecologics/proveniencia.json,evidence-ecologics/ecologics-1.21.1-2.3.7.jar::data/ecologics/neoforge/biome_modifier/spawn_penguin.json; data/ecologics/tags/block/penguins_spawnable_on.json; evidence-ecologics/ecologics-1.21.1-2.3.7.jar::samebutdifferent/ecologics/entity/Penguin.class,Não aplicável
Penguin,Ecologics,Animal passivo para jogadores; caça peixes; nada e desliza; em grupo concede Regeneration,"Frozen Ocean, Frozen River, Snowy Plains; bloco sob o mob na tag ecologics:penguins_spawnable_on; peso 2, grupo 4–5",Benefício ambiental de grupo,Regeneration I,100 ticks (5 s),"A cada 80 ticks, se houver mais de 4 Penguins no raio de 20 blocos; jogadores no raio de 10 blocos recebem o efeito",Regenerar vida enquanto permanecer perto do grupo,Alta para código da versão auditada,/images/bestiary/audited/ecologics/penguin.png,evidence-ecologics/ecologics-1.21.1-2.3.7.jar::samebutdifferent/ecologics/client/model/PenguinModel.class; evidence-ecologics/ecologics-1.21.1-2.3.7.jar::samebutdifferent/ecologics/client/renderer/entity/PenguinRenderer.class; evidence-ecologics/ecologics-1.21.1-2.3.7.jar::assets/ecologics/textures/entity/penguin.png; output-ecologics/proveniencia.json,evidence-ecologics/ecologics-1.21.1-2.3.7.jar::data/ecologics/neoforge/biome_modifier/spawn_penguin.json; data/ecologics/tags/block/penguins_spawnable_on.json; evidence-ecologics/ecologics-1.21.1-2.3.7.jar::samebutdifferent/ecologics/entity/Penguin.class,Não aplicável
Penguin,Ecologics,Animal passivo para jogadores; caça peixes; nada e desliza; em grupo concede Regeneration,"Frozen Ocean, Frozen River, Snowy Plains; bloco sob o mob na tag ecologics:penguins_spawnable_on; peso 2, grupo 4–5","Item recolhido do chão, não gerado pelo mob","Tropical Fish, Salmon ou Cod que já existia no mundo",1 na mão,Adulto com mão livre recolhe item da tag penguin_tempt_items; pode consumir alimento após 600 ticks se em solo e sem alvo; chance de queda do item equipado definida pela classe em 2.0f,Peixe para alimentação e domesticação de outros mobs conforme item; não é recompensa exclusiva,Alta para tag e código; disponibilidade depende de item no mundo,/images/bestiary/audited/ecologics/penguin.png,evidence-ecologics/ecologics-1.21.1-2.3.7.jar::samebutdifferent/ecologics/client/model/PenguinModel.class; evidence-ecologics/ecologics-1.21.1-2.3.7.jar::samebutdifferent/ecologics/client/renderer/entity/PenguinRenderer.class; evidence-ecologics/ecologics-1.21.1-2.3.7.jar::assets/ecologics/textures/entity/penguin.png; output-ecologics/proveniencia.json,evidence-ecologics/ecologics-1.21.1-2.3.7.jar::data/ecologics/neoforge/biome_modifier/spawn_penguin.json; data/ecologics/tags/block/penguins_spawnable_on.json; evidence-ecologics/ecologics-1.21.1-2.3.7.jar::samebutdifferent/ecologics/entity/Penguin.class; evidence-ecologics/ecologics-1.21.1-2.3.7.jar::data/ecologics/tags/item/penguin_tempt_items.json,Não aplicável
Squirrel,Ecologics,"Animal passivo; pode confiar no jogador, recolher e plantar mudas","Plains; peso 10, grupo 2–3 (biome modifier NeoForge da build)",Morte / loot nativo,Nenhum item de tabela própria,0,Sem data/ecologics/loot_table/entities/squirrel.json no JAR; muda previamente recolhida pode seguir regra de equipamento; datapacks externos não auditados,Não aplicável,Alta para ausência de tabela própria no JAR; efeitos externos condicionais,/images/bestiary/audited/ecologics/squirrel.png,evidence-ecologics/ecologics-1.21.1-2.3.7.jar::samebutdifferent/ecologics/client/model/SquirrelModel.class; evidence-ecologics/ecologics-1.21.1-2.3.7.jar::samebutdifferent/ecologics/client/renderer/entity/SquirrelRenderer.class; evidence-ecologics/ecologics-1.21.1-2.3.7.jar::assets/ecologics/textures/entity/squirrel.png; output-ecologics/proveniencia.json,evidence-ecologics/ecologics-1.21.1-2.3.7.jar::data/ecologics/neoforge/biome_modifier/spawn_squirrel.json; evidence-ecologics/ecologics-1.21.1-2.3.7.jar::samebutdifferent/ecologics/entity/Squirrel.class,Não aplicável
Squirrel,Ecologics,"Animal passivo; pode confiar no jogador, recolher e plantar mudas","Plains; peso 10, grupo 2–3 (biome modifier NeoForge da build)",Interação com Walnut,Confiança no jogador,estado persistente,"Se ainda não confia, cada Walnut consumida dá 1/3 de chance de tornar-se trusting; não há item gerado",Desbloqueia recolhimento e plantio de mudas,Alta: mobInteract() e tag no JAR,/images/bestiary/audited/ecologics/squirrel.png,evidence-ecologics/ecologics-1.21.1-2.3.7.jar::samebutdifferent/ecologics/client/model/SquirrelModel.class; evidence-ecologics/ecologics-1.21.1-2.3.7.jar::samebutdifferent/ecologics/client/renderer/entity/SquirrelRenderer.class; evidence-ecologics/ecologics-1.21.1-2.3.7.jar::assets/ecologics/textures/entity/squirrel.png; output-ecologics/proveniencia.json,evidence-ecologics/ecologics-1.21.1-2.3.7.jar::data/ecologics/neoforge/biome_modifier/spawn_squirrel.json; evidence-ecologics/ecologics-1.21.1-2.3.7.jar::samebutdifferent/ecologics/entity/Squirrel.class; evidence-ecologics/ecologics-1.21.1-2.3.7.jar::data/ecologics/tags/item/squirrel_tempt_items.json,Não aplicável
Squirrel,Ecologics,"Animal passivo; pode confiar no jogador, recolher e plantar mudas","Plains; peso 10, grupo 2–3 (biome modifier NeoForge da build)","Recolhe muda do chão, não gerada pelo mob",Muda da tag minecraft:saplings já existente,1 na mão,"Adulta, trusting e mão livre; busca até 8 blocos; chance de queda do item equipado definida pela classe em 2.0f",Pode ser plantada pela própria Squirrel ou pelo jogador se recuperada,Alta: código da versão auditada,/images/bestiary/audited/ecologics/squirrel.png,evidence-ecologics/ecologics-1.21.1-2.3.7.jar::samebutdifferent/ecologics/client/model/SquirrelModel.class; evidence-ecologics/ecologics-1.21.1-2.3.7.jar::samebutdifferent/ecologics/client/renderer/entity/SquirrelRenderer.class; evidence-ecologics/ecologics-1.21.1-2.3.7.jar::assets/ecologics/textures/entity/squirrel.png; output-ecologics/proveniencia.json,evidence-ecologics/ecologics-1.21.1-2.3.7.jar::data/ecologics/neoforge/biome_modifier/spawn_squirrel.json; evidence-ecologics/ecologics-1.21.1-2.3.7.jar::samebutdifferent/ecologics/entity/Squirrel.class,Não aplicável
Squirrel,Ecologics,"Animal passivo; pode confiar no jogador, recolher e plantar mudas","Plains; peso 10, grupo 2–3 (biome modifier NeoForge da build)",Planta a muda que recolheu,Muda colocada no mundo como bloco,1 bloco; item na mão consumido,"Adulta e trusting, com muda; terra na tag minecraft:dirt, ar acima, alcance de busca 8 horizontal/4 vertical; posição alcançada",Produz uma árvore se as condições de crescimento da muda forem atendidas depois; a ação em si só planta o bloco,Alta para o plantio; crescimento posterior depende do jogo,/images/bestiary/audited/ecologics/squirrel.png,evidence-ecologics/ecologics-1.21.1-2.3.7.jar::samebutdifferent/ecologics/client/model/SquirrelModel.class; evidence-ecologics/ecologics-1.21.1-2.3.7.jar::samebutdifferent/ecologics/client/renderer/entity/SquirrelRenderer.class; evidence-ecologics/ecologics-1.21.1-2.3.7.jar::assets/ecologics/textures/entity/squirrel.png; output-ecologics/proveniencia.json,evidence-ecologics/ecologics-1.21.1-2.3.7.jar::data/ecologics/neoforge/biome_modifier/spawn_squirrel.json; evidence-ecologics/ecologics-1.21.1-2.3.7.jar::samebutdifferent/ecologics/entity/Squirrel.class,Não aplicável
Piglin Alchemist,Piglin Proliferation,"Piglin de suporte; arco, poções e flechas curativas para aliados; barter apenas adulto; pode atacar inimigos.","Nether Wastes / Crimson Forest: biome modifier grupo 1–3, peso 5; Bastion Remnants: template alchemist_piglin adicionado ao pool minecraft:bastion/mobs/piglin, peso padrão 4 (não confundir com chance absoluta).",Loot table de morte,Sem pool de itens,0,JSON pools vazio; código/equipamento abaixo são caminhos independentes,Não aplicável,Alta: JAR 2.0.15; configuração/datapacks externos não confirmados,/images/bestiary/audited/piglin-proliferation/piglin-alchemist.png,output-pp/proveniencia.json; PiglinAlchemistModel.class + alchemist.png + belt.png + BeltRenderLayer.class,evidence-pp/piglinproliferation-1.21.1-2.0.15.jar::data/piglinproliferation/loot_table/entities/piglin_alchemist.json,Não aplicável
Piglin Alchemist,Piglin Proliferation,"Piglin de suporte; arco, poções e flechas curativas para aliados; barter apenas adulto; pode atacar inimigos.","Nether Wastes / Crimson Forest: biome modifier grupo 1–3, peso 5; Bastion Remnants: template alchemist_piglin adicionado ao pool minecraft:bastion/mobs/piglin, peso padrão 4 (não confundir com chance absoluta).",Morte especial: Creeper carregado,piglinproliferation:piglin_alchemist_head,1,Atacante Creeper carregado com canDropMobsSkull=true; aumenta contador e limita a uma cabeça por Creeper.,Decoração/cabeça vestível; sobre Note Block reproduz som específico do mob,Alta: JAR 2.0.15; configuração/datapacks externos não confirmados,/images/bestiary/audited/piglin-proliferation/piglin-alchemist.png,output-pp/proveniencia.json; PiglinAlchemistModel.class + alchemist.png + belt.png + BeltRenderLayer.class,"evidence-pp/decompiled-full/tallestred/piglinproliferation/common/entities/PiglinAlchemist.java; evidence-pp/decompiled-full/tallestred/piglinproliferation/PPEvents.java:onLootDropEntity,noteBlockPlay; evidence-pp/decompiled-full/tallestred/piglinproliferation/common/blocks/PiglinSkullBlock.java; evidence-pp/decompiled-full/tallestred/piglinproliferation/common/items/PPItems.java; Minecraft 1.21.1 Creeper.canDropMobsSkull/increaseDroppedSkulls",Não aplicável
Piglin Alchemist,Piglin Proliferation,"Piglin de suporte; arco, poções e flechas curativas para aliados; barter apenas adulto; pode atacar inimigos.","Nether Wastes / Crimson Forest: biome modifier grupo 1–3, peso 5; Bastion Remnants: template alchemist_piglin adicionado ao pool minecraft:bastion/mobs/piglin, peso padrão 4 (não confundir com chance absoluta).",Morte especial: Fireball de Ghast,piglinproliferation:piglin_alchemist_head,2,Morte cujo projétil direto é Fireball com dono Ghast: chamada da classe + LivingDropsEvent global; nenhum contador neste ramo. Quantidade deduzida de ambos os caminhos ativos; cancelamentos externos não confirmados.,Decoração/cabeça vestível; sobre Note Block reproduz som específico do mob,Alta: JAR 2.0.15; configuração/datapacks externos não confirmados,/images/bestiary/audited/piglin-proliferation/piglin-alchemist.png,output-pp/proveniencia.json; PiglinAlchemistModel.class + alchemist.png + belt.png + BeltRenderLayer.class,"evidence-pp/decompiled-full/tallestred/piglinproliferation/common/entities/PiglinAlchemist.java; evidence-pp/decompiled-full/tallestred/piglinproliferation/PPEvents.java:onLootDropEntity,noteBlockPlay; evidence-pp/decompiled-full/tallestred/piglinproliferation/common/blocks/PiglinSkullBlock.java; evidence-pp/decompiled-full/tallestred/piglinproliferation/common/items/PPItems.java; Minecraft 1.21.1 Creeper.canDropMobsSkull/increaseDroppedSkulls",Não aplicável
Piglin Alchemist,Piglin Proliferation,"Piglin de suporte; arco, poções e flechas curativas para aliados; barter apenas adulto; pode atacar inimigos.","Nether Wastes / Crimson Forest: biome modifier grupo 1–3, peso 5; Bastion Remnants: template alchemist_piglin adicionado ao pool minecraft:bastion/mobs/piglin, peso padrão 4 (não confundir com chance absoluta).",Equipamento na morte,Arma/armadura efetivamente equipada,Pilha por slot elegível,"Equipamento padrão: 8,5% base por slot, morte com recentlyHit; modificadores de encantamento do atacante aplicados. Itens com drop garantido (chance >1) dispensam recentlyHit; PREVENT_EQUIPMENT_DROP impede drop. Estado/NBT pode substituir chance. Alchemist adulto recebe arco; Traveler no finalizeSpawn escolhe besta (padrão 20%) ou espada de ouro; itens de camps no NBT são vazios.",Reutilizar armas/armaduras; desgaste variável em drops não garantidos,Alta: JAR 2.0.15; configuração/datapacks externos não confirmados,/images/bestiary/audited/piglin-proliferation/piglin-alchemist.png,output-pp/proveniencia.json; PiglinAlchemistModel.class + alchemist.png + belt.png + BeltRenderLayer.class,evidence-pp/decompiled-full/tallestred/piglinproliferation/common/entities/PiglinAlchemist.java; evidence/minecraft-1.21.1-client.jar::btp.class (Mob); evidence/minecraft-1.21.1-client-mappings.txt,Não aplicável
Piglin Alchemist,Piglin Proliferation,"Piglin de suporte; arco, poções e flechas curativas para aliados; barter apenas adulto; pode atacar inimigos.","Nether Wastes / Crimson Forest: biome modifier grupo 1–3, peso 5; Bastion Remnants: template alchemist_piglin adicionado ao pool minecraft:bastion/mobs/piglin, peso padrão 4 (não confundir com chance absoluta).",Barter: condição de acesso,"Troca, não drop de morte",1 seleção por moeda,"Somente adulto, item aceito por ItemStack.isPiglinCurrency, conclusão da admiração; não confundir com itens simplesmente apreciados. Ouro é moeda padrão descrita na documentação; extensão NeoForge e mudanças do pack não auditadas neste JAR.",Obter itens da tabela de troca específica abaixo,Alta: JAR 2.0.15; configuração/datapacks externos não confirmados,/images/bestiary/audited/piglin-proliferation/piglin-alchemist.png,output-pp/proveniencia.json; PiglinAlchemistModel.class + alchemist.png + belt.png + BeltRenderLayer.class,evidence-pp/decompiled-full/tallestred/piglinproliferation/common/entities/ai/AbstractPiglinAi.java; evidence-pp/decompiled-full/tallestred/piglinproliferation/common/entities/ai/PiglinAlchemistAi.java; https://modrinth.com/mod/piglin-proliferation,Não aplicável
Piglin Alchemist,Piglin Proliferation,"Piglin de suporte; arco, poções e flechas curativas para aliados; barter apenas adulto; pode atacar inimigos.","Nether Wastes / Crimson Forest: biome modifier grupo 1–3, peso 5; Bastion Remnants: template alchemist_piglin adicionado ao pool minecraft:bastion/mobs/piglin, peso padrão 4 (não confundir com chance absoluta).",Conteúdo do cinto na morte,minecraft:splash_potion [fire_resistance],1 por slot preenchido com poção,"Chance por pilha presente: configuração padrão ≈0,5%; sem PREVENT_EQUIPMENT_DROP. Seleção inicial em cada slot não ocupado por flechas: 35% (testes independentes sequenciais 0,35 / 0,30 / 0,25). Estado do cinto muda durante a vida; não multiplicar como chance final de morte sem conhecer conteúdo.",Proteção contra fogo; arremessável,Alta: JAR 2.0.15; configuração/datapacks externos não confirmados,/images/bestiary/audited/piglin-proliferation/piglin-alchemist.png,output-pp/proveniencia.json; PiglinAlchemistModel.class + alchemist.png + belt.png + BeltRenderLayer.class,"evidence-pp/decompiled-full/tallestred/piglinproliferation/common/entities/PiglinAlchemist.java:populateDefaultEquipmentSlots,dropCustomDeathLoot; evidence-pp/decompiled-full/tallestred/piglinproliferation/configuration/PPConfig.java",Não aplicável
Piglin Alchemist,Piglin Proliferation,"Piglin de suporte; arco, poções e flechas curativas para aliados; barter apenas adulto; pode atacar inimigos.","Nether Wastes / Crimson Forest: biome modifier grupo 1–3, peso 5; Bastion Remnants: template alchemist_piglin adicionado ao pool minecraft:bastion/mobs/piglin, peso padrão 4 (não confundir com chance absoluta).",Conteúdo do cinto na morte,minecraft:splash_potion [strong_regeneration],1 por slot preenchido com poção,"Chance por pilha presente: configuração padrão ≈0,5%; sem PREVENT_EQUIPMENT_DROP. Seleção inicial em cada slot não ocupado por flechas: 19,5% (testes independentes sequenciais 0,35 / 0,30 / 0,25). Estado do cinto muda durante a vida; não multiplicar como chance final de morte sem conhecer conteúdo.",Regeneração II; arremessável,Alta: JAR 2.0.15; configuração/datapacks externos não confirmados,/images/bestiary/audited/piglin-proliferation/piglin-alchemist.png,output-pp/proveniencia.json; PiglinAlchemistModel.class + alchemist.png + belt.png + BeltRenderLayer.class,"evidence-pp/decompiled-full/tallestred/piglinproliferation/common/entities/PiglinAlchemist.java:populateDefaultEquipmentSlots,dropCustomDeathLoot; evidence-pp/decompiled-full/tallestred/piglinproliferation/configuration/PPConfig.java",Não aplicável
Piglin Alchemist,Piglin Proliferation,"Piglin de suporte; arco, poções e flechas curativas para aliados; barter apenas adulto; pode atacar inimigos.","Nether Wastes / Crimson Forest: biome modifier grupo 1–3, peso 5; Bastion Remnants: template alchemist_piglin adicionado ao pool minecraft:bastion/mobs/piglin, peso padrão 4 (não confundir com chance absoluta).",Conteúdo do cinto na morte,minecraft:splash_potion [strong_healing],1 por slot preenchido com poção,"Chance por pilha presente: configuração padrão ≈0,5%; sem PREVENT_EQUIPMENT_DROP. Seleção inicial em cada slot não ocupado por flechas: 11,375% (testes independentes sequenciais 0,35 / 0,30 / 0,25). Estado do cinto muda durante a vida; não multiplicar como chance final de morte sem conhecer conteúdo.",Cura instantânea II; arremessável,Alta: JAR 2.0.15; configuração/datapacks externos não confirmados,/images/bestiary/audited/piglin-proliferation/piglin-alchemist.png,output-pp/proveniencia.json; PiglinAlchemistModel.class + alchemist.png + belt.png + BeltRenderLayer.class,"evidence-pp/decompiled-full/tallestred/piglinproliferation/common/entities/PiglinAlchemist.java:populateDefaultEquipmentSlots,dropCustomDeathLoot; evidence-pp/decompiled-full/tallestred/piglinproliferation/configuration/PPConfig.java",Não aplicável
Piglin Alchemist,Piglin Proliferation,"Piglin de suporte; arco, poções e flechas curativas para aliados; barter apenas adulto; pode atacar inimigos.","Nether Wastes / Crimson Forest: biome modifier grupo 1–3, peso 5; Bastion Remnants: template alchemist_piglin adicionado ao pool minecraft:bastion/mobs/piglin, peso padrão 4 (não confundir com chance absoluta).",Conteúdo do cinto na morte,minecraft:splash_potion [strong_strength],1 por slot preenchido com poção,"Chance por pilha presente: configuração padrão ≈0,5%; sem PREVENT_EQUIPMENT_DROP. Seleção inicial em cada slot não ocupado por flechas: 34,125% (testes independentes sequenciais 0,35 / 0,30 / 0,25). Estado do cinto muda durante a vida; não multiplicar como chance final de morte sem conhecer conteúdo.",Força II; arremessável,Alta: JAR 2.0.15; configuração/datapacks externos não confirmados,/images/bestiary/audited/piglin-proliferation/piglin-alchemist.png,output-pp/proveniencia.json; PiglinAlchemistModel.class + alchemist.png + belt.png + BeltRenderLayer.class,"evidence-pp/decompiled-full/tallestred/piglinproliferation/common/entities/PiglinAlchemist.java:populateDefaultEquipmentSlots,dropCustomDeathLoot; evidence-pp/decompiled-full/tallestred/piglinproliferation/configuration/PPConfig.java",Não aplicável
Piglin Alchemist,Piglin Proliferation,"Piglin de suporte; arco, poções e flechas curativas para aliados; barter apenas adulto; pode atacar inimigos.","Nether Wastes / Crimson Forest: biome modifier grupo 1–3, peso 5; Bastion Remnants: template alchemist_piglin adicionado ao pool minecraft:bastion/mobs/piglin, peso padrão 4 (não confundir com chance absoluta).",Conteúdo do cinto na morte,minecraft:tipped_arrow [strong_healing],1–5 na pilha inicial,"Padrão: 30% de ter uma pilha em um dos 6 slots; nextInt(1,6) exclui 6. Drop da pilha presente: ≈0,5%, sem PREVENT_EQUIPMENT_DROP; consumo posterior altera quantidade.",Flecha de Cura II; mod pode remover dano físico de flechas benéficas contra não mortos-vivos (padrão habilitado),Alta: JAR 2.0.15; configuração/datapacks externos não confirmados,/images/bestiary/audited/piglin-proliferation/piglin-alchemist.png,output-pp/proveniencia.json; PiglinAlchemistModel.class + alchemist.png + belt.png + BeltRenderLayer.class,evidence-pp/decompiled-full/tallestred/piglinproliferation/common/entities/PiglinAlchemist.java; evidence-pp/decompiled-full/tallestred/piglinproliferation/configuration/PPConfig.java; evidence-pp/decompiled-full/tallestred/piglinproliferation/PPEvents.java,Não aplicável
Piglin Alchemist,Piglin Proliferation,"Piglin de suporte; arco, poções e flechas curativas para aliados; barter apenas adulto; pode atacar inimigos.","Nether Wastes / Crimson Forest: biome modifier grupo 1–3, peso 5; Bastion Remnants: template alchemist_piglin adicionado ao pool minecraft:bastion/mobs/piglin, peso padrão 4 (não confundir com chance absoluta).",Barter: item arremessado pelo Piglin adulto,minecraft:potion,1,"peso 1/44 por troca; 1 roll; Piglin adulto, item classificado como moeda; poção minecraft:strong_strength",Consumir para efeito da poção indicada (minecraft:strong_strength),Alta na tabela e no código; moeda e addon sujeitos ao pack,/images/bestiary/audited/piglin-proliferation/piglin-alchemist.png,"output-pp/proveniencia.json; modelo, renderer e texturas exatas do JAR (hashes verificados)",evidence-pp/piglinproliferation-1.21.1-2.0.15.jar::data/piglinproliferation/loot_table/gameplay/alchemist_bartering.json; evidence-pp/decompiled/AbstractPiglinAi.java,Não aplicável
Piglin Alchemist,Piglin Proliferation,"Piglin de suporte; arco, poções e flechas curativas para aliados; barter apenas adulto; pode atacar inimigos.","Nether Wastes / Crimson Forest: biome modifier grupo 1–3, peso 5; Bastion Remnants: template alchemist_piglin adicionado ao pool minecraft:bastion/mobs/piglin, peso padrão 4 (não confundir com chance absoluta).",Barter: item arremessado pelo Piglin adulto,minecraft:splash_potion,1,"peso 1/44 por troca; 1 roll; Piglin adulto, item classificado como moeda; poção minecraft:strong_strength",Arremessar para aplicar efeito da poção indicada (minecraft:strong_strength),Alta na tabela e no código; moeda e addon sujeitos ao pack,/images/bestiary/audited/piglin-proliferation/piglin-alchemist.png,"output-pp/proveniencia.json; modelo, renderer e texturas exatas do JAR (hashes verificados)",evidence-pp/piglinproliferation-1.21.1-2.0.15.jar::data/piglinproliferation/loot_table/gameplay/alchemist_bartering.json; evidence-pp/decompiled/AbstractPiglinAi.java,Não aplicável
Piglin Alchemist,Piglin Proliferation,"Piglin de suporte; arco, poções e flechas curativas para aliados; barter apenas adulto; pode atacar inimigos.","Nether Wastes / Crimson Forest: biome modifier grupo 1–3, peso 5; Bastion Remnants: template alchemist_piglin adicionado ao pool minecraft:bastion/mobs/piglin, peso padrão 4 (não confundir com chance absoluta).",Barter: item arremessado pelo Piglin adulto,minecraft:potion,1,"peso 1/44 por troca; 1 roll; Piglin adulto, item classificado como moeda; poção minecraft:strong_healing",Consumir para efeito da poção indicada (minecraft:strong_healing),Alta na tabela e no código; moeda e addon sujeitos ao pack,/images/bestiary/audited/piglin-proliferation/piglin-alchemist.png,"output-pp/proveniencia.json; modelo, renderer e texturas exatas do JAR (hashes verificados)",evidence-pp/piglinproliferation-1.21.1-2.0.15.jar::data/piglinproliferation/loot_table/gameplay/alchemist_bartering.json; evidence-pp/decompiled/AbstractPiglinAi.java,Não aplicável
Piglin Alchemist,Piglin Proliferation,"Piglin de suporte; arco, poções e flechas curativas para aliados; barter apenas adulto; pode atacar inimigos.","Nether Wastes / Crimson Forest: biome modifier grupo 1–3, peso 5; Bastion Remnants: template alchemist_piglin adicionado ao pool minecraft:bastion/mobs/piglin, peso padrão 4 (não confundir com chance absoluta).",Barter: item arremessado pelo Piglin adulto,minecraft:tipped_arrow,6–12,"peso 1/44 por troca; 1 roll; Piglin adulto, item classificado como moeda; poção minecraft:healing",Munição de arco/besta com poção indicada,Alta na tabela e no código; moeda e addon sujeitos ao pack,/images/bestiary/audited/piglin-proliferation/piglin-alchemist.png,"output-pp/proveniencia.json; modelo, renderer e texturas exatas do JAR (hashes verificados)",evidence-pp/piglinproliferation-1.21.1-2.0.15.jar::data/piglinproliferation/loot_table/gameplay/alchemist_bartering.json; evidence-pp/decompiled/AbstractPiglinAi.java,Não aplicável
Piglin Alchemist,Piglin Proliferation,"Piglin de suporte; arco, poções e flechas curativas para aliados; barter apenas adulto; pode atacar inimigos.","Nether Wastes / Crimson Forest: biome modifier grupo 1–3, peso 5; Bastion Remnants: template alchemist_piglin adicionado ao pool minecraft:bastion/mobs/piglin, peso padrão 4 (não confundir com chance absoluta).",Barter: item arremessado pelo Piglin adulto,minecraft:spectral_arrow,6–12,"peso 1/44 por troca; 1 roll; Piglin adulto, item classificado como moeda; ",Munição que marca alvos com brilho,Alta na tabela e no código; moeda e addon sujeitos ao pack,/images/bestiary/audited/piglin-proliferation/piglin-alchemist.png,"output-pp/proveniencia.json; modelo, renderer e texturas exatas do JAR (hashes verificados)",evidence-pp/piglinproliferation-1.21.1-2.0.15.jar::data/piglinproliferation/loot_table/gameplay/alchemist_bartering.json; evidence-pp/decompiled/AbstractPiglinAi.java,Não aplicável
Piglin Alchemist,Piglin Proliferation,"Piglin de suporte; arco, poções e flechas curativas para aliados; barter apenas adulto; pode atacar inimigos.","Nether Wastes / Crimson Forest: biome modifier grupo 1–3, peso 5; Bastion Remnants: template alchemist_piglin adicionado ao pool minecraft:bastion/mobs/piglin, peso padrão 4 (não confundir com chance absoluta).",Barter: item arremessado pelo Piglin adulto,minecraft:potion,1,"peso 1/44 por troca; 1 roll; Piglin adulto, item classificado como moeda; poção minecraft:fire_resistance",Consumir para efeito da poção indicada (minecraft:fire_resistance),Alta na tabela e no código; moeda e addon sujeitos ao pack,/images/bestiary/audited/piglin-proliferation/piglin-alchemist.png,"output-pp/proveniencia.json; modelo, renderer e texturas exatas do JAR (hashes verificados)",evidence-pp/piglinproliferation-1.21.1-2.0.15.jar::data/piglinproliferation/loot_table/gameplay/alchemist_bartering.json; evidence-pp/decompiled/AbstractPiglinAi.java,Não aplicável
Piglin Alchemist,Piglin Proliferation,"Piglin de suporte; arco, poções e flechas curativas para aliados; barter apenas adulto; pode atacar inimigos.","Nether Wastes / Crimson Forest: biome modifier grupo 1–3, peso 5; Bastion Remnants: template alchemist_piglin adicionado ao pool minecraft:bastion/mobs/piglin, peso padrão 4 (não confundir com chance absoluta).",Barter: item arremessado pelo Piglin adulto,minecraft:splash_potion,1,"peso 1/44 por troca; 1 roll; Piglin adulto, item classificado como moeda; poção minecraft:fire_resistance",Arremessar para aplicar efeito da poção indicada (minecraft:fire_resistance),Alta na tabela e no código; moeda e addon sujeitos ao pack,/images/bestiary/audited/piglin-proliferation/piglin-alchemist.png,"output-pp/proveniencia.json; modelo, renderer e texturas exatas do JAR (hashes verificados)",evidence-pp/piglinproliferation-1.21.1-2.0.15.jar::data/piglinproliferation/loot_table/gameplay/alchemist_bartering.json; evidence-pp/decompiled/AbstractPiglinAi.java,Não aplicável
Piglin Alchemist,Piglin Proliferation,"Piglin de suporte; arco, poções e flechas curativas para aliados; barter apenas adulto; pode atacar inimigos.","Nether Wastes / Crimson Forest: biome modifier grupo 1–3, peso 5; Bastion Remnants: template alchemist_piglin adicionado ao pool minecraft:bastion/mobs/piglin, peso padrão 4 (não confundir com chance absoluta).",Barter: item arremessado pelo Piglin adulto,minecraft:potion,1,"peso 2/44 por troca; 1 roll; Piglin adulto, item classificado como moeda; poção minecraft:water",Garrafa de água; base para preparar poções. Efeitos de sede de mods externos não confirmados.,Alta na tabela e no código; moeda e addon sujeitos ao pack,/images/bestiary/audited/piglin-proliferation/piglin-alchemist.png,"output-pp/proveniencia.json; modelo, renderer e texturas exatas do JAR (hashes verificados)",evidence-pp/piglinproliferation-1.21.1-2.0.15.jar::data/piglinproliferation/loot_table/gameplay/alchemist_bartering.json; evidence-pp/decompiled/AbstractPiglinAi.java,Não aplicável
Piglin Alchemist,Piglin Proliferation,"Piglin de suporte; arco, poções e flechas curativas para aliados; barter apenas adulto; pode atacar inimigos.","Nether Wastes / Crimson Forest: biome modifier grupo 1–3, peso 5; Bastion Remnants: template alchemist_piglin adicionado ao pool minecraft:bastion/mobs/piglin, peso padrão 4 (não confundir com chance absoluta).",Barter: item arremessado pelo Piglin adulto,minecraft:glistering_melon_slice,1–3,"peso 2/44 por troca; 1 roll; Piglin adulto, item classificado como moeda; ",Preparação de poção de cura,Alta na tabela e no código; moeda e addon sujeitos ao pack,/images/bestiary/audited/piglin-proliferation/piglin-alchemist.png,"output-pp/proveniencia.json; modelo, renderer e texturas exatas do JAR (hashes verificados)",evidence-pp/piglinproliferation-1.21.1-2.0.15.jar::data/piglinproliferation/loot_table/gameplay/alchemist_bartering.json; evidence-pp/decompiled/AbstractPiglinAi.java,Não aplicável
Piglin Alchemist,Piglin Proliferation,"Piglin de suporte; arco, poções e flechas curativas para aliados; barter apenas adulto; pode atacar inimigos.","Nether Wastes / Crimson Forest: biome modifier grupo 1–3, peso 5; Bastion Remnants: template alchemist_piglin adicionado ao pool minecraft:bastion/mobs/piglin, peso padrão 4 (não confundir com chance absoluta).",Barter: item arremessado pelo Piglin adulto,minecraft:glowstone_dust,4–8,"peso 4/44 por troca; 1 roll; Piglin adulto, item classificado como moeda; ",Blocos luminosos e intensificação de poções,Alta na tabela e no código; moeda e addon sujeitos ao pack,/images/bestiary/audited/piglin-proliferation/piglin-alchemist.png,"output-pp/proveniencia.json; modelo, renderer e texturas exatas do JAR (hashes verificados)",evidence-pp/piglinproliferation-1.21.1-2.0.15.jar::data/piglinproliferation/loot_table/gameplay/alchemist_bartering.json; evidence-pp/decompiled/AbstractPiglinAi.java,Não aplicável
Piglin Alchemist,Piglin Proliferation,"Piglin de suporte; arco, poções e flechas curativas para aliados; barter apenas adulto; pode atacar inimigos.","Nether Wastes / Crimson Forest: biome modifier grupo 1–3, peso 5; Bastion Remnants: template alchemist_piglin adicionado ao pool minecraft:bastion/mobs/piglin, peso padrão 4 (não confundir com chance absoluta).",Barter: item arremessado pelo Piglin adulto,minecraft:redstone,4–8,"peso 3/44 por troca; 1 roll; Piglin adulto, item classificado como moeda; ",Circuitos e prolongamento de poções,Alta na tabela e no código; moeda e addon sujeitos ao pack,/images/bestiary/audited/piglin-proliferation/piglin-alchemist.png,"output-pp/proveniencia.json; modelo, renderer e texturas exatas do JAR (hashes verificados)",evidence-pp/piglinproliferation-1.21.1-2.0.15.jar::data/piglinproliferation/loot_table/gameplay/alchemist_bartering.json; evidence-pp/decompiled/AbstractPiglinAi.java,Não aplicável
Piglin Alchemist,Piglin Proliferation,"Piglin de suporte; arco, poções e flechas curativas para aliados; barter apenas adulto; pode atacar inimigos.","Nether Wastes / Crimson Forest: biome modifier grupo 1–3, peso 5; Bastion Remnants: template alchemist_piglin adicionado ao pool minecraft:bastion/mobs/piglin, peso padrão 4 (não confundir com chance absoluta).",Barter: item arremessado pelo Piglin adulto,minecraft:gunpowder,4–8,"peso 4/44 por troca; 1 roll; Piglin adulto, item classificado como moeda; ","TNT, fogos e poções arremessáveis",Alta na tabela e no código; moeda e addon sujeitos ao pack,/images/bestiary/audited/piglin-proliferation/piglin-alchemist.png,"output-pp/proveniencia.json; modelo, renderer e texturas exatas do JAR (hashes verificados)",evidence-pp/piglinproliferation-1.21.1-2.0.15.jar::data/piglinproliferation/loot_table/gameplay/alchemist_bartering.json; evidence-pp/decompiled/AbstractPiglinAi.java,Não aplicável
Piglin Alchemist,Piglin Proliferation,"Piglin de suporte; arco, poções e flechas curativas para aliados; barter apenas adulto; pode atacar inimigos.","Nether Wastes / Crimson Forest: biome modifier grupo 1–3, peso 5; Bastion Remnants: template alchemist_piglin adicionado ao pool minecraft:bastion/mobs/piglin, peso padrão 4 (não confundir com chance absoluta).",Barter: item arremessado pelo Piglin adulto,minecraft:leather,1–2,"peso 4/44 por troca; 1 roll; Piglin adulto, item classificado como moeda; ",Livros e equipamento de couro,Alta na tabela e no código; moeda e addon sujeitos ao pack,/images/bestiary/audited/piglin-proliferation/piglin-alchemist.png,"output-pp/proveniencia.json; modelo, renderer e texturas exatas do JAR (hashes verificados)",evidence-pp/piglinproliferation-1.21.1-2.0.15.jar::data/piglinproliferation/loot_table/gameplay/alchemist_bartering.json; evidence-pp/decompiled/AbstractPiglinAi.java,Não aplicável
Piglin Alchemist,Piglin Proliferation,"Piglin de suporte; arco, poções e flechas curativas para aliados; barter apenas adulto; pode atacar inimigos.","Nether Wastes / Crimson Forest: biome modifier grupo 1–3, peso 5; Bastion Remnants: template alchemist_piglin adicionado ao pool minecraft:bastion/mobs/piglin, peso padrão 4 (não confundir com chance absoluta).",Barter: item arremessado pelo Piglin adulto,minecraft:magma_cream,3–5,"peso 4/44 por troca; 1 roll; Piglin adulto, item classificado como moeda; ",Poção de resistência ao fogo e bloco de magma,Alta na tabela e no código; moeda e addon sujeitos ao pack,/images/bestiary/audited/piglin-proliferation/piglin-alchemist.png,"output-pp/proveniencia.json; modelo, renderer e texturas exatas do JAR (hashes verificados)",evidence-pp/piglinproliferation-1.21.1-2.0.15.jar::data/piglinproliferation/loot_table/gameplay/alchemist_bartering.json; evidence-pp/decompiled/AbstractPiglinAi.java,Não aplicável
Piglin Alchemist,Piglin Proliferation,"Piglin de suporte; arco, poções e flechas curativas para aliados; barter apenas adulto; pode atacar inimigos.","Nether Wastes / Crimson Forest: biome modifier grupo 1–3, peso 5; Bastion Remnants: template alchemist_piglin adicionado ao pool minecraft:bastion/mobs/piglin, peso padrão 4 (não confundir com chance absoluta).",Barter: item arremessado pelo Piglin adulto,minecraft:bow,1,"peso 2/44 por troca; 1 roll; Piglin adulto, item classificado como moeda; arco selecionado sempre sai; enchant_randomly executada em 30% das seleções",Arma à distância,Alta na tabela e no código; moeda e addon sujeitos ao pack,/images/bestiary/audited/piglin-proliferation/piglin-alchemist.png,"output-pp/proveniencia.json; modelo, renderer e texturas exatas do JAR (hashes verificados)",evidence-pp/piglinproliferation-1.21.1-2.0.15.jar::data/piglinproliferation/loot_table/gameplay/alchemist_bartering.json; evidence-pp/decompiled/AbstractPiglinAi.java,Não aplicável
Piglin Alchemist,Piglin Proliferation,"Piglin de suporte; arco, poções e flechas curativas para aliados; barter apenas adulto; pode atacar inimigos.","Nether Wastes / Crimson Forest: biome modifier grupo 1–3, peso 5; Bastion Remnants: template alchemist_piglin adicionado ao pool minecraft:bastion/mobs/piglin, peso padrão 4 (não confundir com chance absoluta).",Barter: item arremessado pelo Piglin adulto,minecraft:soul_sand,2–6,"peso 6/44 por troca; 1 roll; Piglin adulto, item classificado como moeda; ",Cultivo de Nether Wart e construção,Alta na tabela e no código; moeda e addon sujeitos ao pack,/images/bestiary/audited/piglin-proliferation/piglin-alchemist.png,"output-pp/proveniencia.json; modelo, renderer e texturas exatas do JAR (hashes verificados)",evidence-pp/piglinproliferation-1.21.1-2.0.15.jar::data/piglinproliferation/loot_table/gameplay/alchemist_bartering.json; evidence-pp/decompiled/AbstractPiglinAi.java,Não aplicável
Piglin Alchemist,Piglin Proliferation,"Piglin de suporte; arco, poções e flechas curativas para aliados; barter apenas adulto; pode atacar inimigos.","Nether Wastes / Crimson Forest: biome modifier grupo 1–3, peso 5; Bastion Remnants: template alchemist_piglin adicionado ao pool minecraft:bastion/mobs/piglin, peso padrão 4 (não confundir com chance absoluta).",Barter: item arremessado pelo Piglin adulto,minecraft:brown_mushroom,2–6,"peso 6/44 por troca; 1 roll; Piglin adulto, item classificado como moeda; ","Cultivo, ensopados e receitas",Alta na tabela e no código; moeda e addon sujeitos ao pack,/images/bestiary/audited/piglin-proliferation/piglin-alchemist.png,"output-pp/proveniencia.json; modelo, renderer e texturas exatas do JAR (hashes verificados)",evidence-pp/piglinproliferation-1.21.1-2.0.15.jar::data/piglinproliferation/loot_table/gameplay/alchemist_bartering.json; evidence-pp/decompiled/AbstractPiglinAi.java,Não aplicável
Piglin Traveler,Piglin Proliferation,Piglin neutro; não exige armadura de ouro para manter neutralidade; retalia agressão; barter apenas adulto.,"Nether: camps individuais (1 Traveler no NBT) e gathering (3 no NBT). Camp normal usa #c:is_nether, exclui Basalt Deltas/Crimson Forest/Soul Sand Valley; gathering em Crimson Forest; soul camp em Soul Sand Valley. Spawner: a cada 12000 ticks do Nether com doMobSpawning=true, teste nextInt(100)<=25 (26%), jogador vivo não espectador e posição válida em até 10 tentativas, X/Z de -48 a +47. Tag without_traveler_spawns vazia no JAR.",Loot table de morte,Sem pool de itens,0,JSON pools vazio; código/equipamento abaixo são caminhos independentes,Não aplicável,Alta: JAR 2.0.15; configuração/datapacks externos não confirmados,/images/bestiary/audited/piglin-proliferation/piglin-traveler.png,output-pp/proveniencia.json; PiglinTravelerModel.class + traveler.png,evidence-pp/piglinproliferation-1.21.1-2.0.15.jar::data/piglinproliferation/loot_table/entities/piglin_traveler.json,Não aplicável
Piglin Traveler,Piglin Proliferation,Piglin neutro; não exige armadura de ouro para manter neutralidade; retalia agressão; barter apenas adulto.,"Nether: camps individuais (1 Traveler no NBT) e gathering (3 no NBT). Camp normal usa #c:is_nether, exclui Basalt Deltas/Crimson Forest/Soul Sand Valley; gathering em Crimson Forest; soul camp em Soul Sand Valley. Spawner: a cada 12000 ticks do Nether com doMobSpawning=true, teste nextInt(100)<=25 (26%), jogador vivo não espectador e posição válida em até 10 tentativas, X/Z de -48 a +47. Tag without_traveler_spawns vazia no JAR.",Morte especial: Creeper carregado,piglinproliferation:piglin_traveler_head,1,Atacante Creeper carregado com canDropMobsSkull=true; aumenta contador e limita a uma cabeça por Creeper.,Decoração/cabeça vestível; sobre Note Block reproduz som específico do mob,Alta: JAR 2.0.15; configuração/datapacks externos não confirmados,/images/bestiary/audited/piglin-proliferation/piglin-traveler.png,output-pp/proveniencia.json; PiglinTravelerModel.class + traveler.png,"evidence-pp/decompiled-full/tallestred/piglinproliferation/common/entities/PiglinTraveler.java; evidence-pp/decompiled-full/tallestred/piglinproliferation/PPEvents.java:onLootDropEntity,noteBlockPlay; evidence-pp/decompiled-full/tallestred/piglinproliferation/common/blocks/PiglinSkullBlock.java; evidence-pp/decompiled-full/tallestred/piglinproliferation/common/items/PPItems.java; Minecraft 1.21.1 Creeper.canDropMobsSkull/increaseDroppedSkulls",Não aplicável
Piglin Traveler,Piglin Proliferation,Piglin neutro; não exige armadura de ouro para manter neutralidade; retalia agressão; barter apenas adulto.,"Nether: camps individuais (1 Traveler no NBT) e gathering (3 no NBT). Camp normal usa #c:is_nether, exclui Basalt Deltas/Crimson Forest/Soul Sand Valley; gathering em Crimson Forest; soul camp em Soul Sand Valley. Spawner: a cada 12000 ticks do Nether com doMobSpawning=true, teste nextInt(100)<=25 (26%), jogador vivo não espectador e posição válida em até 10 tentativas, X/Z de -48 a +47. Tag without_traveler_spawns vazia no JAR.",Morte especial: Fireball de Ghast,piglinproliferation:piglin_traveler_head,2,Morte cujo projétil direto é Fireball com dono Ghast: chamada da classe + LivingDropsEvent global; nenhum contador neste ramo. Quantidade deduzida de ambos os caminhos ativos; cancelamentos externos não confirmados.,Decoração/cabeça vestível; sobre Note Block reproduz som específico do mob,Alta: JAR 2.0.15; configuração/datapacks externos não confirmados,/images/bestiary/audited/piglin-proliferation/piglin-traveler.png,output-pp/proveniencia.json; PiglinTravelerModel.class + traveler.png,"evidence-pp/decompiled-full/tallestred/piglinproliferation/common/entities/PiglinTraveler.java; evidence-pp/decompiled-full/tallestred/piglinproliferation/PPEvents.java:onLootDropEntity,noteBlockPlay; evidence-pp/decompiled-full/tallestred/piglinproliferation/common/blocks/PiglinSkullBlock.java; evidence-pp/decompiled-full/tallestred/piglinproliferation/common/items/PPItems.java; Minecraft 1.21.1 Creeper.canDropMobsSkull/increaseDroppedSkulls",Não aplicável
Piglin Traveler,Piglin Proliferation,Piglin neutro; não exige armadura de ouro para manter neutralidade; retalia agressão; barter apenas adulto.,"Nether: camps individuais (1 Traveler no NBT) e gathering (3 no NBT). Camp normal usa #c:is_nether, exclui Basalt Deltas/Crimson Forest/Soul Sand Valley; gathering em Crimson Forest; soul camp em Soul Sand Valley. Spawner: a cada 12000 ticks do Nether com doMobSpawning=true, teste nextInt(100)<=25 (26%), jogador vivo não espectador e posição válida em até 10 tentativas, X/Z de -48 a +47. Tag without_traveler_spawns vazia no JAR.",Equipamento na morte,Arma/armadura efetivamente equipada,Pilha por slot elegível,"Equipamento padrão: 8,5% base por slot, morte com recentlyHit; modificadores de encantamento do atacante aplicados. Itens com drop garantido (chance >1) dispensam recentlyHit; PREVENT_EQUIPMENT_DROP impede drop. Estado/NBT pode substituir chance. Alchemist adulto recebe arco; Traveler no finalizeSpawn escolhe besta (padrão 20%) ou espada de ouro; itens de camps no NBT são vazios.",Reutilizar armas/armaduras; desgaste variável em drops não garantidos,Alta: JAR 2.0.15; configuração/datapacks externos não confirmados,/images/bestiary/audited/piglin-proliferation/piglin-traveler.png,output-pp/proveniencia.json; PiglinTravelerModel.class + traveler.png,evidence-pp/decompiled-full/tallestred/piglinproliferation/common/entities/PiglinTraveler.java; evidence/minecraft-1.21.1-client.jar::btp.class (Mob); evidence/minecraft-1.21.1-client-mappings.txt,Não aplicável
Piglin Traveler,Piglin Proliferation,Piglin neutro; não exige armadura de ouro para manter neutralidade; retalia agressão; barter apenas adulto.,"Nether: camps individuais (1 Traveler no NBT) e gathering (3 no NBT). Camp normal usa #c:is_nether, exclui Basalt Deltas/Crimson Forest/Soul Sand Valley; gathering em Crimson Forest; soul camp em Soul Sand Valley. Spawner: a cada 12000 ticks do Nether com doMobSpawning=true, teste nextInt(100)<=25 (26%), jogador vivo não espectador e posição válida em até 10 tentativas, X/Z de -48 a +47. Tag without_traveler_spawns vazia no JAR.",Barter: condição de acesso,"Troca, não drop de morte",1 seleção por moeda,"Somente adulto, item aceito por ItemStack.isPiglinCurrency, conclusão da admiração; não confundir com itens simplesmente apreciados. Ouro é moeda padrão descrita na documentação; extensão NeoForge e mudanças do pack não auditadas neste JAR.",Obter itens da tabela de troca específica abaixo,Alta: JAR 2.0.15; configuração/datapacks externos não confirmados,/images/bestiary/audited/piglin-proliferation/piglin-traveler.png,output-pp/proveniencia.json; PiglinTravelerModel.class + traveler.png,evidence-pp/decompiled-full/tallestred/piglinproliferation/common/entities/ai/AbstractPiglinAi.java; evidence-pp/decompiled-full/tallestred/piglinproliferation/common/entities/ai/PiglinTravelerAi.java; https://modrinth.com/mod/piglin-proliferation,Não aplicável
Piglin Traveler,Piglin Proliferation,Piglin neutro; não exige armadura de ouro para manter neutralidade; retalia agressão; barter apenas adulto.,"Nether: camps individuais (1 Traveler no NBT) e gathering (3 no NBT). Camp normal usa #c:is_nether, exclui Basalt Deltas/Crimson Forest/Soul Sand Valley; gathering em Crimson Forest; soul camp em Soul Sand Valley. Spawner: a cada 12000 ticks do Nether com doMobSpawning=true, teste nextInt(100)<=25 (26%), jogador vivo não espectador e posição válida em até 10 tentativas, X/Z de -48 a +47. Tag without_traveler_spawns vazia no JAR.",Item segurado após coleta,Moeda ou outro item efetivamente segurado,Pilha segurada,holdInOffHand garante drop de moeda; demais itens via setItemSlotAndDropWhenKilled; holdInMainHand também garante. Sujeito a PREVENT_EQUIPMENT_DROP. Arma criada em finalizeSpawn não usa automaticamente esse caminho.,Recuperar item carregado; moeda ainda segurada não é recompensa gratuita de barter,Alta: JAR 2.0.15; configuração/datapacks externos não confirmados,/images/bestiary/audited/piglin-proliferation/piglin-traveler.png,output-pp/proveniencia.json; PiglinTravelerModel.class + traveler.png,"evidence-pp/decompiled-full/tallestred/piglinproliferation/common/entities/PiglinTraveler.java:holdInOffHand,holdInMainHand; evidence/minecraft-1.21.1-client.jar::btp.class",Não aplicável
Piglin Traveler,Piglin Proliferation,Piglin neutro; não exige armadura de ouro para manter neutralidade; retalia agressão; barter apenas adulto.,"Nether: camps individuais (1 Traveler no NBT) e gathering (3 no NBT). Camp normal usa #c:is_nether, exclui Basalt Deltas/Crimson Forest/Soul Sand Valley; gathering em Crimson Forest; soul camp em Soul Sand Valley. Spawner: a cada 12000 ticks do Nether com doMobSpawning=true, teste nextInt(100)<=25 (26%), jogador vivo não espectador e posição válida em até 10 tentativas, X/Z de -48 a +47. Tag without_traveler_spawns vazia no JAR.",Barter: item arremessado pelo Piglin adulto,piglinproliferation:travelers_compass,1,"peso 100/T por troca; 1 roll; Piglin adulto, item classificado como moeda; adiciona localização à bússola; T=525 com bússola elegível, 425 sem alvo elegível; 100/525 se acha alvo permitido; 0 caso contrário. Alvo não é a região atual e não foi vendido por este Traveler nos últimos 24000 ticks de AI.","Aponta para bioma/estrutura da tag travelers_compass_search, grava dimensão/coordenadas/alvo; biomas #c:is_nether, estruturas Fortress/Bastion/ruined_portal_nether e IDs opcionais de outros mods. Fortress vanilla excluída com betterfortresses. Busca de bioma: raio 64000, passos 32/64; estrutura: searchRadius=50, skipKnownStructures=false.",Alta na tabela e no código; moeda e addon sujeitos ao pack,/images/bestiary/audited/piglin-proliferation/piglin-traveler.png,"output-pp/proveniencia.json; modelo, renderer e texturas exatas do JAR (hashes verificados)",evidence-pp/piglinproliferation-1.21.1-2.0.15.jar::data/piglinproliferation/loot_table/gameplay/traveler_bartering.json; evidence-pp/decompiled/AbstractPiglinAi.java; evidence-pp/decompiled-full/tallestred/piglinproliferation/common/loot/CompassCanFindLocationCondition.java; evidence-pp/decompiled-full/tallestred/piglinproliferation/common/loot/AddLocationToCompassFunction.java; evidence-pp/decompiled-full/tallestred/piglinproliferation/common/items/TravelersCompassItem.java; evidence-pp/decompiled-full/tallestred/piglinproliferation/common/recipes/TravelersCompassCloningRecipe.java,"[Clonar bússola](piglin-proliferation-2-cards-completos-2026-10-05.md#clonar-bussola): 1 Traveler’s Compass rastreada + N bússolas comuns em mesa 3×3 → N+1 cópias; consome original, conserva rastreador."
Piglin Traveler,Piglin Proliferation,Piglin neutro; não exige armadura de ouro para manter neutralidade; retalia agressão; barter apenas adulto.,"Nether: camps individuais (1 Traveler no NBT) e gathering (3 no NBT). Camp normal usa #c:is_nether, exclui Basalt Deltas/Crimson Forest/Soul Sand Valley; gathering em Crimson Forest; soul camp em Soul Sand Valley. Spawner: a cada 12000 ticks do Nether com doMobSpawning=true, teste nextInt(100)<=25 (26%), jogador vivo não espectador e posição válida em até 10 tentativas, X/Z de -48 a +47. Tag without_traveler_spawns vazia no JAR.",Barter: item arremessado pelo Piglin adulto,minecraft:book,1,"peso 5/T por troca; 1 roll; Piglin adulto, item classificado como moeda; encantamento minecraft:soul_speed; ; T=525 com bússola elegível, 425 sem alvo elegível",Livro encantado Soul Speed: transferir encantamento na bigorna,Alta na tabela e no código; moeda e addon sujeitos ao pack,/images/bestiary/audited/piglin-proliferation/piglin-traveler.png,"output-pp/proveniencia.json; modelo, renderer e texturas exatas do JAR (hashes verificados)",evidence-pp/piglinproliferation-1.21.1-2.0.15.jar::data/piglinproliferation/loot_table/gameplay/traveler_bartering.json; evidence-pp/decompiled/AbstractPiglinAi.java,Não aplicável
Piglin Traveler,Piglin Proliferation,Piglin neutro; não exige armadura de ouro para manter neutralidade; retalia agressão; barter apenas adulto.,"Nether: camps individuais (1 Traveler no NBT) e gathering (3 no NBT). Camp normal usa #c:is_nether, exclui Basalt Deltas/Crimson Forest/Soul Sand Valley; gathering em Crimson Forest; soul camp em Soul Sand Valley. Spawner: a cada 12000 ticks do Nether com doMobSpawning=true, teste nextInt(100)<=25 (26%), jogador vivo não espectador e posição válida em até 10 tentativas, X/Z de -48 a +47. Tag without_traveler_spawns vazia no JAR.",Barter: item arremessado pelo Piglin adulto,minecraft:ender_pearl,2–4,"peso 10/T por troca; 1 roll; Piglin adulto, item classificado como moeda; ; T=525 com bússola elegível, 425 sem alvo elegível",Teleporte e Eye of Ender,Alta na tabela e no código; moeda e addon sujeitos ao pack,/images/bestiary/audited/piglin-proliferation/piglin-traveler.png,"output-pp/proveniencia.json; modelo, renderer e texturas exatas do JAR (hashes verificados)",evidence-pp/piglinproliferation-1.21.1-2.0.15.jar::data/piglinproliferation/loot_table/gameplay/traveler_bartering.json; evidence-pp/decompiled/AbstractPiglinAi.java,Não aplicável
Piglin Traveler,Piglin Proliferation,Piglin neutro; não exige armadura de ouro para manter neutralidade; retalia agressão; barter apenas adulto.,"Nether: camps individuais (1 Traveler no NBT) e gathering (3 no NBT). Camp normal usa #c:is_nether, exclui Basalt Deltas/Crimson Forest/Soul Sand Valley; gathering em Crimson Forest; soul camp em Soul Sand Valley. Spawner: a cada 12000 ticks do Nether com doMobSpawning=true, teste nextInt(100)<=25 (26%), jogador vivo não espectador e posição válida em até 10 tentativas, X/Z de -48 a +47. Tag without_traveler_spawns vazia no JAR.",Barter: item arremessado pelo Piglin adulto,minecraft:bone,2–6,"peso 20/T por troca; 1 roll; Piglin adulto, item classificado como moeda; ; T=525 com bússola elegível, 425 sem alvo elegível",Farinha de osso e domesticação de lobos,Alta na tabela e no código; moeda e addon sujeitos ao pack,/images/bestiary/audited/piglin-proliferation/piglin-traveler.png,"output-pp/proveniencia.json; modelo, renderer e texturas exatas do JAR (hashes verificados)",evidence-pp/piglinproliferation-1.21.1-2.0.15.jar::data/piglinproliferation/loot_table/gameplay/traveler_bartering.json; evidence-pp/decompiled/AbstractPiglinAi.java,Não aplicável
Piglin Traveler,Piglin Proliferation,Piglin neutro; não exige armadura de ouro para manter neutralidade; retalia agressão; barter apenas adulto.,"Nether: camps individuais (1 Traveler no NBT) e gathering (3 no NBT). Camp normal usa #c:is_nether, exclui Basalt Deltas/Crimson Forest/Soul Sand Valley; gathering em Crimson Forest; soul camp em Soul Sand Valley. Spawner: a cada 12000 ticks do Nether com doMobSpawning=true, teste nextInt(100)<=25 (26%), jogador vivo não espectador e posição válida em até 10 tentativas, X/Z de -48 a +47. Tag without_traveler_spawns vazia no JAR.",Barter: item arremessado pelo Piglin adulto,minecraft:warped_fungus_on_a_stick,1,"peso 20/T por troca; 1 roll; Piglin adulto, item classificado como moeda; ; T=525 com bússola elegível, 425 sem alvo elegível",Controlar Strider,Alta na tabela e no código; moeda e addon sujeitos ao pack,/images/bestiary/audited/piglin-proliferation/piglin-traveler.png,"output-pp/proveniencia.json; modelo, renderer e texturas exatas do JAR (hashes verificados)",evidence-pp/piglinproliferation-1.21.1-2.0.15.jar::data/piglinproliferation/loot_table/gameplay/traveler_bartering.json; evidence-pp/decompiled/AbstractPiglinAi.java,Não aplicável
Piglin Traveler,Piglin Proliferation,Piglin neutro; não exige armadura de ouro para manter neutralidade; retalia agressão; barter apenas adulto.,"Nether: camps individuais (1 Traveler no NBT) e gathering (3 no NBT). Camp normal usa #c:is_nether, exclui Basalt Deltas/Crimson Forest/Soul Sand Valley; gathering em Crimson Forest; soul camp em Soul Sand Valley. Spawner: a cada 12000 ticks do Nether com doMobSpawning=true, teste nextInt(100)<=25 (26%), jogador vivo não espectador e posição válida em até 10 tentativas, X/Z de -48 a +47. Tag without_traveler_spawns vazia no JAR.",Barter: item arremessado pelo Piglin adulto,minecraft:saddle,1,"peso 20/T por troca; 1 roll; Piglin adulto, item classificado como moeda; ; T=525 com bússola elegível, 425 sem alvo elegível",Montaria quando aplicável,Alta na tabela e no código; moeda e addon sujeitos ao pack,/images/bestiary/audited/piglin-proliferation/piglin-traveler.png,"output-pp/proveniencia.json; modelo, renderer e texturas exatas do JAR (hashes verificados)",evidence-pp/piglinproliferation-1.21.1-2.0.15.jar::data/piglinproliferation/loot_table/gameplay/traveler_bartering.json; evidence-pp/decompiled/AbstractPiglinAi.java,Não aplicável
Piglin Traveler,Piglin Proliferation,Piglin neutro; não exige armadura de ouro para manter neutralidade; retalia agressão; barter apenas adulto.,"Nether: camps individuais (1 Traveler no NBT) e gathering (3 no NBT). Camp normal usa #c:is_nether, exclui Basalt Deltas/Crimson Forest/Soul Sand Valley; gathering em Crimson Forest; soul camp em Soul Sand Valley. Spawner: a cada 12000 ticks do Nether com doMobSpawning=true, teste nextInt(100)<=25 (26%), jogador vivo não espectador e posição válida em até 10 tentativas, X/Z de -48 a +47. Tag without_traveler_spawns vazia no JAR.",Barter: item arremessado pelo Piglin adulto,minecraft:iron_ingot,1–4,"peso 10/T por troca; 1 roll; Piglin adulto, item classificado como moeda; ; T=525 com bússola elegível, 425 sem alvo elegível","Ferramentas, armaduras e mecanismos",Alta na tabela e no código; moeda e addon sujeitos ao pack,/images/bestiary/audited/piglin-proliferation/piglin-traveler.png,"output-pp/proveniencia.json; modelo, renderer e texturas exatas do JAR (hashes verificados)",evidence-pp/piglinproliferation-1.21.1-2.0.15.jar::data/piglinproliferation/loot_table/gameplay/traveler_bartering.json; evidence-pp/decompiled/AbstractPiglinAi.java,Não aplicável
Piglin Traveler,Piglin Proliferation,Piglin neutro; não exige armadura de ouro para manter neutralidade; retalia agressão; barter apenas adulto.,"Nether: camps individuais (1 Traveler no NBT) e gathering (3 no NBT). Camp normal usa #c:is_nether, exclui Basalt Deltas/Crimson Forest/Soul Sand Valley; gathering em Crimson Forest; soul camp em Soul Sand Valley. Spawner: a cada 12000 ticks do Nether com doMobSpawning=true, teste nextInt(100)<=25 (26%), jogador vivo não espectador e posição válida em até 10 tentativas, X/Z de -48 a +47. Tag without_traveler_spawns vazia no JAR.",Barter: item arremessado pelo Piglin adulto,minecraft:glowstone_dust,5–12,"peso 40/T por troca; 1 roll; Piglin adulto, item classificado como moeda; ; T=525 com bússola elegível, 425 sem alvo elegível",Blocos luminosos e intensificação de poções,Alta na tabela e no código; moeda e addon sujeitos ao pack,/images/bestiary/audited/piglin-proliferation/piglin-traveler.png,"output-pp/proveniencia.json; modelo, renderer e texturas exatas do JAR (hashes verificados)",evidence-pp/piglinproliferation-1.21.1-2.0.15.jar::data/piglinproliferation/loot_table/gameplay/traveler_bartering.json; evidence-pp/decompiled/AbstractPiglinAi.java,Não aplicável
Piglin Traveler,Piglin Proliferation,Piglin neutro; não exige armadura de ouro para manter neutralidade; retalia agressão; barter apenas adulto.,"Nether: camps individuais (1 Traveler no NBT) e gathering (3 no NBT). Camp normal usa #c:is_nether, exclui Basalt Deltas/Crimson Forest/Soul Sand Valley; gathering em Crimson Forest; soul camp em Soul Sand Valley. Spawner: a cada 12000 ticks do Nether com doMobSpawning=true, teste nextInt(100)<=25 (26%), jogador vivo não espectador e posição válida em até 10 tentativas, X/Z de -48 a +47. Tag without_traveler_spawns vazia no JAR.",Barter: item arremessado pelo Piglin adulto,minecraft:fire_charge,1,"peso 40/T por troca; 1 roll; Piglin adulto, item classificado como moeda; ; T=525 com bússola elegível, 425 sem alvo elegível",Ignição e fogos,Alta na tabela e no código; moeda e addon sujeitos ao pack,/images/bestiary/audited/piglin-proliferation/piglin-traveler.png,"output-pp/proveniencia.json; modelo, renderer e texturas exatas do JAR (hashes verificados)",evidence-pp/piglinproliferation-1.21.1-2.0.15.jar::data/piglinproliferation/loot_table/gameplay/traveler_bartering.json; evidence-pp/decompiled/AbstractPiglinAi.java,Não aplicável
Piglin Traveler,Piglin Proliferation,Piglin neutro; não exige armadura de ouro para manter neutralidade; retalia agressão; barter apenas adulto.,"Nether: camps individuais (1 Traveler no NBT) e gathering (3 no NBT). Camp normal usa #c:is_nether, exclui Basalt Deltas/Crimson Forest/Soul Sand Valley; gathering em Crimson Forest; soul camp em Soul Sand Valley. Spawner: a cada 12000 ticks do Nether com doMobSpawning=true, teste nextInt(100)<=25 (26%), jogador vivo não espectador e posição válida em até 10 tentativas, X/Z de -48 a +47. Tag without_traveler_spawns vazia no JAR.",Barter: item arremessado pelo Piglin adulto,minecraft:soul_soil,2–8,"peso 40/T por troca; 1 roll; Piglin adulto, item classificado como moeda; ; T=525 com bússola elegível, 425 sem alvo elegível",Soul campfire/torch e construção,Alta na tabela e no código; moeda e addon sujeitos ao pack,/images/bestiary/audited/piglin-proliferation/piglin-traveler.png,"output-pp/proveniencia.json; modelo, renderer e texturas exatas do JAR (hashes verificados)",evidence-pp/piglinproliferation-1.21.1-2.0.15.jar::data/piglinproliferation/loot_table/gameplay/traveler_bartering.json; evidence-pp/decompiled/AbstractPiglinAi.java,Não aplicável
Piglin Traveler,Piglin Proliferation,Piglin neutro; não exige armadura de ouro para manter neutralidade; retalia agressão; barter apenas adulto.,"Nether: camps individuais (1 Traveler no NBT) e gathering (3 no NBT). Camp normal usa #c:is_nether, exclui Basalt Deltas/Crimson Forest/Soul Sand Valley; gathering em Crimson Forest; soul camp em Soul Sand Valley. Spawner: a cada 12000 ticks do Nether com doMobSpawning=true, teste nextInt(100)<=25 (26%), jogador vivo não espectador e posição válida em até 10 tentativas, X/Z de -48 a +47. Tag without_traveler_spawns vazia no JAR.",Barter: item arremessado pelo Piglin adulto,minecraft:warped_planks,4–8,"peso 40/T por troca; 1 roll; Piglin adulto, item classificado como moeda; ; T=525 com bússola elegível, 425 sem alvo elegível",Construção e receitas de madeira do Nether,Alta na tabela e no código; moeda e addon sujeitos ao pack,/images/bestiary/audited/piglin-proliferation/piglin-traveler.png,"output-pp/proveniencia.json; modelo, renderer e texturas exatas do JAR (hashes verificados)",evidence-pp/piglinproliferation-1.21.1-2.0.15.jar::data/piglinproliferation/loot_table/gameplay/traveler_bartering.json; evidence-pp/decompiled/AbstractPiglinAi.java,Não aplicável
Piglin Traveler,Piglin Proliferation,Piglin neutro; não exige armadura de ouro para manter neutralidade; retalia agressão; barter apenas adulto.,"Nether: camps individuais (1 Traveler no NBT) e gathering (3 no NBT). Camp normal usa #c:is_nether, exclui Basalt Deltas/Crimson Forest/Soul Sand Valley; gathering em Crimson Forest; soul camp em Soul Sand Valley. Spawner: a cada 12000 ticks do Nether com doMobSpawning=true, teste nextInt(100)<=25 (26%), jogador vivo não espectador e posição válida em até 10 tentativas, X/Z de -48 a +47. Tag without_traveler_spawns vazia no JAR.",Barter: item arremessado pelo Piglin adulto,minecraft:crimson_planks,4–8,"peso 40/T por troca; 1 roll; Piglin adulto, item classificado como moeda; ; T=525 com bússola elegível, 425 sem alvo elegível",Construção e receitas de madeira do Nether,Alta na tabela e no código; moeda e addon sujeitos ao pack,/images/bestiary/audited/piglin-proliferation/piglin-traveler.png,"output-pp/proveniencia.json; modelo, renderer e texturas exatas do JAR (hashes verificados)",evidence-pp/piglinproliferation-1.21.1-2.0.15.jar::data/piglinproliferation/loot_table/gameplay/traveler_bartering.json; evidence-pp/decompiled/AbstractPiglinAi.java,Não aplicável
Piglin Traveler,Piglin Proliferation,Piglin neutro; não exige armadura de ouro para manter neutralidade; retalia agressão; barter apenas adulto.,"Nether: camps individuais (1 Traveler no NBT) e gathering (3 no NBT). Camp normal usa #c:is_nether, exclui Basalt Deltas/Crimson Forest/Soul Sand Valley; gathering em Crimson Forest; soul camp em Soul Sand Valley. Spawner: a cada 12000 ticks do Nether com doMobSpawning=true, teste nextInt(100)<=25 (26%), jogador vivo não espectador e posição válida em até 10 tentativas, X/Z de -48 a +47. Tag without_traveler_spawns vazia no JAR.",Barter: item arremessado pelo Piglin adulto,minecraft:nether_brick,6–8,"peso 40/T por troca; 1 roll; Piglin adulto, item classificado como moeda; ; T=525 com bússola elegível, 425 sem alvo elegível",Tijolos do Nether e construção,Alta na tabela e no código; moeda e addon sujeitos ao pack,/images/bestiary/audited/piglin-proliferation/piglin-traveler.png,"output-pp/proveniencia.json; modelo, renderer e texturas exatas do JAR (hashes verificados)",evidence-pp/piglinproliferation-1.21.1-2.0.15.jar::data/piglinproliferation/loot_table/gameplay/traveler_bartering.json; evidence-pp/decompiled/AbstractPiglinAi.java,Não aplicável
Piglin Traveler,Piglin Proliferation,Piglin neutro; não exige armadura de ouro para manter neutralidade; retalia agressão; barter apenas adulto.,"Nether: camps individuais (1 Traveler no NBT) e gathering (3 no NBT). Camp normal usa #c:is_nether, exclui Basalt Deltas/Crimson Forest/Soul Sand Valley; gathering em Crimson Forest; soul camp em Soul Sand Valley. Spawner: a cada 12000 ticks do Nether com doMobSpawning=true, teste nextInt(100)<=25 (26%), jogador vivo não espectador e posição válida em até 10 tentativas, X/Z de -48 a +47. Tag without_traveler_spawns vazia no JAR.",Barter: item arremessado pelo Piglin adulto,minecraft:spectral_arrow,6–12,"peso 40/T por troca; 1 roll; Piglin adulto, item classificado como moeda; ; T=525 com bússola elegível, 425 sem alvo elegível",Munição que marca alvos com brilho,Alta na tabela e no código; moeda e addon sujeitos ao pack,/images/bestiary/audited/piglin-proliferation/piglin-traveler.png,"output-pp/proveniencia.json; modelo, renderer e texturas exatas do JAR (hashes verificados)",evidence-pp/piglinproliferation-1.21.1-2.0.15.jar::data/piglinproliferation/loot_table/gameplay/traveler_bartering.json; evidence-pp/decompiled/AbstractPiglinAi.java,Não aplicável
Piglin Traveler,Piglin Proliferation,Piglin neutro; não exige armadura de ouro para manter neutralidade; retalia agressão; barter apenas adulto.,"Nether: camps individuais (1 Traveler no NBT) e gathering (3 no NBT). Camp normal usa #c:is_nether, exclui Basalt Deltas/Crimson Forest/Soul Sand Valley; gathering em Crimson Forest; soul camp em Soul Sand Valley. Spawner: a cada 12000 ticks do Nether com doMobSpawning=true, teste nextInt(100)<=25 (26%), jogador vivo não espectador e posição válida em até 10 tentativas, X/Z de -48 a +47. Tag without_traveler_spawns vazia no JAR.",Barter: item arremessado pelo Piglin adulto,minecraft:crossbow,1,"peso 20/T por troca; 1 roll; Piglin adulto, item classificado como moeda; besta selecionada sempre sai; enchant_randomly executada em 50% das seleções; T=525 com bússola elegível, 425 sem alvo elegível",Arma à distância,Alta na tabela e no código; moeda e addon sujeitos ao pack,/images/bestiary/audited/piglin-proliferation/piglin-traveler.png,"output-pp/proveniencia.json; modelo, renderer e texturas exatas do JAR (hashes verificados)",evidence-pp/piglinproliferation-1.21.1-2.0.15.jar::data/piglinproliferation/loot_table/gameplay/traveler_bartering.json; evidence-pp/decompiled/AbstractPiglinAi.java,Não aplicável
Piglin Traveler,Piglin Proliferation,Piglin neutro; não exige armadura de ouro para manter neutralidade; retalia agressão; barter apenas adulto.,"Nether: camps individuais (1 Traveler no NBT) e gathering (3 no NBT). Camp normal usa #c:is_nether, exclui Basalt Deltas/Crimson Forest/Soul Sand Valley; gathering em Crimson Forest; soul camp em Soul Sand Valley. Spawner: a cada 12000 ticks do Nether com doMobSpawning=true, teste nextInt(100)<=25 (26%), jogador vivo não espectador e posição válida em até 10 tentativas, X/Z de -48 a +47. Tag without_traveler_spawns vazia no JAR.",Barter: item arremessado pelo Piglin adulto,minecraft:crying_obsidian,2–4,"peso 40/T por troca; 1 roll; Piglin adulto, item classificado como moeda; ; T=525 com bússola elegível, 425 sem alvo elegível",Âncora de renascimento e construção,Alta na tabela e no código; moeda e addon sujeitos ao pack,/images/bestiary/audited/piglin-proliferation/piglin-traveler.png,"output-pp/proveniencia.json; modelo, renderer e texturas exatas do JAR (hashes verificados)",evidence-pp/piglinproliferation-1.21.1-2.0.15.jar::data/piglinproliferation/loot_table/gameplay/traveler_bartering.json; evidence-pp/decompiled/AbstractPiglinAi.java,Não aplicável
Piglin Traveler,Piglin Proliferation,Piglin neutro; não exige armadura de ouro para manter neutralidade; retalia agressão; barter apenas adulto.,"Nether: camps individuais (1 Traveler no NBT) e gathering (3 no NBT). Camp normal usa #c:is_nether, exclui Basalt Deltas/Crimson Forest/Soul Sand Valley; gathering em Crimson Forest; soul camp em Soul Sand Valley. Spawner: a cada 12000 ticks do Nether com doMobSpawning=true, teste nextInt(100)<=25 (26%), jogador vivo não espectador e posição válida em até 10 tentativas, X/Z de -48 a +47. Tag without_traveler_spawns vazia no JAR.",Localização sem repetição,Traveler’s Compass: alvo gravado,1 por seleção elegível,"Bloqueia o ID de bioma/estrutura por 24000 ticks deste mob após venda; não bloqueia globalmente outros Travelers. Sem alvo elegível, redistribui peso apenas pelos outros itens.",Planejar exploração; cópias compartilham mesmo alvo,Alta: JAR 2.0.15; configuração/datapacks externos não confirmados,/images/bestiary/audited/piglin-proliferation/piglin-traveler.png,output-pp/proveniencia.json; PiglinTravelerModel.class + traveler.png,evidence-pp/decompiled-full/tallestred/piglinproliferation/common/loot/AddLocationToCompassFunction.java; evidence-pp/decompiled-full/tallestred/piglinproliferation/common/entities/PiglinTraveler.java:customServerAiStep,Não aplicável
Gelid,Variants & Ventures,Zumbi hostil que lança bola de neve congelante,"Biomas das tags frozen, ice e snowy; substitui Zombie gerado naturalmente, em chunk ou estrutura, sujeito à configuração e altura; pode entrar no spawner melee de Trial Chambers por alias condicionado à configuração",Loot da morte,minecraft:rotten_flesh,0–2 base; Saque adiciona 0–1 por nível,Um roll da tabela; sem exigência de morte pelo jogador,"Troca com clérigo, comida de emergência; cura de Zombie Villager exige outros itens",Alta: JSON da build auditada; equipamento herdado depende da geração,/images/bestiary/audited/variants-ventures/gelid.png,evidence-vv/variantsandventures-neoforge-1.0.26+mc1.21.1.jar::com/faboslav/variantsandventures/common/client/model/GelidEntityModel.class; evidence-vv/variantsandventures-neoforge-1.0.26+mc1.21.1.jar::com/faboslav/variantsandventures/common/client/render/entity/GelidEntityRenderer.class; evidence-vv/variantsandventures-neoforge-1.0.26+mc1.21.1.jar::assets/variantsandventures/textures/entity/gelid/gelid.png; evidence-vv/variantsandventures-neoforge-1.0.26+mc1.21.1.jar::com/faboslav/variantsandventures/common/init/VariantsAndVenturesModelLayers.class; evidence-vv/variantsandventures-neoforge-1.0.26+mc1.21.1.jar::com/faboslav/variantsandventures/common/client/render/entity/feature/GelidOverlayFeatureRenderer.class; evidence-vv/variantsandventures-neoforge-1.0.26+mc1.21.1.jar::assets/variantsandventures/textures/entity/gelid/gelid_overlay.png; output-vv/proveniencia.json,evidence-vv/variantsandventures-neoforge-1.0.26+mc1.21.1.jar::data/variantsandventures/loot_table/entities/gelid.json; evidence-vv/variantsandventures-neoforge-1.0.26+mc1.21.1.jar::data/variantsandventures/tags/worldgen/biome/has_gelid.json; evidence-vv/decompiled/GelidOnEntitySpawn.java; evidence-vv/decompiled/OnEntitySpawn.java; evidence-vv/decompiled/VariantsAndVenturesConfig.java; evidence-vv/decompiled/VariantsAndVenturesStructurePoolAliases.java,Não aplicável: sem receita própria do mod
Gelid,Variants & Ventures,Zumbi hostil que lança bola de neve congelante,"Biomas das tags frozen, ice e snowy; substitui Zombie gerado naturalmente, em chunk ou estrutura, sujeito à configuração e altura; pode entrar no spawner melee de Trial Chambers por alias condicionado à configuração",Loot da morte,minecraft:iron_ingot,1 se escolhido,"Morte atribuída ao jogador; pool raro 2,5% sem Saque, 3,5% com Saque I, +1 ponto percentual por nível adicional; dentro do pool, cada um dos três itens tem peso igual (chance individual base = 2,5% ÷ 3)","Ferramentas, armaduras e mecanismos vanilla",Alta: JSON da build auditada; equipamento herdado depende da geração,/images/bestiary/audited/variants-ventures/gelid.png,evidence-vv/variantsandventures-neoforge-1.0.26+mc1.21.1.jar::com/faboslav/variantsandventures/common/client/model/GelidEntityModel.class; evidence-vv/variantsandventures-neoforge-1.0.26+mc1.21.1.jar::com/faboslav/variantsandventures/common/client/render/entity/GelidEntityRenderer.class; evidence-vv/variantsandventures-neoforge-1.0.26+mc1.21.1.jar::assets/variantsandventures/textures/entity/gelid/gelid.png; evidence-vv/variantsandventures-neoforge-1.0.26+mc1.21.1.jar::com/faboslav/variantsandventures/common/init/VariantsAndVenturesModelLayers.class; evidence-vv/variantsandventures-neoforge-1.0.26+mc1.21.1.jar::com/faboslav/variantsandventures/common/client/render/entity/feature/GelidOverlayFeatureRenderer.class; evidence-vv/variantsandventures-neoforge-1.0.26+mc1.21.1.jar::assets/variantsandventures/textures/entity/gelid/gelid_overlay.png; output-vv/proveniencia.json,evidence-vv/variantsandventures-neoforge-1.0.26+mc1.21.1.jar::data/variantsandventures/loot_table/entities/gelid.json; evidence-vv/variantsandventures-neoforge-1.0.26+mc1.21.1.jar::data/variantsandventures/tags/worldgen/biome/has_gelid.json; evidence-vv/decompiled/GelidOnEntitySpawn.java; evidence-vv/decompiled/OnEntitySpawn.java; evidence-vv/decompiled/VariantsAndVenturesConfig.java; evidence-vv/decompiled/VariantsAndVenturesStructurePoolAliases.java,Não aplicável: sem receita própria do mod
Gelid,Variants & Ventures,Zumbi hostil que lança bola de neve congelante,"Biomas das tags frozen, ice e snowy; substitui Zombie gerado naturalmente, em chunk ou estrutura, sujeito à configuração e altura; pode entrar no spawner melee de Trial Chambers por alias condicionado à configuração",Loot da morte,minecraft:carrot,1 se escolhido,"Morte atribuída ao jogador; pool raro 2,5% sem Saque, 3,5% com Saque I, +1 ponto percentual por nível adicional; dentro do pool, cada um dos três itens tem peso igual (chance individual base = 2,5% ÷ 3)","Alimento, plantio e reprodução de alguns animais",Alta: JSON da build auditada; equipamento herdado depende da geração,/images/bestiary/audited/variants-ventures/gelid.png,evidence-vv/variantsandventures-neoforge-1.0.26+mc1.21.1.jar::com/faboslav/variantsandventures/common/client/model/GelidEntityModel.class; evidence-vv/variantsandventures-neoforge-1.0.26+mc1.21.1.jar::com/faboslav/variantsandventures/common/client/render/entity/GelidEntityRenderer.class; evidence-vv/variantsandventures-neoforge-1.0.26+mc1.21.1.jar::assets/variantsandventures/textures/entity/gelid/gelid.png; evidence-vv/variantsandventures-neoforge-1.0.26+mc1.21.1.jar::com/faboslav/variantsandventures/common/init/VariantsAndVenturesModelLayers.class; evidence-vv/variantsandventures-neoforge-1.0.26+mc1.21.1.jar::com/faboslav/variantsandventures/common/client/render/entity/feature/GelidOverlayFeatureRenderer.class; evidence-vv/variantsandventures-neoforge-1.0.26+mc1.21.1.jar::assets/variantsandventures/textures/entity/gelid/gelid_overlay.png; output-vv/proveniencia.json,evidence-vv/variantsandventures-neoforge-1.0.26+mc1.21.1.jar::data/variantsandventures/loot_table/entities/gelid.json; evidence-vv/variantsandventures-neoforge-1.0.26+mc1.21.1.jar::data/variantsandventures/tags/worldgen/biome/has_gelid.json; evidence-vv/decompiled/GelidOnEntitySpawn.java; evidence-vv/decompiled/OnEntitySpawn.java; evidence-vv/decompiled/VariantsAndVenturesConfig.java; evidence-vv/decompiled/VariantsAndVenturesStructurePoolAliases.java,Não aplicável: sem receita própria do mod
Gelid,Variants & Ventures,Zumbi hostil que lança bola de neve congelante,"Biomas das tags frozen, ice e snowy; substitui Zombie gerado naturalmente, em chunk ou estrutura, sujeito à configuração e altura; pode entrar no spawner melee de Trial Chambers por alias condicionado à configuração",Loot da morte,minecraft:potato,1 se escolhido,"Morte atribuída ao jogador; pool raro 2,5% sem Saque, 3,5% com Saque I, +1 ponto percentual por nível adicional; dentro do pool, cada um dos três itens tem peso igual (chance individual base = 2,5% ÷ 3); furnace_smelt se mob em chamas ou arma do atacante direto com encantamento da tag #minecraft:smelts_loot",Alimento e plantio; pode virar Baked Potato ao cozinhar,Alta: JSON da build auditada; equipamento herdado depende da geração,/images/bestiary/audited/variants-ventures/gelid.png,evidence-vv/variantsandventures-neoforge-1.0.26+mc1.21.1.jar::com/faboslav/variantsandventures/common/client/model/GelidEntityModel.class; evidence-vv/variantsandventures-neoforge-1.0.26+mc1.21.1.jar::com/faboslav/variantsandventures/common/client/render/entity/GelidEntityRenderer.class; evidence-vv/variantsandventures-neoforge-1.0.26+mc1.21.1.jar::assets/variantsandventures/textures/entity/gelid/gelid.png; evidence-vv/variantsandventures-neoforge-1.0.26+mc1.21.1.jar::com/faboslav/variantsandventures/common/init/VariantsAndVenturesModelLayers.class; evidence-vv/variantsandventures-neoforge-1.0.26+mc1.21.1.jar::com/faboslav/variantsandventures/common/client/render/entity/feature/GelidOverlayFeatureRenderer.class; evidence-vv/variantsandventures-neoforge-1.0.26+mc1.21.1.jar::assets/variantsandventures/textures/entity/gelid/gelid_overlay.png; output-vv/proveniencia.json,evidence-vv/variantsandventures-neoforge-1.0.26+mc1.21.1.jar::data/variantsandventures/loot_table/entities/gelid.json; evidence-vv/variantsandventures-neoforge-1.0.26+mc1.21.1.jar::data/variantsandventures/tags/worldgen/biome/has_gelid.json; evidence-vv/decompiled/GelidOnEntitySpawn.java; evidence-vv/decompiled/OnEntitySpawn.java; evidence-vv/decompiled/VariantsAndVenturesConfig.java; evidence-vv/decompiled/VariantsAndVenturesStructurePoolAliases.java,https://minecraft.wiki/w/Baked_Potato#Obtaining (cozimento vanilla)
Gelid,Variants & Ventures,Zumbi hostil que lança bola de neve congelante,"Biomas das tags frozen, ice e snowy; substitui Zombie gerado naturalmente, em chunk ou estrutura, sujeito à configuração e altura; pode entrar no spawner melee de Trial Chambers por alias condicionado à configuração",Equipamento carregado na conversão,Item equipado pelo Zombie/Skeleton substituído,Dependente do equipamento anterior,OnEntitySpawn copia cada slot e a respectiva chance de queda; a entidade original pode ter itens variados,Uso depende do item preexistente,Alta para mecanismo; item e quantidade reais não confirmados,/images/bestiary/audited/variants-ventures/gelid.png,evidence-vv/variantsandventures-neoforge-1.0.26+mc1.21.1.jar::com/faboslav/variantsandventures/common/client/model/GelidEntityModel.class; evidence-vv/variantsandventures-neoforge-1.0.26+mc1.21.1.jar::com/faboslav/variantsandventures/common/client/render/entity/GelidEntityRenderer.class; evidence-vv/variantsandventures-neoforge-1.0.26+mc1.21.1.jar::assets/variantsandventures/textures/entity/gelid/gelid.png; evidence-vv/variantsandventures-neoforge-1.0.26+mc1.21.1.jar::com/faboslav/variantsandventures/common/init/VariantsAndVenturesModelLayers.class; evidence-vv/variantsandventures-neoforge-1.0.26+mc1.21.1.jar::com/faboslav/variantsandventures/common/client/render/entity/feature/GelidOverlayFeatureRenderer.class; evidence-vv/variantsandventures-neoforge-1.0.26+mc1.21.1.jar::assets/variantsandventures/textures/entity/gelid/gelid_overlay.png; output-vv/proveniencia.json,evidence-vv/variantsandventures-neoforge-1.0.26+mc1.21.1.jar::data/variantsandventures/loot_table/entities/gelid.json; evidence-vv/variantsandventures-neoforge-1.0.26+mc1.21.1.jar::data/variantsandventures/tags/worldgen/biome/has_gelid.json; evidence-vv/decompiled/GelidOnEntitySpawn.java; evidence-vv/decompiled/OnEntitySpawn.java; evidence-vv/decompiled/VariantsAndVenturesConfig.java; evidence-vv/decompiled/VariantsAndVenturesStructurePoolAliases.java,Não aplicável
Gelid,Variants & Ventures,Zumbi hostil que lança bola de neve congelante,"Biomas das tags frozen, ice e snowy; substitui Zombie gerado naturalmente, em chunk ou estrutura, sujeito à configuração e altura; pode entrar no spawner melee de Trial Chambers por alias condicionado à configuração",Bola de neve em combate,Congelamento do alvo,240 ticks de congelamento e 4 de dano adicionais ao impacto,"Se bola de neve lançada pelo Gelid atinge LivingEntity; é mecanismo de combate, não drop",Explica o risco do encontro,Alta: classe e evento de projétil,/images/bestiary/audited/variants-ventures/gelid.png,evidence-vv/variantsandventures-neoforge-1.0.26+mc1.21.1.jar::com/faboslav/variantsandventures/common/client/model/GelidEntityModel.class; evidence-vv/variantsandventures-neoforge-1.0.26+mc1.21.1.jar::com/faboslav/variantsandventures/common/client/render/entity/GelidEntityRenderer.class; evidence-vv/variantsandventures-neoforge-1.0.26+mc1.21.1.jar::assets/variantsandventures/textures/entity/gelid/gelid.png; evidence-vv/variantsandventures-neoforge-1.0.26+mc1.21.1.jar::com/faboslav/variantsandventures/common/init/VariantsAndVenturesModelLayers.class; evidence-vv/variantsandventures-neoforge-1.0.26+mc1.21.1.jar::com/faboslav/variantsandventures/common/client/render/entity/feature/GelidOverlayFeatureRenderer.class; evidence-vv/variantsandventures-neoforge-1.0.26+mc1.21.1.jar::assets/variantsandventures/textures/entity/gelid/gelid_overlay.png; output-vv/proveniencia.json,evidence-vv/variantsandventures-neoforge-1.0.26+mc1.21.1.jar::data/variantsandventures/loot_table/entities/gelid.json; evidence-vv/variantsandventures-neoforge-1.0.26+mc1.21.1.jar::data/variantsandventures/tags/worldgen/biome/has_gelid.json; evidence-vv/decompiled/GelidOnEntitySpawn.java; evidence-vv/decompiled/OnEntitySpawn.java; evidence-vv/decompiled/VariantsAndVenturesConfig.java; evidence-vv/decompiled/VariantsAndVenturesStructurePoolAliases.java; evidence-vv/decompiled/GelidEntity.java; evidence-vv/decompiled/GelidOnSnowballHitEvent.java,Não aplicável
Murk,Variants & Ventures,"Monstro aquático hostil, três variantes de coral; pode ser tosquiado","Lukewarm Ocean, Deep Lukewarm Ocean, Warm Ocean; spawn próprio de monstro na água, abaixo de nível do mar − 5; pode entrar nos spawners ranged de Trial Chambers por alias condicionado à configuração",Loot da morte,minecraft:arrow,0–2 base; Saque adiciona 0–1 por nível,Um roll da tabela; sem exigência de morte pelo jogador,Munição de arco ou besta,Alta: JSON da build auditada; equipamento herdado depende da geração,/images/bestiary/audited/variants-ventures/murk-purple.png,evidence-vv/variantsandventures-neoforge-1.0.26+mc1.21.1.jar::com/faboslav/variantsandventures/common/client/model/MurkEntityModel.class; evidence-vv/variantsandventures-neoforge-1.0.26+mc1.21.1.jar::com/faboslav/variantsandventures/common/client/render/entity/MurkEntityRenderer.class; evidence-vv/variantsandventures-neoforge-1.0.26+mc1.21.1.jar::assets/variantsandventures/textures/entity/murk/murk_purple.png; evidence-vv/variantsandventures-neoforge-1.0.26+mc1.21.1.jar::com/faboslav/variantsandventures/common/init/VariantsAndVenturesModelLayers.class; evidence-vv/variantsandventures-neoforge-1.0.26+mc1.21.1.jar::com/faboslav/variantsandventures/common/entity/mob/MurkEntity.class; output-vv/proveniencia.json,evidence-vv/variantsandventures-neoforge-1.0.26+mc1.21.1.jar::data/variantsandventures/loot_table/entities/murk.json; evidence-vv/variantsandventures-neoforge-1.0.26+mc1.21.1.jar::data/variantsandventures/tags/worldgen/biome/has_murk.json; evidence-vv/decompiled/MurkEntity.java; evidence-vv/variantsandventures-neoforge-1.0.26+mc1.21.1.jar::data/variantsandventures/neoforge/biome_modifier/murk.json; evidence-vv/decompiled/VariantsAndVenturesStructurePoolAliases.java,https://minecraft.wiki/w/Arrow#Crafting (receita vanilla)
Murk,Variants & Ventures,"Monstro aquático hostil, três variantes de coral; pode ser tosquiado","Lukewarm Ocean, Deep Lukewarm Ocean, Warm Ocean; spawn próprio de monstro na água, abaixo de nível do mar − 5; pode entrar nos spawners ranged de Trial Chambers por alias condicionado à configuração",Loot da morte,minecraft:bone,0–2 base; Saque adiciona 0–1 por nível,Um roll da tabela; sem exigência de morte pelo jogador,Bone Meal e domesticação de lobos,Alta: JSON da build auditada; equipamento herdado depende da geração,/images/bestiary/audited/variants-ventures/murk-purple.png,evidence-vv/variantsandventures-neoforge-1.0.26+mc1.21.1.jar::com/faboslav/variantsandventures/common/client/model/MurkEntityModel.class; evidence-vv/variantsandventures-neoforge-1.0.26+mc1.21.1.jar::com/faboslav/variantsandventures/common/client/render/entity/MurkEntityRenderer.class; evidence-vv/variantsandventures-neoforge-1.0.26+mc1.21.1.jar::assets/variantsandventures/textures/entity/murk/murk_purple.png; evidence-vv/variantsandventures-neoforge-1.0.26+mc1.21.1.jar::com/faboslav/variantsandventures/common/init/VariantsAndVenturesModelLayers.class; evidence-vv/variantsandventures-neoforge-1.0.26+mc1.21.1.jar::com/faboslav/variantsandventures/common/entity/mob/MurkEntity.class; output-vv/proveniencia.json,evidence-vv/variantsandventures-neoforge-1.0.26+mc1.21.1.jar::data/variantsandventures/loot_table/entities/murk.json; evidence-vv/variantsandventures-neoforge-1.0.26+mc1.21.1.jar::data/variantsandventures/tags/worldgen/biome/has_murk.json; evidence-vv/decompiled/MurkEntity.java; evidence-vv/variantsandventures-neoforge-1.0.26+mc1.21.1.jar::data/variantsandventures/neoforge/biome_modifier/murk.json; evidence-vv/decompiled/VariantsAndVenturesStructurePoolAliases.java,https://minecraft.wiki/w/Bone_Meal#Crafting (receita vanilla)
Murk,Variants & Ventures,"Monstro aquático hostil, três variantes de coral; pode ser tosquiado","Lukewarm Ocean, Deep Lukewarm Ocean, Warm Ocean; spawn próprio de monstro na água, abaixo de nível do mar − 5; pode entrar nos spawners ranged de Trial Chambers por alias condicionado à configuração",Tosquia de Murk purple,minecraft:bubble_coral,0–2 por item; exatamente 2 peças de coral somadas,"Murk vivo e ainda não tosquiado; doMobLoot=true; 2 sorteios entre coral vivo e morto, peso 1 para cada opção por sorteio; tosquia consome 1 de durabilidade e fixa Sheared=true","Coral vivo para decoração, requer água para permanecer vivo",Alta: classe e loot table de tosquia da build auditada,/images/bestiary/audited/variants-ventures/murk-purple.png,evidence-vv/variantsandventures-neoforge-1.0.26+mc1.21.1.jar::com/faboslav/variantsandventures/common/client/model/MurkEntityModel.class; evidence-vv/variantsandventures-neoforge-1.0.26+mc1.21.1.jar::com/faboslav/variantsandventures/common/client/render/entity/MurkEntityRenderer.class; evidence-vv/variantsandventures-neoforge-1.0.26+mc1.21.1.jar::assets/variantsandventures/textures/entity/murk/murk_purple.png; evidence-vv/variantsandventures-neoforge-1.0.26+mc1.21.1.jar::com/faboslav/variantsandventures/common/init/VariantsAndVenturesModelLayers.class; evidence-vv/variantsandventures-neoforge-1.0.26+mc1.21.1.jar::com/faboslav/variantsandventures/common/entity/mob/MurkEntity.class; output-vv/proveniencia.json,evidence-vv/variantsandventures-neoforge-1.0.26+mc1.21.1.jar::data/variantsandventures/loot_table/entities/murk.json; evidence-vv/variantsandventures-neoforge-1.0.26+mc1.21.1.jar::data/variantsandventures/tags/worldgen/biome/has_murk.json; evidence-vv/decompiled/MurkEntity.java; evidence-vv/variantsandventures-neoforge-1.0.26+mc1.21.1.jar::data/variantsandventures/neoforge/biome_modifier/murk.json; evidence-vv/decompiled/VariantsAndVenturesStructurePoolAliases.java; evidence-vv/variantsandventures-neoforge-1.0.26+mc1.21.1.jar::data/variantsandventures/loot_table/shearing/murk_purple.json,Não aplicável
Murk,Variants & Ventures,"Monstro aquático hostil, três variantes de coral; pode ser tosquiado","Lukewarm Ocean, Deep Lukewarm Ocean, Warm Ocean; spawn próprio de monstro na água, abaixo de nível do mar − 5; pode entrar nos spawners ranged de Trial Chambers por alias condicionado à configuração",Tosquia de Murk purple,minecraft:dead_bubble_coral,0–2 por item; exatamente 2 peças de coral somadas,"Murk vivo e ainda não tosquiado; doMobLoot=true; 2 sorteios entre coral vivo e morto, peso 1 para cada opção por sorteio; tosquia consome 1 de durabilidade e fixa Sheared=true",Coral morto para decoração,Alta: classe e loot table de tosquia da build auditada,/images/bestiary/audited/variants-ventures/murk-purple.png,evidence-vv/variantsandventures-neoforge-1.0.26+mc1.21.1.jar::com/faboslav/variantsandventures/common/client/model/MurkEntityModel.class; evidence-vv/variantsandventures-neoforge-1.0.26+mc1.21.1.jar::com/faboslav/variantsandventures/common/client/render/entity/MurkEntityRenderer.class; evidence-vv/variantsandventures-neoforge-1.0.26+mc1.21.1.jar::assets/variantsandventures/textures/entity/murk/murk_purple.png; evidence-vv/variantsandventures-neoforge-1.0.26+mc1.21.1.jar::com/faboslav/variantsandventures/common/init/VariantsAndVenturesModelLayers.class; evidence-vv/variantsandventures-neoforge-1.0.26+mc1.21.1.jar::com/faboslav/variantsandventures/common/entity/mob/MurkEntity.class; output-vv/proveniencia.json,evidence-vv/variantsandventures-neoforge-1.0.26+mc1.21.1.jar::data/variantsandventures/loot_table/entities/murk.json; evidence-vv/variantsandventures-neoforge-1.0.26+mc1.21.1.jar::data/variantsandventures/tags/worldgen/biome/has_murk.json; evidence-vv/decompiled/MurkEntity.java; evidence-vv/variantsandventures-neoforge-1.0.26+mc1.21.1.jar::data/variantsandventures/neoforge/biome_modifier/murk.json; evidence-vv/decompiled/VariantsAndVenturesStructurePoolAliases.java; evidence-vv/variantsandventures-neoforge-1.0.26+mc1.21.1.jar::data/variantsandventures/loot_table/shearing/murk_purple.json,Não aplicável
Murk,Variants & Ventures,"Monstro aquático hostil, três variantes de coral; pode ser tosquiado","Lukewarm Ocean, Deep Lukewarm Ocean, Warm Ocean; spawn próprio de monstro na água, abaixo de nível do mar − 5; pode entrar nos spawners ranged de Trial Chambers por alias condicionado à configuração",Tosquia de Murk red,minecraft:fire_coral,0–2 por item; exatamente 2 peças de coral somadas,"Murk vivo e ainda não tosquiado; doMobLoot=true; 2 sorteios entre coral vivo e morto, peso 1 para cada opção por sorteio; tosquia consome 1 de durabilidade e fixa Sheared=true","Coral vivo para decoração, requer água para permanecer vivo",Alta: classe e loot table de tosquia da build auditada,/images/bestiary/audited/variants-ventures/murk-red.png,evidence-vv/variantsandventures-neoforge-1.0.26+mc1.21.1.jar::com/faboslav/variantsandventures/common/client/model/MurkEntityModel.class; evidence-vv/variantsandventures-neoforge-1.0.26+mc1.21.1.jar::com/faboslav/variantsandventures/common/client/render/entity/MurkEntityRenderer.class; evidence-vv/variantsandventures-neoforge-1.0.26+mc1.21.1.jar::assets/variantsandventures/textures/entity/murk/murk_red.png; evidence-vv/variantsandventures-neoforge-1.0.26+mc1.21.1.jar::com/faboslav/variantsandventures/common/init/VariantsAndVenturesModelLayers.class; evidence-vv/variantsandventures-neoforge-1.0.26+mc1.21.1.jar::com/faboslav/variantsandventures/common/entity/mob/MurkEntity.class; output-vv/proveniencia.json,evidence-vv/variantsandventures-neoforge-1.0.26+mc1.21.1.jar::data/variantsandventures/loot_table/entities/murk.json; evidence-vv/variantsandventures-neoforge-1.0.26+mc1.21.1.jar::data/variantsandventures/tags/worldgen/biome/has_murk.json; evidence-vv/decompiled/MurkEntity.java; evidence-vv/variantsandventures-neoforge-1.0.26+mc1.21.1.jar::data/variantsandventures/neoforge/biome_modifier/murk.json; evidence-vv/decompiled/VariantsAndVenturesStructurePoolAliases.java; evidence-vv/variantsandventures-neoforge-1.0.26+mc1.21.1.jar::data/variantsandventures/loot_table/shearing/murk_red.json,Não aplicável
Murk,Variants & Ventures,"Monstro aquático hostil, três variantes de coral; pode ser tosquiado","Lukewarm Ocean, Deep Lukewarm Ocean, Warm Ocean; spawn próprio de monstro na água, abaixo de nível do mar − 5; pode entrar nos spawners ranged de Trial Chambers por alias condicionado à configuração",Tosquia de Murk red,minecraft:dead_fire_coral,0–2 por item; exatamente 2 peças de coral somadas,"Murk vivo e ainda não tosquiado; doMobLoot=true; 2 sorteios entre coral vivo e morto, peso 1 para cada opção por sorteio; tosquia consome 1 de durabilidade e fixa Sheared=true",Coral morto para decoração,Alta: classe e loot table de tosquia da build auditada,/images/bestiary/audited/variants-ventures/murk-red.png,evidence-vv/variantsandventures-neoforge-1.0.26+mc1.21.1.jar::com/faboslav/variantsandventures/common/client/model/MurkEntityModel.class; evidence-vv/variantsandventures-neoforge-1.0.26+mc1.21.1.jar::com/faboslav/variantsandventures/common/client/render/entity/MurkEntityRenderer.class; evidence-vv/variantsandventures-neoforge-1.0.26+mc1.21.1.jar::assets/variantsandventures/textures/entity/murk/murk_red.png; evidence-vv/variantsandventures-neoforge-1.0.26+mc1.21.1.jar::com/faboslav/variantsandventures/common/init/VariantsAndVenturesModelLayers.class; evidence-vv/variantsandventures-neoforge-1.0.26+mc1.21.1.jar::com/faboslav/variantsandventures/common/entity/mob/MurkEntity.class; output-vv/proveniencia.json,evidence-vv/variantsandventures-neoforge-1.0.26+mc1.21.1.jar::data/variantsandventures/loot_table/entities/murk.json; evidence-vv/variantsandventures-neoforge-1.0.26+mc1.21.1.jar::data/variantsandventures/tags/worldgen/biome/has_murk.json; evidence-vv/decompiled/MurkEntity.java; evidence-vv/variantsandventures-neoforge-1.0.26+mc1.21.1.jar::data/variantsandventures/neoforge/biome_modifier/murk.json; evidence-vv/decompiled/VariantsAndVenturesStructurePoolAliases.java; evidence-vv/variantsandventures-neoforge-1.0.26+mc1.21.1.jar::data/variantsandventures/loot_table/shearing/murk_red.json,Não aplicável
Murk,Variants & Ventures,"Monstro aquático hostil, três variantes de coral; pode ser tosquiado","Lukewarm Ocean, Deep Lukewarm Ocean, Warm Ocean; spawn próprio de monstro na água, abaixo de nível do mar − 5; pode entrar nos spawners ranged de Trial Chambers por alias condicionado à configuração",Tosquia de Murk yellow,minecraft:horn_coral,0–2 por item; exatamente 2 peças de coral somadas,"Murk vivo e ainda não tosquiado; doMobLoot=true; 2 sorteios entre coral vivo e morto, peso 1 para cada opção por sorteio; tosquia consome 1 de durabilidade e fixa Sheared=true","Coral vivo para decoração, requer água para permanecer vivo",Alta: classe e loot table de tosquia da build auditada,/images/bestiary/audited/variants-ventures/murk-yellow.png,evidence-vv/variantsandventures-neoforge-1.0.26+mc1.21.1.jar::com/faboslav/variantsandventures/common/client/model/MurkEntityModel.class; evidence-vv/variantsandventures-neoforge-1.0.26+mc1.21.1.jar::com/faboslav/variantsandventures/common/client/render/entity/MurkEntityRenderer.class; evidence-vv/variantsandventures-neoforge-1.0.26+mc1.21.1.jar::assets/variantsandventures/textures/entity/murk/murk_yellow.png; evidence-vv/variantsandventures-neoforge-1.0.26+mc1.21.1.jar::com/faboslav/variantsandventures/common/init/VariantsAndVenturesModelLayers.class; evidence-vv/variantsandventures-neoforge-1.0.26+mc1.21.1.jar::com/faboslav/variantsandventures/common/entity/mob/MurkEntity.class; output-vv/proveniencia.json,evidence-vv/variantsandventures-neoforge-1.0.26+mc1.21.1.jar::data/variantsandventures/loot_table/entities/murk.json; evidence-vv/variantsandventures-neoforge-1.0.26+mc1.21.1.jar::data/variantsandventures/tags/worldgen/biome/has_murk.json; evidence-vv/decompiled/MurkEntity.java; evidence-vv/variantsandventures-neoforge-1.0.26+mc1.21.1.jar::data/variantsandventures/neoforge/biome_modifier/murk.json; evidence-vv/decompiled/VariantsAndVenturesStructurePoolAliases.java; evidence-vv/variantsandventures-neoforge-1.0.26+mc1.21.1.jar::data/variantsandventures/loot_table/shearing/murk_yellow.json,Não aplicável
Murk,Variants & Ventures,"Monstro aquático hostil, três variantes de coral; pode ser tosquiado","Lukewarm Ocean, Deep Lukewarm Ocean, Warm Ocean; spawn próprio de monstro na água, abaixo de nível do mar − 5; pode entrar nos spawners ranged de Trial Chambers por alias condicionado à configuração",Tosquia de Murk yellow,minecraft:dead_horn_coral,0–2 por item; exatamente 2 peças de coral somadas,"Murk vivo e ainda não tosquiado; doMobLoot=true; 2 sorteios entre coral vivo e morto, peso 1 para cada opção por sorteio; tosquia consome 1 de durabilidade e fixa Sheared=true",Coral morto para decoração,Alta: classe e loot table de tosquia da build auditada,/images/bestiary/audited/variants-ventures/murk-yellow.png,evidence-vv/variantsandventures-neoforge-1.0.26+mc1.21.1.jar::com/faboslav/variantsandventures/common/client/model/MurkEntityModel.class; evidence-vv/variantsandventures-neoforge-1.0.26+mc1.21.1.jar::com/faboslav/variantsandventures/common/client/render/entity/MurkEntityRenderer.class; evidence-vv/variantsandventures-neoforge-1.0.26+mc1.21.1.jar::assets/variantsandventures/textures/entity/murk/murk_yellow.png; evidence-vv/variantsandventures-neoforge-1.0.26+mc1.21.1.jar::com/faboslav/variantsandventures/common/init/VariantsAndVenturesModelLayers.class; evidence-vv/variantsandventures-neoforge-1.0.26+mc1.21.1.jar::com/faboslav/variantsandventures/common/entity/mob/MurkEntity.class; output-vv/proveniencia.json,evidence-vv/variantsandventures-neoforge-1.0.26+mc1.21.1.jar::data/variantsandventures/loot_table/entities/murk.json; evidence-vv/variantsandventures-neoforge-1.0.26+mc1.21.1.jar::data/variantsandventures/tags/worldgen/biome/has_murk.json; evidence-vv/decompiled/MurkEntity.java; evidence-vv/variantsandventures-neoforge-1.0.26+mc1.21.1.jar::data/variantsandventures/neoforge/biome_modifier/murk.json; evidence-vv/decompiled/VariantsAndVenturesStructurePoolAliases.java; evidence-vv/variantsandventures-neoforge-1.0.26+mc1.21.1.jar::data/variantsandventures/loot_table/shearing/murk_yellow.json,Não aplicável
Murk,Variants & Ventures,"Monstro aquático hostil, três variantes de coral; pode ser tosquiado","Lukewarm Ocean, Deep Lukewarm Ocean, Warm Ocean; spawn próprio de monstro na água, abaixo de nível do mar − 5; pode entrar nos spawners ranged de Trial Chambers por alias condicionado à configuração",Spawn natural aquático,"Murk das cores Purple, Red ou Yellow",1 mob,"Biome modifier peso 4, grupo 1; abaixo de nível do mar − 5, água sob posição, random.nextInt(40)==0 no predicado natural; cor aleatória entre três variantes",Encontro explorável; coral por tosquia da variante correspondente,Alta: classe e biome modifier,/images/bestiary/audited/variants-ventures/murk-purple.png,evidence-vv/variantsandventures-neoforge-1.0.26+mc1.21.1.jar::com/faboslav/variantsandventures/common/client/model/MurkEntityModel.class; evidence-vv/variantsandventures-neoforge-1.0.26+mc1.21.1.jar::com/faboslav/variantsandventures/common/client/render/entity/MurkEntityRenderer.class; evidence-vv/variantsandventures-neoforge-1.0.26+mc1.21.1.jar::assets/variantsandventures/textures/entity/murk/murk_purple.png; evidence-vv/variantsandventures-neoforge-1.0.26+mc1.21.1.jar::com/faboslav/variantsandventures/common/init/VariantsAndVenturesModelLayers.class; evidence-vv/variantsandventures-neoforge-1.0.26+mc1.21.1.jar::com/faboslav/variantsandventures/common/entity/mob/MurkEntity.class; output-vv/proveniencia.json,evidence-vv/variantsandventures-neoforge-1.0.26+mc1.21.1.jar::data/variantsandventures/loot_table/entities/murk.json; evidence-vv/variantsandventures-neoforge-1.0.26+mc1.21.1.jar::data/variantsandventures/tags/worldgen/biome/has_murk.json; evidence-vv/decompiled/MurkEntity.java; evidence-vv/variantsandventures-neoforge-1.0.26+mc1.21.1.jar::data/variantsandventures/neoforge/biome_modifier/murk.json; evidence-vv/decompiled/VariantsAndVenturesStructurePoolAliases.java,Não aplicável
Thicket,Variants & Ventures,Zumbi hostil que envenena em ataque desarmado,"Biomas da tag jungles; substitui Zombie gerado naturalmente, em chunk ou estrutura, sujeito à configuração e altura; pode entrar no spawner melee de Trial Chambers por alias condicionado à configuração",Loot da morte,minecraft:rotten_flesh,0–2 base; Saque adiciona 0–1 por nível,Um roll da tabela; sem exigência de morte pelo jogador,"Troca com clérigo, comida de emergência; cura de Zombie Villager exige outros itens",Alta: JSON da build auditada; equipamento herdado depende da geração,/images/bestiary/audited/variants-ventures/thicket.png,evidence-vv/variantsandventures-neoforge-1.0.26+mc1.21.1.jar::com/faboslav/variantsandventures/common/client/model/ThicketEntityModel.class; evidence-vv/variantsandventures-neoforge-1.0.26+mc1.21.1.jar::com/faboslav/variantsandventures/common/client/render/entity/ThicketEntityRenderer.class; evidence-vv/variantsandventures-neoforge-1.0.26+mc1.21.1.jar::assets/variantsandventures/textures/entity/thicket/thicket.png; evidence-vv/variantsandventures-neoforge-1.0.26+mc1.21.1.jar::com/faboslav/variantsandventures/common/init/VariantsAndVenturesModelLayers.class; evidence-vv/variantsandventures-neoforge-1.0.26+mc1.21.1.jar::com/faboslav/variantsandventures/common/client/render/entity/feature/ThicketOverlayFeatureRenderer.class; evidence-vv/variantsandventures-neoforge-1.0.26+mc1.21.1.jar::assets/variantsandventures/textures/entity/thicket/thicket_overlay.png; output-vv/proveniencia.json,evidence-vv/variantsandventures-neoforge-1.0.26+mc1.21.1.jar::data/variantsandventures/loot_table/entities/thicket.json; evidence-vv/variantsandventures-neoforge-1.0.26+mc1.21.1.jar::data/variantsandventures/tags/worldgen/biome/has_thicket.json; evidence-vv/decompiled/ThicketOnEntitySpawn.java; evidence-vv/decompiled/OnEntitySpawn.java; evidence-vv/decompiled/VariantsAndVenturesConfig.java; evidence-vv/decompiled/VariantsAndVenturesStructurePoolAliases.java,Não aplicável: sem receita própria do mod
Thicket,Variants & Ventures,Zumbi hostil que envenena em ataque desarmado,"Biomas da tag jungles; substitui Zombie gerado naturalmente, em chunk ou estrutura, sujeito à configuração e altura; pode entrar no spawner melee de Trial Chambers por alias condicionado à configuração",Loot da morte,minecraft:iron_ingot,1 se escolhido,"Morte atribuída ao jogador; pool raro 2,5% sem Saque, 3,5% com Saque I, +1 ponto percentual por nível adicional; dentro do pool, cada um dos três itens tem peso igual (chance individual base = 2,5% ÷ 3)","Ferramentas, armaduras e mecanismos vanilla",Alta: JSON da build auditada; equipamento herdado depende da geração,/images/bestiary/audited/variants-ventures/thicket.png,evidence-vv/variantsandventures-neoforge-1.0.26+mc1.21.1.jar::com/faboslav/variantsandventures/common/client/model/ThicketEntityModel.class; evidence-vv/variantsandventures-neoforge-1.0.26+mc1.21.1.jar::com/faboslav/variantsandventures/common/client/render/entity/ThicketEntityRenderer.class; evidence-vv/variantsandventures-neoforge-1.0.26+mc1.21.1.jar::assets/variantsandventures/textures/entity/thicket/thicket.png; evidence-vv/variantsandventures-neoforge-1.0.26+mc1.21.1.jar::com/faboslav/variantsandventures/common/init/VariantsAndVenturesModelLayers.class; evidence-vv/variantsandventures-neoforge-1.0.26+mc1.21.1.jar::com/faboslav/variantsandventures/common/client/render/entity/feature/ThicketOverlayFeatureRenderer.class; evidence-vv/variantsandventures-neoforge-1.0.26+mc1.21.1.jar::assets/variantsandventures/textures/entity/thicket/thicket_overlay.png; output-vv/proveniencia.json,evidence-vv/variantsandventures-neoforge-1.0.26+mc1.21.1.jar::data/variantsandventures/loot_table/entities/thicket.json; evidence-vv/variantsandventures-neoforge-1.0.26+mc1.21.1.jar::data/variantsandventures/tags/worldgen/biome/has_thicket.json; evidence-vv/decompiled/ThicketOnEntitySpawn.java; evidence-vv/decompiled/OnEntitySpawn.java; evidence-vv/decompiled/VariantsAndVenturesConfig.java; evidence-vv/decompiled/VariantsAndVenturesStructurePoolAliases.java,Não aplicável: sem receita própria do mod
Thicket,Variants & Ventures,Zumbi hostil que envenena em ataque desarmado,"Biomas da tag jungles; substitui Zombie gerado naturalmente, em chunk ou estrutura, sujeito à configuração e altura; pode entrar no spawner melee de Trial Chambers por alias condicionado à configuração",Loot da morte,minecraft:carrot,1 se escolhido,"Morte atribuída ao jogador; pool raro 2,5% sem Saque, 3,5% com Saque I, +1 ponto percentual por nível adicional; dentro do pool, cada um dos três itens tem peso igual (chance individual base = 2,5% ÷ 3)","Alimento, plantio e reprodução de alguns animais",Alta: JSON da build auditada; equipamento herdado depende da geração,/images/bestiary/audited/variants-ventures/thicket.png,evidence-vv/variantsandventures-neoforge-1.0.26+mc1.21.1.jar::com/faboslav/variantsandventures/common/client/model/ThicketEntityModel.class; evidence-vv/variantsandventures-neoforge-1.0.26+mc1.21.1.jar::com/faboslav/variantsandventures/common/client/render/entity/ThicketEntityRenderer.class; evidence-vv/variantsandventures-neoforge-1.0.26+mc1.21.1.jar::assets/variantsandventures/textures/entity/thicket/thicket.png; evidence-vv/variantsandventures-neoforge-1.0.26+mc1.21.1.jar::com/faboslav/variantsandventures/common/init/VariantsAndVenturesModelLayers.class; evidence-vv/variantsandventures-neoforge-1.0.26+mc1.21.1.jar::com/faboslav/variantsandventures/common/client/render/entity/feature/ThicketOverlayFeatureRenderer.class; evidence-vv/variantsandventures-neoforge-1.0.26+mc1.21.1.jar::assets/variantsandventures/textures/entity/thicket/thicket_overlay.png; output-vv/proveniencia.json,evidence-vv/variantsandventures-neoforge-1.0.26+mc1.21.1.jar::data/variantsandventures/loot_table/entities/thicket.json; evidence-vv/variantsandventures-neoforge-1.0.26+mc1.21.1.jar::data/variantsandventures/tags/worldgen/biome/has_thicket.json; evidence-vv/decompiled/ThicketOnEntitySpawn.java; evidence-vv/decompiled/OnEntitySpawn.java; evidence-vv/decompiled/VariantsAndVenturesConfig.java; evidence-vv/decompiled/VariantsAndVenturesStructurePoolAliases.java,Não aplicável: sem receita própria do mod
Thicket,Variants & Ventures,Zumbi hostil que envenena em ataque desarmado,"Biomas da tag jungles; substitui Zombie gerado naturalmente, em chunk ou estrutura, sujeito à configuração e altura; pode entrar no spawner melee de Trial Chambers por alias condicionado à configuração",Loot da morte,minecraft:potato,1 se escolhido,"Morte atribuída ao jogador; pool raro 2,5% sem Saque, 3,5% com Saque I, +1 ponto percentual por nível adicional; dentro do pool, cada um dos três itens tem peso igual (chance individual base = 2,5% ÷ 3); furnace_smelt se mob em chamas ou arma do atacante direto com encantamento da tag #minecraft:smelts_loot",Alimento e plantio; pode virar Baked Potato ao cozinhar,Alta: JSON da build auditada; equipamento herdado depende da geração,/images/bestiary/audited/variants-ventures/thicket.png,evidence-vv/variantsandventures-neoforge-1.0.26+mc1.21.1.jar::com/faboslav/variantsandventures/common/client/model/ThicketEntityModel.class; evidence-vv/variantsandventures-neoforge-1.0.26+mc1.21.1.jar::com/faboslav/variantsandventures/common/client/render/entity/ThicketEntityRenderer.class; evidence-vv/variantsandventures-neoforge-1.0.26+mc1.21.1.jar::assets/variantsandventures/textures/entity/thicket/thicket.png; evidence-vv/variantsandventures-neoforge-1.0.26+mc1.21.1.jar::com/faboslav/variantsandventures/common/init/VariantsAndVenturesModelLayers.class; evidence-vv/variantsandventures-neoforge-1.0.26+mc1.21.1.jar::com/faboslav/variantsandventures/common/client/render/entity/feature/ThicketOverlayFeatureRenderer.class; evidence-vv/variantsandventures-neoforge-1.0.26+mc1.21.1.jar::assets/variantsandventures/textures/entity/thicket/thicket_overlay.png; output-vv/proveniencia.json,evidence-vv/variantsandventures-neoforge-1.0.26+mc1.21.1.jar::data/variantsandventures/loot_table/entities/thicket.json; evidence-vv/variantsandventures-neoforge-1.0.26+mc1.21.1.jar::data/variantsandventures/tags/worldgen/biome/has_thicket.json; evidence-vv/decompiled/ThicketOnEntitySpawn.java; evidence-vv/decompiled/OnEntitySpawn.java; evidence-vv/decompiled/VariantsAndVenturesConfig.java; evidence-vv/decompiled/VariantsAndVenturesStructurePoolAliases.java,https://minecraft.wiki/w/Baked_Potato#Obtaining (cozimento vanilla)
Thicket,Variants & Ventures,Zumbi hostil que envenena em ataque desarmado,"Biomas da tag jungles; substitui Zombie gerado naturalmente, em chunk ou estrutura, sujeito à configuração e altura; pode entrar no spawner melee de Trial Chambers por alias condicionado à configuração",Equipamento carregado na conversão,Item equipado pelo Zombie/Skeleton substituído,Dependente do equipamento anterior,OnEntitySpawn copia cada slot e a respectiva chance de queda; a entidade original pode ter itens variados,Uso depende do item preexistente,Alta para mecanismo; item e quantidade reais não confirmados,/images/bestiary/audited/variants-ventures/thicket.png,evidence-vv/variantsandventures-neoforge-1.0.26+mc1.21.1.jar::com/faboslav/variantsandventures/common/client/model/ThicketEntityModel.class; evidence-vv/variantsandventures-neoforge-1.0.26+mc1.21.1.jar::com/faboslav/variantsandventures/common/client/render/entity/ThicketEntityRenderer.class; evidence-vv/variantsandventures-neoforge-1.0.26+mc1.21.1.jar::assets/variantsandventures/textures/entity/thicket/thicket.png; evidence-vv/variantsandventures-neoforge-1.0.26+mc1.21.1.jar::com/faboslav/variantsandventures/common/init/VariantsAndVenturesModelLayers.class; evidence-vv/variantsandventures-neoforge-1.0.26+mc1.21.1.jar::com/faboslav/variantsandventures/common/client/render/entity/feature/ThicketOverlayFeatureRenderer.class; evidence-vv/variantsandventures-neoforge-1.0.26+mc1.21.1.jar::assets/variantsandventures/textures/entity/thicket/thicket_overlay.png; output-vv/proveniencia.json,evidence-vv/variantsandventures-neoforge-1.0.26+mc1.21.1.jar::data/variantsandventures/loot_table/entities/thicket.json; evidence-vv/variantsandventures-neoforge-1.0.26+mc1.21.1.jar::data/variantsandventures/tags/worldgen/biome/has_thicket.json; evidence-vv/decompiled/ThicketOnEntitySpawn.java; evidence-vv/decompiled/OnEntitySpawn.java; evidence-vv/decompiled/VariantsAndVenturesConfig.java; evidence-vv/decompiled/VariantsAndVenturesStructurePoolAliases.java,Não aplicável
Thicket,Variants & Ventures,Zumbi hostil que envenena em ataque desarmado,"Biomas da tag jungles; substitui Zombie gerado naturalmente, em chunk ou estrutura, sujeito à configuração e altura; pode entrar no spawner melee de Trial Chambers por alias condicionado à configuração",Ataque corpo a corpo,Poison no alvo,100 ticks,"Ataque acerta, Thicket está sem item na mão e alvo é LivingEntity; é efeito de combate",Explica o risco do encontro,Alta: classe,/images/bestiary/audited/variants-ventures/thicket.png,evidence-vv/variantsandventures-neoforge-1.0.26+mc1.21.1.jar::com/faboslav/variantsandventures/common/client/model/ThicketEntityModel.class; evidence-vv/variantsandventures-neoforge-1.0.26+mc1.21.1.jar::com/faboslav/variantsandventures/common/client/render/entity/ThicketEntityRenderer.class; evidence-vv/variantsandventures-neoforge-1.0.26+mc1.21.1.jar::assets/variantsandventures/textures/entity/thicket/thicket.png; evidence-vv/variantsandventures-neoforge-1.0.26+mc1.21.1.jar::com/faboslav/variantsandventures/common/init/VariantsAndVenturesModelLayers.class; evidence-vv/variantsandventures-neoforge-1.0.26+mc1.21.1.jar::com/faboslav/variantsandventures/common/client/render/entity/feature/ThicketOverlayFeatureRenderer.class; evidence-vv/variantsandventures-neoforge-1.0.26+mc1.21.1.jar::assets/variantsandventures/textures/entity/thicket/thicket_overlay.png; output-vv/proveniencia.json,evidence-vv/variantsandventures-neoforge-1.0.26+mc1.21.1.jar::data/variantsandventures/loot_table/entities/thicket.json; evidence-vv/variantsandventures-neoforge-1.0.26+mc1.21.1.jar::data/variantsandventures/tags/worldgen/biome/has_thicket.json; evidence-vv/decompiled/ThicketOnEntitySpawn.java; evidence-vv/decompiled/OnEntitySpawn.java; evidence-vv/decompiled/VariantsAndVenturesConfig.java; evidence-vv/decompiled/VariantsAndVenturesStructurePoolAliases.java; evidence-vv/decompiled/ThicketEntity.java,Não aplicável
Verdant,Variants & Ventures,Esqueleto hostil que dispara flecha com Poison,"Biomas da tag jungles; substitui Skeleton gerado naturalmente, em chunk ou estrutura, sujeito à configuração e altura; pode entrar nos spawners ranged de Trial Chambers por alias condicionado à configuração",Loot da morte,minecraft:arrow,0–2 base; Saque adiciona 0–1 por nível,Um roll da tabela; sem exigência de morte pelo jogador,Munição de arco ou besta,Alta: JSON da build auditada; equipamento herdado depende da geração,/images/bestiary/audited/variants-ventures/verdant.png,evidence-vv/variantsandventures-neoforge-1.0.26+mc1.21.1.jar::com/faboslav/variantsandventures/common/client/model/VerdantEntityModel.class; evidence-vv/variantsandventures-neoforge-1.0.26+mc1.21.1.jar::com/faboslav/variantsandventures/common/client/render/entity/VerdantEntityRenderer.class; evidence-vv/variantsandventures-neoforge-1.0.26+mc1.21.1.jar::assets/variantsandventures/textures/entity/verdant/verdant.png; evidence-vv/variantsandventures-neoforge-1.0.26+mc1.21.1.jar::com/faboslav/variantsandventures/common/init/VariantsAndVenturesModelLayers.class; output-vv/proveniencia.json,evidence-vv/variantsandventures-neoforge-1.0.26+mc1.21.1.jar::data/variantsandventures/loot_table/entities/verdant.json; evidence-vv/variantsandventures-neoforge-1.0.26+mc1.21.1.jar::data/variantsandventures/tags/worldgen/biome/has_verdant.json; evidence-vv/decompiled/VerdantOnEntitySpawn.java; evidence-vv/decompiled/OnEntitySpawn.java; evidence-vv/decompiled/VariantsAndVenturesConfig.java; evidence-vv/decompiled/VariantsAndVenturesStructurePoolAliases.java,https://minecraft.wiki/w/Arrow#Crafting (receita vanilla)
Verdant,Variants & Ventures,Esqueleto hostil que dispara flecha com Poison,"Biomas da tag jungles; substitui Skeleton gerado naturalmente, em chunk ou estrutura, sujeito à configuração e altura; pode entrar nos spawners ranged de Trial Chambers por alias condicionado à configuração",Loot da morte,minecraft:bone,0–2 base; Saque adiciona 0–1 por nível,Um roll da tabela; sem exigência de morte pelo jogador,Bone Meal e domesticação de lobos,Alta: JSON da build auditada; equipamento herdado depende da geração,/images/bestiary/audited/variants-ventures/verdant.png,evidence-vv/variantsandventures-neoforge-1.0.26+mc1.21.1.jar::com/faboslav/variantsandventures/common/client/model/VerdantEntityModel.class; evidence-vv/variantsandventures-neoforge-1.0.26+mc1.21.1.jar::com/faboslav/variantsandventures/common/client/render/entity/VerdantEntityRenderer.class; evidence-vv/variantsandventures-neoforge-1.0.26+mc1.21.1.jar::assets/variantsandventures/textures/entity/verdant/verdant.png; evidence-vv/variantsandventures-neoforge-1.0.26+mc1.21.1.jar::com/faboslav/variantsandventures/common/init/VariantsAndVenturesModelLayers.class; output-vv/proveniencia.json,evidence-vv/variantsandventures-neoforge-1.0.26+mc1.21.1.jar::data/variantsandventures/loot_table/entities/verdant.json; evidence-vv/variantsandventures-neoforge-1.0.26+mc1.21.1.jar::data/variantsandventures/tags/worldgen/biome/has_verdant.json; evidence-vv/decompiled/VerdantOnEntitySpawn.java; evidence-vv/decompiled/OnEntitySpawn.java; evidence-vv/decompiled/VariantsAndVenturesConfig.java; evidence-vv/decompiled/VariantsAndVenturesStructurePoolAliases.java,https://minecraft.wiki/w/Bone_Meal#Crafting (receita vanilla)
Verdant,Variants & Ventures,Esqueleto hostil que dispara flecha com Poison,"Biomas da tag jungles; substitui Skeleton gerado naturalmente, em chunk ou estrutura, sujeito à configuração e altura; pode entrar nos spawners ranged de Trial Chambers por alias condicionado à configuração",Loot da morte,minecraft:tipped_arrow,0–1,"Morte atribuída ao jogador; set_count uniforme 0–1, sem Saque 50% de receber 1; Saque aumenta quantidade antes do limite 1; set_potion=minecraft:poison","Flecha com efeito Poison, usada como munição de arco/besta",Alta: JSON da build auditada; equipamento herdado depende da geração,/images/bestiary/audited/variants-ventures/verdant.png,evidence-vv/variantsandventures-neoforge-1.0.26+mc1.21.1.jar::com/faboslav/variantsandventures/common/client/model/VerdantEntityModel.class; evidence-vv/variantsandventures-neoforge-1.0.26+mc1.21.1.jar::com/faboslav/variantsandventures/common/client/render/entity/VerdantEntityRenderer.class; evidence-vv/variantsandventures-neoforge-1.0.26+mc1.21.1.jar::assets/variantsandventures/textures/entity/verdant/verdant.png; evidence-vv/variantsandventures-neoforge-1.0.26+mc1.21.1.jar::com/faboslav/variantsandventures/common/init/VariantsAndVenturesModelLayers.class; output-vv/proveniencia.json,evidence-vv/variantsandventures-neoforge-1.0.26+mc1.21.1.jar::data/variantsandventures/loot_table/entities/verdant.json; evidence-vv/variantsandventures-neoforge-1.0.26+mc1.21.1.jar::data/variantsandventures/tags/worldgen/biome/has_verdant.json; evidence-vv/decompiled/VerdantOnEntitySpawn.java; evidence-vv/decompiled/OnEntitySpawn.java; evidence-vv/decompiled/VariantsAndVenturesConfig.java; evidence-vv/decompiled/VariantsAndVenturesStructurePoolAliases.java,https://minecraft.wiki/w/Tipped_Arrow#Crafting (receita vanilla)
Verdant,Variants & Ventures,Esqueleto hostil que dispara flecha com Poison,"Biomas da tag jungles; substitui Skeleton gerado naturalmente, em chunk ou estrutura, sujeito à configuração e altura; pode entrar nos spawners ranged de Trial Chambers por alias condicionado à configuração",Equipamento carregado na conversão,Item equipado pelo Zombie/Skeleton substituído,Dependente do equipamento anterior,OnEntitySpawn copia cada slot e a respectiva chance de queda; a entidade original pode ter itens variados,Uso depende do item preexistente,Alta para mecanismo; item e quantidade reais não confirmados,/images/bestiary/audited/variants-ventures/verdant.png,evidence-vv/variantsandventures-neoforge-1.0.26+mc1.21.1.jar::com/faboslav/variantsandventures/common/client/model/VerdantEntityModel.class; evidence-vv/variantsandventures-neoforge-1.0.26+mc1.21.1.jar::com/faboslav/variantsandventures/common/client/render/entity/VerdantEntityRenderer.class; evidence-vv/variantsandventures-neoforge-1.0.26+mc1.21.1.jar::assets/variantsandventures/textures/entity/verdant/verdant.png; evidence-vv/variantsandventures-neoforge-1.0.26+mc1.21.1.jar::com/faboslav/variantsandventures/common/init/VariantsAndVenturesModelLayers.class; output-vv/proveniencia.json,evidence-vv/variantsandventures-neoforge-1.0.26+mc1.21.1.jar::data/variantsandventures/loot_table/entities/verdant.json; evidence-vv/variantsandventures-neoforge-1.0.26+mc1.21.1.jar::data/variantsandventures/tags/worldgen/biome/has_verdant.json; evidence-vv/decompiled/VerdantOnEntitySpawn.java; evidence-vv/decompiled/OnEntitySpawn.java; evidence-vv/decompiled/VariantsAndVenturesConfig.java; evidence-vv/decompiled/VariantsAndVenturesStructurePoolAliases.java,Não aplicável
Verdant,Variants & Ventures,Esqueleto hostil que dispara flecha com Poison,"Biomas da tag jungles; substitui Skeleton gerado naturalmente, em chunk ou estrutura, sujeito à configuração e altura; pode entrar nos spawners ranged de Trial Chambers por alias condicionado à configuração",Flecha disparada,Poison no alvo,100 ticks,"Projétil criado como Arrow por getArrow; é efeito do ataque, não drop garantido",Explica o risco do encontro,Alta: classe,/images/bestiary/audited/variants-ventures/verdant.png,evidence-vv/variantsandventures-neoforge-1.0.26+mc1.21.1.jar::com/faboslav/variantsandventures/common/client/model/VerdantEntityModel.class; evidence-vv/variantsandventures-neoforge-1.0.26+mc1.21.1.jar::com/faboslav/variantsandventures/common/client/render/entity/VerdantEntityRenderer.class; evidence-vv/variantsandventures-neoforge-1.0.26+mc1.21.1.jar::assets/variantsandventures/textures/entity/verdant/verdant.png; evidence-vv/variantsandventures-neoforge-1.0.26+mc1.21.1.jar::com/faboslav/variantsandventures/common/init/VariantsAndVenturesModelLayers.class; output-vv/proveniencia.json,evidence-vv/variantsandventures-neoforge-1.0.26+mc1.21.1.jar::data/variantsandventures/loot_table/entities/verdant.json; evidence-vv/variantsandventures-neoforge-1.0.26+mc1.21.1.jar::data/variantsandventures/tags/worldgen/biome/has_verdant.json; evidence-vv/decompiled/VerdantOnEntitySpawn.java; evidence-vv/decompiled/OnEntitySpawn.java; evidence-vv/decompiled/VariantsAndVenturesConfig.java; evidence-vv/decompiled/VariantsAndVenturesStructurePoolAliases.java; evidence-vv/decompiled/VerdantEntity.java,Não aplicável
