Mob,Mod,Categoria/comportamento,Onde encontrar,Mecanismo,Drop/Recompensa,Quantidade,Chance/condição,Para que serve,Confiança,Imagem,Fonte da imagem,Fontes pesquisadas,Crafting
Ferrous Wroughtnaut,Mowzie’s Mobs,Chefe/encontro hostil; habilidades de combate próprias,Encontro de estrutura Wrought Chamber; seleção de biomas e espaçamento em ConfigHandler.COMMON.MOBS.WROUGHTNAUT e worldgen do mod.,Loot de morte,mowziesmobs:wrought_helmet,1,"morte atribuída ao jogador; pool 1: 1 sorteio(s), peso bruto 1/1; peso condicionado aos candidatos elegíveis; reposição em múltiplos sorteios","Armadura para cabeça (ArmorItem), registrada no material Wroughtnaut; não é ingrediente consumido no ataque.",Alta no recurso/código da build auditada; configuração efetiva do pack não confirmada,/images/bestiary/audited/mm/ferrous-wroughtnaut.png,com/bobmowzie/mowziesmobs/client/model/entity/ModelWroughtnaut.class; com/bobmowzie/mowziesmobs/client/render/entity/RenderWroughtnaut.class; assets/mowziesmobs/textures/entity/wroughtnaut.png; com/bobmowzie/mowziesmobs/client/render/entity/layer/ItemLayer.class; com/bobmowzie/mowziesmobs/client/render/MowzieRenderUtils.class; com/bobmowzie/mowziesmobs/client/render/entity/layer/WroughtnautEyesLayer.class; output-mm/proveniencia.json,evidence-mm/mowziesmobs-1.21.1-1.8.2.jar::data/mowziesmobs/loot_table/entities/ferrous_wroughtnaut.json; evidence-mm/decompiled-full/com/bobmowzie/mowziesmobs/server/item/ItemHandler.java; evidence-mm/decompiled-full/com/bobmowzie/mowziesmobs/server/config/ConfigHandler.java,"Não aplicável: uso direto, interação ou sem receita identificada; fontes na linha"
Ferrous Wroughtnaut,Mowzie’s Mobs,Chefe/encontro hostil; habilidades de combate próprias,Encontro de estrutura Wrought Chamber; seleção de biomas e espaçamento em ConfigHandler.COMMON.MOBS.WROUGHTNAUT e worldgen do mod.,Loot de morte,mowziesmobs:wrought_axe,1,"morte atribuída ao jogador; pool 2: 1 sorteio(s), peso bruto 1/1; peso condicionado aos candidatos elegíveis; reposição em múltiplos sorteios","Arma: uso normal ativa swing; agachado ativa slam, nas habilidades WroughtAxe.",Alta no recurso/código da build auditada; configuração efetiva do pack não confirmada,/images/bestiary/audited/mm/ferrous-wroughtnaut.png,com/bobmowzie/mowziesmobs/client/model/entity/ModelWroughtnaut.class; com/bobmowzie/mowziesmobs/client/render/entity/RenderWroughtnaut.class; assets/mowziesmobs/textures/entity/wroughtnaut.png; com/bobmowzie/mowziesmobs/client/render/entity/layer/ItemLayer.class; com/bobmowzie/mowziesmobs/client/render/MowzieRenderUtils.class; com/bobmowzie/mowziesmobs/client/render/entity/layer/WroughtnautEyesLayer.class; output-mm/proveniencia.json,evidence-mm/mowziesmobs-1.21.1-1.8.2.jar::data/mowziesmobs/loot_table/entities/ferrous_wroughtnaut.json; evidence-mm/decompiled-full/com/bobmowzie/mowziesmobs/server/item/ItemHandler.java; evidence-mm/decompiled-full/com/bobmowzie/mowziesmobs/server/config/ConfigHandler.java,"Não aplicável: uso direto, interação ou sem receita identificada; fontes na linha"
Frostmaw,Mowzie’s Mobs,Chefe/encontro hostil; habilidades de combate próprias,"Encontro em região nevada, padrões de geração excluem ocean/river/beach/forest/taiga; Y50–100; configuração padrão de geração.",Loot de morte,mowziesmobs:ice_crystal,1,"morte atribuída ao jogador; {""condition"": ""mowziesmobs:has_crystal""}; pool 1: 1 sorteio(s), peso bruto 1/1; peso condicionado aos candidatos elegíveis; reposição em múltiplos sorteios",Ativa ICE_BREATH_ABILITY: sopro congelante; desgaste/recarga seguem ItemIceCrystal e configuração.,Alta no recurso/código da build auditada; configuração efetiva do pack não confirmada,/images/bestiary/audited/mm/frostmaw.png,com/bobmowzie/mowziesmobs/client/model/entity/ModelFrostmaw.class; com/bobmowzie/mowziesmobs/client/render/entity/RenderFrostmaw.class; assets/mowziesmobs/textures/entity/frostmaw.png; com/ilexiconn/llibrary/client/model/tools/AdvancedModelRenderer.class; com/ilexiconn/llibrary/client/model/tools/AdvancedModelRenderer$ModelBox.class; output-mm/proveniencia.json,evidence-mm/mowziesmobs-1.21.1-1.8.2.jar::data/mowziesmobs/loot_table/entities/frostmaw.json; evidence-mm/decompiled-full/com/bobmowzie/mowziesmobs/server/entity/frostmaw/EntityFrostmaw.java; evidence-mm/decompiled-full/com/bobmowzie/mowziesmobs/server/item/ItemHandler.java; evidence-mm/decompiled-full/com/bobmowzie/mowziesmobs/server/config/ConfigHandler.java,"Não aplicável: uso direto, interação ou sem receita identificada; fontes na linha"
Frostmaw,Mowzie’s Mobs,Chefe/encontro hostil; habilidades de combate próprias,"Encontro em região nevada, padrões de geração excluem ocean/river/beach/forest/taiga; Y50–100; configuração padrão de geração.",Loot de morte,mowziesmobs:music_disc_petiole,1,"morte atribuída ao jogador; NÃO ({""condition"": ""mowziesmobs:has_crystal""}); {""condition"": ""minecraft:weather_check"", ""raining"": true}; pool 2: 1 sorteio(s), peso bruto 1/1; peso condicionado aos candidatos elegíveis; reposição em múltiplos sorteios",Reproduzir a faixa em jukebox; item musical da versão auditada,Alta no recurso/código da build auditada; configuração efetiva do pack não confirmada,/images/bestiary/audited/mm/frostmaw.png,com/bobmowzie/mowziesmobs/client/model/entity/ModelFrostmaw.class; com/bobmowzie/mowziesmobs/client/render/entity/RenderFrostmaw.class; assets/mowziesmobs/textures/entity/frostmaw.png; com/ilexiconn/llibrary/client/model/tools/AdvancedModelRenderer.class; com/ilexiconn/llibrary/client/model/tools/AdvancedModelRenderer$ModelBox.class; output-mm/proveniencia.json,evidence-mm/mowziesmobs-1.21.1-1.8.2.jar::data/mowziesmobs/loot_table/entities/frostmaw.json; evidence-mm/decompiled-full/com/bobmowzie/mowziesmobs/server/entity/frostmaw/EntityFrostmaw.java; evidence-mm/decompiled-full/com/bobmowzie/mowziesmobs/server/item/ItemHandler.java; evidence-mm/decompiled-full/com/bobmowzie/mowziesmobs/server/config/ConfigHandler.java,"Não aplicável: uso direto, interação ou sem receita identificada; fontes na linha"
Frostmaw,Mowzie’s Mobs,Chefe/encontro hostil; habilidades de combate próprias,"Encontro em região nevada, padrões de geração excluem ocean/river/beach/forest/taiga; Y50–100; configuração padrão de geração.",Roubo do cristal sem abate,mowziesmobs:ice_crystal,1,"stealableIceCrystal=true, inativo/dormindo no ramo !getActive(), hasCrystal, tickCount>20 e sem animação; jogador invisível (ou criativo), a≤1.8 da posição do cristal e inventário com espaço. Entrega1 e setHasCrystal(false), portanto o drop de cristal na morte deixa de ser elegível.",Ativa ICE_BREATH_ABILITY: sopro congelante; desgaste/recarga seguem ItemIceCrystal e configuração.,Alta no recurso/código da build auditada; configuração efetiva do pack não confirmada,/images/bestiary/audited/mm/frostmaw.png,com/bobmowzie/mowziesmobs/client/model/entity/ModelFrostmaw.class; com/bobmowzie/mowziesmobs/client/render/entity/RenderFrostmaw.class; assets/mowziesmobs/textures/entity/frostmaw.png; com/ilexiconn/llibrary/client/model/tools/AdvancedModelRenderer.class; com/ilexiconn/llibrary/client/model/tools/AdvancedModelRenderer$ModelBox.class; output-mm/proveniencia.json,evidence-mm/decompiled-full/com/bobmowzie/mowziesmobs/server/entity/frostmaw/EntityFrostmaw.java:tick; evidence-mm/decompiled-full/com/bobmowzie/mowziesmobs/server/config/ConfigHandler.java; evidence-mm/decompiled-full/com/bobmowzie/mowziesmobs/server/entity/frostmaw/EntityFrostmaw.java,"Não aplicável: uso direto, interação ou sem receita identificada; fontes na linha"
Umvuthi,Mowzie’s Mobs,Chefe/encontro hostil; habilidades de combate próprias,"Groves na savana, Y50–100; geração padrão espaçamento 25, separação 8; ConfigHandler.",Loot de morte,mowziesmobs:sol_visage,1,"morte atribuída ao jogador; pool 1: 1 sorteio(s), peso bruto 1/1; peso condicionado aos candidatos elegíveis; reposição em múltiplos sorteios","Armadura na cabeça; necessária para convocar aliados usando Umvuthana Masks em mão, segundo ItemUmvuthanaMask.",Alta no recurso/código da build auditada; configuração efetiva do pack não confirmada,/images/bestiary/audited/mm/umvuthi.png,com/bobmowzie/mowziesmobs/client/model/entity/ModelUmvuthi.class; com/bobmowzie/mowziesmobs/client/render/entity/RenderUmvuthi.class; assets/mowziesmobs/textures/entity/umvuthi.png; assets/mowziesmobs/geo/umvuthi.geo.json; assets/mowziesmobs/animations/umvuthi.animation.json; com/bobmowzie/mowziesmobs/client/render/entity/MowzieGeoEntityRenderer.class; output-mm/proveniencia.json,evidence-mm/mowziesmobs-1.21.1-1.8.2.jar::data/mowziesmobs/loot_table/entities/umvuthi.json; evidence-mm/decompiled-full/com/bobmowzie/mowziesmobs/server/entity/umvuthana/EntityUmvuthi.java; evidence-mm/decompiled-full/com/bobmowzie/mowziesmobs/server/item/ItemHandler.java; evidence-mm/decompiled-full/com/bobmowzie/mowziesmobs/server/config/ConfigHandler.java,"Não aplicável: uso direto, interação ou sem receita identificada; fontes na linha"
Umvuthi,Mowzie’s Mobs,Chefe/encontro hostil; habilidades de combate próprias,"Groves na savana, Y50–100; geração padrão espaçamento 25, separação 8; ConfigHandler.",Loot de morte,minecraft:feather,0–4,"pool 2: 1 sorteio(s), peso bruto 1/1; peso condicionado aos candidatos elegíveis; reposição em múltiplos sorteios; set_count ; Saque minecraft:looting: bônus Math.round(nível × sorteio 0–2); limite sem limite explícito","Flechas, livro e pena; crafting vanilla",Alta no recurso/código da build auditada; configuração efetiva do pack não confirmada,/images/bestiary/audited/mm/umvuthi.png,com/bobmowzie/mowziesmobs/client/model/entity/ModelUmvuthi.class; com/bobmowzie/mowziesmobs/client/render/entity/RenderUmvuthi.class; assets/mowziesmobs/textures/entity/umvuthi.png; assets/mowziesmobs/geo/umvuthi.geo.json; assets/mowziesmobs/animations/umvuthi.animation.json; com/bobmowzie/mowziesmobs/client/render/entity/MowzieGeoEntityRenderer.class; output-mm/proveniencia.json,evidence-mm/mowziesmobs-1.21.1-1.8.2.jar::data/mowziesmobs/loot_table/entities/umvuthi.json; evidence-mm/decompiled-full/com/bobmowzie/mowziesmobs/server/entity/umvuthana/EntityUmvuthi.java; evidence-mm/decompiled-full/com/bobmowzie/mowziesmobs/server/item/ItemHandler.java; evidence-mm/decompiled-full/com/bobmowzie/mowziesmobs/server/config/ConfigHandler.java,/bestiary/receitas/mm.html#receita-arrow | [Receita arrow](lote-5-mods-2026-10-06/mm-cards-2026-10-06.md#receita-arrow) — evidence/minecraft-1.21.1-client.jar::data/minecraft/recipe/arrow.json; [Receita brush](lote-5-mods-2026-10-06/mm-cards-2026-10-06.md#receita-brush) — evidence/minecraft-1.21.1-client.jar::data/minecraft/recipe/brush.json; [Receita writable_book](lote-5-mods-2026-10-06/mm-cards-2026-10-06.md#receita-writable-book) — evidence/minecraft-1.21.1-client.jar::data/minecraft/recipe/writable_book.json
Umvuthi,Mowzie’s Mobs,Chefe/encontro hostil; habilidades de combate próprias,"Groves na savana, Y50–100; geração padrão espaçamento 25, separação 8; ConfigHandler.",Comércio/efeito,Sun’s Blessing,"1 efeito, duração−1 (infinita no trade)","Vestir Umvuthana Mask e abrir trade com Umvuthi vivo/sem alvo. Primeiro pagamento padrão7 Gold Blocks registra jogador; solicitação subsequente com hasTradedWith aplica efeito−1 e BLESS_ABILITY, sem cobrar novamente. O config de60min pertence a ItemGrantSunsBlessing, não ao MessageUmvuthiTrade.","Permite habilidades de heliomancia, como Solar Flare/Supernova. MessageUmvuthiTrade aplica duração−1; não confundir com os60min do item que concede bênção. Efeito pode ser removido por rotinas de habilidade/morte.",Alta no recurso/código da build auditada; configuração efetiva do pack não confirmada,/images/bestiary/audited/mm/umvuthi.png,com/bobmowzie/mowziesmobs/client/model/entity/ModelUmvuthi.class; com/bobmowzie/mowziesmobs/client/render/entity/RenderUmvuthi.class; assets/mowziesmobs/textures/entity/umvuthi.png; assets/mowziesmobs/geo/umvuthi.geo.json; assets/mowziesmobs/animations/umvuthi.animation.json; com/bobmowzie/mowziesmobs/client/render/entity/MowzieGeoEntityRenderer.class; output-mm/proveniencia.json,evidence-mm/decompiled-full/com/bobmowzie/mowziesmobs/server/inventory/ContainerUmvuthiTrade.java; evidence-mm/decompiled-full/com/bobmowzie/mowziesmobs/server/entity/umvuthana/EntityUmvuthi.java; evidence-mm/decompiled-full/com/bobmowzie/mowziesmobs/server/config/ConfigHandler.java; evidence-mm/decompiled-full/com/bobmowzie/mowziesmobs/server/entity/umvuthana/EntityUmvuthi.java; evidence-mm/decompiled-full/com/bobmowzie/mowziesmobs/server/item/ItemHandler.java; evidence-mm/decompiled-full/com/bobmowzie/mowziesmobs/server/config/ConfigHandler.java; evidence-mm/decompiled-full/com/bobmowzie/mowziesmobs/server/message/MessageUmvuthiTrade.java; evidence-mm/decompiled-full/com/bobmowzie/mowziesmobs/server/ability/abilities/player/heliomancy/SolarFlareAbility.java; evidence-mm/decompiled-full/com/bobmowzie/mowziesmobs/server/ability/abilities/player/heliomancy/SupernovaAbility.java; evidence-mm/decompiled-full/com/bobmowzie/mowziesmobs/server/item/ItemGrantSunsBlessing.java,"Não aplicável: uso direto, interação ou sem receita identificada; fontes na linha"
Foliaath,Mowzie’s Mobs,Criatura com ataques/alvos próprios na classe,"Spawn configurável em Jungle; padrão peso 5, grupo 1, Y≥60 e solo folhas/logs; ConfigHandler.COMMON.MOBS.FOLIAATH.spawnConfig.",Loot de morte,mowziesmobs:foliaath_seed,0–2,"pool 1: 1 sorteio(s), peso bruto 1/1; peso condicionado aos candidatos elegíveis; reposição em múltiplos sorteios; set_count ; Saque minecraft:looting: bônus Math.round(nível × sorteio 0–1); limite sem limite explícito","ItemFoliaathSeed planta Baby Foliaath em solo aceito; cria criatura que cresce quando alimentada com carnes largadas, não uma planta colhível comum.",Alta no recurso/código da build auditada; configuração efetiva do pack não confirmada,/images/bestiary/audited/mm/foliaath.png,com/bobmowzie/mowziesmobs/client/model/entity/ModelFoliaath.class; com/bobmowzie/mowziesmobs/client/render/entity/RenderFoliaath.class; assets/mowziesmobs/textures/entity/foliaath.png; com/ilexiconn/llibrary/client/model/tools/AdvancedModelRenderer.class; com/ilexiconn/llibrary/client/model/tools/AdvancedModelRenderer$ModelBox.class; output-mm/proveniencia.json,evidence-mm/mowziesmobs-1.21.1-1.8.2.jar::data/mowziesmobs/loot_table/entities/foliaath.json; evidence-mm/decompiled-full/com/bobmowzie/mowziesmobs/server/entity/foliaath/EntityFoliaath.java; evidence-mm/decompiled-full/com/bobmowzie/mowziesmobs/server/item/ItemHandler.java; evidence-mm/decompiled-full/com/bobmowzie/mowziesmobs/server/config/ConfigHandler.java,"Não aplicável: uso direto, interação ou sem receita identificada; fontes na linha"
Baby Foliaath,Mowzie’s Mobs,"Criatura sem ataque direto normal; crescimento, fuga ou comportamento próprio conforme classe",Plantar Foliaath Seed; crescimento depende de carne crua/cozida com food properties largada perto; EntityBabyFoliaath.,Recurso próprio ausente,Sem item no recurso próprio,0,"; ver herança/mecanismos separados; transformação em Foliaath ao growth2400; para crescer passa por fome nos estágios600,1200,1800, alimentados com carne largada",Não aplicável,Alta no recurso/código da build auditada; configuração efetiva do pack não confirmada,/images/bestiary/audited/mm/baby-foliaath-infant.png,com/bobmowzie/mowziesmobs/client/model/entity/ModelFoliaathBaby.class; com/bobmowzie/mowziesmobs/client/render/entity/RenderFoliaathBaby.class; assets/mowziesmobs/textures/entity/foliaath_baby.png; com/ilexiconn/llibrary/client/model/tools/AdvancedModelRenderer.class; com/ilexiconn/llibrary/client/model/tools/AdvancedModelRenderer$ModelBox.class; output-mm/proveniencia.json,evidence-mm/mowziesmobs-1.21.1-1.8.2.jar::data/mowziesmobs/loot_table/entities/baby_foliaath.json; evidence-mm/decompiled-full/com/bobmowzie/mowziesmobs/server/entity/foliaath/EntityBabyFoliaath.java; evidence-mm/decompiled-full/com/bobmowzie/mowziesmobs/server/item/ItemHandler.java; evidence-mm/decompiled-full/com/bobmowzie/mowziesmobs/server/config/ConfigHandler.java,"Não aplicável: uso direto, interação ou sem receita identificada; fontes na linha"
Umvuthana Follower Raptor,Mowzie’s Mobs,Criatura com ataques/alvos próprios na classe,Seguidor gerado por Umvuthi/raptor; herda Umvuthana.,Loot de morte,mowziesmobs:umvuthana_mask_fear,1,"Somente MaskType fear; getDefaultLootTable dinâmico; não juntar seis máscaras no mesmo abate; sem Saque 33.3%; Saque I 13%, +2 p.p./nível acima de I; pool 1: 1 sorteio(s), peso bruto 1/1; peso condicionado aos candidatos elegíveis; reposição em múltiplos sorteios","Máscara/armadura para cabeça; efeito do MaskType correspondente. Com Sol Visage equipado, usar em mão convoca seguidor (Faith cria Crane); fora do criativo consome máscara. Desativar seguidor recupera máscara pelo código, separado do loot de morte. Efeito ao vestir: Speed.",Alta no recurso/código da build auditada; configuração efetiva do pack não confirmada,/images/bestiary/audited/mm/umvuthana-follower-raptor-fear.png,assets/mowziesmobs/geo/umvuthana.geo.json; assets/mowziesmobs/textures/entity/umvuthana.png; output-mm/proveniencia.json,"evidence-mm/mowziesmobs-1.21.1-1.8.2.jar::data/mowziesmobs/loot_table/entities/umvuthana_fear.json; evidence-mm/decompiled-full/com/bobmowzie/mowziesmobs/server/entity/umvuthana/MaskType.java; evidence-mm/decompiled-full/com/bobmowzie/mowziesmobs/server/item/ItemUmvuthanaMask.java; evidence-mm/decompiled-full/com/bobmowzie/mowziesmobs/server/item/ItemHandler.java; evidence-mm/decompiled-full/com/bobmowzie/mowziesmobs/server/config/ConfigHandler.java; evidence-mm/decompiled-full/com/bobmowzie/mowziesmobs/server/ServerEventHandler.java:livingTick (efeito50ticks,amplificador0)","Não aplicável: uso direto, interação ou sem receita identificada; fontes na linha"
Umvuthana Follower Raptor,Mowzie’s Mobs,Criatura com ataques/alvos próprios na classe,Seguidor gerado por Umvuthi/raptor; herda Umvuthana.,Loot de morte,minecraft:feather,0–2,"Somente MaskType fear; getDefaultLootTable dinâmico; não juntar seis máscaras no mesmo abate; pool 2: 1 sorteio(s), peso bruto 1/1; peso condicionado aos candidatos elegíveis; reposição em múltiplos sorteios; set_count ; Saque minecraft:looting: bônus Math.round(nível × sorteio 0–1); limite sem limite explícito","Flechas, livro e pena; crafting vanilla",Alta no recurso/código da build auditada; configuração efetiva do pack não confirmada,/images/bestiary/audited/mm/umvuthana-follower-raptor-fear.png,assets/mowziesmobs/geo/umvuthana.geo.json; assets/mowziesmobs/textures/entity/umvuthana.png; output-mm/proveniencia.json,evidence-mm/mowziesmobs-1.21.1-1.8.2.jar::data/mowziesmobs/loot_table/entities/umvuthana_fear.json; evidence-mm/decompiled-full/com/bobmowzie/mowziesmobs/server/item/ItemHandler.java; evidence-mm/decompiled-full/com/bobmowzie/mowziesmobs/server/config/ConfigHandler.java,/bestiary/receitas/mm.html#receita-arrow | [Receita arrow](lote-5-mods-2026-10-06/mm-cards-2026-10-06.md#receita-arrow) — evidence/minecraft-1.21.1-client.jar::data/minecraft/recipe/arrow.json; [Receita brush](lote-5-mods-2026-10-06/mm-cards-2026-10-06.md#receita-brush) — evidence/minecraft-1.21.1-client.jar::data/minecraft/recipe/brush.json; [Receita writable_book](lote-5-mods-2026-10-06/mm-cards-2026-10-06.md#receita-writable-book) — evidence/minecraft-1.21.1-client.jar::data/minecraft/recipe/writable_book.json
Umvuthana Follower Raptor,Mowzie’s Mobs,Criatura com ataques/alvos próprios na classe,Seguidor gerado por Umvuthi/raptor; herda Umvuthana.,Loot de morte,mowziesmobs:umvuthana_mask_bliss,1,"Somente MaskType bliss; getDefaultLootTable dinâmico; não juntar seis máscaras no mesmo abate; sem Saque 33.3%; Saque I 13%, +2 p.p./nível acima de I; pool 1: 1 sorteio(s), peso bruto 1/1; peso condicionado aos candidatos elegíveis; reposição em múltiplos sorteios","Máscara/armadura para cabeça; efeito do MaskType correspondente. Com Sol Visage equipado, usar em mão convoca seguidor (Faith cria Crane); fora do criativo consome máscara. Desativar seguidor recupera máscara pelo código, separado do loot de morte. Efeito ao vestir: Jump Boost.",Alta no recurso/código da build auditada; configuração efetiva do pack não confirmada,/images/bestiary/audited/mm/umvuthana-follower-raptor-fear.png,assets/mowziesmobs/geo/umvuthana.geo.json; assets/mowziesmobs/textures/entity/umvuthana.png; output-mm/proveniencia.json,"evidence-mm/mowziesmobs-1.21.1-1.8.2.jar::data/mowziesmobs/loot_table/entities/umvuthana_bliss.json; evidence-mm/decompiled-full/com/bobmowzie/mowziesmobs/server/entity/umvuthana/MaskType.java; evidence-mm/decompiled-full/com/bobmowzie/mowziesmobs/server/item/ItemUmvuthanaMask.java; evidence-mm/decompiled-full/com/bobmowzie/mowziesmobs/server/item/ItemHandler.java; evidence-mm/decompiled-full/com/bobmowzie/mowziesmobs/server/config/ConfigHandler.java; evidence-mm/decompiled-full/com/bobmowzie/mowziesmobs/server/ServerEventHandler.java:livingTick (efeito50ticks,amplificador0)","Não aplicável: uso direto, interação ou sem receita identificada; fontes na linha"
Umvuthana Follower Raptor,Mowzie’s Mobs,Criatura com ataques/alvos próprios na classe,Seguidor gerado por Umvuthi/raptor; herda Umvuthana.,Loot de morte,minecraft:feather,0–2,"Somente MaskType bliss; getDefaultLootTable dinâmico; não juntar seis máscaras no mesmo abate; pool 2: 1 sorteio(s), peso bruto 1/1; peso condicionado aos candidatos elegíveis; reposição em múltiplos sorteios; set_count ; Saque minecraft:looting: bônus Math.round(nível × sorteio 0–1); limite sem limite explícito","Flechas, livro e pena; crafting vanilla",Alta no recurso/código da build auditada; configuração efetiva do pack não confirmada,/images/bestiary/audited/mm/umvuthana-follower-raptor-fear.png,assets/mowziesmobs/geo/umvuthana.geo.json; assets/mowziesmobs/textures/entity/umvuthana.png; output-mm/proveniencia.json,evidence-mm/mowziesmobs-1.21.1-1.8.2.jar::data/mowziesmobs/loot_table/entities/umvuthana_bliss.json; evidence-mm/decompiled-full/com/bobmowzie/mowziesmobs/server/item/ItemHandler.java; evidence-mm/decompiled-full/com/bobmowzie/mowziesmobs/server/config/ConfigHandler.java,/bestiary/receitas/mm.html#receita-arrow | [Receita arrow](lote-5-mods-2026-10-06/mm-cards-2026-10-06.md#receita-arrow) — evidence/minecraft-1.21.1-client.jar::data/minecraft/recipe/arrow.json; [Receita brush](lote-5-mods-2026-10-06/mm-cards-2026-10-06.md#receita-brush) — evidence/minecraft-1.21.1-client.jar::data/minecraft/recipe/brush.json; [Receita writable_book](lote-5-mods-2026-10-06/mm-cards-2026-10-06.md#receita-writable-book) — evidence/minecraft-1.21.1-client.jar::data/minecraft/recipe/writable_book.json
Umvuthana Follower Raptor,Mowzie’s Mobs,Criatura com ataques/alvos próprios na classe,Seguidor gerado por Umvuthi/raptor; herda Umvuthana.,Loot de morte,mowziesmobs:umvuthana_mask_fury,1,"Somente MaskType fury; getDefaultLootTable dinâmico; não juntar seis máscaras no mesmo abate; sem Saque 33.3%; Saque I 13%, +2 p.p./nível acima de I; pool 1: 1 sorteio(s), peso bruto 1/1; peso condicionado aos candidatos elegíveis; reposição em múltiplos sorteios","Máscara/armadura para cabeça; efeito do MaskType correspondente. Com Sol Visage equipado, usar em mão convoca seguidor (Faith cria Crane); fora do criativo consome máscara. Desativar seguidor recupera máscara pelo código, separado do loot de morte. Efeito ao vestir: Strength.",Alta no recurso/código da build auditada; configuração efetiva do pack não confirmada,/images/bestiary/audited/mm/umvuthana-follower-raptor-fear.png,assets/mowziesmobs/geo/umvuthana.geo.json; assets/mowziesmobs/textures/entity/umvuthana.png; output-mm/proveniencia.json,"evidence-mm/mowziesmobs-1.21.1-1.8.2.jar::data/mowziesmobs/loot_table/entities/umvuthana_fury.json; evidence-mm/decompiled-full/com/bobmowzie/mowziesmobs/server/entity/umvuthana/MaskType.java; evidence-mm/decompiled-full/com/bobmowzie/mowziesmobs/server/item/ItemUmvuthanaMask.java; evidence-mm/decompiled-full/com/bobmowzie/mowziesmobs/server/item/ItemHandler.java; evidence-mm/decompiled-full/com/bobmowzie/mowziesmobs/server/config/ConfigHandler.java; evidence-mm/decompiled-full/com/bobmowzie/mowziesmobs/server/ServerEventHandler.java:livingTick (efeito50ticks,amplificador0)","Não aplicável: uso direto, interação ou sem receita identificada; fontes na linha"
Umvuthana Follower Raptor,Mowzie’s Mobs,Criatura com ataques/alvos próprios na classe,Seguidor gerado por Umvuthi/raptor; herda Umvuthana.,Loot de morte,minecraft:feather,0–2,"Somente MaskType fury; getDefaultLootTable dinâmico; não juntar seis máscaras no mesmo abate; pool 2: 1 sorteio(s), peso bruto 1/1; peso condicionado aos candidatos elegíveis; reposição em múltiplos sorteios; set_count ; Saque minecraft:looting: bônus Math.round(nível × sorteio 0–1); limite sem limite explícito","Flechas, livro e pena; crafting vanilla",Alta no recurso/código da build auditada; configuração efetiva do pack não confirmada,/images/bestiary/audited/mm/umvuthana-follower-raptor-fear.png,assets/mowziesmobs/geo/umvuthana.geo.json; assets/mowziesmobs/textures/entity/umvuthana.png; output-mm/proveniencia.json,evidence-mm/mowziesmobs-1.21.1-1.8.2.jar::data/mowziesmobs/loot_table/entities/umvuthana_fury.json; evidence-mm/decompiled-full/com/bobmowzie/mowziesmobs/server/item/ItemHandler.java; evidence-mm/decompiled-full/com/bobmowzie/mowziesmobs/server/config/ConfigHandler.java,/bestiary/receitas/mm.html#receita-arrow | [Receita arrow](lote-5-mods-2026-10-06/mm-cards-2026-10-06.md#receita-arrow) — evidence/minecraft-1.21.1-client.jar::data/minecraft/recipe/arrow.json; [Receita brush](lote-5-mods-2026-10-06/mm-cards-2026-10-06.md#receita-brush) — evidence/minecraft-1.21.1-client.jar::data/minecraft/recipe/brush.json; [Receita writable_book](lote-5-mods-2026-10-06/mm-cards-2026-10-06.md#receita-writable-book) — evidence/minecraft-1.21.1-client.jar::data/minecraft/recipe/writable_book.json
Umvuthana Follower Raptor,Mowzie’s Mobs,Criatura com ataques/alvos próprios na classe,Seguidor gerado por Umvuthi/raptor; herda Umvuthana.,Loot de morte,mowziesmobs:umvuthana_mask_misery,1,"Somente MaskType misery; getDefaultLootTable dinâmico; não juntar seis máscaras no mesmo abate; sem Saque 33.3%; Saque I 13%, +2 p.p./nível acima de I; pool 1: 1 sorteio(s), peso bruto 1/1; peso condicionado aos candidatos elegíveis; reposição em múltiplos sorteios","Máscara/armadura para cabeça; efeito do MaskType correspondente. Com Sol Visage equipado, usar em mão convoca seguidor (Faith cria Crane); fora do criativo consome máscara. Desativar seguidor recupera máscara pelo código, separado do loot de morte. Efeito ao vestir: Resistance.",Alta no recurso/código da build auditada; configuração efetiva do pack não confirmada,/images/bestiary/audited/mm/umvuthana-follower-raptor-fear.png,assets/mowziesmobs/geo/umvuthana.geo.json; assets/mowziesmobs/textures/entity/umvuthana.png; output-mm/proveniencia.json,"evidence-mm/mowziesmobs-1.21.1-1.8.2.jar::data/mowziesmobs/loot_table/entities/umvuthana_misery.json; evidence-mm/decompiled-full/com/bobmowzie/mowziesmobs/server/entity/umvuthana/MaskType.java; evidence-mm/decompiled-full/com/bobmowzie/mowziesmobs/server/item/ItemUmvuthanaMask.java; evidence-mm/decompiled-full/com/bobmowzie/mowziesmobs/server/item/ItemHandler.java; evidence-mm/decompiled-full/com/bobmowzie/mowziesmobs/server/config/ConfigHandler.java; evidence-mm/decompiled-full/com/bobmowzie/mowziesmobs/server/ServerEventHandler.java:livingTick (efeito50ticks,amplificador0)","Não aplicável: uso direto, interação ou sem receita identificada; fontes na linha"
Umvuthana Follower Raptor,Mowzie’s Mobs,Criatura com ataques/alvos próprios na classe,Seguidor gerado por Umvuthi/raptor; herda Umvuthana.,Loot de morte,minecraft:feather,0–2,"Somente MaskType misery; getDefaultLootTable dinâmico; não juntar seis máscaras no mesmo abate; pool 2: 1 sorteio(s), peso bruto 1/1; peso condicionado aos candidatos elegíveis; reposição em múltiplos sorteios; set_count ; Saque minecraft:looting: bônus Math.round(nível × sorteio 0–1); limite sem limite explícito","Flechas, livro e pena; crafting vanilla",Alta no recurso/código da build auditada; configuração efetiva do pack não confirmada,/images/bestiary/audited/mm/umvuthana-follower-raptor-fear.png,assets/mowziesmobs/geo/umvuthana.geo.json; assets/mowziesmobs/textures/entity/umvuthana.png; output-mm/proveniencia.json,evidence-mm/mowziesmobs-1.21.1-1.8.2.jar::data/mowziesmobs/loot_table/entities/umvuthana_misery.json; evidence-mm/decompiled-full/com/bobmowzie/mowziesmobs/server/item/ItemHandler.java; evidence-mm/decompiled-full/com/bobmowzie/mowziesmobs/server/config/ConfigHandler.java,/bestiary/receitas/mm.html#receita-arrow | [Receita arrow](lote-5-mods-2026-10-06/mm-cards-2026-10-06.md#receita-arrow) — evidence/minecraft-1.21.1-client.jar::data/minecraft/recipe/arrow.json; [Receita brush](lote-5-mods-2026-10-06/mm-cards-2026-10-06.md#receita-brush) — evidence/minecraft-1.21.1-client.jar::data/minecraft/recipe/brush.json; [Receita writable_book](lote-5-mods-2026-10-06/mm-cards-2026-10-06.md#receita-writable-book) — evidence/minecraft-1.21.1-client.jar::data/minecraft/recipe/writable_book.json
Umvuthana Follower Raptor,Mowzie’s Mobs,Criatura com ataques/alvos próprios na classe,Seguidor gerado por Umvuthi/raptor; herda Umvuthana.,Loot de morte,mowziesmobs:umvuthana_mask_rage,1,"Somente MaskType rage; getDefaultLootTable dinâmico; não juntar seis máscaras no mesmo abate; sem Saque 33.3%; Saque I 13%, +2 p.p./nível acima de I; pool 1: 1 sorteio(s), peso bruto 1/1; peso condicionado aos candidatos elegíveis; reposição em múltiplos sorteios","Máscara/armadura para cabeça; efeito do MaskType correspondente. Com Sol Visage equipado, usar em mão convoca seguidor (Faith cria Crane); fora do criativo consome máscara. Desativar seguidor recupera máscara pelo código, separado do loot de morte. Efeito ao vestir: Haste.",Alta no recurso/código da build auditada; configuração efetiva do pack não confirmada,/images/bestiary/audited/mm/umvuthana-follower-raptor-fear.png,assets/mowziesmobs/geo/umvuthana.geo.json; assets/mowziesmobs/textures/entity/umvuthana.png; output-mm/proveniencia.json,"evidence-mm/mowziesmobs-1.21.1-1.8.2.jar::data/mowziesmobs/loot_table/entities/umvuthana_rage.json; evidence-mm/decompiled-full/com/bobmowzie/mowziesmobs/server/entity/umvuthana/MaskType.java; evidence-mm/decompiled-full/com/bobmowzie/mowziesmobs/server/item/ItemUmvuthanaMask.java; evidence-mm/decompiled-full/com/bobmowzie/mowziesmobs/server/item/ItemHandler.java; evidence-mm/decompiled-full/com/bobmowzie/mowziesmobs/server/config/ConfigHandler.java; evidence-mm/decompiled-full/com/bobmowzie/mowziesmobs/server/ServerEventHandler.java:livingTick (efeito50ticks,amplificador0)","Não aplicável: uso direto, interação ou sem receita identificada; fontes na linha"
Umvuthana Follower Raptor,Mowzie’s Mobs,Criatura com ataques/alvos próprios na classe,Seguidor gerado por Umvuthi/raptor; herda Umvuthana.,Loot de morte,minecraft:feather,0–2,"Somente MaskType rage; getDefaultLootTable dinâmico; não juntar seis máscaras no mesmo abate; pool 2: 1 sorteio(s), peso bruto 1/1; peso condicionado aos candidatos elegíveis; reposição em múltiplos sorteios; set_count ; Saque minecraft:looting: bônus Math.round(nível × sorteio 0–1); limite sem limite explícito","Flechas, livro e pena; crafting vanilla",Alta no recurso/código da build auditada; configuração efetiva do pack não confirmada,/images/bestiary/audited/mm/umvuthana-follower-raptor-fear.png,assets/mowziesmobs/geo/umvuthana.geo.json; assets/mowziesmobs/textures/entity/umvuthana.png; output-mm/proveniencia.json,evidence-mm/mowziesmobs-1.21.1-1.8.2.jar::data/mowziesmobs/loot_table/entities/umvuthana_rage.json; evidence-mm/decompiled-full/com/bobmowzie/mowziesmobs/server/item/ItemHandler.java; evidence-mm/decompiled-full/com/bobmowzie/mowziesmobs/server/config/ConfigHandler.java,/bestiary/receitas/mm.html#receita-arrow | [Receita arrow](lote-5-mods-2026-10-06/mm-cards-2026-10-06.md#receita-arrow) — evidence/minecraft-1.21.1-client.jar::data/minecraft/recipe/arrow.json; [Receita brush](lote-5-mods-2026-10-06/mm-cards-2026-10-06.md#receita-brush) — evidence/minecraft-1.21.1-client.jar::data/minecraft/recipe/brush.json; [Receita writable_book](lote-5-mods-2026-10-06/mm-cards-2026-10-06.md#receita-writable-book) — evidence/minecraft-1.21.1-client.jar::data/minecraft/recipe/writable_book.json
Umvuthana Follower Raptor,Mowzie’s Mobs,Criatura com ataques/alvos próprios na classe,Seguidor gerado por Umvuthi/raptor; herda Umvuthana.,Loot de morte,mowziesmobs:umvuthana_mask_faith,1,"Somente MaskType faith; getDefaultLootTable dinâmico; não juntar seis máscaras no mesmo abate; sem Saque 33.3%; Saque I 13%, +2 p.p./nível acima de I; pool 1: 1 sorteio(s), peso bruto 1/1; peso condicionado aos candidatos elegíveis; reposição em múltiplos sorteios","Máscara/armadura para cabeça; efeito do MaskType correspondente. Com Sol Visage equipado, usar em mão convoca seguidor (Faith cria Crane); fora do criativo consome máscara. Desativar seguidor recupera máscara pelo código, separado do loot de morte. Efeito ao vestir: Health Boost.",Alta no recurso/código da build auditada; configuração efetiva do pack não confirmada,/images/bestiary/audited/mm/umvuthana-follower-raptor-fear.png,assets/mowziesmobs/geo/umvuthana.geo.json; assets/mowziesmobs/textures/entity/umvuthana.png; output-mm/proveniencia.json,"evidence-mm/mowziesmobs-1.21.1-1.8.2.jar::data/mowziesmobs/loot_table/entities/umvuthana_faith.json; evidence-mm/decompiled-full/com/bobmowzie/mowziesmobs/server/entity/umvuthana/MaskType.java; evidence-mm/decompiled-full/com/bobmowzie/mowziesmobs/server/item/ItemUmvuthanaMask.java; evidence-mm/decompiled-full/com/bobmowzie/mowziesmobs/server/item/ItemHandler.java; evidence-mm/decompiled-full/com/bobmowzie/mowziesmobs/server/config/ConfigHandler.java; evidence-mm/decompiled-full/com/bobmowzie/mowziesmobs/server/ServerEventHandler.java:livingTick (efeito50ticks,amplificador0)","Não aplicável: uso direto, interação ou sem receita identificada; fontes na linha"
Umvuthana Follower Raptor,Mowzie’s Mobs,Criatura com ataques/alvos próprios na classe,Seguidor gerado por Umvuthi/raptor; herda Umvuthana.,Loot de morte,minecraft:feather,0–2,"Somente MaskType faith; getDefaultLootTable dinâmico; não juntar seis máscaras no mesmo abate; pool 2: 1 sorteio(s), peso bruto 1/1; peso condicionado aos candidatos elegíveis; reposição em múltiplos sorteios; set_count ; Saque minecraft:looting: bônus Math.round(nível × sorteio 0–1); limite sem limite explícito","Flechas, livro e pena; crafting vanilla",Alta no recurso/código da build auditada; configuração efetiva do pack não confirmada,/images/bestiary/audited/mm/umvuthana-follower-raptor-fear.png,assets/mowziesmobs/geo/umvuthana.geo.json; assets/mowziesmobs/textures/entity/umvuthana.png; output-mm/proveniencia.json,evidence-mm/mowziesmobs-1.21.1-1.8.2.jar::data/mowziesmobs/loot_table/entities/umvuthana_faith.json; evidence-mm/decompiled-full/com/bobmowzie/mowziesmobs/server/item/ItemHandler.java; evidence-mm/decompiled-full/com/bobmowzie/mowziesmobs/server/config/ConfigHandler.java,/bestiary/receitas/mm.html#receita-arrow | [Receita arrow](lote-5-mods-2026-10-06/mm-cards-2026-10-06.md#receita-arrow) — evidence/minecraft-1.21.1-client.jar::data/minecraft/recipe/arrow.json; [Receita brush](lote-5-mods-2026-10-06/mm-cards-2026-10-06.md#receita-brush) — evidence/minecraft-1.21.1-client.jar::data/minecraft/recipe/brush.json; [Receita writable_book](lote-5-mods-2026-10-06/mm-cards-2026-10-06.md#receita-writable-book) — evidence/minecraft-1.21.1-client.jar::data/minecraft/recipe/writable_book.json
Umvuthana Follower Player,Mowzie’s Mobs,"Aliado convocado; Crane é curandeiro, follower é combatente",Convocado ao usar máscara com Sol Visage; ItemUmvuthanaMask.,Loot de morte suprimido,Sem item no loot de morte,0,getDefaultLootTable retorna BuiltInLootTables.EMPTY; recuperação por desativação é mecanismo separado,Não aplicável,Alta no recurso/código da build auditada; configuração efetiva do pack não confirmada,/images/bestiary/audited/mm/umvuthana-follower-player-fear.png,assets/mowziesmobs/geo/umvuthana.geo.json; assets/mowziesmobs/textures/entity/umvuthana.png; assets/mowziesmobs/textures/entity/umvuthana_elite.png; output-mm/proveniencia.json,evidence-mm/decompiled-full/com/bobmowzie/mowziesmobs/server/entity/umvuthana/EntityUmvuthanaFollowerToPlayer.java; evidence-mm/decompiled-full/com/bobmowzie/mowziesmobs/server/entity/umvuthana/EntityUmvuthanaCraneToPlayer.java; evidence-mm/decompiled-full/com/bobmowzie/mowziesmobs/server/item/ItemHandler.java; evidence-mm/decompiled-full/com/bobmowzie/mowziesmobs/server/config/ConfigHandler.java,"Não aplicável: uso direto, interação ou sem receita identificada; fontes na linha"
Umvuthana Follower Player,Mowzie’s Mobs,"Aliado convocado; Crane é curandeiro, follower é combatente",Convocado ao usar máscara com Sol Visage; ItemUmvuthanaMask.,Desativar seguidor,Máscara do MaskType efetivo,1,Rotina de desativação devolve getDeactivatedMask; não é loot duplicado na morte,Recupera máscara para vestir ou convocar novo seguidor,Alta no recurso/código da build auditada; configuração efetiva do pack não confirmada,/images/bestiary/audited/mm/umvuthana-follower-player-fear.png,assets/mowziesmobs/geo/umvuthana.geo.json; assets/mowziesmobs/textures/entity/umvuthana.png; assets/mowziesmobs/textures/entity/umvuthana_elite.png; output-mm/proveniencia.json,evidence-mm/decompiled-full/com/bobmowzie/mowziesmobs/server/entity/umvuthana/EntityUmvuthana.java; evidence-mm/decompiled-full/com/bobmowzie/mowziesmobs/server/item/ItemHandler.java; evidence-mm/decompiled-full/com/bobmowzie/mowziesmobs/server/config/ConfigHandler.java,"Não aplicável: uso direto, interação ou sem receita identificada; fontes na linha"
Umvuthana Crane Player,Mowzie’s Mobs,"Aliado convocado; Crane é curandeiro, follower é combatente",Convocado com máscara Faith e Sol Visage; ItemUmvuthanaMask.,Loot de morte suprimido,Sem item no loot de morte,0,getDefaultLootTable retorna BuiltInLootTables.EMPTY; recuperação por desativação é mecanismo separado,Não aplicável,Alta no recurso/código da build auditada; configuração efetiva do pack não confirmada,/images/bestiary/audited/mm/umvuthana-crane-player-faith.png,assets/mowziesmobs/geo/umvuthana.geo.json; assets/mowziesmobs/textures/entity/umvuthana_elite.png; output-mm/proveniencia.json,evidence-mm/decompiled-full/com/bobmowzie/mowziesmobs/server/entity/umvuthana/EntityUmvuthanaFollowerToPlayer.java; evidence-mm/decompiled-full/com/bobmowzie/mowziesmobs/server/entity/umvuthana/EntityUmvuthanaCraneToPlayer.java; evidence-mm/decompiled-full/com/bobmowzie/mowziesmobs/server/item/ItemHandler.java; evidence-mm/decompiled-full/com/bobmowzie/mowziesmobs/server/config/ConfigHandler.java,"Não aplicável: uso direto, interação ou sem receita identificada; fontes na linha"
Umvuthana Crane Player,Mowzie’s Mobs,"Aliado convocado; Crane é curandeiro, follower é combatente",Convocado com máscara Faith e Sol Visage; ItemUmvuthanaMask.,Desativar seguidor,Máscara do MaskType efetivo,1,Rotina de desativação devolve getDeactivatedMask; não é loot duplicado na morte,Recupera máscara para vestir ou convocar novo seguidor,Alta no recurso/código da build auditada; configuração efetiva do pack não confirmada,/images/bestiary/audited/mm/umvuthana-crane-player-faith.png,assets/mowziesmobs/geo/umvuthana.geo.json; assets/mowziesmobs/textures/entity/umvuthana_elite.png; output-mm/proveniencia.json,evidence-mm/decompiled-full/com/bobmowzie/mowziesmobs/server/entity/umvuthana/EntityUmvuthana.java; evidence-mm/decompiled-full/com/bobmowzie/mowziesmobs/server/item/ItemHandler.java; evidence-mm/decompiled-full/com/bobmowzie/mowziesmobs/server/config/ConfigHandler.java,"Não aplicável: uso direto, interação ou sem receita identificada; fontes na linha"
Umvuthana,Mowzie’s Mobs,Criatura com ataques/alvos próprios na classe,"Spawn Jungle, Y≥60 e escuro, grupo1–4/peso70; também seguidores em encontros conforme classes.",Loot de morte,mowziesmobs:umvuthana_mask_fear,1,"Somente MaskType fear; getDefaultLootTable dinâmico; não juntar seis máscaras no mesmo abate; sem Saque 33.3%; Saque I 13%, +2 p.p./nível acima de I; pool 1: 1 sorteio(s), peso bruto 1/1; peso condicionado aos candidatos elegíveis; reposição em múltiplos sorteios","Máscara/armadura para cabeça; efeito do MaskType correspondente. Com Sol Visage equipado, usar em mão convoca seguidor (Faith cria Crane); fora do criativo consome máscara. Desativar seguidor recupera máscara pelo código, separado do loot de morte. Efeito ao vestir: Speed.",Alta no recurso/código da build auditada; configuração efetiva do pack não confirmada,/images/bestiary/audited/mm/umvuthana-fear.png,assets/mowziesmobs/geo/umvuthana.geo.json; assets/mowziesmobs/textures/entity/umvuthana.png; output-mm/proveniencia.json,"evidence-mm/mowziesmobs-1.21.1-1.8.2.jar::data/mowziesmobs/loot_table/entities/umvuthana_fear.json; evidence-mm/decompiled-full/com/bobmowzie/mowziesmobs/server/entity/umvuthana/EntityUmvuthana.java; evidence-mm/decompiled-full/com/bobmowzie/mowziesmobs/server/entity/umvuthana/MaskType.java; evidence-mm/decompiled-full/com/bobmowzie/mowziesmobs/server/item/ItemUmvuthanaMask.java; evidence-mm/decompiled-full/com/bobmowzie/mowziesmobs/server/item/ItemHandler.java; evidence-mm/decompiled-full/com/bobmowzie/mowziesmobs/server/config/ConfigHandler.java; evidence-mm/decompiled-full/com/bobmowzie/mowziesmobs/server/ServerEventHandler.java:livingTick (efeito50ticks,amplificador0)","Não aplicável: uso direto, interação ou sem receita identificada; fontes na linha"
Umvuthana,Mowzie’s Mobs,Criatura com ataques/alvos próprios na classe,"Spawn Jungle, Y≥60 e escuro, grupo1–4/peso70; também seguidores em encontros conforme classes.",Loot de morte,minecraft:feather,0–2,"Somente MaskType fear; getDefaultLootTable dinâmico; não juntar seis máscaras no mesmo abate; pool 2: 1 sorteio(s), peso bruto 1/1; peso condicionado aos candidatos elegíveis; reposição em múltiplos sorteios; set_count ; Saque minecraft:looting: bônus Math.round(nível × sorteio 0–1); limite sem limite explícito","Flechas, livro e pena; crafting vanilla",Alta no recurso/código da build auditada; configuração efetiva do pack não confirmada,/images/bestiary/audited/mm/umvuthana-fear.png,assets/mowziesmobs/geo/umvuthana.geo.json; assets/mowziesmobs/textures/entity/umvuthana.png; output-mm/proveniencia.json,evidence-mm/mowziesmobs-1.21.1-1.8.2.jar::data/mowziesmobs/loot_table/entities/umvuthana_fear.json; evidence-mm/decompiled-full/com/bobmowzie/mowziesmobs/server/entity/umvuthana/EntityUmvuthana.java; evidence-mm/decompiled-full/com/bobmowzie/mowziesmobs/server/item/ItemHandler.java; evidence-mm/decompiled-full/com/bobmowzie/mowziesmobs/server/config/ConfigHandler.java,/bestiary/receitas/mm.html#receita-arrow | [Receita arrow](lote-5-mods-2026-10-06/mm-cards-2026-10-06.md#receita-arrow) — evidence/minecraft-1.21.1-client.jar::data/minecraft/recipe/arrow.json; [Receita brush](lote-5-mods-2026-10-06/mm-cards-2026-10-06.md#receita-brush) — evidence/minecraft-1.21.1-client.jar::data/minecraft/recipe/brush.json; [Receita writable_book](lote-5-mods-2026-10-06/mm-cards-2026-10-06.md#receita-writable-book) — evidence/minecraft-1.21.1-client.jar::data/minecraft/recipe/writable_book.json
Umvuthana,Mowzie’s Mobs,Criatura com ataques/alvos próprios na classe,"Spawn Jungle, Y≥60 e escuro, grupo1–4/peso70; também seguidores em encontros conforme classes.",Loot de morte,mowziesmobs:umvuthana_mask_bliss,1,"Somente MaskType bliss; getDefaultLootTable dinâmico; não juntar seis máscaras no mesmo abate; sem Saque 33.3%; Saque I 13%, +2 p.p./nível acima de I; pool 1: 1 sorteio(s), peso bruto 1/1; peso condicionado aos candidatos elegíveis; reposição em múltiplos sorteios","Máscara/armadura para cabeça; efeito do MaskType correspondente. Com Sol Visage equipado, usar em mão convoca seguidor (Faith cria Crane); fora do criativo consome máscara. Desativar seguidor recupera máscara pelo código, separado do loot de morte. Efeito ao vestir: Jump Boost.",Alta no recurso/código da build auditada; configuração efetiva do pack não confirmada,/images/bestiary/audited/mm/umvuthana-fear.png,assets/mowziesmobs/geo/umvuthana.geo.json; assets/mowziesmobs/textures/entity/umvuthana.png; output-mm/proveniencia.json,"evidence-mm/mowziesmobs-1.21.1-1.8.2.jar::data/mowziesmobs/loot_table/entities/umvuthana_bliss.json; evidence-mm/decompiled-full/com/bobmowzie/mowziesmobs/server/entity/umvuthana/EntityUmvuthana.java; evidence-mm/decompiled-full/com/bobmowzie/mowziesmobs/server/entity/umvuthana/MaskType.java; evidence-mm/decompiled-full/com/bobmowzie/mowziesmobs/server/item/ItemUmvuthanaMask.java; evidence-mm/decompiled-full/com/bobmowzie/mowziesmobs/server/item/ItemHandler.java; evidence-mm/decompiled-full/com/bobmowzie/mowziesmobs/server/config/ConfigHandler.java; evidence-mm/decompiled-full/com/bobmowzie/mowziesmobs/server/ServerEventHandler.java:livingTick (efeito50ticks,amplificador0)","Não aplicável: uso direto, interação ou sem receita identificada; fontes na linha"
Umvuthana,Mowzie’s Mobs,Criatura com ataques/alvos próprios na classe,"Spawn Jungle, Y≥60 e escuro, grupo1–4/peso70; também seguidores em encontros conforme classes.",Loot de morte,minecraft:feather,0–2,"Somente MaskType bliss; getDefaultLootTable dinâmico; não juntar seis máscaras no mesmo abate; pool 2: 1 sorteio(s), peso bruto 1/1; peso condicionado aos candidatos elegíveis; reposição em múltiplos sorteios; set_count ; Saque minecraft:looting: bônus Math.round(nível × sorteio 0–1); limite sem limite explícito","Flechas, livro e pena; crafting vanilla",Alta no recurso/código da build auditada; configuração efetiva do pack não confirmada,/images/bestiary/audited/mm/umvuthana-fear.png,assets/mowziesmobs/geo/umvuthana.geo.json; assets/mowziesmobs/textures/entity/umvuthana.png; output-mm/proveniencia.json,evidence-mm/mowziesmobs-1.21.1-1.8.2.jar::data/mowziesmobs/loot_table/entities/umvuthana_bliss.json; evidence-mm/decompiled-full/com/bobmowzie/mowziesmobs/server/entity/umvuthana/EntityUmvuthana.java; evidence-mm/decompiled-full/com/bobmowzie/mowziesmobs/server/item/ItemHandler.java; evidence-mm/decompiled-full/com/bobmowzie/mowziesmobs/server/config/ConfigHandler.java,/bestiary/receitas/mm.html#receita-arrow | [Receita arrow](lote-5-mods-2026-10-06/mm-cards-2026-10-06.md#receita-arrow) — evidence/minecraft-1.21.1-client.jar::data/minecraft/recipe/arrow.json; [Receita brush](lote-5-mods-2026-10-06/mm-cards-2026-10-06.md#receita-brush) — evidence/minecraft-1.21.1-client.jar::data/minecraft/recipe/brush.json; [Receita writable_book](lote-5-mods-2026-10-06/mm-cards-2026-10-06.md#receita-writable-book) — evidence/minecraft-1.21.1-client.jar::data/minecraft/recipe/writable_book.json
Umvuthana,Mowzie’s Mobs,Criatura com ataques/alvos próprios na classe,"Spawn Jungle, Y≥60 e escuro, grupo1–4/peso70; também seguidores em encontros conforme classes.",Loot de morte,mowziesmobs:umvuthana_mask_fury,1,"Somente MaskType fury; getDefaultLootTable dinâmico; não juntar seis máscaras no mesmo abate; sem Saque 33.3%; Saque I 13%, +2 p.p./nível acima de I; pool 1: 1 sorteio(s), peso bruto 1/1; peso condicionado aos candidatos elegíveis; reposição em múltiplos sorteios","Máscara/armadura para cabeça; efeito do MaskType correspondente. Com Sol Visage equipado, usar em mão convoca seguidor (Faith cria Crane); fora do criativo consome máscara. Desativar seguidor recupera máscara pelo código, separado do loot de morte. Efeito ao vestir: Strength.",Alta no recurso/código da build auditada; configuração efetiva do pack não confirmada,/images/bestiary/audited/mm/umvuthana-fear.png,assets/mowziesmobs/geo/umvuthana.geo.json; assets/mowziesmobs/textures/entity/umvuthana.png; output-mm/proveniencia.json,"evidence-mm/mowziesmobs-1.21.1-1.8.2.jar::data/mowziesmobs/loot_table/entities/umvuthana_fury.json; evidence-mm/decompiled-full/com/bobmowzie/mowziesmobs/server/entity/umvuthana/EntityUmvuthana.java; evidence-mm/decompiled-full/com/bobmowzie/mowziesmobs/server/entity/umvuthana/MaskType.java; evidence-mm/decompiled-full/com/bobmowzie/mowziesmobs/server/item/ItemUmvuthanaMask.java; evidence-mm/decompiled-full/com/bobmowzie/mowziesmobs/server/item/ItemHandler.java; evidence-mm/decompiled-full/com/bobmowzie/mowziesmobs/server/config/ConfigHandler.java; evidence-mm/decompiled-full/com/bobmowzie/mowziesmobs/server/ServerEventHandler.java:livingTick (efeito50ticks,amplificador0)","Não aplicável: uso direto, interação ou sem receita identificada; fontes na linha"
Umvuthana,Mowzie’s Mobs,Criatura com ataques/alvos próprios na classe,"Spawn Jungle, Y≥60 e escuro, grupo1–4/peso70; também seguidores em encontros conforme classes.",Loot de morte,minecraft:feather,0–2,"Somente MaskType fury; getDefaultLootTable dinâmico; não juntar seis máscaras no mesmo abate; pool 2: 1 sorteio(s), peso bruto 1/1; peso condicionado aos candidatos elegíveis; reposição em múltiplos sorteios; set_count ; Saque minecraft:looting: bônus Math.round(nível × sorteio 0–1); limite sem limite explícito","Flechas, livro e pena; crafting vanilla",Alta no recurso/código da build auditada; configuração efetiva do pack não confirmada,/images/bestiary/audited/mm/umvuthana-fear.png,assets/mowziesmobs/geo/umvuthana.geo.json; assets/mowziesmobs/textures/entity/umvuthana.png; output-mm/proveniencia.json,evidence-mm/mowziesmobs-1.21.1-1.8.2.jar::data/mowziesmobs/loot_table/entities/umvuthana_fury.json; evidence-mm/decompiled-full/com/bobmowzie/mowziesmobs/server/entity/umvuthana/EntityUmvuthana.java; evidence-mm/decompiled-full/com/bobmowzie/mowziesmobs/server/item/ItemHandler.java; evidence-mm/decompiled-full/com/bobmowzie/mowziesmobs/server/config/ConfigHandler.java,/bestiary/receitas/mm.html#receita-arrow | [Receita arrow](lote-5-mods-2026-10-06/mm-cards-2026-10-06.md#receita-arrow) — evidence/minecraft-1.21.1-client.jar::data/minecraft/recipe/arrow.json; [Receita brush](lote-5-mods-2026-10-06/mm-cards-2026-10-06.md#receita-brush) — evidence/minecraft-1.21.1-client.jar::data/minecraft/recipe/brush.json; [Receita writable_book](lote-5-mods-2026-10-06/mm-cards-2026-10-06.md#receita-writable-book) — evidence/minecraft-1.21.1-client.jar::data/minecraft/recipe/writable_book.json
Umvuthana,Mowzie’s Mobs,Criatura com ataques/alvos próprios na classe,"Spawn Jungle, Y≥60 e escuro, grupo1–4/peso70; também seguidores em encontros conforme classes.",Loot de morte,mowziesmobs:umvuthana_mask_misery,1,"Somente MaskType misery; getDefaultLootTable dinâmico; não juntar seis máscaras no mesmo abate; sem Saque 33.3%; Saque I 13%, +2 p.p./nível acima de I; pool 1: 1 sorteio(s), peso bruto 1/1; peso condicionado aos candidatos elegíveis; reposição em múltiplos sorteios","Máscara/armadura para cabeça; efeito do MaskType correspondente. Com Sol Visage equipado, usar em mão convoca seguidor (Faith cria Crane); fora do criativo consome máscara. Desativar seguidor recupera máscara pelo código, separado do loot de morte. Efeito ao vestir: Resistance.",Alta no recurso/código da build auditada; configuração efetiva do pack não confirmada,/images/bestiary/audited/mm/umvuthana-fear.png,assets/mowziesmobs/geo/umvuthana.geo.json; assets/mowziesmobs/textures/entity/umvuthana.png; output-mm/proveniencia.json,"evidence-mm/mowziesmobs-1.21.1-1.8.2.jar::data/mowziesmobs/loot_table/entities/umvuthana_misery.json; evidence-mm/decompiled-full/com/bobmowzie/mowziesmobs/server/entity/umvuthana/EntityUmvuthana.java; evidence-mm/decompiled-full/com/bobmowzie/mowziesmobs/server/entity/umvuthana/MaskType.java; evidence-mm/decompiled-full/com/bobmowzie/mowziesmobs/server/item/ItemUmvuthanaMask.java; evidence-mm/decompiled-full/com/bobmowzie/mowziesmobs/server/item/ItemHandler.java; evidence-mm/decompiled-full/com/bobmowzie/mowziesmobs/server/config/ConfigHandler.java; evidence-mm/decompiled-full/com/bobmowzie/mowziesmobs/server/ServerEventHandler.java:livingTick (efeito50ticks,amplificador0)","Não aplicável: uso direto, interação ou sem receita identificada; fontes na linha"
Umvuthana,Mowzie’s Mobs,Criatura com ataques/alvos próprios na classe,"Spawn Jungle, Y≥60 e escuro, grupo1–4/peso70; também seguidores em encontros conforme classes.",Loot de morte,minecraft:feather,0–2,"Somente MaskType misery; getDefaultLootTable dinâmico; não juntar seis máscaras no mesmo abate; pool 2: 1 sorteio(s), peso bruto 1/1; peso condicionado aos candidatos elegíveis; reposição em múltiplos sorteios; set_count ; Saque minecraft:looting: bônus Math.round(nível × sorteio 0–1); limite sem limite explícito","Flechas, livro e pena; crafting vanilla",Alta no recurso/código da build auditada; configuração efetiva do pack não confirmada,/images/bestiary/audited/mm/umvuthana-fear.png,assets/mowziesmobs/geo/umvuthana.geo.json; assets/mowziesmobs/textures/entity/umvuthana.png; output-mm/proveniencia.json,evidence-mm/mowziesmobs-1.21.1-1.8.2.jar::data/mowziesmobs/loot_table/entities/umvuthana_misery.json; evidence-mm/decompiled-full/com/bobmowzie/mowziesmobs/server/entity/umvuthana/EntityUmvuthana.java; evidence-mm/decompiled-full/com/bobmowzie/mowziesmobs/server/item/ItemHandler.java; evidence-mm/decompiled-full/com/bobmowzie/mowziesmobs/server/config/ConfigHandler.java,/bestiary/receitas/mm.html#receita-arrow | [Receita arrow](lote-5-mods-2026-10-06/mm-cards-2026-10-06.md#receita-arrow) — evidence/minecraft-1.21.1-client.jar::data/minecraft/recipe/arrow.json; [Receita brush](lote-5-mods-2026-10-06/mm-cards-2026-10-06.md#receita-brush) — evidence/minecraft-1.21.1-client.jar::data/minecraft/recipe/brush.json; [Receita writable_book](lote-5-mods-2026-10-06/mm-cards-2026-10-06.md#receita-writable-book) — evidence/minecraft-1.21.1-client.jar::data/minecraft/recipe/writable_book.json
Umvuthana,Mowzie’s Mobs,Criatura com ataques/alvos próprios na classe,"Spawn Jungle, Y≥60 e escuro, grupo1–4/peso70; também seguidores em encontros conforme classes.",Loot de morte,mowziesmobs:umvuthana_mask_rage,1,"Somente MaskType rage; getDefaultLootTable dinâmico; não juntar seis máscaras no mesmo abate; sem Saque 33.3%; Saque I 13%, +2 p.p./nível acima de I; pool 1: 1 sorteio(s), peso bruto 1/1; peso condicionado aos candidatos elegíveis; reposição em múltiplos sorteios","Máscara/armadura para cabeça; efeito do MaskType correspondente. Com Sol Visage equipado, usar em mão convoca seguidor (Faith cria Crane); fora do criativo consome máscara. Desativar seguidor recupera máscara pelo código, separado do loot de morte. Efeito ao vestir: Haste.",Alta no recurso/código da build auditada; configuração efetiva do pack não confirmada,/images/bestiary/audited/mm/umvuthana-fear.png,assets/mowziesmobs/geo/umvuthana.geo.json; assets/mowziesmobs/textures/entity/umvuthana.png; output-mm/proveniencia.json,"evidence-mm/mowziesmobs-1.21.1-1.8.2.jar::data/mowziesmobs/loot_table/entities/umvuthana_rage.json; evidence-mm/decompiled-full/com/bobmowzie/mowziesmobs/server/entity/umvuthana/EntityUmvuthana.java; evidence-mm/decompiled-full/com/bobmowzie/mowziesmobs/server/entity/umvuthana/MaskType.java; evidence-mm/decompiled-full/com/bobmowzie/mowziesmobs/server/item/ItemUmvuthanaMask.java; evidence-mm/decompiled-full/com/bobmowzie/mowziesmobs/server/item/ItemHandler.java; evidence-mm/decompiled-full/com/bobmowzie/mowziesmobs/server/config/ConfigHandler.java; evidence-mm/decompiled-full/com/bobmowzie/mowziesmobs/server/ServerEventHandler.java:livingTick (efeito50ticks,amplificador0)","Não aplicável: uso direto, interação ou sem receita identificada; fontes na linha"
Umvuthana,Mowzie’s Mobs,Criatura com ataques/alvos próprios na classe,"Spawn Jungle, Y≥60 e escuro, grupo1–4/peso70; também seguidores em encontros conforme classes.",Loot de morte,minecraft:feather,0–2,"Somente MaskType rage; getDefaultLootTable dinâmico; não juntar seis máscaras no mesmo abate; pool 2: 1 sorteio(s), peso bruto 1/1; peso condicionado aos candidatos elegíveis; reposição em múltiplos sorteios; set_count ; Saque minecraft:looting: bônus Math.round(nível × sorteio 0–1); limite sem limite explícito","Flechas, livro e pena; crafting vanilla",Alta no recurso/código da build auditada; configuração efetiva do pack não confirmada,/images/bestiary/audited/mm/umvuthana-fear.png,assets/mowziesmobs/geo/umvuthana.geo.json; assets/mowziesmobs/textures/entity/umvuthana.png; output-mm/proveniencia.json,evidence-mm/mowziesmobs-1.21.1-1.8.2.jar::data/mowziesmobs/loot_table/entities/umvuthana_rage.json; evidence-mm/decompiled-full/com/bobmowzie/mowziesmobs/server/entity/umvuthana/EntityUmvuthana.java; evidence-mm/decompiled-full/com/bobmowzie/mowziesmobs/server/item/ItemHandler.java; evidence-mm/decompiled-full/com/bobmowzie/mowziesmobs/server/config/ConfigHandler.java,/bestiary/receitas/mm.html#receita-arrow | [Receita arrow](lote-5-mods-2026-10-06/mm-cards-2026-10-06.md#receita-arrow) — evidence/minecraft-1.21.1-client.jar::data/minecraft/recipe/arrow.json; [Receita brush](lote-5-mods-2026-10-06/mm-cards-2026-10-06.md#receita-brush) — evidence/minecraft-1.21.1-client.jar::data/minecraft/recipe/brush.json; [Receita writable_book](lote-5-mods-2026-10-06/mm-cards-2026-10-06.md#receita-writable-book) — evidence/minecraft-1.21.1-client.jar::data/minecraft/recipe/writable_book.json
Umvuthana,Mowzie’s Mobs,Criatura com ataques/alvos próprios na classe,"Spawn Jungle, Y≥60 e escuro, grupo1–4/peso70; também seguidores em encontros conforme classes.",Loot de morte,mowziesmobs:umvuthana_mask_faith,1,"Somente MaskType faith; getDefaultLootTable dinâmico; não juntar seis máscaras no mesmo abate; sem Saque 33.3%; Saque I 13%, +2 p.p./nível acima de I; pool 1: 1 sorteio(s), peso bruto 1/1; peso condicionado aos candidatos elegíveis; reposição em múltiplos sorteios","Máscara/armadura para cabeça; efeito do MaskType correspondente. Com Sol Visage equipado, usar em mão convoca seguidor (Faith cria Crane); fora do criativo consome máscara. Desativar seguidor recupera máscara pelo código, separado do loot de morte. Efeito ao vestir: Health Boost.",Alta no recurso/código da build auditada; configuração efetiva do pack não confirmada,/images/bestiary/audited/mm/umvuthana-fear.png,assets/mowziesmobs/geo/umvuthana.geo.json; assets/mowziesmobs/textures/entity/umvuthana.png; output-mm/proveniencia.json,"evidence-mm/mowziesmobs-1.21.1-1.8.2.jar::data/mowziesmobs/loot_table/entities/umvuthana_faith.json; evidence-mm/decompiled-full/com/bobmowzie/mowziesmobs/server/entity/umvuthana/EntityUmvuthana.java; evidence-mm/decompiled-full/com/bobmowzie/mowziesmobs/server/entity/umvuthana/MaskType.java; evidence-mm/decompiled-full/com/bobmowzie/mowziesmobs/server/item/ItemUmvuthanaMask.java; evidence-mm/decompiled-full/com/bobmowzie/mowziesmobs/server/item/ItemHandler.java; evidence-mm/decompiled-full/com/bobmowzie/mowziesmobs/server/config/ConfigHandler.java; evidence-mm/decompiled-full/com/bobmowzie/mowziesmobs/server/ServerEventHandler.java:livingTick (efeito50ticks,amplificador0)","Não aplicável: uso direto, interação ou sem receita identificada; fontes na linha"
Umvuthana,Mowzie’s Mobs,Criatura com ataques/alvos próprios na classe,"Spawn Jungle, Y≥60 e escuro, grupo1–4/peso70; também seguidores em encontros conforme classes.",Loot de morte,minecraft:feather,0–2,"Somente MaskType faith; getDefaultLootTable dinâmico; não juntar seis máscaras no mesmo abate; pool 2: 1 sorteio(s), peso bruto 1/1; peso condicionado aos candidatos elegíveis; reposição em múltiplos sorteios; set_count ; Saque minecraft:looting: bônus Math.round(nível × sorteio 0–1); limite sem limite explícito","Flechas, livro e pena; crafting vanilla",Alta no recurso/código da build auditada; configuração efetiva do pack não confirmada,/images/bestiary/audited/mm/umvuthana-fear.png,assets/mowziesmobs/geo/umvuthana.geo.json; assets/mowziesmobs/textures/entity/umvuthana.png; output-mm/proveniencia.json,evidence-mm/mowziesmobs-1.21.1-1.8.2.jar::data/mowziesmobs/loot_table/entities/umvuthana_faith.json; evidence-mm/decompiled-full/com/bobmowzie/mowziesmobs/server/entity/umvuthana/EntityUmvuthana.java; evidence-mm/decompiled-full/com/bobmowzie/mowziesmobs/server/item/ItemHandler.java; evidence-mm/decompiled-full/com/bobmowzie/mowziesmobs/server/config/ConfigHandler.java,/bestiary/receitas/mm.html#receita-arrow | [Receita arrow](lote-5-mods-2026-10-06/mm-cards-2026-10-06.md#receita-arrow) — evidence/minecraft-1.21.1-client.jar::data/minecraft/recipe/arrow.json; [Receita brush](lote-5-mods-2026-10-06/mm-cards-2026-10-06.md#receita-brush) — evidence/minecraft-1.21.1-client.jar::data/minecraft/recipe/brush.json; [Receita writable_book](lote-5-mods-2026-10-06/mm-cards-2026-10-06.md#receita-writable-book) — evidence/minecraft-1.21.1-client.jar::data/minecraft/recipe/writable_book.json
Umvuthana Raptor,Mowzie’s Mobs,Criatura com ataques/alvos próprios na classe,"Variante combatente de Umvuthana; grupos/geração por Umvuthana e Umvuthi, sem assumir tabela separada de biome spawn.",Loot de morte,mowziesmobs:umvuthana_mask_fear,1,"Somente MaskType fear; getDefaultLootTable dinâmico; não juntar seis máscaras no mesmo abate; sem Saque 33.3%; Saque I 13%, +2 p.p./nível acima de I; pool 1: 1 sorteio(s), peso bruto 1/1; peso condicionado aos candidatos elegíveis; reposição em múltiplos sorteios","Máscara/armadura para cabeça; efeito do MaskType correspondente. Com Sol Visage equipado, usar em mão convoca seguidor (Faith cria Crane); fora do criativo consome máscara. Desativar seguidor recupera máscara pelo código, separado do loot de morte. Efeito ao vestir: Speed.",Alta no recurso/código da build auditada; configuração efetiva do pack não confirmada,/images/bestiary/audited/mm/umvuthana-raptor-fury.png,assets/mowziesmobs/geo/umvuthana.geo.json; assets/mowziesmobs/textures/entity/umvuthana_elite.png; output-mm/proveniencia.json,"evidence-mm/mowziesmobs-1.21.1-1.8.2.jar::data/mowziesmobs/loot_table/entities/umvuthana_fear.json; evidence-mm/decompiled-full/com/bobmowzie/mowziesmobs/server/entity/umvuthana/EntityUmvuthanaRaptor.java; evidence-mm/decompiled-full/com/bobmowzie/mowziesmobs/server/entity/umvuthana/MaskType.java; evidence-mm/decompiled-full/com/bobmowzie/mowziesmobs/server/item/ItemUmvuthanaMask.java; evidence-mm/decompiled-full/com/bobmowzie/mowziesmobs/server/item/ItemHandler.java; evidence-mm/decompiled-full/com/bobmowzie/mowziesmobs/server/config/ConfigHandler.java; evidence-mm/decompiled-full/com/bobmowzie/mowziesmobs/server/ServerEventHandler.java:livingTick (efeito50ticks,amplificador0)","Não aplicável: uso direto, interação ou sem receita identificada; fontes na linha"
Umvuthana Raptor,Mowzie’s Mobs,Criatura com ataques/alvos próprios na classe,"Variante combatente de Umvuthana; grupos/geração por Umvuthana e Umvuthi, sem assumir tabela separada de biome spawn.",Loot de morte,minecraft:feather,0–2,"Somente MaskType fear; getDefaultLootTable dinâmico; não juntar seis máscaras no mesmo abate; pool 2: 1 sorteio(s), peso bruto 1/1; peso condicionado aos candidatos elegíveis; reposição em múltiplos sorteios; set_count ; Saque minecraft:looting: bônus Math.round(nível × sorteio 0–1); limite sem limite explícito","Flechas, livro e pena; crafting vanilla",Alta no recurso/código da build auditada; configuração efetiva do pack não confirmada,/images/bestiary/audited/mm/umvuthana-raptor-fury.png,assets/mowziesmobs/geo/umvuthana.geo.json; assets/mowziesmobs/textures/entity/umvuthana_elite.png; output-mm/proveniencia.json,evidence-mm/mowziesmobs-1.21.1-1.8.2.jar::data/mowziesmobs/loot_table/entities/umvuthana_fear.json; evidence-mm/decompiled-full/com/bobmowzie/mowziesmobs/server/entity/umvuthana/EntityUmvuthanaRaptor.java; evidence-mm/decompiled-full/com/bobmowzie/mowziesmobs/server/item/ItemHandler.java; evidence-mm/decompiled-full/com/bobmowzie/mowziesmobs/server/config/ConfigHandler.java,/bestiary/receitas/mm.html#receita-arrow | [Receita arrow](lote-5-mods-2026-10-06/mm-cards-2026-10-06.md#receita-arrow) — evidence/minecraft-1.21.1-client.jar::data/minecraft/recipe/arrow.json; [Receita brush](lote-5-mods-2026-10-06/mm-cards-2026-10-06.md#receita-brush) — evidence/minecraft-1.21.1-client.jar::data/minecraft/recipe/brush.json; [Receita writable_book](lote-5-mods-2026-10-06/mm-cards-2026-10-06.md#receita-writable-book) — evidence/minecraft-1.21.1-client.jar::data/minecraft/recipe/writable_book.json
Umvuthana Raptor,Mowzie’s Mobs,Criatura com ataques/alvos próprios na classe,"Variante combatente de Umvuthana; grupos/geração por Umvuthana e Umvuthi, sem assumir tabela separada de biome spawn.",Loot de morte,mowziesmobs:umvuthana_mask_bliss,1,"Somente MaskType bliss; getDefaultLootTable dinâmico; não juntar seis máscaras no mesmo abate; sem Saque 33.3%; Saque I 13%, +2 p.p./nível acima de I; pool 1: 1 sorteio(s), peso bruto 1/1; peso condicionado aos candidatos elegíveis; reposição em múltiplos sorteios","Máscara/armadura para cabeça; efeito do MaskType correspondente. Com Sol Visage equipado, usar em mão convoca seguidor (Faith cria Crane); fora do criativo consome máscara. Desativar seguidor recupera máscara pelo código, separado do loot de morte. Efeito ao vestir: Jump Boost.",Alta no recurso/código da build auditada; configuração efetiva do pack não confirmada,/images/bestiary/audited/mm/umvuthana-raptor-fury.png,assets/mowziesmobs/geo/umvuthana.geo.json; assets/mowziesmobs/textures/entity/umvuthana_elite.png; output-mm/proveniencia.json,"evidence-mm/mowziesmobs-1.21.1-1.8.2.jar::data/mowziesmobs/loot_table/entities/umvuthana_bliss.json; evidence-mm/decompiled-full/com/bobmowzie/mowziesmobs/server/entity/umvuthana/EntityUmvuthanaRaptor.java; evidence-mm/decompiled-full/com/bobmowzie/mowziesmobs/server/entity/umvuthana/MaskType.java; evidence-mm/decompiled-full/com/bobmowzie/mowziesmobs/server/item/ItemUmvuthanaMask.java; evidence-mm/decompiled-full/com/bobmowzie/mowziesmobs/server/item/ItemHandler.java; evidence-mm/decompiled-full/com/bobmowzie/mowziesmobs/server/config/ConfigHandler.java; evidence-mm/decompiled-full/com/bobmowzie/mowziesmobs/server/ServerEventHandler.java:livingTick (efeito50ticks,amplificador0)","Não aplicável: uso direto, interação ou sem receita identificada; fontes na linha"
Umvuthana Raptor,Mowzie’s Mobs,Criatura com ataques/alvos próprios na classe,"Variante combatente de Umvuthana; grupos/geração por Umvuthana e Umvuthi, sem assumir tabela separada de biome spawn.",Loot de morte,minecraft:feather,0–2,"Somente MaskType bliss; getDefaultLootTable dinâmico; não juntar seis máscaras no mesmo abate; pool 2: 1 sorteio(s), peso bruto 1/1; peso condicionado aos candidatos elegíveis; reposição em múltiplos sorteios; set_count ; Saque minecraft:looting: bônus Math.round(nível × sorteio 0–1); limite sem limite explícito","Flechas, livro e pena; crafting vanilla",Alta no recurso/código da build auditada; configuração efetiva do pack não confirmada,/images/bestiary/audited/mm/umvuthana-raptor-fury.png,assets/mowziesmobs/geo/umvuthana.geo.json; assets/mowziesmobs/textures/entity/umvuthana_elite.png; output-mm/proveniencia.json,evidence-mm/mowziesmobs-1.21.1-1.8.2.jar::data/mowziesmobs/loot_table/entities/umvuthana_bliss.json; evidence-mm/decompiled-full/com/bobmowzie/mowziesmobs/server/entity/umvuthana/EntityUmvuthanaRaptor.java; evidence-mm/decompiled-full/com/bobmowzie/mowziesmobs/server/item/ItemHandler.java; evidence-mm/decompiled-full/com/bobmowzie/mowziesmobs/server/config/ConfigHandler.java,/bestiary/receitas/mm.html#receita-arrow | [Receita arrow](lote-5-mods-2026-10-06/mm-cards-2026-10-06.md#receita-arrow) — evidence/minecraft-1.21.1-client.jar::data/minecraft/recipe/arrow.json; [Receita brush](lote-5-mods-2026-10-06/mm-cards-2026-10-06.md#receita-brush) — evidence/minecraft-1.21.1-client.jar::data/minecraft/recipe/brush.json; [Receita writable_book](lote-5-mods-2026-10-06/mm-cards-2026-10-06.md#receita-writable-book) — evidence/minecraft-1.21.1-client.jar::data/minecraft/recipe/writable_book.json
Umvuthana Raptor,Mowzie’s Mobs,Criatura com ataques/alvos próprios na classe,"Variante combatente de Umvuthana; grupos/geração por Umvuthana e Umvuthi, sem assumir tabela separada de biome spawn.",Loot de morte,mowziesmobs:umvuthana_mask_fury,1,"Somente MaskType fury; getDefaultLootTable dinâmico; não juntar seis máscaras no mesmo abate; sem Saque 33.3%; Saque I 13%, +2 p.p./nível acima de I; pool 1: 1 sorteio(s), peso bruto 1/1; peso condicionado aos candidatos elegíveis; reposição em múltiplos sorteios","Máscara/armadura para cabeça; efeito do MaskType correspondente. Com Sol Visage equipado, usar em mão convoca seguidor (Faith cria Crane); fora do criativo consome máscara. Desativar seguidor recupera máscara pelo código, separado do loot de morte. Efeito ao vestir: Strength.",Alta no recurso/código da build auditada; configuração efetiva do pack não confirmada,/images/bestiary/audited/mm/umvuthana-raptor-fury.png,assets/mowziesmobs/geo/umvuthana.geo.json; assets/mowziesmobs/textures/entity/umvuthana_elite.png; output-mm/proveniencia.json,"evidence-mm/mowziesmobs-1.21.1-1.8.2.jar::data/mowziesmobs/loot_table/entities/umvuthana_fury.json; evidence-mm/decompiled-full/com/bobmowzie/mowziesmobs/server/entity/umvuthana/EntityUmvuthanaRaptor.java; evidence-mm/decompiled-full/com/bobmowzie/mowziesmobs/server/entity/umvuthana/MaskType.java; evidence-mm/decompiled-full/com/bobmowzie/mowziesmobs/server/item/ItemUmvuthanaMask.java; evidence-mm/decompiled-full/com/bobmowzie/mowziesmobs/server/item/ItemHandler.java; evidence-mm/decompiled-full/com/bobmowzie/mowziesmobs/server/config/ConfigHandler.java; evidence-mm/decompiled-full/com/bobmowzie/mowziesmobs/server/ServerEventHandler.java:livingTick (efeito50ticks,amplificador0)","Não aplicável: uso direto, interação ou sem receita identificada; fontes na linha"
Umvuthana Raptor,Mowzie’s Mobs,Criatura com ataques/alvos próprios na classe,"Variante combatente de Umvuthana; grupos/geração por Umvuthana e Umvuthi, sem assumir tabela separada de biome spawn.",Loot de morte,minecraft:feather,0–2,"Somente MaskType fury; getDefaultLootTable dinâmico; não juntar seis máscaras no mesmo abate; pool 2: 1 sorteio(s), peso bruto 1/1; peso condicionado aos candidatos elegíveis; reposição em múltiplos sorteios; set_count ; Saque minecraft:looting: bônus Math.round(nível × sorteio 0–1); limite sem limite explícito","Flechas, livro e pena; crafting vanilla",Alta no recurso/código da build auditada; configuração efetiva do pack não confirmada,/images/bestiary/audited/mm/umvuthana-raptor-fury.png,assets/mowziesmobs/geo/umvuthana.geo.json; assets/mowziesmobs/textures/entity/umvuthana_elite.png; output-mm/proveniencia.json,evidence-mm/mowziesmobs-1.21.1-1.8.2.jar::data/mowziesmobs/loot_table/entities/umvuthana_fury.json; evidence-mm/decompiled-full/com/bobmowzie/mowziesmobs/server/entity/umvuthana/EntityUmvuthanaRaptor.java; evidence-mm/decompiled-full/com/bobmowzie/mowziesmobs/server/item/ItemHandler.java; evidence-mm/decompiled-full/com/bobmowzie/mowziesmobs/server/config/ConfigHandler.java,/bestiary/receitas/mm.html#receita-arrow | [Receita arrow](lote-5-mods-2026-10-06/mm-cards-2026-10-06.md#receita-arrow) — evidence/minecraft-1.21.1-client.jar::data/minecraft/recipe/arrow.json; [Receita brush](lote-5-mods-2026-10-06/mm-cards-2026-10-06.md#receita-brush) — evidence/minecraft-1.21.1-client.jar::data/minecraft/recipe/brush.json; [Receita writable_book](lote-5-mods-2026-10-06/mm-cards-2026-10-06.md#receita-writable-book) — evidence/minecraft-1.21.1-client.jar::data/minecraft/recipe/writable_book.json
Umvuthana Raptor,Mowzie’s Mobs,Criatura com ataques/alvos próprios na classe,"Variante combatente de Umvuthana; grupos/geração por Umvuthana e Umvuthi, sem assumir tabela separada de biome spawn.",Loot de morte,mowziesmobs:umvuthana_mask_misery,1,"Somente MaskType misery; getDefaultLootTable dinâmico; não juntar seis máscaras no mesmo abate; sem Saque 33.3%; Saque I 13%, +2 p.p./nível acima de I; pool 1: 1 sorteio(s), peso bruto 1/1; peso condicionado aos candidatos elegíveis; reposição em múltiplos sorteios","Máscara/armadura para cabeça; efeito do MaskType correspondente. Com Sol Visage equipado, usar em mão convoca seguidor (Faith cria Crane); fora do criativo consome máscara. Desativar seguidor recupera máscara pelo código, separado do loot de morte. Efeito ao vestir: Resistance.",Alta no recurso/código da build auditada; configuração efetiva do pack não confirmada,/images/bestiary/audited/mm/umvuthana-raptor-fury.png,assets/mowziesmobs/geo/umvuthana.geo.json; assets/mowziesmobs/textures/entity/umvuthana_elite.png; output-mm/proveniencia.json,"evidence-mm/mowziesmobs-1.21.1-1.8.2.jar::data/mowziesmobs/loot_table/entities/umvuthana_misery.json; evidence-mm/decompiled-full/com/bobmowzie/mowziesmobs/server/entity/umvuthana/EntityUmvuthanaRaptor.java; evidence-mm/decompiled-full/com/bobmowzie/mowziesmobs/server/entity/umvuthana/MaskType.java; evidence-mm/decompiled-full/com/bobmowzie/mowziesmobs/server/item/ItemUmvuthanaMask.java; evidence-mm/decompiled-full/com/bobmowzie/mowziesmobs/server/item/ItemHandler.java; evidence-mm/decompiled-full/com/bobmowzie/mowziesmobs/server/config/ConfigHandler.java; evidence-mm/decompiled-full/com/bobmowzie/mowziesmobs/server/ServerEventHandler.java:livingTick (efeito50ticks,amplificador0)","Não aplicável: uso direto, interação ou sem receita identificada; fontes na linha"
Umvuthana Raptor,Mowzie’s Mobs,Criatura com ataques/alvos próprios na classe,"Variante combatente de Umvuthana; grupos/geração por Umvuthana e Umvuthi, sem assumir tabela separada de biome spawn.",Loot de morte,minecraft:feather,0–2,"Somente MaskType misery; getDefaultLootTable dinâmico; não juntar seis máscaras no mesmo abate; pool 2: 1 sorteio(s), peso bruto 1/1; peso condicionado aos candidatos elegíveis; reposição em múltiplos sorteios; set_count ; Saque minecraft:looting: bônus Math.round(nível × sorteio 0–1); limite sem limite explícito","Flechas, livro e pena; crafting vanilla",Alta no recurso/código da build auditada; configuração efetiva do pack não confirmada,/images/bestiary/audited/mm/umvuthana-raptor-fury.png,assets/mowziesmobs/geo/umvuthana.geo.json; assets/mowziesmobs/textures/entity/umvuthana_elite.png; output-mm/proveniencia.json,evidence-mm/mowziesmobs-1.21.1-1.8.2.jar::data/mowziesmobs/loot_table/entities/umvuthana_misery.json; evidence-mm/decompiled-full/com/bobmowzie/mowziesmobs/server/entity/umvuthana/EntityUmvuthanaRaptor.java; evidence-mm/decompiled-full/com/bobmowzie/mowziesmobs/server/item/ItemHandler.java; evidence-mm/decompiled-full/com/bobmowzie/mowziesmobs/server/config/ConfigHandler.java,/bestiary/receitas/mm.html#receita-arrow | [Receita arrow](lote-5-mods-2026-10-06/mm-cards-2026-10-06.md#receita-arrow) — evidence/minecraft-1.21.1-client.jar::data/minecraft/recipe/arrow.json; [Receita brush](lote-5-mods-2026-10-06/mm-cards-2026-10-06.md#receita-brush) — evidence/minecraft-1.21.1-client.jar::data/minecraft/recipe/brush.json; [Receita writable_book](lote-5-mods-2026-10-06/mm-cards-2026-10-06.md#receita-writable-book) — evidence/minecraft-1.21.1-client.jar::data/minecraft/recipe/writable_book.json
Umvuthana Raptor,Mowzie’s Mobs,Criatura com ataques/alvos próprios na classe,"Variante combatente de Umvuthana; grupos/geração por Umvuthana e Umvuthi, sem assumir tabela separada de biome spawn.",Loot de morte,mowziesmobs:umvuthana_mask_rage,1,"Somente MaskType rage; getDefaultLootTable dinâmico; não juntar seis máscaras no mesmo abate; sem Saque 33.3%; Saque I 13%, +2 p.p./nível acima de I; pool 1: 1 sorteio(s), peso bruto 1/1; peso condicionado aos candidatos elegíveis; reposição em múltiplos sorteios","Máscara/armadura para cabeça; efeito do MaskType correspondente. Com Sol Visage equipado, usar em mão convoca seguidor (Faith cria Crane); fora do criativo consome máscara. Desativar seguidor recupera máscara pelo código, separado do loot de morte. Efeito ao vestir: Haste.",Alta no recurso/código da build auditada; configuração efetiva do pack não confirmada,/images/bestiary/audited/mm/umvuthana-raptor-fury.png,assets/mowziesmobs/geo/umvuthana.geo.json; assets/mowziesmobs/textures/entity/umvuthana_elite.png; output-mm/proveniencia.json,"evidence-mm/mowziesmobs-1.21.1-1.8.2.jar::data/mowziesmobs/loot_table/entities/umvuthana_rage.json; evidence-mm/decompiled-full/com/bobmowzie/mowziesmobs/server/entity/umvuthana/EntityUmvuthanaRaptor.java; evidence-mm/decompiled-full/com/bobmowzie/mowziesmobs/server/entity/umvuthana/MaskType.java; evidence-mm/decompiled-full/com/bobmowzie/mowziesmobs/server/item/ItemUmvuthanaMask.java; evidence-mm/decompiled-full/com/bobmowzie/mowziesmobs/server/item/ItemHandler.java; evidence-mm/decompiled-full/com/bobmowzie/mowziesmobs/server/config/ConfigHandler.java; evidence-mm/decompiled-full/com/bobmowzie/mowziesmobs/server/ServerEventHandler.java:livingTick (efeito50ticks,amplificador0)","Não aplicável: uso direto, interação ou sem receita identificada; fontes na linha"
Umvuthana Raptor,Mowzie’s Mobs,Criatura com ataques/alvos próprios na classe,"Variante combatente de Umvuthana; grupos/geração por Umvuthana e Umvuthi, sem assumir tabela separada de biome spawn.",Loot de morte,minecraft:feather,0–2,"Somente MaskType rage; getDefaultLootTable dinâmico; não juntar seis máscaras no mesmo abate; pool 2: 1 sorteio(s), peso bruto 1/1; peso condicionado aos candidatos elegíveis; reposição em múltiplos sorteios; set_count ; Saque minecraft:looting: bônus Math.round(nível × sorteio 0–1); limite sem limite explícito","Flechas, livro e pena; crafting vanilla",Alta no recurso/código da build auditada; configuração efetiva do pack não confirmada,/images/bestiary/audited/mm/umvuthana-raptor-fury.png,assets/mowziesmobs/geo/umvuthana.geo.json; assets/mowziesmobs/textures/entity/umvuthana_elite.png; output-mm/proveniencia.json,evidence-mm/mowziesmobs-1.21.1-1.8.2.jar::data/mowziesmobs/loot_table/entities/umvuthana_rage.json; evidence-mm/decompiled-full/com/bobmowzie/mowziesmobs/server/entity/umvuthana/EntityUmvuthanaRaptor.java; evidence-mm/decompiled-full/com/bobmowzie/mowziesmobs/server/item/ItemHandler.java; evidence-mm/decompiled-full/com/bobmowzie/mowziesmobs/server/config/ConfigHandler.java,/bestiary/receitas/mm.html#receita-arrow | [Receita arrow](lote-5-mods-2026-10-06/mm-cards-2026-10-06.md#receita-arrow) — evidence/minecraft-1.21.1-client.jar::data/minecraft/recipe/arrow.json; [Receita brush](lote-5-mods-2026-10-06/mm-cards-2026-10-06.md#receita-brush) — evidence/minecraft-1.21.1-client.jar::data/minecraft/recipe/brush.json; [Receita writable_book](lote-5-mods-2026-10-06/mm-cards-2026-10-06.md#receita-writable-book) — evidence/minecraft-1.21.1-client.jar::data/minecraft/recipe/writable_book.json
Umvuthana Raptor,Mowzie’s Mobs,Criatura com ataques/alvos próprios na classe,"Variante combatente de Umvuthana; grupos/geração por Umvuthana e Umvuthi, sem assumir tabela separada de biome spawn.",Loot de morte,mowziesmobs:umvuthana_mask_faith,1,"Somente MaskType faith; getDefaultLootTable dinâmico; não juntar seis máscaras no mesmo abate; sem Saque 33.3%; Saque I 13%, +2 p.p./nível acima de I; pool 1: 1 sorteio(s), peso bruto 1/1; peso condicionado aos candidatos elegíveis; reposição em múltiplos sorteios","Máscara/armadura para cabeça; efeito do MaskType correspondente. Com Sol Visage equipado, usar em mão convoca seguidor (Faith cria Crane); fora do criativo consome máscara. Desativar seguidor recupera máscara pelo código, separado do loot de morte. Efeito ao vestir: Health Boost.",Alta no recurso/código da build auditada; configuração efetiva do pack não confirmada,/images/bestiary/audited/mm/umvuthana-raptor-fury.png,assets/mowziesmobs/geo/umvuthana.geo.json; assets/mowziesmobs/textures/entity/umvuthana_elite.png; output-mm/proveniencia.json,"evidence-mm/mowziesmobs-1.21.1-1.8.2.jar::data/mowziesmobs/loot_table/entities/umvuthana_faith.json; evidence-mm/decompiled-full/com/bobmowzie/mowziesmobs/server/entity/umvuthana/EntityUmvuthanaRaptor.java; evidence-mm/decompiled-full/com/bobmowzie/mowziesmobs/server/entity/umvuthana/MaskType.java; evidence-mm/decompiled-full/com/bobmowzie/mowziesmobs/server/item/ItemUmvuthanaMask.java; evidence-mm/decompiled-full/com/bobmowzie/mowziesmobs/server/item/ItemHandler.java; evidence-mm/decompiled-full/com/bobmowzie/mowziesmobs/server/config/ConfigHandler.java; evidence-mm/decompiled-full/com/bobmowzie/mowziesmobs/server/ServerEventHandler.java:livingTick (efeito50ticks,amplificador0)","Não aplicável: uso direto, interação ou sem receita identificada; fontes na linha"
Umvuthana Raptor,Mowzie’s Mobs,Criatura com ataques/alvos próprios na classe,"Variante combatente de Umvuthana; grupos/geração por Umvuthana e Umvuthi, sem assumir tabela separada de biome spawn.",Loot de morte,minecraft:feather,0–2,"Somente MaskType faith; getDefaultLootTable dinâmico; não juntar seis máscaras no mesmo abate; pool 2: 1 sorteio(s), peso bruto 1/1; peso condicionado aos candidatos elegíveis; reposição em múltiplos sorteios; set_count ; Saque minecraft:looting: bônus Math.round(nível × sorteio 0–1); limite sem limite explícito","Flechas, livro e pena; crafting vanilla",Alta no recurso/código da build auditada; configuração efetiva do pack não confirmada,/images/bestiary/audited/mm/umvuthana-raptor-fury.png,assets/mowziesmobs/geo/umvuthana.geo.json; assets/mowziesmobs/textures/entity/umvuthana_elite.png; output-mm/proveniencia.json,evidence-mm/mowziesmobs-1.21.1-1.8.2.jar::data/mowziesmobs/loot_table/entities/umvuthana_faith.json; evidence-mm/decompiled-full/com/bobmowzie/mowziesmobs/server/entity/umvuthana/EntityUmvuthanaRaptor.java; evidence-mm/decompiled-full/com/bobmowzie/mowziesmobs/server/item/ItemHandler.java; evidence-mm/decompiled-full/com/bobmowzie/mowziesmobs/server/config/ConfigHandler.java,/bestiary/receitas/mm.html#receita-arrow | [Receita arrow](lote-5-mods-2026-10-06/mm-cards-2026-10-06.md#receita-arrow) — evidence/minecraft-1.21.1-client.jar::data/minecraft/recipe/arrow.json; [Receita brush](lote-5-mods-2026-10-06/mm-cards-2026-10-06.md#receita-brush) — evidence/minecraft-1.21.1-client.jar::data/minecraft/recipe/brush.json; [Receita writable_book](lote-5-mods-2026-10-06/mm-cards-2026-10-06.md#receita-writable-book) — evidence/minecraft-1.21.1-client.jar::data/minecraft/recipe/writable_book.json
Umvuthana Crane,Mowzie’s Mobs,Criatura com ataques/alvos próprios na classe,Curandeiro/seguidor em Groves/Umvuthi; classe EntityUmvuthanaCrane.,Loot de morte,mowziesmobs:umvuthana_mask_faith,1,"Somente MaskType faith; getDefaultLootTable dinâmico; não juntar seis máscaras no mesmo abate; sem Saque 33.3%; Saque I 13%, +2 p.p./nível acima de I; pool 1: 1 sorteio(s), peso bruto 1/1; peso condicionado aos candidatos elegíveis; reposição em múltiplos sorteios","Máscara/armadura para cabeça; efeito do MaskType correspondente. Com Sol Visage equipado, usar em mão convoca seguidor (Faith cria Crane); fora do criativo consome máscara. Desativar seguidor recupera máscara pelo código, separado do loot de morte. Efeito ao vestir: Health Boost.",Alta no recurso/código da build auditada; configuração efetiva do pack não confirmada,/images/bestiary/audited/mm/umvuthana-crane-faith.png,assets/mowziesmobs/geo/umvuthana.geo.json; assets/mowziesmobs/textures/entity/umvuthana_elite.png; output-mm/proveniencia.json,"evidence-mm/mowziesmobs-1.21.1-1.8.2.jar::data/mowziesmobs/loot_table/entities/umvuthana_faith.json; evidence-mm/decompiled-full/com/bobmowzie/mowziesmobs/server/entity/umvuthana/EntityUmvuthanaCrane.java; evidence-mm/decompiled-full/com/bobmowzie/mowziesmobs/server/entity/umvuthana/MaskType.java; evidence-mm/decompiled-full/com/bobmowzie/mowziesmobs/server/item/ItemUmvuthanaMask.java; evidence-mm/decompiled-full/com/bobmowzie/mowziesmobs/server/item/ItemHandler.java; evidence-mm/decompiled-full/com/bobmowzie/mowziesmobs/server/config/ConfigHandler.java; evidence-mm/decompiled-full/com/bobmowzie/mowziesmobs/server/ServerEventHandler.java:livingTick (efeito50ticks,amplificador0)","Não aplicável: uso direto, interação ou sem receita identificada; fontes na linha"
Umvuthana Crane,Mowzie’s Mobs,Criatura com ataques/alvos próprios na classe,Curandeiro/seguidor em Groves/Umvuthi; classe EntityUmvuthanaCrane.,Loot de morte,minecraft:feather,0–2,"Somente MaskType faith; getDefaultLootTable dinâmico; não juntar seis máscaras no mesmo abate; pool 2: 1 sorteio(s), peso bruto 1/1; peso condicionado aos candidatos elegíveis; reposição em múltiplos sorteios; set_count ; Saque minecraft:looting: bônus Math.round(nível × sorteio 0–1); limite sem limite explícito","Flechas, livro e pena; crafting vanilla",Alta no recurso/código da build auditada; configuração efetiva do pack não confirmada,/images/bestiary/audited/mm/umvuthana-crane-faith.png,assets/mowziesmobs/geo/umvuthana.geo.json; assets/mowziesmobs/textures/entity/umvuthana_elite.png; output-mm/proveniencia.json,evidence-mm/mowziesmobs-1.21.1-1.8.2.jar::data/mowziesmobs/loot_table/entities/umvuthana_faith.json; evidence-mm/decompiled-full/com/bobmowzie/mowziesmobs/server/entity/umvuthana/EntityUmvuthanaCrane.java; evidence-mm/decompiled-full/com/bobmowzie/mowziesmobs/server/item/ItemHandler.java; evidence-mm/decompiled-full/com/bobmowzie/mowziesmobs/server/config/ConfigHandler.java,/bestiary/receitas/mm.html#receita-arrow | [Receita arrow](lote-5-mods-2026-10-06/mm-cards-2026-10-06.md#receita-arrow) — evidence/minecraft-1.21.1-client.jar::data/minecraft/recipe/arrow.json; [Receita brush](lote-5-mods-2026-10-06/mm-cards-2026-10-06.md#receita-brush) — evidence/minecraft-1.21.1-client.jar::data/minecraft/recipe/brush.json; [Receita writable_book](lote-5-mods-2026-10-06/mm-cards-2026-10-06.md#receita-writable-book) — evidence/minecraft-1.21.1-client.jar::data/minecraft/recipe/writable_book.json
Grottol,Mowzie’s Mobs,"Criatura sem ataque direto normal; crescimento, fuga ou comportamento próprio conforme classe","Spawn subterrâneo em base stone, escuro sem céu e Y≤16; exclui Mushroom no padrão; ConfigHandler.COMMON.MOBS.GROTTOL.",Loot de morte,minecraft:diamond,0 normal; 1 PICKAXE; 2 FORTUNE_PICKAXE,"morte atribuída ao jogador; pool 1: 1 sorteio(s), peso bruto 1/1; peso condicionado aos candidatos elegíveis; reposição em múltiplos sorteios; {""function"": ""mowziesmobs:grottol_death_type""}; LootFunctionGrottolDeathType: NORMAL zera pilha; Fortune adiciona exatamente 1, não multiplica pelo nível. Ferramenta correta para Diamond Ore ou #mowziesmobs:can_hit_grottol; ataque de jogador sem projétil","Ferramentas, armaduras e crafts de diamante",Alta no recurso/código da build auditada; configuração efetiva do pack não confirmada,/images/bestiary/audited/mm/grottol.png,com/bobmowzie/mowziesmobs/client/model/entity/ModelGrottol.class; com/bobmowzie/mowziesmobs/client/render/entity/RenderGrottol.class; assets/mowziesmobs/textures/entity/grottol.png; com/ilexiconn/llibrary/client/model/tools/AdvancedModelRenderer.class; com/ilexiconn/llibrary/client/model/tools/AdvancedModelRenderer$ModelBox.class; assets/mowziesmobs/textures/entity/grottol_deepslate.png; assets/mowziesmobs/textures/entity/grottol_blackpink.png; assets/mowziesmobs/textures/entity/grottol_deepslate_blackpink.png; output-mm/proveniencia.json,evidence-mm/mowziesmobs-1.21.1-1.8.2.jar::data/mowziesmobs/loot_table/entities/grottol.json; evidence-mm/decompiled-full/com/bobmowzie/mowziesmobs/server/entity/grottol/EntityGrottol.java; evidence-mm/decompiled-full/com/bobmowzie/mowziesmobs/server/loot/LootFunctionGrottolDeathType.java; evidence-mm/decompiled-full/com/bobmowzie/mowziesmobs/server/entity/grottol/EntityGrottol.java; evidence-mm/decompiled-full/com/bobmowzie/mowziesmobs/server/item/ItemHandler.java; evidence-mm/decompiled-full/com/bobmowzie/mowziesmobs/server/config/ConfigHandler.java,/bestiary/receitas/mm.html#receita-bolt-armor-trim-smithing-template | [Receita bolt_armor_trim_smithing_template](lote-5-mods-2026-10-06/mm-cards-2026-10-06.md#receita-bolt-armor-trim-smithing-template) — evidence/minecraft-1.21.1-client.jar::data/minecraft/recipe/bolt_armor_trim_smithing_template.json; [Receita coast_armor_trim_smithing_template](lote-5-mods-2026-10-06/mm-cards-2026-10-06.md#receita-coast-armor-trim-smithing-template) — evidence/minecraft-1.21.1-client.jar::data/minecraft/recipe/coast_armor_trim_smithing_template.json; [Receita diamond_axe](lote-5-mods-2026-10-06/mm-cards-2026-10-06.md#receita-diamond-axe) — evidence/minecraft-1.21.1-client.jar::data/minecraft/recipe/diamond_axe.json; [Receita diamond_block](lote-5-mods-2026-10-06/mm-cards-2026-10-06.md#receita-diamond-block) — evidence/minecraft-1.21.1-client.jar::data/minecraft/recipe/diamond_block.json; [Receita diamond_boots](lote-5-mods-2026-10-06/mm-cards-2026-10-06.md#receita-diamond-boots) — evidence/minecraft-1.21.1-client.jar::data/minecraft/recipe/diamond_boots.json; [Receita diamond_chestplate](lote-5-mods-2026-10-06/mm-cards-2026-10-06.md#receita-diamond-chestplate) — evidence/minecraft-1.21.1-client.jar::data/minecraft/recipe/diamond_chestplate.json; [Receita diamond_helmet](lote-5-mods-2026-10-06/mm-cards-2026-10-06.md#receita-diamond-helmet) — evidence/minecraft-1.21.1-client.jar::data/minecraft/recipe/diamond_helmet.json; [Receita diamond_hoe](lote-5-mods-2026-10-06/mm-cards-2026-10-06.md#receita-diamond-hoe) — evidence/minecraft-1.21.1-client.jar::data/minecraft/recipe/diamond_hoe.json; [Receita diamond_leggings](lote-5-mods-2026-10-06/mm-cards-2026-10-06.md#receita-diamond-leggings) — evidence/minecraft-1.21.1-client.jar::data/minecraft/recipe/diamond_leggings.json; [Receita diamond_pickaxe](lote-5-mods-2026-10-06/mm-cards-2026-10-06.md#receita-diamond-pickaxe) — evidence/minecraft-1.21.1-client.jar::data/minecraft/recipe/diamond_pickaxe.json; [Receita diamond_shovel](lote-5-mods-2026-10-06/mm-cards-2026-10-06.md#receita-diamond-shovel) — evidence/minecraft-1.21.1-client.jar::data/minecraft/recipe/diamond_shovel.json; [Receita diamond_sword](lote-5-mods-2026-10-06/mm-cards-2026-10-06.md#receita-diamond-sword) — evidence/minecraft-1.21.1-client.jar::data/minecraft/recipe/diamond_sword.json; [Receita dune_armor_trim_smithing_template](lote-5-mods-2026-10-06/mm-cards-2026-10-06.md#receita-dune-armor-trim-smithing-template) — evidence/minecraft-1.21.1-client.jar::data/minecraft/recipe/dune_armor_trim_smithing_template.json; [Receita enchanting_table](lote-5-mods-2026-10-06/mm-cards-2026-10-06.md#receita-enchanting-table) — evidence/minecraft-1.21.1-client.jar::data/minecraft/recipe/enchanting_table.json; [Receita eye_armor_trim_smithing_template](lote-5-mods-2026-10-06/mm-cards-2026-10-06.md#receita-eye-armor-trim-smithing-template) — evidence/minecraft-1.21.1-client.jar::data/minecraft/recipe/eye_armor_trim_smithing_template.json; [Receita flow_armor_trim_smithing_template](lote-5-mods-2026-10-06/mm-cards-2026-10-06.md#receita-flow-armor-trim-smithing-template) — evidence/minecraft-1.21.1-client.jar::data/minecraft/recipe/flow_armor_trim_smithing_template.json; [Receita host_armor_trim_smithing_template](lote-5-mods-2026-10-06/mm-cards-2026-10-06.md#receita-host-armor-trim-smithing-template) — evidence/minecraft-1.21.1-client.jar::data/minecraft/recipe/host_armor_trim_smithing_template.json; [Receita jukebox](lote-5-mods-2026-10-06/mm-cards-2026-10-06.md#receita-jukebox) — evidence/minecraft-1.21.1-client.jar::data/minecraft/recipe/jukebox.json; [Receita netherite_upgrade_smithing_template](lote-5-mods-2026-10-06/mm-cards-2026-10-06.md#receita-netherite-upgrade-smithing-template) — evidence/minecraft-1.21.1-client.jar::data/minecraft/recipe/netherite_upgrade_smithing_template.json; [Receita raiser_armor_trim_smithing_template](lote-5-mods-2026-10-06/mm-cards-2026-10-06.md#receita-raiser-armor-trim-smithing-template) — evidence/minecraft-1.21.1-client.jar::data/minecraft/recipe/raiser_armor_trim_smithing_template.json; [Receita rib_armor_trim_smithing_template](lote-5-mods-2026-10-06/mm-cards-2026-10-06.md#receita-rib-armor-trim-smithing-template) — evidence/minecraft-1.21.1-client.jar::data/minecraft/recipe/rib_armor_trim_smithing_template.json; [Receita sentry_armor_trim_smithing_template](lote-5-mods-2026-10-06/mm-cards-2026-10-06.md#receita-sentry-armor-trim-smithing-template) — evidence/minecraft-1.21.1-client.jar::data/minecraft/recipe/sentry_armor_trim_smithing_template.json; [Receita shaper_armor_trim_smithing_template](lote-5-mods-2026-10-06/mm-cards-2026-10-06.md#receita-shaper-armor-trim-smithing-template) — evidence/minecraft-1.21.1-client.jar::data/minecraft/recipe/shaper_armor_trim_smithing_template.json; [Receita silence_armor_trim_smithing_template](lote-5-mods-2026-10-06/mm-cards-2026-10-06.md#receita-silence-armor-trim-smithing-template) — evidence/minecraft-1.21.1-client.jar::data/minecraft/recipe/silence_armor_trim_smithing_template.json; [Receita snout_armor_trim_smithing_template](lote-5-mods-2026-10-06/mm-cards-2026-10-06.md#receita-snout-armor-trim-smithing-template) — evidence/minecraft-1.21.1-client.jar::data/minecraft/recipe/snout_armor_trim_smithing_template.json; [Receita spire_armor_trim_smithing_template](lote-5-mods-2026-10-06/mm-cards-2026-10-06.md#receita-spire-armor-trim-smithing-template) — evidence/minecraft-1.21.1-client.jar::data/minecraft/recipe/spire_armor_trim_smithing_template.json; [Receita tide_armor_trim_smithing_template](lote-5-mods-2026-10-06/mm-cards-2026-10-06.md#receita-tide-armor-trim-smithing-template) — evidence/minecraft-1.21.1-client.jar::data/minecraft/recipe/tide_armor_trim_smithing_template.json; [Receita vex_armor_trim_smithing_template](lote-5-mods-2026-10-06/mm-cards-2026-10-06.md#receita-vex-armor-trim-smithing-template) — evidence/minecraft-1.21.1-client.jar::data/minecraft/recipe/vex_armor_trim_smithing_template.json; [Receita ward_armor_trim_smithing_template](lote-5-mods-2026-10-06/mm-cards-2026-10-06.md#receita-ward-armor-trim-smithing-template) — evidence/minecraft-1.21.1-client.jar::data/minecraft/recipe/ward_armor_trim_smithing_template.json; [Receita wayfinder_armor_trim_smithing_template](lote-5-mods-2026-10-06/mm-cards-2026-10-06.md#receita-wayfinder-armor-trim-smithing-template) — evidence/minecraft-1.21.1-client.jar::data/minecraft/recipe/wayfinder_armor_trim_smithing_template.json; [Receita wild_armor_trim_smithing_template](lote-5-mods-2026-10-06/mm-cards-2026-10-06.md#receita-wild-armor-trim-smithing-template) — evidence/minecraft-1.21.1-client.jar::data/minecraft/recipe/wild_armor_trim_smithing_template.json
Grottol,Mowzie’s Mobs,"Criatura sem ataque direto normal; crescimento, fuga ou comportamento próprio conforme classe","Spawn subterrâneo em base stone, escuro sem céu e Y≤16; exclui Mushroom no padrão; ConfigHandler.COMMON.MOBS.GROTTOL.",Captura com Silk Touch,mowziesmobs:captured_grottol,1,skipAttackInteraction verifica Silk Touch na mão e captura/discard; não aciona o loot normal. Variantes são preservadas.,Transportar e soltar Grottol capturado preservando variante; receitas de fundição/blast furnace e lógica do ItemCapturedGrottol no apêndice.,Alta no recurso/código da build auditada; configuração efetiva do pack não confirmada,/images/bestiary/audited/mm/grottol.png,com/bobmowzie/mowziesmobs/client/model/entity/ModelGrottol.class; com/bobmowzie/mowziesmobs/client/render/entity/RenderGrottol.class; assets/mowziesmobs/textures/entity/grottol.png; com/ilexiconn/llibrary/client/model/tools/AdvancedModelRenderer.class; com/ilexiconn/llibrary/client/model/tools/AdvancedModelRenderer$ModelBox.class; assets/mowziesmobs/textures/entity/grottol_deepslate.png; assets/mowziesmobs/textures/entity/grottol_blackpink.png; assets/mowziesmobs/textures/entity/grottol_deepslate_blackpink.png; output-mm/proveniencia.json,evidence-mm/decompiled-full/com/bobmowzie/mowziesmobs/server/entity/grottol/EntityGrottol.java; evidence-mm/decompiled-full/com/bobmowzie/mowziesmobs/server/item/ItemCapturedGrottol.java; evidence-mm/decompiled-full/com/bobmowzie/mowziesmobs/server/entity/grottol/EntityGrottol.java; evidence-mm/decompiled-full/com/bobmowzie/mowziesmobs/server/item/ItemHandler.java; evidence-mm/decompiled-full/com/bobmowzie/mowziesmobs/server/config/ConfigHandler.java,/bestiary/receitas/mm.html#receita-grottol-blast | [Receita grottol_blast](lote-5-mods-2026-10-06/mm-cards-2026-10-06.md#receita-grottol-blast) — evidence-mm/mowziesmobs-1.21.1-1.8.2.jar::data/mowziesmobs/recipe/grottol_blast.json; [Receita grottol_smelt](lote-5-mods-2026-10-06/mm-cards-2026-10-06.md#receita-grottol-smelt) — evidence-mm/mowziesmobs-1.21.1-1.8.2.jar::data/mowziesmobs/recipe/grottol_smelt.json
Lantern,Mowzie’s Mobs,"Criatura sem ataque direto normal; crescimento, fuga ou comportamento próprio conforme classe","Spawn padrão em forest/magical sem snowy, Y≥60, escuro; peso 5, grupo 2–4; ConfigHandler.",Loot de morte,mowziesmobs:glowing_jelly,0–2,"pool 1: 1 sorteio(s), peso bruto 1/1; peso condicionado aos candidatos elegíveis; reposição em múltiplos sorteios; set_count ; Saque minecraft:looting: bônus Math.round(nível × sorteio 0–1); limite sem limite explícito","Comida: nutrição 1, saturação 0.1; Night Vision por 1200 ticks (60 s), probabilidade 1 no ItemHandler.",Alta no recurso/código da build auditada; configuração efetiva do pack não confirmada,/images/bestiary/audited/mm/lantern.png,com/bobmowzie/mowziesmobs/client/model/entity/ModelLantern.class; com/bobmowzie/mowziesmobs/client/render/entity/RenderLantern.class; assets/mowziesmobs/textures/entity/mmlantern.png; com/ilexiconn/llibrary/client/model/tools/AdvancedModelRenderer.class; com/ilexiconn/llibrary/client/model/tools/AdvancedModelRenderer$ModelBox.class; com/bobmowzie/mowziesmobs/client/render/entity/layer/LanternGelLayer.class; output-mm/proveniencia.json,evidence-mm/mowziesmobs-1.21.1-1.8.2.jar::data/mowziesmobs/loot_table/entities/lantern.json; evidence-mm/decompiled-full/com/bobmowzie/mowziesmobs/server/entity/lantern/EntityLantern.java; evidence-mm/decompiled-full/com/bobmowzie/mowziesmobs/server/item/ItemHandler.java; evidence-mm/decompiled-full/com/bobmowzie/mowziesmobs/server/config/ConfigHandler.java,"Não aplicável: uso direto, interação ou sem receita identificada; fontes na linha"
Naga,Mowzie’s Mobs,Criatura com ataques/alvos próprios na classe,"Spawn padrão em Stony Shore ou Beach com Mountain/Hill; Y≥68, escuro e vê céu; peso 20, grupo 1–2; ConfigHandler.",Loot de morte,mowziesmobs:naga_fang,0–1,"pool 1: 1 sorteio(s), peso bruto 1/1; peso condicionado aos candidatos elegíveis; reposição em múltiplos sorteios; set_count ; Saque minecraft:looting: bônus Math.round(nível × sorteio 0–1); limite sem limite explícito","Ingrediente nas receitas versionadas para: mowziesmobs:dart, mowziesmobs:naga_fang_dagger",Alta no recurso/código da build auditada; configuração efetiva do pack não confirmada,/images/bestiary/audited/mm/naga.png,com/bobmowzie/mowziesmobs/client/model/entity/ModelNaga.class; com/bobmowzie/mowziesmobs/client/render/entity/RenderNaga.class; assets/mowziesmobs/textures/entity/naga.png; com/ilexiconn/llibrary/client/model/tools/AdvancedModelRenderer.class; com/ilexiconn/llibrary/client/model/tools/AdvancedModelRenderer$ModelBox.class; output-mm/proveniencia.json,evidence-mm/mowziesmobs-1.21.1-1.8.2.jar::data/mowziesmobs/loot_table/entities/naga.json; evidence-mm/decompiled-full/com/bobmowzie/mowziesmobs/server/entity/naga/EntityNaga.java; evidence-mm/decompiled-full/com/bobmowzie/mowziesmobs/server/item/ItemHandler.java; evidence-mm/decompiled-full/com/bobmowzie/mowziesmobs/server/config/ConfigHandler.java,/bestiary/receitas/mm.html#receita-dart | [Receita dart](lote-5-mods-2026-10-06/mm-cards-2026-10-06.md#receita-dart) — evidence-mm/mowziesmobs-1.21.1-1.8.2.jar::data/mowziesmobs/recipe/dart.json; [Receita naga_fang_dagger](lote-5-mods-2026-10-06/mm-cards-2026-10-06.md#receita-naga-fang-dagger) — evidence-mm/mowziesmobs-1.21.1-1.8.2.jar::data/mowziesmobs/recipe/naga_fang_dagger.json
Sculptor,Mowzie’s Mobs,"Mestre do desafio; interação de comércio/teste, hostil se provocado","Monastery: montanhas/peaks, Y120–200; geração padrão espaçamento 25, separação 8; ConfigHandler.",Loot de morte,mowziesmobs:sculptor_staff,1,"morte atribuída ao jogador; pool 1: 1 sorteio(s), peso bruto 1/5; peso condicionado aos candidatos elegíveis; reposição em múltiplos sorteios","Uso ativa ROCK_SLING_ABILITY: lança rocha, conforme ItemSculptorStaff.",Alta no recurso/código da build auditada; configuração efetiva do pack não confirmada,/images/bestiary/audited/mm/sculptor.png,com/bobmowzie/mowziesmobs/client/model/entity/ModelSculptor.class; com/bobmowzie/mowziesmobs/client/render/entity/RenderSculptor.class; assets/mowziesmobs/textures/entity/sculptor.png; assets/mowziesmobs/geo/sculptor.geo.json; assets/mowziesmobs/animations/sculptor.animation.json; com/bobmowzie/mowziesmobs/client/render/entity/MowzieGeoEntityRenderer.class; assets/mowziesmobs/geo/sculptor_staff.geo.json; assets/mowziesmobs/textures/item/sculptor_staff.png; assets/mowziesmobs/models/item/sculptor_staff.json; com/bobmowzie/mowziesmobs/client/render/entity/layer/ItemLayerSculptorStaff.class; com/bobmowzie/mowziesmobs/client/render/entity/layer/GeckoItemlayer.class; com/bobmowzie/mowziesmobs/client/render/item/RenderSculptorStaff.class; com/bobmowzie/mowziesmobs/client/model/item/ModelSculptorStaff.class; output-mm/proveniencia.json,evidence-mm/mowziesmobs-1.21.1-1.8.2.jar::data/mowziesmobs/loot_table/entities/sculptor.json; evidence-mm/decompiled-full/com/bobmowzie/mowziesmobs/server/entity/sculptor/EntitySculptor.java; evidence-mm/decompiled-full/com/bobmowzie/mowziesmobs/server/item/ItemHandler.java; evidence-mm/decompiled-full/com/bobmowzie/mowziesmobs/server/config/ConfigHandler.java,"Não aplicável: uso direto, interação ou sem receita identificada; fontes na linha"
Sculptor,Mowzie’s Mobs,"Mestre do desafio; interação de comércio/teste, hostil se provocado","Monastery: montanhas/peaks, Y120–200; geração padrão espaçamento 25, separação 8; ConfigHandler.",Loot de morte,mowziesmobs:geomancer_beads,1,"morte atribuída ao jogador; pool 1: 1 sorteio(s), peso bruto 1/5; peso condicionado aos candidatos elegíveis; reposição em múltiplos sorteios",Armadura de cabeça; bônus de attack_damage quando mão principal vazia ou #mowziesmobs:hand_weapons (ServerEventHandler.onEquipmentChanged).,Alta no recurso/código da build auditada; configuração efetiva do pack não confirmada,/images/bestiary/audited/mm/sculptor.png,com/bobmowzie/mowziesmobs/client/model/entity/ModelSculptor.class; com/bobmowzie/mowziesmobs/client/render/entity/RenderSculptor.class; assets/mowziesmobs/textures/entity/sculptor.png; assets/mowziesmobs/geo/sculptor.geo.json; assets/mowziesmobs/animations/sculptor.animation.json; com/bobmowzie/mowziesmobs/client/render/entity/MowzieGeoEntityRenderer.class; assets/mowziesmobs/geo/sculptor_staff.geo.json; assets/mowziesmobs/textures/item/sculptor_staff.png; assets/mowziesmobs/models/item/sculptor_staff.json; com/bobmowzie/mowziesmobs/client/render/entity/layer/ItemLayerSculptorStaff.class; com/bobmowzie/mowziesmobs/client/render/entity/layer/GeckoItemlayer.class; com/bobmowzie/mowziesmobs/client/render/item/RenderSculptorStaff.class; com/bobmowzie/mowziesmobs/client/model/item/ModelSculptorStaff.class; output-mm/proveniencia.json,evidence-mm/mowziesmobs-1.21.1-1.8.2.jar::data/mowziesmobs/loot_table/entities/sculptor.json; evidence-mm/decompiled-full/com/bobmowzie/mowziesmobs/server/entity/sculptor/EntitySculptor.java; evidence-mm/decompiled-full/com/bobmowzie/mowziesmobs/server/item/ItemHandler.java; evidence-mm/decompiled-full/com/bobmowzie/mowziesmobs/server/config/ConfigHandler.java; evidence-mm/decompiled-full/com/bobmowzie/mowziesmobs/server/ServerEventHandler.java,"Não aplicável: uso direto, interação ou sem receita identificada; fontes na linha"
Sculptor,Mowzie’s Mobs,"Mestre do desafio; interação de comércio/teste, hostil se provocado","Monastery: montanhas/peaks, Y120–200; geração padrão espaçamento 25, separação 8; ConfigHandler.",Loot de morte,mowziesmobs:geomancer_robe,1,"morte atribuída ao jogador; pool 1: 1 sorteio(s), peso bruto 1/5; peso condicionado aos candidatos elegíveis; reposição em múltiplos sorteios","Armadura de peito; rotinas de dano recebido/causado geram boulder próximo ao jogador, sujeito a spawnBoulderNearPlayer.",Alta no recurso/código da build auditada; configuração efetiva do pack não confirmada,/images/bestiary/audited/mm/sculptor.png,com/bobmowzie/mowziesmobs/client/model/entity/ModelSculptor.class; com/bobmowzie/mowziesmobs/client/render/entity/RenderSculptor.class; assets/mowziesmobs/textures/entity/sculptor.png; assets/mowziesmobs/geo/sculptor.geo.json; assets/mowziesmobs/animations/sculptor.animation.json; com/bobmowzie/mowziesmobs/client/render/entity/MowzieGeoEntityRenderer.class; assets/mowziesmobs/geo/sculptor_staff.geo.json; assets/mowziesmobs/textures/item/sculptor_staff.png; assets/mowziesmobs/models/item/sculptor_staff.json; com/bobmowzie/mowziesmobs/client/render/entity/layer/ItemLayerSculptorStaff.class; com/bobmowzie/mowziesmobs/client/render/entity/layer/GeckoItemlayer.class; com/bobmowzie/mowziesmobs/client/render/item/RenderSculptorStaff.class; com/bobmowzie/mowziesmobs/client/model/item/ModelSculptorStaff.class; output-mm/proveniencia.json,evidence-mm/mowziesmobs-1.21.1-1.8.2.jar::data/mowziesmobs/loot_table/entities/sculptor.json; evidence-mm/decompiled-full/com/bobmowzie/mowziesmobs/server/entity/sculptor/EntitySculptor.java; evidence-mm/decompiled-full/com/bobmowzie/mowziesmobs/server/item/ItemHandler.java; evidence-mm/decompiled-full/com/bobmowzie/mowziesmobs/server/config/ConfigHandler.java; evidence-mm/decompiled-full/com/bobmowzie/mowziesmobs/server/ServerEventHandler.java,"Não aplicável: uso direto, interação ou sem receita identificada; fontes na linha"
Sculptor,Mowzie’s Mobs,"Mestre do desafio; interação de comércio/teste, hostil se provocado","Monastery: montanhas/peaks, Y120–200; geração padrão espaçamento 25, separação 8; ConfigHandler.",Loot de morte,mowziesmobs:geomancer_belt,1,"morte atribuída ao jogador; pool 1: 1 sorteio(s), peso bruto 1/5; peso condicionado aos candidatos elegíveis; reposição em múltiplos sorteios","Armadura de pernas; enquanto Slowness ativo, recebe modificadores temporários de Armor e Knockback Resistance.",Alta no recurso/código da build auditada; configuração efetiva do pack não confirmada,/images/bestiary/audited/mm/sculptor.png,com/bobmowzie/mowziesmobs/client/model/entity/ModelSculptor.class; com/bobmowzie/mowziesmobs/client/render/entity/RenderSculptor.class; assets/mowziesmobs/textures/entity/sculptor.png; assets/mowziesmobs/geo/sculptor.geo.json; assets/mowziesmobs/animations/sculptor.animation.json; com/bobmowzie/mowziesmobs/client/render/entity/MowzieGeoEntityRenderer.class; assets/mowziesmobs/geo/sculptor_staff.geo.json; assets/mowziesmobs/textures/item/sculptor_staff.png; assets/mowziesmobs/models/item/sculptor_staff.json; com/bobmowzie/mowziesmobs/client/render/entity/layer/ItemLayerSculptorStaff.class; com/bobmowzie/mowziesmobs/client/render/entity/layer/GeckoItemlayer.class; com/bobmowzie/mowziesmobs/client/render/item/RenderSculptorStaff.class; com/bobmowzie/mowziesmobs/client/model/item/ModelSculptorStaff.class; output-mm/proveniencia.json,evidence-mm/mowziesmobs-1.21.1-1.8.2.jar::data/mowziesmobs/loot_table/entities/sculptor.json; evidence-mm/decompiled-full/com/bobmowzie/mowziesmobs/server/entity/sculptor/EntitySculptor.java; evidence-mm/decompiled-full/com/bobmowzie/mowziesmobs/server/item/ItemHandler.java; evidence-mm/decompiled-full/com/bobmowzie/mowziesmobs/server/config/ConfigHandler.java; evidence-mm/decompiled-full/com/bobmowzie/mowziesmobs/server/ServerEventHandler.java,"Não aplicável: uso direto, interação ou sem receita identificada; fontes na linha"
Sculptor,Mowzie’s Mobs,"Mestre do desafio; interação de comércio/teste, hostil se provocado","Monastery: montanhas/peaks, Y120–200; geração padrão espaçamento 25, separação 8; ConfigHandler.",Loot de morte,mowziesmobs:geomancer_sandals,1,"morte atribuída ao jogador; pool 1: 1 sorteio(s), peso bruto 1/5; peso condicionado aos candidatos elegíveis; reposição em múltiplos sorteios","Armadura de pés; queda maior que4 blocos concede Speed I por60ticks (3s), não cancela todo dano de queda.",Alta no recurso/código da build auditada; configuração efetiva do pack não confirmada,/images/bestiary/audited/mm/sculptor.png,com/bobmowzie/mowziesmobs/client/model/entity/ModelSculptor.class; com/bobmowzie/mowziesmobs/client/render/entity/RenderSculptor.class; assets/mowziesmobs/textures/entity/sculptor.png; assets/mowziesmobs/geo/sculptor.geo.json; assets/mowziesmobs/animations/sculptor.animation.json; com/bobmowzie/mowziesmobs/client/render/entity/MowzieGeoEntityRenderer.class; assets/mowziesmobs/geo/sculptor_staff.geo.json; assets/mowziesmobs/textures/item/sculptor_staff.png; assets/mowziesmobs/models/item/sculptor_staff.json; com/bobmowzie/mowziesmobs/client/render/entity/layer/ItemLayerSculptorStaff.class; com/bobmowzie/mowziesmobs/client/render/entity/layer/GeckoItemlayer.class; com/bobmowzie/mowziesmobs/client/render/item/RenderSculptorStaff.class; com/bobmowzie/mowziesmobs/client/model/item/ModelSculptorStaff.class; output-mm/proveniencia.json,evidence-mm/mowziesmobs-1.21.1-1.8.2.jar::data/mowziesmobs/loot_table/entities/sculptor.json; evidence-mm/decompiled-full/com/bobmowzie/mowziesmobs/server/entity/sculptor/EntitySculptor.java; evidence-mm/decompiled-full/com/bobmowzie/mowziesmobs/server/item/ItemHandler.java; evidence-mm/decompiled-full/com/bobmowzie/mowziesmobs/server/config/ConfigHandler.java; evidence-mm/decompiled-full/com/bobmowzie/mowziesmobs/server/ServerEventHandler.java,"Não aplicável: uso direto, interação ou sem receita identificada; fontes na linha"
Sculptor,Mowzie’s Mobs,"Mestre do desafio; interação de comércio/teste, hostil se provocado","Monastery: montanhas/peaks, Y120–200; geração padrão espaçamento 25, separação 8; ConfigHandler.",Prêmio do teste,mowziesmobs:earthrend_gauntlet,1,"Pagamento padrão 1 Bluff Rod; completar desafio e interagir em alcance distanceSquared≤20 com mesmo jogador em teste, pilar não subindo e sem FAIL_TEST. PASS_TEST usa SCULPTOR_TEST, não exige matar o Sculptor; pool 1: 1 sorteio(s), peso bruto 1/1; peso condicionado aos candidatos elegíveis; reposição em múltiplos sorteios","Ferramenta/arma: segurar uso ativa TUNNELING_ABILITY, interrompida ao soltar; ItemEarthrendGauntlet.",Alta no recurso/código da build auditada; configuração efetiva do pack não confirmada,/images/bestiary/audited/mm/sculptor.png,com/bobmowzie/mowziesmobs/client/model/entity/ModelSculptor.class; com/bobmowzie/mowziesmobs/client/render/entity/RenderSculptor.class; assets/mowziesmobs/textures/entity/sculptor.png; assets/mowziesmobs/geo/sculptor.geo.json; assets/mowziesmobs/animations/sculptor.animation.json; com/bobmowzie/mowziesmobs/client/render/entity/MowzieGeoEntityRenderer.class; assets/mowziesmobs/geo/sculptor_staff.geo.json; assets/mowziesmobs/textures/item/sculptor_staff.png; assets/mowziesmobs/models/item/sculptor_staff.json; com/bobmowzie/mowziesmobs/client/render/entity/layer/ItemLayerSculptorStaff.class; com/bobmowzie/mowziesmobs/client/render/entity/layer/GeckoItemlayer.class; com/bobmowzie/mowziesmobs/client/render/item/RenderSculptorStaff.class; com/bobmowzie/mowziesmobs/client/model/item/ModelSculptorStaff.class; output-mm/proveniencia.json,evidence-mm/mowziesmobs-1.21.1-1.8.2.jar::data/mowziesmobs/loot_table/entities/sculptor_test.json; evidence-mm/decompiled-full/com/bobmowzie/mowziesmobs/server/entity/sculptor/EntitySculptor.java; evidence-mm/decompiled-full/com/bobmowzie/mowziesmobs/server/item/ItemHandler.java; evidence-mm/decompiled-full/com/bobmowzie/mowziesmobs/server/config/ConfigHandler.java,"Não aplicável: uso direto, interação ou sem receita identificada; fontes na linha"
Bluff,Mowzie’s Mobs,Criatura com ataques/alvos próprios na classe,"Spawn configurável em escuro e sem céu; padrão peso 10, grupo 2–3; ConfigHandler.COMMON.MOBS.BLUFF.",Loot de morte,mowziesmobs:bluff_rod,0–1,"morte atribuída ao jogador; pool 1: 1 sorteio(s), peso bruto 1/1; peso condicionado aos candidatos elegíveis; reposição em múltiplos sorteios; set_count ; Saque minecraft:looting: bônus Math.round(nível × sorteio 0–1); limite sem limite explícito",Pagamento padrão (1) para iniciar o teste de Sculptor; ConfigHandler e EntitySculptor.getDesires.,Alta no recurso/código da build auditada; configuração efetiva do pack não confirmada,/images/bestiary/audited/mm/bluff.png,com/bobmowzie/mowziesmobs/client/model/entity/ModelBluff.class; com/bobmowzie/mowziesmobs/client/render/entity/RenderBluff.class; assets/mowziesmobs/textures/entity/bluff.png; assets/mowziesmobs/geo/bluff.geo.json; assets/mowziesmobs/animations/bluff.animation.json; com/bobmowzie/mowziesmobs/client/render/entity/MowzieGeoEntityRenderer.class; output-mm/proveniencia.json,evidence-mm/mowziesmobs-1.21.1-1.8.2.jar::data/mowziesmobs/loot_table/entities/bluff.json; evidence-mm/decompiled-full/com/bobmowzie/mowziesmobs/server/entity/bluff/EntityBluff.java; evidence-mm/decompiled-full/com/bobmowzie/mowziesmobs/server/item/ItemHandler.java; evidence-mm/decompiled-full/com/bobmowzie/mowziesmobs/server/config/ConfigHandler.java,"Não aplicável: uso direto, interação ou sem receita identificada; fontes na linha"
Elokosa Follower Howler,Mowzie’s Mobs,Criatura com ataques/alvos próprios na classe,Criado como seguidor por Elokosa Howler; EntityElokosaFollowerHowler e Howler.,Loot de morte,mowziesmobs:elokosa_paw_new,1,"Tabela herdada EntityElokosa; seleção de fase lunar no código/condições do JSON; sem Saque 33.3%; Saque I 13%, +2 p.p./nível acima de I; NÃO ({""condition"": ""mowziesmobs:night_form""}); pool 1: 1 sorteio(s), peso bruto 1/8; peso condicionado aos candidatos elegíveis; reposição em múltiplos sorteios",Amuleto consumível com durabilidade 3: usar aplica efeito da fase lunar PawType correspondente nas entidades próximas dentro de 10 blocos; gasta 1 durabilidade e aplica cooldown configurável (ItemElokosaPaw). Efeito: Eclipsed.,Alta no recurso/código da build auditada; configuração efetiva do pack não confirmada,/images/bestiary/audited/mm/elokosa-follower-howler-day.png,com/bobmowzie/mowziesmobs/client/model/entity/ModelElokosa.class; com/bobmowzie/mowziesmobs/client/render/entity/RenderElokosa.class; assets/mowziesmobs/textures/entity/elokosa.png; assets/mowziesmobs/geo/elokosa.geo.json; assets/mowziesmobs/animations/elokosa.animation.json; com/bobmowzie/mowziesmobs/client/render/entity/MowzieGeoEntityRenderer.class; assets/mowziesmobs/textures/entity/elokosa_paw_full.png; assets/mowziesmobs/textures/entity/elokosa_glowmask.png; com/bobmowzie/mowziesmobs/client/render/entity/layer/ElokosaHandSymbolGeoLayer.class; com/bobmowzie/mowziesmobs/client/render/entity/layer/ElokosaTransformGeoLayer.class; output-mm/proveniencia.json,evidence-mm/mowziesmobs-1.21.1-1.8.2.jar::data/mowziesmobs/loot_table/entities/elokosa.json; evidence-mm/decompiled-full/com/bobmowzie/mowziesmobs/server/entity/elokosa/PawType.java; evidence-mm/decompiled-full/com/bobmowzie/mowziesmobs/server/item/ItemElokosaPaw.java; evidence-mm/decompiled-full/com/bobmowzie/mowziesmobs/server/item/ItemHandler.java; evidence-mm/decompiled-full/com/bobmowzie/mowziesmobs/server/config/ConfigHandler.java,"Não aplicável: uso direto, interação ou sem receita identificada; fontes na linha"
Elokosa Follower Howler,Mowzie’s Mobs,Criatura com ataques/alvos próprios na classe,Criado como seguidor por Elokosa Howler; EntityElokosaFollowerHowler e Howler.,Loot de morte,mowziesmobs:elokosa_paw_full,1,"Tabela herdada EntityElokosa; seleção de fase lunar no código/condições do JSON; sem Saque 33.3%; Saque I 13%, +2 p.p./nível acima de I; {""condition"": ""mowziesmobs:night_form""}; {""condition"": ""mowziesmobs:moon_phase"", ""value"": 0}; pool 1: 1 sorteio(s), peso bruto 1/8; peso condicionado aos candidatos elegíveis; reposição em múltiplos sorteios",Amuleto consumível com durabilidade 3: usar aplica efeito da fase lunar PawType correspondente nas entidades próximas dentro de 10 blocos; gasta 1 durabilidade e aplica cooldown configurável (ItemElokosaPaw). Efeito: Weakness.,Alta no recurso/código da build auditada; configuração efetiva do pack não confirmada,/images/bestiary/audited/mm/elokosa-follower-howler-day.png,com/bobmowzie/mowziesmobs/client/model/entity/ModelElokosa.class; com/bobmowzie/mowziesmobs/client/render/entity/RenderElokosa.class; assets/mowziesmobs/textures/entity/elokosa.png; assets/mowziesmobs/geo/elokosa.geo.json; assets/mowziesmobs/animations/elokosa.animation.json; com/bobmowzie/mowziesmobs/client/render/entity/MowzieGeoEntityRenderer.class; assets/mowziesmobs/textures/entity/elokosa_paw_full.png; assets/mowziesmobs/textures/entity/elokosa_glowmask.png; com/bobmowzie/mowziesmobs/client/render/entity/layer/ElokosaHandSymbolGeoLayer.class; com/bobmowzie/mowziesmobs/client/render/entity/layer/ElokosaTransformGeoLayer.class; output-mm/proveniencia.json,evidence-mm/mowziesmobs-1.21.1-1.8.2.jar::data/mowziesmobs/loot_table/entities/elokosa.json; evidence-mm/decompiled-full/com/bobmowzie/mowziesmobs/server/entity/elokosa/PawType.java; evidence-mm/decompiled-full/com/bobmowzie/mowziesmobs/server/item/ItemElokosaPaw.java; evidence-mm/decompiled-full/com/bobmowzie/mowziesmobs/server/item/ItemHandler.java; evidence-mm/decompiled-full/com/bobmowzie/mowziesmobs/server/config/ConfigHandler.java,"Não aplicável: uso direto, interação ou sem receita identificada; fontes na linha"
Elokosa Follower Howler,Mowzie’s Mobs,Criatura com ataques/alvos próprios na classe,Criado como seguidor por Elokosa Howler; EntityElokosaFollowerHowler e Howler.,Loot de morte,mowziesmobs:elokosa_paw_gibbous,1,"Tabela herdada EntityElokosa; seleção de fase lunar no código/condições do JSON; sem Saque 33.3%; Saque I 13%, +2 p.p./nível acima de I; {""condition"": ""mowziesmobs:night_form""}; {""condition"": ""mowziesmobs:moon_phase"", ""value"": 1}; pool 1: 1 sorteio(s), peso bruto 1/8; peso condicionado aos candidatos elegíveis; reposição em múltiplos sorteios",Amuleto consumível com durabilidade 3: usar aplica efeito da fase lunar PawType correspondente nas entidades próximas dentro de 10 blocos; gasta 1 durabilidade e aplica cooldown configurável (ItemElokosaPaw). Efeito: Slowness.,Alta no recurso/código da build auditada; configuração efetiva do pack não confirmada,/images/bestiary/audited/mm/elokosa-follower-howler-day.png,com/bobmowzie/mowziesmobs/client/model/entity/ModelElokosa.class; com/bobmowzie/mowziesmobs/client/render/entity/RenderElokosa.class; assets/mowziesmobs/textures/entity/elokosa.png; assets/mowziesmobs/geo/elokosa.geo.json; assets/mowziesmobs/animations/elokosa.animation.json; com/bobmowzie/mowziesmobs/client/render/entity/MowzieGeoEntityRenderer.class; assets/mowziesmobs/textures/entity/elokosa_paw_full.png; assets/mowziesmobs/textures/entity/elokosa_glowmask.png; com/bobmowzie/mowziesmobs/client/render/entity/layer/ElokosaHandSymbolGeoLayer.class; com/bobmowzie/mowziesmobs/client/render/entity/layer/ElokosaTransformGeoLayer.class; output-mm/proveniencia.json,evidence-mm/mowziesmobs-1.21.1-1.8.2.jar::data/mowziesmobs/loot_table/entities/elokosa.json; evidence-mm/decompiled-full/com/bobmowzie/mowziesmobs/server/entity/elokosa/PawType.java; evidence-mm/decompiled-full/com/bobmowzie/mowziesmobs/server/item/ItemElokosaPaw.java; evidence-mm/decompiled-full/com/bobmowzie/mowziesmobs/server/item/ItemHandler.java; evidence-mm/decompiled-full/com/bobmowzie/mowziesmobs/server/config/ConfigHandler.java,"Não aplicável: uso direto, interação ou sem receita identificada; fontes na linha"
Elokosa Follower Howler,Mowzie’s Mobs,Criatura com ataques/alvos próprios na classe,Criado como seguidor por Elokosa Howler; EntityElokosaFollowerHowler e Howler.,Loot de morte,mowziesmobs:elokosa_paw_half,1,"Tabela herdada EntityElokosa; seleção de fase lunar no código/condições do JSON; sem Saque 33.3%; Saque I 13%, +2 p.p./nível acima de I; {""condition"": ""mowziesmobs:night_form""}; {""condition"": ""mowziesmobs:moon_phase"", ""value"": 2}; pool 1: 1 sorteio(s), peso bruto 1/8; peso condicionado aos candidatos elegíveis; reposição em múltiplos sorteios",Amuleto consumível com durabilidade 3: usar aplica efeito da fase lunar PawType correspondente nas entidades próximas dentro de 10 blocos; gasta 1 durabilidade e aplica cooldown configurável (ItemElokosaPaw). Efeito: Mining Fatigue.,Alta no recurso/código da build auditada; configuração efetiva do pack não confirmada,/images/bestiary/audited/mm/elokosa-follower-howler-day.png,com/bobmowzie/mowziesmobs/client/model/entity/ModelElokosa.class; com/bobmowzie/mowziesmobs/client/render/entity/RenderElokosa.class; assets/mowziesmobs/textures/entity/elokosa.png; assets/mowziesmobs/geo/elokosa.geo.json; assets/mowziesmobs/animations/elokosa.animation.json; com/bobmowzie/mowziesmobs/client/render/entity/MowzieGeoEntityRenderer.class; assets/mowziesmobs/textures/entity/elokosa_paw_full.png; assets/mowziesmobs/textures/entity/elokosa_glowmask.png; com/bobmowzie/mowziesmobs/client/render/entity/layer/ElokosaHandSymbolGeoLayer.class; com/bobmowzie/mowziesmobs/client/render/entity/layer/ElokosaTransformGeoLayer.class; output-mm/proveniencia.json,evidence-mm/mowziesmobs-1.21.1-1.8.2.jar::data/mowziesmobs/loot_table/entities/elokosa.json; evidence-mm/decompiled-full/com/bobmowzie/mowziesmobs/server/entity/elokosa/PawType.java; evidence-mm/decompiled-full/com/bobmowzie/mowziesmobs/server/item/ItemElokosaPaw.java; evidence-mm/decompiled-full/com/bobmowzie/mowziesmobs/server/item/ItemHandler.java; evidence-mm/decompiled-full/com/bobmowzie/mowziesmobs/server/config/ConfigHandler.java,"Não aplicável: uso direto, interação ou sem receita identificada; fontes na linha"
Elokosa Follower Howler,Mowzie’s Mobs,Criatura com ataques/alvos próprios na classe,Criado como seguidor por Elokosa Howler; EntityElokosaFollowerHowler e Howler.,Loot de morte,mowziesmobs:elokosa_paw_crescent,1,"Tabela herdada EntityElokosa; seleção de fase lunar no código/condições do JSON; sem Saque 33.3%; Saque I 13%, +2 p.p./nível acima de I; {""condition"": ""mowziesmobs:night_form""}; {""condition"": ""mowziesmobs:moon_phase"", ""value"": 3}; pool 1: 1 sorteio(s), peso bruto 1/8; peso condicionado aos candidatos elegíveis; reposição em múltiplos sorteios",Amuleto consumível com durabilidade 3: usar aplica efeito da fase lunar PawType correspondente nas entidades próximas dentro de 10 blocos; gasta 1 durabilidade e aplica cooldown configurável (ItemElokosaPaw). Efeito: Fragility.,Alta no recurso/código da build auditada; configuração efetiva do pack não confirmada,/images/bestiary/audited/mm/elokosa-follower-howler-day.png,com/bobmowzie/mowziesmobs/client/model/entity/ModelElokosa.class; com/bobmowzie/mowziesmobs/client/render/entity/RenderElokosa.class; assets/mowziesmobs/textures/entity/elokosa.png; assets/mowziesmobs/geo/elokosa.geo.json; assets/mowziesmobs/animations/elokosa.animation.json; com/bobmowzie/mowziesmobs/client/render/entity/MowzieGeoEntityRenderer.class; assets/mowziesmobs/textures/entity/elokosa_paw_full.png; assets/mowziesmobs/textures/entity/elokosa_glowmask.png; com/bobmowzie/mowziesmobs/client/render/entity/layer/ElokosaHandSymbolGeoLayer.class; com/bobmowzie/mowziesmobs/client/render/entity/layer/ElokosaTransformGeoLayer.class; output-mm/proveniencia.json,evidence-mm/mowziesmobs-1.21.1-1.8.2.jar::data/mowziesmobs/loot_table/entities/elokosa.json; evidence-mm/decompiled-full/com/bobmowzie/mowziesmobs/server/entity/elokosa/PawType.java; evidence-mm/decompiled-full/com/bobmowzie/mowziesmobs/server/item/ItemElokosaPaw.java; evidence-mm/decompiled-full/com/bobmowzie/mowziesmobs/server/item/ItemHandler.java; evidence-mm/decompiled-full/com/bobmowzie/mowziesmobs/server/config/ConfigHandler.java,"Não aplicável: uso direto, interação ou sem receita identificada; fontes na linha"
Elokosa Follower Howler,Mowzie’s Mobs,Criatura com ataques/alvos próprios na classe,Criado como seguidor por Elokosa Howler; EntityElokosaFollowerHowler e Howler.,Loot de morte,mowziesmobs:elokosa_paw_crescent,1,"Tabela herdada EntityElokosa; seleção de fase lunar no código/condições do JSON; sem Saque 33.3%; Saque I 13%, +2 p.p./nível acima de I; {""condition"": ""mowziesmobs:night_form""}; {""condition"": ""mowziesmobs:moon_phase"", ""value"": 5}; pool 1: 1 sorteio(s), peso bruto 1/8; peso condicionado aos candidatos elegíveis; reposição em múltiplos sorteios",Amuleto consumível com durabilidade 3: usar aplica efeito da fase lunar PawType correspondente nas entidades próximas dentro de 10 blocos; gasta 1 durabilidade e aplica cooldown configurável (ItemElokosaPaw). Efeito: Fragility.,Alta no recurso/código da build auditada; configuração efetiva do pack não confirmada,/images/bestiary/audited/mm/elokosa-follower-howler-day.png,com/bobmowzie/mowziesmobs/client/model/entity/ModelElokosa.class; com/bobmowzie/mowziesmobs/client/render/entity/RenderElokosa.class; assets/mowziesmobs/textures/entity/elokosa.png; assets/mowziesmobs/geo/elokosa.geo.json; assets/mowziesmobs/animations/elokosa.animation.json; com/bobmowzie/mowziesmobs/client/render/entity/MowzieGeoEntityRenderer.class; assets/mowziesmobs/textures/entity/elokosa_paw_full.png; assets/mowziesmobs/textures/entity/elokosa_glowmask.png; com/bobmowzie/mowziesmobs/client/render/entity/layer/ElokosaHandSymbolGeoLayer.class; com/bobmowzie/mowziesmobs/client/render/entity/layer/ElokosaTransformGeoLayer.class; output-mm/proveniencia.json,evidence-mm/mowziesmobs-1.21.1-1.8.2.jar::data/mowziesmobs/loot_table/entities/elokosa.json; evidence-mm/decompiled-full/com/bobmowzie/mowziesmobs/server/entity/elokosa/PawType.java; evidence-mm/decompiled-full/com/bobmowzie/mowziesmobs/server/item/ItemElokosaPaw.java; evidence-mm/decompiled-full/com/bobmowzie/mowziesmobs/server/item/ItemHandler.java; evidence-mm/decompiled-full/com/bobmowzie/mowziesmobs/server/config/ConfigHandler.java,"Não aplicável: uso direto, interação ou sem receita identificada; fontes na linha"
Elokosa Follower Howler,Mowzie’s Mobs,Criatura com ataques/alvos próprios na classe,Criado como seguidor por Elokosa Howler; EntityElokosaFollowerHowler e Howler.,Loot de morte,mowziesmobs:elokosa_paw_half,1,"Tabela herdada EntityElokosa; seleção de fase lunar no código/condições do JSON; sem Saque 33.3%; Saque I 13%, +2 p.p./nível acima de I; {""condition"": ""mowziesmobs:night_form""}; {""condition"": ""mowziesmobs:moon_phase"", ""value"": 6}; pool 1: 1 sorteio(s), peso bruto 1/8; peso condicionado aos candidatos elegíveis; reposição em múltiplos sorteios",Amuleto consumível com durabilidade 3: usar aplica efeito da fase lunar PawType correspondente nas entidades próximas dentro de 10 blocos; gasta 1 durabilidade e aplica cooldown configurável (ItemElokosaPaw). Efeito: Mining Fatigue.,Alta no recurso/código da build auditada; configuração efetiva do pack não confirmada,/images/bestiary/audited/mm/elokosa-follower-howler-day.png,com/bobmowzie/mowziesmobs/client/model/entity/ModelElokosa.class; com/bobmowzie/mowziesmobs/client/render/entity/RenderElokosa.class; assets/mowziesmobs/textures/entity/elokosa.png; assets/mowziesmobs/geo/elokosa.geo.json; assets/mowziesmobs/animations/elokosa.animation.json; com/bobmowzie/mowziesmobs/client/render/entity/MowzieGeoEntityRenderer.class; assets/mowziesmobs/textures/entity/elokosa_paw_full.png; assets/mowziesmobs/textures/entity/elokosa_glowmask.png; com/bobmowzie/mowziesmobs/client/render/entity/layer/ElokosaHandSymbolGeoLayer.class; com/bobmowzie/mowziesmobs/client/render/entity/layer/ElokosaTransformGeoLayer.class; output-mm/proveniencia.json,evidence-mm/mowziesmobs-1.21.1-1.8.2.jar::data/mowziesmobs/loot_table/entities/elokosa.json; evidence-mm/decompiled-full/com/bobmowzie/mowziesmobs/server/entity/elokosa/PawType.java; evidence-mm/decompiled-full/com/bobmowzie/mowziesmobs/server/item/ItemElokosaPaw.java; evidence-mm/decompiled-full/com/bobmowzie/mowziesmobs/server/item/ItemHandler.java; evidence-mm/decompiled-full/com/bobmowzie/mowziesmobs/server/config/ConfigHandler.java,"Não aplicável: uso direto, interação ou sem receita identificada; fontes na linha"
Elokosa Follower Howler,Mowzie’s Mobs,Criatura com ataques/alvos próprios na classe,Criado como seguidor por Elokosa Howler; EntityElokosaFollowerHowler e Howler.,Loot de morte,mowziesmobs:elokosa_paw_gibbous,1,"Tabela herdada EntityElokosa; seleção de fase lunar no código/condições do JSON; sem Saque 33.3%; Saque I 13%, +2 p.p./nível acima de I; {""condition"": ""mowziesmobs:night_form""}; {""condition"": ""mowziesmobs:moon_phase"", ""value"": 7}; pool 1: 1 sorteio(s), peso bruto 1/8; peso condicionado aos candidatos elegíveis; reposição em múltiplos sorteios",Amuleto consumível com durabilidade 3: usar aplica efeito da fase lunar PawType correspondente nas entidades próximas dentro de 10 blocos; gasta 1 durabilidade e aplica cooldown configurável (ItemElokosaPaw). Efeito: Slowness.,Alta no recurso/código da build auditada; configuração efetiva do pack não confirmada,/images/bestiary/audited/mm/elokosa-follower-howler-day.png,com/bobmowzie/mowziesmobs/client/model/entity/ModelElokosa.class; com/bobmowzie/mowziesmobs/client/render/entity/RenderElokosa.class; assets/mowziesmobs/textures/entity/elokosa.png; assets/mowziesmobs/geo/elokosa.geo.json; assets/mowziesmobs/animations/elokosa.animation.json; com/bobmowzie/mowziesmobs/client/render/entity/MowzieGeoEntityRenderer.class; assets/mowziesmobs/textures/entity/elokosa_paw_full.png; assets/mowziesmobs/textures/entity/elokosa_glowmask.png; com/bobmowzie/mowziesmobs/client/render/entity/layer/ElokosaHandSymbolGeoLayer.class; com/bobmowzie/mowziesmobs/client/render/entity/layer/ElokosaTransformGeoLayer.class; output-mm/proveniencia.json,evidence-mm/mowziesmobs-1.21.1-1.8.2.jar::data/mowziesmobs/loot_table/entities/elokosa.json; evidence-mm/decompiled-full/com/bobmowzie/mowziesmobs/server/entity/elokosa/PawType.java; evidence-mm/decompiled-full/com/bobmowzie/mowziesmobs/server/item/ItemElokosaPaw.java; evidence-mm/decompiled-full/com/bobmowzie/mowziesmobs/server/item/ItemHandler.java; evidence-mm/decompiled-full/com/bobmowzie/mowziesmobs/server/config/ConfigHandler.java,"Não aplicável: uso direto, interação ou sem receita identificada; fontes na linha"
Elokosa Howler,Mowzie’s Mobs,Criatura com ataques/alvos próprios na classe,"Spawn em savana, Y≥60, grama/areia; peso5 e grupo1; evita Groves/village/outpost no padrão; ConfigHandler.",Loot de morte,mowziesmobs:elokosa_paw_new,1,"Tabela herdada EntityElokosa; seleção de fase lunar no código/condições do JSON; sem Saque 33.3%; Saque I 13%, +2 p.p./nível acima de I; NÃO ({""condition"": ""mowziesmobs:night_form""}); pool 1: 1 sorteio(s), peso bruto 1/8; peso condicionado aos candidatos elegíveis; reposição em múltiplos sorteios",Amuleto consumível com durabilidade 3: usar aplica efeito da fase lunar PawType correspondente nas entidades próximas dentro de 10 blocos; gasta 1 durabilidade e aplica cooldown configurável (ItemElokosaPaw). Efeito: Eclipsed.,Alta no recurso/código da build auditada; configuração efetiva do pack não confirmada,/images/bestiary/audited/mm/elokosa-howler-day.png,com/bobmowzie/mowziesmobs/client/model/entity/ModelElokosa.class; com/bobmowzie/mowziesmobs/client/render/entity/RenderElokosa.class; assets/mowziesmobs/textures/entity/elokosa_elite.png; assets/mowziesmobs/geo/elokosa.geo.json; assets/mowziesmobs/animations/elokosa.animation.json; com/bobmowzie/mowziesmobs/client/render/entity/MowzieGeoEntityRenderer.class; assets/mowziesmobs/textures/entity/elokosa_paw_full.png; assets/mowziesmobs/textures/entity/elokosa_elite_glowmask.png; com/bobmowzie/mowziesmobs/client/render/entity/layer/ElokosaHandSymbolGeoLayer.class; com/bobmowzie/mowziesmobs/client/render/entity/layer/ElokosaTransformGeoLayer.class; output-mm/proveniencia.json,evidence-mm/mowziesmobs-1.21.1-1.8.2.jar::data/mowziesmobs/loot_table/entities/elokosa.json; evidence-mm/decompiled-full/com/bobmowzie/mowziesmobs/server/entity/elokosa/EntityElokosaHowler.java; evidence-mm/decompiled-full/com/bobmowzie/mowziesmobs/server/entity/elokosa/PawType.java; evidence-mm/decompiled-full/com/bobmowzie/mowziesmobs/server/item/ItemElokosaPaw.java; evidence-mm/decompiled-full/com/bobmowzie/mowziesmobs/server/item/ItemHandler.java; evidence-mm/decompiled-full/com/bobmowzie/mowziesmobs/server/config/ConfigHandler.java,"Não aplicável: uso direto, interação ou sem receita identificada; fontes na linha"
Elokosa Howler,Mowzie’s Mobs,Criatura com ataques/alvos próprios na classe,"Spawn em savana, Y≥60, grama/areia; peso5 e grupo1; evita Groves/village/outpost no padrão; ConfigHandler.",Loot de morte,mowziesmobs:elokosa_paw_full,1,"Tabela herdada EntityElokosa; seleção de fase lunar no código/condições do JSON; sem Saque 33.3%; Saque I 13%, +2 p.p./nível acima de I; {""condition"": ""mowziesmobs:night_form""}; {""condition"": ""mowziesmobs:moon_phase"", ""value"": 0}; pool 1: 1 sorteio(s), peso bruto 1/8; peso condicionado aos candidatos elegíveis; reposição em múltiplos sorteios",Amuleto consumível com durabilidade 3: usar aplica efeito da fase lunar PawType correspondente nas entidades próximas dentro de 10 blocos; gasta 1 durabilidade e aplica cooldown configurável (ItemElokosaPaw). Efeito: Weakness.,Alta no recurso/código da build auditada; configuração efetiva do pack não confirmada,/images/bestiary/audited/mm/elokosa-howler-day.png,com/bobmowzie/mowziesmobs/client/model/entity/ModelElokosa.class; com/bobmowzie/mowziesmobs/client/render/entity/RenderElokosa.class; assets/mowziesmobs/textures/entity/elokosa_elite.png; assets/mowziesmobs/geo/elokosa.geo.json; assets/mowziesmobs/animations/elokosa.animation.json; com/bobmowzie/mowziesmobs/client/render/entity/MowzieGeoEntityRenderer.class; assets/mowziesmobs/textures/entity/elokosa_paw_full.png; assets/mowziesmobs/textures/entity/elokosa_elite_glowmask.png; com/bobmowzie/mowziesmobs/client/render/entity/layer/ElokosaHandSymbolGeoLayer.class; com/bobmowzie/mowziesmobs/client/render/entity/layer/ElokosaTransformGeoLayer.class; output-mm/proveniencia.json,evidence-mm/mowziesmobs-1.21.1-1.8.2.jar::data/mowziesmobs/loot_table/entities/elokosa.json; evidence-mm/decompiled-full/com/bobmowzie/mowziesmobs/server/entity/elokosa/EntityElokosaHowler.java; evidence-mm/decompiled-full/com/bobmowzie/mowziesmobs/server/entity/elokosa/PawType.java; evidence-mm/decompiled-full/com/bobmowzie/mowziesmobs/server/item/ItemElokosaPaw.java; evidence-mm/decompiled-full/com/bobmowzie/mowziesmobs/server/item/ItemHandler.java; evidence-mm/decompiled-full/com/bobmowzie/mowziesmobs/server/config/ConfigHandler.java,"Não aplicável: uso direto, interação ou sem receita identificada; fontes na linha"
Elokosa Howler,Mowzie’s Mobs,Criatura com ataques/alvos próprios na classe,"Spawn em savana, Y≥60, grama/areia; peso5 e grupo1; evita Groves/village/outpost no padrão; ConfigHandler.",Loot de morte,mowziesmobs:elokosa_paw_gibbous,1,"Tabela herdada EntityElokosa; seleção de fase lunar no código/condições do JSON; sem Saque 33.3%; Saque I 13%, +2 p.p./nível acima de I; {""condition"": ""mowziesmobs:night_form""}; {""condition"": ""mowziesmobs:moon_phase"", ""value"": 1}; pool 1: 1 sorteio(s), peso bruto 1/8; peso condicionado aos candidatos elegíveis; reposição em múltiplos sorteios",Amuleto consumível com durabilidade 3: usar aplica efeito da fase lunar PawType correspondente nas entidades próximas dentro de 10 blocos; gasta 1 durabilidade e aplica cooldown configurável (ItemElokosaPaw). Efeito: Slowness.,Alta no recurso/código da build auditada; configuração efetiva do pack não confirmada,/images/bestiary/audited/mm/elokosa-howler-day.png,com/bobmowzie/mowziesmobs/client/model/entity/ModelElokosa.class; com/bobmowzie/mowziesmobs/client/render/entity/RenderElokosa.class; assets/mowziesmobs/textures/entity/elokosa_elite.png; assets/mowziesmobs/geo/elokosa.geo.json; assets/mowziesmobs/animations/elokosa.animation.json; com/bobmowzie/mowziesmobs/client/render/entity/MowzieGeoEntityRenderer.class; assets/mowziesmobs/textures/entity/elokosa_paw_full.png; assets/mowziesmobs/textures/entity/elokosa_elite_glowmask.png; com/bobmowzie/mowziesmobs/client/render/entity/layer/ElokosaHandSymbolGeoLayer.class; com/bobmowzie/mowziesmobs/client/render/entity/layer/ElokosaTransformGeoLayer.class; output-mm/proveniencia.json,evidence-mm/mowziesmobs-1.21.1-1.8.2.jar::data/mowziesmobs/loot_table/entities/elokosa.json; evidence-mm/decompiled-full/com/bobmowzie/mowziesmobs/server/entity/elokosa/EntityElokosaHowler.java; evidence-mm/decompiled-full/com/bobmowzie/mowziesmobs/server/entity/elokosa/PawType.java; evidence-mm/decompiled-full/com/bobmowzie/mowziesmobs/server/item/ItemElokosaPaw.java; evidence-mm/decompiled-full/com/bobmowzie/mowziesmobs/server/item/ItemHandler.java; evidence-mm/decompiled-full/com/bobmowzie/mowziesmobs/server/config/ConfigHandler.java,"Não aplicável: uso direto, interação ou sem receita identificada; fontes na linha"
Elokosa Howler,Mowzie’s Mobs,Criatura com ataques/alvos próprios na classe,"Spawn em savana, Y≥60, grama/areia; peso5 e grupo1; evita Groves/village/outpost no padrão; ConfigHandler.",Loot de morte,mowziesmobs:elokosa_paw_half,1,"Tabela herdada EntityElokosa; seleção de fase lunar no código/condições do JSON; sem Saque 33.3%; Saque I 13%, +2 p.p./nível acima de I; {""condition"": ""mowziesmobs:night_form""}; {""condition"": ""mowziesmobs:moon_phase"", ""value"": 2}; pool 1: 1 sorteio(s), peso bruto 1/8; peso condicionado aos candidatos elegíveis; reposição em múltiplos sorteios",Amuleto consumível com durabilidade 3: usar aplica efeito da fase lunar PawType correspondente nas entidades próximas dentro de 10 blocos; gasta 1 durabilidade e aplica cooldown configurável (ItemElokosaPaw). Efeito: Mining Fatigue.,Alta no recurso/código da build auditada; configuração efetiva do pack não confirmada,/images/bestiary/audited/mm/elokosa-howler-day.png,com/bobmowzie/mowziesmobs/client/model/entity/ModelElokosa.class; com/bobmowzie/mowziesmobs/client/render/entity/RenderElokosa.class; assets/mowziesmobs/textures/entity/elokosa_elite.png; assets/mowziesmobs/geo/elokosa.geo.json; assets/mowziesmobs/animations/elokosa.animation.json; com/bobmowzie/mowziesmobs/client/render/entity/MowzieGeoEntityRenderer.class; assets/mowziesmobs/textures/entity/elokosa_paw_full.png; assets/mowziesmobs/textures/entity/elokosa_elite_glowmask.png; com/bobmowzie/mowziesmobs/client/render/entity/layer/ElokosaHandSymbolGeoLayer.class; com/bobmowzie/mowziesmobs/client/render/entity/layer/ElokosaTransformGeoLayer.class; output-mm/proveniencia.json,evidence-mm/mowziesmobs-1.21.1-1.8.2.jar::data/mowziesmobs/loot_table/entities/elokosa.json; evidence-mm/decompiled-full/com/bobmowzie/mowziesmobs/server/entity/elokosa/EntityElokosaHowler.java; evidence-mm/decompiled-full/com/bobmowzie/mowziesmobs/server/entity/elokosa/PawType.java; evidence-mm/decompiled-full/com/bobmowzie/mowziesmobs/server/item/ItemElokosaPaw.java; evidence-mm/decompiled-full/com/bobmowzie/mowziesmobs/server/item/ItemHandler.java; evidence-mm/decompiled-full/com/bobmowzie/mowziesmobs/server/config/ConfigHandler.java,"Não aplicável: uso direto, interação ou sem receita identificada; fontes na linha"
Elokosa Howler,Mowzie’s Mobs,Criatura com ataques/alvos próprios na classe,"Spawn em savana, Y≥60, grama/areia; peso5 e grupo1; evita Groves/village/outpost no padrão; ConfigHandler.",Loot de morte,mowziesmobs:elokosa_paw_crescent,1,"Tabela herdada EntityElokosa; seleção de fase lunar no código/condições do JSON; sem Saque 33.3%; Saque I 13%, +2 p.p./nível acima de I; {""condition"": ""mowziesmobs:night_form""}; {""condition"": ""mowziesmobs:moon_phase"", ""value"": 3}; pool 1: 1 sorteio(s), peso bruto 1/8; peso condicionado aos candidatos elegíveis; reposição em múltiplos sorteios",Amuleto consumível com durabilidade 3: usar aplica efeito da fase lunar PawType correspondente nas entidades próximas dentro de 10 blocos; gasta 1 durabilidade e aplica cooldown configurável (ItemElokosaPaw). Efeito: Fragility.,Alta no recurso/código da build auditada; configuração efetiva do pack não confirmada,/images/bestiary/audited/mm/elokosa-howler-day.png,com/bobmowzie/mowziesmobs/client/model/entity/ModelElokosa.class; com/bobmowzie/mowziesmobs/client/render/entity/RenderElokosa.class; assets/mowziesmobs/textures/entity/elokosa_elite.png; assets/mowziesmobs/geo/elokosa.geo.json; assets/mowziesmobs/animations/elokosa.animation.json; com/bobmowzie/mowziesmobs/client/render/entity/MowzieGeoEntityRenderer.class; assets/mowziesmobs/textures/entity/elokosa_paw_full.png; assets/mowziesmobs/textures/entity/elokosa_elite_glowmask.png; com/bobmowzie/mowziesmobs/client/render/entity/layer/ElokosaHandSymbolGeoLayer.class; com/bobmowzie/mowziesmobs/client/render/entity/layer/ElokosaTransformGeoLayer.class; output-mm/proveniencia.json,evidence-mm/mowziesmobs-1.21.1-1.8.2.jar::data/mowziesmobs/loot_table/entities/elokosa.json; evidence-mm/decompiled-full/com/bobmowzie/mowziesmobs/server/entity/elokosa/EntityElokosaHowler.java; evidence-mm/decompiled-full/com/bobmowzie/mowziesmobs/server/entity/elokosa/PawType.java; evidence-mm/decompiled-full/com/bobmowzie/mowziesmobs/server/item/ItemElokosaPaw.java; evidence-mm/decompiled-full/com/bobmowzie/mowziesmobs/server/item/ItemHandler.java; evidence-mm/decompiled-full/com/bobmowzie/mowziesmobs/server/config/ConfigHandler.java,"Não aplicável: uso direto, interação ou sem receita identificada; fontes na linha"
Elokosa Howler,Mowzie’s Mobs,Criatura com ataques/alvos próprios na classe,"Spawn em savana, Y≥60, grama/areia; peso5 e grupo1; evita Groves/village/outpost no padrão; ConfigHandler.",Loot de morte,mowziesmobs:elokosa_paw_crescent,1,"Tabela herdada EntityElokosa; seleção de fase lunar no código/condições do JSON; sem Saque 33.3%; Saque I 13%, +2 p.p./nível acima de I; {""condition"": ""mowziesmobs:night_form""}; {""condition"": ""mowziesmobs:moon_phase"", ""value"": 5}; pool 1: 1 sorteio(s), peso bruto 1/8; peso condicionado aos candidatos elegíveis; reposição em múltiplos sorteios",Amuleto consumível com durabilidade 3: usar aplica efeito da fase lunar PawType correspondente nas entidades próximas dentro de 10 blocos; gasta 1 durabilidade e aplica cooldown configurável (ItemElokosaPaw). Efeito: Fragility.,Alta no recurso/código da build auditada; configuração efetiva do pack não confirmada,/images/bestiary/audited/mm/elokosa-howler-day.png,com/bobmowzie/mowziesmobs/client/model/entity/ModelElokosa.class; com/bobmowzie/mowziesmobs/client/render/entity/RenderElokosa.class; assets/mowziesmobs/textures/entity/elokosa_elite.png; assets/mowziesmobs/geo/elokosa.geo.json; assets/mowziesmobs/animations/elokosa.animation.json; com/bobmowzie/mowziesmobs/client/render/entity/MowzieGeoEntityRenderer.class; assets/mowziesmobs/textures/entity/elokosa_paw_full.png; assets/mowziesmobs/textures/entity/elokosa_elite_glowmask.png; com/bobmowzie/mowziesmobs/client/render/entity/layer/ElokosaHandSymbolGeoLayer.class; com/bobmowzie/mowziesmobs/client/render/entity/layer/ElokosaTransformGeoLayer.class; output-mm/proveniencia.json,evidence-mm/mowziesmobs-1.21.1-1.8.2.jar::data/mowziesmobs/loot_table/entities/elokosa.json; evidence-mm/decompiled-full/com/bobmowzie/mowziesmobs/server/entity/elokosa/EntityElokosaHowler.java; evidence-mm/decompiled-full/com/bobmowzie/mowziesmobs/server/entity/elokosa/PawType.java; evidence-mm/decompiled-full/com/bobmowzie/mowziesmobs/server/item/ItemElokosaPaw.java; evidence-mm/decompiled-full/com/bobmowzie/mowziesmobs/server/item/ItemHandler.java; evidence-mm/decompiled-full/com/bobmowzie/mowziesmobs/server/config/ConfigHandler.java,"Não aplicável: uso direto, interação ou sem receita identificada; fontes na linha"
Elokosa Howler,Mowzie’s Mobs,Criatura com ataques/alvos próprios na classe,"Spawn em savana, Y≥60, grama/areia; peso5 e grupo1; evita Groves/village/outpost no padrão; ConfigHandler.",Loot de morte,mowziesmobs:elokosa_paw_half,1,"Tabela herdada EntityElokosa; seleção de fase lunar no código/condições do JSON; sem Saque 33.3%; Saque I 13%, +2 p.p./nível acima de I; {""condition"": ""mowziesmobs:night_form""}; {""condition"": ""mowziesmobs:moon_phase"", ""value"": 6}; pool 1: 1 sorteio(s), peso bruto 1/8; peso condicionado aos candidatos elegíveis; reposição em múltiplos sorteios",Amuleto consumível com durabilidade 3: usar aplica efeito da fase lunar PawType correspondente nas entidades próximas dentro de 10 blocos; gasta 1 durabilidade e aplica cooldown configurável (ItemElokosaPaw). Efeito: Mining Fatigue.,Alta no recurso/código da build auditada; configuração efetiva do pack não confirmada,/images/bestiary/audited/mm/elokosa-howler-day.png,com/bobmowzie/mowziesmobs/client/model/entity/ModelElokosa.class; com/bobmowzie/mowziesmobs/client/render/entity/RenderElokosa.class; assets/mowziesmobs/textures/entity/elokosa_elite.png; assets/mowziesmobs/geo/elokosa.geo.json; assets/mowziesmobs/animations/elokosa.animation.json; com/bobmowzie/mowziesmobs/client/render/entity/MowzieGeoEntityRenderer.class; assets/mowziesmobs/textures/entity/elokosa_paw_full.png; assets/mowziesmobs/textures/entity/elokosa_elite_glowmask.png; com/bobmowzie/mowziesmobs/client/render/entity/layer/ElokosaHandSymbolGeoLayer.class; com/bobmowzie/mowziesmobs/client/render/entity/layer/ElokosaTransformGeoLayer.class; output-mm/proveniencia.json,evidence-mm/mowziesmobs-1.21.1-1.8.2.jar::data/mowziesmobs/loot_table/entities/elokosa.json; evidence-mm/decompiled-full/com/bobmowzie/mowziesmobs/server/entity/elokosa/EntityElokosaHowler.java; evidence-mm/decompiled-full/com/bobmowzie/mowziesmobs/server/entity/elokosa/PawType.java; evidence-mm/decompiled-full/com/bobmowzie/mowziesmobs/server/item/ItemElokosaPaw.java; evidence-mm/decompiled-full/com/bobmowzie/mowziesmobs/server/item/ItemHandler.java; evidence-mm/decompiled-full/com/bobmowzie/mowziesmobs/server/config/ConfigHandler.java,"Não aplicável: uso direto, interação ou sem receita identificada; fontes na linha"
Elokosa Howler,Mowzie’s Mobs,Criatura com ataques/alvos próprios na classe,"Spawn em savana, Y≥60, grama/areia; peso5 e grupo1; evita Groves/village/outpost no padrão; ConfigHandler.",Loot de morte,mowziesmobs:elokosa_paw_gibbous,1,"Tabela herdada EntityElokosa; seleção de fase lunar no código/condições do JSON; sem Saque 33.3%; Saque I 13%, +2 p.p./nível acima de I; {""condition"": ""mowziesmobs:night_form""}; {""condition"": ""mowziesmobs:moon_phase"", ""value"": 7}; pool 1: 1 sorteio(s), peso bruto 1/8; peso condicionado aos candidatos elegíveis; reposição em múltiplos sorteios",Amuleto consumível com durabilidade 3: usar aplica efeito da fase lunar PawType correspondente nas entidades próximas dentro de 10 blocos; gasta 1 durabilidade e aplica cooldown configurável (ItemElokosaPaw). Efeito: Slowness.,Alta no recurso/código da build auditada; configuração efetiva do pack não confirmada,/images/bestiary/audited/mm/elokosa-howler-day.png,com/bobmowzie/mowziesmobs/client/model/entity/ModelElokosa.class; com/bobmowzie/mowziesmobs/client/render/entity/RenderElokosa.class; assets/mowziesmobs/textures/entity/elokosa_elite.png; assets/mowziesmobs/geo/elokosa.geo.json; assets/mowziesmobs/animations/elokosa.animation.json; com/bobmowzie/mowziesmobs/client/render/entity/MowzieGeoEntityRenderer.class; assets/mowziesmobs/textures/entity/elokosa_paw_full.png; assets/mowziesmobs/textures/entity/elokosa_elite_glowmask.png; com/bobmowzie/mowziesmobs/client/render/entity/layer/ElokosaHandSymbolGeoLayer.class; com/bobmowzie/mowziesmobs/client/render/entity/layer/ElokosaTransformGeoLayer.class; output-mm/proveniencia.json,evidence-mm/mowziesmobs-1.21.1-1.8.2.jar::data/mowziesmobs/loot_table/entities/elokosa.json; evidence-mm/decompiled-full/com/bobmowzie/mowziesmobs/server/entity/elokosa/EntityElokosaHowler.java; evidence-mm/decompiled-full/com/bobmowzie/mowziesmobs/server/entity/elokosa/PawType.java; evidence-mm/decompiled-full/com/bobmowzie/mowziesmobs/server/item/ItemElokosaPaw.java; evidence-mm/decompiled-full/com/bobmowzie/mowziesmobs/server/item/ItemHandler.java; evidence-mm/decompiled-full/com/bobmowzie/mowziesmobs/server/config/ConfigHandler.java,"Não aplicável: uso direto, interação ou sem receita identificada; fontes na linha"
