Mob,Mod,Categoria/comportamento,Onde encontrar,Mecanismo,Drop/Recompensa,Quantidade,Chance/condição,Para que serve,Confiança,Imagem,Fonte da imagem,Fontes pesquisadas,Crafting
Adherent,Twilight Forest,Criatura Monster; alvos: Player,"não confirmado: rota natural de sobrevivência ausente após worldgen, estruturas, spawners e classes do commit008085c6. Adherent/Harbinger têm entradas FinalCastleStructure comentadas; apenas registro/SpawnPlacement não cria spawn. Roving Cube também sem inserção ativa localizada. Exceção; não atribuir encontro garantido no castelo.",Tabela de morte vazia,Sem itens no JSON,0,; pools=[]; mecanismos paralelos separados,Não aplicável,Alta nos arquivos versionados; configurações/datapacks externos não confirmados,/images/bestiary/audited/tf/adherent.png,AdherentModel.java; output-tf/proveniencia.json,evidence-final-tf/source.zip::twilightforest-008085c660f1f9fc9aad6376ea0dc8080b3c0629/src/generated/resources/data/twilightforest/loot_table/entities/adherent.json; evidence-final-tf/src/main/java/twilightforest/entity/monster/Adherent.java,Não aplicável: uso direto ou nenhuma receita identificada na build
Adherent,Twilight Forest,Criatura Monster; alvos: Player,"não confirmado: rota natural de sobrevivência ausente após worldgen, estruturas, spawners e classes do commit008085c6. Adherent/Harbinger têm entradas FinalCastleStructure comentadas; apenas registro/SpawnPlacement não cria spawn. Roving Cube também sem inserção ativa localizada. Exceção; não atribuir encontro garantido no castelo.",Bônus global Lifedrain Scepter,minecraft:rotten_flesh,0..2 uniform integer,"2/3 conditional on bonus call; onUseTick count%5==0; target pickable intersected by eye ray<=20, LivingEntity not ArmorStand; hurt(1) accepted; getHealth<=1; non-boss; outside no-flesh tag; ServerLevel and user Player; []",Alimento com risco de Hunger; comércio com clérigo/alimentar lobos,Alta no código/tags; execução/configuração do pack não observada,/images/bestiary/audited/tf/adherent.png,AdherentModel.java; output-tf/proveniencia.json,dados-preservados/calibracao/evidencias-twilight-lifedrain-por-mob-2026-10-01.json; evidence-final-tf/src/main/java/twilightforest/entity/monster/Adherent.java,/bestiary/receitas/tf.html#receita-zombie-scepter | [Receita zombie_scepter](lote-final-2026-10-06/tf-cards-2026-10-06.md#receita-zombie-scepter) — data/twilightforest/recipe/equipment/zombie_scepter.json; [Receita monster_jerky](lote-final-2026-10-06/tf-cards-2026-10-06.md#receita-monster-jerky) — data/twilightforest/recipe/monster_jerky.json
Alpha Yeti,Twilight Forest,Chefe de encontro; alvos: Player,Yeti Cave em Snowy Forest; AlphaYetiSpawnerBlockEntity.,Recompensa chefe: morte/buffer/baú conforme lote2,twilightforest:alpha_yeti_fur,"clamp(6.0 + round(L × Uf[0.0,1.0]) + Ui[1.0,3.0] × (P−1), 0, tamanho máximo da pilha) [somente ajuste ativo]","Escolha com peso 1/1 por rolagem. ; doMobLoot=true; bossDropChests=true → inventário buffer → baú na remoção KILLED. Ponto home válido na dimensão: abaixo do home; senão posição do chefe.; Fluxo BaseTFBoss.; ajustadores coop apenas na configuração habilitada; P=participantes qualificados, padrão NONE. 1.0 roll(s).","Material de equipamento Yeti. Receitas confirmadas: [`yeti_helmet`](#yeti_helmet), [`yeti_chestplate`](#yeti_chestplate), [`yeti_boots`](#yeti_boots), [`yeti_leggings`](#yeti_leggings).","Alta: lote2 definitivo preservado, não reavaliado",/images/bestiary/audited/tf/alpha-yeti.png,; output-tf/proveniencia.json,https://github.com/TeamTwilight/twilightforest/blob/008085c660f1f9fc9aad6376ea0dc8080b3c0629/src/generated/resources/data/twilightforest/loot_table/entities/alpha_yeti.json; dados-preservados/calibracao/evidencias-twilight-chefes-coop-parcial-2026-10-01.json; evidence-final-tf/src/main/java/twilightforest/entity/boss/AlphaYeti.java,/bestiary/receitas/tf.html#receita-yeti-boots | [Receita yeti_boots](lote-final-2026-10-06/tf-cards-2026-10-06.md#receita-yeti-boots) — data/twilightforest/recipe/equipment/yeti_boots.json; [Receita yeti_chestplate](lote-final-2026-10-06/tf-cards-2026-10-06.md#receita-yeti-chestplate) — data/twilightforest/recipe/equipment/yeti_chestplate.json; [Receita yeti_helmet](lote-final-2026-10-06/tf-cards-2026-10-06.md#receita-yeti-helmet) — data/twilightforest/recipe/equipment/yeti_helmet.json; [Receita yeti_leggings](lote-final-2026-10-06/tf-cards-2026-10-06.md#receita-yeti-leggings) — data/twilightforest/recipe/equipment/yeti_leggings.json
Alpha Yeti,Twilight Forest,Chefe de encontro; alvos: Player,Yeti Cave em Snowy Forest; AlphaYetiSpawnerBlockEntity.,Recompensa chefe: morte/buffer/baú conforme lote2,twilightforest:ice_bomb,"clamp(6.0 + round(L × Uf[0.0,1.0]) + Ui[0.0,2.0] × (P−1), 0, tamanho máximo da pilha) [somente ajuste ativo]","Escolha com peso 1/1 por rolagem. ; doMobLoot=true; bossDropChests=true → inventário buffer → baú na remoção KILLED. Ponto home válido na dimensão: abaixo do home; senão posição do chefe.; Fluxo BaseTFBoss.; ajustadores coop apenas na configuração habilitada; P=participantes qualificados, padrão NONE. 1.0 roll(s).",Consumível arremessável/arma de gelo. Receitas confirmadas: [`frosted`](#frosted).,"Alta: lote2 definitivo preservado, não reavaliado",/images/bestiary/audited/tf/alpha-yeti.png,; output-tf/proveniencia.json,https://github.com/TeamTwilight/twilightforest/blob/008085c660f1f9fc9aad6376ea0dc8080b3c0629/src/generated/resources/data/twilightforest/loot_table/entities/alpha_yeti.json; dados-preservados/calibracao/evidencias-twilight-chefes-coop-parcial-2026-10-01.json; evidence-final-tf/src/main/java/twilightforest/entity/boss/AlphaYeti.java,/bestiary/receitas/tf.html#receita-frosted | [Receita frosted](lote-final-2026-10-06/tf-cards-2026-10-06.md#receita-frosted) — data/twilightforest/recipe/jeed/frosted.json
Alpha Yeti,Twilight Forest,Chefe de encontro; alvos: Player,Yeti Cave em Snowy Forest; AlphaYetiSpawnerBlockEntity.,Recompensa chefe: morte/buffer/baú conforme lote2,twilightforest:alpha_yeti_trophy,1,"Escolha com peso 1/1 por rolagem. ; doMobLoot=true; bossDropChests=true → inventário buffer → baú na remoção KILLED. Ponto home válido na dimensão: abaixo do home; senão posição do chefe.; Fluxo BaseTFBoss.; ajustadores coop apenas na configuração habilitada; P=participantes qualificados, padrão NONE. 1.0 roll(s).","Troféu/colecionável e bloco decorativo. Receitas confirmadas: [`alpha_yeti_banner_pattern`](#alpha_yeti_banner_pattern). Aceito no Trophy Pedestal (tag de 8 troféus); com progressão imposta, exige jogador elegível por progress_lich ou criativo a até 16 blocos. Paper +troféu gera Banner Pattern correspondente por recipe abaixo.","Alta: lote2 definitivo preservado, não reavaliado",/images/bestiary/audited/tf/alpha-yeti.png,; output-tf/proveniencia.json,https://github.com/TeamTwilight/twilightforest/blob/008085c660f1f9fc9aad6376ea0dc8080b3c0629/src/generated/resources/data/twilightforest/loot_table/entities/alpha_yeti.json; dados-preservados/calibracao/evidencias-twilight-chefes-coop-parcial-2026-10-01.json; evidence-final-tf/src/main/java/twilightforest/entity/boss/AlphaYeti.java,/bestiary/receitas/tf.html#receita-alpha-yeti-banner-pattern | [Receita alpha_yeti_banner_pattern](lote-final-2026-10-06/tf-cards-2026-10-06.md#receita-alpha-yeti-banner-pattern) — data/twilightforest/recipe/alpha_yeti_banner_pattern.json
Alpha Yeti,Twilight Forest,Chefe de encontro; alvos: Player,Yeti Cave em Snowy Forest; AlphaYetiSpawnerBlockEntity.,Bônus global Lifedrain Scepter,Excluído pela tag lifedrain,0,"0 for this mechanism under resolved tags; onUseTick count%5==0; target pickable intersected by eye ray<=20, LivingEntity not ArmorStand; hurt(1) accepted; getHealth<=1; non-boss; outside no-flesh tag; ServerLevel and user Player; ['boss pela tag c:bosses']",Não aplicável,Alta no código/tags; execução/configuração do pack não observada,/images/bestiary/audited/tf/alpha-yeti.png,; output-tf/proveniencia.json,dados-preservados/calibracao/evidencias-twilight-lifedrain-por-mob-2026-10-01.json; evidence-final-tf/src/main/java/twilightforest/entity/boss/AlphaYeti.java,Não aplicável: uso direto ou nenhuma receita identificada na build
Armored Giant,Twilight Forest,Criatura GiantMiner; comportamento definido na classe e herança citadas,"Rotas ativas de criação/spawner: evidence-final-tf/src/main/java/twilightforest/world/components/structures/trollcave/CloudCastleComponent.java, evidence-final-tf/src/main/java/twilightforest/world/components/structures/type/GiantHouseStructure.java, evidence-final-tf/src/main/java/twilightforest/world/components/structures/type/TrollCaveStructure.java; ",Loot de morte,twilightforest:giant_sword,1,pool1: 1 sorteio(s); reposição se múltiplos rolls; morte atribuída ao jogador; peso bruto 1/1; normaliza apenas entradas elegíveis,"Espada: adiciona2,5 ao alcance de blocos e entidades quando na mão. Aceita Ironwood Ingot para reparo, além da regra herdada. Não atribuir mineração em área a essa espada. Fontes: [`GiantSwordItem`](https://github.com/TeamTwilight/twilightforest/blob/008085c660f1f9fc9aad6376ea0dc8080b3c0629/src/main/java/twilightforest/item/GiantSwordItem.java).",Alta nos arquivos versionados; configurações/datapacks externos não confirmados,/images/bestiary/audited/tf/armored-giant.png,TFGiantRenderer.java; GiantMiner.java; ArmoredGiant.java; giant_tool_base.json; giant_pickaxe.json; giant_sword.json; vanilla/fwp.java; vanilla/steve.png; vanilla/iron_layer_1.png; vanilla/iron_layer_2.png; vanilla/stone_sword.png; output-tf/proveniencia.json,evidence-final-tf/source.zip::twilightforest-008085c660f1f9fc9aad6376ea0dc8080b3c0629/src/generated/resources/data/twilightforest/loot_table/entities/armored_giant.json; evidence-final-tf/src/main/java/twilightforest/entity/monster/ArmoredGiant.java,Não aplicável: uso direto ou nenhuma receita identificada na build
Armored Giant,Twilight Forest,Criatura GiantMiner; comportamento definido na classe e herança citadas,"Rotas ativas de criação/spawner: evidence-final-tf/src/main/java/twilightforest/world/components/structures/trollcave/CloudCastleComponent.java, evidence-final-tf/src/main/java/twilightforest/world/components/structures/type/GiantHouseStructure.java, evidence-final-tf/src/main/java/twilightforest/world/components/structures/type/TrollCaveStructure.java; ",Bônus global Lifedrain Scepter,minecraft:rotten_flesh,0..2 uniform integer,"2/3 conditional on bonus call; onUseTick count%5==0; target pickable intersected by eye ray<=20, LivingEntity not ArmorStand; hurt(1) accepted; getHealth<=1; non-boss; outside no-flesh tag; ServerLevel and user Player; []",Alimento com risco de Hunger; comércio com clérigo/alimentar lobos,Alta no código/tags; execução/configuração do pack não observada,/images/bestiary/audited/tf/armored-giant.png,TFGiantRenderer.java; GiantMiner.java; ArmoredGiant.java; giant_tool_base.json; giant_pickaxe.json; giant_sword.json; vanilla/fwp.java; vanilla/steve.png; vanilla/iron_layer_1.png; vanilla/iron_layer_2.png; vanilla/stone_sword.png; output-tf/proveniencia.json,dados-preservados/calibracao/evidencias-twilight-lifedrain-por-mob-2026-10-01.json; evidence-final-tf/src/main/java/twilightforest/entity/monster/ArmoredGiant.java,/bestiary/receitas/tf.html#receita-zombie-scepter | [Receita zombie_scepter](lote-final-2026-10-06/tf-cards-2026-10-06.md#receita-zombie-scepter) — data/twilightforest/recipe/equipment/zombie_scepter.json; [Receita monster_jerky](lote-final-2026-10-06/tf-cards-2026-10-06.md#receita-monster-jerky) — data/twilightforest/recipe/monster_jerky.json
Bighorn Sheep,Twilight Forest,Sheep/animal de lã,"Bioma clearing (creature); peso 12, grupo 4–4; data/twilightforest/worldgen/biome/clearing.json; Bioma dense_forest (creature); peso 12, grupo 4–4; data/twilightforest/worldgen/biome/dense_forest.json; Bioma dense_mushroom_forest (creature); peso 12, grupo 4–4; data/twilightforest/worldgen/biome/dense_mushroom_forest.json; Bioma enchanted_forest (creature); peso 12, grupo 4–4; data/twilightforest/worldgen/biome/enchanted_forest.json; Bioma firefly_forest (creature); peso 12, grupo 4–4; data/twilightforest/worldgen/biome/firefly_forest.json; Bioma forest (creature); peso 12, grupo 4–4; data/twilightforest/worldgen/biome/forest.json; Bioma highlands (creature); peso 12, grupo 4–4; data/twilightforest/worldgen/biome/highlands.json; Bioma lake (creature); peso 12, grupo 4–4; data/twilightforest/worldgen/biome/lake.json; Bioma mushroom_forest (creature); peso 12, grupo 4–4; data/twilightforest/worldgen/biome/mushroom_forest.json; Bioma oak_savannah (creature); peso 12, grupo 4–4; data/twilightforest/worldgen/biome/oak_savannah.json; Bioma stream (creature); peso 12, grupo 4–4; data/twilightforest/worldgen/biome/stream.json; Rotas ativas de criação/spawner: evidence-final-tf/src/main/java/twilightforest/world/registration/biomes/BiomeHelper.java; ",Morte → tabela vanilla delegada,minecraft:mutton,"Uinteiro[1,2] + bônus Looting","Tabela vanilla sheep também usada pelas 16 tabelas coloridas. Alternativa cozida sob on_fire/smelts_loot. Looting acrescenta round(L × Ufloat[0,1]); L é o nível efetivo no contexto da função. Quantidade zero não gera item.",Alimento cru/cozinhável.,Alta no código/JSON versionado; pack não executado,/images/bestiary/audited/tf/bighorn-sheep-wool.png,BighornModel.java + SheepFurModel.createFurLayer(); bighorn.png + sheep_fur.png; BighornModel.java; bighorn.png; output-tf/proveniencia.json,minecraft:entities/sheep; dados-preservados/calibracao/evidencias-twilight-delegacoes-parcial-2026-10-01.json; registro da entidade citado,/bestiary/receitas/tf.html#receita-mutton-jerky | [Receita mutton_jerky](lote-final-2026-10-06/tf-cards-2026-10-06.md#receita-mutton-jerky) — data/twilightforest/recipe/mutton_jerky.json
Bighorn Sheep,Twilight Forest,Sheep/animal de lã,"Bioma clearing (creature); peso 12, grupo 4–4; data/twilightforest/worldgen/biome/clearing.json; Bioma dense_forest (creature); peso 12, grupo 4–4; data/twilightforest/worldgen/biome/dense_forest.json; Bioma dense_mushroom_forest (creature); peso 12, grupo 4–4; data/twilightforest/worldgen/biome/dense_mushroom_forest.json; Bioma enchanted_forest (creature); peso 12, grupo 4–4; data/twilightforest/worldgen/biome/enchanted_forest.json; Bioma firefly_forest (creature); peso 12, grupo 4–4; data/twilightforest/worldgen/biome/firefly_forest.json; Bioma forest (creature); peso 12, grupo 4–4; data/twilightforest/worldgen/biome/forest.json; Bioma highlands (creature); peso 12, grupo 4–4; data/twilightforest/worldgen/biome/highlands.json; Bioma lake (creature); peso 12, grupo 4–4; data/twilightforest/worldgen/biome/lake.json; Bioma mushroom_forest (creature); peso 12, grupo 4–4; data/twilightforest/worldgen/biome/mushroom_forest.json; Bioma oak_savannah (creature); peso 12, grupo 4–4; data/twilightforest/worldgen/biome/oak_savannah.json; Bioma stream (creature); peso 12, grupo 4–4; data/twilightforest/worldgen/biome/stream.json; Rotas ativas de criação/spawner: evidence-final-tf/src/main/java/twilightforest/world/registration/biomes/BiomeHelper.java; ",Morte → tabela vanilla delegada,minecraft:cooked_mutton,"Uinteiro[1,2] + bônus Looting","Alternativa à entrada mutton, não outra rolagem.",Alimento cozido.,Alta no código/JSON versionado; pack não executado,/images/bestiary/audited/tf/bighorn-sheep-wool.png,BighornModel.java + SheepFurModel.createFurLayer(); bighorn.png + sheep_fur.png; BighornModel.java; bighorn.png; output-tf/proveniencia.json,minecraft:entities/sheep; dados-preservados/calibracao/evidencias-twilight-delegacoes-parcial-2026-10-01.json; registro da entidade citado,[Receitas vanilla1.21.1](lote-final-2026-10-06/receitas-vanilla.json)
Bighorn Sheep,Twilight Forest,Sheep/animal de lã,"Bioma clearing (creature); peso 12, grupo 4–4; data/twilightforest/worldgen/biome/clearing.json; Bioma dense_forest (creature); peso 12, grupo 4–4; data/twilightforest/worldgen/biome/dense_forest.json; Bioma dense_mushroom_forest (creature); peso 12, grupo 4–4; data/twilightforest/worldgen/biome/dense_mushroom_forest.json; Bioma enchanted_forest (creature); peso 12, grupo 4–4; data/twilightforest/worldgen/biome/enchanted_forest.json; Bioma firefly_forest (creature); peso 12, grupo 4–4; data/twilightforest/worldgen/biome/firefly_forest.json; Bioma forest (creature); peso 12, grupo 4–4; data/twilightforest/worldgen/biome/forest.json; Bioma highlands (creature); peso 12, grupo 4–4; data/twilightforest/worldgen/biome/highlands.json; Bioma lake (creature); peso 12, grupo 4–4; data/twilightforest/worldgen/biome/lake.json; Bioma mushroom_forest (creature); peso 12, grupo 4–4; data/twilightforest/worldgen/biome/mushroom_forest.json; Bioma oak_savannah (creature); peso 12, grupo 4–4; data/twilightforest/worldgen/biome/oak_savannah.json; Bioma stream (creature); peso 12, grupo 4–4; data/twilightforest/worldgen/biome/stream.json; Rotas ativas de criação/spawner: evidence-final-tf/src/main/java/twilightforest/world/registration/biomes/BiomeHelper.java; ",Morte → tabela vanilla delegada,minecraft:white_wool,1,Somente não tosquiado e com esta cor; Bighorn.getDefaultLootTable seleciona uma única tabela. Não sortear nem somar as 16 cores.,Bloco de construção; material de receitas abaixo.,Alta no código/JSON versionado; pack não executado,/images/bestiary/audited/tf/bighorn-sheep-wool.png,BighornModel.java + SheepFurModel.createFurLayer(); bighorn.png + sheep_fur.png; BighornModel.java; bighorn.png; output-tf/proveniencia.json,https://github.com/TeamTwilight/twilightforest/blob/008085c660f1f9fc9aad6376ea0dc8080b3c0629/src/generated/resources/data/twilightforest/loot_table/entities/bighorn_sheep/white.json; dados-preservados/calibracao/evidencias-twilight-delegacoes-parcial-2026-10-01.json; registro da entidade citado,[Receitas vanilla1.21.1](lote-final-2026-10-06/receitas-vanilla.json)
Bighorn Sheep,Twilight Forest,Sheep/animal de lã,"Bioma clearing (creature); peso 12, grupo 4–4; data/twilightforest/worldgen/biome/clearing.json; Bioma dense_forest (creature); peso 12, grupo 4–4; data/twilightforest/worldgen/biome/dense_forest.json; Bioma dense_mushroom_forest (creature); peso 12, grupo 4–4; data/twilightforest/worldgen/biome/dense_mushroom_forest.json; Bioma enchanted_forest (creature); peso 12, grupo 4–4; data/twilightforest/worldgen/biome/enchanted_forest.json; Bioma firefly_forest (creature); peso 12, grupo 4–4; data/twilightforest/worldgen/biome/firefly_forest.json; Bioma forest (creature); peso 12, grupo 4–4; data/twilightforest/worldgen/biome/forest.json; Bioma highlands (creature); peso 12, grupo 4–4; data/twilightforest/worldgen/biome/highlands.json; Bioma lake (creature); peso 12, grupo 4–4; data/twilightforest/worldgen/biome/lake.json; Bioma mushroom_forest (creature); peso 12, grupo 4–4; data/twilightforest/worldgen/biome/mushroom_forest.json; Bioma oak_savannah (creature); peso 12, grupo 4–4; data/twilightforest/worldgen/biome/oak_savannah.json; Bioma stream (creature); peso 12, grupo 4–4; data/twilightforest/worldgen/biome/stream.json; Rotas ativas de criação/spawner: evidence-final-tf/src/main/java/twilightforest/world/registration/biomes/BiomeHelper.java; ",Morte → tabela vanilla delegada,minecraft:orange_wool,1,Somente não tosquiado e com esta cor; Bighorn.getDefaultLootTable seleciona uma única tabela. Não sortear nem somar as 16 cores.,Bloco de construção; material de receitas abaixo.,Alta no código/JSON versionado; pack não executado,/images/bestiary/audited/tf/bighorn-sheep-wool.png,BighornModel.java + SheepFurModel.createFurLayer(); bighorn.png + sheep_fur.png; BighornModel.java; bighorn.png; output-tf/proveniencia.json,https://github.com/TeamTwilight/twilightforest/blob/008085c660f1f9fc9aad6376ea0dc8080b3c0629/src/generated/resources/data/twilightforest/loot_table/entities/bighorn_sheep/orange.json; dados-preservados/calibracao/evidencias-twilight-delegacoes-parcial-2026-10-01.json; registro da entidade citado,[Receitas vanilla1.21.1](lote-final-2026-10-06/receitas-vanilla.json)
Bighorn Sheep,Twilight Forest,Sheep/animal de lã,"Bioma clearing (creature); peso 12, grupo 4–4; data/twilightforest/worldgen/biome/clearing.json; Bioma dense_forest (creature); peso 12, grupo 4–4; data/twilightforest/worldgen/biome/dense_forest.json; Bioma dense_mushroom_forest (creature); peso 12, grupo 4–4; data/twilightforest/worldgen/biome/dense_mushroom_forest.json; Bioma enchanted_forest (creature); peso 12, grupo 4–4; data/twilightforest/worldgen/biome/enchanted_forest.json; Bioma firefly_forest (creature); peso 12, grupo 4–4; data/twilightforest/worldgen/biome/firefly_forest.json; Bioma forest (creature); peso 12, grupo 4–4; data/twilightforest/worldgen/biome/forest.json; Bioma highlands (creature); peso 12, grupo 4–4; data/twilightforest/worldgen/biome/highlands.json; Bioma lake (creature); peso 12, grupo 4–4; data/twilightforest/worldgen/biome/lake.json; Bioma mushroom_forest (creature); peso 12, grupo 4–4; data/twilightforest/worldgen/biome/mushroom_forest.json; Bioma oak_savannah (creature); peso 12, grupo 4–4; data/twilightforest/worldgen/biome/oak_savannah.json; Bioma stream (creature); peso 12, grupo 4–4; data/twilightforest/worldgen/biome/stream.json; Rotas ativas de criação/spawner: evidence-final-tf/src/main/java/twilightforest/world/registration/biomes/BiomeHelper.java; ",Morte → tabela vanilla delegada,minecraft:magenta_wool,1,Somente não tosquiado e com esta cor; Bighorn.getDefaultLootTable seleciona uma única tabela. Não sortear nem somar as 16 cores.,Bloco de construção; material de receitas abaixo.,Alta no código/JSON versionado; pack não executado,/images/bestiary/audited/tf/bighorn-sheep-wool.png,BighornModel.java + SheepFurModel.createFurLayer(); bighorn.png + sheep_fur.png; BighornModel.java; bighorn.png; output-tf/proveniencia.json,https://github.com/TeamTwilight/twilightforest/blob/008085c660f1f9fc9aad6376ea0dc8080b3c0629/src/generated/resources/data/twilightforest/loot_table/entities/bighorn_sheep/magenta.json; dados-preservados/calibracao/evidencias-twilight-delegacoes-parcial-2026-10-01.json; registro da entidade citado,[Receitas vanilla1.21.1](lote-final-2026-10-06/receitas-vanilla.json)
Bighorn Sheep,Twilight Forest,Sheep/animal de lã,"Bioma clearing (creature); peso 12, grupo 4–4; data/twilightforest/worldgen/biome/clearing.json; Bioma dense_forest (creature); peso 12, grupo 4–4; data/twilightforest/worldgen/biome/dense_forest.json; Bioma dense_mushroom_forest (creature); peso 12, grupo 4–4; data/twilightforest/worldgen/biome/dense_mushroom_forest.json; Bioma enchanted_forest (creature); peso 12, grupo 4–4; data/twilightforest/worldgen/biome/enchanted_forest.json; Bioma firefly_forest (creature); peso 12, grupo 4–4; data/twilightforest/worldgen/biome/firefly_forest.json; Bioma forest (creature); peso 12, grupo 4–4; data/twilightforest/worldgen/biome/forest.json; Bioma highlands (creature); peso 12, grupo 4–4; data/twilightforest/worldgen/biome/highlands.json; Bioma lake (creature); peso 12, grupo 4–4; data/twilightforest/worldgen/biome/lake.json; Bioma mushroom_forest (creature); peso 12, grupo 4–4; data/twilightforest/worldgen/biome/mushroom_forest.json; Bioma oak_savannah (creature); peso 12, grupo 4–4; data/twilightforest/worldgen/biome/oak_savannah.json; Bioma stream (creature); peso 12, grupo 4–4; data/twilightforest/worldgen/biome/stream.json; Rotas ativas de criação/spawner: evidence-final-tf/src/main/java/twilightforest/world/registration/biomes/BiomeHelper.java; ",Morte → tabela vanilla delegada,minecraft:light_blue_wool,1,Somente não tosquiado e com esta cor; Bighorn.getDefaultLootTable seleciona uma única tabela. Não sortear nem somar as 16 cores.,Bloco de construção; material de receitas abaixo.,Alta no código/JSON versionado; pack não executado,/images/bestiary/audited/tf/bighorn-sheep-wool.png,BighornModel.java + SheepFurModel.createFurLayer(); bighorn.png + sheep_fur.png; BighornModel.java; bighorn.png; output-tf/proveniencia.json,https://github.com/TeamTwilight/twilightforest/blob/008085c660f1f9fc9aad6376ea0dc8080b3c0629/src/generated/resources/data/twilightforest/loot_table/entities/bighorn_sheep/light_blue.json; dados-preservados/calibracao/evidencias-twilight-delegacoes-parcial-2026-10-01.json; registro da entidade citado,[Receitas vanilla1.21.1](lote-final-2026-10-06/receitas-vanilla.json)
Bighorn Sheep,Twilight Forest,Sheep/animal de lã,"Bioma clearing (creature); peso 12, grupo 4–4; data/twilightforest/worldgen/biome/clearing.json; Bioma dense_forest (creature); peso 12, grupo 4–4; data/twilightforest/worldgen/biome/dense_forest.json; Bioma dense_mushroom_forest (creature); peso 12, grupo 4–4; data/twilightforest/worldgen/biome/dense_mushroom_forest.json; Bioma enchanted_forest (creature); peso 12, grupo 4–4; data/twilightforest/worldgen/biome/enchanted_forest.json; Bioma firefly_forest (creature); peso 12, grupo 4–4; data/twilightforest/worldgen/biome/firefly_forest.json; Bioma forest (creature); peso 12, grupo 4–4; data/twilightforest/worldgen/biome/forest.json; Bioma highlands (creature); peso 12, grupo 4–4; data/twilightforest/worldgen/biome/highlands.json; Bioma lake (creature); peso 12, grupo 4–4; data/twilightforest/worldgen/biome/lake.json; Bioma mushroom_forest (creature); peso 12, grupo 4–4; data/twilightforest/worldgen/biome/mushroom_forest.json; Bioma oak_savannah (creature); peso 12, grupo 4–4; data/twilightforest/worldgen/biome/oak_savannah.json; Bioma stream (creature); peso 12, grupo 4–4; data/twilightforest/worldgen/biome/stream.json; Rotas ativas de criação/spawner: evidence-final-tf/src/main/java/twilightforest/world/registration/biomes/BiomeHelper.java; ",Morte → tabela vanilla delegada,minecraft:yellow_wool,1,Somente não tosquiado e com esta cor; Bighorn.getDefaultLootTable seleciona uma única tabela. Não sortear nem somar as 16 cores.,Bloco de construção; material de receitas abaixo.,Alta no código/JSON versionado; pack não executado,/images/bestiary/audited/tf/bighorn-sheep-wool.png,BighornModel.java + SheepFurModel.createFurLayer(); bighorn.png + sheep_fur.png; BighornModel.java; bighorn.png; output-tf/proveniencia.json,https://github.com/TeamTwilight/twilightforest/blob/008085c660f1f9fc9aad6376ea0dc8080b3c0629/src/generated/resources/data/twilightforest/loot_table/entities/bighorn_sheep/yellow.json; dados-preservados/calibracao/evidencias-twilight-delegacoes-parcial-2026-10-01.json; registro da entidade citado,[Receitas vanilla1.21.1](lote-final-2026-10-06/receitas-vanilla.json)
Bighorn Sheep,Twilight Forest,Sheep/animal de lã,"Bioma clearing (creature); peso 12, grupo 4–4; data/twilightforest/worldgen/biome/clearing.json; Bioma dense_forest (creature); peso 12, grupo 4–4; data/twilightforest/worldgen/biome/dense_forest.json; Bioma dense_mushroom_forest (creature); peso 12, grupo 4–4; data/twilightforest/worldgen/biome/dense_mushroom_forest.json; Bioma enchanted_forest (creature); peso 12, grupo 4–4; data/twilightforest/worldgen/biome/enchanted_forest.json; Bioma firefly_forest (creature); peso 12, grupo 4–4; data/twilightforest/worldgen/biome/firefly_forest.json; Bioma forest (creature); peso 12, grupo 4–4; data/twilightforest/worldgen/biome/forest.json; Bioma highlands (creature); peso 12, grupo 4–4; data/twilightforest/worldgen/biome/highlands.json; Bioma lake (creature); peso 12, grupo 4–4; data/twilightforest/worldgen/biome/lake.json; Bioma mushroom_forest (creature); peso 12, grupo 4–4; data/twilightforest/worldgen/biome/mushroom_forest.json; Bioma oak_savannah (creature); peso 12, grupo 4–4; data/twilightforest/worldgen/biome/oak_savannah.json; Bioma stream (creature); peso 12, grupo 4–4; data/twilightforest/worldgen/biome/stream.json; Rotas ativas de criação/spawner: evidence-final-tf/src/main/java/twilightforest/world/registration/biomes/BiomeHelper.java; ",Morte → tabela vanilla delegada,minecraft:lime_wool,1,Somente não tosquiado e com esta cor; Bighorn.getDefaultLootTable seleciona uma única tabela. Não sortear nem somar as 16 cores.,Bloco de construção; material de receitas abaixo.,Alta no código/JSON versionado; pack não executado,/images/bestiary/audited/tf/bighorn-sheep-wool.png,BighornModel.java + SheepFurModel.createFurLayer(); bighorn.png + sheep_fur.png; BighornModel.java; bighorn.png; output-tf/proveniencia.json,https://github.com/TeamTwilight/twilightforest/blob/008085c660f1f9fc9aad6376ea0dc8080b3c0629/src/generated/resources/data/twilightforest/loot_table/entities/bighorn_sheep/lime.json; dados-preservados/calibracao/evidencias-twilight-delegacoes-parcial-2026-10-01.json; registro da entidade citado,[Receitas vanilla1.21.1](lote-final-2026-10-06/receitas-vanilla.json)
Bighorn Sheep,Twilight Forest,Sheep/animal de lã,"Bioma clearing (creature); peso 12, grupo 4–4; data/twilightforest/worldgen/biome/clearing.json; Bioma dense_forest (creature); peso 12, grupo 4–4; data/twilightforest/worldgen/biome/dense_forest.json; Bioma dense_mushroom_forest (creature); peso 12, grupo 4–4; data/twilightforest/worldgen/biome/dense_mushroom_forest.json; Bioma enchanted_forest (creature); peso 12, grupo 4–4; data/twilightforest/worldgen/biome/enchanted_forest.json; Bioma firefly_forest (creature); peso 12, grupo 4–4; data/twilightforest/worldgen/biome/firefly_forest.json; Bioma forest (creature); peso 12, grupo 4–4; data/twilightforest/worldgen/biome/forest.json; Bioma highlands (creature); peso 12, grupo 4–4; data/twilightforest/worldgen/biome/highlands.json; Bioma lake (creature); peso 12, grupo 4–4; data/twilightforest/worldgen/biome/lake.json; Bioma mushroom_forest (creature); peso 12, grupo 4–4; data/twilightforest/worldgen/biome/mushroom_forest.json; Bioma oak_savannah (creature); peso 12, grupo 4–4; data/twilightforest/worldgen/biome/oak_savannah.json; Bioma stream (creature); peso 12, grupo 4–4; data/twilightforest/worldgen/biome/stream.json; Rotas ativas de criação/spawner: evidence-final-tf/src/main/java/twilightforest/world/registration/biomes/BiomeHelper.java; ",Morte → tabela vanilla delegada,minecraft:pink_wool,1,Somente não tosquiado e com esta cor; Bighorn.getDefaultLootTable seleciona uma única tabela. Não sortear nem somar as 16 cores.,Bloco de construção; material de receitas abaixo.,Alta no código/JSON versionado; pack não executado,/images/bestiary/audited/tf/bighorn-sheep-wool.png,BighornModel.java + SheepFurModel.createFurLayer(); bighorn.png + sheep_fur.png; BighornModel.java; bighorn.png; output-tf/proveniencia.json,https://github.com/TeamTwilight/twilightforest/blob/008085c660f1f9fc9aad6376ea0dc8080b3c0629/src/generated/resources/data/twilightforest/loot_table/entities/bighorn_sheep/pink.json; dados-preservados/calibracao/evidencias-twilight-delegacoes-parcial-2026-10-01.json; registro da entidade citado,[Receitas vanilla1.21.1](lote-final-2026-10-06/receitas-vanilla.json)
Bighorn Sheep,Twilight Forest,Sheep/animal de lã,"Bioma clearing (creature); peso 12, grupo 4–4; data/twilightforest/worldgen/biome/clearing.json; Bioma dense_forest (creature); peso 12, grupo 4–4; data/twilightforest/worldgen/biome/dense_forest.json; Bioma dense_mushroom_forest (creature); peso 12, grupo 4–4; data/twilightforest/worldgen/biome/dense_mushroom_forest.json; Bioma enchanted_forest (creature); peso 12, grupo 4–4; data/twilightforest/worldgen/biome/enchanted_forest.json; Bioma firefly_forest (creature); peso 12, grupo 4–4; data/twilightforest/worldgen/biome/firefly_forest.json; Bioma forest (creature); peso 12, grupo 4–4; data/twilightforest/worldgen/biome/forest.json; Bioma highlands (creature); peso 12, grupo 4–4; data/twilightforest/worldgen/biome/highlands.json; Bioma lake (creature); peso 12, grupo 4–4; data/twilightforest/worldgen/biome/lake.json; Bioma mushroom_forest (creature); peso 12, grupo 4–4; data/twilightforest/worldgen/biome/mushroom_forest.json; Bioma oak_savannah (creature); peso 12, grupo 4–4; data/twilightforest/worldgen/biome/oak_savannah.json; Bioma stream (creature); peso 12, grupo 4–4; data/twilightforest/worldgen/biome/stream.json; Rotas ativas de criação/spawner: evidence-final-tf/src/main/java/twilightforest/world/registration/biomes/BiomeHelper.java; ",Morte → tabela vanilla delegada,minecraft:gray_wool,1,Somente não tosquiado e com esta cor; Bighorn.getDefaultLootTable seleciona uma única tabela. Não sortear nem somar as 16 cores.,Bloco de construção; material de receitas abaixo.,Alta no código/JSON versionado; pack não executado,/images/bestiary/audited/tf/bighorn-sheep-wool.png,BighornModel.java + SheepFurModel.createFurLayer(); bighorn.png + sheep_fur.png; BighornModel.java; bighorn.png; output-tf/proveniencia.json,https://github.com/TeamTwilight/twilightforest/blob/008085c660f1f9fc9aad6376ea0dc8080b3c0629/src/generated/resources/data/twilightforest/loot_table/entities/bighorn_sheep/gray.json; dados-preservados/calibracao/evidencias-twilight-delegacoes-parcial-2026-10-01.json; registro da entidade citado,[Receitas vanilla1.21.1](lote-final-2026-10-06/receitas-vanilla.json)
Bighorn Sheep,Twilight Forest,Sheep/animal de lã,"Bioma clearing (creature); peso 12, grupo 4–4; data/twilightforest/worldgen/biome/clearing.json; Bioma dense_forest (creature); peso 12, grupo 4–4; data/twilightforest/worldgen/biome/dense_forest.json; Bioma dense_mushroom_forest (creature); peso 12, grupo 4–4; data/twilightforest/worldgen/biome/dense_mushroom_forest.json; Bioma enchanted_forest (creature); peso 12, grupo 4–4; data/twilightforest/worldgen/biome/enchanted_forest.json; Bioma firefly_forest (creature); peso 12, grupo 4–4; data/twilightforest/worldgen/biome/firefly_forest.json; Bioma forest (creature); peso 12, grupo 4–4; data/twilightforest/worldgen/biome/forest.json; Bioma highlands (creature); peso 12, grupo 4–4; data/twilightforest/worldgen/biome/highlands.json; Bioma lake (creature); peso 12, grupo 4–4; data/twilightforest/worldgen/biome/lake.json; Bioma mushroom_forest (creature); peso 12, grupo 4–4; data/twilightforest/worldgen/biome/mushroom_forest.json; Bioma oak_savannah (creature); peso 12, grupo 4–4; data/twilightforest/worldgen/biome/oak_savannah.json; Bioma stream (creature); peso 12, grupo 4–4; data/twilightforest/worldgen/biome/stream.json; Rotas ativas de criação/spawner: evidence-final-tf/src/main/java/twilightforest/world/registration/biomes/BiomeHelper.java; ",Morte → tabela vanilla delegada,minecraft:light_gray_wool,1,Somente não tosquiado e com esta cor; Bighorn.getDefaultLootTable seleciona uma única tabela. Não sortear nem somar as 16 cores.,Bloco de construção; material de receitas abaixo.,Alta no código/JSON versionado; pack não executado,/images/bestiary/audited/tf/bighorn-sheep-wool.png,BighornModel.java + SheepFurModel.createFurLayer(); bighorn.png + sheep_fur.png; BighornModel.java; bighorn.png; output-tf/proveniencia.json,https://github.com/TeamTwilight/twilightforest/blob/008085c660f1f9fc9aad6376ea0dc8080b3c0629/src/generated/resources/data/twilightforest/loot_table/entities/bighorn_sheep/light_gray.json; dados-preservados/calibracao/evidencias-twilight-delegacoes-parcial-2026-10-01.json; registro da entidade citado,[Receitas vanilla1.21.1](lote-final-2026-10-06/receitas-vanilla.json)
Bighorn Sheep,Twilight Forest,Sheep/animal de lã,"Bioma clearing (creature); peso 12, grupo 4–4; data/twilightforest/worldgen/biome/clearing.json; Bioma dense_forest (creature); peso 12, grupo 4–4; data/twilightforest/worldgen/biome/dense_forest.json; Bioma dense_mushroom_forest (creature); peso 12, grupo 4–4; data/twilightforest/worldgen/biome/dense_mushroom_forest.json; Bioma enchanted_forest (creature); peso 12, grupo 4–4; data/twilightforest/worldgen/biome/enchanted_forest.json; Bioma firefly_forest (creature); peso 12, grupo 4–4; data/twilightforest/worldgen/biome/firefly_forest.json; Bioma forest (creature); peso 12, grupo 4–4; data/twilightforest/worldgen/biome/forest.json; Bioma highlands (creature); peso 12, grupo 4–4; data/twilightforest/worldgen/biome/highlands.json; Bioma lake (creature); peso 12, grupo 4–4; data/twilightforest/worldgen/biome/lake.json; Bioma mushroom_forest (creature); peso 12, grupo 4–4; data/twilightforest/worldgen/biome/mushroom_forest.json; Bioma oak_savannah (creature); peso 12, grupo 4–4; data/twilightforest/worldgen/biome/oak_savannah.json; Bioma stream (creature); peso 12, grupo 4–4; data/twilightforest/worldgen/biome/stream.json; Rotas ativas de criação/spawner: evidence-final-tf/src/main/java/twilightforest/world/registration/biomes/BiomeHelper.java; ",Morte → tabela vanilla delegada,minecraft:cyan_wool,1,Somente não tosquiado e com esta cor; Bighorn.getDefaultLootTable seleciona uma única tabela. Não sortear nem somar as 16 cores.,Bloco de construção; material de receitas abaixo.,Alta no código/JSON versionado; pack não executado,/images/bestiary/audited/tf/bighorn-sheep-wool.png,BighornModel.java + SheepFurModel.createFurLayer(); bighorn.png + sheep_fur.png; BighornModel.java; bighorn.png; output-tf/proveniencia.json,https://github.com/TeamTwilight/twilightforest/blob/008085c660f1f9fc9aad6376ea0dc8080b3c0629/src/generated/resources/data/twilightforest/loot_table/entities/bighorn_sheep/cyan.json; dados-preservados/calibracao/evidencias-twilight-delegacoes-parcial-2026-10-01.json; registro da entidade citado,[Receitas vanilla1.21.1](lote-final-2026-10-06/receitas-vanilla.json)
Bighorn Sheep,Twilight Forest,Sheep/animal de lã,"Bioma clearing (creature); peso 12, grupo 4–4; data/twilightforest/worldgen/biome/clearing.json; Bioma dense_forest (creature); peso 12, grupo 4–4; data/twilightforest/worldgen/biome/dense_forest.json; Bioma dense_mushroom_forest (creature); peso 12, grupo 4–4; data/twilightforest/worldgen/biome/dense_mushroom_forest.json; Bioma enchanted_forest (creature); peso 12, grupo 4–4; data/twilightforest/worldgen/biome/enchanted_forest.json; Bioma firefly_forest (creature); peso 12, grupo 4–4; data/twilightforest/worldgen/biome/firefly_forest.json; Bioma forest (creature); peso 12, grupo 4–4; data/twilightforest/worldgen/biome/forest.json; Bioma highlands (creature); peso 12, grupo 4–4; data/twilightforest/worldgen/biome/highlands.json; Bioma lake (creature); peso 12, grupo 4–4; data/twilightforest/worldgen/biome/lake.json; Bioma mushroom_forest (creature); peso 12, grupo 4–4; data/twilightforest/worldgen/biome/mushroom_forest.json; Bioma oak_savannah (creature); peso 12, grupo 4–4; data/twilightforest/worldgen/biome/oak_savannah.json; Bioma stream (creature); peso 12, grupo 4–4; data/twilightforest/worldgen/biome/stream.json; Rotas ativas de criação/spawner: evidence-final-tf/src/main/java/twilightforest/world/registration/biomes/BiomeHelper.java; ",Morte → tabela vanilla delegada,minecraft:purple_wool,1,Somente não tosquiado e com esta cor; Bighorn.getDefaultLootTable seleciona uma única tabela. Não sortear nem somar as 16 cores.,Bloco de construção; material de receitas abaixo.,Alta no código/JSON versionado; pack não executado,/images/bestiary/audited/tf/bighorn-sheep-wool.png,BighornModel.java + SheepFurModel.createFurLayer(); bighorn.png + sheep_fur.png; BighornModel.java; bighorn.png; output-tf/proveniencia.json,https://github.com/TeamTwilight/twilightforest/blob/008085c660f1f9fc9aad6376ea0dc8080b3c0629/src/generated/resources/data/twilightforest/loot_table/entities/bighorn_sheep/purple.json; dados-preservados/calibracao/evidencias-twilight-delegacoes-parcial-2026-10-01.json; registro da entidade citado,[Receitas vanilla1.21.1](lote-final-2026-10-06/receitas-vanilla.json)
Bighorn Sheep,Twilight Forest,Sheep/animal de lã,"Bioma clearing (creature); peso 12, grupo 4–4; data/twilightforest/worldgen/biome/clearing.json; Bioma dense_forest (creature); peso 12, grupo 4–4; data/twilightforest/worldgen/biome/dense_forest.json; Bioma dense_mushroom_forest (creature); peso 12, grupo 4–4; data/twilightforest/worldgen/biome/dense_mushroom_forest.json; Bioma enchanted_forest (creature); peso 12, grupo 4–4; data/twilightforest/worldgen/biome/enchanted_forest.json; Bioma firefly_forest (creature); peso 12, grupo 4–4; data/twilightforest/worldgen/biome/firefly_forest.json; Bioma forest (creature); peso 12, grupo 4–4; data/twilightforest/worldgen/biome/forest.json; Bioma highlands (creature); peso 12, grupo 4–4; data/twilightforest/worldgen/biome/highlands.json; Bioma lake (creature); peso 12, grupo 4–4; data/twilightforest/worldgen/biome/lake.json; Bioma mushroom_forest (creature); peso 12, grupo 4–4; data/twilightforest/worldgen/biome/mushroom_forest.json; Bioma oak_savannah (creature); peso 12, grupo 4–4; data/twilightforest/worldgen/biome/oak_savannah.json; Bioma stream (creature); peso 12, grupo 4–4; data/twilightforest/worldgen/biome/stream.json; Rotas ativas de criação/spawner: evidence-final-tf/src/main/java/twilightforest/world/registration/biomes/BiomeHelper.java; ",Morte → tabela vanilla delegada,minecraft:blue_wool,1,Somente não tosquiado e com esta cor; Bighorn.getDefaultLootTable seleciona uma única tabela. Não sortear nem somar as 16 cores.,Bloco de construção; material de receitas abaixo.,Alta no código/JSON versionado; pack não executado,/images/bestiary/audited/tf/bighorn-sheep-wool.png,BighornModel.java + SheepFurModel.createFurLayer(); bighorn.png + sheep_fur.png; BighornModel.java; bighorn.png; output-tf/proveniencia.json,https://github.com/TeamTwilight/twilightforest/blob/008085c660f1f9fc9aad6376ea0dc8080b3c0629/src/generated/resources/data/twilightforest/loot_table/entities/bighorn_sheep/blue.json; dados-preservados/calibracao/evidencias-twilight-delegacoes-parcial-2026-10-01.json; registro da entidade citado,[Receitas vanilla1.21.1](lote-final-2026-10-06/receitas-vanilla.json)
Bighorn Sheep,Twilight Forest,Sheep/animal de lã,"Bioma clearing (creature); peso 12, grupo 4–4; data/twilightforest/worldgen/biome/clearing.json; Bioma dense_forest (creature); peso 12, grupo 4–4; data/twilightforest/worldgen/biome/dense_forest.json; Bioma dense_mushroom_forest (creature); peso 12, grupo 4–4; data/twilightforest/worldgen/biome/dense_mushroom_forest.json; Bioma enchanted_forest (creature); peso 12, grupo 4–4; data/twilightforest/worldgen/biome/enchanted_forest.json; Bioma firefly_forest (creature); peso 12, grupo 4–4; data/twilightforest/worldgen/biome/firefly_forest.json; Bioma forest (creature); peso 12, grupo 4–4; data/twilightforest/worldgen/biome/forest.json; Bioma highlands (creature); peso 12, grupo 4–4; data/twilightforest/worldgen/biome/highlands.json; Bioma lake (creature); peso 12, grupo 4–4; data/twilightforest/worldgen/biome/lake.json; Bioma mushroom_forest (creature); peso 12, grupo 4–4; data/twilightforest/worldgen/biome/mushroom_forest.json; Bioma oak_savannah (creature); peso 12, grupo 4–4; data/twilightforest/worldgen/biome/oak_savannah.json; Bioma stream (creature); peso 12, grupo 4–4; data/twilightforest/worldgen/biome/stream.json; Rotas ativas de criação/spawner: evidence-final-tf/src/main/java/twilightforest/world/registration/biomes/BiomeHelper.java; ",Morte → tabela vanilla delegada,minecraft:brown_wool,1,Somente não tosquiado e com esta cor; Bighorn.getDefaultLootTable seleciona uma única tabela. Não sortear nem somar as 16 cores.,Bloco de construção; material de receitas abaixo.,Alta no código/JSON versionado; pack não executado,/images/bestiary/audited/tf/bighorn-sheep-wool.png,BighornModel.java + SheepFurModel.createFurLayer(); bighorn.png + sheep_fur.png; BighornModel.java; bighorn.png; output-tf/proveniencia.json,https://github.com/TeamTwilight/twilightforest/blob/008085c660f1f9fc9aad6376ea0dc8080b3c0629/src/generated/resources/data/twilightforest/loot_table/entities/bighorn_sheep/brown.json; dados-preservados/calibracao/evidencias-twilight-delegacoes-parcial-2026-10-01.json; registro da entidade citado,[Receitas vanilla1.21.1](lote-final-2026-10-06/receitas-vanilla.json)
Bighorn Sheep,Twilight Forest,Sheep/animal de lã,"Bioma clearing (creature); peso 12, grupo 4–4; data/twilightforest/worldgen/biome/clearing.json; Bioma dense_forest (creature); peso 12, grupo 4–4; data/twilightforest/worldgen/biome/dense_forest.json; Bioma dense_mushroom_forest (creature); peso 12, grupo 4–4; data/twilightforest/worldgen/biome/dense_mushroom_forest.json; Bioma enchanted_forest (creature); peso 12, grupo 4–4; data/twilightforest/worldgen/biome/enchanted_forest.json; Bioma firefly_forest (creature); peso 12, grupo 4–4; data/twilightforest/worldgen/biome/firefly_forest.json; Bioma forest (creature); peso 12, grupo 4–4; data/twilightforest/worldgen/biome/forest.json; Bioma highlands (creature); peso 12, grupo 4–4; data/twilightforest/worldgen/biome/highlands.json; Bioma lake (creature); peso 12, grupo 4–4; data/twilightforest/worldgen/biome/lake.json; Bioma mushroom_forest (creature); peso 12, grupo 4–4; data/twilightforest/worldgen/biome/mushroom_forest.json; Bioma oak_savannah (creature); peso 12, grupo 4–4; data/twilightforest/worldgen/biome/oak_savannah.json; Bioma stream (creature); peso 12, grupo 4–4; data/twilightforest/worldgen/biome/stream.json; Rotas ativas de criação/spawner: evidence-final-tf/src/main/java/twilightforest/world/registration/biomes/BiomeHelper.java; ",Morte → tabela vanilla delegada,minecraft:green_wool,1,Somente não tosquiado e com esta cor; Bighorn.getDefaultLootTable seleciona uma única tabela. Não sortear nem somar as 16 cores.,Bloco de construção; material de receitas abaixo.,Alta no código/JSON versionado; pack não executado,/images/bestiary/audited/tf/bighorn-sheep-wool.png,BighornModel.java + SheepFurModel.createFurLayer(); bighorn.png + sheep_fur.png; BighornModel.java; bighorn.png; output-tf/proveniencia.json,https://github.com/TeamTwilight/twilightforest/blob/008085c660f1f9fc9aad6376ea0dc8080b3c0629/src/generated/resources/data/twilightforest/loot_table/entities/bighorn_sheep/green.json; dados-preservados/calibracao/evidencias-twilight-delegacoes-parcial-2026-10-01.json; registro da entidade citado,[Receitas vanilla1.21.1](lote-final-2026-10-06/receitas-vanilla.json)
Bighorn Sheep,Twilight Forest,Sheep/animal de lã,"Bioma clearing (creature); peso 12, grupo 4–4; data/twilightforest/worldgen/biome/clearing.json; Bioma dense_forest (creature); peso 12, grupo 4–4; data/twilightforest/worldgen/biome/dense_forest.json; Bioma dense_mushroom_forest (creature); peso 12, grupo 4–4; data/twilightforest/worldgen/biome/dense_mushroom_forest.json; Bioma enchanted_forest (creature); peso 12, grupo 4–4; data/twilightforest/worldgen/biome/enchanted_forest.json; Bioma firefly_forest (creature); peso 12, grupo 4–4; data/twilightforest/worldgen/biome/firefly_forest.json; Bioma forest (creature); peso 12, grupo 4–4; data/twilightforest/worldgen/biome/forest.json; Bioma highlands (creature); peso 12, grupo 4–4; data/twilightforest/worldgen/biome/highlands.json; Bioma lake (creature); peso 12, grupo 4–4; data/twilightforest/worldgen/biome/lake.json; Bioma mushroom_forest (creature); peso 12, grupo 4–4; data/twilightforest/worldgen/biome/mushroom_forest.json; Bioma oak_savannah (creature); peso 12, grupo 4–4; data/twilightforest/worldgen/biome/oak_savannah.json; Bioma stream (creature); peso 12, grupo 4–4; data/twilightforest/worldgen/biome/stream.json; Rotas ativas de criação/spawner: evidence-final-tf/src/main/java/twilightforest/world/registration/biomes/BiomeHelper.java; ",Morte → tabela vanilla delegada,minecraft:red_wool,1,Somente não tosquiado e com esta cor; Bighorn.getDefaultLootTable seleciona uma única tabela. Não sortear nem somar as 16 cores.,Bloco de construção; material de receitas abaixo.,Alta no código/JSON versionado; pack não executado,/images/bestiary/audited/tf/bighorn-sheep-wool.png,BighornModel.java + SheepFurModel.createFurLayer(); bighorn.png + sheep_fur.png; BighornModel.java; bighorn.png; output-tf/proveniencia.json,https://github.com/TeamTwilight/twilightforest/blob/008085c660f1f9fc9aad6376ea0dc8080b3c0629/src/generated/resources/data/twilightforest/loot_table/entities/bighorn_sheep/red.json; dados-preservados/calibracao/evidencias-twilight-delegacoes-parcial-2026-10-01.json; registro da entidade citado,[Receitas vanilla1.21.1](lote-final-2026-10-06/receitas-vanilla.json)
Bighorn Sheep,Twilight Forest,Sheep/animal de lã,"Bioma clearing (creature); peso 12, grupo 4–4; data/twilightforest/worldgen/biome/clearing.json; Bioma dense_forest (creature); peso 12, grupo 4–4; data/twilightforest/worldgen/biome/dense_forest.json; Bioma dense_mushroom_forest (creature); peso 12, grupo 4–4; data/twilightforest/worldgen/biome/dense_mushroom_forest.json; Bioma enchanted_forest (creature); peso 12, grupo 4–4; data/twilightforest/worldgen/biome/enchanted_forest.json; Bioma firefly_forest (creature); peso 12, grupo 4–4; data/twilightforest/worldgen/biome/firefly_forest.json; Bioma forest (creature); peso 12, grupo 4–4; data/twilightforest/worldgen/biome/forest.json; Bioma highlands (creature); peso 12, grupo 4–4; data/twilightforest/worldgen/biome/highlands.json; Bioma lake (creature); peso 12, grupo 4–4; data/twilightforest/worldgen/biome/lake.json; Bioma mushroom_forest (creature); peso 12, grupo 4–4; data/twilightforest/worldgen/biome/mushroom_forest.json; Bioma oak_savannah (creature); peso 12, grupo 4–4; data/twilightforest/worldgen/biome/oak_savannah.json; Bioma stream (creature); peso 12, grupo 4–4; data/twilightforest/worldgen/biome/stream.json; Rotas ativas de criação/spawner: evidence-final-tf/src/main/java/twilightforest/world/registration/biomes/BiomeHelper.java; ",Morte → tabela vanilla delegada,minecraft:black_wool,1,Somente não tosquiado e com esta cor; Bighorn.getDefaultLootTable seleciona uma única tabela. Não sortear nem somar as 16 cores.,Bloco de construção; material de receitas abaixo.,Alta no código/JSON versionado; pack não executado,/images/bestiary/audited/tf/bighorn-sheep-wool.png,BighornModel.java + SheepFurModel.createFurLayer(); bighorn.png + sheep_fur.png; BighornModel.java; bighorn.png; output-tf/proveniencia.json,https://github.com/TeamTwilight/twilightforest/blob/008085c660f1f9fc9aad6376ea0dc8080b3c0629/src/generated/resources/data/twilightforest/loot_table/entities/bighorn_sheep/black.json; dados-preservados/calibracao/evidencias-twilight-delegacoes-parcial-2026-10-01.json; registro da entidade citado,[Receitas vanilla1.21.1](lote-final-2026-10-06/receitas-vanilla.json)
Bighorn Sheep,Twilight Forest,Sheep/animal de lã,"Bioma clearing (creature); peso 12, grupo 4–4; data/twilightforest/worldgen/biome/clearing.json; Bioma dense_forest (creature); peso 12, grupo 4–4; data/twilightforest/worldgen/biome/dense_forest.json; Bioma dense_mushroom_forest (creature); peso 12, grupo 4–4; data/twilightforest/worldgen/biome/dense_mushroom_forest.json; Bioma enchanted_forest (creature); peso 12, grupo 4–4; data/twilightforest/worldgen/biome/enchanted_forest.json; Bioma firefly_forest (creature); peso 12, grupo 4–4; data/twilightforest/worldgen/biome/firefly_forest.json; Bioma forest (creature); peso 12, grupo 4–4; data/twilightforest/worldgen/biome/forest.json; Bioma highlands (creature); peso 12, grupo 4–4; data/twilightforest/worldgen/biome/highlands.json; Bioma lake (creature); peso 12, grupo 4–4; data/twilightforest/worldgen/biome/lake.json; Bioma mushroom_forest (creature); peso 12, grupo 4–4; data/twilightforest/worldgen/biome/mushroom_forest.json; Bioma oak_savannah (creature); peso 12, grupo 4–4; data/twilightforest/worldgen/biome/oak_savannah.json; Bioma stream (creature); peso 12, grupo 4–4; data/twilightforest/worldgen/biome/stream.json; Rotas ativas de criação/spawner: evidence-final-tf/src/main/java/twilightforest/world/registration/biomes/BiomeHelper.java; ",Tosquia em vida,minecraft:white_wool,"Uinteiro[1,3], cada quantidade com 1/3",Tosquia em vida: adulto vivo não tosquiado e tesoura apta. NeoForge 21.1.209 IShearable.isShearable usa readyForShearing; onSheared chama Sheep.shear e captura os drops no servidor. Somente a cor atual; independente de Looting. Eventos/overrides do pack continuam fora desta prova.,"Construção e receitas; processo repetível após recuperar lã, não contabilizar como morte.",Alta no código/JSON versionado; pack não executado,/images/bestiary/audited/tf/bighorn-sheep-wool.png,BighornModel.java + SheepFurModel.createFurLayer(); bighorn.png + sheep_fur.png; BighornModel.java; bighorn.png; output-tf/proveniencia.json,sources/neoforge-21.1.209-IShearable.java + sources/mc1211-sheep-bytecode.txt; dados-preservados/calibracao/evidencias-twilight-delegacoes-parcial-2026-10-01.json; registro da entidade citado,[Receitas vanilla1.21.1](lote-final-2026-10-06/receitas-vanilla.json)
Bighorn Sheep,Twilight Forest,Sheep/animal de lã,"Bioma clearing (creature); peso 12, grupo 4–4; data/twilightforest/worldgen/biome/clearing.json; Bioma dense_forest (creature); peso 12, grupo 4–4; data/twilightforest/worldgen/biome/dense_forest.json; Bioma dense_mushroom_forest (creature); peso 12, grupo 4–4; data/twilightforest/worldgen/biome/dense_mushroom_forest.json; Bioma enchanted_forest (creature); peso 12, grupo 4–4; data/twilightforest/worldgen/biome/enchanted_forest.json; Bioma firefly_forest (creature); peso 12, grupo 4–4; data/twilightforest/worldgen/biome/firefly_forest.json; Bioma forest (creature); peso 12, grupo 4–4; data/twilightforest/worldgen/biome/forest.json; Bioma highlands (creature); peso 12, grupo 4–4; data/twilightforest/worldgen/biome/highlands.json; Bioma lake (creature); peso 12, grupo 4–4; data/twilightforest/worldgen/biome/lake.json; Bioma mushroom_forest (creature); peso 12, grupo 4–4; data/twilightforest/worldgen/biome/mushroom_forest.json; Bioma oak_savannah (creature); peso 12, grupo 4–4; data/twilightforest/worldgen/biome/oak_savannah.json; Bioma stream (creature); peso 12, grupo 4–4; data/twilightforest/worldgen/biome/stream.json; Rotas ativas de criação/spawner: evidence-final-tf/src/main/java/twilightforest/world/registration/biomes/BiomeHelper.java; ",Tosquia em vida,minecraft:orange_wool,"Uinteiro[1,3], cada quantidade com 1/3",Tosquia em vida: adulto vivo não tosquiado e tesoura apta. NeoForge 21.1.209 IShearable.isShearable usa readyForShearing; onSheared chama Sheep.shear e captura os drops no servidor. Somente a cor atual; independente de Looting. Eventos/overrides do pack continuam fora desta prova.,"Construção e receitas; processo repetível após recuperar lã, não contabilizar como morte.",Alta no código/JSON versionado; pack não executado,/images/bestiary/audited/tf/bighorn-sheep-wool.png,BighornModel.java + SheepFurModel.createFurLayer(); bighorn.png + sheep_fur.png; BighornModel.java; bighorn.png; output-tf/proveniencia.json,sources/neoforge-21.1.209-IShearable.java + sources/mc1211-sheep-bytecode.txt; dados-preservados/calibracao/evidencias-twilight-delegacoes-parcial-2026-10-01.json; registro da entidade citado,[Receitas vanilla1.21.1](lote-final-2026-10-06/receitas-vanilla.json)
Bighorn Sheep,Twilight Forest,Sheep/animal de lã,"Bioma clearing (creature); peso 12, grupo 4–4; data/twilightforest/worldgen/biome/clearing.json; Bioma dense_forest (creature); peso 12, grupo 4–4; data/twilightforest/worldgen/biome/dense_forest.json; Bioma dense_mushroom_forest (creature); peso 12, grupo 4–4; data/twilightforest/worldgen/biome/dense_mushroom_forest.json; Bioma enchanted_forest (creature); peso 12, grupo 4–4; data/twilightforest/worldgen/biome/enchanted_forest.json; Bioma firefly_forest (creature); peso 12, grupo 4–4; data/twilightforest/worldgen/biome/firefly_forest.json; Bioma forest (creature); peso 12, grupo 4–4; data/twilightforest/worldgen/biome/forest.json; Bioma highlands (creature); peso 12, grupo 4–4; data/twilightforest/worldgen/biome/highlands.json; Bioma lake (creature); peso 12, grupo 4–4; data/twilightforest/worldgen/biome/lake.json; Bioma mushroom_forest (creature); peso 12, grupo 4–4; data/twilightforest/worldgen/biome/mushroom_forest.json; Bioma oak_savannah (creature); peso 12, grupo 4–4; data/twilightforest/worldgen/biome/oak_savannah.json; Bioma stream (creature); peso 12, grupo 4–4; data/twilightforest/worldgen/biome/stream.json; Rotas ativas de criação/spawner: evidence-final-tf/src/main/java/twilightforest/world/registration/biomes/BiomeHelper.java; ",Tosquia em vida,minecraft:magenta_wool,"Uinteiro[1,3], cada quantidade com 1/3",Tosquia em vida: adulto vivo não tosquiado e tesoura apta. NeoForge 21.1.209 IShearable.isShearable usa readyForShearing; onSheared chama Sheep.shear e captura os drops no servidor. Somente a cor atual; independente de Looting. Eventos/overrides do pack continuam fora desta prova.,"Construção e receitas; processo repetível após recuperar lã, não contabilizar como morte.",Alta no código/JSON versionado; pack não executado,/images/bestiary/audited/tf/bighorn-sheep-wool.png,BighornModel.java + SheepFurModel.createFurLayer(); bighorn.png + sheep_fur.png; BighornModel.java; bighorn.png; output-tf/proveniencia.json,sources/neoforge-21.1.209-IShearable.java + sources/mc1211-sheep-bytecode.txt; dados-preservados/calibracao/evidencias-twilight-delegacoes-parcial-2026-10-01.json; registro da entidade citado,[Receitas vanilla1.21.1](lote-final-2026-10-06/receitas-vanilla.json)
Bighorn Sheep,Twilight Forest,Sheep/animal de lã,"Bioma clearing (creature); peso 12, grupo 4–4; data/twilightforest/worldgen/biome/clearing.json; Bioma dense_forest (creature); peso 12, grupo 4–4; data/twilightforest/worldgen/biome/dense_forest.json; Bioma dense_mushroom_forest (creature); peso 12, grupo 4–4; data/twilightforest/worldgen/biome/dense_mushroom_forest.json; Bioma enchanted_forest (creature); peso 12, grupo 4–4; data/twilightforest/worldgen/biome/enchanted_forest.json; Bioma firefly_forest (creature); peso 12, grupo 4–4; data/twilightforest/worldgen/biome/firefly_forest.json; Bioma forest (creature); peso 12, grupo 4–4; data/twilightforest/worldgen/biome/forest.json; Bioma highlands (creature); peso 12, grupo 4–4; data/twilightforest/worldgen/biome/highlands.json; Bioma lake (creature); peso 12, grupo 4–4; data/twilightforest/worldgen/biome/lake.json; Bioma mushroom_forest (creature); peso 12, grupo 4–4; data/twilightforest/worldgen/biome/mushroom_forest.json; Bioma oak_savannah (creature); peso 12, grupo 4–4; data/twilightforest/worldgen/biome/oak_savannah.json; Bioma stream (creature); peso 12, grupo 4–4; data/twilightforest/worldgen/biome/stream.json; Rotas ativas de criação/spawner: evidence-final-tf/src/main/java/twilightforest/world/registration/biomes/BiomeHelper.java; ",Tosquia em vida,minecraft:light_blue_wool,"Uinteiro[1,3], cada quantidade com 1/3",Tosquia em vida: adulto vivo não tosquiado e tesoura apta. NeoForge 21.1.209 IShearable.isShearable usa readyForShearing; onSheared chama Sheep.shear e captura os drops no servidor. Somente a cor atual; independente de Looting. Eventos/overrides do pack continuam fora desta prova.,"Construção e receitas; processo repetível após recuperar lã, não contabilizar como morte.",Alta no código/JSON versionado; pack não executado,/images/bestiary/audited/tf/bighorn-sheep-wool.png,BighornModel.java + SheepFurModel.createFurLayer(); bighorn.png + sheep_fur.png; BighornModel.java; bighorn.png; output-tf/proveniencia.json,sources/neoforge-21.1.209-IShearable.java + sources/mc1211-sheep-bytecode.txt; dados-preservados/calibracao/evidencias-twilight-delegacoes-parcial-2026-10-01.json; registro da entidade citado,[Receitas vanilla1.21.1](lote-final-2026-10-06/receitas-vanilla.json)
Bighorn Sheep,Twilight Forest,Sheep/animal de lã,"Bioma clearing (creature); peso 12, grupo 4–4; data/twilightforest/worldgen/biome/clearing.json; Bioma dense_forest (creature); peso 12, grupo 4–4; data/twilightforest/worldgen/biome/dense_forest.json; Bioma dense_mushroom_forest (creature); peso 12, grupo 4–4; data/twilightforest/worldgen/biome/dense_mushroom_forest.json; Bioma enchanted_forest (creature); peso 12, grupo 4–4; data/twilightforest/worldgen/biome/enchanted_forest.json; Bioma firefly_forest (creature); peso 12, grupo 4–4; data/twilightforest/worldgen/biome/firefly_forest.json; Bioma forest (creature); peso 12, grupo 4–4; data/twilightforest/worldgen/biome/forest.json; Bioma highlands (creature); peso 12, grupo 4–4; data/twilightforest/worldgen/biome/highlands.json; Bioma lake (creature); peso 12, grupo 4–4; data/twilightforest/worldgen/biome/lake.json; Bioma mushroom_forest (creature); peso 12, grupo 4–4; data/twilightforest/worldgen/biome/mushroom_forest.json; Bioma oak_savannah (creature); peso 12, grupo 4–4; data/twilightforest/worldgen/biome/oak_savannah.json; Bioma stream (creature); peso 12, grupo 4–4; data/twilightforest/worldgen/biome/stream.json; Rotas ativas de criação/spawner: evidence-final-tf/src/main/java/twilightforest/world/registration/biomes/BiomeHelper.java; ",Tosquia em vida,minecraft:yellow_wool,"Uinteiro[1,3], cada quantidade com 1/3",Tosquia em vida: adulto vivo não tosquiado e tesoura apta. NeoForge 21.1.209 IShearable.isShearable usa readyForShearing; onSheared chama Sheep.shear e captura os drops no servidor. Somente a cor atual; independente de Looting. Eventos/overrides do pack continuam fora desta prova.,"Construção e receitas; processo repetível após recuperar lã, não contabilizar como morte.",Alta no código/JSON versionado; pack não executado,/images/bestiary/audited/tf/bighorn-sheep-wool.png,BighornModel.java + SheepFurModel.createFurLayer(); bighorn.png + sheep_fur.png; BighornModel.java; bighorn.png; output-tf/proveniencia.json,sources/neoforge-21.1.209-IShearable.java + sources/mc1211-sheep-bytecode.txt; dados-preservados/calibracao/evidencias-twilight-delegacoes-parcial-2026-10-01.json; registro da entidade citado,[Receitas vanilla1.21.1](lote-final-2026-10-06/receitas-vanilla.json)
Bighorn Sheep,Twilight Forest,Sheep/animal de lã,"Bioma clearing (creature); peso 12, grupo 4–4; data/twilightforest/worldgen/biome/clearing.json; Bioma dense_forest (creature); peso 12, grupo 4–4; data/twilightforest/worldgen/biome/dense_forest.json; Bioma dense_mushroom_forest (creature); peso 12, grupo 4–4; data/twilightforest/worldgen/biome/dense_mushroom_forest.json; Bioma enchanted_forest (creature); peso 12, grupo 4–4; data/twilightforest/worldgen/biome/enchanted_forest.json; Bioma firefly_forest (creature); peso 12, grupo 4–4; data/twilightforest/worldgen/biome/firefly_forest.json; Bioma forest (creature); peso 12, grupo 4–4; data/twilightforest/worldgen/biome/forest.json; Bioma highlands (creature); peso 12, grupo 4–4; data/twilightforest/worldgen/biome/highlands.json; Bioma lake (creature); peso 12, grupo 4–4; data/twilightforest/worldgen/biome/lake.json; Bioma mushroom_forest (creature); peso 12, grupo 4–4; data/twilightforest/worldgen/biome/mushroom_forest.json; Bioma oak_savannah (creature); peso 12, grupo 4–4; data/twilightforest/worldgen/biome/oak_savannah.json; Bioma stream (creature); peso 12, grupo 4–4; data/twilightforest/worldgen/biome/stream.json; Rotas ativas de criação/spawner: evidence-final-tf/src/main/java/twilightforest/world/registration/biomes/BiomeHelper.java; ",Tosquia em vida,minecraft:lime_wool,"Uinteiro[1,3], cada quantidade com 1/3",Tosquia em vida: adulto vivo não tosquiado e tesoura apta. NeoForge 21.1.209 IShearable.isShearable usa readyForShearing; onSheared chama Sheep.shear e captura os drops no servidor. Somente a cor atual; independente de Looting. Eventos/overrides do pack continuam fora desta prova.,"Construção e receitas; processo repetível após recuperar lã, não contabilizar como morte.",Alta no código/JSON versionado; pack não executado,/images/bestiary/audited/tf/bighorn-sheep-wool.png,BighornModel.java + SheepFurModel.createFurLayer(); bighorn.png + sheep_fur.png; BighornModel.java; bighorn.png; output-tf/proveniencia.json,sources/neoforge-21.1.209-IShearable.java + sources/mc1211-sheep-bytecode.txt; dados-preservados/calibracao/evidencias-twilight-delegacoes-parcial-2026-10-01.json; registro da entidade citado,[Receitas vanilla1.21.1](lote-final-2026-10-06/receitas-vanilla.json)
Bighorn Sheep,Twilight Forest,Sheep/animal de lã,"Bioma clearing (creature); peso 12, grupo 4–4; data/twilightforest/worldgen/biome/clearing.json; Bioma dense_forest (creature); peso 12, grupo 4–4; data/twilightforest/worldgen/biome/dense_forest.json; Bioma dense_mushroom_forest (creature); peso 12, grupo 4–4; data/twilightforest/worldgen/biome/dense_mushroom_forest.json; Bioma enchanted_forest (creature); peso 12, grupo 4–4; data/twilightforest/worldgen/biome/enchanted_forest.json; Bioma firefly_forest (creature); peso 12, grupo 4–4; data/twilightforest/worldgen/biome/firefly_forest.json; Bioma forest (creature); peso 12, grupo 4–4; data/twilightforest/worldgen/biome/forest.json; Bioma highlands (creature); peso 12, grupo 4–4; data/twilightforest/worldgen/biome/highlands.json; Bioma lake (creature); peso 12, grupo 4–4; data/twilightforest/worldgen/biome/lake.json; Bioma mushroom_forest (creature); peso 12, grupo 4–4; data/twilightforest/worldgen/biome/mushroom_forest.json; Bioma oak_savannah (creature); peso 12, grupo 4–4; data/twilightforest/worldgen/biome/oak_savannah.json; Bioma stream (creature); peso 12, grupo 4–4; data/twilightforest/worldgen/biome/stream.json; Rotas ativas de criação/spawner: evidence-final-tf/src/main/java/twilightforest/world/registration/biomes/BiomeHelper.java; ",Tosquia em vida,minecraft:pink_wool,"Uinteiro[1,3], cada quantidade com 1/3",Tosquia em vida: adulto vivo não tosquiado e tesoura apta. NeoForge 21.1.209 IShearable.isShearable usa readyForShearing; onSheared chama Sheep.shear e captura os drops no servidor. Somente a cor atual; independente de Looting. Eventos/overrides do pack continuam fora desta prova.,"Construção e receitas; processo repetível após recuperar lã, não contabilizar como morte.",Alta no código/JSON versionado; pack não executado,/images/bestiary/audited/tf/bighorn-sheep-wool.png,BighornModel.java + SheepFurModel.createFurLayer(); bighorn.png + sheep_fur.png; BighornModel.java; bighorn.png; output-tf/proveniencia.json,sources/neoforge-21.1.209-IShearable.java + sources/mc1211-sheep-bytecode.txt; dados-preservados/calibracao/evidencias-twilight-delegacoes-parcial-2026-10-01.json; registro da entidade citado,[Receitas vanilla1.21.1](lote-final-2026-10-06/receitas-vanilla.json)
Bighorn Sheep,Twilight Forest,Sheep/animal de lã,"Bioma clearing (creature); peso 12, grupo 4–4; data/twilightforest/worldgen/biome/clearing.json; Bioma dense_forest (creature); peso 12, grupo 4–4; data/twilightforest/worldgen/biome/dense_forest.json; Bioma dense_mushroom_forest (creature); peso 12, grupo 4–4; data/twilightforest/worldgen/biome/dense_mushroom_forest.json; Bioma enchanted_forest (creature); peso 12, grupo 4–4; data/twilightforest/worldgen/biome/enchanted_forest.json; Bioma firefly_forest (creature); peso 12, grupo 4–4; data/twilightforest/worldgen/biome/firefly_forest.json; Bioma forest (creature); peso 12, grupo 4–4; data/twilightforest/worldgen/biome/forest.json; Bioma highlands (creature); peso 12, grupo 4–4; data/twilightforest/worldgen/biome/highlands.json; Bioma lake (creature); peso 12, grupo 4–4; data/twilightforest/worldgen/biome/lake.json; Bioma mushroom_forest (creature); peso 12, grupo 4–4; data/twilightforest/worldgen/biome/mushroom_forest.json; Bioma oak_savannah (creature); peso 12, grupo 4–4; data/twilightforest/worldgen/biome/oak_savannah.json; Bioma stream (creature); peso 12, grupo 4–4; data/twilightforest/worldgen/biome/stream.json; Rotas ativas de criação/spawner: evidence-final-tf/src/main/java/twilightforest/world/registration/biomes/BiomeHelper.java; ",Tosquia em vida,minecraft:gray_wool,"Uinteiro[1,3], cada quantidade com 1/3",Tosquia em vida: adulto vivo não tosquiado e tesoura apta. NeoForge 21.1.209 IShearable.isShearable usa readyForShearing; onSheared chama Sheep.shear e captura os drops no servidor. Somente a cor atual; independente de Looting. Eventos/overrides do pack continuam fora desta prova.,"Construção e receitas; processo repetível após recuperar lã, não contabilizar como morte.",Alta no código/JSON versionado; pack não executado,/images/bestiary/audited/tf/bighorn-sheep-wool.png,BighornModel.java + SheepFurModel.createFurLayer(); bighorn.png + sheep_fur.png; BighornModel.java; bighorn.png; output-tf/proveniencia.json,sources/neoforge-21.1.209-IShearable.java + sources/mc1211-sheep-bytecode.txt; dados-preservados/calibracao/evidencias-twilight-delegacoes-parcial-2026-10-01.json; registro da entidade citado,[Receitas vanilla1.21.1](lote-final-2026-10-06/receitas-vanilla.json)
Bighorn Sheep,Twilight Forest,Sheep/animal de lã,"Bioma clearing (creature); peso 12, grupo 4–4; data/twilightforest/worldgen/biome/clearing.json; Bioma dense_forest (creature); peso 12, grupo 4–4; data/twilightforest/worldgen/biome/dense_forest.json; Bioma dense_mushroom_forest (creature); peso 12, grupo 4–4; data/twilightforest/worldgen/biome/dense_mushroom_forest.json; Bioma enchanted_forest (creature); peso 12, grupo 4–4; data/twilightforest/worldgen/biome/enchanted_forest.json; Bioma firefly_forest (creature); peso 12, grupo 4–4; data/twilightforest/worldgen/biome/firefly_forest.json; Bioma forest (creature); peso 12, grupo 4–4; data/twilightforest/worldgen/biome/forest.json; Bioma highlands (creature); peso 12, grupo 4–4; data/twilightforest/worldgen/biome/highlands.json; Bioma lake (creature); peso 12, grupo 4–4; data/twilightforest/worldgen/biome/lake.json; Bioma mushroom_forest (creature); peso 12, grupo 4–4; data/twilightforest/worldgen/biome/mushroom_forest.json; Bioma oak_savannah (creature); peso 12, grupo 4–4; data/twilightforest/worldgen/biome/oak_savannah.json; Bioma stream (creature); peso 12, grupo 4–4; data/twilightforest/worldgen/biome/stream.json; Rotas ativas de criação/spawner: evidence-final-tf/src/main/java/twilightforest/world/registration/biomes/BiomeHelper.java; ",Tosquia em vida,minecraft:light_gray_wool,"Uinteiro[1,3], cada quantidade com 1/3",Tosquia em vida: adulto vivo não tosquiado e tesoura apta. NeoForge 21.1.209 IShearable.isShearable usa readyForShearing; onSheared chama Sheep.shear e captura os drops no servidor. Somente a cor atual; independente de Looting. Eventos/overrides do pack continuam fora desta prova.,"Construção e receitas; processo repetível após recuperar lã, não contabilizar como morte.",Alta no código/JSON versionado; pack não executado,/images/bestiary/audited/tf/bighorn-sheep-wool.png,BighornModel.java + SheepFurModel.createFurLayer(); bighorn.png + sheep_fur.png; BighornModel.java; bighorn.png; output-tf/proveniencia.json,sources/neoforge-21.1.209-IShearable.java + sources/mc1211-sheep-bytecode.txt; dados-preservados/calibracao/evidencias-twilight-delegacoes-parcial-2026-10-01.json; registro da entidade citado,[Receitas vanilla1.21.1](lote-final-2026-10-06/receitas-vanilla.json)
Bighorn Sheep,Twilight Forest,Sheep/animal de lã,"Bioma clearing (creature); peso 12, grupo 4–4; data/twilightforest/worldgen/biome/clearing.json; Bioma dense_forest (creature); peso 12, grupo 4–4; data/twilightforest/worldgen/biome/dense_forest.json; Bioma dense_mushroom_forest (creature); peso 12, grupo 4–4; data/twilightforest/worldgen/biome/dense_mushroom_forest.json; Bioma enchanted_forest (creature); peso 12, grupo 4–4; data/twilightforest/worldgen/biome/enchanted_forest.json; Bioma firefly_forest (creature); peso 12, grupo 4–4; data/twilightforest/worldgen/biome/firefly_forest.json; Bioma forest (creature); peso 12, grupo 4–4; data/twilightforest/worldgen/biome/forest.json; Bioma highlands (creature); peso 12, grupo 4–4; data/twilightforest/worldgen/biome/highlands.json; Bioma lake (creature); peso 12, grupo 4–4; data/twilightforest/worldgen/biome/lake.json; Bioma mushroom_forest (creature); peso 12, grupo 4–4; data/twilightforest/worldgen/biome/mushroom_forest.json; Bioma oak_savannah (creature); peso 12, grupo 4–4; data/twilightforest/worldgen/biome/oak_savannah.json; Bioma stream (creature); peso 12, grupo 4–4; data/twilightforest/worldgen/biome/stream.json; Rotas ativas de criação/spawner: evidence-final-tf/src/main/java/twilightforest/world/registration/biomes/BiomeHelper.java; ",Tosquia em vida,minecraft:cyan_wool,"Uinteiro[1,3], cada quantidade com 1/3",Tosquia em vida: adulto vivo não tosquiado e tesoura apta. NeoForge 21.1.209 IShearable.isShearable usa readyForShearing; onSheared chama Sheep.shear e captura os drops no servidor. Somente a cor atual; independente de Looting. Eventos/overrides do pack continuam fora desta prova.,"Construção e receitas; processo repetível após recuperar lã, não contabilizar como morte.",Alta no código/JSON versionado; pack não executado,/images/bestiary/audited/tf/bighorn-sheep-wool.png,BighornModel.java + SheepFurModel.createFurLayer(); bighorn.png + sheep_fur.png; BighornModel.java; bighorn.png; output-tf/proveniencia.json,sources/neoforge-21.1.209-IShearable.java + sources/mc1211-sheep-bytecode.txt; dados-preservados/calibracao/evidencias-twilight-delegacoes-parcial-2026-10-01.json; registro da entidade citado,[Receitas vanilla1.21.1](lote-final-2026-10-06/receitas-vanilla.json)
Bighorn Sheep,Twilight Forest,Sheep/animal de lã,"Bioma clearing (creature); peso 12, grupo 4–4; data/twilightforest/worldgen/biome/clearing.json; Bioma dense_forest (creature); peso 12, grupo 4–4; data/twilightforest/worldgen/biome/dense_forest.json; Bioma dense_mushroom_forest (creature); peso 12, grupo 4–4; data/twilightforest/worldgen/biome/dense_mushroom_forest.json; Bioma enchanted_forest (creature); peso 12, grupo 4–4; data/twilightforest/worldgen/biome/enchanted_forest.json; Bioma firefly_forest (creature); peso 12, grupo 4–4; data/twilightforest/worldgen/biome/firefly_forest.json; Bioma forest (creature); peso 12, grupo 4–4; data/twilightforest/worldgen/biome/forest.json; Bioma highlands (creature); peso 12, grupo 4–4; data/twilightforest/worldgen/biome/highlands.json; Bioma lake (creature); peso 12, grupo 4–4; data/twilightforest/worldgen/biome/lake.json; Bioma mushroom_forest (creature); peso 12, grupo 4–4; data/twilightforest/worldgen/biome/mushroom_forest.json; Bioma oak_savannah (creature); peso 12, grupo 4–4; data/twilightforest/worldgen/biome/oak_savannah.json; Bioma stream (creature); peso 12, grupo 4–4; data/twilightforest/worldgen/biome/stream.json; Rotas ativas de criação/spawner: evidence-final-tf/src/main/java/twilightforest/world/registration/biomes/BiomeHelper.java; ",Tosquia em vida,minecraft:purple_wool,"Uinteiro[1,3], cada quantidade com 1/3",Tosquia em vida: adulto vivo não tosquiado e tesoura apta. NeoForge 21.1.209 IShearable.isShearable usa readyForShearing; onSheared chama Sheep.shear e captura os drops no servidor. Somente a cor atual; independente de Looting. Eventos/overrides do pack continuam fora desta prova.,"Construção e receitas; processo repetível após recuperar lã, não contabilizar como morte.",Alta no código/JSON versionado; pack não executado,/images/bestiary/audited/tf/bighorn-sheep-wool.png,BighornModel.java + SheepFurModel.createFurLayer(); bighorn.png + sheep_fur.png; BighornModel.java; bighorn.png; output-tf/proveniencia.json,sources/neoforge-21.1.209-IShearable.java + sources/mc1211-sheep-bytecode.txt; dados-preservados/calibracao/evidencias-twilight-delegacoes-parcial-2026-10-01.json; registro da entidade citado,[Receitas vanilla1.21.1](lote-final-2026-10-06/receitas-vanilla.json)
Bighorn Sheep,Twilight Forest,Sheep/animal de lã,"Bioma clearing (creature); peso 12, grupo 4–4; data/twilightforest/worldgen/biome/clearing.json; Bioma dense_forest (creature); peso 12, grupo 4–4; data/twilightforest/worldgen/biome/dense_forest.json; Bioma dense_mushroom_forest (creature); peso 12, grupo 4–4; data/twilightforest/worldgen/biome/dense_mushroom_forest.json; Bioma enchanted_forest (creature); peso 12, grupo 4–4; data/twilightforest/worldgen/biome/enchanted_forest.json; Bioma firefly_forest (creature); peso 12, grupo 4–4; data/twilightforest/worldgen/biome/firefly_forest.json; Bioma forest (creature); peso 12, grupo 4–4; data/twilightforest/worldgen/biome/forest.json; Bioma highlands (creature); peso 12, grupo 4–4; data/twilightforest/worldgen/biome/highlands.json; Bioma lake (creature); peso 12, grupo 4–4; data/twilightforest/worldgen/biome/lake.json; Bioma mushroom_forest (creature); peso 12, grupo 4–4; data/twilightforest/worldgen/biome/mushroom_forest.json; Bioma oak_savannah (creature); peso 12, grupo 4–4; data/twilightforest/worldgen/biome/oak_savannah.json; Bioma stream (creature); peso 12, grupo 4–4; data/twilightforest/worldgen/biome/stream.json; Rotas ativas de criação/spawner: evidence-final-tf/src/main/java/twilightforest/world/registration/biomes/BiomeHelper.java; ",Tosquia em vida,minecraft:blue_wool,"Uinteiro[1,3], cada quantidade com 1/3",Tosquia em vida: adulto vivo não tosquiado e tesoura apta. NeoForge 21.1.209 IShearable.isShearable usa readyForShearing; onSheared chama Sheep.shear e captura os drops no servidor. Somente a cor atual; independente de Looting. Eventos/overrides do pack continuam fora desta prova.,"Construção e receitas; processo repetível após recuperar lã, não contabilizar como morte.",Alta no código/JSON versionado; pack não executado,/images/bestiary/audited/tf/bighorn-sheep-wool.png,BighornModel.java + SheepFurModel.createFurLayer(); bighorn.png + sheep_fur.png; BighornModel.java; bighorn.png; output-tf/proveniencia.json,sources/neoforge-21.1.209-IShearable.java + sources/mc1211-sheep-bytecode.txt; dados-preservados/calibracao/evidencias-twilight-delegacoes-parcial-2026-10-01.json; registro da entidade citado,[Receitas vanilla1.21.1](lote-final-2026-10-06/receitas-vanilla.json)
Bighorn Sheep,Twilight Forest,Sheep/animal de lã,"Bioma clearing (creature); peso 12, grupo 4–4; data/twilightforest/worldgen/biome/clearing.json; Bioma dense_forest (creature); peso 12, grupo 4–4; data/twilightforest/worldgen/biome/dense_forest.json; Bioma dense_mushroom_forest (creature); peso 12, grupo 4–4; data/twilightforest/worldgen/biome/dense_mushroom_forest.json; Bioma enchanted_forest (creature); peso 12, grupo 4–4; data/twilightforest/worldgen/biome/enchanted_forest.json; Bioma firefly_forest (creature); peso 12, grupo 4–4; data/twilightforest/worldgen/biome/firefly_forest.json; Bioma forest (creature); peso 12, grupo 4–4; data/twilightforest/worldgen/biome/forest.json; Bioma highlands (creature); peso 12, grupo 4–4; data/twilightforest/worldgen/biome/highlands.json; Bioma lake (creature); peso 12, grupo 4–4; data/twilightforest/worldgen/biome/lake.json; Bioma mushroom_forest (creature); peso 12, grupo 4–4; data/twilightforest/worldgen/biome/mushroom_forest.json; Bioma oak_savannah (creature); peso 12, grupo 4–4; data/twilightforest/worldgen/biome/oak_savannah.json; Bioma stream (creature); peso 12, grupo 4–4; data/twilightforest/worldgen/biome/stream.json; Rotas ativas de criação/spawner: evidence-final-tf/src/main/java/twilightforest/world/registration/biomes/BiomeHelper.java; ",Tosquia em vida,minecraft:brown_wool,"Uinteiro[1,3], cada quantidade com 1/3",Tosquia em vida: adulto vivo não tosquiado e tesoura apta. NeoForge 21.1.209 IShearable.isShearable usa readyForShearing; onSheared chama Sheep.shear e captura os drops no servidor. Somente a cor atual; independente de Looting. Eventos/overrides do pack continuam fora desta prova.,"Construção e receitas; processo repetível após recuperar lã, não contabilizar como morte.",Alta no código/JSON versionado; pack não executado,/images/bestiary/audited/tf/bighorn-sheep-wool.png,BighornModel.java + SheepFurModel.createFurLayer(); bighorn.png + sheep_fur.png; BighornModel.java; bighorn.png; output-tf/proveniencia.json,sources/neoforge-21.1.209-IShearable.java + sources/mc1211-sheep-bytecode.txt; dados-preservados/calibracao/evidencias-twilight-delegacoes-parcial-2026-10-01.json; registro da entidade citado,[Receitas vanilla1.21.1](lote-final-2026-10-06/receitas-vanilla.json)
Bighorn Sheep,Twilight Forest,Sheep/animal de lã,"Bioma clearing (creature); peso 12, grupo 4–4; data/twilightforest/worldgen/biome/clearing.json; Bioma dense_forest (creature); peso 12, grupo 4–4; data/twilightforest/worldgen/biome/dense_forest.json; Bioma dense_mushroom_forest (creature); peso 12, grupo 4–4; data/twilightforest/worldgen/biome/dense_mushroom_forest.json; Bioma enchanted_forest (creature); peso 12, grupo 4–4; data/twilightforest/worldgen/biome/enchanted_forest.json; Bioma firefly_forest (creature); peso 12, grupo 4–4; data/twilightforest/worldgen/biome/firefly_forest.json; Bioma forest (creature); peso 12, grupo 4–4; data/twilightforest/worldgen/biome/forest.json; Bioma highlands (creature); peso 12, grupo 4–4; data/twilightforest/worldgen/biome/highlands.json; Bioma lake (creature); peso 12, grupo 4–4; data/twilightforest/worldgen/biome/lake.json; Bioma mushroom_forest (creature); peso 12, grupo 4–4; data/twilightforest/worldgen/biome/mushroom_forest.json; Bioma oak_savannah (creature); peso 12, grupo 4–4; data/twilightforest/worldgen/biome/oak_savannah.json; Bioma stream (creature); peso 12, grupo 4–4; data/twilightforest/worldgen/biome/stream.json; Rotas ativas de criação/spawner: evidence-final-tf/src/main/java/twilightforest/world/registration/biomes/BiomeHelper.java; ",Tosquia em vida,minecraft:green_wool,"Uinteiro[1,3], cada quantidade com 1/3",Tosquia em vida: adulto vivo não tosquiado e tesoura apta. NeoForge 21.1.209 IShearable.isShearable usa readyForShearing; onSheared chama Sheep.shear e captura os drops no servidor. Somente a cor atual; independente de Looting. Eventos/overrides do pack continuam fora desta prova.,"Construção e receitas; processo repetível após recuperar lã, não contabilizar como morte.",Alta no código/JSON versionado; pack não executado,/images/bestiary/audited/tf/bighorn-sheep-wool.png,BighornModel.java + SheepFurModel.createFurLayer(); bighorn.png + sheep_fur.png; BighornModel.java; bighorn.png; output-tf/proveniencia.json,sources/neoforge-21.1.209-IShearable.java + sources/mc1211-sheep-bytecode.txt; dados-preservados/calibracao/evidencias-twilight-delegacoes-parcial-2026-10-01.json; registro da entidade citado,[Receitas vanilla1.21.1](lote-final-2026-10-06/receitas-vanilla.json)
Bighorn Sheep,Twilight Forest,Sheep/animal de lã,"Bioma clearing (creature); peso 12, grupo 4–4; data/twilightforest/worldgen/biome/clearing.json; Bioma dense_forest (creature); peso 12, grupo 4–4; data/twilightforest/worldgen/biome/dense_forest.json; Bioma dense_mushroom_forest (creature); peso 12, grupo 4–4; data/twilightforest/worldgen/biome/dense_mushroom_forest.json; Bioma enchanted_forest (creature); peso 12, grupo 4–4; data/twilightforest/worldgen/biome/enchanted_forest.json; Bioma firefly_forest (creature); peso 12, grupo 4–4; data/twilightforest/worldgen/biome/firefly_forest.json; Bioma forest (creature); peso 12, grupo 4–4; data/twilightforest/worldgen/biome/forest.json; Bioma highlands (creature); peso 12, grupo 4–4; data/twilightforest/worldgen/biome/highlands.json; Bioma lake (creature); peso 12, grupo 4–4; data/twilightforest/worldgen/biome/lake.json; Bioma mushroom_forest (creature); peso 12, grupo 4–4; data/twilightforest/worldgen/biome/mushroom_forest.json; Bioma oak_savannah (creature); peso 12, grupo 4–4; data/twilightforest/worldgen/biome/oak_savannah.json; Bioma stream (creature); peso 12, grupo 4–4; data/twilightforest/worldgen/biome/stream.json; Rotas ativas de criação/spawner: evidence-final-tf/src/main/java/twilightforest/world/registration/biomes/BiomeHelper.java; ",Tosquia em vida,minecraft:red_wool,"Uinteiro[1,3], cada quantidade com 1/3",Tosquia em vida: adulto vivo não tosquiado e tesoura apta. NeoForge 21.1.209 IShearable.isShearable usa readyForShearing; onSheared chama Sheep.shear e captura os drops no servidor. Somente a cor atual; independente de Looting. Eventos/overrides do pack continuam fora desta prova.,"Construção e receitas; processo repetível após recuperar lã, não contabilizar como morte.",Alta no código/JSON versionado; pack não executado,/images/bestiary/audited/tf/bighorn-sheep-wool.png,BighornModel.java + SheepFurModel.createFurLayer(); bighorn.png + sheep_fur.png; BighornModel.java; bighorn.png; output-tf/proveniencia.json,sources/neoforge-21.1.209-IShearable.java + sources/mc1211-sheep-bytecode.txt; dados-preservados/calibracao/evidencias-twilight-delegacoes-parcial-2026-10-01.json; registro da entidade citado,[Receitas vanilla1.21.1](lote-final-2026-10-06/receitas-vanilla.json)
Bighorn Sheep,Twilight Forest,Sheep/animal de lã,"Bioma clearing (creature); peso 12, grupo 4–4; data/twilightforest/worldgen/biome/clearing.json; Bioma dense_forest (creature); peso 12, grupo 4–4; data/twilightforest/worldgen/biome/dense_forest.json; Bioma dense_mushroom_forest (creature); peso 12, grupo 4–4; data/twilightforest/worldgen/biome/dense_mushroom_forest.json; Bioma enchanted_forest (creature); peso 12, grupo 4–4; data/twilightforest/worldgen/biome/enchanted_forest.json; Bioma firefly_forest (creature); peso 12, grupo 4–4; data/twilightforest/worldgen/biome/firefly_forest.json; Bioma forest (creature); peso 12, grupo 4–4; data/twilightforest/worldgen/biome/forest.json; Bioma highlands (creature); peso 12, grupo 4–4; data/twilightforest/worldgen/biome/highlands.json; Bioma lake (creature); peso 12, grupo 4–4; data/twilightforest/worldgen/biome/lake.json; Bioma mushroom_forest (creature); peso 12, grupo 4–4; data/twilightforest/worldgen/biome/mushroom_forest.json; Bioma oak_savannah (creature); peso 12, grupo 4–4; data/twilightforest/worldgen/biome/oak_savannah.json; Bioma stream (creature); peso 12, grupo 4–4; data/twilightforest/worldgen/biome/stream.json; Rotas ativas de criação/spawner: evidence-final-tf/src/main/java/twilightforest/world/registration/biomes/BiomeHelper.java; ",Tosquia em vida,minecraft:black_wool,"Uinteiro[1,3], cada quantidade com 1/3",Tosquia em vida: adulto vivo não tosquiado e tesoura apta. NeoForge 21.1.209 IShearable.isShearable usa readyForShearing; onSheared chama Sheep.shear e captura os drops no servidor. Somente a cor atual; independente de Looting. Eventos/overrides do pack continuam fora desta prova.,"Construção e receitas; processo repetível após recuperar lã, não contabilizar como morte.",Alta no código/JSON versionado; pack não executado,/images/bestiary/audited/tf/bighorn-sheep-wool.png,BighornModel.java + SheepFurModel.createFurLayer(); bighorn.png + sheep_fur.png; BighornModel.java; bighorn.png; output-tf/proveniencia.json,sources/neoforge-21.1.209-IShearable.java + sources/mc1211-sheep-bytecode.txt; dados-preservados/calibracao/evidencias-twilight-delegacoes-parcial-2026-10-01.json; registro da entidade citado,[Receitas vanilla1.21.1](lote-final-2026-10-06/receitas-vanilla.json)
Bighorn Sheep,Twilight Forest,Sheep/animal de lã,"Bioma clearing (creature); peso 12, grupo 4–4; data/twilightforest/worldgen/biome/clearing.json; Bioma dense_forest (creature); peso 12, grupo 4–4; data/twilightforest/worldgen/biome/dense_forest.json; Bioma dense_mushroom_forest (creature); peso 12, grupo 4–4; data/twilightforest/worldgen/biome/dense_mushroom_forest.json; Bioma enchanted_forest (creature); peso 12, grupo 4–4; data/twilightforest/worldgen/biome/enchanted_forest.json; Bioma firefly_forest (creature); peso 12, grupo 4–4; data/twilightforest/worldgen/biome/firefly_forest.json; Bioma forest (creature); peso 12, grupo 4–4; data/twilightforest/worldgen/biome/forest.json; Bioma highlands (creature); peso 12, grupo 4–4; data/twilightforest/worldgen/biome/highlands.json; Bioma lake (creature); peso 12, grupo 4–4; data/twilightforest/worldgen/biome/lake.json; Bioma mushroom_forest (creature); peso 12, grupo 4–4; data/twilightforest/worldgen/biome/mushroom_forest.json; Bioma oak_savannah (creature); peso 12, grupo 4–4; data/twilightforest/worldgen/biome/oak_savannah.json; Bioma stream (creature); peso 12, grupo 4–4; data/twilightforest/worldgen/biome/stream.json; Rotas ativas de criação/spawner: evidence-final-tf/src/main/java/twilightforest/world/registration/biomes/BiomeHelper.java; ",Bônus global Lifedrain Scepter,minecraft:rotten_flesh,0..2 uniform integer,"2/3 conditional on bonus call; onUseTick count%5==0; target pickable intersected by eye ray<=20, LivingEntity not ArmorStand; hurt(1) accepted; getHealth<=1; non-boss; outside no-flesh tag; ServerLevel and user Player; []",Alimento com risco de Hunger; comércio com clérigo/alimentar lobos,Alta no código/tags; execução/configuração do pack não observada,/images/bestiary/audited/tf/bighorn-sheep-wool.png,BighornModel.java + SheepFurModel.createFurLayer(); bighorn.png + sheep_fur.png; BighornModel.java; bighorn.png; output-tf/proveniencia.json,dados-preservados/calibracao/evidencias-twilight-lifedrain-por-mob-2026-10-01.json; registro da entidade citado,/bestiary/receitas/tf.html#receita-zombie-scepter | [Receita zombie_scepter](lote-final-2026-10-06/tf-cards-2026-10-06.md#receita-zombie-scepter) — data/twilightforest/recipe/equipment/zombie_scepter.json; [Receita monster_jerky](lote-final-2026-10-06/tf-cards-2026-10-06.md#receita-monster-jerky) — data/twilightforest/recipe/monster_jerky.json
Block and Chain Goblin,Twilight Forest,Criatura Monster; alvos: Player,Rotas ativas de criação/spawner: evidence-final-tf/src/main/java/twilightforest/world/components/structures/type/KnightStrongholdStructure.java; ,Loot de morte,twilightforest:armor_shard,0–2,pool1: 1 sorteio(s); reposição se múltiplos rolls; peso bruto 1/1; normaliza apenas entradas elegíveis; set_count; Saque minecraft:looting: bônus Math.round(nível × sorteio 0–1); limite sem limite explícito,Material para Armor Shard Cluster e processamento em Knightmetal. Receitas confirmadas: [`armor_shard_cluster`](#armor_shard_cluster).,Alta nos arquivos versionados; configurações/datapacks externos não confirmados,/images/bestiary/audited/tf/block-and-chain-goblin.png,BlockChainGoblinModel.java; SpikeBlockModel.java; ChainModel.java; BlockChainGoblinRenderer.java; BlockChainGoblin.java; BlockChainRenderer.java; TFEntities.java; SpikeBlock.java; TFPart.java; vanilla/bsu.java; blockgoblin.png; block_and_chain.png; output-tf/proveniencia.json,evidence-final-tf/source.zip::twilightforest-008085c660f1f9fc9aad6376ea0dc8080b3c0629/src/generated/resources/data/twilightforest/loot_table/entities/blockchain_goblin.json; evidence-final-tf/src/main/java/twilightforest/entity/monster/BlockChainGoblin.java,/bestiary/receitas/tf.html#receita-armor-shard-cluster | [Receita armor_shard_cluster](lote-final-2026-10-06/tf-cards-2026-10-06.md#receita-armor-shard-cluster) — data/twilightforest/recipe/material/armor_shard_cluster.json
Block and Chain Goblin,Twilight Forest,Criatura Monster; alvos: Player,Rotas ativas de criação/spawner: evidence-final-tf/src/main/java/twilightforest/world/components/structures/type/KnightStrongholdStructure.java; ,Bônus global Lifedrain Scepter,minecraft:rotten_flesh,0..2 uniform integer,"2/3 conditional on bonus call; onUseTick count%5==0; target pickable intersected by eye ray<=20, LivingEntity not ArmorStand; hurt(1) accepted; getHealth<=1; non-boss; outside no-flesh tag; ServerLevel and user Player; []",Alimento com risco de Hunger; comércio com clérigo/alimentar lobos,Alta no código/tags; execução/configuração do pack não observada,/images/bestiary/audited/tf/block-and-chain-goblin.png,BlockChainGoblinModel.java; SpikeBlockModel.java; ChainModel.java; BlockChainGoblinRenderer.java; BlockChainGoblin.java; BlockChainRenderer.java; TFEntities.java; SpikeBlock.java; TFPart.java; vanilla/bsu.java; blockgoblin.png; block_and_chain.png; output-tf/proveniencia.json,dados-preservados/calibracao/evidencias-twilight-lifedrain-por-mob-2026-10-01.json; evidence-final-tf/src/main/java/twilightforest/entity/monster/BlockChainGoblin.java,/bestiary/receitas/tf.html#receita-zombie-scepter | [Receita zombie_scepter](lote-final-2026-10-06/tf-cards-2026-10-06.md#receita-zombie-scepter) — data/twilightforest/recipe/equipment/zombie_scepter.json; [Receita monster_jerky](lote-final-2026-10-06/tf-cards-2026-10-06.md#receita-monster-jerky) — data/twilightforest/recipe/monster_jerky.json
Boar,Twilight Forest,Criatura Animal; comportamento definido na classe e herança citadas,"Bioma clearing (creature); peso 10, grupo 4–4; data/twilightforest/worldgen/biome/clearing.json; Bioma dense_forest (creature); peso 10, grupo 4–4; data/twilightforest/worldgen/biome/dense_forest.json; Bioma dense_mushroom_forest (creature); peso 10, grupo 4–4; data/twilightforest/worldgen/biome/dense_mushroom_forest.json; Bioma enchanted_forest (creature); peso 10, grupo 4–4; data/twilightforest/worldgen/biome/enchanted_forest.json; Bioma firefly_forest (creature); peso 10, grupo 4–4; data/twilightforest/worldgen/biome/firefly_forest.json; Bioma forest (creature); peso 10, grupo 4–4; data/twilightforest/worldgen/biome/forest.json; Bioma highlands (creature); peso 10, grupo 4–4; data/twilightforest/worldgen/biome/highlands.json; Bioma lake (creature); peso 10, grupo 4–4; data/twilightforest/worldgen/biome/lake.json; Bioma mushroom_forest (creature); peso 10, grupo 4–4; data/twilightforest/worldgen/biome/mushroom_forest.json; Bioma oak_savannah (creature); peso 10, grupo 4–4; data/twilightforest/worldgen/biome/oak_savannah.json; Bioma stream (creature); peso 10, grupo 4–4; data/twilightforest/worldgen/biome/stream.json; Rotas ativas de criação/spawner: evidence-final-tf/src/main/java/twilightforest/world/registration/biomes/BiomeHelper.java; ",Loot de morte,minecraft:porkchop,1–3,"pool1: 1 sorteio(s); reposição se múltiplos rolls; peso bruto 1/1; normaliza apenas entradas elegíveis; set_count; aplica receita de fundição ao item; função somente se (this satisfaz {""flags"": {""is_on_fire"": true}}) OU (direct_attacker satisfaz {""equipment"": {""mainhand"": {""predicates"": {""minecraft:enchantments"": [{""enchantments"": ""#minecraft:smelts_loot""}]}}}}); Saque minecraft:looting: bônus Math.round(nível × sorteio 0–1); limite sem limite explícito; {""conditions"": [{""chance"": 0.002, ""condition"": ""minecraft:random_chance""}, {""condition"": ""minecraft:killed_by_player""}], ""function"": ""minecraft:set_name"", ""name"": {""italic"": false, ""translate"": ""item.twilightforest.boarkchop""}, ""target"": ""item_name""}",Alimento cru/cozinhável. Receitas confirmadas: [`pork_jerky`](#pork_jerky).,Alta nos arquivos versionados; configurações/datapacks externos não confirmados,/images/bestiary/audited/tf/boar.png,BoarModel.java; wildboar.png; output-tf/proveniencia.json,evidence-final-tf/source.zip::twilightforest-008085c660f1f9fc9aad6376ea0dc8080b3c0629/src/generated/resources/data/twilightforest/loot_table/entities/boar.json; evidence-final-tf/src/main/java/twilightforest/entity/passive/Boar.java,/bestiary/receitas/tf.html#receita-pork-jerky | [Receita pork_jerky](lote-final-2026-10-06/tf-cards-2026-10-06.md#receita-pork-jerky) — data/twilightforest/recipe/pork_jerky.json
Boar,Twilight Forest,Criatura Animal; comportamento definido na classe e herança citadas,"Bioma clearing (creature); peso 10, grupo 4–4; data/twilightforest/worldgen/biome/clearing.json; Bioma dense_forest (creature); peso 10, grupo 4–4; data/twilightforest/worldgen/biome/dense_forest.json; Bioma dense_mushroom_forest (creature); peso 10, grupo 4–4; data/twilightforest/worldgen/biome/dense_mushroom_forest.json; Bioma enchanted_forest (creature); peso 10, grupo 4–4; data/twilightforest/worldgen/biome/enchanted_forest.json; Bioma firefly_forest (creature); peso 10, grupo 4–4; data/twilightforest/worldgen/biome/firefly_forest.json; Bioma forest (creature); peso 10, grupo 4–4; data/twilightforest/worldgen/biome/forest.json; Bioma highlands (creature); peso 10, grupo 4–4; data/twilightforest/worldgen/biome/highlands.json; Bioma lake (creature); peso 10, grupo 4–4; data/twilightforest/worldgen/biome/lake.json; Bioma mushroom_forest (creature); peso 10, grupo 4–4; data/twilightforest/worldgen/biome/mushroom_forest.json; Bioma oak_savannah (creature); peso 10, grupo 4–4; data/twilightforest/worldgen/biome/oak_savannah.json; Bioma stream (creature); peso 10, grupo 4–4; data/twilightforest/worldgen/biome/stream.json; Rotas ativas de criação/spawner: evidence-final-tf/src/main/java/twilightforest/world/registration/biomes/BiomeHelper.java; ",Bônus global Lifedrain Scepter,minecraft:rotten_flesh,0..2 uniform integer,"2/3 conditional on bonus call; onUseTick count%5==0; target pickable intersected by eye ray<=20, LivingEntity not ArmorStand; hurt(1) accepted; getHealth<=1; non-boss; outside no-flesh tag; ServerLevel and user Player; []",Alimento com risco de Hunger; comércio com clérigo/alimentar lobos,Alta no código/tags; execução/configuração do pack não observada,/images/bestiary/audited/tf/boar.png,BoarModel.java; wildboar.png; output-tf/proveniencia.json,dados-preservados/calibracao/evidencias-twilight-lifedrain-por-mob-2026-10-01.json; evidence-final-tf/src/main/java/twilightforest/entity/passive/Boar.java,/bestiary/receitas/tf.html#receita-zombie-scepter | [Receita zombie_scepter](lote-final-2026-10-06/tf-cards-2026-10-06.md#receita-zombie-scepter) — data/twilightforest/recipe/equipment/zombie_scepter.json; [Receita monster_jerky](lote-final-2026-10-06/tf-cards-2026-10-06.md#receita-monster-jerky) — data/twilightforest/recipe/monster_jerky.json
Carminite Broodling,Twilight Forest,Aranha hostil; herda SwarmSpider,Criado em conjuntos na Dark Tower; TowerBroodling/SwarmSpider.,Morte → tabela vanilla delegada,minecraft:string,"Uinteiro[0,2] + bônus Looting","Looting acrescenta round(L × Ufloat[0,1]); L é o nível efetivo no contexto da função. Quantidade zero não gera item.",Material de receitas e colocação de tripwire; receitas abaixo.,Alta no código/JSON versionado; pack não executado,/images/bestiary/audited/tf/carminite-broodling.png,vanilla/fxl.java; TFSpiderRenderer.java; towerbroodling.png; output-tf/proveniencia.json,minecraft:entities/spider; dados-preservados/calibracao/evidencias-twilight-delegacoes-parcial-2026-10-01.json; registro da entidade citado,/bestiary/receitas/tf.html#receita-lead-maze-ver | [Receita lead_maze_ver](lote-final-2026-10-06/tf-cards-2026-10-06.md#receita-lead-maze-ver) — data/twilightforest/recipe/lead_maze_ver.json
Carminite Broodling,Twilight Forest,Aranha hostil; herda SwarmSpider,Criado em conjuntos na Dark Tower; TowerBroodling/SwarmSpider.,Morte → tabela vanilla delegada,minecraft:spider_eye,L0: 0 ou 1; positivo em 1/3,"killed_by_player; set_count Uinteiro[-1,1], seguido de enchanted_count_increase. Não extrapolar chance linear para L>0. JSON integral preservado.",Alimento com veneno; material de poções e Fermented Spider Eye.,Alta no código/JSON versionado; pack não executado,/images/bestiary/audited/tf/carminite-broodling.png,vanilla/fxl.java; TFSpiderRenderer.java; towerbroodling.png; output-tf/proveniencia.json,minecraft:entities/spider; dados-preservados/calibracao/evidencias-twilight-delegacoes-parcial-2026-10-01.json; registro da entidade citado,/bestiary/receitas/tf.html#receita-stealth-modifier | [Receita stealth_modifier](lote-final-2026-10-06/tf-cards-2026-10-06.md#receita-stealth-modifier) — data/twilightforest/recipe/add_modifier_to_travellers_gear/travellers_vest/stealth_modifier.json
Carminite Broodling,Twilight Forest,Aranha hostil; herda SwarmSpider,Criado em conjuntos na Dark Tower; TowerBroodling/SwarmSpider.,Bônus global Lifedrain Scepter,minecraft:rotten_flesh,0..2 uniform integer,"2/3 conditional on bonus call; onUseTick count%5==0; target pickable intersected by eye ray<=20, LivingEntity not ArmorStand; hurt(1) accepted; getHealth<=1; non-boss; outside no-flesh tag; ServerLevel and user Player; []",Alimento com risco de Hunger; comércio com clérigo/alimentar lobos,Alta no código/tags; execução/configuração do pack não observada,/images/bestiary/audited/tf/carminite-broodling.png,vanilla/fxl.java; TFSpiderRenderer.java; towerbroodling.png; output-tf/proveniencia.json,dados-preservados/calibracao/evidencias-twilight-lifedrain-por-mob-2026-10-01.json; registro da entidade citado,/bestiary/receitas/tf.html#receita-zombie-scepter | [Receita zombie_scepter](lote-final-2026-10-06/tf-cards-2026-10-06.md#receita-zombie-scepter) — data/twilightforest/recipe/equipment/zombie_scepter.json; [Receita monster_jerky](lote-final-2026-10-06/tf-cards-2026-10-06.md#receita-monster-jerky) — data/twilightforest/recipe/monster_jerky.json
Carminite Ghastguard,Twilight Forest,Criatura Ghast; alvos: Player,Rotas ativas de criação/spawner: evidence-final-tf/src/main/java/twilightforest/world/components/structures/type/DarkTowerStructure.java; ,Morte → tabela vanilla delegada,minecraft:ghast_tear,"Uinteiro[0,1] + bônus Looting","Sem requisito killed_by_player nesta tabela. Looting acrescenta round(L × Ufloat[0,1]); L é o nível efetivo no contexto da função. Quantidade zero não gera item.",Material de poções de regeneração e End Crystal; usos em receitas indexados abaixo.,Alta no código/JSON versionado; pack não executado,/images/bestiary/audited/tf/carminite-ghastguard.png,TFGhastModel.java; TFGhastRenderer.java; CarminiteGhastRenderer.java; towerghast.png; output-tf/proveniencia.json,minecraft:entities/ghast; dados-preservados/calibracao/evidencias-twilight-delegacoes-parcial-2026-10-01.json; evidence-final-tf/src/main/java/twilightforest/entity/monster/CarminiteGhastguard.java,/bestiary/receitas/tf.html#receita-carminite | [Receita carminite](lote-final-2026-10-06/tf-cards-2026-10-06.md#receita-carminite) — data/twilightforest/recipe/material/carminite.json
Carminite Ghastguard,Twilight Forest,Criatura Ghast; alvos: Player,Rotas ativas de criação/spawner: evidence-final-tf/src/main/java/twilightforest/world/components/structures/type/DarkTowerStructure.java; ,Morte → tabela vanilla delegada,minecraft:gunpowder,"Uinteiro[0,2] + bônus Looting","Sem requisito killed_by_player nesta tabela. Looting acrescenta round(L × Ufloat[0,1]); L é o nível efetivo no contexto da função. Quantidade zero não gera item.","TNT, Firework Rocket/Star e poções arremessáveis; receitas abaixo.",Alta no código/JSON versionado; pack não executado,/images/bestiary/audited/tf/carminite-ghastguard.png,TFGhastModel.java; TFGhastRenderer.java; CarminiteGhastRenderer.java; towerghast.png; output-tf/proveniencia.json,minecraft:entities/ghast; dados-preservados/calibracao/evidencias-twilight-delegacoes-parcial-2026-10-01.json; evidence-final-tf/src/main/java/twilightforest/entity/monster/CarminiteGhastguard.java,[Receitas vanilla1.21.1](lote-final-2026-10-06/receitas-vanilla.json)
Carminite Ghastguard,Twilight Forest,Criatura Ghast; alvos: Player,Rotas ativas de criação/spawner: evidence-final-tf/src/main/java/twilightforest/world/components/structures/type/DarkTowerStructure.java; ,Bônus global Lifedrain Scepter,minecraft:rotten_flesh,0..2 uniform integer,"2/3 conditional on bonus call; onUseTick count%5==0; target pickable intersected by eye ray<=20, LivingEntity not ArmorStand; hurt(1) accepted; getHealth<=1; non-boss; outside no-flesh tag; ServerLevel and user Player; []",Alimento com risco de Hunger; comércio com clérigo/alimentar lobos,Alta no código/tags; execução/configuração do pack não observada,/images/bestiary/audited/tf/carminite-ghastguard.png,TFGhastModel.java; TFGhastRenderer.java; CarminiteGhastRenderer.java; towerghast.png; output-tf/proveniencia.json,dados-preservados/calibracao/evidencias-twilight-lifedrain-por-mob-2026-10-01.json; evidence-final-tf/src/main/java/twilightforest/entity/monster/CarminiteGhastguard.java,/bestiary/receitas/tf.html#receita-zombie-scepter | [Receita zombie_scepter](lote-final-2026-10-06/tf-cards-2026-10-06.md#receita-zombie-scepter) — data/twilightforest/recipe/equipment/zombie_scepter.json; [Receita monster_jerky](lote-final-2026-10-06/tf-cards-2026-10-06.md#receita-monster-jerky) — data/twilightforest/recipe/monster_jerky.json
Carminite Ghastling,Twilight Forest,Criatura CarminiteGhastguard; comportamento definido na classe e herança citadas,"Rotas ativas de criação/spawner: evidence-final-tf/src/main/java/twilightforest/world/components/structures/darktower/DarkTowerMainComponent.java, evidence-final-tf/src/main/java/twilightforest/world/components/structures/type/DarkTowerStructure.java; ",Morte → tabela vanilla delegada,minecraft:ghast_tear,"Uinteiro[0,1] + bônus Looting","Ghastling exige is_minion inverse=true. Looting acrescenta round(L × Ufloat[0,1]); L é o nível efetivo no contexto da função. Quantidade zero não gera item.",Material de poções de regeneração e End Crystal; usos em receitas indexados abaixo.,Alta no código/JSON versionado; pack não executado,/images/bestiary/audited/tf/carminite-ghastling.png,TFGhastModel.java; TFGhastRenderer.java; CarminiteGhastRenderer.java; towerghast.png; output-tf/proveniencia.json,minecraft:entities/ghast; dados-preservados/calibracao/evidencias-twilight-delegacoes-parcial-2026-10-01.json; evidence-final-tf/src/main/java/twilightforest/entity/monster/CarminiteGhastling.java,/bestiary/receitas/tf.html#receita-carminite | [Receita carminite](lote-final-2026-10-06/tf-cards-2026-10-06.md#receita-carminite) — data/twilightforest/recipe/material/carminite.json
Carminite Ghastling,Twilight Forest,Criatura CarminiteGhastguard; comportamento definido na classe e herança citadas,"Rotas ativas de criação/spawner: evidence-final-tf/src/main/java/twilightforest/world/components/structures/darktower/DarkTowerMainComponent.java, evidence-final-tf/src/main/java/twilightforest/world/components/structures/type/DarkTowerStructure.java; ",Morte → tabela vanilla delegada,minecraft:gunpowder,"Uinteiro[0,2] + bônus Looting","Ghastling exige is_minion inverse=true. Looting acrescenta round(L × Ufloat[0,1]); L é o nível efetivo no contexto da função. Quantidade zero não gera item.","TNT, Firework Rocket/Star e poções arremessáveis; receitas abaixo.",Alta no código/JSON versionado; pack não executado,/images/bestiary/audited/tf/carminite-ghastling.png,TFGhastModel.java; TFGhastRenderer.java; CarminiteGhastRenderer.java; towerghast.png; output-tf/proveniencia.json,minecraft:entities/ghast; dados-preservados/calibracao/evidencias-twilight-delegacoes-parcial-2026-10-01.json; evidence-final-tf/src/main/java/twilightforest/entity/monster/CarminiteGhastling.java,[Receitas vanilla1.21.1](lote-final-2026-10-06/receitas-vanilla.json)
Carminite Ghastling,Twilight Forest,Criatura CarminiteGhastguard; comportamento definido na classe e herança citadas,"Rotas ativas de criação/spawner: evidence-final-tf/src/main/java/twilightforest/world/components/structures/darktower/DarkTowerMainComponent.java, evidence-final-tf/src/main/java/twilightforest/world/components/structures/type/DarkTowerStructure.java; ",Bônus global Lifedrain Scepter,minecraft:rotten_flesh,0..2 uniform integer,"2/3 conditional on bonus call; onUseTick count%5==0; target pickable intersected by eye ray<=20, LivingEntity not ArmorStand; hurt(1) accepted; getHealth<=1; non-boss; outside no-flesh tag; ServerLevel and user Player; []",Alimento com risco de Hunger; comércio com clérigo/alimentar lobos,Alta no código/tags; execução/configuração do pack não observada,/images/bestiary/audited/tf/carminite-ghastling.png,TFGhastModel.java; TFGhastRenderer.java; CarminiteGhastRenderer.java; towerghast.png; output-tf/proveniencia.json,dados-preservados/calibracao/evidencias-twilight-lifedrain-por-mob-2026-10-01.json; evidence-final-tf/src/main/java/twilightforest/entity/monster/CarminiteGhastling.java,/bestiary/receitas/tf.html#receita-zombie-scepter | [Receita zombie_scepter](lote-final-2026-10-06/tf-cards-2026-10-06.md#receita-zombie-scepter) — data/twilightforest/recipe/equipment/zombie_scepter.json; [Receita monster_jerky](lote-final-2026-10-06/tf-cards-2026-10-06.md#receita-monster-jerky) — data/twilightforest/recipe/monster_jerky.json
Carminite Golem,Twilight Forest,Criatura Monster; alvos: Player,"Rotas ativas de criação/spawner: evidence-final-tf/src/main/java/twilightforest/world/components/structures/darktower/DarkTowerWingComponent.java, evidence-final-tf/src/main/java/twilightforest/world/components/structures/type/DarkTowerStructure.java; ",Loot de morte,minecraft:iron_ingot,0–2,pool1: 1 sorteio(s); reposição se múltiplos rolls; peso bruto 1/1; normaliza apenas entradas elegíveis; set_count; Saque minecraft:looting: bônus Math.round(nível × sorteio 0–1); limite sem limite explícito,"Material de equipamentos, receitas e mecanismos.",Alta nos arquivos versionados; configurações/datapacks externos não confirmados,/images/bestiary/audited/tf/carminite-golem.png,CarminiteGolemModel.java; carminitegolem.png; output-tf/proveniencia.json,evidence-final-tf/source.zip::twilightforest-008085c660f1f9fc9aad6376ea0dc8080b3c0629/src/generated/resources/data/twilightforest/loot_table/entities/carminite_golem.json; evidence-final-tf/src/main/java/twilightforest/entity/monster/CarminiteGolem.java,[Receitas vanilla1.21.1](lote-final-2026-10-06/receitas-vanilla.json)
Carminite Golem,Twilight Forest,Criatura Monster; alvos: Player,"Rotas ativas de criação/spawner: evidence-final-tf/src/main/java/twilightforest/world/components/structures/darktower/DarkTowerWingComponent.java, evidence-final-tf/src/main/java/twilightforest/world/components/structures/type/DarkTowerStructure.java; ",Loot de morte,twilightforest:towerwood,0–2,pool2: 1 sorteio(s); reposição se múltiplos rolls; peso bruto 1/1; normaliza apenas entradas elegíveis; set_count; Saque minecraft:looting: bônus Math.round(nível × sorteio 0–1); limite sem limite explícito,"Bloco de construção/decoração. Receitas confirmadas: [`vanishing_block`](#vanishing_block), [`knightmetal_shield`](#knightmetal_shield), [`smoked_cracked_towerwood`](#smoked_cracked_towerwood), [`mossy_towerwood`](#mossy_towerwood).",Alta nos arquivos versionados; configurações/datapacks externos não confirmados,/images/bestiary/audited/tf/carminite-golem.png,CarminiteGolemModel.java; carminitegolem.png; output-tf/proveniencia.json,evidence-final-tf/source.zip::twilightforest-008085c660f1f9fc9aad6376ea0dc8080b3c0629/src/generated/resources/data/twilightforest/loot_table/entities/carminite_golem.json; evidence-final-tf/src/main/java/twilightforest/entity/monster/CarminiteGolem.java,/bestiary/receitas/tf.html#receita-knightmetal-shield | [Receita knightmetal_shield](lote-final-2026-10-06/tf-cards-2026-10-06.md#receita-knightmetal-shield) — data/twilightforest/recipe/equipment/knightmetal_shield.json; [Receita vanishing_block](lote-final-2026-10-06/tf-cards-2026-10-06.md#receita-vanishing-block) — data/twilightforest/recipe/vanishing_block.json; [Receita mossy_towerwood](lote-final-2026-10-06/tf-cards-2026-10-06.md#receita-mossy-towerwood) — data/twilightforest/recipe/wood/mossy_towerwood.json; [Receita smoked_cracked_towerwood](lote-final-2026-10-06/tf-cards-2026-10-06.md#receita-smoked-cracked-towerwood) — data/twilightforest/recipe/wood/smoked_cracked_towerwood.json
Carminite Golem,Twilight Forest,Criatura Monster; alvos: Player,"Rotas ativas de criação/spawner: evidence-final-tf/src/main/java/twilightforest/world/components/structures/darktower/DarkTowerWingComponent.java, evidence-final-tf/src/main/java/twilightforest/world/components/structures/type/DarkTowerStructure.java; ",Bônus global Lifedrain Scepter,Excluído pela tag lifedrain,0,"0 for this mechanism under resolved tags; onUseTick count%5==0; target pickable intersected by eye ray<=20, LivingEntity not ArmorStand; hurt(1) accepted; getHealth<=1; non-boss; outside no-flesh tag; ServerLevel and user Player; ['lifedrain_drops_no_flesh direto']",Não aplicável,Alta no código/tags; execução/configuração do pack não observada,/images/bestiary/audited/tf/carminite-golem.png,CarminiteGolemModel.java; carminitegolem.png; output-tf/proveniencia.json,dados-preservados/calibracao/evidencias-twilight-lifedrain-por-mob-2026-10-01.json; evidence-final-tf/src/main/java/twilightforest/entity/monster/CarminiteGolem.java,Não aplicável: uso direto ou nenhuma receita identificada na build
Death Tome,Twilight Forest,Criatura Monster; alvos: Player,"Rotas ativas de criação/spawner: evidence-final-tf/src/main/java/twilightforest/world/components/structures/lichtowerrevamp/LichTowerWingRoom.java, evidence-final-tf/src/main/java/twilightforest/world/components/structures/type/LichTowerStructure.java; ",Loot de morte,minecraft:paper,3,pool1: 1 sorteio(s); reposição se múltiplos rolls; peso bruto 1/1; normaliza apenas entradas elegíveis; set_count; Saque minecraft:looting: bônus Math.round(nível × sorteio 0–1); limite sem limite explícito,"Material de mapas, livros e padrões de estandarte. Receitas confirmadas: [`magic_map`](#magic_map), [`lich_banner_pattern`](#lich_banner_pattern), [`alpha_yeti_banner_pattern`](#alpha_yeti_banner_pattern), [`hydra_banner_pattern`](#hydra_banner_pattern), [`minoshroom_banner_pattern`](#minoshroom_banner_pattern), [`ur_ghast_banner_pattern`](#ur_ghast_banner_pattern), [`knight_phantom_banner_pattern`](#knight_phantom_banner_pattern), [`maze_map`](#maze_map), [`naga_banner_pattern`](#naga_banner_pattern), [`snow_queen_banner_pattern`](#snow_queen_banner_pattern).",Alta nos arquivos versionados; configurações/datapacks externos não confirmados,/images/bestiary/audited/tf/death-tome.png,DeathTomeModel.java; ClientRegistrationEvents.java; vanilla/enchanting_table_book.png; output-tf/proveniencia.json,evidence-final-tf/source.zip::twilightforest-008085c660f1f9fc9aad6376ea0dc8080b3c0629/src/generated/resources/data/twilightforest/loot_table/entities/death_tome.json; evidence-final-tf/src/main/java/twilightforest/entity/monster/DeathTome.java,/bestiary/receitas/tf.html#receita-alpha-yeti-banner-pattern | [Receita alpha_yeti_banner_pattern](lote-final-2026-10-06/tf-cards-2026-10-06.md#receita-alpha-yeti-banner-pattern) — data/twilightforest/recipe/alpha_yeti_banner_pattern.json; [Receita hydra_banner_pattern](lote-final-2026-10-06/tf-cards-2026-10-06.md#receita-hydra-banner-pattern) — data/twilightforest/recipe/hydra_banner_pattern.json; [Receita knight_phantom_banner_pattern](lote-final-2026-10-06/tf-cards-2026-10-06.md#receita-knight-phantom-banner-pattern) — data/twilightforest/recipe/knight_phantom_banner_pattern.json; [Receita lich_banner_pattern](lote-final-2026-10-06/tf-cards-2026-10-06.md#receita-lich-banner-pattern) — data/twilightforest/recipe/lich_banner_pattern.json; [Receita magic_map](lote-final-2026-10-06/tf-cards-2026-10-06.md#receita-magic-map) — data/twilightforest/recipe/magic_map.json; [Receita maze_map](lote-final-2026-10-06/tf-cards-2026-10-06.md#receita-maze-map) — data/twilightforest/recipe/maze_map.json; [Receita minoshroom_banner_pattern](lote-final-2026-10-06/tf-cards-2026-10-06.md#receita-minoshroom-banner-pattern) — data/twilightforest/recipe/minoshroom_banner_pattern.json; [Receita naga_banner_pattern](lote-final-2026-10-06/tf-cards-2026-10-06.md#receita-naga-banner-pattern) — data/twilightforest/recipe/naga_banner_pattern.json; [Receita snow_queen_banner_pattern](lote-final-2026-10-06/tf-cards-2026-10-06.md#receita-snow-queen-banner-pattern) — data/twilightforest/recipe/snow_queen_banner_pattern.json; [Receita ur_ghast_banner_pattern](lote-final-2026-10-06/tf-cards-2026-10-06.md#receita-ur-ghast-banner-pattern) — data/twilightforest/recipe/ur_ghast_banner_pattern.json
Death Tome,Twilight Forest,Criatura Monster; alvos: Player,"Rotas ativas de criação/spawner: evidence-final-tf/src/main/java/twilightforest/world/components/structures/lichtowerrevamp/LichTowerWingRoom.java, evidence-final-tf/src/main/java/twilightforest/world/components/structures/type/LichTowerStructure.java; ",Loot de morte,minecraft:writable_book,1,pool2: 1 sorteio(s); reposição se múltiplos rolls; peso bruto 2/22; normaliza apenas entradas elegíveis,Item de escrita/colecionável; registra texto.,Alta nos arquivos versionados; configurações/datapacks externos não confirmados,/images/bestiary/audited/tf/death-tome.png,DeathTomeModel.java; ClientRegistrationEvents.java; vanilla/enchanting_table_book.png; output-tf/proveniencia.json,evidence-final-tf/source.zip::twilightforest-008085c660f1f9fc9aad6376ea0dc8080b3c0629/src/generated/resources/data/twilightforest/loot_table/entities/death_tome.json; evidence-final-tf/src/main/java/twilightforest/entity/monster/DeathTome.java,[Receitas vanilla1.21.1](lote-final-2026-10-06/receitas-vanilla.json)
Death Tome,Twilight Forest,Criatura Monster; alvos: Player,"Rotas ativas de criação/spawner: evidence-final-tf/src/main/java/twilightforest/world/components/structures/lichtowerrevamp/LichTowerWingRoom.java, evidence-final-tf/src/main/java/twilightforest/world/components/structures/type/LichTowerStructure.java; ",Loot de morte,minecraft:book,1,pool2: 1 sorteio(s); reposição se múltiplos rolls; peso bruto 19/22; normaliza apenas entradas elegíveis,"Material de fabricação/encantamentos; livros encantados aplicáveis na bigorna. Receitas confirmadas: [`canopy_bookshelf`](#canopy_bookshelf), [`written_book`](#written_book).",Alta nos arquivos versionados; configurações/datapacks externos não confirmados,/images/bestiary/audited/tf/death-tome.png,DeathTomeModel.java; ClientRegistrationEvents.java; vanilla/enchanting_table_book.png; output-tf/proveniencia.json,evidence-final-tf/source.zip::twilightforest-008085c660f1f9fc9aad6376ea0dc8080b3c0629/src/generated/resources/data/twilightforest/loot_table/entities/death_tome.json; evidence-final-tf/src/main/java/twilightforest/entity/monster/DeathTome.java,/bestiary/receitas/tf.html#receita-canopy-bookshelf | [Receita canopy_bookshelf](lote-final-2026-10-06/tf-cards-2026-10-06.md#receita-canopy-bookshelf) — data/twilightforest/recipe/canopy_bookshelf.json; [Receita written_book](lote-final-2026-10-06/tf-cards-2026-10-06.md#receita-written-book) — data/twilightforest/recipe/uncrafting/written_book.json
Death Tome,Twilight Forest,Criatura Monster; alvos: Player,"Rotas ativas de criação/spawner: evidence-final-tf/src/main/java/twilightforest/world/components/structures/lichtowerrevamp/LichTowerWingRoom.java, evidence-final-tf/src/main/java/twilightforest/world/components/structures/type/LichTowerStructure.java; ",Loot de morte,minecraft:book,1,; pool2: 1 sorteio(s); reposição se múltiplos rolls; peso bruto 1/22; normaliza apenas entradas elegíveis; pool1: 1 sorteio(s); reposição se múltiplos rolls; peso bruto 32/45; normaliza apenas entradas elegíveis; encanta com nível 1–10; options=#minecraft:on_random_loot,"Material de fabricação/encantamentos; livros encantados aplicáveis na bigorna. Receitas confirmadas: [`canopy_bookshelf`](#canopy_bookshelf), [`written_book`](#written_book).",Alta nos arquivos versionados; configurações/datapacks externos não confirmados,/images/bestiary/audited/tf/death-tome.png,DeathTomeModel.java; ClientRegistrationEvents.java; vanilla/enchanting_table_book.png; output-tf/proveniencia.json,evidence-final-tf/source.zip::twilightforest-008085c660f1f9fc9aad6376ea0dc8080b3c0629/src/generated/resources/data/twilightforest/loot_table/entities/death_tome_books.json; evidence-final-tf/src/main/java/twilightforest/entity/monster/DeathTome.java,/bestiary/receitas/tf.html#receita-canopy-bookshelf | [Receita canopy_bookshelf](lote-final-2026-10-06/tf-cards-2026-10-06.md#receita-canopy-bookshelf) — data/twilightforest/recipe/canopy_bookshelf.json; [Receita written_book](lote-final-2026-10-06/tf-cards-2026-10-06.md#receita-written-book) — data/twilightforest/recipe/uncrafting/written_book.json
Death Tome,Twilight Forest,Criatura Monster; alvos: Player,"Rotas ativas de criação/spawner: evidence-final-tf/src/main/java/twilightforest/world/components/structures/lichtowerrevamp/LichTowerWingRoom.java, evidence-final-tf/src/main/java/twilightforest/world/components/structures/type/LichTowerStructure.java; ",Loot de morte,minecraft:book,1,; pool2: 1 sorteio(s); reposição se múltiplos rolls; peso bruto 1/22; normaliza apenas entradas elegíveis; pool1: 1 sorteio(s); reposição se múltiplos rolls; peso bruto 8/45; normaliza apenas entradas elegíveis; encanta com nível 11–20; options=#minecraft:on_random_loot,"Material de fabricação/encantamentos; livros encantados aplicáveis na bigorna. Receitas confirmadas: [`canopy_bookshelf`](#canopy_bookshelf), [`written_book`](#written_book).",Alta nos arquivos versionados; configurações/datapacks externos não confirmados,/images/bestiary/audited/tf/death-tome.png,DeathTomeModel.java; ClientRegistrationEvents.java; vanilla/enchanting_table_book.png; output-tf/proveniencia.json,evidence-final-tf/source.zip::twilightforest-008085c660f1f9fc9aad6376ea0dc8080b3c0629/src/generated/resources/data/twilightforest/loot_table/entities/death_tome_books.json; evidence-final-tf/src/main/java/twilightforest/entity/monster/DeathTome.java,/bestiary/receitas/tf.html#receita-canopy-bookshelf | [Receita canopy_bookshelf](lote-final-2026-10-06/tf-cards-2026-10-06.md#receita-canopy-bookshelf) — data/twilightforest/recipe/canopy_bookshelf.json; [Receita written_book](lote-final-2026-10-06/tf-cards-2026-10-06.md#receita-written-book) — data/twilightforest/recipe/uncrafting/written_book.json
Death Tome,Twilight Forest,Criatura Monster; alvos: Player,"Rotas ativas de criação/spawner: evidence-final-tf/src/main/java/twilightforest/world/components/structures/lichtowerrevamp/LichTowerWingRoom.java, evidence-final-tf/src/main/java/twilightforest/world/components/structures/type/LichTowerStructure.java; ",Loot de morte,minecraft:book,1,; pool2: 1 sorteio(s); reposição se múltiplos rolls; peso bruto 1/22; normaliza apenas entradas elegíveis; pool1: 1 sorteio(s); reposição se múltiplos rolls; peso bruto 4/45; normaliza apenas entradas elegíveis; encanta com nível 21–30; options=#minecraft:on_random_loot,"Material de fabricação/encantamentos; livros encantados aplicáveis na bigorna. Receitas confirmadas: [`canopy_bookshelf`](#canopy_bookshelf), [`written_book`](#written_book).",Alta nos arquivos versionados; configurações/datapacks externos não confirmados,/images/bestiary/audited/tf/death-tome.png,DeathTomeModel.java; ClientRegistrationEvents.java; vanilla/enchanting_table_book.png; output-tf/proveniencia.json,evidence-final-tf/source.zip::twilightforest-008085c660f1f9fc9aad6376ea0dc8080b3c0629/src/generated/resources/data/twilightforest/loot_table/entities/death_tome_books.json; evidence-final-tf/src/main/java/twilightforest/entity/monster/DeathTome.java,/bestiary/receitas/tf.html#receita-canopy-bookshelf | [Receita canopy_bookshelf](lote-final-2026-10-06/tf-cards-2026-10-06.md#receita-canopy-bookshelf) — data/twilightforest/recipe/canopy_bookshelf.json; [Receita written_book](lote-final-2026-10-06/tf-cards-2026-10-06.md#receita-written-book) — data/twilightforest/recipe/uncrafting/written_book.json
Death Tome,Twilight Forest,Criatura Monster; alvos: Player,"Rotas ativas de criação/spawner: evidence-final-tf/src/main/java/twilightforest/world/components/structures/lichtowerrevamp/LichTowerWingRoom.java, evidence-final-tf/src/main/java/twilightforest/world/components/structures/type/LichTowerStructure.java; ",Loot de morte,minecraft:book,1,; pool2: 1 sorteio(s); reposição se múltiplos rolls; peso bruto 1/22; normaliza apenas entradas elegíveis; pool1: 1 sorteio(s); reposição se múltiplos rolls; peso bruto 1/45; normaliza apenas entradas elegíveis; encanta com nível 31–40; options=#minecraft:on_random_loot,"Material de fabricação/encantamentos; livros encantados aplicáveis na bigorna. Receitas confirmadas: [`canopy_bookshelf`](#canopy_bookshelf), [`written_book`](#written_book).",Alta nos arquivos versionados; configurações/datapacks externos não confirmados,/images/bestiary/audited/tf/death-tome.png,DeathTomeModel.java; ClientRegistrationEvents.java; vanilla/enchanting_table_book.png; output-tf/proveniencia.json,evidence-final-tf/source.zip::twilightforest-008085c660f1f9fc9aad6376ea0dc8080b3c0629/src/generated/resources/data/twilightforest/loot_table/entities/death_tome_books.json; evidence-final-tf/src/main/java/twilightforest/entity/monster/DeathTome.java,/bestiary/receitas/tf.html#receita-canopy-bookshelf | [Receita canopy_bookshelf](lote-final-2026-10-06/tf-cards-2026-10-06.md#receita-canopy-bookshelf) — data/twilightforest/recipe/canopy_bookshelf.json; [Receita written_book](lote-final-2026-10-06/tf-cards-2026-10-06.md#receita-written-book) — data/twilightforest/recipe/uncrafting/written_book.json
Death Tome,Twilight Forest,Criatura Monster; alvos: Player,"Rotas ativas de criação/spawner: evidence-final-tf/src/main/java/twilightforest/world/components/structures/lichtowerrevamp/LichTowerWingRoom.java, evidence-final-tf/src/main/java/twilightforest/world/components/structures/type/LichTowerStructure.java; ",Loot de morte,twilightforest:magic_map_focus,1,"pool3: 1 sorteio(s); reposição se múltiplos rolls; morte atribuída ao jogador; sem Saque 2.5%; Saque I 3%, +0.5 p.p./nível acima de I; peso bruto 1/1; normaliza apenas entradas elegíveis",Material para Magic Map. Receitas confirmadas: [`magic_map`](#magic_map).,Alta nos arquivos versionados; configurações/datapacks externos não confirmados,/images/bestiary/audited/tf/death-tome.png,DeathTomeModel.java; ClientRegistrationEvents.java; vanilla/enchanting_table_book.png; output-tf/proveniencia.json,evidence-final-tf/source.zip::twilightforest-008085c660f1f9fc9aad6376ea0dc8080b3c0629/src/generated/resources/data/twilightforest/loot_table/entities/death_tome.json; evidence-final-tf/src/main/java/twilightforest/entity/monster/DeathTome.java,/bestiary/receitas/tf.html#receita-magic-map | [Receita magic_map](lote-final-2026-10-06/tf-cards-2026-10-06.md#receita-magic-map) — data/twilightforest/recipe/magic_map.json
Death Tome,Twilight Forest,Criatura Monster; alvos: Player,"Rotas ativas de criação/spawner: evidence-final-tf/src/main/java/twilightforest/world/components/structures/lichtowerrevamp/LichTowerWingRoom.java, evidence-final-tf/src/main/java/twilightforest/world/components/structures/type/LichTowerStructure.java; ",Bônus global Lifedrain Scepter,Excluído pela tag lifedrain,0,"0 for this mechanism under resolved tags; onUseTick count%5==0; target pickable intersected by eye ray<=20, LivingEntity not ArmorStand; hurt(1) accepted; getHealth<=1; non-boss; outside no-flesh tag; ServerLevel and user Player; ['lifedrain_drops_no_flesh direto']",Não aplicável,Alta no código/tags; execução/configuração do pack não observada,/images/bestiary/audited/tf/death-tome.png,DeathTomeModel.java; ClientRegistrationEvents.java; vanilla/enchanting_table_book.png; output-tf/proveniencia.json,dados-preservados/calibracao/evidencias-twilight-lifedrain-por-mob-2026-10-01.json; evidence-final-tf/src/main/java/twilightforest/entity/monster/DeathTome.java,Não aplicável: uso direto ou nenhuma receita identificada na build
Deer,Twilight Forest,Criatura Animal; comportamento definido na classe e herança citadas,"Bioma clearing (creature); peso 15, grupo 4–5; data/twilightforest/worldgen/biome/clearing.json; Bioma dense_forest (creature); peso 15, grupo 4–5; data/twilightforest/worldgen/biome/dense_forest.json; Bioma dense_mushroom_forest (creature); peso 15, grupo 4–5; data/twilightforest/worldgen/biome/dense_mushroom_forest.json; Bioma enchanted_forest (creature); peso 15, grupo 4–5; data/twilightforest/worldgen/biome/enchanted_forest.json; Bioma firefly_forest (creature); peso 15, grupo 4–5; data/twilightforest/worldgen/biome/firefly_forest.json; Bioma forest (creature); peso 15, grupo 4–5; data/twilightforest/worldgen/biome/forest.json; Bioma highlands (creature); peso 15, grupo 4–5; data/twilightforest/worldgen/biome/highlands.json; Bioma lake (creature); peso 15, grupo 4–5; data/twilightforest/worldgen/biome/lake.json; Bioma mushroom_forest (creature); peso 15, grupo 4–5; data/twilightforest/worldgen/biome/mushroom_forest.json; Bioma oak_savannah (creature); peso 15, grupo 4–5; data/twilightforest/worldgen/biome/oak_savannah.json; Bioma stream (creature); peso 15, grupo 4–5; data/twilightforest/worldgen/biome/stream.json; Rotas ativas de criação/spawner: evidence-final-tf/src/main/java/twilightforest/world/registration/biomes/BiomeHelper.java; ",Loot de morte,minecraft:leather,0–2,pool1: 1 sorteio(s); reposição se múltiplos rolls; peso bruto 1/1; normaliza apenas entradas elegíveis; set_count; Saque minecraft:looting: bônus Math.round(nível × sorteio 0–1); limite sem limite explícito,Material de livros e equipamentos.,Alta nos arquivos versionados; configurações/datapacks externos não confirmados,/images/bestiary/audited/tf/deer.png,DeerModel.java; wilddeer.png; output-tf/proveniencia.json,evidence-final-tf/source.zip::twilightforest-008085c660f1f9fc9aad6376ea0dc8080b3c0629/src/generated/resources/data/twilightforest/loot_table/entities/deer.json; evidence-final-tf/src/main/java/twilightforest/entity/passive/Deer.java,[Receitas vanilla1.21.1](lote-final-2026-10-06/receitas-vanilla.json)
Deer,Twilight Forest,Criatura Animal; comportamento definido na classe e herança citadas,"Bioma clearing (creature); peso 15, grupo 4–5; data/twilightforest/worldgen/biome/clearing.json; Bioma dense_forest (creature); peso 15, grupo 4–5; data/twilightforest/worldgen/biome/dense_forest.json; Bioma dense_mushroom_forest (creature); peso 15, grupo 4–5; data/twilightforest/worldgen/biome/dense_mushroom_forest.json; Bioma enchanted_forest (creature); peso 15, grupo 4–5; data/twilightforest/worldgen/biome/enchanted_forest.json; Bioma firefly_forest (creature); peso 15, grupo 4–5; data/twilightforest/worldgen/biome/firefly_forest.json; Bioma forest (creature); peso 15, grupo 4–5; data/twilightforest/worldgen/biome/forest.json; Bioma highlands (creature); peso 15, grupo 4–5; data/twilightforest/worldgen/biome/highlands.json; Bioma lake (creature); peso 15, grupo 4–5; data/twilightforest/worldgen/biome/lake.json; Bioma mushroom_forest (creature); peso 15, grupo 4–5; data/twilightforest/worldgen/biome/mushroom_forest.json; Bioma oak_savannah (creature); peso 15, grupo 4–5; data/twilightforest/worldgen/biome/oak_savannah.json; Bioma stream (creature); peso 15, grupo 4–5; data/twilightforest/worldgen/biome/stream.json; Rotas ativas de criação/spawner: evidence-final-tf/src/main/java/twilightforest/world/registration/biomes/BiomeHelper.java; ",Loot de morte,twilightforest:raw_venison,1–3,"pool2: 1 sorteio(s); reposição se múltiplos rolls; peso bruto 1/1; normaliza apenas entradas elegíveis; set_count; aplica receita de fundição ao item; função somente se (this satisfaz {""flags"": {""is_on_fire"": true}}) OU (direct_attacker satisfaz {""equipment"": {""mainhand"": {""predicates"": {""minecraft:enchantments"": [{""enchantments"": ""#minecraft:smelts_loot""}]}}}}); Saque minecraft:looting: bônus Math.round(nível × sorteio 0–1); limite sem limite explícito","Alimento cru, cozinhável em Cooked Venison. Receitas confirmadas: [`venison_jerky`](#venison_jerky), [`campfired_venison`](#campfired_venison), [`smoked_venison`](#smoked_venison), [`smelted_venison`](#smelted_venison).",Alta nos arquivos versionados; configurações/datapacks externos não confirmados,/images/bestiary/audited/tf/deer.png,DeerModel.java; wilddeer.png; output-tf/proveniencia.json,evidence-final-tf/source.zip::twilightforest-008085c660f1f9fc9aad6376ea0dc8080b3c0629/src/generated/resources/data/twilightforest/loot_table/entities/deer.json; evidence-final-tf/src/main/java/twilightforest/entity/passive/Deer.java,/bestiary/receitas/tf.html#receita-campfired-venison | [Receita campfired_venison](lote-final-2026-10-06/tf-cards-2026-10-06.md#receita-campfired-venison) — data/twilightforest/recipe/food/campfired_venison.json; [Receita smelted_venison](lote-final-2026-10-06/tf-cards-2026-10-06.md#receita-smelted-venison) — data/twilightforest/recipe/food/smelted_venison.json; [Receita smoked_venison](lote-final-2026-10-06/tf-cards-2026-10-06.md#receita-smoked-venison) — data/twilightforest/recipe/food/smoked_venison.json; [Receita venison_jerky](lote-final-2026-10-06/tf-cards-2026-10-06.md#receita-venison-jerky) — data/twilightforest/recipe/venison_jerky.json
Deer,Twilight Forest,Criatura Animal; comportamento definido na classe e herança citadas,"Bioma clearing (creature); peso 15, grupo 4–5; data/twilightforest/worldgen/biome/clearing.json; Bioma dense_forest (creature); peso 15, grupo 4–5; data/twilightforest/worldgen/biome/dense_forest.json; Bioma dense_mushroom_forest (creature); peso 15, grupo 4–5; data/twilightforest/worldgen/biome/dense_mushroom_forest.json; Bioma enchanted_forest (creature); peso 15, grupo 4–5; data/twilightforest/worldgen/biome/enchanted_forest.json; Bioma firefly_forest (creature); peso 15, grupo 4–5; data/twilightforest/worldgen/biome/firefly_forest.json; Bioma forest (creature); peso 15, grupo 4–5; data/twilightforest/worldgen/biome/forest.json; Bioma highlands (creature); peso 15, grupo 4–5; data/twilightforest/worldgen/biome/highlands.json; Bioma lake (creature); peso 15, grupo 4–5; data/twilightforest/worldgen/biome/lake.json; Bioma mushroom_forest (creature); peso 15, grupo 4–5; data/twilightforest/worldgen/biome/mushroom_forest.json; Bioma oak_savannah (creature); peso 15, grupo 4–5; data/twilightforest/worldgen/biome/oak_savannah.json; Bioma stream (creature); peso 15, grupo 4–5; data/twilightforest/worldgen/biome/stream.json; Rotas ativas de criação/spawner: evidence-final-tf/src/main/java/twilightforest/world/registration/biomes/BiomeHelper.java; ",Bônus global Lifedrain Scepter,minecraft:rotten_flesh,0..2 uniform integer,"2/3 conditional on bonus call; onUseTick count%5==0; target pickable intersected by eye ray<=20, LivingEntity not ArmorStand; hurt(1) accepted; getHealth<=1; non-boss; outside no-flesh tag; ServerLevel and user Player; []",Alimento com risco de Hunger; comércio com clérigo/alimentar lobos,Alta no código/tags; execução/configuração do pack não observada,/images/bestiary/audited/tf/deer.png,DeerModel.java; wilddeer.png; output-tf/proveniencia.json,dados-preservados/calibracao/evidencias-twilight-lifedrain-por-mob-2026-10-01.json; evidence-final-tf/src/main/java/twilightforest/entity/passive/Deer.java,/bestiary/receitas/tf.html#receita-zombie-scepter | [Receita zombie_scepter](lote-final-2026-10-06/tf-cards-2026-10-06.md#receita-zombie-scepter) — data/twilightforest/recipe/equipment/zombie_scepter.json; [Receita monster_jerky](lote-final-2026-10-06/tf-cards-2026-10-06.md#receita-monster-jerky) — data/twilightforest/recipe/monster_jerky.json
Dwarf Rabbit,Twilight Forest,Criatura Animal; comportamento definido na classe e herança citadas,"Bioma clearing (creature); peso 10, grupo 4–5; data/twilightforest/worldgen/biome/clearing.json; Bioma dense_forest (creature); peso 10, grupo 4–5; data/twilightforest/worldgen/biome/dense_forest.json; Bioma dense_mushroom_forest (creature); peso 10, grupo 4–5; data/twilightforest/worldgen/biome/dense_mushroom_forest.json; Bioma enchanted_forest (creature); peso 10, grupo 4–5; data/twilightforest/worldgen/biome/enchanted_forest.json; Bioma firefly_forest (creature); peso 10, grupo 4–5; data/twilightforest/worldgen/biome/firefly_forest.json; Bioma forest (creature); peso 10, grupo 4–5; data/twilightforest/worldgen/biome/forest.json; Bioma highlands (creature); peso 10, grupo 4–5; data/twilightforest/worldgen/biome/highlands.json; Bioma lake (creature); peso 10, grupo 4–5; data/twilightforest/worldgen/biome/lake.json; Bioma mushroom_forest (creature); peso 10, grupo 4–5; data/twilightforest/worldgen/biome/mushroom_forest.json; Bioma oak_savannah (creature); peso 10, grupo 4–5; data/twilightforest/worldgen/biome/oak_savannah.json; Bioma stream (creature); peso 10, grupo 4–5; data/twilightforest/worldgen/biome/stream.json; Rotas ativas de criação/spawner: evidence-final-tf/src/main/java/twilightforest/world/registration/biomes/BiomeHelper.java; ",Morte → tabela vanilla delegada,minecraft:rabbit_hide,"Uinteiro[0,1] + bônus Looting","Looting acrescenta round(L × Ufloat[0,1]); L é o nível efetivo no contexto da função. Quantidade zero não gera item.",Material de Leather e Bundle por receitas abaixo.,Alta no código/JSON versionado; pack não executado,/images/bestiary/audited/tf/dwarf-rabbit-dutch.png,BunnyModel.java; bunnydutch.png; bunnywhite.png; bunnybrown.png; output-tf/proveniencia.json,minecraft:entities/rabbit; dados-preservados/calibracao/evidencias-twilight-delegacoes-parcial-2026-10-01.json; evidence-final-tf/src/main/java/twilightforest/entity/passive/DwarfRabbit.java,/bestiary/receitas/tf.html#receita-straight-ahead-modifier | [Receita straight_ahead_modifier](lote-final-2026-10-06/tf-cards-2026-10-06.md#receita-straight-ahead-modifier) — data/twilightforest/recipe/add_modifier_to_travellers_gear/travellers_boots/straight_ahead_modifier.json; [Receita agile_ranger_modifier](lote-final-2026-10-06/tf-cards-2026-10-06.md#receita-agile-ranger-modifier) — data/twilightforest/recipe/add_modifier_to_travellers_gear/travellers_wings/agile_ranger_modifier.json
Dwarf Rabbit,Twilight Forest,Criatura Animal; comportamento definido na classe e herança citadas,"Bioma clearing (creature); peso 10, grupo 4–5; data/twilightforest/worldgen/biome/clearing.json; Bioma dense_forest (creature); peso 10, grupo 4–5; data/twilightforest/worldgen/biome/dense_forest.json; Bioma dense_mushroom_forest (creature); peso 10, grupo 4–5; data/twilightforest/worldgen/biome/dense_mushroom_forest.json; Bioma enchanted_forest (creature); peso 10, grupo 4–5; data/twilightforest/worldgen/biome/enchanted_forest.json; Bioma firefly_forest (creature); peso 10, grupo 4–5; data/twilightforest/worldgen/biome/firefly_forest.json; Bioma forest (creature); peso 10, grupo 4–5; data/twilightforest/worldgen/biome/forest.json; Bioma highlands (creature); peso 10, grupo 4–5; data/twilightforest/worldgen/biome/highlands.json; Bioma lake (creature); peso 10, grupo 4–5; data/twilightforest/worldgen/biome/lake.json; Bioma mushroom_forest (creature); peso 10, grupo 4–5; data/twilightforest/worldgen/biome/mushroom_forest.json; Bioma oak_savannah (creature); peso 10, grupo 4–5; data/twilightforest/worldgen/biome/oak_savannah.json; Bioma stream (creature); peso 10, grupo 4–5; data/twilightforest/worldgen/biome/stream.json; Rotas ativas de criação/spawner: evidence-final-tf/src/main/java/twilightforest/world/registration/biomes/BiomeHelper.java; ",Morte → tabela vanilla delegada,minecraft:rabbit,1 + bônus Looting,"Converte em cooked_rabbit se on_fire ou direct_attacker com encantamento da tag minecraft:smelts_loot na mão principal. Looting acrescenta round(L × Ufloat[0,1]); L é o nível efetivo no contexto da função. Quantidade zero não gera item.",Alimento cru/cozinhável; receitas completas abaixo.,Alta no código/JSON versionado; pack não executado,/images/bestiary/audited/tf/dwarf-rabbit-dutch.png,BunnyModel.java; bunnydutch.png; bunnywhite.png; bunnybrown.png; output-tf/proveniencia.json,minecraft:entities/rabbit; dados-preservados/calibracao/evidencias-twilight-delegacoes-parcial-2026-10-01.json; evidence-final-tf/src/main/java/twilightforest/entity/passive/DwarfRabbit.java,/bestiary/receitas/tf.html#receita-rabbit-jerky | [Receita rabbit_jerky](lote-final-2026-10-06/tf-cards-2026-10-06.md#receita-rabbit-jerky) — data/twilightforest/recipe/rabbit_jerky.json
Dwarf Rabbit,Twilight Forest,Criatura Animal; comportamento definido na classe e herança citadas,"Bioma clearing (creature); peso 10, grupo 4–5; data/twilightforest/worldgen/biome/clearing.json; Bioma dense_forest (creature); peso 10, grupo 4–5; data/twilightforest/worldgen/biome/dense_forest.json; Bioma dense_mushroom_forest (creature); peso 10, grupo 4–5; data/twilightforest/worldgen/biome/dense_mushroom_forest.json; Bioma enchanted_forest (creature); peso 10, grupo 4–5; data/twilightforest/worldgen/biome/enchanted_forest.json; Bioma firefly_forest (creature); peso 10, grupo 4–5; data/twilightforest/worldgen/biome/firefly_forest.json; Bioma forest (creature); peso 10, grupo 4–5; data/twilightforest/worldgen/biome/forest.json; Bioma highlands (creature); peso 10, grupo 4–5; data/twilightforest/worldgen/biome/highlands.json; Bioma lake (creature); peso 10, grupo 4–5; data/twilightforest/worldgen/biome/lake.json; Bioma mushroom_forest (creature); peso 10, grupo 4–5; data/twilightforest/worldgen/biome/mushroom_forest.json; Bioma oak_savannah (creature); peso 10, grupo 4–5; data/twilightforest/worldgen/biome/oak_savannah.json; Bioma stream (creature); peso 10, grupo 4–5; data/twilightforest/worldgen/biome/stream.json; Rotas ativas de criação/spawner: evidence-final-tf/src/main/java/twilightforest/world/registration/biomes/BiomeHelper.java; ",Morte → tabela vanilla delegada,minecraft:cooked_rabbit,1 + bônus Looting,"Alternativa ao rabbit da mesma entrada, sob condição de furnace_smelt acima; não somar duas recompensas.",Alimento e ingrediente de Rabbit Stew.,Alta no código/JSON versionado; pack não executado,/images/bestiary/audited/tf/dwarf-rabbit-dutch.png,BunnyModel.java; bunnydutch.png; bunnywhite.png; bunnybrown.png; output-tf/proveniencia.json,minecraft:entities/rabbit; dados-preservados/calibracao/evidencias-twilight-delegacoes-parcial-2026-10-01.json; evidence-final-tf/src/main/java/twilightforest/entity/passive/DwarfRabbit.java,[Receitas vanilla1.21.1](lote-final-2026-10-06/receitas-vanilla.json)
Dwarf Rabbit,Twilight Forest,Criatura Animal; comportamento definido na classe e herança citadas,"Bioma clearing (creature); peso 10, grupo 4–5; data/twilightforest/worldgen/biome/clearing.json; Bioma dense_forest (creature); peso 10, grupo 4–5; data/twilightforest/worldgen/biome/dense_forest.json; Bioma dense_mushroom_forest (creature); peso 10, grupo 4–5; data/twilightforest/worldgen/biome/dense_mushroom_forest.json; Bioma enchanted_forest (creature); peso 10, grupo 4–5; data/twilightforest/worldgen/biome/enchanted_forest.json; Bioma firefly_forest (creature); peso 10, grupo 4–5; data/twilightforest/worldgen/biome/firefly_forest.json; Bioma forest (creature); peso 10, grupo 4–5; data/twilightforest/worldgen/biome/forest.json; Bioma highlands (creature); peso 10, grupo 4–5; data/twilightforest/worldgen/biome/highlands.json; Bioma lake (creature); peso 10, grupo 4–5; data/twilightforest/worldgen/biome/lake.json; Bioma mushroom_forest (creature); peso 10, grupo 4–5; data/twilightforest/worldgen/biome/mushroom_forest.json; Bioma oak_savannah (creature); peso 10, grupo 4–5; data/twilightforest/worldgen/biome/oak_savannah.json; Bioma stream (creature); peso 10, grupo 4–5; data/twilightforest/worldgen/biome/stream.json; Rotas ativas de criação/spawner: evidence-final-tf/src/main/java/twilightforest/world/registration/biomes/BiomeHelper.java; ",Morte → tabela vanilla delegada,minecraft:rabbit_foot,1 quando pool aceita,"killed_by_player; chance do pool 10% sem Looting, 13%/16%/19% com níveis 1/2/3. Sem aumento de quantidade nessa entrada.",Ingrediente de poções de salto; receitas JSON não enumeram o brewing.,Alta no código/JSON versionado; pack não executado,/images/bestiary/audited/tf/dwarf-rabbit-dutch.png,BunnyModel.java; bunnydutch.png; bunnywhite.png; bunnybrown.png; output-tf/proveniencia.json,minecraft:entities/rabbit; dados-preservados/calibracao/evidencias-twilight-delegacoes-parcial-2026-10-01.json; evidence-final-tf/src/main/java/twilightforest/entity/passive/DwarfRabbit.java,[Receitas vanilla1.21.1](lote-final-2026-10-06/receitas-vanilla.json)
Dwarf Rabbit,Twilight Forest,Criatura Animal; comportamento definido na classe e herança citadas,"Bioma clearing (creature); peso 10, grupo 4–5; data/twilightforest/worldgen/biome/clearing.json; Bioma dense_forest (creature); peso 10, grupo 4–5; data/twilightforest/worldgen/biome/dense_forest.json; Bioma dense_mushroom_forest (creature); peso 10, grupo 4–5; data/twilightforest/worldgen/biome/dense_mushroom_forest.json; Bioma enchanted_forest (creature); peso 10, grupo 4–5; data/twilightforest/worldgen/biome/enchanted_forest.json; Bioma firefly_forest (creature); peso 10, grupo 4–5; data/twilightforest/worldgen/biome/firefly_forest.json; Bioma forest (creature); peso 10, grupo 4–5; data/twilightforest/worldgen/biome/forest.json; Bioma highlands (creature); peso 10, grupo 4–5; data/twilightforest/worldgen/biome/highlands.json; Bioma lake (creature); peso 10, grupo 4–5; data/twilightforest/worldgen/biome/lake.json; Bioma mushroom_forest (creature); peso 10, grupo 4–5; data/twilightforest/worldgen/biome/mushroom_forest.json; Bioma oak_savannah (creature); peso 10, grupo 4–5; data/twilightforest/worldgen/biome/oak_savannah.json; Bioma stream (creature); peso 10, grupo 4–5; data/twilightforest/worldgen/biome/stream.json; Rotas ativas de criação/spawner: evidence-final-tf/src/main/java/twilightforest/world/registration/biomes/BiomeHelper.java; ",Bônus global Lifedrain Scepter,minecraft:rotten_flesh,0..2 uniform integer,"2/3 conditional on bonus call; onUseTick count%5==0; target pickable intersected by eye ray<=20, LivingEntity not ArmorStand; hurt(1) accepted; getHealth<=1; non-boss; outside no-flesh tag; ServerLevel and user Player; []",Alimento com risco de Hunger; comércio com clérigo/alimentar lobos,Alta no código/tags; execução/configuração do pack não observada,/images/bestiary/audited/tf/dwarf-rabbit-dutch.png,BunnyModel.java; bunnydutch.png; bunnywhite.png; bunnybrown.png; output-tf/proveniencia.json,dados-preservados/calibracao/evidencias-twilight-lifedrain-por-mob-2026-10-01.json; evidence-final-tf/src/main/java/twilightforest/entity/passive/DwarfRabbit.java,/bestiary/receitas/tf.html#receita-zombie-scepter | [Receita zombie_scepter](lote-final-2026-10-06/tf-cards-2026-10-06.md#receita-zombie-scepter) — data/twilightforest/recipe/equipment/zombie_scepter.json; [Receita monster_jerky](lote-final-2026-10-06/tf-cards-2026-10-06.md#receita-monster-jerky) — data/twilightforest/recipe/monster_jerky.json
Fire Beetle,Twilight Forest,Criatura Monster; alvos: Player,"Rotas ativas de criação/spawner: evidence-final-tf/src/main/java/twilightforest/world/components/structures/HollowHillComponent.java, evidence-final-tf/src/main/java/twilightforest/world/components/structures/type/HollowHillStructure.java, evidence-final-tf/src/main/java/twilightforest/world/components/structures/type/LabyrinthStructure.java; ",Loot de morte,minecraft:gunpowder,0–2,pool1: 1 sorteio(s); reposição se múltiplos rolls; peso bruto 1/1; normaliza apenas entradas elegíveis; set_count; Saque minecraft:looting: bônus Math.round(nível × sorteio 0–1); limite sem limite explícito,"Material de TNT, fogos e poções arremessáveis.",Alta nos arquivos versionados; configurações/datapacks externos não confirmados,/images/bestiary/audited/tf/fire-beetle.png,FireBeetleModel.java; output-tf/proveniencia.json,evidence-final-tf/source.zip::twilightforest-008085c660f1f9fc9aad6376ea0dc8080b3c0629/src/generated/resources/data/twilightforest/loot_table/entities/fire_beetle.json; evidence-final-tf/src/main/java/twilightforest/entity/monster/FireBeetle.java,[Receitas vanilla1.21.1](lote-final-2026-10-06/receitas-vanilla.json)
Fire Beetle,Twilight Forest,Criatura Monster; alvos: Player,"Rotas ativas de criação/spawner: evidence-final-tf/src/main/java/twilightforest/world/components/structures/HollowHillComponent.java, evidence-final-tf/src/main/java/twilightforest/world/components/structures/type/HollowHillStructure.java, evidence-final-tf/src/main/java/twilightforest/world/components/structures/type/LabyrinthStructure.java; ",Bônus global Lifedrain Scepter,minecraft:rotten_flesh,0..2 uniform integer,"2/3 conditional on bonus call; onUseTick count%5==0; target pickable intersected by eye ray<=20, LivingEntity not ArmorStand; hurt(1) accepted; getHealth<=1; non-boss; outside no-flesh tag; ServerLevel and user Player; []",Alimento com risco de Hunger; comércio com clérigo/alimentar lobos,Alta no código/tags; execução/configuração do pack não observada,/images/bestiary/audited/tf/fire-beetle.png,FireBeetleModel.java; output-tf/proveniencia.json,dados-preservados/calibracao/evidencias-twilight-lifedrain-por-mob-2026-10-01.json; evidence-final-tf/src/main/java/twilightforest/entity/monster/FireBeetle.java,/bestiary/receitas/tf.html#receita-zombie-scepter | [Receita zombie_scepter](lote-final-2026-10-06/tf-cards-2026-10-06.md#receita-zombie-scepter) — data/twilightforest/recipe/equipment/zombie_scepter.json; [Receita monster_jerky](lote-final-2026-10-06/tf-cards-2026-10-06.md#receita-monster-jerky) — data/twilightforest/recipe/monster_jerky.json
Giant Miner,Twilight Forest,Criatura Monster; alvos: Player,"Rotas ativas de criação/spawner: evidence-final-tf/src/main/java/twilightforest/world/components/structures/trollcave/CloudCastleComponent.java, evidence-final-tf/src/main/java/twilightforest/world/components/structures/type/GiantHouseStructure.java, evidence-final-tf/src/main/java/twilightforest/world/components/structures/type/TrollCaveStructure.java; ",Loot de morte,twilightforest:giant_pickaxe,1,pool1: 1 sorteio(s); reposição se múltiplos rolls; morte atribuída ao jogador; peso bruto 1/1; normaliza apenas entradas elegíveis,"Ferramenta de mineração: adiciona2,5 ao alcance de blocos e entidades quando na mão. getDestroySpeed multiplica64 para GiantBlock e adicionalmente64 para Giant Obsidian. Evento de mineração quebra blocos do mesmo tipo no volume alinhado de4×4×4, sujeito à colheita autorizada; conversão de64drops em bloco gigante só quando conjunto homogêneo e mapa de conversões permite. Fontes: [`GiantPickItem`](https://github.com/TeamTwilight/twilightforest/blob/008085c660f1f9fc9aad6376ea0dc8080b3c0629/src/main/java/twilightforest/item/GiantPickItem.java), [`ToolEvents`](https://github.com/TeamTwilight/twilightforest/blob/008085c660f1f9fc9aad6376ea0dc8080b3c0629/src/main/java/twilightforest/events/ToolEvents.java), [`GiantToolGroupingModifier`](https://github.com/TeamTwilight/twilightforest/blob/008085c660f1f9fc9aad6376ea0dc8080b3c0629/src/main/java/twilightforest/loot/modifiers/GiantToolGroupingModifier.java).",Alta nos arquivos versionados; configurações/datapacks externos não confirmados,/images/bestiary/audited/tf/giant-miner.png,TFGiantRenderer.java; GiantMiner.java; ArmoredGiant.java; giant_tool_base.json; giant_pickaxe.json; giant_sword.json; vanilla/fwp.java; vanilla/steve.png; vanilla/stone_pickaxe.png; output-tf/proveniencia.json,evidence-final-tf/source.zip::twilightforest-008085c660f1f9fc9aad6376ea0dc8080b3c0629/src/generated/resources/data/twilightforest/loot_table/entities/giant_miner.json; evidence-final-tf/src/main/java/twilightforest/entity/monster/GiantMiner.java,Não aplicável: uso direto ou nenhuma receita identificada na build
Giant Miner,Twilight Forest,Criatura Monster; alvos: Player,"Rotas ativas de criação/spawner: evidence-final-tf/src/main/java/twilightforest/world/components/structures/trollcave/CloudCastleComponent.java, evidence-final-tf/src/main/java/twilightforest/world/components/structures/type/GiantHouseStructure.java, evidence-final-tf/src/main/java/twilightforest/world/components/structures/type/TrollCaveStructure.java; ",Bônus global Lifedrain Scepter,minecraft:rotten_flesh,0..2 uniform integer,"2/3 conditional on bonus call; onUseTick count%5==0; target pickable intersected by eye ray<=20, LivingEntity not ArmorStand; hurt(1) accepted; getHealth<=1; non-boss; outside no-flesh tag; ServerLevel and user Player; []",Alimento com risco de Hunger; comércio com clérigo/alimentar lobos,Alta no código/tags; execução/configuração do pack não observada,/images/bestiary/audited/tf/giant-miner.png,TFGiantRenderer.java; GiantMiner.java; ArmoredGiant.java; giant_tool_base.json; giant_pickaxe.json; giant_sword.json; vanilla/fwp.java; vanilla/steve.png; vanilla/stone_pickaxe.png; output-tf/proveniencia.json,dados-preservados/calibracao/evidencias-twilight-lifedrain-por-mob-2026-10-01.json; evidence-final-tf/src/main/java/twilightforest/entity/monster/GiantMiner.java,/bestiary/receitas/tf.html#receita-zombie-scepter | [Receita zombie_scepter](lote-final-2026-10-06/tf-cards-2026-10-06.md#receita-zombie-scepter) — data/twilightforest/recipe/equipment/zombie_scepter.json; [Receita monster_jerky](lote-final-2026-10-06/tf-cards-2026-10-06.md#receita-monster-jerky) — data/twilightforest/recipe/monster_jerky.json
Harbinger Cube,Twilight Forest,Criatura Monster; alvos: Player,"não confirmado: rota natural de sobrevivência ausente após worldgen, estruturas, spawners e classes do commit008085c6. Adherent/Harbinger têm entradas FinalCastleStructure comentadas; apenas registro/SpawnPlacement não cria spawn. Roving Cube também sem inserção ativa localizada. Exceção; não atribuir encontro garantido no castelo.",Tabela de morte vazia,Sem itens no JSON,0,; pools=[]; mecanismos paralelos separados,Não aplicável,Alta nos arquivos versionados; configurações/datapacks externos não confirmados,/images/bestiary/audited/tf/harbinger-cube.png,HarbingerCubeModel.java; apocalypse2.png; output-tf/proveniencia.json,evidence-final-tf/source.zip::twilightforest-008085c660f1f9fc9aad6376ea0dc8080b3c0629/src/generated/resources/data/twilightforest/loot_table/entities/harbinger_cube.json; evidence-final-tf/src/main/java/twilightforest/entity/monster/HarbingerCube.java,Não aplicável: uso direto ou nenhuma receita identificada na build
Harbinger Cube,Twilight Forest,Criatura Monster; alvos: Player,"não confirmado: rota natural de sobrevivência ausente após worldgen, estruturas, spawners e classes do commit008085c6. Adherent/Harbinger têm entradas FinalCastleStructure comentadas; apenas registro/SpawnPlacement não cria spawn. Roving Cube também sem inserção ativa localizada. Exceção; não atribuir encontro garantido no castelo.",Bônus global Lifedrain Scepter,minecraft:rotten_flesh,0..2 uniform integer,"2/3 conditional on bonus call; onUseTick count%5==0; target pickable intersected by eye ray<=20, LivingEntity not ArmorStand; hurt(1) accepted; getHealth<=1; non-boss; outside no-flesh tag; ServerLevel and user Player; []",Alimento com risco de Hunger; comércio com clérigo/alimentar lobos,Alta no código/tags; execução/configuração do pack não observada,/images/bestiary/audited/tf/harbinger-cube.png,HarbingerCubeModel.java; apocalypse2.png; output-tf/proveniencia.json,dados-preservados/calibracao/evidencias-twilight-lifedrain-por-mob-2026-10-01.json; evidence-final-tf/src/main/java/twilightforest/entity/monster/HarbingerCube.java,/bestiary/receitas/tf.html#receita-zombie-scepter | [Receita zombie_scepter](lote-final-2026-10-06/tf-cards-2026-10-06.md#receita-zombie-scepter) — data/twilightforest/recipe/equipment/zombie_scepter.json; [Receita monster_jerky](lote-final-2026-10-06/tf-cards-2026-10-06.md#receita-monster-jerky) — data/twilightforest/recipe/monster_jerky.json
Hedge Spider,Twilight Forest,Criatura Spider; alvos: Player,"Rotas ativas de criação/spawner: evidence-final-tf/src/main/java/twilightforest/world/components/structures/HedgeMazeComponent.java, evidence-final-tf/src/main/java/twilightforest/world/components/structures/lichtower/TowerWingComponent.java, evidence-final-tf/src/main/java/twilightforest/world/components/structures/lichtowerrevamp/LichTowerUtil.java, evidence-final-tf/src/main/java/twilightforest/world/components/structures/lichtowerrevamp/LichTowerWingRoom.java; ",Morte → tabela vanilla delegada,minecraft:string,"Uinteiro[0,2] + bônus Looting","Looting acrescenta round(L × Ufloat[0,1]); L é o nível efetivo no contexto da função. Quantidade zero não gera item.",Material de receitas e colocação de tripwire; receitas abaixo.,Alta no código/JSON versionado; pack não executado,/images/bestiary/audited/tf/hedge-spider.png,vanilla/fxl.java; TFSpiderRenderer.java; hedgespider.png; output-tf/proveniencia.json,minecraft:entities/spider; dados-preservados/calibracao/evidencias-twilight-delegacoes-parcial-2026-10-01.json; evidence-final-tf/src/main/java/twilightforest/entity/monster/HedgeSpider.java,/bestiary/receitas/tf.html#receita-lead-maze-ver | [Receita lead_maze_ver](lote-final-2026-10-06/tf-cards-2026-10-06.md#receita-lead-maze-ver) — data/twilightforest/recipe/lead_maze_ver.json
Hedge Spider,Twilight Forest,Criatura Spider; alvos: Player,"Rotas ativas de criação/spawner: evidence-final-tf/src/main/java/twilightforest/world/components/structures/HedgeMazeComponent.java, evidence-final-tf/src/main/java/twilightforest/world/components/structures/lichtower/TowerWingComponent.java, evidence-final-tf/src/main/java/twilightforest/world/components/structures/lichtowerrevamp/LichTowerUtil.java, evidence-final-tf/src/main/java/twilightforest/world/components/structures/lichtowerrevamp/LichTowerWingRoom.java; ",Morte → tabela vanilla delegada,minecraft:spider_eye,L0: 0 ou 1; positivo em 1/3,"killed_by_player; set_count Uinteiro[-1,1], seguido de enchanted_count_increase. Não extrapolar chance linear para L>0. JSON integral preservado.",Alimento com veneno; material de poções e Fermented Spider Eye.,Alta no código/JSON versionado; pack não executado,/images/bestiary/audited/tf/hedge-spider.png,vanilla/fxl.java; TFSpiderRenderer.java; hedgespider.png; output-tf/proveniencia.json,minecraft:entities/spider; dados-preservados/calibracao/evidencias-twilight-delegacoes-parcial-2026-10-01.json; evidence-final-tf/src/main/java/twilightforest/entity/monster/HedgeSpider.java,/bestiary/receitas/tf.html#receita-stealth-modifier | [Receita stealth_modifier](lote-final-2026-10-06/tf-cards-2026-10-06.md#receita-stealth-modifier) — data/twilightforest/recipe/add_modifier_to_travellers_gear/travellers_vest/stealth_modifier.json
Hedge Spider,Twilight Forest,Criatura Spider; alvos: Player,"Rotas ativas de criação/spawner: evidence-final-tf/src/main/java/twilightforest/world/components/structures/HedgeMazeComponent.java, evidence-final-tf/src/main/java/twilightforest/world/components/structures/lichtower/TowerWingComponent.java, evidence-final-tf/src/main/java/twilightforest/world/components/structures/lichtowerrevamp/LichTowerUtil.java, evidence-final-tf/src/main/java/twilightforest/world/components/structures/lichtowerrevamp/LichTowerWingRoom.java; ",Bônus global Lifedrain Scepter,minecraft:rotten_flesh,0..2 uniform integer,"2/3 conditional on bonus call; onUseTick count%5==0; target pickable intersected by eye ray<=20, LivingEntity not ArmorStand; hurt(1) accepted; getHealth<=1; non-boss; outside no-flesh tag; ServerLevel and user Player; []",Alimento com risco de Hunger; comércio com clérigo/alimentar lobos,Alta no código/tags; execução/configuração do pack não observada,/images/bestiary/audited/tf/hedge-spider.png,vanilla/fxl.java; TFSpiderRenderer.java; hedgespider.png; output-tf/proveniencia.json,dados-preservados/calibracao/evidencias-twilight-lifedrain-por-mob-2026-10-01.json; evidence-final-tf/src/main/java/twilightforest/entity/monster/HedgeSpider.java,/bestiary/receitas/tf.html#receita-zombie-scepter | [Receita zombie_scepter](lote-final-2026-10-06/tf-cards-2026-10-06.md#receita-zombie-scepter) — data/twilightforest/recipe/equipment/zombie_scepter.json; [Receita monster_jerky](lote-final-2026-10-06/tf-cards-2026-10-06.md#receita-monster-jerky) — data/twilightforest/recipe/monster_jerky.json
Helmet Crab,Twilight Forest,Criatura Monster; alvos: Player,"Rotas ativas de criação/spawner: evidence-final-tf/src/main/java/twilightforest/world/components/structures/stronghold/StrongholdTreasureRoomComponent.java, evidence-final-tf/src/main/java/twilightforest/world/components/structures/type/KnightStrongholdStructure.java; ",Loot de morte,twilightforest:armor_shard,0–2,pool1: 1 sorteio(s); reposição se múltiplos rolls; peso bruto 1/1; normaliza apenas entradas elegíveis; set_count; Saque minecraft:looting: bônus Math.round(nível × sorteio 0–1); limite sem limite explícito,Material para Armor Shard Cluster e processamento em Knightmetal. Receitas confirmadas: [`armor_shard_cluster`](#armor_shard_cluster).,Alta nos arquivos versionados; configurações/datapacks externos não confirmados,/images/bestiary/audited/tf/helmet-crab-blue.png,HelmetCrabModel.java; output-tf/proveniencia.json,evidence-final-tf/source.zip::twilightforest-008085c660f1f9fc9aad6376ea0dc8080b3c0629/src/generated/resources/data/twilightforest/loot_table/entities/helmet_crab.json; evidence-final-tf/src/main/java/twilightforest/entity/monster/HelmetCrab.java,/bestiary/receitas/tf.html#receita-armor-shard-cluster | [Receita armor_shard_cluster](lote-final-2026-10-06/tf-cards-2026-10-06.md#receita-armor-shard-cluster) — data/twilightforest/recipe/material/armor_shard_cluster.json
Helmet Crab,Twilight Forest,Criatura Monster; alvos: Player,"Rotas ativas de criação/spawner: evidence-final-tf/src/main/java/twilightforest/world/components/structures/stronghold/StrongholdTreasureRoomComponent.java, evidence-final-tf/src/main/java/twilightforest/world/components/structures/type/KnightStrongholdStructure.java; ",Loot de morte,minecraft:cod,1–1,"pool2: 1 sorteio(s); reposição se múltiplos rolls; sem Saque 50%; Saque I 60%, +10 p.p./nível acima de I; peso bruto 1/1; normaliza apenas entradas elegíveis; set_count; aplica receita de fundição ao item; função somente se (this satisfaz {""flags"": {""is_on_fire"": true}}) OU (direct_attacker satisfaz {""equipment"": {""mainhand"": {""predicates"": {""minecraft:enchantments"": [{""enchantments"": ""#minecraft:smelts_loot""}]}}}}); Saque minecraft:looting: bônus Math.round(nível × sorteio 0–1); limite sem limite explícito",Alimento cru/cozinhável. Receitas confirmadas: [`cod_jerky`](#cod_jerky).,Alta nos arquivos versionados; configurações/datapacks externos não confirmados,/images/bestiary/audited/tf/helmet-crab-blue.png,HelmetCrabModel.java; output-tf/proveniencia.json,evidence-final-tf/source.zip::twilightforest-008085c660f1f9fc9aad6376ea0dc8080b3c0629/src/generated/resources/data/twilightforest/loot_table/entities/helmet_crab.json; evidence-final-tf/src/main/java/twilightforest/entity/monster/HelmetCrab.java,/bestiary/receitas/tf.html#receita-cod-jerky | [Receita cod_jerky](lote-final-2026-10-06/tf-cards-2026-10-06.md#receita-cod-jerky) — data/twilightforest/recipe/cod_jerky.json
Helmet Crab,Twilight Forest,Criatura Monster; alvos: Player,"Rotas ativas de criação/spawner: evidence-final-tf/src/main/java/twilightforest/world/components/structures/stronghold/StrongholdTreasureRoomComponent.java, evidence-final-tf/src/main/java/twilightforest/world/components/structures/type/KnightStrongholdStructure.java; ",Bônus global Lifedrain Scepter,minecraft:rotten_flesh,0..2 uniform integer,"2/3 conditional on bonus call; onUseTick count%5==0; target pickable intersected by eye ray<=20, LivingEntity not ArmorStand; hurt(1) accepted; getHealth<=1; non-boss; outside no-flesh tag; ServerLevel and user Player; []",Alimento com risco de Hunger; comércio com clérigo/alimentar lobos,Alta no código/tags; execução/configuração do pack não observada,/images/bestiary/audited/tf/helmet-crab-blue.png,HelmetCrabModel.java; output-tf/proveniencia.json,dados-preservados/calibracao/evidencias-twilight-lifedrain-por-mob-2026-10-01.json; evidence-final-tf/src/main/java/twilightforest/entity/monster/HelmetCrab.java,/bestiary/receitas/tf.html#receita-zombie-scepter | [Receita zombie_scepter](lote-final-2026-10-06/tf-cards-2026-10-06.md#receita-zombie-scepter) — data/twilightforest/recipe/equipment/zombie_scepter.json; [Receita monster_jerky](lote-final-2026-10-06/tf-cards-2026-10-06.md#receita-monster-jerky) — data/twilightforest/recipe/monster_jerky.json
Hostile Wolf,Twilight Forest,"Criatura Monster; alvos: Player, Animal, Turtle, AbstractSkeleton","Rotas ativas de criação/spawner: evidence-final-tf/src/main/java/twilightforest/world/components/structures/HedgeMazeComponent.java, evidence-final-tf/src/main/java/twilightforest/world/components/structures/fallentrunk/FallenTrunkPiece.java; ",Morte → tabela vanilla delegada,Sem item por este mecanismo,0 nesta tabela,"minecraft:entities/wolf não tem pools no cliente 1.21.1. Esta conclusão não abrange bônus Lifedrain, equipamentos, globals ou datapacks.",Sem item literal nesta tabela; manter mecanismos separados já revisados.,Alta no código/JSON versionado; pack não executado,/images/bestiary/audited/tf/hostile-wolf.png,vanilla/fyb.java; HostileWolfModel.java; HostileWolfRenderer.java; vanilla/wolf_angry.png; output-tf/proveniencia.json,minecraft:entities/wolf; dados-preservados/calibracao/evidencias-twilight-delegacoes-parcial-2026-10-01.json; evidence-final-tf/src/main/java/twilightforest/entity/monster/HostileWolf.java,Não aplicável: uso direto ou nenhuma receita identificada na build
Hostile Wolf,Twilight Forest,"Criatura Monster; alvos: Player, Animal, Turtle, AbstractSkeleton","Rotas ativas de criação/spawner: evidence-final-tf/src/main/java/twilightforest/world/components/structures/HedgeMazeComponent.java, evidence-final-tf/src/main/java/twilightforest/world/components/structures/fallentrunk/FallenTrunkPiece.java; ",Bônus global Lifedrain Scepter,minecraft:rotten_flesh,0..2 uniform integer,"2/3 conditional on bonus call; onUseTick count%5==0; target pickable intersected by eye ray<=20, LivingEntity not ArmorStand; hurt(1) accepted; getHealth<=1; non-boss; outside no-flesh tag; ServerLevel and user Player; []",Alimento com risco de Hunger; comércio com clérigo/alimentar lobos,Alta no código/tags; execução/configuração do pack não observada,/images/bestiary/audited/tf/hostile-wolf.png,vanilla/fyb.java; HostileWolfModel.java; HostileWolfRenderer.java; vanilla/wolf_angry.png; output-tf/proveniencia.json,dados-preservados/calibracao/evidencias-twilight-lifedrain-por-mob-2026-10-01.json; evidence-final-tf/src/main/java/twilightforest/entity/monster/HostileWolf.java,/bestiary/receitas/tf.html#receita-zombie-scepter | [Receita zombie_scepter](lote-final-2026-10-06/tf-cards-2026-10-06.md#receita-zombie-scepter) — data/twilightforest/recipe/equipment/zombie_scepter.json; [Receita monster_jerky](lote-final-2026-10-06/tf-cards-2026-10-06.md#receita-monster-jerky) — data/twilightforest/recipe/monster_jerky.json
Hydra,Twilight Forest,Chefe de encontro; comportamento definido na classe e herança citadas,Hydra Lair no Fire Swamp; HydraSpawnerBlockEntity/estrutura HydraLair.,Recompensa chefe: morte/buffer/baú conforme lote2,twilightforest:hydra_chop,"clamp(Ui[5.0,35.0] + round(L × Uf[0.0,1.0]) + Ui[5.0,10.0] × (P−1), 0, tamanho máximo da pilha) [somente ajuste ativo]","Escolha com peso 1/1 por rolagem. ; doMobLoot=true; bossDropChests=true → inventário buffer → baú na remoção KILLED. Ponto home válido na dimensão: abaixo do home; senão posição do chefe.; Fluxo BaseTFBoss.; ajustadores coop apenas na configuração habilitada; P=participantes qualificados, padrão NONE. 1.0 roll(s).","Alimento: nutrição18, saturação2, RegenerationI5s conforme registro. Receitas confirmadas: [`efficient_eater_modifier`](#efficient_eater_modifier).","Alta: lote2 definitivo preservado, não reavaliado",/images/bestiary/audited/tf/hydra-partes-reais-idle.png,; output-tf/proveniencia.json,https://github.com/TeamTwilight/twilightforest/blob/008085c660f1f9fc9aad6376ea0dc8080b3c0629/src/generated/resources/data/twilightforest/loot_table/entities/hydra.json; dados-preservados/calibracao/evidencias-twilight-chefes-coop-parcial-2026-10-01.json; evidence-final-tf/src/main/java/twilightforest/entity/boss/Hydra.java,/bestiary/receitas/tf.html#receita-efficient-eater-modifier | [Receita efficient_eater_modifier](lote-final-2026-10-06/tf-cards-2026-10-06.md#receita-efficient-eater-modifier) — data/twilightforest/recipe/add_modifier_to_travellers_gear/travellers_vest/efficient_eater_modifier.json
Hydra,Twilight Forest,Chefe de encontro; comportamento definido na classe e herança citadas,Hydra Lair no Fire Swamp; HydraSpawnerBlockEntity/estrutura HydraLair.,Recompensa chefe: morte/buffer/baú conforme lote2,twilightforest:fiery_blood,"clamp(Ui[7.0,10.0] + round(L × Uf[0.0,2.0]) + Ui[1.0,3.0] × (P−1), 0, tamanho máximo da pilha) [somente ajuste ativo]","Escolha com peso 1/1 por rolagem. ; doMobLoot=true; bossDropChests=true → inventário buffer → baú na remoção KILLED. Ponto home válido na dimensão: abaixo do home; senão posição do chefe.; Fluxo BaseTFBoss.; ajustadores coop apenas na configuração habilitada; P=participantes qualificados, padrão NONE. 1.0 roll(s).","Material de Fiery Ingot por recipes/tags e equipamento ígneo. Receitas confirmadas: [`fiery_iron_leggings`](#fiery_iron_leggings), [`fiery_iron_chestplate`](#fiery_iron_chestplate), [`fiery_iron_boots`](#fiery_iron_boots), [`fiery_iron_sword`](#fiery_iron_sword), [`fiery_ingot_crafting`](#fiery_ingot_crafting), [`fiery_iron_pickaxe`](#fiery_iron_pickaxe), [`fiery_iron_helmet`](#fiery_iron_helmet). [Relação de crafting existente no site](/mods#twilight-crafting-tf-fiery-blood).","Alta: lote2 definitivo preservado, não reavaliado",/images/bestiary/audited/tf/hydra-partes-reais-idle.png,; output-tf/proveniencia.json,https://github.com/TeamTwilight/twilightforest/blob/008085c660f1f9fc9aad6376ea0dc8080b3c0629/src/generated/resources/data/twilightforest/loot_table/entities/hydra.json; dados-preservados/calibracao/evidencias-twilight-chefes-coop-parcial-2026-10-01.json; evidence-final-tf/src/main/java/twilightforest/entity/boss/Hydra.java,/bestiary/receitas/tf.html#receita-fiery-ingot-crafting | [Receita fiery_ingot_crafting](lote-final-2026-10-06/tf-cards-2026-10-06.md#receita-fiery-ingot-crafting) — data/twilightforest/recipe/equipment/fiery_ingot_crafting.json; [Receita fiery_iron_boots](lote-final-2026-10-06/tf-cards-2026-10-06.md#receita-fiery-iron-boots) — data/twilightforest/recipe/equipment/fiery_iron_boots.json; [Receita fiery_iron_chestplate](lote-final-2026-10-06/tf-cards-2026-10-06.md#receita-fiery-iron-chestplate) — data/twilightforest/recipe/equipment/fiery_iron_chestplate.json; [Receita fiery_iron_helmet](lote-final-2026-10-06/tf-cards-2026-10-06.md#receita-fiery-iron-helmet) — data/twilightforest/recipe/equipment/fiery_iron_helmet.json; [Receita fiery_iron_leggings](lote-final-2026-10-06/tf-cards-2026-10-06.md#receita-fiery-iron-leggings) — data/twilightforest/recipe/equipment/fiery_iron_leggings.json; [Receita fiery_iron_pickaxe](lote-final-2026-10-06/tf-cards-2026-10-06.md#receita-fiery-iron-pickaxe) — data/twilightforest/recipe/equipment/fiery_iron_pickaxe.json; [Receita fiery_iron_sword](lote-final-2026-10-06/tf-cards-2026-10-06.md#receita-fiery-iron-sword) — data/twilightforest/recipe/equipment/fiery_iron_sword.json
Hydra,Twilight Forest,Chefe de encontro; comportamento definido na classe e herança citadas,Hydra Lair no Fire Swamp; HydraSpawnerBlockEntity/estrutura HydraLair.,Recompensa chefe: morte/buffer/baú conforme lote2,twilightforest:hydra_trophy,1,"Escolha com peso 1/1 por rolagem. ; doMobLoot=true; bossDropChests=true → inventário buffer → baú na remoção KILLED. Ponto home válido na dimensão: abaixo do home; senão posição do chefe.; Fluxo BaseTFBoss.; ajustadores coop apenas na configuração habilitada; P=participantes qualificados, padrão NONE. 1.0 roll(s).","Troféu/colecionável e bloco decorativo. Receitas confirmadas: [`hydra_banner_pattern`](#hydra_banner_pattern). Aceito no Trophy Pedestal (tag de 8 troféus); com progressão imposta, exige jogador elegível por progress_lich ou criativo a até 16 blocos. Paper +troféu gera Banner Pattern correspondente por recipe abaixo.","Alta: lote2 definitivo preservado, não reavaliado",/images/bestiary/audited/tf/hydra-partes-reais-idle.png,; output-tf/proveniencia.json,https://github.com/TeamTwilight/twilightforest/blob/008085c660f1f9fc9aad6376ea0dc8080b3c0629/src/generated/resources/data/twilightforest/loot_table/entities/hydra.json; dados-preservados/calibracao/evidencias-twilight-chefes-coop-parcial-2026-10-01.json; evidence-final-tf/src/main/java/twilightforest/entity/boss/Hydra.java,/bestiary/receitas/tf.html#receita-hydra-banner-pattern | [Receita hydra_banner_pattern](lote-final-2026-10-06/tf-cards-2026-10-06.md#receita-hydra-banner-pattern) — data/twilightforest/recipe/hydra_banner_pattern.json
Hydra,Twilight Forest,Chefe de encontro; comportamento definido na classe e herança citadas,Hydra Lair no Fire Swamp; HydraSpawnerBlockEntity/estrutura HydraLair.,Bônus global Lifedrain Scepter,Excluído pela tag lifedrain,0,"0 for this mechanism under resolved tags; onUseTick count%5==0; target pickable intersected by eye ray<=20, LivingEntity not ArmorStand; hurt(1) accepted; getHealth<=1; non-boss; outside no-flesh tag; ServerLevel and user Player; ['boss pela tag c:bosses']",Não aplicável,Alta no código/tags; execução/configuração do pack não observada,/images/bestiary/audited/tf/hydra-partes-reais-idle.png,; output-tf/proveniencia.json,dados-preservados/calibracao/evidencias-twilight-lifedrain-por-mob-2026-10-01.json; evidence-final-tf/src/main/java/twilightforest/entity/boss/Hydra.java,Não aplicável: uso direto ou nenhuma receita identificada na build
Ice Crystal,Twilight Forest,Criatura BaseIceMob; alvos: Player,não confirmado: rota não encontrada nas classes/biomas/estruturas auditados; exceção de localização,Loot de morte,minecraft:snowball,0–2,pool1: 1 sorteio(s); reposição se múltiplos rolls; peso bruto 1/1; normaliza apenas entradas elegíveis; set_count; Saque minecraft:looting: bônus Math.round(nível × sorteio 0–1); limite sem limite explícito,Consumível arremessável/material de Snow Block.,Alta nos arquivos versionados; configurações/datapacks externos não confirmados,/images/bestiary/audited/tf/ice-crystal.png,IceCrystalModel.java; UnstableIceCoreModel.java; icecrystal.png; output-tf/proveniencia.json,evidence-final-tf/source.zip::twilightforest-008085c660f1f9fc9aad6376ea0dc8080b3c0629/src/generated/resources/data/twilightforest/loot_table/entities/ice_crystal.json; evidence-final-tf/src/main/java/twilightforest/entity/monster/IceCrystal.java,[Receitas vanilla1.21.1](lote-final-2026-10-06/receitas-vanilla.json)
Ice Crystal,Twilight Forest,Criatura BaseIceMob; alvos: Player,não confirmado: rota não encontrada nas classes/biomas/estruturas auditados; exceção de localização,Bônus global Lifedrain Scepter,Excluído pela tag lifedrain,0,"0 for this mechanism under resolved tags; onUseTick count%5==0; target pickable intersected by eye ray<=20, LivingEntity not ArmorStand; hurt(1) accepted; getHealth<=1; non-boss; outside no-flesh tag; ServerLevel and user Player; ['lifedrain_drops_no_flesh direto']",Não aplicável,Alta no código/tags; execução/configuração do pack não observada,/images/bestiary/audited/tf/ice-crystal.png,IceCrystalModel.java; UnstableIceCoreModel.java; icecrystal.png; output-tf/proveniencia.json,dados-preservados/calibracao/evidencias-twilight-lifedrain-por-mob-2026-10-01.json; evidence-final-tf/src/main/java/twilightforest/entity/monster/IceCrystal.java,Não aplicável: uso direto ou nenhuma receita identificada na build
King Spider,Twilight Forest,Criatura Spider; comportamento definido na classe e herança citadas,"Bioma dark_forest (monster); peso 1, grupo 1–1; data/twilightforest/worldgen/biome/dark_forest.json; Rotas ativas de criação/spawner: evidence-final-tf/src/main/java/twilightforest/world/registration/biomes/BiomeHelper.java; ",Morte → tabela vanilla delegada,minecraft:string,"Uinteiro[0,2] + bônus Looting","Looting acrescenta round(L × Ufloat[0,1]); L é o nível efetivo no contexto da função. Quantidade zero não gera item.",Material de receitas e colocação de tripwire; receitas abaixo.,Alta no código/JSON versionado; pack não executado,/images/bestiary/audited/tf/king-spider.png,vanilla/fxl.java; TFSpiderRenderer.java; kingspider.png; output-tf/proveniencia.json,minecraft:entities/spider; dados-preservados/calibracao/evidencias-twilight-delegacoes-parcial-2026-10-01.json; evidence-final-tf/src/main/java/twilightforest/entity/monster/KingSpider.java,/bestiary/receitas/tf.html#receita-lead-maze-ver | [Receita lead_maze_ver](lote-final-2026-10-06/tf-cards-2026-10-06.md#receita-lead-maze-ver) — data/twilightforest/recipe/lead_maze_ver.json
King Spider,Twilight Forest,Criatura Spider; comportamento definido na classe e herança citadas,"Bioma dark_forest (monster); peso 1, grupo 1–1; data/twilightforest/worldgen/biome/dark_forest.json; Rotas ativas de criação/spawner: evidence-final-tf/src/main/java/twilightforest/world/registration/biomes/BiomeHelper.java; ",Morte → tabela vanilla delegada,minecraft:spider_eye,L0: 0 ou 1; positivo em 1/3,"killed_by_player; set_count Uinteiro[-1,1], seguido de enchanted_count_increase. Não extrapolar chance linear para L>0. JSON integral preservado.",Alimento com veneno; material de poções e Fermented Spider Eye.,Alta no código/JSON versionado; pack não executado,/images/bestiary/audited/tf/king-spider.png,vanilla/fxl.java; TFSpiderRenderer.java; kingspider.png; output-tf/proveniencia.json,minecraft:entities/spider; dados-preservados/calibracao/evidencias-twilight-delegacoes-parcial-2026-10-01.json; evidence-final-tf/src/main/java/twilightforest/entity/monster/KingSpider.java,/bestiary/receitas/tf.html#receita-stealth-modifier | [Receita stealth_modifier](lote-final-2026-10-06/tf-cards-2026-10-06.md#receita-stealth-modifier) — data/twilightforest/recipe/add_modifier_to_travellers_gear/travellers_vest/stealth_modifier.json
King Spider,Twilight Forest,Criatura Spider; comportamento definido na classe e herança citadas,"Bioma dark_forest (monster); peso 1, grupo 1–1; data/twilightforest/worldgen/biome/dark_forest.json; Rotas ativas de criação/spawner: evidence-final-tf/src/main/java/twilightforest/world/registration/biomes/BiomeHelper.java; ",Bônus global Lifedrain Scepter,minecraft:rotten_flesh,0..2 uniform integer,"2/3 conditional on bonus call; onUseTick count%5==0; target pickable intersected by eye ray<=20, LivingEntity not ArmorStand; hurt(1) accepted; getHealth<=1; non-boss; outside no-flesh tag; ServerLevel and user Player; []",Alimento com risco de Hunger; comércio com clérigo/alimentar lobos,Alta no código/tags; execução/configuração do pack não observada,/images/bestiary/audited/tf/king-spider.png,vanilla/fxl.java; TFSpiderRenderer.java; kingspider.png; output-tf/proveniencia.json,dados-preservados/calibracao/evidencias-twilight-lifedrain-por-mob-2026-10-01.json; evidence-final-tf/src/main/java/twilightforest/entity/monster/KingSpider.java,/bestiary/receitas/tf.html#receita-zombie-scepter | [Receita zombie_scepter](lote-final-2026-10-06/tf-cards-2026-10-06.md#receita-zombie-scepter) — data/twilightforest/recipe/equipment/zombie_scepter.json; [Receita monster_jerky](lote-final-2026-10-06/tf-cards-2026-10-06.md#receita-monster-jerky) — data/twilightforest/recipe/monster_jerky.json
Knight Phantom,Twilight Forest,Chefe de encontro; alvos: Player,Goblin Stronghold; sala de chefe e KnightPhantomSpawnerBlockEntity.,Recompensa chefe: morte/buffer/baú conforme lote2,twilightforest:knightmetal_sword,1,"Escolha com peso 1/3 por rolagem. Encantamento com nível 20.0 e opções #minecraft:on_random_loot. Tag multiplayer padrão não inclui Knight Phantom: não aplicar bônus MP automático.; doMobLoot=true; bossDropChests=true → inventário buffer → baú na remoção KILLED. Ponto home válido na dimensão: abaixo do home; senão posição do chefe.; Knight Phantom agrega recompensas do grupo e só último finalizado (IT_IS_OVER) deposita.; ajustadores coop apenas na configuração habilitada; P=participantes qualificados, padrão NONE. Binomial(n=round(round(4.0 + Σ max(0,1.5)) [somente ajuste ativo; soma por participante extra] + L), p=0.17) roll(s).","Espada: bônus contra alvo com armorValue>0. Se armorCoverPercentage>0, acrescenta int(2*armorCoverPercentage); senão acrescenta2. Requer dano direto por LivingEntity, servidor e evento não cancelado. Fontes: [`ToolEvents`](https://github.com/TeamTwilight/twilightforest/blob/008085c660f1f9fc9aad6376ea0dc8080b3c0629/src/main/java/twilightforest/events/ToolEvents.java).","Alta: lote2 definitivo preservado, não reavaliado",/images/bestiary/audited/tf/knight-phantom-normal.png,; output-tf/proveniencia.json,https://github.com/TeamTwilight/twilightforest/blob/008085c660f1f9fc9aad6376ea0dc8080b3c0629/src/generated/resources/data/twilightforest/loot_table/entities/knight_phantom.json; dados-preservados/calibracao/evidencias-twilight-chefes-coop-parcial-2026-10-01.json; evidence-final-tf/src/main/java/twilightforest/entity/boss/KnightPhantom.java,Não aplicável: uso direto ou nenhuma receita identificada na build
Knight Phantom,Twilight Forest,Chefe de encontro; alvos: Player,Goblin Stronghold; sala de chefe e KnightPhantomSpawnerBlockEntity.,Recompensa chefe: morte/buffer/baú conforme lote2,twilightforest:knightmetal_pickaxe,1,"Escolha com peso 1/3 por rolagem. Encantamento com nível 20.0 e opções #minecraft:on_random_loot. Tag multiplayer padrão não inclui Knight Phantom: não aplicar bônus MP automático.; doMobLoot=true; bossDropChests=true → inventário buffer → baú na remoção KILLED. Ponto home válido na dimensão: abaixo do home; senão posição do chefe.; Knight Phantom agrega recompensas do grupo e só último finalizado (IT_IS_OVER) deposita.; ajustadores coop apenas na configuração habilitada; P=participantes qualificados, padrão NONE. Binomial(n=round(round(4.0 + Σ max(0,1.5)) [somente ajuste ativo; soma por participante extra] + L), p=0.17) roll(s).","Picareta: mesma regra da espada Knightmetal para dano adicional contra alvos com armadura; também ferramenta de mineração conforme tier. Fontes: [`ToolEvents`](https://github.com/TeamTwilight/twilightforest/blob/008085c660f1f9fc9aad6376ea0dc8080b3c0629/src/main/java/twilightforest/events/ToolEvents.java), [`KnightmetalPickItem`](https://github.com/TeamTwilight/twilightforest/blob/008085c660f1f9fc9aad6376ea0dc8080b3c0629/src/main/java/twilightforest/item/KnightmetalPickItem.java).","Alta: lote2 definitivo preservado, não reavaliado",/images/bestiary/audited/tf/knight-phantom-normal.png,; output-tf/proveniencia.json,https://github.com/TeamTwilight/twilightforest/blob/008085c660f1f9fc9aad6376ea0dc8080b3c0629/src/generated/resources/data/twilightforest/loot_table/entities/knight_phantom.json; dados-preservados/calibracao/evidencias-twilight-chefes-coop-parcial-2026-10-01.json; evidence-final-tf/src/main/java/twilightforest/entity/boss/KnightPhantom.java,Não aplicável: uso direto ou nenhuma receita identificada na build
Knight Phantom,Twilight Forest,Chefe de encontro; alvos: Player,Goblin Stronghold; sala de chefe e KnightPhantomSpawnerBlockEntity.,Recompensa chefe: morte/buffer/baú conforme lote2,twilightforest:knightmetal_axe,1,"Escolha com peso 1/3 por rolagem. Encantamento com nível 20.0 e opções #minecraft:on_random_loot. Tag multiplayer padrão não inclui Knight Phantom: não aplicar bônus MP automático.; doMobLoot=true; bossDropChests=true → inventário buffer → baú na remoção KILLED. Ponto home válido na dimensão: abaixo do home; senão posição do chefe.; Knight Phantom agrega recompensas do grupo e só último finalizado (IT_IS_OVER) deposita.; ajustadores coop apenas na configuração habilitada; P=participantes qualificados, padrão NONE. Binomial(n=round(round(4.0 + Σ max(0,1.5)) [somente ajuste ativo; soma por participante extra] + L), p=0.17) roll(s).","Machado: contra alvo com armorValue==0, evento define dano como originalDamage+2; requer dano direto por LivingEntity, servidor e evento não cancelado. Não generalizar bônus a alvos com armadura. Fontes: [`ToolEvents`](https://github.com/TeamTwilight/twilightforest/blob/008085c660f1f9fc9aad6376ea0dc8080b3c0629/src/main/java/twilightforest/events/ToolEvents.java).","Alta: lote2 definitivo preservado, não reavaliado",/images/bestiary/audited/tf/knight-phantom-normal.png,; output-tf/proveniencia.json,https://github.com/TeamTwilight/twilightforest/blob/008085c660f1f9fc9aad6376ea0dc8080b3c0629/src/generated/resources/data/twilightforest/loot_table/entities/knight_phantom.json; dados-preservados/calibracao/evidencias-twilight-chefes-coop-parcial-2026-10-01.json; evidence-final-tf/src/main/java/twilightforest/entity/boss/KnightPhantom.java,Não aplicável: uso direto ou nenhuma receita identificada na build
Knight Phantom,Twilight Forest,Chefe de encontro; alvos: Player,Goblin Stronghold; sala de chefe e KnightPhantomSpawnerBlockEntity.,Recompensa chefe: morte/buffer/baú conforme lote2,twilightforest:phantom_helmet,1,"Escolha com peso 1/2 por rolagem. Encantamento com nível 20.0 e opções #minecraft:on_random_loot. Tag multiplayer padrão não inclui Knight Phantom: não aplicar bônus MP automático.; doMobLoot=true; bossDropChests=true → inventário buffer → baú na remoção KILLED. Ponto home válido na dimensão: abaixo do home; senão posição do chefe.; Knight Phantom agrega recompensas do grupo e só último finalizado (IT_IS_OVER) deposita.; ajustadores coop apenas na configuração habilitada; P=participantes qualificados, padrão NONE. Binomial(n=round(round(2.0 + Σ max(0,1.0)) [somente ajuste ativo; soma por participante extra] + L), p=0.17) roll(s).","Armadura de cabeça. Está na tag kept_on_death: evento preserva o item equipado ou no inventário após morte elegível com keepInventory=false, independentemente de possuir um Charm of Keeping. Não é invulnerabilidade nem impede perda por outros mecanismos. Fontes: [`PhantomArmorItem`](https://github.com/TeamTwilight/twilightforest/blob/008085c660f1f9fc9aad6376ea0dc8080b3c0629/src/main/java/twilightforest/item/PhantomArmorItem.java), [`CharmEvents`](https://github.com/TeamTwilight/twilightforest/blob/008085c660f1f9fc9aad6376ea0dc8080b3c0629/src/main/java/twilightforest/events/CharmEvents.java). [tag kept_on_death](https://github.com/TeamTwilight/twilightforest/blob/008085c660f1f9fc9aad6376ea0dc8080b3c0629/src/generated/resources/data/twilightforest/tags/item/kept_on_death.json).","Alta: lote2 definitivo preservado, não reavaliado",/images/bestiary/audited/tf/knight-phantom-normal.png,; output-tf/proveniencia.json,https://github.com/TeamTwilight/twilightforest/blob/008085c660f1f9fc9aad6376ea0dc8080b3c0629/src/generated/resources/data/twilightforest/loot_table/entities/knight_phantom.json; dados-preservados/calibracao/evidencias-twilight-chefes-coop-parcial-2026-10-01.json; evidence-final-tf/src/main/java/twilightforest/entity/boss/KnightPhantom.java,Não aplicável: uso direto ou nenhuma receita identificada na build
Knight Phantom,Twilight Forest,Chefe de encontro; alvos: Player,Goblin Stronghold; sala de chefe e KnightPhantomSpawnerBlockEntity.,Recompensa chefe: morte/buffer/baú conforme lote2,twilightforest:phantom_chestplate,1,"Escolha com peso 1/2 por rolagem. Encantamento com nível 20.0 e opções #minecraft:on_random_loot. Tag multiplayer padrão não inclui Knight Phantom: não aplicar bônus MP automático.; doMobLoot=true; bossDropChests=true → inventário buffer → baú na remoção KILLED. Ponto home válido na dimensão: abaixo do home; senão posição do chefe.; Knight Phantom agrega recompensas do grupo e só último finalizado (IT_IS_OVER) deposita.; ajustadores coop apenas na configuração habilitada; P=participantes qualificados, padrão NONE. Binomial(n=round(round(2.0 + Σ max(0,1.0)) [somente ajuste ativo; soma por participante extra] + L), p=0.17) roll(s).","Armadura de torso. Mesma preservação pela tag kept_on_death do Phantom Helmet; não depende de consumir Charm of Keeping. Fontes: [`PhantomArmorItem`](https://github.com/TeamTwilight/twilightforest/blob/008085c660f1f9fc9aad6376ea0dc8080b3c0629/src/main/java/twilightforest/item/PhantomArmorItem.java), [`CharmEvents`](https://github.com/TeamTwilight/twilightforest/blob/008085c660f1f9fc9aad6376ea0dc8080b3c0629/src/main/java/twilightforest/events/CharmEvents.java). [tag kept_on_death](https://github.com/TeamTwilight/twilightforest/blob/008085c660f1f9fc9aad6376ea0dc8080b3c0629/src/generated/resources/data/twilightforest/tags/item/kept_on_death.json).","Alta: lote2 definitivo preservado, não reavaliado",/images/bestiary/audited/tf/knight-phantom-normal.png,; output-tf/proveniencia.json,https://github.com/TeamTwilight/twilightforest/blob/008085c660f1f9fc9aad6376ea0dc8080b3c0629/src/generated/resources/data/twilightforest/loot_table/entities/knight_phantom.json; dados-preservados/calibracao/evidencias-twilight-chefes-coop-parcial-2026-10-01.json; evidence-final-tf/src/main/java/twilightforest/entity/boss/KnightPhantom.java,Não aplicável: uso direto ou nenhuma receita identificada na build
Knight Phantom,Twilight Forest,Chefe de encontro; alvos: Player,Goblin Stronghold; sala de chefe e KnightPhantomSpawnerBlockEntity.,Recompensa chefe: morte/buffer/baú conforme lote2,twilightforest:phantom_helmet,1,"Escolha com peso 1/2 por rolagem. Encantamento com nível 30.0 e opções #minecraft:on_random_loot. Tag multiplayer padrão não inclui Knight Phantom: não aplicar bônus MP automático.; doMobLoot=true; bossDropChests=true → inventário buffer → baú na remoção KILLED. Ponto home válido na dimensão: abaixo do home; senão posição do chefe.; Knight Phantom agrega recompensas do grupo e só último finalizado (IT_IS_OVER) deposita.; ajustadores coop apenas na configuração habilitada; P=participantes qualificados, padrão NONE. Binomial(n=round(round(1.0 + Σ max(0,0.5)) [somente ajuste ativo; soma por participante extra] + L), p=0.17) roll(s).","Armadura de cabeça. Está na tag kept_on_death: evento preserva o item equipado ou no inventário após morte elegível com keepInventory=false, independentemente de possuir um Charm of Keeping. Não é invulnerabilidade nem impede perda por outros mecanismos. Fontes: [`PhantomArmorItem`](https://github.com/TeamTwilight/twilightforest/blob/008085c660f1f9fc9aad6376ea0dc8080b3c0629/src/main/java/twilightforest/item/PhantomArmorItem.java), [`CharmEvents`](https://github.com/TeamTwilight/twilightforest/blob/008085c660f1f9fc9aad6376ea0dc8080b3c0629/src/main/java/twilightforest/events/CharmEvents.java). [tag kept_on_death](https://github.com/TeamTwilight/twilightforest/blob/008085c660f1f9fc9aad6376ea0dc8080b3c0629/src/generated/resources/data/twilightforest/tags/item/kept_on_death.json).","Alta: lote2 definitivo preservado, não reavaliado",/images/bestiary/audited/tf/knight-phantom-normal.png,; output-tf/proveniencia.json,https://github.com/TeamTwilight/twilightforest/blob/008085c660f1f9fc9aad6376ea0dc8080b3c0629/src/generated/resources/data/twilightforest/loot_table/entities/knight_phantom.json; dados-preservados/calibracao/evidencias-twilight-chefes-coop-parcial-2026-10-01.json; evidence-final-tf/src/main/java/twilightforest/entity/boss/KnightPhantom.java,Não aplicável: uso direto ou nenhuma receita identificada na build
Knight Phantom,Twilight Forest,Chefe de encontro; alvos: Player,Goblin Stronghold; sala de chefe e KnightPhantomSpawnerBlockEntity.,Recompensa chefe: morte/buffer/baú conforme lote2,twilightforest:phantom_chestplate,1,"Escolha com peso 1/2 por rolagem. Encantamento com nível 30.0 e opções #minecraft:on_random_loot. Tag multiplayer padrão não inclui Knight Phantom: não aplicar bônus MP automático.; doMobLoot=true; bossDropChests=true → inventário buffer → baú na remoção KILLED. Ponto home válido na dimensão: abaixo do home; senão posição do chefe.; Knight Phantom agrega recompensas do grupo e só último finalizado (IT_IS_OVER) deposita.; ajustadores coop apenas na configuração habilitada; P=participantes qualificados, padrão NONE. Binomial(n=round(round(1.0 + Σ max(0,0.5)) [somente ajuste ativo; soma por participante extra] + L), p=0.17) roll(s).","Armadura de torso. Mesma preservação pela tag kept_on_death do Phantom Helmet; não depende de consumir Charm of Keeping. Fontes: [`PhantomArmorItem`](https://github.com/TeamTwilight/twilightforest/blob/008085c660f1f9fc9aad6376ea0dc8080b3c0629/src/main/java/twilightforest/item/PhantomArmorItem.java), [`CharmEvents`](https://github.com/TeamTwilight/twilightforest/blob/008085c660f1f9fc9aad6376ea0dc8080b3c0629/src/main/java/twilightforest/events/CharmEvents.java). [tag kept_on_death](https://github.com/TeamTwilight/twilightforest/blob/008085c660f1f9fc9aad6376ea0dc8080b3c0629/src/generated/resources/data/twilightforest/tags/item/kept_on_death.json).","Alta: lote2 definitivo preservado, não reavaliado",/images/bestiary/audited/tf/knight-phantom-normal.png,; output-tf/proveniencia.json,https://github.com/TeamTwilight/twilightforest/blob/008085c660f1f9fc9aad6376ea0dc8080b3c0629/src/generated/resources/data/twilightforest/loot_table/entities/knight_phantom.json; dados-preservados/calibracao/evidencias-twilight-chefes-coop-parcial-2026-10-01.json; evidence-final-tf/src/main/java/twilightforest/entity/boss/KnightPhantom.java,Não aplicável: uso direto ou nenhuma receita identificada na build
Knight Phantom,Twilight Forest,Chefe de encontro; alvos: Player,Goblin Stronghold; sala de chefe e KnightPhantomSpawnerBlockEntity.,Recompensa chefe: morte/buffer/baú conforme lote2,twilightforest:knight_phantom_trophy,1,"Escolha com peso 1/1 por rolagem.  Somente conclusão do grupo, não cada phantom. Tag multiplayer padrão não inclui Knight Phantom: não aplicar bônus MP automático.; doMobLoot=true; bossDropChests=true → inventário buffer → baú na remoção KILLED. Ponto home válido na dimensão: abaixo do home; senão posição do chefe.; Knight Phantom agrega recompensas do grupo e só último finalizado (IT_IS_OVER) deposita.; ajustadores coop apenas na configuração habilitada; P=participantes qualificados, padrão NONE. 1.0 roll(s).","Troféu/colecionável e bloco decorativo. Receitas confirmadas: [`knight_phantom_banner_pattern`](#knight_phantom_banner_pattern). Aceito no Trophy Pedestal (tag de 8 troféus); com progressão imposta, exige jogador elegível por progress_lich ou criativo a até 16 blocos. Paper +troféu gera Banner Pattern correspondente por recipe abaixo.","Alta: lote2 definitivo preservado, não reavaliado",/images/bestiary/audited/tf/knight-phantom-normal.png,; output-tf/proveniencia.json,https://github.com/TeamTwilight/twilightforest/blob/008085c660f1f9fc9aad6376ea0dc8080b3c0629/src/generated/resources/data/twilightforest/loot_table/entities/knight_phantom_defeated.json; dados-preservados/calibracao/evidencias-twilight-chefes-coop-parcial-2026-10-01.json; evidence-final-tf/src/main/java/twilightforest/entity/boss/KnightPhantom.java,/bestiary/receitas/tf.html#receita-knight-phantom-banner-pattern | [Receita knight_phantom_banner_pattern](lote-final-2026-10-06/tf-cards-2026-10-06.md#receita-knight-phantom-banner-pattern) — data/twilightforest/recipe/knight_phantom_banner_pattern.json
Knight Phantom,Twilight Forest,Chefe de encontro; alvos: Player,Goblin Stronghold; sala de chefe e KnightPhantomSpawnerBlockEntity.,Bônus global Lifedrain Scepter,Excluído pela tag lifedrain,0,"0 for this mechanism under resolved tags; onUseTick count%5==0; target pickable intersected by eye ray<=20, LivingEntity not ArmorStand; hurt(1) accepted; getHealth<=1; non-boss; outside no-flesh tag; ServerLevel and user Player; ['boss pela tag c:bosses', 'lifedrain_drops_no_flesh via #minecraft:skeletons']",Não aplicável,Alta no código/tags; execução/configuração do pack não observada,/images/bestiary/audited/tf/knight-phantom-normal.png,; output-tf/proveniencia.json,dados-preservados/calibracao/evidencias-twilight-lifedrain-por-mob-2026-10-01.json; evidence-final-tf/src/main/java/twilightforest/entity/boss/KnightPhantom.java,Não aplicável: uso direto ou nenhuma receita identificada na build
Kobold,Twilight Forest,Criatura Monster; comportamento definido na classe e herança citadas,"Bioma dark_forest (monster); peso 10, grupo 1–3; data/twilightforest/worldgen/biome/dark_forest.json; Bioma highlands_underground (monster); peso 10, grupo 1–3; data/twilightforest/worldgen/biome/highlands_underground.json; Bioma underground (monster); peso 10, grupo 1–3; data/twilightforest/worldgen/biome/underground.json; Rotas ativas de criação/spawner: evidence-final-tf/src/main/java/twilightforest/world/components/structures/type/AuroraPalaceStructure.java, evidence-final-tf/src/main/java/twilightforest/world/components/structures/type/DarkTowerStructure.java, evidence-final-tf/src/main/java/twilightforest/world/components/structures/type/FinalCastleStructure.java, evidence-final-tf/src/main/java/twilightforest/world/components/structures/type/GiantHouseStructure.java, evidence-final-tf/src/main/java/twilightforest/world/components/structures/type/HollowHillStructure.java, evidence-final-tf/src/main/java/twilightforest/world/components/structures/type/HydraLairStructure.java, evidence-final-tf/src/main/java/twilightforest/world/components/structures/type/KnightStrongholdStructure.java, evidence-final-tf/src/main/java/twilightforest/world/components/structures/type/LabyrinthStructure.java, evidence-final-tf/src/main/java/twilightforest/world/components/structures/type/LichTowerStructure.java, evidence-final-tf/src/main/java/twilightforest/world/components/structures/type/TrollCaveStructure.java, evidence-final-tf/src/main/java/twilightforest/world/components/structures/type/YetiCaveStructure.java, evidence-final-tf/src/main/java/twilightforest/world/registration/biomes/BiomeHelper.java; ",Morte → restituição de equipamento recolhido,minecraft:bread,1 ainda presente na mão,"Recolhe apenas 1 pão e devolve imediatamente excedentes; tag kobold_pacification_breads contém somente bread nesta versão. handDropChances MAINHAND=2 (>1: ramo garantido), sujeito às condições gerais do descarte de equipamento; pode consumir antes da morte. Não é um drop nativo de Bread e não exige killed_by_player nesse ramo garantido.","Alimento recolhido do ambiente; restituição, não criação de pão.",Alta no código/JSON versionado; pack não executado,/images/bestiary/audited/tf/kobold.png,KoboldModel.java; output-tf/proveniencia.json,https://github.com/TeamTwilight/twilightforest/blob/008085c660f1f9fc9aad6376ea0dc8080b3c0629/src/main/java/twilightforest/entity/monster/Kobold.java; dados-preservados/calibracao/evidencias-twilight-delegacoes-parcial-2026-10-01.json; evidence-final-tf/src/main/java/twilightforest/entity/monster/Kobold.java,/bestiary/receitas/tf.html#receita-stale-bread | [Receita stale_bread](lote-final-2026-10-06/tf-cards-2026-10-06.md#receita-stale-bread) — data/twilightforest/recipe/stale_bread.json
Kobold,Twilight Forest,Criatura Monster; comportamento definido na classe e herança citadas,"Bioma dark_forest (monster); peso 10, grupo 1–3; data/twilightforest/worldgen/biome/dark_forest.json; Bioma highlands_underground (monster); peso 10, grupo 1–3; data/twilightforest/worldgen/biome/highlands_underground.json; Bioma underground (monster); peso 10, grupo 1–3; data/twilightforest/worldgen/biome/underground.json; Rotas ativas de criação/spawner: evidence-final-tf/src/main/java/twilightforest/world/components/structures/type/AuroraPalaceStructure.java, evidence-final-tf/src/main/java/twilightforest/world/components/structures/type/DarkTowerStructure.java, evidence-final-tf/src/main/java/twilightforest/world/components/structures/type/FinalCastleStructure.java, evidence-final-tf/src/main/java/twilightforest/world/components/structures/type/GiantHouseStructure.java, evidence-final-tf/src/main/java/twilightforest/world/components/structures/type/HollowHillStructure.java, evidence-final-tf/src/main/java/twilightforest/world/components/structures/type/HydraLairStructure.java, evidence-final-tf/src/main/java/twilightforest/world/components/structures/type/KnightStrongholdStructure.java, evidence-final-tf/src/main/java/twilightforest/world/components/structures/type/LabyrinthStructure.java, evidence-final-tf/src/main/java/twilightforest/world/components/structures/type/LichTowerStructure.java, evidence-final-tf/src/main/java/twilightforest/world/components/structures/type/TrollCaveStructure.java, evidence-final-tf/src/main/java/twilightforest/world/components/structures/type/YetiCaveStructure.java, evidence-final-tf/src/main/java/twilightforest/world/registration/biomes/BiomeHelper.java; ",Bônus global Lifedrain Scepter,minecraft:rotten_flesh,0..2 uniform integer,"2/3 conditional on bonus call; onUseTick count%5==0; target pickable intersected by eye ray<=20, LivingEntity not ArmorStand; hurt(1) accepted; getHealth<=1; non-boss; outside no-flesh tag; ServerLevel and user Player; []",Alimento com risco de Hunger; comércio com clérigo/alimentar lobos,Alta no código/tags; execução/configuração do pack não observada,/images/bestiary/audited/tf/kobold.png,KoboldModel.java; output-tf/proveniencia.json,dados-preservados/calibracao/evidencias-twilight-lifedrain-por-mob-2026-10-01.json; evidence-final-tf/src/main/java/twilightforest/entity/monster/Kobold.java,/bestiary/receitas/tf.html#receita-zombie-scepter | [Receita zombie_scepter](lote-final-2026-10-06/tf-cards-2026-10-06.md#receita-zombie-scepter) — data/twilightforest/recipe/equipment/zombie_scepter.json; [Receita monster_jerky](lote-final-2026-10-06/tf-cards-2026-10-06.md#receita-monster-jerky) — data/twilightforest/recipe/monster_jerky.json
Twilight Lich,Twilight Forest,Chefe de encontro; alvos: Player,Lich Tower; LichSpawnerBlockEntity no topo da torre.Templates com bloco gerador: data/twilightforest/structure/lich_tower/tower_boss_room.nbt; ,Recompensa chefe: morte/buffer/baú conforme lote2,twilightforest:twilight_scepter,1,"Escolha com peso 1/4 por rolagem.  Clones não passam shouldSpawnLoot.; doMobLoot=true; bossDropChests=true → inventário buffer → baú na remoção KILLED. Ponto home válido na dimensão: abaixo do home; senão posição do chefe.; Lich clone excluído.; ajustadores coop apenas na configuração habilitada; P=participantes qualificados, padrão NONE. round(1.0 + Σ max(0,Uf[-2.0,1.0])) [somente ajuste ativo; soma por participante extra] roll(s).","Cetro:99cargas iniciais; dispara TwilightWandBolt que aplica6dano base a alvo LivingEntity no servidor. Normalmente consome1carga por uso fora de criativo; Mystic Crown pode poupar carga em5% dos usos. Cetro sem carga falha em sobrevivência. Reparo completo por EssenceRepairRecipe. Fontes: [`TwilightWandItem`](https://github.com/TeamTwilight/twilightforest/blob/008085c660f1f9fc9aad6376ea0dc8080b3c0629/src/main/java/twilightforest/item/TwilightWandItem.java), [`TwilightWandBolt`](https://github.com/TeamTwilight/twilightforest/blob/008085c660f1f9fc9aad6376ea0dc8080b3c0629/src/main/java/twilightforest/entity/projectile/TwilightWandBolt.java), [`TFItems`](https://github.com/TeamTwilight/twilightforest/blob/008085c660f1f9fc9aad6376ea0dc8080b3c0629/src/main/java/twilightforest/init/TFItems.java). Receitas confirmadas: [`twilight_scepter`](#twilight_scepter).","Alta: lote2 definitivo preservado, não reavaliado",/images/bestiary/audited/tf/lich.png,; output-tf/proveniencia.json,https://github.com/TeamTwilight/twilightforest/blob/008085c660f1f9fc9aad6376ea0dc8080b3c0629/src/generated/resources/data/twilightforest/loot_table/entities/lich.json; dados-preservados/calibracao/evidencias-twilight-chefes-coop-parcial-2026-10-01.json; evidence-final-tf/src/main/java/twilightforest/entity/boss/Lich.java,/bestiary/receitas/tf.html#receita-twilight-scepter | [Receita twilight_scepter](lote-final-2026-10-06/tf-cards-2026-10-06.md#receita-twilight-scepter) — data/twilightforest/recipe/equipment/twilight_scepter.json
Twilight Lich,Twilight Forest,Chefe de encontro; alvos: Player,Lich Tower; LichSpawnerBlockEntity no topo da torre.Templates com bloco gerador: data/twilightforest/structure/lich_tower/tower_boss_room.nbt; ,Recompensa chefe: morte/buffer/baú conforme lote2,twilightforest:lifedrain_scepter,1,"Escolha com peso 1/4 por rolagem.  Clones não passam shouldSpawnLoot.; doMobLoot=true; bossDropChests=true → inventário buffer → baú na remoção KILLED. Ponto home válido na dimensão: abaixo do home; senão posição do chefe.; Lich clone excluído.; ajustadores coop apenas na configuração habilitada; P=participantes qualificados, padrão NONE. round(1.0 + Σ max(0,Uf[-2.0,1.0])) [somente ajuste ativo; soma por participante extra] roll(s).","Cetro:99cargas iniciais; busca alvo até20blocos, pulse a cada5ticks, aplica1dano se alvo LivingEntity não ArmorStand. Quando dano aceito, branch não finalizador aplica SlownessIII20ticks; a cada10ticks cura1 e alimenta1 com saturação0,1. Pode finalizar não-boss com saúde≤1 e invocar tabela bônus, sujeito às tags. Normalmente consome1carga por pulso aceito fora de criativo; Mystic Crown pode poupar5%. Reparo completo por EssenceRepairRecipe. Fontes: [`LifedrainScepterItem`](https://github.com/TeamTwilight/twilightforest/blob/008085c660f1f9fc9aad6376ea0dc8080b3c0629/src/main/java/twilightforest/item/LifedrainScepterItem.java), [`TFItems`](https://github.com/TeamTwilight/twilightforest/blob/008085c660f1f9fc9aad6376ea0dc8080b3c0629/src/main/java/twilightforest/init/TFItems.java). Receitas confirmadas: [`slowness`](#slowness), [`lifedrain_scepter`](#lifedrain_scepter).","Alta: lote2 definitivo preservado, não reavaliado",/images/bestiary/audited/tf/lich.png,; output-tf/proveniencia.json,https://github.com/TeamTwilight/twilightforest/blob/008085c660f1f9fc9aad6376ea0dc8080b3c0629/src/generated/resources/data/twilightforest/loot_table/entities/lich.json; dados-preservados/calibracao/evidencias-twilight-chefes-coop-parcial-2026-10-01.json; evidence-final-tf/src/main/java/twilightforest/entity/boss/Lich.java,/bestiary/receitas/tf.html#receita-lifedrain-scepter | [Receita lifedrain_scepter](lote-final-2026-10-06/tf-cards-2026-10-06.md#receita-lifedrain-scepter) — data/twilightforest/recipe/equipment/lifedrain_scepter.json; [Receita slowness](lote-final-2026-10-06/tf-cards-2026-10-06.md#receita-slowness) — data/twilightforest/recipe/jeed/slowness.json
Twilight Lich,Twilight Forest,Chefe de encontro; alvos: Player,Lich Tower; LichSpawnerBlockEntity no topo da torre.Templates com bloco gerador: data/twilightforest/structure/lich_tower/tower_boss_room.nbt; ,Recompensa chefe: morte/buffer/baú conforme lote2,twilightforest:zombie_scepter,1,"Escolha com peso 1/4 por rolagem.  Clones não passam shouldSpawnLoot.; doMobLoot=true; bossDropChests=true → inventário buffer → baú na remoção KILLED. Ponto home válido na dimensão: abaixo do home; senão posição do chefe.; Lich clone excluído.; ajustadores coop apenas na configuração habilitada; P=participantes qualificados, padrão NONE. round(1.0 + Σ max(0,Uf[-2.0,1.0])) [somente ajuste ativo; soma por participante extra] roll(s).","Cetro:9cargas iniciais; invoca1Loyal Zombie no bloco apontado se houver espaço sem colisão. Domestica, define dono e StrengthII1200ticks/60s; uso bem-sucedido consome1carga fora de criativo. Não afirmar duração do aliado apenas pela duração do efeito. Reparo completo por EssenceRepairRecipe. Fontes: [`ZombieWandItem`](https://github.com/TeamTwilight/twilightforest/blob/008085c660f1f9fc9aad6376ea0dc8080b3c0629/src/main/java/twilightforest/item/ZombieWandItem.java), [`TFItems`](https://github.com/TeamTwilight/twilightforest/blob/008085c660f1f9fc9aad6376ea0dc8080b3c0629/src/main/java/twilightforest/init/TFItems.java). Receitas confirmadas: [`zombie_scepter`](#zombie_scepter).","Alta: lote2 definitivo preservado, não reavaliado",/images/bestiary/audited/tf/lich.png,; output-tf/proveniencia.json,https://github.com/TeamTwilight/twilightforest/blob/008085c660f1f9fc9aad6376ea0dc8080b3c0629/src/generated/resources/data/twilightforest/loot_table/entities/lich.json; dados-preservados/calibracao/evidencias-twilight-chefes-coop-parcial-2026-10-01.json; evidence-final-tf/src/main/java/twilightforest/entity/boss/Lich.java,/bestiary/receitas/tf.html#receita-zombie-scepter | [Receita zombie_scepter](lote-final-2026-10-06/tf-cards-2026-10-06.md#receita-zombie-scepter) — data/twilightforest/recipe/equipment/zombie_scepter.json
Twilight Lich,Twilight Forest,Chefe de encontro; alvos: Player,Lich Tower; LichSpawnerBlockEntity no topo da torre.Templates com bloco gerador: data/twilightforest/structure/lich_tower/tower_boss_room.nbt; ,Recompensa chefe: morte/buffer/baú conforme lote2,twilightforest:fortification_scepter,1,"Escolha com peso 1/4 por rolagem.  Clones não passam shouldSpawnLoot.; doMobLoot=true; bossDropChests=true → inventário buffer → baú na remoção KILLED. Ponto home válido na dimensão: abaixo do home; senão posição do chefe.; Lich clone excluído.; ajustadores coop apenas na configuração habilitada; P=participantes qualificados, padrão NONE. round(1.0 + Σ max(0,Uf[-2.0,1.0])) [somente ajuste ativo; soma por participante extra] roll(s).","Cetro:9cargas iniciais; uso define5escudos temporários (não acumula indefinidamente), consome1carga fora de criativo e aplica cooldown1200ticks/60s. Evento cancela dano que não bypassa armadura enquanto há escudo e consome um ao atingir fora da invulnerabilidade. Escudos também expiram, um a cada240ticks sem bônus da Mystic Crown. Reparo completo por EssenceRepairRecipe. Fontes: [`FortificationWandItem`](https://github.com/TeamTwilight/twilightforest/blob/008085c660f1f9fc9aad6376ea0dc8080b3c0629/src/main/java/twilightforest/item/FortificationWandItem.java), [`FortificationShieldAttachment`](https://github.com/TeamTwilight/twilightforest/blob/008085c660f1f9fc9aad6376ea0dc8080b3c0629/src/main/java/twilightforest/components/entity/FortificationShieldAttachment.java), [`CapabilityEvents`](https://github.com/TeamTwilight/twilightforest/blob/008085c660f1f9fc9aad6376ea0dc8080b3c0629/src/main/java/twilightforest/events/CapabilityEvents.java), [`TFItems`](https://github.com/TeamTwilight/twilightforest/blob/008085c660f1f9fc9aad6376ea0dc8080b3c0629/src/main/java/twilightforest/init/TFItems.java). Receitas confirmadas: [`fortification_scepter`](#fortification_scepter).","Alta: lote2 definitivo preservado, não reavaliado",/images/bestiary/audited/tf/lich.png,; output-tf/proveniencia.json,https://github.com/TeamTwilight/twilightforest/blob/008085c660f1f9fc9aad6376ea0dc8080b3c0629/src/generated/resources/data/twilightforest/loot_table/entities/lich.json; dados-preservados/calibracao/evidencias-twilight-chefes-coop-parcial-2026-10-01.json; evidence-final-tf/src/main/java/twilightforest/entity/boss/Lich.java,/bestiary/receitas/tf.html#receita-fortification-scepter | [Receita fortification_scepter](lote-final-2026-10-06/tf-cards-2026-10-06.md#receita-fortification-scepter) — data/twilightforest/recipe/equipment/fortification_scepter.json
Twilight Lich,Twilight Forest,Chefe de encontro; alvos: Player,Lich Tower; LichSpawnerBlockEntity no topo da torre.Templates com bloco gerador: data/twilightforest/structure/lich_tower/tower_boss_room.nbt; ,Recompensa chefe: morte/buffer/baú conforme lote2,minecraft:golden_sword,1,"Escolha com peso 1/5 por rolagem. Encantamento com nível Ui[10.0,40.0] e opções #minecraft:on_random_loot. Clones não passam shouldSpawnLoot.; doMobLoot=true; bossDropChests=true → inventário buffer → baú na remoção KILLED. Ponto home válido na dimensão: abaixo do home; senão posição do chefe.; Lich clone excluído.; ajustadores coop apenas na configuração habilitada; P=participantes qualificados, padrão NONE. round(Uf[2.0,4.0] + Σ max(0,Uf[0.0,1.0])) [somente ajuste ativo; soma por participante extra] roll(s).",Equipamento encantável.,"Alta: lote2 definitivo preservado, não reavaliado",/images/bestiary/audited/tf/lich.png,; output-tf/proveniencia.json,https://github.com/TeamTwilight/twilightforest/blob/008085c660f1f9fc9aad6376ea0dc8080b3c0629/src/generated/resources/data/twilightforest/loot_table/entities/lich.json; dados-preservados/calibracao/evidencias-twilight-chefes-coop-parcial-2026-10-01.json; evidence-final-tf/src/main/java/twilightforest/entity/boss/Lich.java,[Receitas vanilla1.21.1](lote-final-2026-10-06/receitas-vanilla.json)
Twilight Lich,Twilight Forest,Chefe de encontro; alvos: Player,Lich Tower; LichSpawnerBlockEntity no topo da torre.Templates com bloco gerador: data/twilightforest/structure/lich_tower/tower_boss_room.nbt; ,Recompensa chefe: morte/buffer/baú conforme lote2,minecraft:golden_helmet,1,"Escolha com peso 1/5 por rolagem. Encantamento com nível Ui[10.0,40.0] e opções #minecraft:on_random_loot. Clones não passam shouldSpawnLoot.; doMobLoot=true; bossDropChests=true → inventário buffer → baú na remoção KILLED. Ponto home válido na dimensão: abaixo do home; senão posição do chefe.; Lich clone excluído.; ajustadores coop apenas na configuração habilitada; P=participantes qualificados, padrão NONE. round(Uf[2.0,4.0] + Σ max(0,Uf[0.0,1.0])) [somente ajuste ativo; soma por participante extra] roll(s).",Equipamento encantável.,"Alta: lote2 definitivo preservado, não reavaliado",/images/bestiary/audited/tf/lich.png,; output-tf/proveniencia.json,https://github.com/TeamTwilight/twilightforest/blob/008085c660f1f9fc9aad6376ea0dc8080b3c0629/src/generated/resources/data/twilightforest/loot_table/entities/lich.json; dados-preservados/calibracao/evidencias-twilight-chefes-coop-parcial-2026-10-01.json; evidence-final-tf/src/main/java/twilightforest/entity/boss/Lich.java,[Receitas vanilla1.21.1](lote-final-2026-10-06/receitas-vanilla.json)
Twilight Lich,Twilight Forest,Chefe de encontro; alvos: Player,Lich Tower; LichSpawnerBlockEntity no topo da torre.Templates com bloco gerador: data/twilightforest/structure/lich_tower/tower_boss_room.nbt; ,Recompensa chefe: morte/buffer/baú conforme lote2,minecraft:golden_chestplate,1,"Escolha com peso 1/5 por rolagem. Encantamento com nível Ui[10.0,40.0] e opções #minecraft:on_random_loot. Clones não passam shouldSpawnLoot.; doMobLoot=true; bossDropChests=true → inventário buffer → baú na remoção KILLED. Ponto home válido na dimensão: abaixo do home; senão posição do chefe.; Lich clone excluído.; ajustadores coop apenas na configuração habilitada; P=participantes qualificados, padrão NONE. round(Uf[2.0,4.0] + Σ max(0,Uf[0.0,1.0])) [somente ajuste ativo; soma por participante extra] roll(s).",Equipamento encantável.,"Alta: lote2 definitivo preservado, não reavaliado",/images/bestiary/audited/tf/lich.png,; output-tf/proveniencia.json,https://github.com/TeamTwilight/twilightforest/blob/008085c660f1f9fc9aad6376ea0dc8080b3c0629/src/generated/resources/data/twilightforest/loot_table/entities/lich.json; dados-preservados/calibracao/evidencias-twilight-chefes-coop-parcial-2026-10-01.json; evidence-final-tf/src/main/java/twilightforest/entity/boss/Lich.java,[Receitas vanilla1.21.1](lote-final-2026-10-06/receitas-vanilla.json)
Twilight Lich,Twilight Forest,Chefe de encontro; alvos: Player,Lich Tower; LichSpawnerBlockEntity no topo da torre.Templates com bloco gerador: data/twilightforest/structure/lich_tower/tower_boss_room.nbt; ,Recompensa chefe: morte/buffer/baú conforme lote2,minecraft:golden_leggings,1,"Escolha com peso 1/5 por rolagem. Encantamento com nível Ui[10.0,40.0] e opções #minecraft:on_random_loot. Clones não passam shouldSpawnLoot.; doMobLoot=true; bossDropChests=true → inventário buffer → baú na remoção KILLED. Ponto home válido na dimensão: abaixo do home; senão posição do chefe.; Lich clone excluído.; ajustadores coop apenas na configuração habilitada; P=participantes qualificados, padrão NONE. round(Uf[2.0,4.0] + Σ max(0,Uf[0.0,1.0])) [somente ajuste ativo; soma por participante extra] roll(s).",Equipamento encantável.,"Alta: lote2 definitivo preservado, não reavaliado",/images/bestiary/audited/tf/lich.png,; output-tf/proveniencia.json,https://github.com/TeamTwilight/twilightforest/blob/008085c660f1f9fc9aad6376ea0dc8080b3c0629/src/generated/resources/data/twilightforest/loot_table/entities/lich.json; dados-preservados/calibracao/evidencias-twilight-chefes-coop-parcial-2026-10-01.json; evidence-final-tf/src/main/java/twilightforest/entity/boss/Lich.java,[Receitas vanilla1.21.1](lote-final-2026-10-06/receitas-vanilla.json)
Twilight Lich,Twilight Forest,Chefe de encontro; alvos: Player,Lich Tower; LichSpawnerBlockEntity no topo da torre.Templates com bloco gerador: data/twilightforest/structure/lich_tower/tower_boss_room.nbt; ,Recompensa chefe: morte/buffer/baú conforme lote2,minecraft:golden_boots,1,"Escolha com peso 1/5 por rolagem. Encantamento com nível Ui[10.0,40.0] e opções #minecraft:on_random_loot. Clones não passam shouldSpawnLoot.; doMobLoot=true; bossDropChests=true → inventário buffer → baú na remoção KILLED. Ponto home válido na dimensão: abaixo do home; senão posição do chefe.; Lich clone excluído.; ajustadores coop apenas na configuração habilitada; P=participantes qualificados, padrão NONE. round(Uf[2.0,4.0] + Σ max(0,Uf[0.0,1.0])) [somente ajuste ativo; soma por participante extra] roll(s).",Equipamento encantável.,"Alta: lote2 definitivo preservado, não reavaliado",/images/bestiary/audited/tf/lich.png,; output-tf/proveniencia.json,https://github.com/TeamTwilight/twilightforest/blob/008085c660f1f9fc9aad6376ea0dc8080b3c0629/src/generated/resources/data/twilightforest/loot_table/entities/lich.json; dados-preservados/calibracao/evidencias-twilight-chefes-coop-parcial-2026-10-01.json; evidence-final-tf/src/main/java/twilightforest/entity/boss/Lich.java,[Receitas vanilla1.21.1](lote-final-2026-10-06/receitas-vanilla.json)
Twilight Lich,Twilight Forest,Chefe de encontro; alvos: Player,Lich Tower; LichSpawnerBlockEntity no topo da torre.Templates com bloco gerador: data/twilightforest/structure/lich_tower/tower_boss_room.nbt; ,Recompensa chefe: morte/buffer/baú conforme lote2,minecraft:ender_pearl,"clamp(Ui[1.0,4.0] + round(L × Uf[0.0,1.0]) + Ui[0.0,2.0] × (P−1), 0, tamanho máximo da pilha) [somente ajuste ativo]","Escolha com peso 1/1 por rolagem.  Clones não passam shouldSpawnLoot.; doMobLoot=true; bossDropChests=true → inventário buffer → baú na remoção KILLED. Ponto home válido na dimensão: abaixo do home; senão posição do chefe.; Lich clone excluído.; ajustadores coop apenas na configuração habilitada; P=participantes qualificados, padrão NONE. 1.0 roll(s).",Consumível de teleporte e material de receitas. Receitas confirmadas: [`perfect_dodge_modifier`](#perfect_dodge_modifier).,"Alta: lote2 definitivo preservado, não reavaliado",/images/bestiary/audited/tf/lich.png,; output-tf/proveniencia.json,https://github.com/TeamTwilight/twilightforest/blob/008085c660f1f9fc9aad6376ea0dc8080b3c0629/src/generated/resources/data/twilightforest/loot_table/entities/lich.json; dados-preservados/calibracao/evidencias-twilight-chefes-coop-parcial-2026-10-01.json; evidence-final-tf/src/main/java/twilightforest/entity/boss/Lich.java,/bestiary/receitas/tf.html#receita-perfect-dodge-modifier | [Receita perfect_dodge_modifier](lote-final-2026-10-06/tf-cards-2026-10-06.md#receita-perfect-dodge-modifier) — data/twilightforest/recipe/add_modifier_to_travellers_gear/travellers_vest/perfect_dodge_modifier.json
Twilight Lich,Twilight Forest,Chefe de encontro; alvos: Player,Lich Tower; LichSpawnerBlockEntity no topo da torre.Templates com bloco gerador: data/twilightforest/structure/lich_tower/tower_boss_room.nbt; ,Recompensa chefe: morte/buffer/baú conforme lote2,minecraft:bone,"Ui[5.0,9.0] + round(L × Uf[0.0,1.0])","Escolha com peso 1/1 por rolagem.  Clones não passam shouldSpawnLoot.; doMobLoot=true; bossDropChests=true → inventário buffer → baú na remoção KILLED. Ponto home válido na dimensão: abaixo do home; senão posição do chefe.; Lich clone excluído.; ajustadores coop apenas na configuração habilitada; P=participantes qualificados, padrão NONE. 1.0 roll(s).",Material de Bone Meal/domesticação de lobos.,"Alta: lote2 definitivo preservado, não reavaliado",/images/bestiary/audited/tf/lich.png,; output-tf/proveniencia.json,https://github.com/TeamTwilight/twilightforest/blob/008085c660f1f9fc9aad6376ea0dc8080b3c0629/src/generated/resources/data/twilightforest/loot_table/entities/lich.json; dados-preservados/calibracao/evidencias-twilight-chefes-coop-parcial-2026-10-01.json; evidence-final-tf/src/main/java/twilightforest/entity/boss/Lich.java,[Receitas vanilla1.21.1](lote-final-2026-10-06/receitas-vanilla.json)
Twilight Lich,Twilight Forest,Chefe de encontro; alvos: Player,Lich Tower; LichSpawnerBlockEntity no topo da torre.Templates com bloco gerador: data/twilightforest/structure/lich_tower/tower_boss_room.nbt; ,Recompensa chefe: morte/buffer/baú conforme lote2,twilightforest:lich_trophy,1,"Escolha com peso 1/1 por rolagem.  Clones não passam shouldSpawnLoot.; doMobLoot=true; bossDropChests=true → inventário buffer → baú na remoção KILLED. Ponto home válido na dimensão: abaixo do home; senão posição do chefe.; Lich clone excluído.; ajustadores coop apenas na configuração habilitada; P=participantes qualificados, padrão NONE. 1.0 roll(s).","Troféu/colecionável e bloco decorativo. Receitas confirmadas: [`lich_banner_pattern`](#lich_banner_pattern). Aceito no Trophy Pedestal (tag de 8 troféus); com progressão imposta, exige jogador elegível por progress_lich ou criativo a até 16 blocos. Paper +troféu gera Banner Pattern correspondente por recipe abaixo.","Alta: lote2 definitivo preservado, não reavaliado",/images/bestiary/audited/tf/lich.png,; output-tf/proveniencia.json,https://github.com/TeamTwilight/twilightforest/blob/008085c660f1f9fc9aad6376ea0dc8080b3c0629/src/generated/resources/data/twilightforest/loot_table/entities/lich.json; dados-preservados/calibracao/evidencias-twilight-chefes-coop-parcial-2026-10-01.json; evidence-final-tf/src/main/java/twilightforest/entity/boss/Lich.java,/bestiary/receitas/tf.html#receita-lich-banner-pattern | [Receita lich_banner_pattern](lote-final-2026-10-06/tf-cards-2026-10-06.md#receita-lich-banner-pattern) — data/twilightforest/recipe/lich_banner_pattern.json
Twilight Lich,Twilight Forest,Chefe de encontro; alvos: Player,Lich Tower; LichSpawnerBlockEntity no topo da torre.Templates com bloco gerador: data/twilightforest/structure/lich_tower/tower_boss_room.nbt; ,Recompensa chefe: morte/buffer/baú conforme lote2,twilightforest:exanimate_essence,"clamp(Ui[1.0,3.0] + round(L × Uf[0.0,1.0]) + Ui[0.0,1.0] × (P−1), 0, tamanho máximo da pilha) [somente ajuste ativo]","Escolha com peso 1/1 por rolagem.  Clones não passam shouldSpawnLoot.; doMobLoot=true; bossDropChests=true → inventário buffer → baú na remoção KILLED. Ponto home válido na dimensão: abaixo do home; senão posição do chefe.; Lich clone excluído.; ajustadores coop apenas na configuração habilitada; P=participantes qualificados, padrão NONE. 1.0 roll(s).","Material de reparo: um dos quatro cetros danificado +1essência, sem forma, restaura todo o dano (EssenceRepairRecipe). Não depende de ingredientes listados no JSON especial. Receitas confirmadas: [`arrow_magnetism_modifier`](#arrow_magnetism_modifier).","Alta: lote2 definitivo preservado, não reavaliado",/images/bestiary/audited/tf/lich.png,; output-tf/proveniencia.json,https://github.com/TeamTwilight/twilightforest/blob/008085c660f1f9fc9aad6376ea0dc8080b3c0629/src/generated/resources/data/twilightforest/loot_table/entities/lich.json; dados-preservados/calibracao/evidencias-twilight-chefes-coop-parcial-2026-10-01.json; evidence-final-tf/src/main/java/twilightforest/entity/boss/Lich.java,/bestiary/receitas/tf.html#receita-arrow-magnetism-modifier | [Receita arrow_magnetism_modifier](lote-final-2026-10-06/tf-cards-2026-10-06.md#receita-arrow-magnetism-modifier) — data/twilightforest/recipe/add_modifier_to_travellers_gear/travellers_vest/arrow_magnetism_modifier.json
Twilight Lich,Twilight Forest,Chefe de encontro; alvos: Player,Lich Tower; LichSpawnerBlockEntity no topo da torre.Templates com bloco gerador: data/twilightforest/structure/lich_tower/tower_boss_room.nbt; ,Bônus global Lifedrain Scepter,Excluído pela tag lifedrain,0,"0 for this mechanism under resolved tags; onUseTick count%5==0; target pickable intersected by eye ray<=20, LivingEntity not ArmorStand; hurt(1) accepted; getHealth<=1; non-boss; outside no-flesh tag; ServerLevel and user Player; ['boss pela tag c:bosses', 'lifedrain_drops_no_flesh via #minecraft:skeletons']",Não aplicável,Alta no código/tags; execução/configuração do pack não observada,/images/bestiary/audited/tf/lich.png,; output-tf/proveniencia.json,dados-preservados/calibracao/evidencias-twilight-lifedrain-por-mob-2026-10-01.json; evidence-final-tf/src/main/java/twilightforest/entity/boss/Lich.java,Não aplicável: uso direto ou nenhuma receita identificada na build
Lich Minion,Twilight Forest,Criatura Zombie; alvos: Player,Invocado durante a fase de minions do Lich; Lich.java.,Morte → loot JSON,Sem item por este mecanismo,0 na tabela nativa,Tabela sem pools; não importar minecraft:entities/zombie apenas por herdar de Zombie.,Não há item literal nessa tabela.,Alta nas fontes versionadas; sem execução do pack,/images/bestiary/audited/tf/lich-minion.png,vanilla/fvx.java; LichMinionModel.java; ClientRegistrationEvents.java; vanilla/zombie.png; output-tf/proveniencia.json,src/generated/resources/data/twilightforest/loot_table/entities/lich_minion.json; dados-preservados/calibracao/evidencias-twilight-heranca-parcial-2026-10-01.json; evidence-final-tf/src/main/java/twilightforest/entity/monster/LichMinion.java,Não aplicável: uso direto ou nenhuma receita identificada na build
Lich Minion,Twilight Forest,Criatura Zombie; alvos: Player,Invocado durante a fase de minions do Lich; Lich.java.,Geração/coleta de equipamento,Sem item por este mecanismo,0 gerado pelo método de equipamentos,populateDefaultEquipmentSlots é NO-OP; não chama geração de armadura/ferramenta de Zombie. canPickUpLoot sempre false. Eventos externos/NBT podem introduzir stacks e não são esgotados por essa conclusão.,"Não atribuir espadas, pás ou armaduras nativas de Zombie ao minion.",Alta nas fontes versionadas; sem execução do pack,/images/bestiary/audited/tf/lich-minion.png,vanilla/fvx.java; LichMinionModel.java; ClientRegistrationEvents.java; vanilla/zombie.png; output-tf/proveniencia.json,sources/tf-4.8.3345-transformation-equipment-bytecode.txt; dados-preservados/calibracao/evidencias-twilight-heranca-parcial-2026-10-01.json; evidence-final-tf/src/main/java/twilightforest/entity/monster/LichMinion.java,Não aplicável: uso direto ou nenhuma receita identificada na build
Lich Minion,Twilight Forest,Criatura Zombie; alvos: Player,Invocado durante a fase de minions do Lich; Lich.java.,Morte → dropCustomDeathLoot herdado de Zombie,minecraft:zombie_head,1 quando o ramo aceita,Fonte de dano tem Creeper como getEntity; Creeper carregado e droppedSkulls<1; getSkull herdado não vazio. Incrementa o contador do Creeper; não é uma cabeça por vítima da mesma explosão. Caminho geral de morte/loot deve estar habilitado. Não usa chance aleatória nem bônus Looting.,Decoração; ingrediente de Firework Star com formato Creeper (receita especial abaixo).,Alta nas fontes versionadas; sem execução do pack,/images/bestiary/audited/tf/lich-minion.png,vanilla/fvx.java; LichMinionModel.java; ClientRegistrationEvents.java; vanilla/zombie.png; output-tf/proveniencia.json,sources/mc1211-transformation-rewards-bytecode.txt; dados-preservados/calibracao/evidencias-twilight-heranca-parcial-2026-10-01.json; evidence-final-tf/src/main/java/twilightforest/entity/monster/LichMinion.java,[Receitas vanilla1.21.1](lote-final-2026-10-06/receitas-vanilla.json)
Lich Minion,Twilight Forest,Criatura Zombie; alvos: Player,Invocado durante a fase de minions do Lich; Lich.java.,Equipamento sazonal sem drop,minecraft:carved_pumpkin,0 pelo descarte normal desse equipamento,"Halloween: finalizeSpawn parental em 31/10 da data do host, cabeça vazia, sorteio total 25%; 22,5% para este item. Ajusta chance de HEAD para 0, que o descarte verifica antes do modificador de Looting. Presença visual não prova drop.","Decoração/iluminação conforme item, mas não recompensa gerada por este caminho.",Alta nas fontes versionadas; sem execução do pack,/images/bestiary/audited/tf/lich-minion.png,vanilla/fvx.java; LichMinionModel.java; ClientRegistrationEvents.java; vanilla/zombie.png; output-tf/proveniencia.json,sources/mc1211-transformation-rewards-bytecode.txt; dados-preservados/calibracao/evidencias-twilight-heranca-parcial-2026-10-01.json; evidence-final-tf/src/main/java/twilightforest/entity/monster/LichMinion.java,[Receitas vanilla1.21.1](lote-final-2026-10-06/receitas-vanilla.json)
Lich Minion,Twilight Forest,Criatura Zombie; alvos: Player,Invocado durante a fase de minions do Lich; Lich.java.,Equipamento sazonal sem drop,minecraft:jack_o_lantern,0 pelo descarte normal desse equipamento,"Halloween: finalizeSpawn parental em 31/10 da data do host, cabeça vazia, sorteio total 25%; 2,5% para este item. Ajusta chance de HEAD para 0, que o descarte verifica antes do modificador de Looting. Presença visual não prova drop.","Decoração/iluminação conforme item, mas não recompensa gerada por este caminho.",Alta nas fontes versionadas; sem execução do pack,/images/bestiary/audited/tf/lich-minion.png,vanilla/fvx.java; LichMinionModel.java; ClientRegistrationEvents.java; vanilla/zombie.png; output-tf/proveniencia.json,sources/mc1211-transformation-rewards-bytecode.txt; dados-preservados/calibracao/evidencias-twilight-heranca-parcial-2026-10-01.json; evidence-final-tf/src/main/java/twilightforest/entity/monster/LichMinion.java,[Receitas vanilla1.21.1](lote-final-2026-10-06/receitas-vanilla.json)
Lich Minion,Twilight Forest,Criatura Zombie; alvos: Player,Invocado durante a fase de minions do Lich; Lich.java.,Conversão → morte de Drowned,minecraft:rotten_flesh,"Uinteiro[0,2] + round(L × Ufloat[0,1])","Somente depois de conversão bem-sucedida para Drowned. Zombie herdado acumula olhos em água até contador>=600 e inicia conversão 300 ticks; vivo, IA ativa, minion precisa sobreviver e manter mestre durante processo. NeoForge pode cancelar a conversão. Este loot pertence à nova entidade minecraft:drowned.",Alimento/material de alimentação do Loyal Zombie; não novo drop da forma Lich Minion.,Alta nas fontes versionadas; sem execução do pack,/images/bestiary/audited/tf/lich-minion.png,vanilla/fvx.java; LichMinionModel.java; ClientRegistrationEvents.java; vanilla/zombie.png; output-tf/proveniencia.json,sources/mc1211-transformation-rewards-bytecode.txt + neoforge-21.1.209-Zombie.java.patch; dados-preservados/calibracao/evidencias-twilight-heranca-parcial-2026-10-01.json; evidence-final-tf/src/main/java/twilightforest/entity/monster/LichMinion.java,/bestiary/receitas/tf.html#receita-zombie-scepter | [Receita zombie_scepter](lote-final-2026-10-06/tf-cards-2026-10-06.md#receita-zombie-scepter) — data/twilightforest/recipe/equipment/zombie_scepter.json; [Receita monster_jerky](lote-final-2026-10-06/tf-cards-2026-10-06.md#receita-monster-jerky) — data/twilightforest/recipe/monster_jerky.json
Lich Minion,Twilight Forest,Criatura Zombie; alvos: Player,Invocado durante a fase de minions do Lich; Lich.java.,Conversão → morte de Drowned,minecraft:copper_ingot,1 quando pool aceita,"Mesma conversão; morte creditada ao jogador. Chance 11% sem Looting, 13%/15%/17% com níveis 1/2/3. Não transplantar Iron Ingot/Carrot/Potato do Zombie para Drowned.",Material de blocos e crafting; receitas consumidoras versionadas no índice abaixo.,Alta nas fontes versionadas; sem execução do pack,/images/bestiary/audited/tf/lich-minion.png,vanilla/fvx.java; LichMinionModel.java; ClientRegistrationEvents.java; vanilla/zombie.png; output-tf/proveniencia.json,Minecraft 1.21.1 data/minecraft/loot_table/entities/drowned.json; dados-preservados/calibracao/evidencias-twilight-heranca-parcial-2026-10-01.json; evidence-final-tf/src/main/java/twilightforest/entity/monster/LichMinion.java,[Receitas vanilla1.21.1](lote-final-2026-10-06/receitas-vanilla.json)
Lich Minion,Twilight Forest,Criatura Zombie; alvos: Player,Invocado durante a fase de minions do Lich; Lich.java.,Conversão → preservação de equipamento,Sem item por este mecanismo,0 equipamento novo pelo caminho convertTo,"convertTo(DROWNED,true) copia equipamento existente e respectivas chances; não chama finalizeSpawn para sortear equipamento de Drowned natural. Não adicionar Trident/Fishing Rod/Nautilus Shell por esse mecanismo.",Manter somente stacks realmente transferidos; minion normal não os gera.,Alta nas fontes versionadas; sem execução do pack,/images/bestiary/audited/tf/lich-minion.png,vanilla/fvx.java; LichMinionModel.java; ClientRegistrationEvents.java; vanilla/zombie.png; output-tf/proveniencia.json,sources/mc1211-transformation-rewards-bytecode.txt; dados-preservados/calibracao/evidencias-twilight-heranca-parcial-2026-10-01.json; evidence-final-tf/src/main/java/twilightforest/entity/monster/LichMinion.java,Não aplicável: uso direto ou nenhuma receita identificada na build
Lich Minion,Twilight Forest,Criatura Zombie; alvos: Player,Invocado durante a fase de minions do Lich; Lich.java.,Conversão → mudança da classe de drop,minecraft:zombie_head,0 pelo getSkull de Drowned,"Depois da conversão, Drowned.getSkull retorna ItemStack.EMPTY. Não aplicar a cabeça do Lich Minion original à forma Drowned.",Não é recompensa desse ramo.,Alta nas fontes versionadas; sem execução do pack,/images/bestiary/audited/tf/lich-minion.png,vanilla/fvx.java; LichMinionModel.java; ClientRegistrationEvents.java; vanilla/zombie.png; output-tf/proveniencia.json,sources/mc1211-transformation-rewards-bytecode.txt; dados-preservados/calibracao/evidencias-twilight-heranca-parcial-2026-10-01.json; evidence-final-tf/src/main/java/twilightforest/entity/monster/LichMinion.java,[Receitas vanilla1.21.1](lote-final-2026-10-06/receitas-vanilla.json)
Lich Minion,Twilight Forest,Criatura Zombie; alvos: Player,Invocado durante a fase de minions do Lich; Lich.java.,Bônus global Lifedrain Scepter,minecraft:rotten_flesh,0..2 uniform integer,"2/3 conditional on bonus call; onUseTick count%5==0; target pickable intersected by eye ray<=20, LivingEntity not ArmorStand; hurt(1) accepted; getHealth<=1; non-boss; outside no-flesh tag; ServerLevel and user Player; []",Alimento com risco de Hunger; comércio com clérigo/alimentar lobos,Alta no código/tags; execução/configuração do pack não observada,/images/bestiary/audited/tf/lich-minion.png,vanilla/fvx.java; LichMinionModel.java; ClientRegistrationEvents.java; vanilla/zombie.png; output-tf/proveniencia.json,dados-preservados/calibracao/evidencias-twilight-lifedrain-por-mob-2026-10-01.json; evidence-final-tf/src/main/java/twilightforest/entity/monster/LichMinion.java,/bestiary/receitas/tf.html#receita-zombie-scepter | [Receita zombie_scepter](lote-final-2026-10-06/tf-cards-2026-10-06.md#receita-zombie-scepter) — data/twilightforest/recipe/equipment/zombie_scepter.json; [Receita monster_jerky](lote-final-2026-10-06/tf-cards-2026-10-06.md#receita-monster-jerky) — data/twilightforest/recipe/monster_jerky.json
Lower Goblin Knight,Twilight Forest,Criatura Monster; alvos: Player,Rotas ativas de criação/spawner: evidence-final-tf/src/main/java/twilightforest/world/components/structures/type/KnightStrongholdStructure.java; ,Loot de morte,twilightforest:armor_shard,0–2,pool1: 1 sorteio(s); reposição se múltiplos rolls; peso bruto 1/1; normaliza apenas entradas elegíveis; set_count; Saque minecraft:looting: bônus Math.round(nível × sorteio 0–1); limite sem limite explícito,Material para Armor Shard Cluster e processamento em Knightmetal. Receitas confirmadas: [`armor_shard_cluster`](#armor_shard_cluster).,Alta nos arquivos versionados; configurações/datapacks externos não confirmados,/images/bestiary/audited/tf/lower-goblin-knight.png,LowerGoblinKnightModel.java; doublegoblin.png; output-tf/proveniencia.json,evidence-final-tf/source.zip::twilightforest-008085c660f1f9fc9aad6376ea0dc8080b3c0629/src/generated/resources/data/twilightforest/loot_table/entities/lower_goblin_knight.json; evidence-final-tf/src/main/java/twilightforest/entity/monster/LowerGoblinKnight.java,/bestiary/receitas/tf.html#receita-armor-shard-cluster | [Receita armor_shard_cluster](lote-final-2026-10-06/tf-cards-2026-10-06.md#receita-armor-shard-cluster) — data/twilightforest/recipe/material/armor_shard_cluster.json
Lower Goblin Knight,Twilight Forest,Criatura Monster; alvos: Player,Rotas ativas de criação/spawner: evidence-final-tf/src/main/java/twilightforest/world/components/structures/type/KnightStrongholdStructure.java; ,Bônus global Lifedrain Scepter,minecraft:rotten_flesh,0..2 uniform integer,"2/3 conditional on bonus call; onUseTick count%5==0; target pickable intersected by eye ray<=20, LivingEntity not ArmorStand; hurt(1) accepted; getHealth<=1; non-boss; outside no-flesh tag; ServerLevel and user Player; []",Alimento com risco de Hunger; comércio com clérigo/alimentar lobos,Alta no código/tags; execução/configuração do pack não observada,/images/bestiary/audited/tf/lower-goblin-knight.png,LowerGoblinKnightModel.java; doublegoblin.png; output-tf/proveniencia.json,dados-preservados/calibracao/evidencias-twilight-lifedrain-por-mob-2026-10-01.json; evidence-final-tf/src/main/java/twilightforest/entity/monster/LowerGoblinKnight.java,/bestiary/receitas/tf.html#receita-zombie-scepter | [Receita zombie_scepter](lote-final-2026-10-06/tf-cards-2026-10-06.md#receita-zombie-scepter) — data/twilightforest/recipe/equipment/zombie_scepter.json; [Receita monster_jerky](lote-final-2026-10-06/tf-cards-2026-10-06.md#receita-monster-jerky) — data/twilightforest/recipe/monster_jerky.json
Loyal Zombie,Twilight Forest,Criatura TamableAnimal; alvos: Monster,Invocado pelo Zombie Scepter; item ZombieWandItem.java; não é spawn natural.,Morte → loot JSON,Sem item por este mecanismo,0 na tabela nativa,"Classe herda TamableAnimal, não Zombie; tabela sem pools. Não copiar equipamento, rare pool ou cabeça de Zombie por semelhança visual.",Não há item literal nessa tabela.,Alta nas fontes versionadas; sem execução do pack,/images/bestiary/audited/tf/loyal-zombie.png,vanilla/fvx.java; LoyalZombieModel.java; ClientRegistrationEvents.java; vanilla/zombie.png; output-tf/proveniencia.json,src/main/java/twilightforest/entity/monster/LoyalZombie.java; dados-preservados/calibracao/evidencias-twilight-heranca-parcial-2026-10-01.json; evidence-final-tf/src/main/java/twilightforest/entity/monster/LoyalZombie.java,Não aplicável: uso direto ou nenhuma receita identificada na build
Loyal Zombie,Twilight Forest,Criatura TamableAnimal; alvos: Monster,Invocado pelo Zombie Scepter; item ZombieWandItem.java; não é spawn natural.,"Interação → consumo, não drop",minecraft:rotten_flesh,Consome 1 do jogador; gera 0 itens,"Somente dono em interactAt, segurando Rotten Flesh. Renova Strength II por 1200 ticks e heal(1). Consumo respeita consume(1,player), inclusive exceção criativa.","Mantém o aliado: após ausência de Strength, ele sofre 2 de dano a cada 20 ticks.",Alta nas fontes versionadas; sem execução do pack,/images/bestiary/audited/tf/loyal-zombie.png,vanilla/fvx.java; LoyalZombieModel.java; ClientRegistrationEvents.java; vanilla/zombie.png; output-tf/proveniencia.json,sources/tf-4.8.3345-transformation-equipment-bytecode.txt; dados-preservados/calibracao/evidencias-twilight-heranca-parcial-2026-10-01.json; evidence-final-tf/src/main/java/twilightforest/entity/monster/LoyalZombie.java,/bestiary/receitas/tf.html#receita-zombie-scepter | [Receita zombie_scepter](lote-final-2026-10-06/tf-cards-2026-10-06.md#receita-zombie-scepter) — data/twilightforest/recipe/equipment/zombie_scepter.json; [Receita monster_jerky](lote-final-2026-10-06/tf-cards-2026-10-06.md#receita-monster-jerky) — data/twilightforest/recipe/monster_jerky.json
Loyal Zombie,Twilight Forest,Criatura TamableAnimal; alvos: Monster,Invocado pelo Zombie Scepter; item ZombieWandItem.java; não é spawn natural.,Bônus global Lifedrain Scepter,minecraft:rotten_flesh,0..2 uniform integer,"2/3 conditional on bonus call; onUseTick count%5==0; target pickable intersected by eye ray<=20, LivingEntity not ArmorStand; hurt(1) accepted; getHealth<=1; non-boss; outside no-flesh tag; ServerLevel and user Player; []",Alimento com risco de Hunger; comércio com clérigo/alimentar lobos,Alta no código/tags; execução/configuração do pack não observada,/images/bestiary/audited/tf/loyal-zombie.png,vanilla/fvx.java; LoyalZombieModel.java; ClientRegistrationEvents.java; vanilla/zombie.png; output-tf/proveniencia.json,dados-preservados/calibracao/evidencias-twilight-lifedrain-por-mob-2026-10-01.json; evidence-final-tf/src/main/java/twilightforest/entity/monster/LoyalZombie.java,/bestiary/receitas/tf.html#receita-zombie-scepter | [Receita zombie_scepter](lote-final-2026-10-06/tf-cards-2026-10-06.md#receita-zombie-scepter) — data/twilightforest/recipe/equipment/zombie_scepter.json; [Receita monster_jerky](lote-final-2026-10-06/tf-cards-2026-10-06.md#receita-monster-jerky) — data/twilightforest/recipe/monster_jerky.json
Maze Slime,Twilight Forest,Criatura Slime; comportamento definido na classe e herança citadas,Rotas ativas de criação/spawner: evidence-final-tf/src/main/java/twilightforest/world/components/structures/type/LabyrinthStructure.java; ,Loot de morte,twilightforest:maze_slime_ball,0–2,"pool1: 1 sorteio(s); reposição se múltiplos rolls; this satisfaz {""type_specific"": {""type"": ""minecraft:slime"", ""size"": 1}}; NÃO ({""condition"": ""minecraft:damage_source_properties"", ""predicate"": {""source_entity"": {""type"": ""minecraft:frog""}}}); peso bruto 1/2; normaliza apenas entradas elegíveis; set_count; Saque minecraft:looting: bônus Math.round(nível × sorteio 0–1); limite sem limite explícito","Material de receitas; não substituir por Slime Ball vanilla na documentação. Receitas confirmadas: [`magma_cream_maze_ver`](#magma_cream_maze_ver), [`gelatinous_maze_slime_drop`](#gelatinous_maze_slime_drop), [`sticky_piston_maze_ver`](#sticky_piston_maze_ver), [`lead_maze_ver`](#lead_maze_ver), [`maze_slime`](#maze_slime), [`aquatic_agility_modifier`](#aquatic_agility_modifier), [`water_walk_modifier`](#water_walk_modifier).",Alta nos arquivos versionados; configurações/datapacks externos não confirmados,/images/bestiary/audited/tf/maze-slime.png,vanilla/fxi.java; MazeSlimeRenderer.java; mazeslime.png; output-tf/proveniencia.json,evidence-final-tf/source.zip::twilightforest-008085c660f1f9fc9aad6376ea0dc8080b3c0629/src/generated/resources/data/twilightforest/loot_table/entities/maze_slime.json; evidence-final-tf/src/main/java/twilightforest/entity/monster/MazeSlime.java,/bestiary/receitas/tf.html#receita-water-walk-modifier | [Receita water_walk_modifier](lote-final-2026-10-06/tf-cards-2026-10-06.md#receita-water-walk-modifier) — data/twilightforest/recipe/add_modifier_to_travellers_gear/travellers_boots/water_walk_modifier.json; [Receita aquatic_agility_modifier](lote-final-2026-10-06/tf-cards-2026-10-06.md#receita-aquatic-agility-modifier) — data/twilightforest/recipe/add_modifier_to_travellers_gear/travellers_goggles/aquatic_agility_modifier.json; [Receita maze_slime](lote-final-2026-10-06/tf-cards-2026-10-06.md#receita-maze-slime) — data/twilightforest/recipe/compressed_blocks/maze_slime.json; [Receita gelatinous_maze_slime_drop](lote-final-2026-10-06/tf-cards-2026-10-06.md#receita-gelatinous-maze-slime-drop) — data/twilightforest/recipe/gelatinous_maze_slime_drop.json; [Receita lead_maze_ver](lote-final-2026-10-06/tf-cards-2026-10-06.md#receita-lead-maze-ver) — data/twilightforest/recipe/lead_maze_ver.json; [Receita magma_cream_maze_ver](lote-final-2026-10-06/tf-cards-2026-10-06.md#receita-magma-cream-maze-ver) — data/twilightforest/recipe/magma_cream_maze_ver.json; [Receita sticky_piston_maze_ver](lote-final-2026-10-06/tf-cards-2026-10-06.md#receita-sticky-piston-maze-ver) — data/twilightforest/recipe/sticky_piston_maze_ver.json
Maze Slime,Twilight Forest,Criatura Slime; comportamento definido na classe e herança citadas,Rotas ativas de criação/spawner: evidence-final-tf/src/main/java/twilightforest/world/components/structures/type/LabyrinthStructure.java; ,Loot de morte,twilightforest:maze_slime_ball,1,"pool1: 1 sorteio(s); reposição se múltiplos rolls; this satisfaz {""type_specific"": {""type"": ""minecraft:slime"", ""size"": 1}}; {""condition"": ""minecraft:damage_source_properties"", ""predicate"": {""source_entity"": {""type"": ""minecraft:frog""}}}; peso bruto 1/2; normaliza apenas entradas elegíveis; set_count","Material de receitas; não substituir por Slime Ball vanilla na documentação. Receitas confirmadas: [`magma_cream_maze_ver`](#magma_cream_maze_ver), [`gelatinous_maze_slime_drop`](#gelatinous_maze_slime_drop), [`sticky_piston_maze_ver`](#sticky_piston_maze_ver), [`lead_maze_ver`](#lead_maze_ver), [`maze_slime`](#maze_slime), [`aquatic_agility_modifier`](#aquatic_agility_modifier), [`water_walk_modifier`](#water_walk_modifier).",Alta nos arquivos versionados; configurações/datapacks externos não confirmados,/images/bestiary/audited/tf/maze-slime.png,vanilla/fxi.java; MazeSlimeRenderer.java; mazeslime.png; output-tf/proveniencia.json,evidence-final-tf/source.zip::twilightforest-008085c660f1f9fc9aad6376ea0dc8080b3c0629/src/generated/resources/data/twilightforest/loot_table/entities/maze_slime.json; evidence-final-tf/src/main/java/twilightforest/entity/monster/MazeSlime.java,/bestiary/receitas/tf.html#receita-water-walk-modifier | [Receita water_walk_modifier](lote-final-2026-10-06/tf-cards-2026-10-06.md#receita-water-walk-modifier) — data/twilightforest/recipe/add_modifier_to_travellers_gear/travellers_boots/water_walk_modifier.json; [Receita aquatic_agility_modifier](lote-final-2026-10-06/tf-cards-2026-10-06.md#receita-aquatic-agility-modifier) — data/twilightforest/recipe/add_modifier_to_travellers_gear/travellers_goggles/aquatic_agility_modifier.json; [Receita maze_slime](lote-final-2026-10-06/tf-cards-2026-10-06.md#receita-maze-slime) — data/twilightforest/recipe/compressed_blocks/maze_slime.json; [Receita gelatinous_maze_slime_drop](lote-final-2026-10-06/tf-cards-2026-10-06.md#receita-gelatinous-maze-slime-drop) — data/twilightforest/recipe/gelatinous_maze_slime_drop.json; [Receita lead_maze_ver](lote-final-2026-10-06/tf-cards-2026-10-06.md#receita-lead-maze-ver) — data/twilightforest/recipe/lead_maze_ver.json; [Receita magma_cream_maze_ver](lote-final-2026-10-06/tf-cards-2026-10-06.md#receita-magma-cream-maze-ver) — data/twilightforest/recipe/magma_cream_maze_ver.json; [Receita sticky_piston_maze_ver](lote-final-2026-10-06/tf-cards-2026-10-06.md#receita-sticky-piston-maze-ver) — data/twilightforest/recipe/sticky_piston_maze_ver.json
Maze Slime,Twilight Forest,Criatura Slime; comportamento definido na classe e herança citadas,Rotas ativas de criação/spawner: evidence-final-tf/src/main/java/twilightforest/world/components/structures/type/LabyrinthStructure.java; ,Loot de morte,twilightforest:charm_of_keeping_1,1,"pool2: 1 sorteio(s); reposição se múltiplos rolls; morte atribuída ao jogador; sem Saque 1.5%; Saque I 2%, +0.5 p.p./nível acima de I; peso bruto 1/1; normaliza apenas entradas elegíveis","Consumível de proteção após morte. Na versão4.8.3345, conserva armadura e mão secundária quando ativado, com keepInventory=false, morte não cancelada, jogador real em sobrevivência e conteúdo elegível. A intenção de guardar o item selecionado falha: NonNullList.of(item) recebe varargs vazio. Não garantir esse item. Há preservação independente pela tag kept_on_death. Fontes: [`CharmEvents`](https://github.com/TeamTwilight/twilightforest/blob/008085c660f1f9fc9aad6376ea0dc8080b3c0629/src/main/java/twilightforest/events/CharmEvents.java). Receitas confirmadas: [`charm_of_keeping_2`](#charm_of_keeping_2).",Alta nos arquivos versionados; configurações/datapacks externos não confirmados,/images/bestiary/audited/tf/maze-slime.png,vanilla/fxi.java; MazeSlimeRenderer.java; mazeslime.png; output-tf/proveniencia.json,evidence-final-tf/source.zip::twilightforest-008085c660f1f9fc9aad6376ea0dc8080b3c0629/src/generated/resources/data/twilightforest/loot_table/entities/maze_slime.json; evidence-final-tf/src/main/java/twilightforest/entity/monster/MazeSlime.java,/bestiary/receitas/tf.html#receita-charm-of-keeping-2 | [Receita charm_of_keeping_2](lote-final-2026-10-06/tf-cards-2026-10-06.md#receita-charm-of-keeping-2) — data/twilightforest/recipe/charm_of_keeping_2.json
Maze Slime,Twilight Forest,Criatura Slime; comportamento definido na classe e herança citadas,Rotas ativas de criação/spawner: evidence-final-tf/src/main/java/twilightforest/world/components/structures/type/LabyrinthStructure.java; ,Bônus global Lifedrain Scepter,Excluído pela tag lifedrain,0,"0 for this mechanism under resolved tags; onUseTick count%5==0; target pickable intersected by eye ray<=20, LivingEntity not ArmorStand; hurt(1) accepted; getHealth<=1; non-boss; outside no-flesh tag; ServerLevel and user Player; ['lifedrain_drops_no_flesh via #minecraft:frog_food']",Não aplicável,Alta no código/tags; execução/configuração do pack não observada,/images/bestiary/audited/tf/maze-slime.png,vanilla/fxi.java; MazeSlimeRenderer.java; mazeslime.png; output-tf/proveniencia.json,dados-preservados/calibracao/evidencias-twilight-lifedrain-por-mob-2026-10-01.json; evidence-final-tf/src/main/java/twilightforest/entity/monster/MazeSlime.java,Não aplicável: uso direto ou nenhuma receita identificada na build
Minoshroom,Twilight Forest,Chefe de encontro; alvos: Player,Sala de chefe do Labyrinth; MinoshroomSpawnerBlockEntity.,Recompensa chefe: morte/buffer/baú conforme lote2,twilightforest:meef_stroganoff,"1 + round(L × Uf[0.0,1.0])","Escolha com peso 1/1 por rolagem. ; doMobLoot=true; bossDropChests=true → inventário buffer → baú na remoção KILLED. Ponto home válido na dimensão: abaixo do home; senão posição do chefe.; Fluxo BaseTFBoss.; ajustadores coop apenas na configuração habilitada; P=participantes qualificados, padrão NONE. round(Uf[2.0,5.0] + Σ max(0,Uf[0.0,1.0])) [somente ajuste ativo; soma por participante extra] roll(s).",Alimento: nutrição14; Fire Resistance180s e Strength120s; devolve Bowl. Progressão requer preservar os avanços associados.,"Alta: lote2 definitivo preservado, não reavaliado",/images/bestiary/audited/tf/minoshroom.png,; output-tf/proveniencia.json,https://github.com/TeamTwilight/twilightforest/blob/008085c660f1f9fc9aad6376ea0dc8080b3c0629/src/generated/resources/data/twilightforest/loot_table/entities/minoshroom.json; dados-preservados/calibracao/evidencias-twilight-chefes-coop-parcial-2026-10-01.json; evidence-final-tf/src/main/java/twilightforest/entity/boss/Minoshroom.java,Não aplicável: uso direto ou nenhuma receita identificada na build
Minoshroom,Twilight Forest,Chefe de encontro; alvos: Player,Sala de chefe do Labyrinth; MinoshroomSpawnerBlockEntity.,Recompensa chefe: morte/buffer/baú conforme lote2,twilightforest:minoshroom_trophy,1,"Escolha com peso 1/1 por rolagem. ; doMobLoot=true; bossDropChests=true → inventário buffer → baú na remoção KILLED. Ponto home válido na dimensão: abaixo do home; senão posição do chefe.; Fluxo BaseTFBoss.; ajustadores coop apenas na configuração habilitada; P=participantes qualificados, padrão NONE. 1.0 roll(s).","Troféu/colecionável e bloco decorativo. Receitas confirmadas: [`minoshroom_banner_pattern`](#minoshroom_banner_pattern). Aceito no Trophy Pedestal (tag de 8 troféus); com progressão imposta, exige jogador elegível por progress_lich ou criativo a até 16 blocos. Paper +troféu gera Banner Pattern correspondente por recipe abaixo.","Alta: lote2 definitivo preservado, não reavaliado",/images/bestiary/audited/tf/minoshroom.png,; output-tf/proveniencia.json,https://github.com/TeamTwilight/twilightforest/blob/008085c660f1f9fc9aad6376ea0dc8080b3c0629/src/generated/resources/data/twilightforest/loot_table/entities/minoshroom.json; dados-preservados/calibracao/evidencias-twilight-chefes-coop-parcial-2026-10-01.json; evidence-final-tf/src/main/java/twilightforest/entity/boss/Minoshroom.java,/bestiary/receitas/tf.html#receita-minoshroom-banner-pattern | [Receita minoshroom_banner_pattern](lote-final-2026-10-06/tf-cards-2026-10-06.md#receita-minoshroom-banner-pattern) — data/twilightforest/recipe/minoshroom_banner_pattern.json
Minoshroom,Twilight Forest,Chefe de encontro; alvos: Player,Sala de chefe do Labyrinth; MinoshroomSpawnerBlockEntity.,Recompensa chefe: morte/buffer/baú conforme lote2,twilightforest:diamond_minotaur_axe,"clamp(1 + Ui[-2.0,1.0] × (P−1), 0, tamanho máximo da pilha) [somente ajuste ativo]","Escolha com peso 1/1 por rolagem. ; doMobLoot=true; bossDropChests=true → inventário buffer → baú na remoção KILLED. Ponto home válido na dimensão: abaixo do home; senão posição do chefe.; Fluxo BaseTFBoss.; ajustadores coop apenas na configuração habilitada; P=participantes qualificados, padrão NONE. 1.0 roll(s).","Machado: acrescenta7 pontos de dano ao ataque direto de uma LivingEntity que está correndo (isSprinting), no servidor e evento não cancelado. Valor de encantabilidade igual ao ouro. Bônus comprovado no evento, não só tooltip. Fontes: [`MinotaurAxeItem`](https://github.com/TeamTwilight/twilightforest/blob/008085c660f1f9fc9aad6376ea0dc8080b3c0629/src/main/java/twilightforest/item/MinotaurAxeItem.java), [`ToolEvents`](https://github.com/TeamTwilight/twilightforest/blob/008085c660f1f9fc9aad6376ea0dc8080b3c0629/src/main/java/twilightforest/events/ToolEvents.java).","Alta: lote2 definitivo preservado, não reavaliado",/images/bestiary/audited/tf/minoshroom.png,; output-tf/proveniencia.json,https://github.com/TeamTwilight/twilightforest/blob/008085c660f1f9fc9aad6376ea0dc8080b3c0629/src/generated/resources/data/twilightforest/loot_table/entities/minoshroom.json; dados-preservados/calibracao/evidencias-twilight-chefes-coop-parcial-2026-10-01.json; evidence-final-tf/src/main/java/twilightforest/entity/boss/Minoshroom.java,Não aplicável: uso direto ou nenhuma receita identificada na build
Minoshroom,Twilight Forest,Chefe de encontro; alvos: Player,Sala de chefe do Labyrinth; MinoshroomSpawnerBlockEntity.,Bônus global Lifedrain Scepter,Excluído pela tag lifedrain,0,"0 for this mechanism under resolved tags; onUseTick count%5==0; target pickable intersected by eye ray<=20, LivingEntity not ArmorStand; hurt(1) accepted; getHealth<=1; non-boss; outside no-flesh tag; ServerLevel and user Player; ['boss pela tag c:bosses']",Não aplicável,Alta no código/tags; execução/configuração do pack não observada,/images/bestiary/audited/tf/minoshroom.png,; output-tf/proveniencia.json,dados-preservados/calibracao/evidencias-twilight-lifedrain-por-mob-2026-10-01.json; evidence-final-tf/src/main/java/twilightforest/entity/boss/Minoshroom.java,Não aplicável: uso direto ou nenhuma receita identificada na build
Minotaur,Twilight Forest,Criatura Monster; alvos: Player,"Rotas ativas de criação/spawner: evidence-final-tf/src/main/java/twilightforest/world/components/structures/minotaurmaze/MazeRoomSpawnerChestsComponent.java, evidence-final-tf/src/main/java/twilightforest/world/components/structures/type/LabyrinthStructure.java; ",Loot de morte,twilightforest:raw_meef,1,"pool1: 1 sorteio(s); reposição se múltiplos rolls; peso bruto 1/1; normaliza apenas entradas elegíveis; set_count; Saque minecraft:looting: bônus Math.round(nível × sorteio 0–1); limite sem limite explícito; aplica receita de fundição ao item; função somente se (this satisfaz {""flags"": {""is_on_fire"": true}}) OU (direct_attacker satisfaz {""equipment"": {""mainhand"": {""predicates"": {""minecraft:enchantments"": [{""enchantments"": ""#minecraft:smelts_loot""}]}}}})","Alimento cru, cozinhável em Cooked Meef. Receitas confirmadas: [`meef_jerky`](#meef_jerky), [`campfired_meef`](#campfired_meef), [`smoked_meef`](#smoked_meef), [`smelted_meef`](#smelted_meef), [`straight_ahead_modifier`](#straight_ahead_modifier).",Alta nos arquivos versionados; configurações/datapacks externos não confirmados,/images/bestiary/audited/tf/minotaur.png,MinotaurModel.java; minotaur.png; output-tf/proveniencia.json,evidence-final-tf/source.zip::twilightforest-008085c660f1f9fc9aad6376ea0dc8080b3c0629/src/generated/resources/data/twilightforest/loot_table/entities/minotaur.json; evidence-final-tf/src/main/java/twilightforest/entity/monster/Minotaur.java,/bestiary/receitas/tf.html#receita-straight-ahead-modifier | [Receita straight_ahead_modifier](lote-final-2026-10-06/tf-cards-2026-10-06.md#receita-straight-ahead-modifier) — data/twilightforest/recipe/add_modifier_to_travellers_gear/travellers_boots/straight_ahead_modifier.json; [Receita campfired_meef](lote-final-2026-10-06/tf-cards-2026-10-06.md#receita-campfired-meef) — data/twilightforest/recipe/food/campfired_meef.json; [Receita smelted_meef](lote-final-2026-10-06/tf-cards-2026-10-06.md#receita-smelted-meef) — data/twilightforest/recipe/food/smelted_meef.json; [Receita smoked_meef](lote-final-2026-10-06/tf-cards-2026-10-06.md#receita-smoked-meef) — data/twilightforest/recipe/food/smoked_meef.json; [Receita meef_jerky](lote-final-2026-10-06/tf-cards-2026-10-06.md#receita-meef-jerky) — data/twilightforest/recipe/meef_jerky.json
Minotaur,Twilight Forest,Criatura Monster; alvos: Player,"Rotas ativas de criação/spawner: evidence-final-tf/src/main/java/twilightforest/world/components/structures/minotaurmaze/MazeRoomSpawnerChestsComponent.java, evidence-final-tf/src/main/java/twilightforest/world/components/structures/type/LabyrinthStructure.java; ",Loot de morte,twilightforest:maze_map_focus,1,"pool2: 1 sorteio(s); reposição se múltiplos rolls; sem Saque 2.5%; Saque I 3.5%, +1 p.p./nível acima de I; peso bruto 1/1; normaliza apenas entradas elegíveis","Material para Maze Map. Receitas confirmadas: [`uncrafting_table`](#uncrafting_table), [`maze_map`](#maze_map).",Alta nos arquivos versionados; configurações/datapacks externos não confirmados,/images/bestiary/audited/tf/minotaur.png,MinotaurModel.java; minotaur.png; output-tf/proveniencia.json,evidence-final-tf/source.zip::twilightforest-008085c660f1f9fc9aad6376ea0dc8080b3c0629/src/generated/resources/data/twilightforest/loot_table/entities/minotaur.json; evidence-final-tf/src/main/java/twilightforest/entity/monster/Minotaur.java,/bestiary/receitas/tf.html#receita-maze-map | [Receita maze_map](lote-final-2026-10-06/tf-cards-2026-10-06.md#receita-maze-map) — data/twilightforest/recipe/maze_map.json; [Receita uncrafting_table](lote-final-2026-10-06/tf-cards-2026-10-06.md#receita-uncrafting-table) — data/twilightforest/recipe/uncrafting_table.json
Minotaur,Twilight Forest,Criatura Monster; alvos: Player,"Rotas ativas de criação/spawner: evidence-final-tf/src/main/java/twilightforest/world/components/structures/minotaurmaze/MazeRoomSpawnerChestsComponent.java, evidence-final-tf/src/main/java/twilightforest/world/components/structures/type/LabyrinthStructure.java; ",Bônus global Lifedrain Scepter,minecraft:rotten_flesh,0..2 uniform integer,"2/3 conditional on bonus call; onUseTick count%5==0; target pickable intersected by eye ray<=20, LivingEntity not ArmorStand; hurt(1) accepted; getHealth<=1; non-boss; outside no-flesh tag; ServerLevel and user Player; []",Alimento com risco de Hunger; comércio com clérigo/alimentar lobos,Alta no código/tags; execução/configuração do pack não observada,/images/bestiary/audited/tf/minotaur.png,MinotaurModel.java; minotaur.png; output-tf/proveniencia.json,dados-preservados/calibracao/evidencias-twilight-lifedrain-por-mob-2026-10-01.json; evidence-final-tf/src/main/java/twilightforest/entity/monster/Minotaur.java,/bestiary/receitas/tf.html#receita-zombie-scepter | [Receita zombie_scepter](lote-final-2026-10-06/tf-cards-2026-10-06.md#receita-zombie-scepter) — data/twilightforest/recipe/equipment/zombie_scepter.json; [Receita monster_jerky](lote-final-2026-10-06/tf-cards-2026-10-06.md#receita-monster-jerky) — data/twilightforest/recipe/monster_jerky.json
Mist Wolf,Twilight Forest,Criatura HostileWolf; comportamento definido na classe e herança citadas,"Bioma dark_forest (monster); peso 5, grupo 1–1; data/twilightforest/worldgen/biome/dark_forest.json; Rotas ativas de criação/spawner: evidence-final-tf/src/main/java/twilightforest/world/registration/biomes/BiomeHelper.java; ",Morte → tabela vanilla delegada,Sem item por este mecanismo,0 nesta tabela,"minecraft:entities/wolf não tem pools no cliente 1.21.1. Esta conclusão não abrange bônus Lifedrain, equipamentos, globals ou datapacks.",Sem item literal nesta tabela; manter mecanismos separados já revisados.,Alta no código/JSON versionado; pack não executado,/images/bestiary/audited/tf/mist-wolf.png,vanilla/fyb.java; HostileWolfModel.java; MistWolfRenderer.java; mistwolf.png; output-tf/proveniencia.json,minecraft:entities/wolf; dados-preservados/calibracao/evidencias-twilight-delegacoes-parcial-2026-10-01.json; evidence-final-tf/src/main/java/twilightforest/entity/monster/MistWolf.java,Não aplicável: uso direto ou nenhuma receita identificada na build
Mist Wolf,Twilight Forest,Criatura HostileWolf; comportamento definido na classe e herança citadas,"Bioma dark_forest (monster); peso 5, grupo 1–1; data/twilightforest/worldgen/biome/dark_forest.json; Rotas ativas de criação/spawner: evidence-final-tf/src/main/java/twilightforest/world/registration/biomes/BiomeHelper.java; ",Bônus global Lifedrain Scepter,minecraft:rotten_flesh,0..2 uniform integer,"2/3 conditional on bonus call; onUseTick count%5==0; target pickable intersected by eye ray<=20, LivingEntity not ArmorStand; hurt(1) accepted; getHealth<=1; non-boss; outside no-flesh tag; ServerLevel and user Player; []",Alimento com risco de Hunger; comércio com clérigo/alimentar lobos,Alta no código/tags; execução/configuração do pack não observada,/images/bestiary/audited/tf/mist-wolf.png,vanilla/fyb.java; HostileWolfModel.java; MistWolfRenderer.java; mistwolf.png; output-tf/proveniencia.json,dados-preservados/calibracao/evidencias-twilight-lifedrain-por-mob-2026-10-01.json; evidence-final-tf/src/main/java/twilightforest/entity/monster/MistWolf.java,/bestiary/receitas/tf.html#receita-zombie-scepter | [Receita zombie_scepter](lote-final-2026-10-06/tf-cards-2026-10-06.md#receita-zombie-scepter) — data/twilightforest/recipe/equipment/zombie_scepter.json; [Receita monster_jerky](lote-final-2026-10-06/tf-cards-2026-10-06.md#receita-monster-jerky) — data/twilightforest/recipe/monster_jerky.json
Mosquito Swarm,Twilight Forest,Criatura Monster; alvos: Player,"Bioma swamp (monster); peso 10, grupo 1–1; data/twilightforest/worldgen/biome/swamp.json; Rotas ativas de criação/spawner: evidence-final-tf/src/main/java/twilightforest/world/registration/biomes/BiomeHelper.java; ",Tabela de morte vazia,Sem itens no JSON,0,; pools=[]; mecanismos paralelos separados,Não aplicável,Alta nos arquivos versionados; configurações/datapacks externos não confirmados,/images/bestiary/audited/tf/mosquito-swarm.png,MosquitoSwarmModel.java; MosquitoSwarmRenderer.java; mosquitoswarm.png; output-tf/proveniencia.json,evidence-final-tf/source.zip::twilightforest-008085c660f1f9fc9aad6376ea0dc8080b3c0629/src/generated/resources/data/twilightforest/loot_table/entities/mosquito_swarm.json; evidence-final-tf/src/main/java/twilightforest/entity/monster/MosquitoSwarm.java,Não aplicável: uso direto ou nenhuma receita identificada na build
Mosquito Swarm,Twilight Forest,Criatura Monster; alvos: Player,"Bioma swamp (monster); peso 10, grupo 1–1; data/twilightforest/worldgen/biome/swamp.json; Rotas ativas de criação/spawner: evidence-final-tf/src/main/java/twilightforest/world/registration/biomes/BiomeHelper.java; ",Bônus global Lifedrain Scepter,Excluído pela tag lifedrain,0,"0 for this mechanism under resolved tags; onUseTick count%5==0; target pickable intersected by eye ray<=20, LivingEntity not ArmorStand; hurt(1) accepted; getHealth<=1; non-boss; outside no-flesh tag; ServerLevel and user Player; ['lifedrain_drops_no_flesh direto']",Não aplicável,Alta no código/tags; execução/configuração do pack não observada,/images/bestiary/audited/tf/mosquito-swarm.png,MosquitoSwarmModel.java; MosquitoSwarmRenderer.java; mosquitoswarm.png; output-tf/proveniencia.json,dados-preservados/calibracao/evidencias-twilight-lifedrain-por-mob-2026-10-01.json; evidence-final-tf/src/main/java/twilightforest/entity/monster/MosquitoSwarm.java,Não aplicável: uso direto ou nenhuma receita identificada na build
Naga,Twilight Forest,Chefe de encontro; alvos: Player,Naga Courtyard; NagaSpawnerBlockEntity e peças de courtyard na versão008085c6.Templates com bloco gerador: data/twilightforest/structure/courtyard/spawner.nbt; ,Recompensa chefe: morte/buffer/baú conforme lote2,twilightforest:naga_scale,"clamp(Ui[6.0,11.0] + round(L × Uf[0.0,1.0]) + Ui[2.0,4.0] × (P−1), 0, tamanho máximo da pilha) [somente ajuste ativo]","Escolha com peso 1/1 por rolagem. ; doMobLoot=true; bossDropChests=true → inventário buffer → baú na remoção KILLED. Ponto home válido na dimensão: abaixo do home; senão posição do chefe.; Fluxo BaseTFBoss.; ajustadores coop apenas na configuração habilitada; P=participantes qualificados, padrão NONE. 1.0 roll(s).","Material de equipamento Naga. Receitas confirmadas: [`naga_chestplate`](#naga_chestplate), [`naga_leggings`](#naga_leggings).","Alta: lote2 definitivo preservado, não reavaliado",/images/bestiary/audited/tf/naga-completa.png,; output-tf/proveniencia.json,https://github.com/TeamTwilight/twilightforest/blob/008085c660f1f9fc9aad6376ea0dc8080b3c0629/src/generated/resources/data/twilightforest/loot_table/entities/naga.json; dados-preservados/calibracao/evidencias-twilight-chefes-coop-parcial-2026-10-01.json; evidence-final-tf/src/main/java/twilightforest/entity/boss/Naga.java,/bestiary/receitas/tf.html#receita-naga-chestplate | [Receita naga_chestplate](lote-final-2026-10-06/tf-cards-2026-10-06.md#receita-naga-chestplate) — data/twilightforest/recipe/equipment/naga_chestplate.json; [Receita naga_leggings](lote-final-2026-10-06/tf-cards-2026-10-06.md#receita-naga-leggings) — data/twilightforest/recipe/equipment/naga_leggings.json
Naga,Twilight Forest,Chefe de encontro; alvos: Player,Naga Courtyard; NagaSpawnerBlockEntity e peças de courtyard na versão008085c6.Templates com bloco gerador: data/twilightforest/structure/courtyard/spawner.nbt; ,Recompensa chefe: morte/buffer/baú conforme lote2,twilightforest:naga_trophy,1,"Escolha com peso 1/1 por rolagem. ; doMobLoot=true; bossDropChests=true → inventário buffer → baú na remoção KILLED. Ponto home válido na dimensão: abaixo do home; senão posição do chefe.; Fluxo BaseTFBoss.; ajustadores coop apenas na configuração habilitada; P=participantes qualificados, padrão NONE. 1.0 roll(s).","Troféu/colecionável e bloco decorativo. Receitas confirmadas: [`naga_banner_pattern`](#naga_banner_pattern). [Relação de crafting existente no site](/mods#twilight-crafting-tf-naga-trophy). Aceito no Trophy Pedestal (tag de 8 troféus); com progressão imposta, exige jogador elegível por progress_lich ou criativo a até 16 blocos. Paper +troféu gera Banner Pattern correspondente por recipe abaixo.","Alta: lote2 definitivo preservado, não reavaliado",/images/bestiary/audited/tf/naga-completa.png,; output-tf/proveniencia.json,https://github.com/TeamTwilight/twilightforest/blob/008085c660f1f9fc9aad6376ea0dc8080b3c0629/src/generated/resources/data/twilightforest/loot_table/entities/naga.json; dados-preservados/calibracao/evidencias-twilight-chefes-coop-parcial-2026-10-01.json; evidence-final-tf/src/main/java/twilightforest/entity/boss/Naga.java,/bestiary/receitas/tf.html#receita-naga-banner-pattern | [Receita naga_banner_pattern](lote-final-2026-10-06/tf-cards-2026-10-06.md#receita-naga-banner-pattern) — data/twilightforest/recipe/naga_banner_pattern.json
Naga,Twilight Forest,Chefe de encontro; alvos: Player,Naga Courtyard; NagaSpawnerBlockEntity e peças de courtyard na versão008085c6.Templates com bloco gerador: data/twilightforest/structure/courtyard/spawner.nbt; ,Bônus global Lifedrain Scepter,Excluído pela tag lifedrain,0,"0 for this mechanism under resolved tags; onUseTick count%5==0; target pickable intersected by eye ray<=20, LivingEntity not ArmorStand; hurt(1) accepted; getHealth<=1; non-boss; outside no-flesh tag; ServerLevel and user Player; ['boss pela tag c:bosses']",Não aplicável,Alta no código/tags; execução/configuração do pack não observada,/images/bestiary/audited/tf/naga-completa.png,; output-tf/proveniencia.json,dados-preservados/calibracao/evidencias-twilight-lifedrain-por-mob-2026-10-01.json; evidence-final-tf/src/main/java/twilightforest/entity/boss/Naga.java,Não aplicável: uso direto ou nenhuma receita identificada na build
Penguin,Twilight Forest,Criatura Bird; comportamento definido na classe e herança citadas,"Bioma glacier (creature); peso 10, grupo 2–4; data/twilightforest/worldgen/biome/glacier.json; Rotas ativas de criação/spawner: evidence-final-tf/src/main/java/twilightforest/world/registration/biomes/BiomeHelper.java; ",Loot de morte,minecraft:feather,0–2,pool1: 1 sorteio(s); reposição se múltiplos rolls; peso bruto 1/1; normaliza apenas entradas elegíveis; set_count; Saque minecraft:looting: bônus Math.round(nível × sorteio 0–1); limite sem limite explícito,Material de flechas e Book and Quill. Receitas confirmadas: [`gradual_glide_modifier`](#gradual_glide_modifier).,Alta nos arquivos versionados; configurações/datapacks externos não confirmados,/images/bestiary/audited/tf/penguin.png,PenguinModel.java; penguin.png; output-tf/proveniencia.json,evidence-final-tf/source.zip::twilightforest-008085c660f1f9fc9aad6376ea0dc8080b3c0629/src/generated/resources/data/twilightforest/loot_table/entities/penguin.json; evidence-final-tf/src/main/java/twilightforest/entity/passive/Penguin.java,/bestiary/receitas/tf.html#receita-gradual-glide-modifier | [Receita gradual_glide_modifier](lote-final-2026-10-06/tf-cards-2026-10-06.md#receita-gradual-glide-modifier) — data/twilightforest/recipe/add_modifier_to_travellers_gear/travellers_wings/gradual_glide_modifier.json
Penguin,Twilight Forest,Criatura Bird; comportamento definido na classe e herança citadas,"Bioma glacier (creature); peso 10, grupo 2–4; data/twilightforest/worldgen/biome/glacier.json; Rotas ativas de criação/spawner: evidence-final-tf/src/main/java/twilightforest/world/registration/biomes/BiomeHelper.java; ",Bônus global Lifedrain Scepter,minecraft:rotten_flesh,0..2 uniform integer,"2/3 conditional on bonus call; onUseTick count%5==0; target pickable intersected by eye ray<=20, LivingEntity not ArmorStand; hurt(1) accepted; getHealth<=1; non-boss; outside no-flesh tag; ServerLevel and user Player; []",Alimento com risco de Hunger; comércio com clérigo/alimentar lobos,Alta no código/tags; execução/configuração do pack não observada,/images/bestiary/audited/tf/penguin.png,PenguinModel.java; penguin.png; output-tf/proveniencia.json,dados-preservados/calibracao/evidencias-twilight-lifedrain-por-mob-2026-10-01.json; evidence-final-tf/src/main/java/twilightforest/entity/passive/Penguin.java,/bestiary/receitas/tf.html#receita-zombie-scepter | [Receita zombie_scepter](lote-final-2026-10-06/tf-cards-2026-10-06.md#receita-zombie-scepter) — data/twilightforest/recipe/equipment/zombie_scepter.json; [Receita monster_jerky](lote-final-2026-10-06/tf-cards-2026-10-06.md#receita-monster-jerky) — data/twilightforest/recipe/monster_jerky.json
Pinch Beetle,Twilight Forest,Criatura Monster; alvos: Player,"Rotas ativas de criação/spawner: evidence-final-tf/src/main/java/twilightforest/world/components/structures/HollowHillComponent.java, evidence-final-tf/src/main/java/twilightforest/world/components/structures/type/DarkTowerStructure.java, evidence-final-tf/src/main/java/twilightforest/world/components/structures/type/HollowHillStructure.java, evidence-final-tf/src/main/java/twilightforest/world/components/structures/type/LabyrinthStructure.java; ",Destruição de objeto externo,boat.variant.planks,3,Tentativa de startRiding em Boat: boat.kill(); produz materiais apenas com doEntityDrops=true.,Matéria-prima da variante do barco destruído.,Alta nas fontes versionadas; sem execução do pack,/images/bestiary/audited/tf/pinch-beetle.png,PinchBeetleModel.java; output-tf/proveniencia.json,src/main/java/twilightforest/entity/monster/PinchBeetle.java; dados-preservados/calibracao/evidencias-twilight-heranca-parcial-2026-10-01.json; evidence-final-tf/src/main/java/twilightforest/entity/monster/PinchBeetle.java,Não aplicável: uso direto ou nenhuma receita identificada na build
Pinch Beetle,Twilight Forest,Criatura Monster; alvos: Player,"Rotas ativas de criação/spawner: evidence-final-tf/src/main/java/twilightforest/world/components/structures/HollowHillComponent.java, evidence-final-tf/src/main/java/twilightforest/world/components/structures/type/DarkTowerStructure.java, evidence-final-tf/src/main/java/twilightforest/world/components/structures/type/HollowHillStructure.java, evidence-final-tf/src/main/java/twilightforest/world/components/structures/type/LabyrinthStructure.java; ",Destruição de objeto externo,minecraft:stick,2,Mesma tentativa de startRiding em Boat; doEntityDrops=true.,Material de crafting.,Alta nas fontes versionadas; sem execução do pack,/images/bestiary/audited/tf/pinch-beetle.png,PinchBeetleModel.java; output-tf/proveniencia.json,src/main/java/twilightforest/entity/monster/PinchBeetle.java; dados-preservados/calibracao/evidencias-twilight-heranca-parcial-2026-10-01.json; evidence-final-tf/src/main/java/twilightforest/entity/monster/PinchBeetle.java,[Receitas vanilla1.21.1](lote-final-2026-10-06/receitas-vanilla.json)
Pinch Beetle,Twilight Forest,Criatura Monster; alvos: Player,"Rotas ativas de criação/spawner: evidence-final-tf/src/main/java/twilightforest/world/components/structures/HollowHillComponent.java, evidence-final-tf/src/main/java/twilightforest/world/components/structures/type/DarkTowerStructure.java, evidence-final-tf/src/main/java/twilightforest/world/components/structures/type/HollowHillStructure.java, evidence-final-tf/src/main/java/twilightforest/world/components/structures/type/LabyrinthStructure.java; ",Destruição → inventário do Chest Boat,chest_boat.contents,Conteúdo efetivo dos 27 slots; quantidades variáveis,"Se barco é Chest Boat: Entity.kill→remove(KILLED), shouldDestroy true, servidor → Containers.dropContents. Esse caminho não testa doEntityDrops; não exige morte do Beetle. Se LootTable estiver atribuída, getItem resolve primeiro a tabela, com jogador null, então derrama conteúdo. Não há recompensa fixa extra de Chest/Chest Boat nesse ramo kill.","Restituição de inventário externo, não produção de itens do mob. Tabela atribuída depende do barco real/pack.",Alta nas fontes versionadas; sem execução do pack,/images/bestiary/audited/tf/pinch-beetle.png,PinchBeetleModel.java; output-tf/proveniencia.json,sources/mc1211-transformation-rewards-bytecode.txt + neoforge-21.1.209-ChestBoat.java.patch; dados-preservados/calibracao/evidencias-twilight-heranca-parcial-2026-10-01.json; evidence-final-tf/src/main/java/twilightforest/entity/monster/PinchBeetle.java,Não aplicável: uso direto ou nenhuma receita identificada na build
Pinch Beetle,Twilight Forest,Criatura Monster; alvos: Player,"Rotas ativas de criação/spawner: evidence-final-tf/src/main/java/twilightforest/world/components/structures/HollowHillComponent.java, evidence-final-tf/src/main/java/twilightforest/world/components/structures/type/DarkTowerStructure.java, evidence-final-tf/src/main/java/twilightforest/world/components/structures/type/HollowHillStructure.java, evidence-final-tf/src/main/java/twilightforest/world/components/structures/type/LabyrinthStructure.java; ",Destruição de barco,minecraft:stick,2,startRiding com Boat destrói o barco; exige doEntityDrops=true para gerar os materiais. Não ocorre por morte do Beetle.,Material de crafting.,Alta no código/JSON versionado; pack não executado,/images/bestiary/audited/tf/pinch-beetle.png,PinchBeetleModel.java; output-tf/proveniencia.json,https://github.com/TeamTwilight/twilightforest/blob/008085c660f1f9fc9aad6376ea0dc8080b3c0629/src/main/java/twilightforest/entity/monster/PinchBeetle.java; dados-preservados/calibracao/evidencias-twilight-delegacoes-parcial-2026-10-01.json; evidence-final-tf/src/main/java/twilightforest/entity/monster/PinchBeetle.java,[Receitas vanilla1.21.1](lote-final-2026-10-06/receitas-vanilla.json)
Pinch Beetle,Twilight Forest,Criatura Monster; alvos: Player,"Rotas ativas de criação/spawner: evidence-final-tf/src/main/java/twilightforest/world/components/structures/HollowHillComponent.java, evidence-final-tf/src/main/java/twilightforest/world/components/structures/type/DarkTowerStructure.java, evidence-final-tf/src/main/java/twilightforest/world/components/structures/type/HollowHillStructure.java, evidence-final-tf/src/main/java/twilightforest/world/components/structures/type/LabyrinthStructure.java; ",Destruição de barco,boat.variant.planks,3,"Mesmo mecanismo; tábuas correspondem à variante do barco destruído. Materiais do objeto externo, não drop nativo. Conteúdo de Chest Boat não foi esgotado nesta passagem.",Tábuas de construção/crafting.,Alta no código/JSON versionado; pack não executado,/images/bestiary/audited/tf/pinch-beetle.png,PinchBeetleModel.java; output-tf/proveniencia.json,https://github.com/TeamTwilight/twilightforest/blob/008085c660f1f9fc9aad6376ea0dc8080b3c0629/src/main/java/twilightforest/entity/monster/PinchBeetle.java; dados-preservados/calibracao/evidencias-twilight-delegacoes-parcial-2026-10-01.json; evidence-final-tf/src/main/java/twilightforest/entity/monster/PinchBeetle.java,Não aplicável: uso direto ou nenhuma receita identificada na build
Pinch Beetle,Twilight Forest,Criatura Monster; alvos: Player,"Rotas ativas de criação/spawner: evidence-final-tf/src/main/java/twilightforest/world/components/structures/HollowHillComponent.java, evidence-final-tf/src/main/java/twilightforest/world/components/structures/type/DarkTowerStructure.java, evidence-final-tf/src/main/java/twilightforest/world/components/structures/type/HollowHillStructure.java, evidence-final-tf/src/main/java/twilightforest/world/components/structures/type/LabyrinthStructure.java; ",Bônus global Lifedrain Scepter,minecraft:rotten_flesh,0..2 uniform integer,"2/3 conditional on bonus call; onUseTick count%5==0; target pickable intersected by eye ray<=20, LivingEntity not ArmorStand; hurt(1) accepted; getHealth<=1; non-boss; outside no-flesh tag; ServerLevel and user Player; []",Alimento com risco de Hunger; comércio com clérigo/alimentar lobos,Alta no código/tags; execução/configuração do pack não observada,/images/bestiary/audited/tf/pinch-beetle.png,PinchBeetleModel.java; output-tf/proveniencia.json,dados-preservados/calibracao/evidencias-twilight-lifedrain-por-mob-2026-10-01.json; evidence-final-tf/src/main/java/twilightforest/entity/monster/PinchBeetle.java,/bestiary/receitas/tf.html#receita-zombie-scepter | [Receita zombie_scepter](lote-final-2026-10-06/tf-cards-2026-10-06.md#receita-zombie-scepter) — data/twilightforest/recipe/equipment/zombie_scepter.json; [Receita monster_jerky](lote-final-2026-10-06/tf-cards-2026-10-06.md#receita-monster-jerky) — data/twilightforest/recipe/monster_jerky.json
Questing Ram,Twilight Forest,Criatura Animal; comportamento definido na classe e herança citadas,Rotas ativas de criação/spawner: evidence-final-tf/src/main/java/twilightforest/world/components/structures/QuestGrove.java; ,Tabela de morte vazia,Sem itens no JSON,0,; pools=[]; mecanismos paralelos separados,Não aplicável,Alta nos arquivos versionados; configurações/datapacks externos não confirmados,/images/bestiary/audited/tf/quest-ram.png,QuestRamModel.java; QuestRamRenderer.java; questram.png; questram_lines.png; output-tf/proveniencia.json,evidence-final-tf/source.zip::twilightforest-008085c660f1f9fc9aad6376ea0dc8080b3c0629/src/generated/resources/data/twilightforest/loot_table/entities/quest_ram.json; evidence-final-tf/src/main/java/twilightforest/entity/passive/QuestRam.java,Não aplicável: uso direto ou nenhuma receita identificada na build
Questing Ram,Twilight Forest,Criatura Animal; comportamento definido na classe e herança citadas,Rotas ativas de criação/spawner: evidence-final-tf/src/main/java/twilightforest/world/components/structures/QuestGrove.java; ,Bônus global Lifedrain Scepter,minecraft:rotten_flesh,0..2 uniform integer,"2/3 conditional on bonus call; onUseTick count%5==0; target pickable intersected by eye ray<=20, LivingEntity not ArmorStand; hurt(1) accepted; getHealth<=1; non-boss; outside no-flesh tag; ServerLevel and user Player; []",Alimento com risco de Hunger; comércio com clérigo/alimentar lobos,Alta no código/tags; execução/configuração do pack não observada,/images/bestiary/audited/tf/quest-ram.png,QuestRamModel.java; QuestRamRenderer.java; questram.png; questram_lines.png; output-tf/proveniencia.json,dados-preservados/calibracao/evidencias-twilight-lifedrain-por-mob-2026-10-01.json; evidence-final-tf/src/main/java/twilightforest/entity/passive/QuestRam.java,/bestiary/receitas/tf.html#receita-zombie-scepter | [Receita zombie_scepter](lote-final-2026-10-06/tf-cards-2026-10-06.md#receita-zombie-scepter) — data/twilightforest/recipe/equipment/zombie_scepter.json; [Receita monster_jerky](lote-final-2026-10-06/tf-cards-2026-10-06.md#receita-monster-jerky) — data/twilightforest/recipe/monster_jerky.json
Questing Ram,Twilight Forest,Criatura Animal; comportamento definido na classe e herança citadas,Rotas ativas de criação/spawner: evidence-final-tf/src/main/java/twilightforest/world/components/structures/QuestGrove.java; ,Missão das16cores de lã,twilightforest:crumble_horn,1,"QuestRam.countColorsSet>15, !Rewarded; customServerAiStep chama rewardQuest uma vez e marca Rewarded; questing_ram.json define as16cores. Não depende de matar o Ram.; pool1: 1 sorteio(s); reposição se múltiplos rolls; peso bruto 1/1; normaliza apenas entradas elegíveis",Equipamento que transforma/desfaz blocos à frente via regras de crumbling; não receita de fabricação de item.,Alta nos arquivos versionados; configurações/datapacks externos não confirmados,/images/bestiary/audited/tf/quest-ram.png,QuestRamModel.java; QuestRamRenderer.java; questram.png; questram_lines.png; output-tf/proveniencia.json,evidence-final-tf/source.zip::twilightforest-008085c660f1f9fc9aad6376ea0dc8080b3c0629/src/generated/resources/data/twilightforest/loot_table/entities/questing_ram_rewards.json; evidence-final-tf/src/main/java/twilightforest/entity/passive/QuestRam.java,Não aplicável: uso direto ou nenhuma receita identificada na build
Questing Ram,Twilight Forest,Criatura Animal; comportamento definido na classe e herança citadas,Rotas ativas de criação/spawner: evidence-final-tf/src/main/java/twilightforest/world/components/structures/QuestGrove.java; ,Missão das16cores de lã,minecraft:bundle,1,"QuestRam.countColorsSet>15, !Rewarded; customServerAiStep chama rewardQuest uma vez e marca Rewarded; questing_ram.json define as16cores. Não depende de matar o Ram.; pool2: 1 sorteio(s); reposição se múltiplos rolls; peso bruto 1/1; normaliza apenas entradas elegíveis; {""component"": ""minecraft:bundle_contents"", ""entries"": [{""type"": ""minecraft:item"", ""name"": ""twilightforest:quest_ram_trophy""}, {""type"": ""minecraft:loot_table"", ""value"": ""twilightforest:entities/questing_ram_reward_blocks""}], ""function"": ""minecraft:set_contents""}","Contêiner; na quest contém troféu e sete blocos, não contabilizar esses conteúdos duas vezes. Receitas confirmadas: [`efficient_eater_modifier`](#efficient_eater_modifier).",Alta nos arquivos versionados; configurações/datapacks externos não confirmados,/images/bestiary/audited/tf/quest-ram.png,QuestRamModel.java; QuestRamRenderer.java; questram.png; questram_lines.png; output-tf/proveniencia.json,evidence-final-tf/source.zip::twilightforest-008085c660f1f9fc9aad6376ea0dc8080b3c0629/src/generated/resources/data/twilightforest/loot_table/entities/questing_ram_rewards.json; evidence-final-tf/src/main/java/twilightforest/entity/passive/QuestRam.java,/bestiary/receitas/tf.html#receita-efficient-eater-modifier | [Receita efficient_eater_modifier](lote-final-2026-10-06/tf-cards-2026-10-06.md#receita-efficient-eater-modifier) — data/twilightforest/recipe/add_modifier_to_travellers_gear/travellers_vest/efficient_eater_modifier.json
Questing Ram,Twilight Forest,Criatura Animal; comportamento definido na classe e herança citadas,Rotas ativas de criação/spawner: evidence-final-tf/src/main/java/twilightforest/world/components/structures/QuestGrove.java; ,Conteúdo do Bundle da missão,minecraft:coal_block,1,"Conteúdo dentro do Bundle recebido, não uma segunda recompensa solta;16cores entregues, missão única; pool1: 1 sorteio(s); reposição se múltiplos rolls; peso bruto 1/1; normaliza apenas entradas elegíveis",Bloco de construção e matéria-prima.,Alta nos arquivos versionados; configurações/datapacks externos não confirmados,/images/bestiary/audited/tf/quest-ram.png,QuestRamModel.java; QuestRamRenderer.java; questram.png; questram_lines.png; output-tf/proveniencia.json,evidence-final-tf/source.zip::twilightforest-008085c660f1f9fc9aad6376ea0dc8080b3c0629/src/generated/resources/data/twilightforest/loot_table/entities/questing_ram_reward_blocks.json; evidence-final-tf/src/main/java/twilightforest/entity/passive/QuestRam.java,[Receitas vanilla1.21.1](lote-final-2026-10-06/receitas-vanilla.json)
Questing Ram,Twilight Forest,Criatura Animal; comportamento definido na classe e herança citadas,Rotas ativas de criação/spawner: evidence-final-tf/src/main/java/twilightforest/world/components/structures/QuestGrove.java; ,Conteúdo do Bundle da missão,minecraft:iron_block,1,"Conteúdo dentro do Bundle recebido, não uma segunda recompensa solta;16cores entregues, missão única; pool2: 1 sorteio(s); reposição se múltiplos rolls; peso bruto 1/1; normaliza apenas entradas elegíveis",Bloco de construção e matéria-prima.,Alta nos arquivos versionados; configurações/datapacks externos não confirmados,/images/bestiary/audited/tf/quest-ram.png,QuestRamModel.java; QuestRamRenderer.java; questram.png; questram_lines.png; output-tf/proveniencia.json,evidence-final-tf/source.zip::twilightforest-008085c660f1f9fc9aad6376ea0dc8080b3c0629/src/generated/resources/data/twilightforest/loot_table/entities/questing_ram_reward_blocks.json; evidence-final-tf/src/main/java/twilightforest/entity/passive/QuestRam.java,[Receitas vanilla1.21.1](lote-final-2026-10-06/receitas-vanilla.json)
Questing Ram,Twilight Forest,Criatura Animal; comportamento definido na classe e herança citadas,Rotas ativas de criação/spawner: evidence-final-tf/src/main/java/twilightforest/world/components/structures/QuestGrove.java; ,Conteúdo do Bundle da missão,minecraft:copper_block,1,"Conteúdo dentro do Bundle recebido, não uma segunda recompensa solta;16cores entregues, missão única; pool3: 1 sorteio(s); reposição se múltiplos rolls; peso bruto 1/1; normaliza apenas entradas elegíveis",Bloco de construção e matéria-prima.,Alta nos arquivos versionados; configurações/datapacks externos não confirmados,/images/bestiary/audited/tf/quest-ram.png,QuestRamModel.java; QuestRamRenderer.java; questram.png; questram_lines.png; output-tf/proveniencia.json,evidence-final-tf/source.zip::twilightforest-008085c660f1f9fc9aad6376ea0dc8080b3c0629/src/generated/resources/data/twilightforest/loot_table/entities/questing_ram_reward_blocks.json; evidence-final-tf/src/main/java/twilightforest/entity/passive/QuestRam.java,[Receitas vanilla1.21.1](lote-final-2026-10-06/receitas-vanilla.json)
Questing Ram,Twilight Forest,Criatura Animal; comportamento definido na classe e herança citadas,Rotas ativas de criação/spawner: evidence-final-tf/src/main/java/twilightforest/world/components/structures/QuestGrove.java; ,Conteúdo do Bundle da missão,minecraft:lapis_block,1,"Conteúdo dentro do Bundle recebido, não uma segunda recompensa solta;16cores entregues, missão única; pool4: 1 sorteio(s); reposição se múltiplos rolls; peso bruto 1/1; normaliza apenas entradas elegíveis",Bloco de construção e matéria-prima.,Alta nos arquivos versionados; configurações/datapacks externos não confirmados,/images/bestiary/audited/tf/quest-ram.png,QuestRamModel.java; QuestRamRenderer.java; questram.png; questram_lines.png; output-tf/proveniencia.json,evidence-final-tf/source.zip::twilightforest-008085c660f1f9fc9aad6376ea0dc8080b3c0629/src/generated/resources/data/twilightforest/loot_table/entities/questing_ram_reward_blocks.json; evidence-final-tf/src/main/java/twilightforest/entity/passive/QuestRam.java,[Receitas vanilla1.21.1](lote-final-2026-10-06/receitas-vanilla.json)
Questing Ram,Twilight Forest,Criatura Animal; comportamento definido na classe e herança citadas,Rotas ativas de criação/spawner: evidence-final-tf/src/main/java/twilightforest/world/components/structures/QuestGrove.java; ,Conteúdo do Bundle da missão,minecraft:gold_block,1,"Conteúdo dentro do Bundle recebido, não uma segunda recompensa solta;16cores entregues, missão única; pool5: 1 sorteio(s); reposição se múltiplos rolls; peso bruto 1/1; normaliza apenas entradas elegíveis",Bloco de construção e matéria-prima.,Alta nos arquivos versionados; configurações/datapacks externos não confirmados,/images/bestiary/audited/tf/quest-ram.png,QuestRamModel.java; QuestRamRenderer.java; questram.png; questram_lines.png; output-tf/proveniencia.json,evidence-final-tf/source.zip::twilightforest-008085c660f1f9fc9aad6376ea0dc8080b3c0629/src/generated/resources/data/twilightforest/loot_table/entities/questing_ram_reward_blocks.json; evidence-final-tf/src/main/java/twilightforest/entity/passive/QuestRam.java,[Receitas vanilla1.21.1](lote-final-2026-10-06/receitas-vanilla.json)
Questing Ram,Twilight Forest,Criatura Animal; comportamento definido na classe e herança citadas,Rotas ativas de criação/spawner: evidence-final-tf/src/main/java/twilightforest/world/components/structures/QuestGrove.java; ,Conteúdo do Bundle da missão,minecraft:diamond_block,1,"Conteúdo dentro do Bundle recebido, não uma segunda recompensa solta;16cores entregues, missão única; pool6: 1 sorteio(s); reposição se múltiplos rolls; peso bruto 1/1; normaliza apenas entradas elegíveis",Bloco de construção e matéria-prima.,Alta nos arquivos versionados; configurações/datapacks externos não confirmados,/images/bestiary/audited/tf/quest-ram.png,QuestRamModel.java; QuestRamRenderer.java; questram.png; questram_lines.png; output-tf/proveniencia.json,evidence-final-tf/source.zip::twilightforest-008085c660f1f9fc9aad6376ea0dc8080b3c0629/src/generated/resources/data/twilightforest/loot_table/entities/questing_ram_reward_blocks.json; evidence-final-tf/src/main/java/twilightforest/entity/passive/QuestRam.java,[Receitas vanilla1.21.1](lote-final-2026-10-06/receitas-vanilla.json)
Questing Ram,Twilight Forest,Criatura Animal; comportamento definido na classe e herança citadas,Rotas ativas de criação/spawner: evidence-final-tf/src/main/java/twilightforest/world/components/structures/QuestGrove.java; ,Conteúdo do Bundle da missão,minecraft:emerald_block,1,"Conteúdo dentro do Bundle recebido, não uma segunda recompensa solta;16cores entregues, missão única; pool7: 1 sorteio(s); reposição se múltiplos rolls; peso bruto 1/1; normaliza apenas entradas elegíveis",Bloco de construção e matéria-prima.,Alta nos arquivos versionados; configurações/datapacks externos não confirmados,/images/bestiary/audited/tf/quest-ram.png,QuestRamModel.java; QuestRamRenderer.java; questram.png; questram_lines.png; output-tf/proveniencia.json,evidence-final-tf/source.zip::twilightforest-008085c660f1f9fc9aad6376ea0dc8080b3c0629/src/generated/resources/data/twilightforest/loot_table/entities/questing_ram_reward_blocks.json; evidence-final-tf/src/main/java/twilightforest/entity/passive/QuestRam.java,[Receitas vanilla1.21.1](lote-final-2026-10-06/receitas-vanilla.json)
Questing Ram,Twilight Forest,Criatura Animal; comportamento definido na classe e herança citadas,Rotas ativas de criação/spawner: evidence-final-tf/src/main/java/twilightforest/world/components/structures/QuestGrove.java; ,Conteúdo do Bundle da missão,twilightforest:quest_ram_trophy,1,"set_contents de questing_ram_rewards; um troféu dentro do Bundle, não adicionar outro troféu solto",Troféu/colecionável e bloco decorativo.,Alta nos arquivos versionados; configurações/datapacks externos não confirmados,/images/bestiary/audited/tf/quest-ram.png,QuestRamModel.java; QuestRamRenderer.java; questram.png; questram_lines.png; output-tf/proveniencia.json,data/twilightforest/loot_table/entities/questing_ram_rewards.json; evidence-final-tf/src/main/java/twilightforest/entity/passive/QuestRam.java,Não aplicável: uso direto ou nenhuma receita identificada na build
Raven,Twilight Forest,Criatura FlyingBird; comportamento definido na classe e herança citadas,"Bioma clearing (creature); peso 10, grupo 1–2; data/twilightforest/worldgen/biome/clearing.json; Bioma dense_forest (creature); peso 10, grupo 1–2; data/twilightforest/worldgen/biome/dense_forest.json; Bioma dense_mushroom_forest (creature); peso 10, grupo 1–2; data/twilightforest/worldgen/biome/dense_mushroom_forest.json; Bioma enchanted_forest (creature); peso 10, grupo 1–2; data/twilightforest/worldgen/biome/enchanted_forest.json; Bioma final_plateau (creature); peso 10, grupo 4–4; data/twilightforest/worldgen/biome/final_plateau.json; Bioma firefly_forest (creature); peso 10, grupo 1–2; data/twilightforest/worldgen/biome/firefly_forest.json; Bioma forest (creature); peso 10, grupo 1–2; data/twilightforest/worldgen/biome/forest.json; Bioma highlands (creature); peso 10, grupo 1–2; data/twilightforest/worldgen/biome/highlands.json; Bioma lake (creature); peso 10, grupo 1–2; data/twilightforest/worldgen/biome/lake.json; Bioma mushroom_forest (creature); peso 10, grupo 1–2; data/twilightforest/worldgen/biome/mushroom_forest.json; Bioma oak_savannah (creature); peso 10, grupo 1–2; data/twilightforest/worldgen/biome/oak_savannah.json; Bioma stream (creature); peso 10, grupo 1–2; data/twilightforest/worldgen/biome/stream.json; Rotas ativas de criação/spawner: evidence-final-tf/src/main/java/twilightforest/world/components/feature/MonolithFeature.java, evidence-final-tf/src/main/java/twilightforest/world/registration/biomes/BiomeHelper.java; ",Loot de morte,twilightforest:raven_feather,0–2,pool1: 1 sorteio(s); reposição se múltiplos rolls; peso bruto 1/1; normaliza apenas entradas elegíveis; set_count; Saque minecraft:looting: bônus Math.round(nível × sorteio 0–1); limite sem limite explícito,"Material de Magic Map Focus. Receitas confirmadas: [`magic_map_focus`](#magic_map_focus), [`agile_ranger_modifier`](#agile_ranger_modifier).",Alta nos arquivos versionados; configurações/datapacks externos não confirmados,/images/bestiary/audited/tf/raven.png,RavenModel.java; raven.png; output-tf/proveniencia.json,evidence-final-tf/source.zip::twilightforest-008085c660f1f9fc9aad6376ea0dc8080b3c0629/src/generated/resources/data/twilightforest/loot_table/entities/raven.json; evidence-final-tf/src/main/java/twilightforest/entity/passive/Raven.java,/bestiary/receitas/tf.html#receita-agile-ranger-modifier | [Receita agile_ranger_modifier](lote-final-2026-10-06/tf-cards-2026-10-06.md#receita-agile-ranger-modifier) — data/twilightforest/recipe/add_modifier_to_travellers_gear/travellers_wings/agile_ranger_modifier.json; [Receita magic_map_focus](lote-final-2026-10-06/tf-cards-2026-10-06.md#receita-magic-map-focus) — data/twilightforest/recipe/magic_map_focus.json
Raven,Twilight Forest,Criatura FlyingBird; comportamento definido na classe e herança citadas,"Bioma clearing (creature); peso 10, grupo 1–2; data/twilightforest/worldgen/biome/clearing.json; Bioma dense_forest (creature); peso 10, grupo 1–2; data/twilightforest/worldgen/biome/dense_forest.json; Bioma dense_mushroom_forest (creature); peso 10, grupo 1–2; data/twilightforest/worldgen/biome/dense_mushroom_forest.json; Bioma enchanted_forest (creature); peso 10, grupo 1–2; data/twilightforest/worldgen/biome/enchanted_forest.json; Bioma final_plateau (creature); peso 10, grupo 4–4; data/twilightforest/worldgen/biome/final_plateau.json; Bioma firefly_forest (creature); peso 10, grupo 1–2; data/twilightforest/worldgen/biome/firefly_forest.json; Bioma forest (creature); peso 10, grupo 1–2; data/twilightforest/worldgen/biome/forest.json; Bioma highlands (creature); peso 10, grupo 1–2; data/twilightforest/worldgen/biome/highlands.json; Bioma lake (creature); peso 10, grupo 1–2; data/twilightforest/worldgen/biome/lake.json; Bioma mushroom_forest (creature); peso 10, grupo 1–2; data/twilightforest/worldgen/biome/mushroom_forest.json; Bioma oak_savannah (creature); peso 10, grupo 1–2; data/twilightforest/worldgen/biome/oak_savannah.json; Bioma stream (creature); peso 10, grupo 1–2; data/twilightforest/worldgen/biome/stream.json; Rotas ativas de criação/spawner: evidence-final-tf/src/main/java/twilightforest/world/components/feature/MonolithFeature.java, evidence-final-tf/src/main/java/twilightforest/world/registration/biomes/BiomeHelper.java; ",Bônus global Lifedrain Scepter,minecraft:rotten_flesh,0..2 uniform integer,"2/3 conditional on bonus call; onUseTick count%5==0; target pickable intersected by eye ray<=20, LivingEntity not ArmorStand; hurt(1) accepted; getHealth<=1; non-boss; outside no-flesh tag; ServerLevel and user Player; []",Alimento com risco de Hunger; comércio com clérigo/alimentar lobos,Alta no código/tags; execução/configuração do pack não observada,/images/bestiary/audited/tf/raven.png,RavenModel.java; raven.png; output-tf/proveniencia.json,dados-preservados/calibracao/evidencias-twilight-lifedrain-por-mob-2026-10-01.json; evidence-final-tf/src/main/java/twilightforest/entity/passive/Raven.java,/bestiary/receitas/tf.html#receita-zombie-scepter | [Receita zombie_scepter](lote-final-2026-10-06/tf-cards-2026-10-06.md#receita-zombie-scepter) — data/twilightforest/recipe/equipment/zombie_scepter.json; [Receita monster_jerky](lote-final-2026-10-06/tf-cards-2026-10-06.md#receita-monster-jerky) — data/twilightforest/recipe/monster_jerky.json
Redcap,Twilight Forest,Criatura Monster; alvos: Player,"Rotas ativas de criação/spawner: evidence-final-tf/src/main/java/twilightforest/world/components/structures/HollowHillComponent.java, evidence-final-tf/src/main/java/twilightforest/world/components/structures/type/HollowHillStructure.java, evidence-final-tf/src/main/java/twilightforest/world/components/structures/type/KnightStrongholdStructure.java; ",Loot de morte,minecraft:coal,0–1,pool1: 1 sorteio(s); reposição se múltiplos rolls; peso bruto 1/1; normaliza apenas entradas elegíveis; set_count; Saque minecraft:looting: bônus Math.round(nível × sorteio 0–1); limite sem limite explícito,Combustível/material de tochas.,Alta nos arquivos versionados; configurações/datapacks externos não confirmados,/images/bestiary/audited/tf/redcap.png,RedcapModel.java; redcap.png; output-tf/proveniencia.json,evidence-final-tf/source.zip::twilightforest-008085c660f1f9fc9aad6376ea0dc8080b3c0629/src/generated/resources/data/twilightforest/loot_table/entities/redcap.json; evidence-final-tf/src/main/java/twilightforest/entity/monster/Redcap.java,[Receitas vanilla1.21.1](lote-final-2026-10-06/receitas-vanilla.json)
Redcap,Twilight Forest,Criatura Monster; alvos: Player,"Rotas ativas de criação/spawner: evidence-final-tf/src/main/java/twilightforest/world/components/structures/HollowHillComponent.java, evidence-final-tf/src/main/java/twilightforest/world/components/structures/type/HollowHillStructure.java, evidence-final-tf/src/main/java/twilightforest/world/components/structures/type/KnightStrongholdStructure.java; ",Bônus global Lifedrain Scepter,minecraft:rotten_flesh,0..2 uniform integer,"2/3 conditional on bonus call; onUseTick count%5==0; target pickable intersected by eye ray<=20, LivingEntity not ArmorStand; hurt(1) accepted; getHealth<=1; non-boss; outside no-flesh tag; ServerLevel and user Player; []",Alimento com risco de Hunger; comércio com clérigo/alimentar lobos,Alta no código/tags; execução/configuração do pack não observada,/images/bestiary/audited/tf/redcap.png,RedcapModel.java; redcap.png; output-tf/proveniencia.json,dados-preservados/calibracao/evidencias-twilight-lifedrain-por-mob-2026-10-01.json; evidence-final-tf/src/main/java/twilightforest/entity/monster/Redcap.java,/bestiary/receitas/tf.html#receita-zombie-scepter | [Receita zombie_scepter](lote-final-2026-10-06/tf-cards-2026-10-06.md#receita-zombie-scepter) — data/twilightforest/recipe/equipment/zombie_scepter.json; [Receita monster_jerky](lote-final-2026-10-06/tf-cards-2026-10-06.md#receita-monster-jerky) — data/twilightforest/recipe/monster_jerky.json
Redcap Sapper,Twilight Forest,Criatura Redcap; comportamento definido na classe e herança citadas,"Rotas ativas de criação/spawner: evidence-final-tf/src/main/java/twilightforest/world/components/structures/type/HollowHillStructure.java, evidence-final-tf/src/main/java/twilightforest/world/components/structures/type/KnightStrongholdStructure.java; ",Loot de morte,minecraft:coal,0–1,; pool1: 1 sorteio(s); reposição se múltiplos rolls; peso bruto 1/1; normaliza apenas entradas elegíveis; pool1: 1 sorteio(s); reposição se múltiplos rolls; peso bruto 1/1; normaliza apenas entradas elegíveis; set_count; Saque minecraft:looting: bônus Math.round(nível × sorteio 0–1); limite sem limite explícito,Combustível/material de tochas.,Alta nos arquivos versionados; configurações/datapacks externos não confirmados,/images/bestiary/audited/tf/redcap-sapper.png,RedcapModel.java; redcapsapper.png; output-tf/proveniencia.json,evidence-final-tf/source.zip::twilightforest-008085c660f1f9fc9aad6376ea0dc8080b3c0629/src/generated/resources/data/twilightforest/loot_table/entities/redcap.json; evidence-final-tf/src/main/java/twilightforest/entity/monster/RedcapSapper.java,[Receitas vanilla1.21.1](lote-final-2026-10-06/receitas-vanilla.json)
Redcap Sapper,Twilight Forest,Criatura Redcap; comportamento definido na classe e herança citadas,"Rotas ativas de criação/spawner: evidence-final-tf/src/main/java/twilightforest/world/components/structures/type/HollowHillStructure.java, evidence-final-tf/src/main/java/twilightforest/world/components/structures/type/KnightStrongholdStructure.java; ",Bônus global Lifedrain Scepter,minecraft:rotten_flesh,0..2 uniform integer,"2/3 conditional on bonus call; onUseTick count%5==0; target pickable intersected by eye ray<=20, LivingEntity not ArmorStand; hurt(1) accepted; getHealth<=1; non-boss; outside no-flesh tag; ServerLevel and user Player; []",Alimento com risco de Hunger; comércio com clérigo/alimentar lobos,Alta no código/tags; execução/configuração do pack não observada,/images/bestiary/audited/tf/redcap-sapper.png,RedcapModel.java; redcapsapper.png; output-tf/proveniencia.json,dados-preservados/calibracao/evidencias-twilight-lifedrain-por-mob-2026-10-01.json; evidence-final-tf/src/main/java/twilightforest/entity/monster/RedcapSapper.java,/bestiary/receitas/tf.html#receita-zombie-scepter | [Receita zombie_scepter](lote-final-2026-10-06/tf-cards-2026-10-06.md#receita-zombie-scepter) — data/twilightforest/recipe/equipment/zombie_scepter.json; [Receita monster_jerky](lote-final-2026-10-06/tf-cards-2026-10-06.md#receita-monster-jerky) — data/twilightforest/recipe/monster_jerky.json
Zombie,Twilight Forest,Criatura Monster; comportamento definido na classe e herança citadas,Rotas de túmulo/lich tower da build; entidade que emerge e converte em Zombie vanilla; lote1 preservado.,Conversão → Zombie vanilla,Sem item por este mecanismo,0 itens por conversão,"Ao atingir risingTicks>=130 no servidor, convertTo(ZOMBIE,true), preserva equipamento/chances, ajusta saúde e rotação. A forma antiga é discarded: não são duas mortes nem dois loots. Não chama finalizeSpawn para sortear arma/armadura natural.",A nova entidade usa seu próprio caminho de morte.,Alta nas fontes versionadas; sem execução do pack,/images/bestiary/audited/tf/rising-zombie.png,; output-tf/proveniencia.json,sources/tf-4.8.3345-transformation-equipment-bytecode.txt + sources/mc1211-transformation-rewards-bytecode.txt; dados-preservados/calibracao/evidencias-twilight-heranca-parcial-2026-10-01.json; evidence-final-tf/src/main/java/twilightforest/entity/monster/RisingZombie.java,Não aplicável: uso direto ou nenhuma receita identificada na build
Zombie,Twilight Forest,Criatura Monster; comportamento definido na classe e herança citadas,Rotas de túmulo/lich tower da build; entidade que emerge e converte em Zombie vanilla; lote1 preservado.,Forma original → ausência desse ramo,minecraft:zombie_head,0 pelo mecanismo Zombie enquanto Rising Zombie,"RisingZombie herda Monster, não Zombie, e não possui getSkull/dropCustomDeathLoot de Zombie. A delegação do loot JSON não importa esses métodos.",Não confundir delegação de tabela com herança de classe.,Alta nas fontes versionadas; sem execução do pack,/images/bestiary/audited/tf/rising-zombie.png,; output-tf/proveniencia.json,src/main/java/twilightforest/entity/monster/RisingZombie.java; dados-preservados/calibracao/evidencias-twilight-heranca-parcial-2026-10-01.json; evidence-final-tf/src/main/java/twilightforest/entity/monster/RisingZombie.java,[Receitas vanilla1.21.1](lote-final-2026-10-06/receitas-vanilla.json)
Zombie,Twilight Forest,Criatura Monster; comportamento definido na classe e herança citadas,Rotas de túmulo/lich tower da build; entidade que emerge e converte em Zombie vanilla; lote1 preservado.,Conversão → morte do Zombie,minecraft:zombie_head,1 quando o ramo aceita após conversão,"Somente nova entidade Zombie; Creeper carregado como fonte, contador droppedSkulls<1 e caminho de loot habilitado. Looting não aumenta essa cabeça.",Decoração e Firework Star com formato Creeper.,Alta nas fontes versionadas; sem execução do pack,/images/bestiary/audited/tf/rising-zombie.png,; output-tf/proveniencia.json,sources/mc1211-transformation-rewards-bytecode.txt; dados-preservados/calibracao/evidencias-twilight-heranca-parcial-2026-10-01.json; evidence-final-tf/src/main/java/twilightforest/entity/monster/RisingZombie.java,[Receitas vanilla1.21.1](lote-final-2026-10-06/receitas-vanilla.json)
Zombie,Twilight Forest,Criatura Monster; comportamento definido na classe e herança citadas,Rotas de túmulo/lich tower da build; entidade que emerge e converte em Zombie vanilla; lote1 preservado.,Morte → tabela vanilla delegada,minecraft:rotten_flesh,"Uinteiro[0,2] + bônus Looting","Looting acrescenta round(L × Ufloat[0,1]); L é o nível efetivo no contexto da função. Quantidade zero não gera item.",Alimento com chance de Hunger; alimenta cães e renova Strength/heal do Loyal Zombie conforme revisão anterior.,Alta no código/JSON versionado; pack não executado,/images/bestiary/audited/tf/rising-zombie.png,; output-tf/proveniencia.json,minecraft:entities/zombie; dados-preservados/calibracao/evidencias-twilight-delegacoes-parcial-2026-10-01.json; evidence-final-tf/src/main/java/twilightforest/entity/monster/RisingZombie.java,/bestiary/receitas/tf.html#receita-zombie-scepter | [Receita zombie_scepter](lote-final-2026-10-06/tf-cards-2026-10-06.md#receita-zombie-scepter) — data/twilightforest/recipe/equipment/zombie_scepter.json; [Receita monster_jerky](lote-final-2026-10-06/tf-cards-2026-10-06.md#receita-monster-jerky) — data/twilightforest/recipe/monster_jerky.json
Zombie,Twilight Forest,Criatura Monster; comportamento definido na classe e herança citadas,Rotas de túmulo/lich tower da build; entidade que emerge e converte em Zombie vanilla; lote1 preservado.,Morte → tabela vanilla delegada,minecraft:iron_ingot,1 se entrada escolhida,"killed_by_player; pool raro 2,5% sem Looting; 3,5%/4,5%/5,5% em L1/L2/L3. Escolhe um de Iron Ingot/Carrot/Potato com pesos iguais: cada entrada recebe 1/3 da chance do pool.",Material de equipamentos e mecanismos.,Alta no código/JSON versionado; pack não executado,/images/bestiary/audited/tf/rising-zombie.png,; output-tf/proveniencia.json,minecraft:entities/zombie; dados-preservados/calibracao/evidencias-twilight-delegacoes-parcial-2026-10-01.json; evidence-final-tf/src/main/java/twilightforest/entity/monster/RisingZombie.java,[Receitas vanilla1.21.1](lote-final-2026-10-06/receitas-vanilla.json)
Zombie,Twilight Forest,Criatura Monster; comportamento definido na classe e herança citadas,Rotas de túmulo/lich tower da build; entidade que emerge e converte em Zombie vanilla; lote1 preservado.,Morte → tabela vanilla delegada,minecraft:carrot,1 se entrada escolhida,"killed_by_player; pool raro 2,5% sem Looting; 3,5%/4,5%/5,5% em L1/L2/L3. Escolhe um de Iron Ingot/Carrot/Potato com pesos iguais: cada entrada recebe 1/3 da chance do pool.",Alimento/plantio; ingrediente de Golden Carrot e Carrot on a Stick.,Alta no código/JSON versionado; pack não executado,/images/bestiary/audited/tf/rising-zombie.png,; output-tf/proveniencia.json,minecraft:entities/zombie; dados-preservados/calibracao/evidencias-twilight-delegacoes-parcial-2026-10-01.json; evidence-final-tf/src/main/java/twilightforest/entity/monster/RisingZombie.java,[Receitas vanilla1.21.1](lote-final-2026-10-06/receitas-vanilla.json)
Zombie,Twilight Forest,Criatura Monster; comportamento definido na classe e herança citadas,Rotas de túmulo/lich tower da build; entidade que emerge e converte em Zombie vanilla; lote1 preservado.,Morte → tabela vanilla delegada,minecraft:potato,1 se entrada escolhida,"killed_by_player; pool raro 2,5% sem Looting; 3,5%/4,5%/5,5% em L1/L2/L3. Escolhe um de Iron Ingot/Carrot/Potato com pesos iguais: cada entrada recebe 1/3 da chance do pool. Substituída por baked_potato se on_fire/smelts_loot.",Alimento/plantio/cozimento.,Alta no código/JSON versionado; pack não executado,/images/bestiary/audited/tf/rising-zombie.png,; output-tf/proveniencia.json,minecraft:entities/zombie; dados-preservados/calibracao/evidencias-twilight-delegacoes-parcial-2026-10-01.json; evidence-final-tf/src/main/java/twilightforest/entity/monster/RisingZombie.java,[Receitas vanilla1.21.1](lote-final-2026-10-06/receitas-vanilla.json)
Zombie,Twilight Forest,Criatura Monster; comportamento definido na classe e herança citadas,Rotas de túmulo/lich tower da build; entidade que emerge e converte em Zombie vanilla; lote1 preservado.,Morte → tabela vanilla delegada,minecraft:baked_potato,1 se entrada escolhida,"killed_by_player; pool raro 2,5% sem Looting; 3,5%/4,5%/5,5% em L1/L2/L3. Escolhe um de Iron Ingot/Carrot/Potato com pesos iguais: cada entrada recebe 1/3 da chance do pool. Apenas substituição da entrada potato sob on_fire/smelts_loot; não quarta escolha.",Alimento cozido.,Alta no código/JSON versionado; pack não executado,/images/bestiary/audited/tf/rising-zombie.png,; output-tf/proveniencia.json,minecraft:entities/zombie; dados-preservados/calibracao/evidencias-twilight-delegacoes-parcial-2026-10-01.json; evidence-final-tf/src/main/java/twilightforest/entity/monster/RisingZombie.java,[Receitas vanilla1.21.1](lote-final-2026-10-06/receitas-vanilla.json)
Zombie,Twilight Forest,Criatura Monster; comportamento definido na classe e herança citadas,Rotas de túmulo/lich tower da build; entidade que emerge e converte em Zombie vanilla; lote1 preservado.,Bônus global Lifedrain Scepter,minecraft:rotten_flesh,0..2 uniform integer,"2/3 conditional on bonus call; onUseTick count%5==0; target pickable intersected by eye ray<=20, LivingEntity not ArmorStand; hurt(1) accepted; getHealth<=1; non-boss; outside no-flesh tag; ServerLevel and user Player; []",Alimento com risco de Hunger; comércio com clérigo/alimentar lobos,Alta no código/tags; execução/configuração do pack não observada,/images/bestiary/audited/tf/rising-zombie.png,; output-tf/proveniencia.json,dados-preservados/calibracao/evidencias-twilight-lifedrain-por-mob-2026-10-01.json; evidence-final-tf/src/main/java/twilightforest/entity/monster/RisingZombie.java,/bestiary/receitas/tf.html#receita-zombie-scepter | [Receita zombie_scepter](lote-final-2026-10-06/tf-cards-2026-10-06.md#receita-zombie-scepter) — data/twilightforest/recipe/equipment/zombie_scepter.json; [Receita monster_jerky](lote-final-2026-10-06/tf-cards-2026-10-06.md#receita-monster-jerky) — data/twilightforest/recipe/monster_jerky.json
Roving Cube,Twilight Forest,Criatura Monster; comportamento definido na classe e herança citadas,"não confirmado: rota natural de sobrevivência ausente após worldgen, estruturas, spawners e classes do commit008085c6. Adherent/Harbinger têm entradas FinalCastleStructure comentadas; apenas registro/SpawnPlacement não cria spawn. Roving Cube também sem inserção ativa localizada. Exceção; não atribuir encontro garantido no castelo.",Tabela de morte vazia,Sem itens no JSON,0,; pools=[]; mecanismos paralelos separados,Não aplicável,Alta nos arquivos versionados; configurações/datapacks externos não confirmados,/images/bestiary/audited/tf/roving-cube.png,; output-tf/proveniencia.json,evidence-final-tf/source.zip::twilightforest-008085c660f1f9fc9aad6376ea0dc8080b3c0629/src/generated/resources/data/twilightforest/loot_table/entities/roving_cube.json; evidence-final-tf/src/main/java/twilightforest/entity/RovingCube.java,Não aplicável: uso direto ou nenhuma receita identificada na build
Roving Cube,Twilight Forest,Criatura Monster; comportamento definido na classe e herança citadas,"não confirmado: rota natural de sobrevivência ausente após worldgen, estruturas, spawners e classes do commit008085c6. Adherent/Harbinger têm entradas FinalCastleStructure comentadas; apenas registro/SpawnPlacement não cria spawn. Roving Cube também sem inserção ativa localizada. Exceção; não atribuir encontro garantido no castelo.",Bônus global Lifedrain Scepter,minecraft:rotten_flesh,0..2 uniform integer,"2/3 conditional on bonus call; onUseTick count%5==0; target pickable intersected by eye ray<=20, LivingEntity not ArmorStand; hurt(1) accepted; getHealth<=1; non-boss; outside no-flesh tag; ServerLevel and user Player; []",Alimento com risco de Hunger; comércio com clérigo/alimentar lobos,Alta no código/tags; execução/configuração do pack não observada,/images/bestiary/audited/tf/roving-cube.png,; output-tf/proveniencia.json,dados-preservados/calibracao/evidencias-twilight-lifedrain-por-mob-2026-10-01.json; evidence-final-tf/src/main/java/twilightforest/entity/RovingCube.java,/bestiary/receitas/tf.html#receita-zombie-scepter | [Receita zombie_scepter](lote-final-2026-10-06/tf-cards-2026-10-06.md#receita-zombie-scepter) — data/twilightforest/recipe/equipment/zombie_scepter.json; [Receita monster_jerky](lote-final-2026-10-06/tf-cards-2026-10-06.md#receita-monster-jerky) — data/twilightforest/recipe/monster_jerky.json
Skeleton Druid,Twilight Forest,Criatura AbstractSkeleton; comportamento definido na classe e herança citadas,"Bioma dark_forest (monster); peso 5, grupo 1–1; data/twilightforest/worldgen/biome/dark_forest.json; Bioma spooky_forest (monster); peso 5, grupo 1–1; data/twilightforest/worldgen/biome/spooky_forest.json; Rotas ativas de criação/spawner: evidence-final-tf/src/main/java/twilightforest/world/components/feature/templates/DruidHutFeature.java, evidence-final-tf/src/main/java/twilightforest/world/registration/biomes/BiomeHelper.java; ",Equipamento sazonal sem drop,minecraft:carved_pumpkin,0 pelo descarte normal desse equipamento,"Halloween: finalizeSpawn parental em 31/10 da data do host, cabeça vazia, sorteio total 25%; 22,5% para este item. Ajusta chance de HEAD para 0, que o descarte verifica antes do modificador de Looting. Presença visual não prova drop.","Decoração/iluminação conforme item, mas não recompensa gerada por este caminho.",Alta nas fontes versionadas; sem execução do pack,/images/bestiary/audited/tf/skeleton-druid.png,SkeletonDruidModel.java; skeletondruid.png; output-tf/proveniencia.json,sources/mc1211-transformation-rewards-bytecode.txt; dados-preservados/calibracao/evidencias-twilight-heranca-parcial-2026-10-01.json; evidence-final-tf/src/main/java/twilightforest/entity/monster/SkeletonDruid.java,[Receitas vanilla1.21.1](lote-final-2026-10-06/receitas-vanilla.json)
Skeleton Druid,Twilight Forest,Criatura AbstractSkeleton; comportamento definido na classe e herança citadas,"Bioma dark_forest (monster); peso 5, grupo 1–1; data/twilightforest/worldgen/biome/dark_forest.json; Bioma spooky_forest (monster); peso 5, grupo 1–1; data/twilightforest/worldgen/biome/spooky_forest.json; Rotas ativas de criação/spawner: evidence-final-tf/src/main/java/twilightforest/world/components/feature/templates/DruidHutFeature.java, evidence-final-tf/src/main/java/twilightforest/world/registration/biomes/BiomeHelper.java; ",Equipamento sazonal sem drop,minecraft:jack_o_lantern,0 pelo descarte normal desse equipamento,"Halloween: finalizeSpawn parental em 31/10 da data do host, cabeça vazia, sorteio total 25%; 2,5% para este item. Ajusta chance de HEAD para 0, que o descarte verifica antes do modificador de Looting. Presença visual não prova drop.","Decoração/iluminação conforme item, mas não recompensa gerada por este caminho.",Alta nas fontes versionadas; sem execução do pack,/images/bestiary/audited/tf/skeleton-druid.png,SkeletonDruidModel.java; skeletondruid.png; output-tf/proveniencia.json,sources/mc1211-transformation-rewards-bytecode.txt; dados-preservados/calibracao/evidencias-twilight-heranca-parcial-2026-10-01.json; evidence-final-tf/src/main/java/twilightforest/entity/monster/SkeletonDruid.java,[Receitas vanilla1.21.1](lote-final-2026-10-06/receitas-vanilla.json)
Skeleton Druid,Twilight Forest,Criatura AbstractSkeleton; comportamento definido na classe e herança citadas,"Bioma dark_forest (monster); peso 5, grupo 1–1; data/twilightforest/worldgen/biome/dark_forest.json; Bioma spooky_forest (monster); peso 5, grupo 1–1; data/twilightforest/worldgen/biome/spooky_forest.json; Rotas ativas de criação/spawner: evidence-final-tf/src/main/java/twilightforest/world/components/feature/templates/DruidHutFeature.java, evidence-final-tf/src/main/java/twilightforest/world/registration/biomes/BiomeHelper.java; ",Morte → equipamento,minecraft:golden_hoe,"1, se cair o equipamento","Equipado em adulto por populateDefaultEquipmentSlots. Equipamento não vazio/sem PREVENT_EQUIPMENT_DROP; crédito recente de jogador no ramo não garantido. Chance base 8,5%; Looting do atacante jogador acrescenta 1 ponto percentual/nível. Encantamentos/dano do equipamento não são resultado de crafting.",Ferramenta agrícola.,Alta no código/JSON versionado; pack não executado,/images/bestiary/audited/tf/skeleton-druid.png,SkeletonDruidModel.java; skeletondruid.png; output-tf/proveniencia.json,https://github.com/TeamTwilight/twilightforest/blob/008085c660f1f9fc9aad6376ea0dc8080b3c0629/src/main/java/twilightforest/entity/monster/SkeletonDruid.java; dados-preservados/calibracao/evidencias-twilight-delegacoes-parcial-2026-10-01.json; evidence-final-tf/src/main/java/twilightforest/entity/monster/SkeletonDruid.java,[Receitas vanilla1.21.1](lote-final-2026-10-06/receitas-vanilla.json)
Skeleton Druid,Twilight Forest,Criatura AbstractSkeleton; comportamento definido na classe e herança citadas,"Bioma dark_forest (monster); peso 5, grupo 1–1; data/twilightforest/worldgen/biome/dark_forest.json; Bioma spooky_forest (monster); peso 5, grupo 1–1; data/twilightforest/worldgen/biome/spooky_forest.json; Rotas ativas de criação/spawner: evidence-final-tf/src/main/java/twilightforest/world/components/feature/templates/DruidHutFeature.java, evidence-final-tf/src/main/java/twilightforest/world/registration/biomes/BiomeHelper.java; ",Morte → equipamento,minecraft:stick,"1, se cair o equipamento","Equipado em bebê por populateDefaultEquipmentSlots. Equipamento não vazio/sem PREVENT_EQUIPMENT_DROP; crédito recente de jogador no ramo não garantido. Chance base 8,5%; Looting do atacante jogador acrescenta 1 ponto percentual/nível. Encantamentos/dano do equipamento não são resultado de crafting.","Material de ferramentas, tochas e outras receitas.",Alta no código/JSON versionado; pack não executado,/images/bestiary/audited/tf/skeleton-druid.png,SkeletonDruidModel.java; skeletondruid.png; output-tf/proveniencia.json,https://github.com/TeamTwilight/twilightforest/blob/008085c660f1f9fc9aad6376ea0dc8080b3c0629/src/main/java/twilightforest/entity/monster/SkeletonDruid.java; dados-preservados/calibracao/evidencias-twilight-delegacoes-parcial-2026-10-01.json; evidence-final-tf/src/main/java/twilightforest/entity/monster/SkeletonDruid.java,[Receitas vanilla1.21.1](lote-final-2026-10-06/receitas-vanilla.json)
Skeleton Druid,Twilight Forest,Criatura AbstractSkeleton; comportamento definido na classe e herança citadas,"Bioma dark_forest (monster); peso 5, grupo 1–1; data/twilightforest/worldgen/biome/dark_forest.json; Bioma spooky_forest (monster); peso 5, grupo 1–1; data/twilightforest/worldgen/biome/spooky_forest.json; Rotas ativas de criação/spawner: evidence-final-tf/src/main/java/twilightforest/world/components/feature/templates/DruidHutFeature.java, evidence-final-tf/src/main/java/twilightforest/world/registration/biomes/BiomeHelper.java; ",Bônus global Lifedrain Scepter,Excluído pela tag lifedrain,0,"0 for this mechanism under resolved tags; onUseTick count%5==0; target pickable intersected by eye ray<=20, LivingEntity not ArmorStand; hurt(1) accepted; getHealth<=1; non-boss; outside no-flesh tag; ServerLevel and user Player; ['lifedrain_drops_no_flesh via #minecraft:skeletons']",Não aplicável,Alta no código/tags; execução/configuração do pack não observada,/images/bestiary/audited/tf/skeleton-druid.png,SkeletonDruidModel.java; skeletondruid.png; output-tf/proveniencia.json,dados-preservados/calibracao/evidencias-twilight-lifedrain-por-mob-2026-10-01.json; evidence-final-tf/src/main/java/twilightforest/entity/monster/SkeletonDruid.java,Não aplicável: uso direto ou nenhuma receita identificada na build
Slime Beetle,Twilight Forest,Criatura Monster; alvos: Player,"Rotas ativas de criação/spawner: evidence-final-tf/src/main/java/twilightforest/world/components/structures/HollowHillComponent.java, evidence-final-tf/src/main/java/twilightforest/world/components/structures/type/HollowHillStructure.java, evidence-final-tf/src/main/java/twilightforest/world/components/structures/type/KnightStrongholdStructure.java, evidence-final-tf/src/main/java/twilightforest/world/components/structures/type/LabyrinthStructure.java; ",Loot de morte,minecraft:slime_ball,0–2,pool1: 1 sorteio(s); reposição se múltiplos rolls; peso bruto 1/1; normaliza apenas entradas elegíveis; set_count; Saque minecraft:looting: bônus Math.round(nível × sorteio 0–1); limite sem limite explícito,"Material de Sticky Piston, Slime Block e mecanismos. Receitas confirmadas: [`gelatinous_slime_drop`](#gelatinous_slime_drop).",Alta nos arquivos versionados; configurações/datapacks externos não confirmados,/images/bestiary/audited/tf/slime-beetle.png,SlimeBeetleModel.java; output-tf/proveniencia.json,evidence-final-tf/source.zip::twilightforest-008085c660f1f9fc9aad6376ea0dc8080b3c0629/src/generated/resources/data/twilightforest/loot_table/entities/slime_beetle.json; evidence-final-tf/src/main/java/twilightforest/entity/monster/SlimeBeetle.java,/bestiary/receitas/tf.html#receita-gelatinous-slime-drop | [Receita gelatinous_slime_drop](lote-final-2026-10-06/tf-cards-2026-10-06.md#receita-gelatinous-slime-drop) — data/twilightforest/recipe/gelatinous_slime_drop.json
Slime Beetle,Twilight Forest,Criatura Monster; alvos: Player,"Rotas ativas de criação/spawner: evidence-final-tf/src/main/java/twilightforest/world/components/structures/HollowHillComponent.java, evidence-final-tf/src/main/java/twilightforest/world/components/structures/type/HollowHillStructure.java, evidence-final-tf/src/main/java/twilightforest/world/components/structures/type/KnightStrongholdStructure.java, evidence-final-tf/src/main/java/twilightforest/world/components/structures/type/LabyrinthStructure.java; ",Bônus global Lifedrain Scepter,minecraft:rotten_flesh,0..2 uniform integer,"2/3 conditional on bonus call; onUseTick count%5==0; target pickable intersected by eye ray<=20, LivingEntity not ArmorStand; hurt(1) accepted; getHealth<=1; non-boss; outside no-flesh tag; ServerLevel and user Player; []",Alimento com risco de Hunger; comércio com clérigo/alimentar lobos,Alta no código/tags; execução/configuração do pack não observada,/images/bestiary/audited/tf/slime-beetle.png,SlimeBeetleModel.java; output-tf/proveniencia.json,dados-preservados/calibracao/evidencias-twilight-lifedrain-por-mob-2026-10-01.json; evidence-final-tf/src/main/java/twilightforest/entity/monster/SlimeBeetle.java,/bestiary/receitas/tf.html#receita-zombie-scepter | [Receita zombie_scepter](lote-final-2026-10-06/tf-cards-2026-10-06.md#receita-zombie-scepter) — data/twilightforest/recipe/equipment/zombie_scepter.json; [Receita monster_jerky](lote-final-2026-10-06/tf-cards-2026-10-06.md#receita-monster-jerky) — data/twilightforest/recipe/monster_jerky.json
Snow Guardian,Twilight Forest,Criatura BaseIceMob; alvos: Player,Rotas ativas de criação/spawner: evidence-final-tf/src/main/java/twilightforest/world/components/structures/type/AuroraPalaceStructure.java; ,Loot de morte,minecraft:snowball,0–2,pool1: 1 sorteio(s); reposição se múltiplos rolls; peso bruto 1/1; normaliza apenas entradas elegíveis; set_count; Saque minecraft:looting: bônus Math.round(nível × sorteio 0–1); limite sem limite explícito,Consumível arremessável/material de Snow Block.,Alta nos arquivos versionados; configurações/datapacks externos não confirmados,/images/bestiary/audited/tf/snow-guardian.png,SnowGuardian.java; SnowGuardianRenderer.java; NoopModel.java; steeleaf_sword.json; vanilla/handheld.json; steeleaf_layer_1.png; steeleaf_sword.png; output-tf/proveniencia.json,evidence-final-tf/source.zip::twilightforest-008085c660f1f9fc9aad6376ea0dc8080b3c0629/src/generated/resources/data/twilightforest/loot_table/entities/snow_guardian.json; evidence-final-tf/src/main/java/twilightforest/entity/monster/SnowGuardian.java,[Receitas vanilla1.21.1](lote-final-2026-10-06/receitas-vanilla.json)
Snow Guardian,Twilight Forest,Criatura BaseIceMob; alvos: Player,Rotas ativas de criação/spawner: evidence-final-tf/src/main/java/twilightforest/world/components/structures/type/AuroraPalaceStructure.java; ,Bônus global Lifedrain Scepter,Excluído pela tag lifedrain,0,"0 for this mechanism under resolved tags; onUseTick count%5==0; target pickable intersected by eye ray<=20, LivingEntity not ArmorStand; hurt(1) accepted; getHealth<=1; non-boss; outside no-flesh tag; ServerLevel and user Player; ['lifedrain_drops_no_flesh direto']",Não aplicável,Alta no código/tags; execução/configuração do pack não observada,/images/bestiary/audited/tf/snow-guardian.png,SnowGuardian.java; SnowGuardianRenderer.java; NoopModel.java; steeleaf_sword.json; vanilla/handheld.json; steeleaf_layer_1.png; steeleaf_sword.png; output-tf/proveniencia.json,dados-preservados/calibracao/evidencias-twilight-lifedrain-por-mob-2026-10-01.json; evidence-final-tf/src/main/java/twilightforest/entity/monster/SnowGuardian.java,Não aplicável: uso direto ou nenhuma receita identificada na build
Snow Guardian,Twilight Forest,Criatura BaseIceMob; alvos: Player,Rotas ativas de criação/spawner: evidence-final-tf/src/main/java/twilightforest/world/components/structures/type/AuroraPalaceStructure.java; ,Equipamento de morte: MAINHAND,twilightforest:ironwood_sword,0–1,"populateDefaultEquipmentSlots sorteia type=nextInt4; chance de equipar 1/4; drop separado pela herança Mob.dropEquipment, condicionado a slot/estado/encantamentos/Saque; não é garantido. Chance efetiva do pack não confirmada.",Arma corpo a corpo.,Alta nos arquivos versionados; configurações/datapacks externos não confirmados,/images/bestiary/audited/tf/snow-guardian.png,SnowGuardian.java; SnowGuardianRenderer.java; NoopModel.java; steeleaf_sword.json; vanilla/handheld.json; steeleaf_layer_1.png; steeleaf_sword.png; output-tf/proveniencia.json,/workspace/scratch/25006bff7ab5/evidence-final-tf/src/main/java/twilightforest/entity/monster/SnowGuardian.java; evidence-final-tf/src/main/java/twilightforest/entity/monster/SnowGuardian.java,Não aplicável: uso direto ou nenhuma receita identificada na build
Snow Guardian,Twilight Forest,Criatura BaseIceMob; alvos: Player,Rotas ativas de criação/spawner: evidence-final-tf/src/main/java/twilightforest/world/components/structures/type/AuroraPalaceStructure.java; ,Equipamento de morte: MAINHAND,twilightforest:steeleaf_sword,0–1,"populateDefaultEquipmentSlots sorteia type=nextInt4; chance de equipar 1/4; drop separado pela herança Mob.dropEquipment, condicionado a slot/estado/encantamentos/Saque; não é garantido. Chance efetiva do pack não confirmada.",Arma corpo a corpo.,Alta nos arquivos versionados; configurações/datapacks externos não confirmados,/images/bestiary/audited/tf/snow-guardian.png,SnowGuardian.java; SnowGuardianRenderer.java; NoopModel.java; steeleaf_sword.json; vanilla/handheld.json; steeleaf_layer_1.png; steeleaf_sword.png; output-tf/proveniencia.json,/workspace/scratch/25006bff7ab5/evidence-final-tf/src/main/java/twilightforest/entity/monster/SnowGuardian.java; evidence-final-tf/src/main/java/twilightforest/entity/monster/SnowGuardian.java,Não aplicável: uso direto ou nenhuma receita identificada na build
Snow Guardian,Twilight Forest,Criatura BaseIceMob; alvos: Player,Rotas ativas de criação/spawner: evidence-final-tf/src/main/java/twilightforest/world/components/structures/type/AuroraPalaceStructure.java; ,Equipamento de morte: MAINHAND,twilightforest:knightmetal_sword,0–1,"populateDefaultEquipmentSlots sorteia type=nextInt4; chance de equipar 1/2; drop separado pela herança Mob.dropEquipment, condicionado a slot/estado/encantamentos/Saque; não é garantido. Chance efetiva do pack não confirmada.","Espada: bônus contra alvo com armorValue>0. Se armorCoverPercentage>0, acrescenta int(2*armorCoverPercentage); senão acrescenta2. Requer dano direto por LivingEntity, servidor e evento não cancelado. Fontes: [`ToolEvents`](https://github.com/TeamTwilight/twilightforest/blob/008085c660f1f9fc9aad6376ea0dc8080b3c0629/src/main/java/twilightforest/events/ToolEvents.java).",Alta nos arquivos versionados; configurações/datapacks externos não confirmados,/images/bestiary/audited/tf/snow-guardian.png,SnowGuardian.java; SnowGuardianRenderer.java; NoopModel.java; steeleaf_sword.json; vanilla/handheld.json; steeleaf_layer_1.png; steeleaf_sword.png; output-tf/proveniencia.json,/workspace/scratch/25006bff7ab5/evidence-final-tf/src/main/java/twilightforest/entity/monster/SnowGuardian.java; evidence-final-tf/src/main/java/twilightforest/entity/monster/SnowGuardian.java,Não aplicável: uso direto ou nenhuma receita identificada na build
Snow Guardian,Twilight Forest,Criatura BaseIceMob; alvos: Player,Rotas ativas de criação/spawner: evidence-final-tf/src/main/java/twilightforest/world/components/structures/type/AuroraPalaceStructure.java; ,Equipamento de morte: CHEST,twilightforest:ironwood_chestplate,0–1,"populateDefaultEquipmentSlots sorteia type=nextInt4; chance de equipar 1/4; drop separado pela herança Mob.dropEquipment, condicionado a slot/estado/encantamentos/Saque; não é garantido. Chance efetiva do pack não confirmada.",Armadura de torso.,Alta nos arquivos versionados; configurações/datapacks externos não confirmados,/images/bestiary/audited/tf/snow-guardian.png,SnowGuardian.java; SnowGuardianRenderer.java; NoopModel.java; steeleaf_sword.json; vanilla/handheld.json; steeleaf_layer_1.png; steeleaf_sword.png; output-tf/proveniencia.json,/workspace/scratch/25006bff7ab5/evidence-final-tf/src/main/java/twilightforest/entity/monster/SnowGuardian.java; evidence-final-tf/src/main/java/twilightforest/entity/monster/SnowGuardian.java,Não aplicável: uso direto ou nenhuma receita identificada na build
Snow Guardian,Twilight Forest,Criatura BaseIceMob; alvos: Player,Rotas ativas de criação/spawner: evidence-final-tf/src/main/java/twilightforest/world/components/structures/type/AuroraPalaceStructure.java; ,Equipamento de morte: CHEST,twilightforest:steeleaf_chestplate,0–1,"populateDefaultEquipmentSlots sorteia type=nextInt4; chance de equipar 1/4; drop separado pela herança Mob.dropEquipment, condicionado a slot/estado/encantamentos/Saque; não é garantido. Chance efetiva do pack não confirmada.",Armadura de torso.,Alta nos arquivos versionados; configurações/datapacks externos não confirmados,/images/bestiary/audited/tf/snow-guardian.png,SnowGuardian.java; SnowGuardianRenderer.java; NoopModel.java; steeleaf_sword.json; vanilla/handheld.json; steeleaf_layer_1.png; steeleaf_sword.png; output-tf/proveniencia.json,/workspace/scratch/25006bff7ab5/evidence-final-tf/src/main/java/twilightforest/entity/monster/SnowGuardian.java; evidence-final-tf/src/main/java/twilightforest/entity/monster/SnowGuardian.java,Não aplicável: uso direto ou nenhuma receita identificada na build
Snow Guardian,Twilight Forest,Criatura BaseIceMob; alvos: Player,Rotas ativas de criação/spawner: evidence-final-tf/src/main/java/twilightforest/world/components/structures/type/AuroraPalaceStructure.java; ,Equipamento de morte: CHEST,twilightforest:knightmetal_chestplate,0–1,"populateDefaultEquipmentSlots sorteia type=nextInt4; chance de equipar 1/4; drop separado pela herança Mob.dropEquipment, condicionado a slot/estado/encantamentos/Saque; não é garantido. Chance efetiva do pack não confirmada.",Armadura de torso.,Alta nos arquivos versionados; configurações/datapacks externos não confirmados,/images/bestiary/audited/tf/snow-guardian.png,SnowGuardian.java; SnowGuardianRenderer.java; NoopModel.java; steeleaf_sword.json; vanilla/handheld.json; steeleaf_layer_1.png; steeleaf_sword.png; output-tf/proveniencia.json,/workspace/scratch/25006bff7ab5/evidence-final-tf/src/main/java/twilightforest/entity/monster/SnowGuardian.java; evidence-final-tf/src/main/java/twilightforest/entity/monster/SnowGuardian.java,Não aplicável: uso direto ou nenhuma receita identificada na build
Snow Guardian,Twilight Forest,Criatura BaseIceMob; alvos: Player,Rotas ativas de criação/spawner: evidence-final-tf/src/main/java/twilightforest/world/components/structures/type/AuroraPalaceStructure.java; ,Equipamento de morte: CHEST,twilightforest:arctic_chestplate,0–1,"populateDefaultEquipmentSlots sorteia type=nextInt4; chance de equipar 1/4; drop separado pela herança Mob.dropEquipment, condicionado a slot/estado/encantamentos/Saque; não é garantido. Chance efetiva do pack não confirmada.",Armadura de torso.,Alta nos arquivos versionados; configurações/datapacks externos não confirmados,/images/bestiary/audited/tf/snow-guardian.png,SnowGuardian.java; SnowGuardianRenderer.java; NoopModel.java; steeleaf_sword.json; vanilla/handheld.json; steeleaf_layer_1.png; steeleaf_sword.png; output-tf/proveniencia.json,/workspace/scratch/25006bff7ab5/evidence-final-tf/src/main/java/twilightforest/entity/monster/SnowGuardian.java; evidence-final-tf/src/main/java/twilightforest/entity/monster/SnowGuardian.java,Não aplicável: uso direto ou nenhuma receita identificada na build
Snow Guardian,Twilight Forest,Criatura BaseIceMob; alvos: Player,Rotas ativas de criação/spawner: evidence-final-tf/src/main/java/twilightforest/world/components/structures/type/AuroraPalaceStructure.java; ,Equipamento de morte: HEAD,twilightforest:ironwood_helmet,0–1,"populateDefaultEquipmentSlots sorteia type=nextInt4; chance de equipar 1/4; drop separado pela herança Mob.dropEquipment, condicionado a slot/estado/encantamentos/Saque; não é garantido. Chance efetiva do pack não confirmada.",Armadura de cabeça.,Alta nos arquivos versionados; configurações/datapacks externos não confirmados,/images/bestiary/audited/tf/snow-guardian.png,SnowGuardian.java; SnowGuardianRenderer.java; NoopModel.java; steeleaf_sword.json; vanilla/handheld.json; steeleaf_layer_1.png; steeleaf_sword.png; output-tf/proveniencia.json,/workspace/scratch/25006bff7ab5/evidence-final-tf/src/main/java/twilightforest/entity/monster/SnowGuardian.java; evidence-final-tf/src/main/java/twilightforest/entity/monster/SnowGuardian.java,Não aplicável: uso direto ou nenhuma receita identificada na build
Snow Guardian,Twilight Forest,Criatura BaseIceMob; alvos: Player,Rotas ativas de criação/spawner: evidence-final-tf/src/main/java/twilightforest/world/components/structures/type/AuroraPalaceStructure.java; ,Equipamento de morte: HEAD,twilightforest:steeleaf_helmet,0–1,"populateDefaultEquipmentSlots sorteia type=nextInt4; chance de equipar 1/4; drop separado pela herança Mob.dropEquipment, condicionado a slot/estado/encantamentos/Saque; não é garantido. Chance efetiva do pack não confirmada.",Armadura de cabeça.,Alta nos arquivos versionados; configurações/datapacks externos não confirmados,/images/bestiary/audited/tf/snow-guardian.png,SnowGuardian.java; SnowGuardianRenderer.java; NoopModel.java; steeleaf_sword.json; vanilla/handheld.json; steeleaf_layer_1.png; steeleaf_sword.png; output-tf/proveniencia.json,/workspace/scratch/25006bff7ab5/evidence-final-tf/src/main/java/twilightforest/entity/monster/SnowGuardian.java; evidence-final-tf/src/main/java/twilightforest/entity/monster/SnowGuardian.java,Não aplicável: uso direto ou nenhuma receita identificada na build
Snow Guardian,Twilight Forest,Criatura BaseIceMob; alvos: Player,Rotas ativas de criação/spawner: evidence-final-tf/src/main/java/twilightforest/world/components/structures/type/AuroraPalaceStructure.java; ,Equipamento de morte: HEAD,twilightforest:knightmetal_helmet,0–1,"populateDefaultEquipmentSlots sorteia type=nextInt4; chance de equipar 1/4; drop separado pela herança Mob.dropEquipment, condicionado a slot/estado/encantamentos/Saque; não é garantido. Chance efetiva do pack não confirmada.",Armadura de cabeça.,Alta nos arquivos versionados; configurações/datapacks externos não confirmados,/images/bestiary/audited/tf/snow-guardian.png,SnowGuardian.java; SnowGuardianRenderer.java; NoopModel.java; steeleaf_sword.json; vanilla/handheld.json; steeleaf_layer_1.png; steeleaf_sword.png; output-tf/proveniencia.json,/workspace/scratch/25006bff7ab5/evidence-final-tf/src/main/java/twilightforest/entity/monster/SnowGuardian.java; evidence-final-tf/src/main/java/twilightforest/entity/monster/SnowGuardian.java,Não aplicável: uso direto ou nenhuma receita identificada na build
Snow Guardian,Twilight Forest,Criatura BaseIceMob; alvos: Player,Rotas ativas de criação/spawner: evidence-final-tf/src/main/java/twilightforest/world/components/structures/type/AuroraPalaceStructure.java; ,Equipamento de morte: HEAD,twilightforest:arctic_helmet,0–1,"populateDefaultEquipmentSlots sorteia type=nextInt4; chance de equipar 1/4; drop separado pela herança Mob.dropEquipment, condicionado a slot/estado/encantamentos/Saque; não é garantido. Chance efetiva do pack não confirmada.",Armadura de cabeça.,Alta nos arquivos versionados; configurações/datapacks externos não confirmados,/images/bestiary/audited/tf/snow-guardian.png,SnowGuardian.java; SnowGuardianRenderer.java; NoopModel.java; steeleaf_sword.json; vanilla/handheld.json; steeleaf_layer_1.png; steeleaf_sword.png; output-tf/proveniencia.json,/workspace/scratch/25006bff7ab5/evidence-final-tf/src/main/java/twilightforest/entity/monster/SnowGuardian.java; evidence-final-tf/src/main/java/twilightforest/entity/monster/SnowGuardian.java,Não aplicável: uso direto ou nenhuma receita identificada na build
Snow Queen,Twilight Forest,Chefe de encontro; alvos: Player,Topo do Aurora Palace em Glacier; SnowQueenSpawnerBlockEntity.,Recompensa chefe: morte/buffer/baú conforme lote2,twilightforest:triple_bow,1,"Escolha com peso 1/2 por rolagem. ; doMobLoot=true; bossDropChests=true → inventário buffer → baú na remoção KILLED. Ponto home válido na dimensão: abaixo do home; senão posição do chefe.; Fluxo BaseTFBoss.; ajustadores coop apenas na configuração habilitada; P=participantes qualificados, padrão NONE. round(1.0 + Σ max(0,Uf[-2.0,1.0])) [somente ajuste ativo; soma por participante extra] roll(s).","Arco: para cada entrada de munição disparada cria3 projéteis, com velocidades verticais deslocadas em−0,15/0/+0,15. Laterais marcados INTANGIBLE_PROJECTILE; durabilidade é descontada uma vez por entrada de munição, antes do laço de3. Não prometer recuperação de3flechas por disparo. Fontes: [`TripleBowItem`](https://github.com/TeamTwilight/twilightforest/blob/008085c660f1f9fc9aad6376ea0dc8080b3c0629/src/main/java/twilightforest/item/TripleBowItem.java).","Alta: lote2 definitivo preservado, não reavaliado",/images/bestiary/audited/tf/snow-queen.png,; output-tf/proveniencia.json,https://github.com/TeamTwilight/twilightforest/blob/008085c660f1f9fc9aad6376ea0dc8080b3c0629/src/generated/resources/data/twilightforest/loot_table/entities/snow_queen.json; dados-preservados/calibracao/evidencias-twilight-chefes-coop-parcial-2026-10-01.json; evidence-final-tf/src/main/java/twilightforest/entity/boss/SnowQueen.java,Não aplicável: uso direto ou nenhuma receita identificada na build
Snow Queen,Twilight Forest,Chefe de encontro; alvos: Player,Topo do Aurora Palace em Glacier; SnowQueenSpawnerBlockEntity.,Recompensa chefe: morte/buffer/baú conforme lote2,twilightforest:seeker_bow,1,"Escolha com peso 1/2 por rolagem. ; doMobLoot=true; bossDropChests=true → inventário buffer → baú na remoção KILLED. Ponto home válido na dimensão: abaixo do home; senão posição do chefe.; Fluxo BaseTFBoss.; ajustadores coop apenas na configuração habilitada; P=participantes qualificados, padrão NONE. round(1.0 + Σ max(0,Uf[-2.0,1.0])) [somente ajuste ativo; soma por participante extra] roll(s).","Arco: converte flecha em SeekerArrow. Em voo rápido busca alvos numa região à frente baseada no movimento, prioridade para monstros que atacam o dono, depois outros alvos elegíveis com linha de visão; corrige trajetória e abandona alvo se alinhamento ruim. Não é acerto garantido. Fontes: [`SeekerBowItem`](https://github.com/TeamTwilight/twilightforest/blob/008085c660f1f9fc9aad6376ea0dc8080b3c0629/src/main/java/twilightforest/item/SeekerBowItem.java), [`SeekerArrow`](https://github.com/TeamTwilight/twilightforest/blob/008085c660f1f9fc9aad6376ea0dc8080b3c0629/src/main/java/twilightforest/entity/projectile/SeekerArrow.java).","Alta: lote2 definitivo preservado, não reavaliado",/images/bestiary/audited/tf/snow-queen.png,; output-tf/proveniencia.json,https://github.com/TeamTwilight/twilightforest/blob/008085c660f1f9fc9aad6376ea0dc8080b3c0629/src/generated/resources/data/twilightforest/loot_table/entities/snow_queen.json; dados-preservados/calibracao/evidencias-twilight-chefes-coop-parcial-2026-10-01.json; evidence-final-tf/src/main/java/twilightforest/entity/boss/SnowQueen.java,Não aplicável: uso direto ou nenhuma receita identificada na build
Snow Queen,Twilight Forest,Chefe de encontro; alvos: Player,Topo do Aurora Palace em Glacier; SnowQueenSpawnerBlockEntity.,Recompensa chefe: morte/buffer/baú conforme lote2,minecraft:packed_ice,"7.0 + round(L × Uf[0.0,1.0])","Escolha com peso 1/1 por rolagem. ; doMobLoot=true; bossDropChests=true → inventário buffer → baú na remoção KILLED. Ponto home válido na dimensão: abaixo do home; senão posição do chefe.; Fluxo BaseTFBoss.; ajustadores coop apenas na configuração habilitada; P=participantes qualificados, padrão NONE. Ui[1.0,4.0] roll(s).",Bloco de construção.,"Alta: lote2 definitivo preservado, não reavaliado",/images/bestiary/audited/tf/snow-queen.png,; output-tf/proveniencia.json,https://github.com/TeamTwilight/twilightforest/blob/008085c660f1f9fc9aad6376ea0dc8080b3c0629/src/generated/resources/data/twilightforest/loot_table/entities/snow_queen.json; dados-preservados/calibracao/evidencias-twilight-chefes-coop-parcial-2026-10-01.json; evidence-final-tf/src/main/java/twilightforest/entity/boss/SnowQueen.java,[Receitas vanilla1.21.1](lote-final-2026-10-06/receitas-vanilla.json)
Snow Queen,Twilight Forest,Chefe de encontro; alvos: Player,Topo do Aurora Palace em Glacier; SnowQueenSpawnerBlockEntity.,Recompensa chefe: morte/buffer/baú conforme lote2,minecraft:snowball,16.0,"Escolha com peso 1/1 por rolagem. ; doMobLoot=true; bossDropChests=true → inventário buffer → baú na remoção KILLED. Ponto home válido na dimensão: abaixo do home; senão posição do chefe.; Fluxo BaseTFBoss.; ajustadores coop apenas na configuração habilitada; P=participantes qualificados, padrão NONE. Ui[2.0,5.0] roll(s).",Consumível arremessável/material de Snow Block.,"Alta: lote2 definitivo preservado, não reavaliado",/images/bestiary/audited/tf/snow-queen.png,; output-tf/proveniencia.json,https://github.com/TeamTwilight/twilightforest/blob/008085c660f1f9fc9aad6376ea0dc8080b3c0629/src/generated/resources/data/twilightforest/loot_table/entities/snow_queen.json; dados-preservados/calibracao/evidencias-twilight-chefes-coop-parcial-2026-10-01.json; evidence-final-tf/src/main/java/twilightforest/entity/boss/SnowQueen.java,[Receitas vanilla1.21.1](lote-final-2026-10-06/receitas-vanilla.json)
Snow Queen,Twilight Forest,Chefe de encontro; alvos: Player,Topo do Aurora Palace em Glacier; SnowQueenSpawnerBlockEntity.,Recompensa chefe: morte/buffer/baú conforme lote2,twilightforest:snow_queen_trophy,1,"Escolha com peso 1/1 por rolagem. ; doMobLoot=true; bossDropChests=true → inventário buffer → baú na remoção KILLED. Ponto home válido na dimensão: abaixo do home; senão posição do chefe.; Fluxo BaseTFBoss.; ajustadores coop apenas na configuração habilitada; P=participantes qualificados, padrão NONE. 1.0 roll(s).","Troféu/colecionável e bloco decorativo. Receitas confirmadas: [`snow_queen_banner_pattern`](#snow_queen_banner_pattern). Aceito no Trophy Pedestal (tag de 8 troféus); com progressão imposta, exige jogador elegível por progress_lich ou criativo a até 16 blocos. Paper +troféu gera Banner Pattern correspondente por recipe abaixo.","Alta: lote2 definitivo preservado, não reavaliado",/images/bestiary/audited/tf/snow-queen.png,; output-tf/proveniencia.json,https://github.com/TeamTwilight/twilightforest/blob/008085c660f1f9fc9aad6376ea0dc8080b3c0629/src/generated/resources/data/twilightforest/loot_table/entities/snow_queen.json; dados-preservados/calibracao/evidencias-twilight-chefes-coop-parcial-2026-10-01.json; evidence-final-tf/src/main/java/twilightforest/entity/boss/SnowQueen.java,/bestiary/receitas/tf.html#receita-snow-queen-banner-pattern | [Receita snow_queen_banner_pattern](lote-final-2026-10-06/tf-cards-2026-10-06.md#receita-snow-queen-banner-pattern) — data/twilightforest/recipe/snow_queen_banner_pattern.json
Snow Queen,Twilight Forest,Chefe de encontro; alvos: Player,Topo do Aurora Palace em Glacier; SnowQueenSpawnerBlockEntity.,Bônus global Lifedrain Scepter,Excluído pela tag lifedrain,0,"0 for this mechanism under resolved tags; onUseTick count%5==0; target pickable intersected by eye ray<=20, LivingEntity not ArmorStand; hurt(1) accepted; getHealth<=1; non-boss; outside no-flesh tag; ServerLevel and user Player; ['boss pela tag c:bosses']",Não aplicável,Alta no código/tags; execução/configuração do pack não observada,/images/bestiary/audited/tf/snow-queen.png,; output-tf/proveniencia.json,dados-preservados/calibracao/evidencias-twilight-lifedrain-por-mob-2026-10-01.json; evidence-final-tf/src/main/java/twilightforest/entity/boss/SnowQueen.java,Não aplicável: uso direto ou nenhuma receita identificada na build
Squirrel,Twilight Forest,Criatura Animal; comportamento definido na classe e herança citadas,"Bioma clearing (creature); peso 10, grupo 2–4; data/twilightforest/worldgen/biome/clearing.json; Bioma dense_forest (creature); peso 10, grupo 2–4; data/twilightforest/worldgen/biome/dense_forest.json; Bioma dense_mushroom_forest (creature); peso 10, grupo 2–4; data/twilightforest/worldgen/biome/dense_mushroom_forest.json; Bioma enchanted_forest (creature); peso 10, grupo 2–4; data/twilightforest/worldgen/biome/enchanted_forest.json; Bioma firefly_forest (creature); peso 10, grupo 2–4; data/twilightforest/worldgen/biome/firefly_forest.json; Bioma forest (creature); peso 10, grupo 2–4; data/twilightforest/worldgen/biome/forest.json; Bioma highlands (creature); peso 10, grupo 2–4; data/twilightforest/worldgen/biome/highlands.json; Bioma lake (creature); peso 10, grupo 2–4; data/twilightforest/worldgen/biome/lake.json; Bioma mushroom_forest (creature); peso 10, grupo 2–4; data/twilightforest/worldgen/biome/mushroom_forest.json; Bioma oak_savannah (creature); peso 10, grupo 2–4; data/twilightforest/worldgen/biome/oak_savannah.json; Bioma stream (creature); peso 10, grupo 2–4; data/twilightforest/worldgen/biome/stream.json; Rotas ativas de criação/spawner: evidence-final-tf/src/main/java/twilightforest/world/registration/biomes/BiomeHelper.java; ",Tabela de morte vazia,Sem itens no JSON,0,; pools=[]; mecanismos paralelos separados,Não aplicável,Alta nos arquivos versionados; configurações/datapacks externos não confirmados,/images/bestiary/audited/tf/squirrel.png,SquirrelModel.java; squirrel2.png; output-tf/proveniencia.json,evidence-final-tf/source.zip::twilightforest-008085c660f1f9fc9aad6376ea0dc8080b3c0629/src/generated/resources/data/twilightforest/loot_table/entities/squirrel.json; evidence-final-tf/src/main/java/twilightforest/entity/passive/Squirrel.java,Não aplicável: uso direto ou nenhuma receita identificada na build
Squirrel,Twilight Forest,Criatura Animal; comportamento definido na classe e herança citadas,"Bioma clearing (creature); peso 10, grupo 2–4; data/twilightforest/worldgen/biome/clearing.json; Bioma dense_forest (creature); peso 10, grupo 2–4; data/twilightforest/worldgen/biome/dense_forest.json; Bioma dense_mushroom_forest (creature); peso 10, grupo 2–4; data/twilightforest/worldgen/biome/dense_mushroom_forest.json; Bioma enchanted_forest (creature); peso 10, grupo 2–4; data/twilightforest/worldgen/biome/enchanted_forest.json; Bioma firefly_forest (creature); peso 10, grupo 2–4; data/twilightforest/worldgen/biome/firefly_forest.json; Bioma forest (creature); peso 10, grupo 2–4; data/twilightforest/worldgen/biome/forest.json; Bioma highlands (creature); peso 10, grupo 2–4; data/twilightforest/worldgen/biome/highlands.json; Bioma lake (creature); peso 10, grupo 2–4; data/twilightforest/worldgen/biome/lake.json; Bioma mushroom_forest (creature); peso 10, grupo 2–4; data/twilightforest/worldgen/biome/mushroom_forest.json; Bioma oak_savannah (creature); peso 10, grupo 2–4; data/twilightforest/worldgen/biome/oak_savannah.json; Bioma stream (creature); peso 10, grupo 2–4; data/twilightforest/worldgen/biome/stream.json; Rotas ativas de criação/spawner: evidence-final-tf/src/main/java/twilightforest/world/registration/biomes/BiomeHelper.java; ",Bônus global Lifedrain Scepter,minecraft:rotten_flesh,0..2 uniform integer,"2/3 conditional on bonus call; onUseTick count%5==0; target pickable intersected by eye ray<=20, LivingEntity not ArmorStand; hurt(1) accepted; getHealth<=1; non-boss; outside no-flesh tag; ServerLevel and user Player; []",Alimento com risco de Hunger; comércio com clérigo/alimentar lobos,Alta no código/tags; execução/configuração do pack não observada,/images/bestiary/audited/tf/squirrel.png,SquirrelModel.java; squirrel2.png; output-tf/proveniencia.json,dados-preservados/calibracao/evidencias-twilight-lifedrain-por-mob-2026-10-01.json; evidence-final-tf/src/main/java/twilightforest/entity/passive/Squirrel.java,/bestiary/receitas/tf.html#receita-zombie-scepter | [Receita zombie_scepter](lote-final-2026-10-06/tf-cards-2026-10-06.md#receita-zombie-scepter) — data/twilightforest/recipe/equipment/zombie_scepter.json; [Receita monster_jerky](lote-final-2026-10-06/tf-cards-2026-10-06.md#receita-monster-jerky) — data/twilightforest/recipe/monster_jerky.json
Stable Ice Core,Twilight Forest,Criatura BaseIceMob; alvos: Player,Rotas ativas de criação/spawner: evidence-final-tf/src/main/java/twilightforest/world/components/structures/type/AuroraPalaceStructure.java; ,Loot de morte,minecraft:snowball,0–2,pool1: 1 sorteio(s); reposição se múltiplos rolls; peso bruto 1/1; normaliza apenas entradas elegíveis; set_count; Saque minecraft:looting: bônus Math.round(nível × sorteio 0–1); limite sem limite explícito,Consumível arremessável/material de Snow Block.,Alta nos arquivos versionados; configurações/datapacks externos não confirmados,/images/bestiary/audited/tf/stable-ice-core.png,StableIceCoreModel.java; UnstableIceCoreModel.java; iceshooter.png; output-tf/proveniencia.json,evidence-final-tf/source.zip::twilightforest-008085c660f1f9fc9aad6376ea0dc8080b3c0629/src/generated/resources/data/twilightforest/loot_table/entities/stable_ice_core.json; evidence-final-tf/src/main/java/twilightforest/entity/monster/StableIceCore.java,[Receitas vanilla1.21.1](lote-final-2026-10-06/receitas-vanilla.json)
Stable Ice Core,Twilight Forest,Criatura BaseIceMob; alvos: Player,Rotas ativas de criação/spawner: evidence-final-tf/src/main/java/twilightforest/world/components/structures/type/AuroraPalaceStructure.java; ,Bônus global Lifedrain Scepter,Excluído pela tag lifedrain,0,"0 for this mechanism under resolved tags; onUseTick count%5==0; target pickable intersected by eye ray<=20, LivingEntity not ArmorStand; hurt(1) accepted; getHealth<=1; non-boss; outside no-flesh tag; ServerLevel and user Player; ['lifedrain_drops_no_flesh direto']",Não aplicável,Alta no código/tags; execução/configuração do pack não observada,/images/bestiary/audited/tf/stable-ice-core.png,StableIceCoreModel.java; UnstableIceCoreModel.java; iceshooter.png; output-tf/proveniencia.json,dados-preservados/calibracao/evidencias-twilight-lifedrain-por-mob-2026-10-01.json; evidence-final-tf/src/main/java/twilightforest/entity/monster/StableIceCore.java,Não aplicável: uso direto ou nenhuma receita identificada na build
Swarm Spider,Twilight Forest,Criatura Spider; alvos: Player,"Rotas ativas de criação/spawner: evidence-final-tf/src/main/java/twilightforest/world/components/feature/trees/HollowTreeFeature.java, evidence-final-tf/src/main/java/twilightforest/world/components/structures/HedgeMazeComponent.java, evidence-final-tf/src/main/java/twilightforest/world/components/structures/HollowHillComponent.java, evidence-final-tf/src/main/java/twilightforest/world/components/structures/fallentrunk/FallenTrunkPiece.java, evidence-final-tf/src/main/java/twilightforest/world/components/structures/lichtower/TowerMainComponent.java, evidence-final-tf/src/main/java/twilightforest/world/components/structures/lichtower/TowerWingComponent.java, evidence-final-tf/src/main/java/twilightforest/world/components/structures/lichtowerrevamp/LichTowerUtil.java, evidence-final-tf/src/main/java/twilightforest/world/components/structures/lichtowerrevamp/LichTowerWingRoom.java, evidence-final-tf/src/main/java/twilightforest/world/components/structures/type/HollowHillStructure.java; ",Morte → tabela vanilla delegada,minecraft:string,"Uinteiro[0,2] + bônus Looting","Looting acrescenta round(L × Ufloat[0,1]); L é o nível efetivo no contexto da função. Quantidade zero não gera item.",Material de receitas e colocação de tripwire; receitas abaixo.,Alta no código/JSON versionado; pack não executado,/images/bestiary/audited/tf/swarm-spider.png,vanilla/fxl.java; TFSpiderRenderer.java; swarmspider.png; output-tf/proveniencia.json,minecraft:entities/spider; dados-preservados/calibracao/evidencias-twilight-delegacoes-parcial-2026-10-01.json; evidence-final-tf/src/main/java/twilightforest/entity/monster/SwarmSpider.java,/bestiary/receitas/tf.html#receita-lead-maze-ver | [Receita lead_maze_ver](lote-final-2026-10-06/tf-cards-2026-10-06.md#receita-lead-maze-ver) — data/twilightforest/recipe/lead_maze_ver.json
Swarm Spider,Twilight Forest,Criatura Spider; alvos: Player,"Rotas ativas de criação/spawner: evidence-final-tf/src/main/java/twilightforest/world/components/feature/trees/HollowTreeFeature.java, evidence-final-tf/src/main/java/twilightforest/world/components/structures/HedgeMazeComponent.java, evidence-final-tf/src/main/java/twilightforest/world/components/structures/HollowHillComponent.java, evidence-final-tf/src/main/java/twilightforest/world/components/structures/fallentrunk/FallenTrunkPiece.java, evidence-final-tf/src/main/java/twilightforest/world/components/structures/lichtower/TowerMainComponent.java, evidence-final-tf/src/main/java/twilightforest/world/components/structures/lichtower/TowerWingComponent.java, evidence-final-tf/src/main/java/twilightforest/world/components/structures/lichtowerrevamp/LichTowerUtil.java, evidence-final-tf/src/main/java/twilightforest/world/components/structures/lichtowerrevamp/LichTowerWingRoom.java, evidence-final-tf/src/main/java/twilightforest/world/components/structures/type/HollowHillStructure.java; ",Morte → tabela vanilla delegada,minecraft:spider_eye,L0: 0 ou 1; positivo em 1/3,"killed_by_player; set_count Uinteiro[-1,1], seguido de enchanted_count_increase. Não extrapolar chance linear para L>0. JSON integral preservado.",Alimento com veneno; material de poções e Fermented Spider Eye.,Alta no código/JSON versionado; pack não executado,/images/bestiary/audited/tf/swarm-spider.png,vanilla/fxl.java; TFSpiderRenderer.java; swarmspider.png; output-tf/proveniencia.json,minecraft:entities/spider; dados-preservados/calibracao/evidencias-twilight-delegacoes-parcial-2026-10-01.json; evidence-final-tf/src/main/java/twilightforest/entity/monster/SwarmSpider.java,/bestiary/receitas/tf.html#receita-stealth-modifier | [Receita stealth_modifier](lote-final-2026-10-06/tf-cards-2026-10-06.md#receita-stealth-modifier) — data/twilightforest/recipe/add_modifier_to_travellers_gear/travellers_vest/stealth_modifier.json
Swarm Spider,Twilight Forest,Criatura Spider; alvos: Player,"Rotas ativas de criação/spawner: evidence-final-tf/src/main/java/twilightforest/world/components/feature/trees/HollowTreeFeature.java, evidence-final-tf/src/main/java/twilightforest/world/components/structures/HedgeMazeComponent.java, evidence-final-tf/src/main/java/twilightforest/world/components/structures/HollowHillComponent.java, evidence-final-tf/src/main/java/twilightforest/world/components/structures/fallentrunk/FallenTrunkPiece.java, evidence-final-tf/src/main/java/twilightforest/world/components/structures/lichtower/TowerMainComponent.java, evidence-final-tf/src/main/java/twilightforest/world/components/structures/lichtower/TowerWingComponent.java, evidence-final-tf/src/main/java/twilightforest/world/components/structures/lichtowerrevamp/LichTowerUtil.java, evidence-final-tf/src/main/java/twilightforest/world/components/structures/lichtowerrevamp/LichTowerWingRoom.java, evidence-final-tf/src/main/java/twilightforest/world/components/structures/type/HollowHillStructure.java; ",Bônus global Lifedrain Scepter,minecraft:rotten_flesh,0..2 uniform integer,"2/3 conditional on bonus call; onUseTick count%5==0; target pickable intersected by eye ray<=20, LivingEntity not ArmorStand; hurt(1) accepted; getHealth<=1; non-boss; outside no-flesh tag; ServerLevel and user Player; []",Alimento com risco de Hunger; comércio com clérigo/alimentar lobos,Alta no código/tags; execução/configuração do pack não observada,/images/bestiary/audited/tf/swarm-spider.png,vanilla/fxl.java; TFSpiderRenderer.java; swarmspider.png; output-tf/proveniencia.json,dados-preservados/calibracao/evidencias-twilight-lifedrain-por-mob-2026-10-01.json; evidence-final-tf/src/main/java/twilightforest/entity/monster/SwarmSpider.java,/bestiary/receitas/tf.html#receita-zombie-scepter | [Receita zombie_scepter](lote-final-2026-10-06/tf-cards-2026-10-06.md#receita-zombie-scepter) — data/twilightforest/recipe/equipment/zombie_scepter.json; [Receita monster_jerky](lote-final-2026-10-06/tf-cards-2026-10-06.md#receita-monster-jerky) — data/twilightforest/recipe/monster_jerky.json
Tiny Bird,Twilight Forest,Criatura FlyingBird; comportamento definido na classe e herança citadas,"Bioma clearing (creature); peso 15, grupo 4–8; data/twilightforest/worldgen/biome/clearing.json; Bioma dense_forest (creature); peso 15, grupo 4–8; data/twilightforest/worldgen/biome/dense_forest.json; Bioma dense_mushroom_forest (creature); peso 15, grupo 4–8; data/twilightforest/worldgen/biome/dense_mushroom_forest.json; Bioma enchanted_forest (creature); peso 15, grupo 4–8; data/twilightforest/worldgen/biome/enchanted_forest.json; Bioma firefly_forest (creature); peso 15, grupo 4–8; data/twilightforest/worldgen/biome/firefly_forest.json; Bioma forest (creature); peso 15, grupo 4–8; data/twilightforest/worldgen/biome/forest.json; Bioma highlands (creature); peso 15, grupo 4–8; data/twilightforest/worldgen/biome/highlands.json; Bioma lake (creature); peso 15, grupo 4–8; data/twilightforest/worldgen/biome/lake.json; Bioma mushroom_forest (creature); peso 15, grupo 4–8; data/twilightforest/worldgen/biome/mushroom_forest.json; Bioma oak_savannah (creature); peso 15, grupo 4–8; data/twilightforest/worldgen/biome/oak_savannah.json; Bioma stream (creature); peso 15, grupo 4–8; data/twilightforest/worldgen/biome/stream.json; Rotas ativas de criação/spawner: evidence-final-tf/src/main/java/twilightforest/world/registration/biomes/BiomeHelper.java; ",Loot de morte,minecraft:feather,0–2,pool1: 1 sorteio(s); reposição se múltiplos rolls; peso bruto 1/1; normaliza apenas entradas elegíveis; set_count; Saque minecraft:looting: bônus Math.round(nível × sorteio 0–1); limite sem limite explícito,Material de flechas e Book and Quill. Receitas confirmadas: [`gradual_glide_modifier`](#gradual_glide_modifier).,Alta nos arquivos versionados; configurações/datapacks externos não confirmados,/images/bestiary/audited/tf/tiny-bird-blue.png,TinyBirdModel.java; tinybirdblue.png; tinybirdbrown.png; tinybirdgold.png; tinybirdred.png; output-tf/proveniencia.json,evidence-final-tf/source.zip::twilightforest-008085c660f1f9fc9aad6376ea0dc8080b3c0629/src/generated/resources/data/twilightforest/loot_table/entities/tiny_bird.json; evidence-final-tf/src/main/java/twilightforest/entity/passive/TinyBird.java,/bestiary/receitas/tf.html#receita-gradual-glide-modifier | [Receita gradual_glide_modifier](lote-final-2026-10-06/tf-cards-2026-10-06.md#receita-gradual-glide-modifier) — data/twilightforest/recipe/add_modifier_to_travellers_gear/travellers_wings/gradual_glide_modifier.json
Tiny Bird,Twilight Forest,Criatura FlyingBird; comportamento definido na classe e herança citadas,"Bioma clearing (creature); peso 15, grupo 4–8; data/twilightforest/worldgen/biome/clearing.json; Bioma dense_forest (creature); peso 15, grupo 4–8; data/twilightforest/worldgen/biome/dense_forest.json; Bioma dense_mushroom_forest (creature); peso 15, grupo 4–8; data/twilightforest/worldgen/biome/dense_mushroom_forest.json; Bioma enchanted_forest (creature); peso 15, grupo 4–8; data/twilightforest/worldgen/biome/enchanted_forest.json; Bioma firefly_forest (creature); peso 15, grupo 4–8; data/twilightforest/worldgen/biome/firefly_forest.json; Bioma forest (creature); peso 15, grupo 4–8; data/twilightforest/worldgen/biome/forest.json; Bioma highlands (creature); peso 15, grupo 4–8; data/twilightforest/worldgen/biome/highlands.json; Bioma lake (creature); peso 15, grupo 4–8; data/twilightforest/worldgen/biome/lake.json; Bioma mushroom_forest (creature); peso 15, grupo 4–8; data/twilightforest/worldgen/biome/mushroom_forest.json; Bioma oak_savannah (creature); peso 15, grupo 4–8; data/twilightforest/worldgen/biome/oak_savannah.json; Bioma stream (creature); peso 15, grupo 4–8; data/twilightforest/worldgen/biome/stream.json; Rotas ativas de criação/spawner: evidence-final-tf/src/main/java/twilightforest/world/registration/biomes/BiomeHelper.java; ",Bônus global Lifedrain Scepter,minecraft:rotten_flesh,0..2 uniform integer,"2/3 conditional on bonus call; onUseTick count%5==0; target pickable intersected by eye ray<=20, LivingEntity not ArmorStand; hurt(1) accepted; getHealth<=1; non-boss; outside no-flesh tag; ServerLevel and user Player; []",Alimento com risco de Hunger; comércio com clérigo/alimentar lobos,Alta no código/tags; execução/configuração do pack não observada,/images/bestiary/audited/tf/tiny-bird-blue.png,TinyBirdModel.java; tinybirdblue.png; tinybirdbrown.png; tinybirdgold.png; tinybirdred.png; output-tf/proveniencia.json,dados-preservados/calibracao/evidencias-twilight-lifedrain-por-mob-2026-10-01.json; evidence-final-tf/src/main/java/twilightforest/entity/passive/TinyBird.java,/bestiary/receitas/tf.html#receita-zombie-scepter | [Receita zombie_scepter](lote-final-2026-10-06/tf-cards-2026-10-06.md#receita-zombie-scepter) — data/twilightforest/recipe/equipment/zombie_scepter.json; [Receita monster_jerky](lote-final-2026-10-06/tf-cards-2026-10-06.md#receita-monster-jerky) — data/twilightforest/recipe/monster_jerky.json
Towerwood Borer,Twilight Forest,Criatura Monster; alvos: Player,Sai de Infested Towerwood quando bloco é quebrado/perturbado; Dark Tower.,Loot de morte,twilightforest:borer_essence,0–2,pool1: 1 sorteio(s); reposição se múltiplos rolls; peso bruto 1/1; normaliza apenas entradas elegíveis; set_count; Saque minecraft:looting: bônus Math.round(nível × sorteio 0–1); limite sem limite explícito,"Material de Carminite e modificadores de equipamento. Receitas confirmadas: [`carminite`](#carminite), [`gradual_glide_modifier`](#gradual_glide_modifier).",Alta nos arquivos versionados; configurações/datapacks externos não confirmados,/images/bestiary/audited/tf/towerwood-borer.png,vanilla/fxe.java; ClientRegistrationEvents.java; towertermite.png; output-tf/proveniencia.json,evidence-final-tf/source.zip::twilightforest-008085c660f1f9fc9aad6376ea0dc8080b3c0629/src/generated/resources/data/twilightforest/loot_table/entities/towerwood_borer.json; evidence-final-tf/src/main/java/twilightforest/entity/monster/TowerwoodBorer.java,/bestiary/receitas/tf.html#receita-gradual-glide-modifier | [Receita gradual_glide_modifier](lote-final-2026-10-06/tf-cards-2026-10-06.md#receita-gradual-glide-modifier) — data/twilightforest/recipe/add_modifier_to_travellers_gear/travellers_wings/gradual_glide_modifier.json; [Receita carminite](lote-final-2026-10-06/tf-cards-2026-10-06.md#receita-carminite) — data/twilightforest/recipe/material/carminite.json
Towerwood Borer,Twilight Forest,Criatura Monster; alvos: Player,Sai de Infested Towerwood quando bloco é quebrado/perturbado; Dark Tower.,Bônus global Lifedrain Scepter,minecraft:rotten_flesh,0..2 uniform integer,"2/3 conditional on bonus call; onUseTick count%5==0; target pickable intersected by eye ray<=20, LivingEntity not ArmorStand; hurt(1) accepted; getHealth<=1; non-boss; outside no-flesh tag; ServerLevel and user Player; []",Alimento com risco de Hunger; comércio com clérigo/alimentar lobos,Alta no código/tags; execução/configuração do pack não observada,/images/bestiary/audited/tf/towerwood-borer.png,vanilla/fxe.java; ClientRegistrationEvents.java; towertermite.png; output-tf/proveniencia.json,dados-preservados/calibracao/evidencias-twilight-lifedrain-por-mob-2026-10-01.json; evidence-final-tf/src/main/java/twilightforest/entity/monster/TowerwoodBorer.java,/bestiary/receitas/tf.html#receita-zombie-scepter | [Receita zombie_scepter](lote-final-2026-10-06/tf-cards-2026-10-06.md#receita-zombie-scepter) — data/twilightforest/recipe/equipment/zombie_scepter.json; [Receita monster_jerky](lote-final-2026-10-06/tf-cards-2026-10-06.md#receita-monster-jerky) — data/twilightforest/recipe/monster_jerky.json
Troll,Twilight Forest,Criatura Monster; alvos: Player,Rotas ativas de criação/spawner: evidence-final-tf/src/main/java/twilightforest/world/components/structures/type/TrollCaveStructure.java; ,Loot de morte,twilightforest:magic_beans,1,"pool1: 1 sorteio(s); reposição se múltiplos rolls; sem Saque 2.5%; Saque I 3.5%, +1 p.p./nível acima de I; peso bruto 1/1; normaliza apenas entradas elegíveis",Consumível de progressão: usar em Uberous Soil com espaço livre acima inicia Beanstalk Grower.,Alta nos arquivos versionados; configurações/datapacks externos não confirmados,/images/bestiary/audited/tf/troll.png,TrollModel.java; troll.png; output-tf/proveniencia.json,evidence-final-tf/source.zip::twilightforest-008085c660f1f9fc9aad6376ea0dc8080b3c0629/src/generated/resources/data/twilightforest/loot_table/entities/troll.json; evidence-final-tf/src/main/java/twilightforest/entity/monster/Troll.java,Não aplicável: uso direto ou nenhuma receita identificada na build
Troll,Twilight Forest,Criatura Monster; alvos: Player,Rotas ativas de criação/spawner: evidence-final-tf/src/main/java/twilightforest/world/components/structures/type/TrollCaveStructure.java; ,Bônus global Lifedrain Scepter,minecraft:rotten_flesh,0..2 uniform integer,"2/3 conditional on bonus call; onUseTick count%5==0; target pickable intersected by eye ray<=20, LivingEntity not ArmorStand; hurt(1) accepted; getHealth<=1; non-boss; outside no-flesh tag; ServerLevel and user Player; []",Alimento com risco de Hunger; comércio com clérigo/alimentar lobos,Alta no código/tags; execução/configuração do pack não observada,/images/bestiary/audited/tf/troll.png,TrollModel.java; troll.png; output-tf/proveniencia.json,dados-preservados/calibracao/evidencias-twilight-lifedrain-por-mob-2026-10-01.json; evidence-final-tf/src/main/java/twilightforest/entity/monster/Troll.java,/bestiary/receitas/tf.html#receita-zombie-scepter | [Receita zombie_scepter](lote-final-2026-10-06/tf-cards-2026-10-06.md#receita-zombie-scepter) — data/twilightforest/recipe/equipment/zombie_scepter.json; [Receita monster_jerky](lote-final-2026-10-06/tf-cards-2026-10-06.md#receita-monster-jerky) — data/twilightforest/recipe/monster_jerky.json
Unstable Ice Core,Twilight Forest,Criatura BaseIceMob; alvos: Player,Rotas ativas de criação/spawner: evidence-final-tf/src/main/java/twilightforest/world/components/structures/type/AuroraPalaceStructure.java; ,Loot de morte,minecraft:snowball,0–2,pool1: 1 sorteio(s); reposição se múltiplos rolls; peso bruto 1/1; normaliza apenas entradas elegíveis; set_count; Saque minecraft:looting: bônus Math.round(nível × sorteio 0–1); limite sem limite explícito,Consumível arremessável/material de Snow Block.,Alta nos arquivos versionados; configurações/datapacks externos não confirmados,/images/bestiary/audited/tf/unstable-ice-core.png,UnstableIceCoreModel.java; iceexploder.png; output-tf/proveniencia.json,evidence-final-tf/source.zip::twilightforest-008085c660f1f9fc9aad6376ea0dc8080b3c0629/src/generated/resources/data/twilightforest/loot_table/entities/unstable_ice_core.json; evidence-final-tf/src/main/java/twilightforest/entity/monster/UnstableIceCore.java,[Receitas vanilla1.21.1](lote-final-2026-10-06/receitas-vanilla.json)
Unstable Ice Core,Twilight Forest,Criatura BaseIceMob; alvos: Player,Rotas ativas de criação/spawner: evidence-final-tf/src/main/java/twilightforest/world/components/structures/type/AuroraPalaceStructure.java; ,Bônus global Lifedrain Scepter,Excluído pela tag lifedrain,0,"0 for this mechanism under resolved tags; onUseTick count%5==0; target pickable intersected by eye ray<=20, LivingEntity not ArmorStand; hurt(1) accepted; getHealth<=1; non-boss; outside no-flesh tag; ServerLevel and user Player; ['lifedrain_drops_no_flesh direto']",Não aplicável,Alta no código/tags; execução/configuração do pack não observada,/images/bestiary/audited/tf/unstable-ice-core.png,UnstableIceCoreModel.java; iceexploder.png; output-tf/proveniencia.json,dados-preservados/calibracao/evidencias-twilight-lifedrain-por-mob-2026-10-01.json; evidence-final-tf/src/main/java/twilightforest/entity/monster/UnstableIceCore.java,Não aplicável: uso direto ou nenhuma receita identificada na build
Upper Goblin Knight,Twilight Forest,Criatura Monster; alvos: Player,Conjunto Goblin Knight na Goblin Stronghold; montado sobre Lower Goblin Knight no finalizeSpawn.,Loot de morte,twilightforest:armor_shard,0–2,pool1: 1 sorteio(s); reposição se múltiplos rolls; peso bruto 1/1; normaliza apenas entradas elegíveis; set_count; Saque minecraft:looting: bônus Math.round(nível × sorteio 0–1); limite sem limite explícito,Material para Armor Shard Cluster e processamento em Knightmetal. Receitas confirmadas: [`armor_shard_cluster`](#armor_shard_cluster).,Alta nos arquivos versionados; configurações/datapacks externos não confirmados,/images/bestiary/audited/tf/upper-goblin-knight.png,UpperGoblinKnightModel.java; doublegoblin.png; output-tf/proveniencia.json,evidence-final-tf/source.zip::twilightforest-008085c660f1f9fc9aad6376ea0dc8080b3c0629/src/generated/resources/data/twilightforest/loot_table/entities/upper_goblin_knight.json; evidence-final-tf/src/main/java/twilightforest/entity/monster/UpperGoblinKnight.java,/bestiary/receitas/tf.html#receita-armor-shard-cluster | [Receita armor_shard_cluster](lote-final-2026-10-06/tf-cards-2026-10-06.md#receita-armor-shard-cluster) — data/twilightforest/recipe/material/armor_shard_cluster.json
Upper Goblin Knight,Twilight Forest,Criatura Monster; alvos: Player,Conjunto Goblin Knight na Goblin Stronghold; montado sobre Lower Goblin Knight no finalizeSpawn.,Bônus global Lifedrain Scepter,minecraft:rotten_flesh,0..2 uniform integer,"2/3 conditional on bonus call; onUseTick count%5==0; target pickable intersected by eye ray<=20, LivingEntity not ArmorStand; hurt(1) accepted; getHealth<=1; non-boss; outside no-flesh tag; ServerLevel and user Player; []",Alimento com risco de Hunger; comércio com clérigo/alimentar lobos,Alta no código/tags; execução/configuração do pack não observada,/images/bestiary/audited/tf/upper-goblin-knight.png,UpperGoblinKnightModel.java; doublegoblin.png; output-tf/proveniencia.json,dados-preservados/calibracao/evidencias-twilight-lifedrain-por-mob-2026-10-01.json; evidence-final-tf/src/main/java/twilightforest/entity/monster/UpperGoblinKnight.java,/bestiary/receitas/tf.html#receita-zombie-scepter | [Receita zombie_scepter](lote-final-2026-10-06/tf-cards-2026-10-06.md#receita-zombie-scepter) — data/twilightforest/recipe/equipment/zombie_scepter.json; [Receita monster_jerky](lote-final-2026-10-06/tf-cards-2026-10-06.md#receita-monster-jerky) — data/twilightforest/recipe/monster_jerky.json
Ur-Ghast,Twilight Forest,Chefe de encontro; alvos: Player,Topo da Dark Tower; UrGhastSpawnerBlockEntity.,Recompensa chefe: morte/buffer/baú conforme lote2,twilightforest:carminite,"clamp(Ui[1.0,3.0] + round(L × Uf[0.0,1.0]) + Ui[1.0,3.0] × (P−1), 0, tamanho máximo da pilha) [somente ajuste ativo]","Escolha com peso 1/1 por rolagem. ; doMobLoot=true; bossDropChests=true → inventário buffer → baú na remoção KILLED. Ponto home válido na dimensão: abaixo do home; senão posição do chefe.; Fluxo BaseTFBoss.; ajustadores coop apenas na configuração habilitada; P=participantes qualificados, padrão NONE. 4.0 roll(s).","Material de mecanismos e equipamento. Receitas confirmadas: [`carminite_reactor`](#carminite_reactor), [`reappearing_block`](#reappearing_block), [`carminite_builder`](#carminite_builder), [`vanishing_block`](#vanishing_block), [`travellers_wings`](#travellers_wings), [`carminite_block`](#carminite_block).","Alta: lote2 definitivo preservado, não reavaliado",/images/bestiary/audited/tf/ur-ghast.png,; output-tf/proveniencia.json,https://github.com/TeamTwilight/twilightforest/blob/008085c660f1f9fc9aad6376ea0dc8080b3c0629/src/generated/resources/data/twilightforest/loot_table/entities/ur_ghast.json; dados-preservados/calibracao/evidencias-twilight-chefes-coop-parcial-2026-10-01.json; evidence-final-tf/src/main/java/twilightforest/entity/boss/UrGhast.java,/bestiary/receitas/tf.html#receita-carminite-builder | [Receita carminite_builder](lote-final-2026-10-06/tf-cards-2026-10-06.md#receita-carminite-builder) — data/twilightforest/recipe/carminite_builder.json; [Receita carminite_reactor](lote-final-2026-10-06/tf-cards-2026-10-06.md#receita-carminite-reactor) — data/twilightforest/recipe/carminite_reactor.json; [Receita carminite_block](lote-final-2026-10-06/tf-cards-2026-10-06.md#receita-carminite-block) — data/twilightforest/recipe/compressed_blocks/carminite_block.json; [Receita travellers_wings](lote-final-2026-10-06/tf-cards-2026-10-06.md#receita-travellers-wings) — data/twilightforest/recipe/equipment/travellers_wings.json; [Receita reappearing_block](lote-final-2026-10-06/tf-cards-2026-10-06.md#receita-reappearing-block) — data/twilightforest/recipe/reappearing_block.json; [Receita vanishing_block](lote-final-2026-10-06/tf-cards-2026-10-06.md#receita-vanishing-block) — data/twilightforest/recipe/vanishing_block.json
Ur-Ghast,Twilight Forest,Chefe de encontro; alvos: Player,Topo da Dark Tower; UrGhastSpawnerBlockEntity.,Recompensa chefe: morte/buffer/baú conforme lote2,twilightforest:fiery_tears,"clamp(Ui[1.0,5.0] + round(L × Uf[0.0,1.0]) + Ui[1.0,2.0] × (P−1), 0, tamanho máximo da pilha) [somente ajuste ativo]","Escolha com peso 1/1 por rolagem. ; doMobLoot=true; bossDropChests=true → inventário buffer → baú na remoção KILLED. Ponto home válido na dimensão: abaixo do home; senão posição do chefe.; Fluxo BaseTFBoss.; ajustadores coop apenas na configuração habilitada; P=participantes qualificados, padrão NONE. 2.0 roll(s).","Material de Fiery Ingot por recipes/tags e equipamento ígneo. Receitas confirmadas: [`fiery_iron_leggings`](#fiery_iron_leggings), [`fiery_iron_chestplate`](#fiery_iron_chestplate), [`fiery_iron_boots`](#fiery_iron_boots), [`fiery_iron_sword`](#fiery_iron_sword), [`fiery_ingot_crafting`](#fiery_ingot_crafting), [`fiery_iron_pickaxe`](#fiery_iron_pickaxe), [`fiery_iron_helmet`](#fiery_iron_helmet).","Alta: lote2 definitivo preservado, não reavaliado",/images/bestiary/audited/tf/ur-ghast.png,; output-tf/proveniencia.json,https://github.com/TeamTwilight/twilightforest/blob/008085c660f1f9fc9aad6376ea0dc8080b3c0629/src/generated/resources/data/twilightforest/loot_table/entities/ur_ghast.json; dados-preservados/calibracao/evidencias-twilight-chefes-coop-parcial-2026-10-01.json; evidence-final-tf/src/main/java/twilightforest/entity/boss/UrGhast.java,/bestiary/receitas/tf.html#receita-fiery-ingot-crafting | [Receita fiery_ingot_crafting](lote-final-2026-10-06/tf-cards-2026-10-06.md#receita-fiery-ingot-crafting) — data/twilightforest/recipe/equipment/fiery_ingot_crafting.json; [Receita fiery_iron_boots](lote-final-2026-10-06/tf-cards-2026-10-06.md#receita-fiery-iron-boots) — data/twilightforest/recipe/equipment/fiery_iron_boots.json; [Receita fiery_iron_chestplate](lote-final-2026-10-06/tf-cards-2026-10-06.md#receita-fiery-iron-chestplate) — data/twilightforest/recipe/equipment/fiery_iron_chestplate.json; [Receita fiery_iron_helmet](lote-final-2026-10-06/tf-cards-2026-10-06.md#receita-fiery-iron-helmet) — data/twilightforest/recipe/equipment/fiery_iron_helmet.json; [Receita fiery_iron_leggings](lote-final-2026-10-06/tf-cards-2026-10-06.md#receita-fiery-iron-leggings) — data/twilightforest/recipe/equipment/fiery_iron_leggings.json; [Receita fiery_iron_pickaxe](lote-final-2026-10-06/tf-cards-2026-10-06.md#receita-fiery-iron-pickaxe) — data/twilightforest/recipe/equipment/fiery_iron_pickaxe.json; [Receita fiery_iron_sword](lote-final-2026-10-06/tf-cards-2026-10-06.md#receita-fiery-iron-sword) — data/twilightforest/recipe/equipment/fiery_iron_sword.json
Ur-Ghast,Twilight Forest,Chefe de encontro; alvos: Player,Topo da Dark Tower; UrGhastSpawnerBlockEntity.,Recompensa chefe: morte/buffer/baú conforme lote2,twilightforest:ur_ghast_trophy,1,"Escolha com peso 1/1 por rolagem. ; doMobLoot=true; bossDropChests=true → inventário buffer → baú na remoção KILLED. Ponto home válido na dimensão: abaixo do home; senão posição do chefe.; Fluxo BaseTFBoss.; ajustadores coop apenas na configuração habilitada; P=participantes qualificados, padrão NONE. 1.0 roll(s).","Troféu/colecionável e bloco decorativo. Receitas confirmadas: [`ur_ghast_banner_pattern`](#ur_ghast_banner_pattern). Aceito no Trophy Pedestal (tag de 8 troféus); com progressão imposta, exige jogador elegível por progress_lich ou criativo a até 16 blocos. Paper +troféu gera Banner Pattern correspondente por recipe abaixo.","Alta: lote2 definitivo preservado, não reavaliado",/images/bestiary/audited/tf/ur-ghast.png,; output-tf/proveniencia.json,https://github.com/TeamTwilight/twilightforest/blob/008085c660f1f9fc9aad6376ea0dc8080b3c0629/src/generated/resources/data/twilightforest/loot_table/entities/ur_ghast.json; dados-preservados/calibracao/evidencias-twilight-chefes-coop-parcial-2026-10-01.json; evidence-final-tf/src/main/java/twilightforest/entity/boss/UrGhast.java,/bestiary/receitas/tf.html#receita-ur-ghast-banner-pattern | [Receita ur_ghast_banner_pattern](lote-final-2026-10-06/tf-cards-2026-10-06.md#receita-ur-ghast-banner-pattern) — data/twilightforest/recipe/ur_ghast_banner_pattern.json
Ur-Ghast,Twilight Forest,Chefe de encontro; alvos: Player,Topo da Dark Tower; UrGhastSpawnerBlockEntity.,Bônus global Lifedrain Scepter,Excluído pela tag lifedrain,0,"0 for this mechanism under resolved tags; onUseTick count%5==0; target pickable intersected by eye ray<=20, LivingEntity not ArmorStand; hurt(1) accepted; getHealth<=1; non-boss; outside no-flesh tag; ServerLevel and user Player; ['boss pela tag c:bosses']",Não aplicável,Alta no código/tags; execução/configuração do pack não observada,/images/bestiary/audited/tf/ur-ghast.png,; output-tf/proveniencia.json,dados-preservados/calibracao/evidencias-twilight-lifedrain-por-mob-2026-10-01.json; evidence-final-tf/src/main/java/twilightforest/entity/boss/UrGhast.java,Não aplicável: uso direto ou nenhuma receita identificada na build
Winter Wolf,Twilight Forest,Criatura HostileWolf; alvos: Player,"Bioma snowy_forest (monster); peso 5, grupo 1–1; data/twilightforest/worldgen/biome/snowy_forest.json; Rotas ativas de criação/spawner: evidence-final-tf/src/main/java/twilightforest/world/registration/biomes/BiomeHelper.java; ",Loot de morte,twilightforest:arctic_fur,0–2,pool1: 1 sorteio(s); reposição se múltiplos rolls; peso bruto 1/1; normaliza apenas entradas elegíveis; set_count; Saque minecraft:looting: bônus Math.round(nível × sorteio 0–1); limite sem limite explícito,"Material de equipamento Arctic. Receitas confirmadas: [`arctic_chestplate`](#arctic_chestplate), [`arctic_leggings`](#arctic_leggings), [`arctic_boots`](#arctic_boots), [`arctic_helmet`](#arctic_helmet), [`arctic_fur_block`](#arctic_fur_block).",Alta nos arquivos versionados; configurações/datapacks externos não confirmados,/images/bestiary/audited/tf/winter-wolf.png,vanilla/fyb.java; HostileWolfModel.java; WinterWolfRenderer.java; winterwolf.png; output-tf/proveniencia.json,evidence-final-tf/source.zip::twilightforest-008085c660f1f9fc9aad6376ea0dc8080b3c0629/src/generated/resources/data/twilightforest/loot_table/entities/winter_wolf.json; evidence-final-tf/src/main/java/twilightforest/entity/monster/WinterWolf.java,/bestiary/receitas/tf.html#receita-arctic-fur-block | [Receita arctic_fur_block](lote-final-2026-10-06/tf-cards-2026-10-06.md#receita-arctic-fur-block) — data/twilightforest/recipe/compressed_blocks/arctic_fur_block.json; [Receita arctic_boots](lote-final-2026-10-06/tf-cards-2026-10-06.md#receita-arctic-boots) — data/twilightforest/recipe/equipment/arctic_boots.json; [Receita arctic_chestplate](lote-final-2026-10-06/tf-cards-2026-10-06.md#receita-arctic-chestplate) — data/twilightforest/recipe/equipment/arctic_chestplate.json; [Receita arctic_helmet](lote-final-2026-10-06/tf-cards-2026-10-06.md#receita-arctic-helmet) — data/twilightforest/recipe/equipment/arctic_helmet.json; [Receita arctic_leggings](lote-final-2026-10-06/tf-cards-2026-10-06.md#receita-arctic-leggings) — data/twilightforest/recipe/equipment/arctic_leggings.json
Winter Wolf,Twilight Forest,Criatura HostileWolf; alvos: Player,"Bioma snowy_forest (monster); peso 5, grupo 1–1; data/twilightforest/worldgen/biome/snowy_forest.json; Rotas ativas de criação/spawner: evidence-final-tf/src/main/java/twilightforest/world/registration/biomes/BiomeHelper.java; ",Bônus global Lifedrain Scepter,minecraft:rotten_flesh,0..2 uniform integer,"2/3 conditional on bonus call; onUseTick count%5==0; target pickable intersected by eye ray<=20, LivingEntity not ArmorStand; hurt(1) accepted; getHealth<=1; non-boss; outside no-flesh tag; ServerLevel and user Player; []",Alimento com risco de Hunger; comércio com clérigo/alimentar lobos,Alta no código/tags; execução/configuração do pack não observada,/images/bestiary/audited/tf/winter-wolf.png,vanilla/fyb.java; HostileWolfModel.java; WinterWolfRenderer.java; winterwolf.png; output-tf/proveniencia.json,dados-preservados/calibracao/evidencias-twilight-lifedrain-por-mob-2026-10-01.json; evidence-final-tf/src/main/java/twilightforest/entity/monster/WinterWolf.java,/bestiary/receitas/tf.html#receita-zombie-scepter | [Receita zombie_scepter](lote-final-2026-10-06/tf-cards-2026-10-06.md#receita-zombie-scepter) — data/twilightforest/recipe/equipment/zombie_scepter.json; [Receita monster_jerky](lote-final-2026-10-06/tf-cards-2026-10-06.md#receita-monster-jerky) — data/twilightforest/recipe/monster_jerky.json
Wraith,Twilight Forest,Criatura FlyingMob; alvos: Player,"Rotas ativas de criação/spawner: evidence-final-tf/src/main/java/twilightforest/world/components/feature/templates/GraveyardFeature.java, evidence-final-tf/src/main/java/twilightforest/world/components/structures/HollowHillComponent.java, evidence-final-tf/src/main/java/twilightforest/world/components/structures/type/HollowHillStructure.java; ",Morte → loot JSON,minecraft:glowstone_dust,"Uinteiro[0,2] + round(L × Ufloat[0,1])","Loot nativo, quantidade zero não gera item. Wraith é FlyingMob e não herda o loot de Ghast, Skeleton ou Zombie.",Material de Glowstone e poções; receita especial Firework Star aceita 1 como brilho opcional.,Alta nas fontes versionadas; sem execução do pack,/images/bestiary/audited/tf/wraith.png,WraithModel.java; ghost.png; output-tf/proveniencia.json,src/generated/resources/data/twilightforest/loot_table/entities/wraith.json; dados-preservados/calibracao/evidencias-twilight-heranca-parcial-2026-10-01.json; evidence-final-tf/src/main/java/twilightforest/entity/monster/Wraith.java,[Receitas vanilla1.21.1](lote-final-2026-10-06/receitas-vanilla.json)
Wraith,Twilight Forest,Criatura FlyingMob; alvos: Player,"Rotas ativas de criação/spawner: evidence-final-tf/src/main/java/twilightforest/world/components/feature/templates/GraveyardFeature.java, evidence-final-tf/src/main/java/twilightforest/world/components/structures/HollowHillComponent.java, evidence-final-tf/src/main/java/twilightforest/world/components/structures/type/HollowHillStructure.java; ",Geração de equipamento,Sem item por este mecanismo,0 equipamento padrão encontrado nesse caminho,finalizeSpawn próprio chama FlyingMob/Mob; esses métodos não geram armadura/ferramenta padrão de Zombie ou Skeleton. Fonte própria não equipa stacks. Não é prova contra NBT/eventos externos.,Não acrescentar equipamento vanilla por aparência do Wraith.,Alta nas fontes versionadas; sem execução do pack,/images/bestiary/audited/tf/wraith.png,WraithModel.java; ghost.png; output-tf/proveniencia.json,src/main/java/twilightforest/entity/monster/Wraith.java + sources/mc1211-transformation-rewards-bytecode.txt; dados-preservados/calibracao/evidencias-twilight-heranca-parcial-2026-10-01.json; evidence-final-tf/src/main/java/twilightforest/entity/monster/Wraith.java,Não aplicável: uso direto ou nenhuma receita identificada na build
Wraith,Twilight Forest,Criatura FlyingMob; alvos: Player,"Rotas ativas de criação/spawner: evidence-final-tf/src/main/java/twilightforest/world/components/feature/templates/GraveyardFeature.java, evidence-final-tf/src/main/java/twilightforest/world/components/structures/HollowHillComponent.java, evidence-final-tf/src/main/java/twilightforest/world/components/structures/type/HollowHillStructure.java; ",Bônus global Lifedrain Scepter,Excluído pela tag lifedrain,0,"0 for this mechanism under resolved tags; onUseTick count%5==0; target pickable intersected by eye ray<=20, LivingEntity not ArmorStand; hurt(1) accepted; getHealth<=1; non-boss; outside no-flesh tag; ServerLevel and user Player; ['lifedrain_drops_no_flesh direto']",Não aplicável,Alta no código/tags; execução/configuração do pack não observada,/images/bestiary/audited/tf/wraith.png,WraithModel.java; ghost.png; output-tf/proveniencia.json,dados-preservados/calibracao/evidencias-twilight-lifedrain-por-mob-2026-10-01.json; evidence-final-tf/src/main/java/twilightforest/entity/monster/Wraith.java,Não aplicável: uso direto ou nenhuma receita identificada na build
Yeti,Twilight Forest,Criatura Monster; alvos: Player,"Bioma snowy_forest (monster); peso 5, grupo 1–1; data/twilightforest/worldgen/biome/snowy_forest.json; Rotas ativas de criação/spawner: evidence-final-tf/src/main/java/twilightforest/world/components/structures/type/YetiCaveStructure.java, evidence-final-tf/src/main/java/twilightforest/world/registration/biomes/BiomeHelper.java; ",Loot de morte,twilightforest:arctic_fur,0–2,pool1: 1 sorteio(s); reposição se múltiplos rolls; peso bruto 1/1; normaliza apenas entradas elegíveis; set_count; Saque minecraft:looting: bônus Math.round(nível × sorteio 0–1); limite sem limite explícito,"Material de equipamento Arctic. Receitas confirmadas: [`arctic_chestplate`](#arctic_chestplate), [`arctic_leggings`](#arctic_leggings), [`arctic_boots`](#arctic_boots), [`arctic_helmet`](#arctic_helmet), [`arctic_fur_block`](#arctic_fur_block).",Alta nos arquivos versionados; configurações/datapacks externos não confirmados,/images/bestiary/audited/tf/yeti.png,YetiModel.java; yeti2.png; output-tf/proveniencia.json,evidence-final-tf/source.zip::twilightforest-008085c660f1f9fc9aad6376ea0dc8080b3c0629/src/generated/resources/data/twilightforest/loot_table/entities/yeti.json; evidence-final-tf/src/main/java/twilightforest/entity/monster/Yeti.java,/bestiary/receitas/tf.html#receita-arctic-fur-block | [Receita arctic_fur_block](lote-final-2026-10-06/tf-cards-2026-10-06.md#receita-arctic-fur-block) — data/twilightforest/recipe/compressed_blocks/arctic_fur_block.json; [Receita arctic_boots](lote-final-2026-10-06/tf-cards-2026-10-06.md#receita-arctic-boots) — data/twilightforest/recipe/equipment/arctic_boots.json; [Receita arctic_chestplate](lote-final-2026-10-06/tf-cards-2026-10-06.md#receita-arctic-chestplate) — data/twilightforest/recipe/equipment/arctic_chestplate.json; [Receita arctic_helmet](lote-final-2026-10-06/tf-cards-2026-10-06.md#receita-arctic-helmet) — data/twilightforest/recipe/equipment/arctic_helmet.json; [Receita arctic_leggings](lote-final-2026-10-06/tf-cards-2026-10-06.md#receita-arctic-leggings) — data/twilightforest/recipe/equipment/arctic_leggings.json
Yeti,Twilight Forest,Criatura Monster; alvos: Player,"Bioma snowy_forest (monster); peso 5, grupo 1–1; data/twilightforest/worldgen/biome/snowy_forest.json; Rotas ativas de criação/spawner: evidence-final-tf/src/main/java/twilightforest/world/components/structures/type/YetiCaveStructure.java, evidence-final-tf/src/main/java/twilightforest/world/registration/biomes/BiomeHelper.java; ",Bônus global Lifedrain Scepter,minecraft:rotten_flesh,0..2 uniform integer,"2/3 conditional on bonus call; onUseTick count%5==0; target pickable intersected by eye ray<=20, LivingEntity not ArmorStand; hurt(1) accepted; getHealth<=1; non-boss; outside no-flesh tag; ServerLevel and user Player; []",Alimento com risco de Hunger; comércio com clérigo/alimentar lobos,Alta no código/tags; execução/configuração do pack não observada,/images/bestiary/audited/tf/yeti.png,YetiModel.java; yeti2.png; output-tf/proveniencia.json,dados-preservados/calibracao/evidencias-twilight-lifedrain-por-mob-2026-10-01.json; evidence-final-tf/src/main/java/twilightforest/entity/monster/Yeti.java,/bestiary/receitas/tf.html#receita-zombie-scepter | [Receita zombie_scepter](lote-final-2026-10-06/tf-cards-2026-10-06.md#receita-zombie-scepter) — data/twilightforest/recipe/equipment/zombie_scepter.json; [Receita monster_jerky](lote-final-2026-10-06/tf-cards-2026-10-06.md#receita-monster-jerky) — data/twilightforest/recipe/monster_jerky.json
