Mob,Mod,Categoria/comportamento,Onde encontrar,Mecanismo,Drop/Recompensa,Quantidade,Chance/condição,Para que serve,Confiança,Imagem,Fonte da imagem,Fontes pesquisadas,Crafting
Dweller,The Undergarden,Animal; comportamento/interações específicos na classe,"Bioma dense_forest, categoria creature, peso 100, grupo 4–4; evidence-ug/The_Undergarden-1.21.1-0.9.6.jar::data/undergarden/worldgen/biome/dense_forest.json; Bioma forgotten_field, categoria creature, peso 100, grupo 4–4; evidence-ug/The_Undergarden-1.21.1-0.9.6.jar::data/undergarden/worldgen/biome/forgotten_field.json; Bioma gronglegrowth, categoria creature, peso 100, grupo 4–4; evidence-ug/The_Undergarden-1.21.1-0.9.6.jar::data/undergarden/worldgen/biome/gronglegrowth.json; Bioma smogstem_forest, categoria creature, peso 100, grupo 4–4; evidence-ug/The_Undergarden-1.21.1-0.9.6.jar::data/undergarden/worldgen/biome/smogstem_forest.json; Bioma smog_spires, categoria creature, peso 100, grupo 8–8; evidence-ug/The_Undergarden-1.21.1-0.9.6.jar::data/undergarden/worldgen/biome/smog_spires.json; Bioma wigglewood_forest, categoria creature, peso 100, grupo 4–4; evidence-ug/The_Undergarden-1.21.1-0.9.6.jar::data/undergarden/worldgen/biome/wigglewood_forest.json; ",Loot de morte,minecraft:leather,0–2,"Build 0.9.6; ; pool 1: 1 sorteio(s), peso bruto 1/1; peso condicionado aos candidatos elegíveis; reposição em múltiplos sorteios; set_count ; Saque minecraft:looting: bônus Math.round(nível × sorteio 0–1); limite sem limite explícito","Armaduras de couro, livros e outros crafts vanilla",Alta no recurso/código da build auditada; configuração efetiva do pack não confirmada,/images/bestiary/audited/ug/dweller.png,quek/undergarden/client/model/DwellerModel.class; quek/undergarden/client/render/entity/DwellerRenderer.class; assets/undergarden/textures/entity/dweller.png; assets/undergarden/textures/entity/dweller_eyes.png; quek/undergarden/client/render/layer/BasicEyesLayer.class; output-ug/proveniencia.json,evidence-ug/The_Undergarden-1.21.1-0.9.6.jar::data/undergarden/loot_table/entities/dweller.json; evidence-ug/decompiled-full/quek/undergarden/entity/animal/dweller/Dweller.java; evidence-ug/decompiled-full/quek/undergarden/registry/UGItems.java; evidence-ug/decompiled-full/quek/undergarden/registry/UGFoods.java,/bestiary/receitas/ug.html#receita-book | [Receita book](lote-5-mods-2026-10-06/ug-cards-2026-10-06.md#receita-book) — evidence/minecraft-1.21.1-client.jar::data/minecraft/recipe/book.json; [Receita item_frame](lote-5-mods-2026-10-06/ug-cards-2026-10-06.md#receita-item-frame) — evidence/minecraft-1.21.1-client.jar::data/minecraft/recipe/item_frame.json; [Receita leather_boots](lote-5-mods-2026-10-06/ug-cards-2026-10-06.md#receita-leather-boots) — evidence/minecraft-1.21.1-client.jar::data/minecraft/recipe/leather_boots.json; [Receita leather_chestplate](lote-5-mods-2026-10-06/ug-cards-2026-10-06.md#receita-leather-chestplate) — evidence/minecraft-1.21.1-client.jar::data/minecraft/recipe/leather_chestplate.json; [Receita leather_helmet](lote-5-mods-2026-10-06/ug-cards-2026-10-06.md#receita-leather-helmet) — evidence/minecraft-1.21.1-client.jar::data/minecraft/recipe/leather_helmet.json; [Receita leather_horse_armor](lote-5-mods-2026-10-06/ug-cards-2026-10-06.md#receita-leather-horse-armor) — evidence/minecraft-1.21.1-client.jar::data/minecraft/recipe/leather_horse_armor.json; [Receita leather_leggings](lote-5-mods-2026-10-06/ug-cards-2026-10-06.md#receita-leather-leggings) — evidence/minecraft-1.21.1-client.jar::data/minecraft/recipe/leather_leggings.json
Dweller,The Undergarden,Animal; comportamento/interações específicos na classe,"Bioma dense_forest, categoria creature, peso 100, grupo 4–4; evidence-ug/The_Undergarden-1.21.1-0.9.6.jar::data/undergarden/worldgen/biome/dense_forest.json; Bioma forgotten_field, categoria creature, peso 100, grupo 4–4; evidence-ug/The_Undergarden-1.21.1-0.9.6.jar::data/undergarden/worldgen/biome/forgotten_field.json; Bioma gronglegrowth, categoria creature, peso 100, grupo 4–4; evidence-ug/The_Undergarden-1.21.1-0.9.6.jar::data/undergarden/worldgen/biome/gronglegrowth.json; Bioma smogstem_forest, categoria creature, peso 100, grupo 4–4; evidence-ug/The_Undergarden-1.21.1-0.9.6.jar::data/undergarden/worldgen/biome/smogstem_forest.json; Bioma smog_spires, categoria creature, peso 100, grupo 8–8; evidence-ug/The_Undergarden-1.21.1-0.9.6.jar::data/undergarden/worldgen/biome/smog_spires.json; Bioma wigglewood_forest, categoria creature, peso 100, grupo 4–4; evidence-ug/The_Undergarden-1.21.1-0.9.6.jar::data/undergarden/worldgen/biome/wigglewood_forest.json; ",Loot de morte,undergarden:raw_dweller_meat,1–3,"Build 0.9.6; ; pool 2: 1 sorteio(s), peso bruto 1/1; peso condicionado aos candidatos elegíveis; reposição em múltiplos sorteios; set_count ; aplica receita de fundição ao item; função somente se (this satisfaz {""flags"": {""is_on_fire"": true}}) OU (direct_attacker satisfaz {""equipment"": {""mainhand"": {""predicates"": {""minecraft:enchantments"": [{""enchantments"": ""#minecraft:smelts_loot""}]}}}}); Saque minecraft:looting: bônus Math.round(nível × sorteio 0–1); limite sem limite explícito",Ingrediente nas receitas versionadas para: undergarden:dweller_steak,Alta no recurso/código da build auditada; configuração efetiva do pack não confirmada,/images/bestiary/audited/ug/dweller.png,quek/undergarden/client/model/DwellerModel.class; quek/undergarden/client/render/entity/DwellerRenderer.class; assets/undergarden/textures/entity/dweller.png; assets/undergarden/textures/entity/dweller_eyes.png; quek/undergarden/client/render/layer/BasicEyesLayer.class; output-ug/proveniencia.json,evidence-ug/The_Undergarden-1.21.1-0.9.6.jar::data/undergarden/loot_table/entities/dweller.json; evidence-ug/decompiled-full/quek/undergarden/entity/animal/dweller/Dweller.java; evidence-ug/decompiled-full/quek/undergarden/registry/UGItems.java; evidence-ug/decompiled-full/quek/undergarden/registry/UGFoods.java,/bestiary/receitas/ug.html#receita-smelt-dweller-meat | [Receita smelt_dweller_meat](lote-5-mods-2026-10-06/ug-cards-2026-10-06.md#receita-smelt-dweller-meat) — evidence-ug/The_Undergarden-1.21.1-0.9.6.jar::data/undergarden/recipe/smelt_dweller_meat.json; [Receita campfire_dweller_meat](lote-5-mods-2026-10-06/ug-cards-2026-10-06.md#receita-campfire-dweller-meat) — evidence-ug/The_Undergarden-1.21.1-0.9.6.jar::data/undergarden/recipe/campfire_dweller_meat.json; [Receita smoke_dweller_meat](lote-5-mods-2026-10-06/ug-cards-2026-10-06.md#receita-smoke-dweller-meat) — evidence-ug/The_Undergarden-1.21.1-0.9.6.jar::data/undergarden/recipe/smoke_dweller_meat.json
Dweller,The Undergarden,Animal; comportamento/interações específicos na classe,"Bioma dense_forest, categoria creature, peso 100, grupo 4–4; evidence-ug/The_Undergarden-1.21.1-0.9.6.jar::data/undergarden/worldgen/biome/dense_forest.json; Bioma forgotten_field, categoria creature, peso 100, grupo 4–4; evidence-ug/The_Undergarden-1.21.1-0.9.6.jar::data/undergarden/worldgen/biome/forgotten_field.json; Bioma gronglegrowth, categoria creature, peso 100, grupo 4–4; evidence-ug/The_Undergarden-1.21.1-0.9.6.jar::data/undergarden/worldgen/biome/gronglegrowth.json; Bioma smogstem_forest, categoria creature, peso 100, grupo 4–4; evidence-ug/The_Undergarden-1.21.1-0.9.6.jar::data/undergarden/worldgen/biome/smogstem_forest.json; Bioma smog_spires, categoria creature, peso 100, grupo 8–8; evidence-ug/The_Undergarden-1.21.1-0.9.6.jar::data/undergarden/worldgen/biome/smog_spires.json; Bioma wigglewood_forest, categoria creature, peso 100, grupo 4–4; evidence-ug/The_Undergarden-1.21.1-0.9.6.jar::data/undergarden/worldgen/biome/wigglewood_forest.json; ",Recuperação de sela,minecraft:saddle,1,Morte de Dweller selado (dropEquipment) OU interação agachado com mão vazia remove sela; não são duas selas pelo mesmo estado,Equipar montaria compatível,Alta no recurso/código da build auditada; configuração efetiva do pack não confirmada,/images/bestiary/audited/ug/dweller.png,quek/undergarden/client/model/DwellerModel.class; quek/undergarden/client/render/entity/DwellerRenderer.class; assets/undergarden/textures/entity/dweller.png; assets/undergarden/textures/entity/dweller_eyes.png; quek/undergarden/client/render/layer/BasicEyesLayer.class; output-ug/proveniencia.json,"evidence-ug/decompiled-full/quek/undergarden/entity/animal/dweller/Dweller.java:mobInteract,dropEquipment; evidence-ug/decompiled-full/quek/undergarden/entity/animal/dweller/Dweller.java; evidence-ug/decompiled-full/quek/undergarden/registry/UGItems.java; evidence-ug/decompiled-full/quek/undergarden/registry/UGFoods.java",Não aplicável: nenhuma receita que usa este item identificada nos JSONs vanilla1.21.1; uso direto descrito
Stoneborn,The Undergarden,"Comerciante; neutro em condições normais, defesa/raiva na classe","Bioma dense_forest, categoria monster, peso 100, grupo 1–3; evidence-ug/The_Undergarden-1.21.1-0.9.6.jar::data/undergarden/worldgen/biome/dense_forest.json; Bioma forgotten_field, categoria monster, peso 100, grupo 1–3; evidence-ug/The_Undergarden-1.21.1-0.9.6.jar::data/undergarden/worldgen/biome/forgotten_field.json; Bioma gronglegrowth, categoria monster, peso 100, grupo 1–3; evidence-ug/The_Undergarden-1.21.1-0.9.6.jar::data/undergarden/worldgen/biome/gronglegrowth.json; Bioma smogstem_forest, categoria monster, peso 100, grupo 1–3; evidence-ug/The_Undergarden-1.21.1-0.9.6.jar::data/undergarden/worldgen/biome/smogstem_forest.json; Bioma wigglewood_forest, categoria monster, peso 100, grupo 1–3; evidence-ug/The_Undergarden-1.21.1-0.9.6.jar::data/undergarden/worldgen/biome/wigglewood_forest.json; ",Loot de morte,undergarden:depthrock_pebble,3–6,"Build 0.9.6; ; pool 1: 1 sorteio(s), peso bruto 1/1; peso condicionado aos candidatos elegíveis; reposição em múltiplos sorteios; set_count ; Saque minecraft:looting: bônus Math.round(nível × sorteio 1–2); limite sem limite explícito",Munição de Slingshot e item colocável como Depthrock Pebbles; classe DepthrockPebbleItem e projétil DepthrockPebble.,Alta no recurso/código da build auditada; configuração efetiva do pack não confirmada,/images/bestiary/audited/ug/stoneborn.png,quek/undergarden/client/model/StonebornModel.class; quek/undergarden/client/render/entity/StonebornRenderer.class; assets/undergarden/textures/entity/stoneborn.png; assets/undergarden/textures/entity/stoneborn_eyes.png; quek/undergarden/client/render/layer/BasicEyesLayer.class; output-ug/proveniencia.json,evidence-ug/The_Undergarden-1.21.1-0.9.6.jar::data/undergarden/loot_table/entities/stoneborn.json; evidence-ug/decompiled-full/quek/undergarden/entity/monster/stoneborn/Stoneborn.java; evidence-ug/decompiled-full/quek/undergarden/registry/UGItems.java; evidence-ug/decompiled-full/quek/undergarden/registry/UGFoods.java,/bestiary/receitas/ug.html#receita-pebbles-to-depthrock | [Receita pebbles_to_depthrock](lote-5-mods-2026-10-06/ug-cards-2026-10-06.md#receita-pebbles-to-depthrock) — evidence-ug/The_Undergarden-1.21.1-0.9.6.jar::data/undergarden/recipe/pebbles_to_depthrock.json; [Receita coarse_deepsoil](lote-5-mods-2026-10-06/ug-cards-2026-10-06.md#receita-coarse-deepsoil) — evidence-ug/The_Undergarden-1.21.1-0.9.6.jar::data/undergarden/recipe/coarse_deepsoil.json
Stoneborn,The Undergarden,"Comerciante; neutro em condições normais, defesa/raiva na classe","Bioma dense_forest, categoria monster, peso 100, grupo 1–3; evidence-ug/The_Undergarden-1.21.1-0.9.6.jar::data/undergarden/worldgen/biome/dense_forest.json; Bioma forgotten_field, categoria monster, peso 100, grupo 1–3; evidence-ug/The_Undergarden-1.21.1-0.9.6.jar::data/undergarden/worldgen/biome/forgotten_field.json; Bioma gronglegrowth, categoria monster, peso 100, grupo 1–3; evidence-ug/The_Undergarden-1.21.1-0.9.6.jar::data/undergarden/worldgen/biome/gronglegrowth.json; Bioma smogstem_forest, categoria monster, peso 100, grupo 1–3; evidence-ug/The_Undergarden-1.21.1-0.9.6.jar::data/undergarden/worldgen/biome/smogstem_forest.json; Bioma wigglewood_forest, categoria monster, peso 100, grupo 1–3; evidence-ug/The_Undergarden-1.21.1-0.9.6.jar::data/undergarden/worldgen/biome/wigglewood_forest.json; ",Comércio,undergarden:music_disc_limax_maximus,1,"Paga 32 Regalium Crystal; limite da oferta 1 usos. 4 candidatos distintos selecionados aleatoriamente dentre 11; ofertas disponíveis no Undergarden, vivo e sem cliente atual.",Reproduzir a faixa em jukebox; item musical da versão auditada,Alta no recurso/código da build auditada; configuração efetiva do pack não confirmada,/images/bestiary/audited/ug/stoneborn.png,quek/undergarden/client/model/StonebornModel.class; quek/undergarden/client/render/entity/StonebornRenderer.class; assets/undergarden/textures/entity/stoneborn.png; assets/undergarden/textures/entity/stoneborn_eyes.png; quek/undergarden/client/render/layer/BasicEyesLayer.class; output-ug/proveniencia.json,evidence-ug/decompiled-full/quek/undergarden/entity/monster/stoneborn/trading/StonebornTrades.java; evidence-ug/decompiled-full/quek/undergarden/entity/monster/stoneborn/trading/BuyForRegaliumTrade.java; evidence-ug/decompiled-full/quek/undergarden/entity/monster/stoneborn/trading/SellForRegaliumTrade.java; evidence-ug/decompiled-full/quek/undergarden/entity/monster/stoneborn/Stoneborn.java; evidence-ug/decompiled-full/quek/undergarden/entity/monster/stoneborn/Stoneborn.java; evidence-ug/decompiled-full/quek/undergarden/registry/UGItems.java; evidence-ug/decompiled-full/quek/undergarden/registry/UGFoods.java,"Não aplicável: uso direto, interação ou sem receita identificada; fontes na linha"
Stoneborn,The Undergarden,"Comerciante; neutro em condições normais, defesa/raiva na classe","Bioma dense_forest, categoria monster, peso 100, grupo 1–3; evidence-ug/The_Undergarden-1.21.1-0.9.6.jar::data/undergarden/worldgen/biome/dense_forest.json; Bioma forgotten_field, categoria monster, peso 100, grupo 1–3; evidence-ug/The_Undergarden-1.21.1-0.9.6.jar::data/undergarden/worldgen/biome/forgotten_field.json; Bioma gronglegrowth, categoria monster, peso 100, grupo 1–3; evidence-ug/The_Undergarden-1.21.1-0.9.6.jar::data/undergarden/worldgen/biome/gronglegrowth.json; Bioma smogstem_forest, categoria monster, peso 100, grupo 1–3; evidence-ug/The_Undergarden-1.21.1-0.9.6.jar::data/undergarden/worldgen/biome/smogstem_forest.json; Bioma wigglewood_forest, categoria monster, peso 100, grupo 1–3; evidence-ug/The_Undergarden-1.21.1-0.9.6.jar::data/undergarden/worldgen/biome/wigglewood_forest.json; ",Comércio,undergarden:music_disc_gloomper_anthem,1,"Paga 32 Regalium Crystal; limite da oferta 1 usos. 4 candidatos distintos selecionados aleatoriamente dentre 11; ofertas disponíveis no Undergarden, vivo e sem cliente atual.","Disco de jukebox; oferecer a Gloomper vivo consome um disco e mata a criatura, gerando Music Disc Gloomper Secret.",Alta no recurso/código da build auditada; configuração efetiva do pack não confirmada,/images/bestiary/audited/ug/stoneborn.png,quek/undergarden/client/model/StonebornModel.class; quek/undergarden/client/render/entity/StonebornRenderer.class; assets/undergarden/textures/entity/stoneborn.png; assets/undergarden/textures/entity/stoneborn_eyes.png; quek/undergarden/client/render/layer/BasicEyesLayer.class; output-ug/proveniencia.json,evidence-ug/decompiled-full/quek/undergarden/entity/monster/stoneborn/trading/StonebornTrades.java; evidence-ug/decompiled-full/quek/undergarden/entity/monster/stoneborn/trading/BuyForRegaliumTrade.java; evidence-ug/decompiled-full/quek/undergarden/entity/monster/stoneborn/trading/SellForRegaliumTrade.java; evidence-ug/decompiled-full/quek/undergarden/entity/monster/stoneborn/Stoneborn.java; evidence-ug/decompiled-full/quek/undergarden/entity/monster/stoneborn/Stoneborn.java; evidence-ug/decompiled-full/quek/undergarden/registry/UGItems.java; evidence-ug/decompiled-full/quek/undergarden/registry/UGFoods.java,"Não aplicável: uso direto, interação ou sem receita identificada; fontes na linha"
Stoneborn,The Undergarden,"Comerciante; neutro em condições normais, defesa/raiva na classe","Bioma dense_forest, categoria monster, peso 100, grupo 1–3; evidence-ug/The_Undergarden-1.21.1-0.9.6.jar::data/undergarden/worldgen/biome/dense_forest.json; Bioma forgotten_field, categoria monster, peso 100, grupo 1–3; evidence-ug/The_Undergarden-1.21.1-0.9.6.jar::data/undergarden/worldgen/biome/forgotten_field.json; Bioma gronglegrowth, categoria monster, peso 100, grupo 1–3; evidence-ug/The_Undergarden-1.21.1-0.9.6.jar::data/undergarden/worldgen/biome/gronglegrowth.json; Bioma smogstem_forest, categoria monster, peso 100, grupo 1–3; evidence-ug/The_Undergarden-1.21.1-0.9.6.jar::data/undergarden/worldgen/biome/smogstem_forest.json; Bioma wigglewood_forest, categoria monster, peso 100, grupo 1–3; evidence-ug/The_Undergarden-1.21.1-0.9.6.jar::data/undergarden/worldgen/biome/wigglewood_forest.json; ",Comércio,undergarden:blisterbomb,8,"Paga 16 Regalium Crystal; limite da oferta 24 usos. 4 candidatos distintos selecionados aleatoriamente dentre 11; ofertas disponíveis no Undergarden, vivo e sem cliente atual.","Projétil arremessável; BlisterbombItem.use/asProjectile cria Blisterbomb, inclusive por dispenser.",Alta no recurso/código da build auditada; configuração efetiva do pack não confirmada,/images/bestiary/audited/ug/stoneborn.png,quek/undergarden/client/model/StonebornModel.class; quek/undergarden/client/render/entity/StonebornRenderer.class; assets/undergarden/textures/entity/stoneborn.png; assets/undergarden/textures/entity/stoneborn_eyes.png; quek/undergarden/client/render/layer/BasicEyesLayer.class; output-ug/proveniencia.json,evidence-ug/decompiled-full/quek/undergarden/entity/monster/stoneborn/trading/StonebornTrades.java; evidence-ug/decompiled-full/quek/undergarden/entity/monster/stoneborn/trading/BuyForRegaliumTrade.java; evidence-ug/decompiled-full/quek/undergarden/entity/monster/stoneborn/trading/SellForRegaliumTrade.java; evidence-ug/decompiled-full/quek/undergarden/entity/monster/stoneborn/Stoneborn.java; evidence-ug/decompiled-full/quek/undergarden/entity/monster/stoneborn/Stoneborn.java; evidence-ug/decompiled-full/quek/undergarden/registry/UGItems.java; evidence-ug/decompiled-full/quek/undergarden/registry/UGFoods.java,/bestiary/receitas/ug.html#receita-boomgourd | [Receita boomgourd](lote-5-mods-2026-10-06/ug-cards-2026-10-06.md#receita-boomgourd) — evidence-ug/The_Undergarden-1.21.1-0.9.6.jar::data/undergarden/recipe/boomgourd.json
Stoneborn,The Undergarden,"Comerciante; neutro em condições normais, defesa/raiva na classe","Bioma dense_forest, categoria monster, peso 100, grupo 1–3; evidence-ug/The_Undergarden-1.21.1-0.9.6.jar::data/undergarden/worldgen/biome/dense_forest.json; Bioma forgotten_field, categoria monster, peso 100, grupo 1–3; evidence-ug/The_Undergarden-1.21.1-0.9.6.jar::data/undergarden/worldgen/biome/forgotten_field.json; Bioma gronglegrowth, categoria monster, peso 100, grupo 1–3; evidence-ug/The_Undergarden-1.21.1-0.9.6.jar::data/undergarden/worldgen/biome/gronglegrowth.json; Bioma smogstem_forest, categoria monster, peso 100, grupo 1–3; evidence-ug/The_Undergarden-1.21.1-0.9.6.jar::data/undergarden/worldgen/biome/smogstem_forest.json; Bioma wigglewood_forest, categoria monster, peso 100, grupo 1–3; evidence-ug/The_Undergarden-1.21.1-0.9.6.jar::data/undergarden/worldgen/biome/wigglewood_forest.json; ",Comércio,undergarden:shard_torch,4,"Paga 1 Regalium Crystal; limite da oferta 10 usos. 4 candidatos distintos selecionados aleatoriamente dentre 11; ofertas disponíveis no Undergarden, vivo e sem cliente atual.","Tocha colocável, fonte de luz; registro UGBlocks.SHARD_TORCH.",Alta no recurso/código da build auditada; configuração efetiva do pack não confirmada,/images/bestiary/audited/ug/stoneborn.png,quek/undergarden/client/model/StonebornModel.class; quek/undergarden/client/render/entity/StonebornRenderer.class; assets/undergarden/textures/entity/stoneborn.png; assets/undergarden/textures/entity/stoneborn_eyes.png; quek/undergarden/client/render/layer/BasicEyesLayer.class; output-ug/proveniencia.json,evidence-ug/decompiled-full/quek/undergarden/entity/monster/stoneborn/trading/StonebornTrades.java; evidence-ug/decompiled-full/quek/undergarden/entity/monster/stoneborn/trading/BuyForRegaliumTrade.java; evidence-ug/decompiled-full/quek/undergarden/entity/monster/stoneborn/trading/SellForRegaliumTrade.java; evidence-ug/decompiled-full/quek/undergarden/entity/monster/stoneborn/Stoneborn.java; evidence-ug/decompiled-full/quek/undergarden/entity/monster/stoneborn/Stoneborn.java; evidence-ug/decompiled-full/quek/undergarden/registry/UGItems.java; evidence-ug/decompiled-full/quek/undergarden/registry/UGFoods.java,/bestiary/receitas/ug.html#receita-shard-o-lantern | [Receita shard_o_lantern](lote-5-mods-2026-10-06/ug-cards-2026-10-06.md#receita-shard-o-lantern) — evidence-ug/The_Undergarden-1.21.1-0.9.6.jar::data/undergarden/recipe/shard_o_lantern.json
Stoneborn,The Undergarden,"Comerciante; neutro em condições normais, defesa/raiva na classe","Bioma dense_forest, categoria monster, peso 100, grupo 1–3; evidence-ug/The_Undergarden-1.21.1-0.9.6.jar::data/undergarden/worldgen/biome/dense_forest.json; Bioma forgotten_field, categoria monster, peso 100, grupo 1–3; evidence-ug/The_Undergarden-1.21.1-0.9.6.jar::data/undergarden/worldgen/biome/forgotten_field.json; Bioma gronglegrowth, categoria monster, peso 100, grupo 1–3; evidence-ug/The_Undergarden-1.21.1-0.9.6.jar::data/undergarden/worldgen/biome/gronglegrowth.json; Bioma smogstem_forest, categoria monster, peso 100, grupo 1–3; evidence-ug/The_Undergarden-1.21.1-0.9.6.jar::data/undergarden/worldgen/biome/smogstem_forest.json; Bioma wigglewood_forest, categoria monster, peso 100, grupo 1–3; evidence-ug/The_Undergarden-1.21.1-0.9.6.jar::data/undergarden/worldgen/biome/wigglewood_forest.json; ",Comércio,undergarden:gloomgourd_seeds,6,"Paga 1 Regalium Crystal; limite da oferta 6 usos. 4 candidatos distintos selecionados aleatoriamente dentre 11; ofertas disponíveis no Undergarden, vivo e sem cliente atual.","Plantar Gloomgourd (item semente registrado em UGItems); Gloomper come o bloco/fruto Gloomgourd, não a semente.",Alta no recurso/código da build auditada; configuração efetiva do pack não confirmada,/images/bestiary/audited/ug/stoneborn.png,quek/undergarden/client/model/StonebornModel.class; quek/undergarden/client/render/entity/StonebornRenderer.class; assets/undergarden/textures/entity/stoneborn.png; assets/undergarden/textures/entity/stoneborn_eyes.png; quek/undergarden/client/render/layer/BasicEyesLayer.class; output-ug/proveniencia.json,evidence-ug/decompiled-full/quek/undergarden/entity/monster/stoneborn/trading/StonebornTrades.java; evidence-ug/decompiled-full/quek/undergarden/entity/monster/stoneborn/trading/BuyForRegaliumTrade.java; evidence-ug/decompiled-full/quek/undergarden/entity/monster/stoneborn/trading/SellForRegaliumTrade.java; evidence-ug/decompiled-full/quek/undergarden/entity/monster/stoneborn/Stoneborn.java; evidence-ug/decompiled-full/quek/undergarden/entity/monster/stoneborn/Stoneborn.java; evidence-ug/decompiled-full/quek/undergarden/registry/UGItems.java; evidence-ug/decompiled-full/quek/undergarden/registry/UGFoods.java,"Não aplicável: uso direto, interação ou sem receita identificada; fontes na linha"
Stoneborn,The Undergarden,"Comerciante; neutro em condições normais, defesa/raiva na classe","Bioma dense_forest, categoria monster, peso 100, grupo 1–3; evidence-ug/The_Undergarden-1.21.1-0.9.6.jar::data/undergarden/worldgen/biome/dense_forest.json; Bioma forgotten_field, categoria monster, peso 100, grupo 1–3; evidence-ug/The_Undergarden-1.21.1-0.9.6.jar::data/undergarden/worldgen/biome/forgotten_field.json; Bioma gronglegrowth, categoria monster, peso 100, grupo 1–3; evidence-ug/The_Undergarden-1.21.1-0.9.6.jar::data/undergarden/worldgen/biome/gronglegrowth.json; Bioma smogstem_forest, categoria monster, peso 100, grupo 1–3; evidence-ug/The_Undergarden-1.21.1-0.9.6.jar::data/undergarden/worldgen/biome/smogstem_forest.json; Bioma wigglewood_forest, categoria monster, peso 100, grupo 1–3; evidence-ug/The_Undergarden-1.21.1-0.9.6.jar::data/undergarden/worldgen/biome/wigglewood_forest.json; ",Comércio,undergarden:regalium_crystal,32,"Paga 1 Music Disc Mammoth; limite da oferta 1 usos. 4 candidatos distintos selecionados aleatoriamente dentre 11; ofertas disponíveis no Undergarden, vivo e sem cliente atual.",Moeda das 11 ofertas possíveis de Stoneborn; também material de receitas versionadas.,Alta no recurso/código da build auditada; configuração efetiva do pack não confirmada,/images/bestiary/audited/ug/stoneborn.png,quek/undergarden/client/model/StonebornModel.class; quek/undergarden/client/render/entity/StonebornRenderer.class; assets/undergarden/textures/entity/stoneborn.png; assets/undergarden/textures/entity/stoneborn_eyes.png; quek/undergarden/client/render/layer/BasicEyesLayer.class; output-ug/proveniencia.json,evidence-ug/decompiled-full/quek/undergarden/entity/monster/stoneborn/trading/StonebornTrades.java; evidence-ug/decompiled-full/quek/undergarden/entity/monster/stoneborn/trading/BuyForRegaliumTrade.java; evidence-ug/decompiled-full/quek/undergarden/entity/monster/stoneborn/trading/SellForRegaliumTrade.java; evidence-ug/decompiled-full/quek/undergarden/entity/monster/stoneborn/Stoneborn.java; evidence-ug/decompiled-full/quek/undergarden/entity/monster/stoneborn/Stoneborn.java; evidence-ug/decompiled-full/quek/undergarden/registry/UGItems.java; evidence-ug/decompiled-full/quek/undergarden/registry/UGFoods.java,/bestiary/receitas/ug.html#receita-regalium-block | [Receita regalium_block](lote-5-mods-2026-10-06/ug-cards-2026-10-06.md#receita-regalium-block) — evidence-ug/The_Undergarden-1.21.1-0.9.6.jar::data/undergarden/recipe/regalium_block.json
Stoneborn,The Undergarden,"Comerciante; neutro em condições normais, defesa/raiva na classe","Bioma dense_forest, categoria monster, peso 100, grupo 1–3; evidence-ug/The_Undergarden-1.21.1-0.9.6.jar::data/undergarden/worldgen/biome/dense_forest.json; Bioma forgotten_field, categoria monster, peso 100, grupo 1–3; evidence-ug/The_Undergarden-1.21.1-0.9.6.jar::data/undergarden/worldgen/biome/forgotten_field.json; Bioma gronglegrowth, categoria monster, peso 100, grupo 1–3; evidence-ug/The_Undergarden-1.21.1-0.9.6.jar::data/undergarden/worldgen/biome/gronglegrowth.json; Bioma smogstem_forest, categoria monster, peso 100, grupo 1–3; evidence-ug/The_Undergarden-1.21.1-0.9.6.jar::data/undergarden/worldgen/biome/smogstem_forest.json; Bioma wigglewood_forest, categoria monster, peso 100, grupo 1–3; evidence-ug/The_Undergarden-1.21.1-0.9.6.jar::data/undergarden/worldgen/biome/wigglewood_forest.json; ",Comércio,undergarden:regalium_crystal,32,"Paga 1 Music Disc Relict; limite da oferta 1 usos. 4 candidatos distintos selecionados aleatoriamente dentre 11; ofertas disponíveis no Undergarden, vivo e sem cliente atual.",Moeda das 11 ofertas possíveis de Stoneborn; também material de receitas versionadas.,Alta no recurso/código da build auditada; configuração efetiva do pack não confirmada,/images/bestiary/audited/ug/stoneborn.png,quek/undergarden/client/model/StonebornModel.class; quek/undergarden/client/render/entity/StonebornRenderer.class; assets/undergarden/textures/entity/stoneborn.png; assets/undergarden/textures/entity/stoneborn_eyes.png; quek/undergarden/client/render/layer/BasicEyesLayer.class; output-ug/proveniencia.json,evidence-ug/decompiled-full/quek/undergarden/entity/monster/stoneborn/trading/StonebornTrades.java; evidence-ug/decompiled-full/quek/undergarden/entity/monster/stoneborn/trading/BuyForRegaliumTrade.java; evidence-ug/decompiled-full/quek/undergarden/entity/monster/stoneborn/trading/SellForRegaliumTrade.java; evidence-ug/decompiled-full/quek/undergarden/entity/monster/stoneborn/Stoneborn.java; evidence-ug/decompiled-full/quek/undergarden/entity/monster/stoneborn/Stoneborn.java; evidence-ug/decompiled-full/quek/undergarden/registry/UGItems.java; evidence-ug/decompiled-full/quek/undergarden/registry/UGFoods.java,/bestiary/receitas/ug.html#receita-regalium-block | [Receita regalium_block](lote-5-mods-2026-10-06/ug-cards-2026-10-06.md#receita-regalium-block) — evidence-ug/The_Undergarden-1.21.1-0.9.6.jar::data/undergarden/recipe/regalium_block.json
Stoneborn,The Undergarden,"Comerciante; neutro em condições normais, defesa/raiva na classe","Bioma dense_forest, categoria monster, peso 100, grupo 1–3; evidence-ug/The_Undergarden-1.21.1-0.9.6.jar::data/undergarden/worldgen/biome/dense_forest.json; Bioma forgotten_field, categoria monster, peso 100, grupo 1–3; evidence-ug/The_Undergarden-1.21.1-0.9.6.jar::data/undergarden/worldgen/biome/forgotten_field.json; Bioma gronglegrowth, categoria monster, peso 100, grupo 1–3; evidence-ug/The_Undergarden-1.21.1-0.9.6.jar::data/undergarden/worldgen/biome/gronglegrowth.json; Bioma smogstem_forest, categoria monster, peso 100, grupo 1–3; evidence-ug/The_Undergarden-1.21.1-0.9.6.jar::data/undergarden/worldgen/biome/smogstem_forest.json; Bioma wigglewood_forest, categoria monster, peso 100, grupo 1–3; evidence-ug/The_Undergarden-1.21.1-0.9.6.jar::data/undergarden/worldgen/biome/wigglewood_forest.json; ",Comércio,undergarden:regalium_crystal,12,"Paga 1 Diamond; limite da oferta 5 usos. 4 candidatos distintos selecionados aleatoriamente dentre 11; ofertas disponíveis no Undergarden, vivo e sem cliente atual.",Moeda das 11 ofertas possíveis de Stoneborn; também material de receitas versionadas.,Alta no recurso/código da build auditada; configuração efetiva do pack não confirmada,/images/bestiary/audited/ug/stoneborn.png,quek/undergarden/client/model/StonebornModel.class; quek/undergarden/client/render/entity/StonebornRenderer.class; assets/undergarden/textures/entity/stoneborn.png; assets/undergarden/textures/entity/stoneborn_eyes.png; quek/undergarden/client/render/layer/BasicEyesLayer.class; output-ug/proveniencia.json,evidence-ug/decompiled-full/quek/undergarden/entity/monster/stoneborn/trading/StonebornTrades.java; evidence-ug/decompiled-full/quek/undergarden/entity/monster/stoneborn/trading/BuyForRegaliumTrade.java; evidence-ug/decompiled-full/quek/undergarden/entity/monster/stoneborn/trading/SellForRegaliumTrade.java; evidence-ug/decompiled-full/quek/undergarden/entity/monster/stoneborn/Stoneborn.java; evidence-ug/decompiled-full/quek/undergarden/entity/monster/stoneborn/Stoneborn.java; evidence-ug/decompiled-full/quek/undergarden/registry/UGItems.java; evidence-ug/decompiled-full/quek/undergarden/registry/UGFoods.java,/bestiary/receitas/ug.html#receita-regalium-block | [Receita regalium_block](lote-5-mods-2026-10-06/ug-cards-2026-10-06.md#receita-regalium-block) — evidence-ug/The_Undergarden-1.21.1-0.9.6.jar::data/undergarden/recipe/regalium_block.json
Stoneborn,The Undergarden,"Comerciante; neutro em condições normais, defesa/raiva na classe","Bioma dense_forest, categoria monster, peso 100, grupo 1–3; evidence-ug/The_Undergarden-1.21.1-0.9.6.jar::data/undergarden/worldgen/biome/dense_forest.json; Bioma forgotten_field, categoria monster, peso 100, grupo 1–3; evidence-ug/The_Undergarden-1.21.1-0.9.6.jar::data/undergarden/worldgen/biome/forgotten_field.json; Bioma gronglegrowth, categoria monster, peso 100, grupo 1–3; evidence-ug/The_Undergarden-1.21.1-0.9.6.jar::data/undergarden/worldgen/biome/gronglegrowth.json; Bioma smogstem_forest, categoria monster, peso 100, grupo 1–3; evidence-ug/The_Undergarden-1.21.1-0.9.6.jar::data/undergarden/worldgen/biome/smogstem_forest.json; Bioma wigglewood_forest, categoria monster, peso 100, grupo 1–3; evidence-ug/The_Undergarden-1.21.1-0.9.6.jar::data/undergarden/worldgen/biome/wigglewood_forest.json; ",Comércio,undergarden:regalium_crystal,4,"Paga 1 Iron Ingot; limite da oferta 5 usos. 4 candidatos distintos selecionados aleatoriamente dentre 11; ofertas disponíveis no Undergarden, vivo e sem cliente atual.",Moeda das 11 ofertas possíveis de Stoneborn; também material de receitas versionadas.,Alta no recurso/código da build auditada; configuração efetiva do pack não confirmada,/images/bestiary/audited/ug/stoneborn.png,quek/undergarden/client/model/StonebornModel.class; quek/undergarden/client/render/entity/StonebornRenderer.class; assets/undergarden/textures/entity/stoneborn.png; assets/undergarden/textures/entity/stoneborn_eyes.png; quek/undergarden/client/render/layer/BasicEyesLayer.class; output-ug/proveniencia.json,evidence-ug/decompiled-full/quek/undergarden/entity/monster/stoneborn/trading/StonebornTrades.java; evidence-ug/decompiled-full/quek/undergarden/entity/monster/stoneborn/trading/BuyForRegaliumTrade.java; evidence-ug/decompiled-full/quek/undergarden/entity/monster/stoneborn/trading/SellForRegaliumTrade.java; evidence-ug/decompiled-full/quek/undergarden/entity/monster/stoneborn/Stoneborn.java; evidence-ug/decompiled-full/quek/undergarden/entity/monster/stoneborn/Stoneborn.java; evidence-ug/decompiled-full/quek/undergarden/registry/UGItems.java; evidence-ug/decompiled-full/quek/undergarden/registry/UGFoods.java,/bestiary/receitas/ug.html#receita-regalium-block | [Receita regalium_block](lote-5-mods-2026-10-06/ug-cards-2026-10-06.md#receita-regalium-block) — evidence-ug/The_Undergarden-1.21.1-0.9.6.jar::data/undergarden/recipe/regalium_block.json
Stoneborn,The Undergarden,"Comerciante; neutro em condições normais, defesa/raiva na classe","Bioma dense_forest, categoria monster, peso 100, grupo 1–3; evidence-ug/The_Undergarden-1.21.1-0.9.6.jar::data/undergarden/worldgen/biome/dense_forest.json; Bioma forgotten_field, categoria monster, peso 100, grupo 1–3; evidence-ug/The_Undergarden-1.21.1-0.9.6.jar::data/undergarden/worldgen/biome/forgotten_field.json; Bioma gronglegrowth, categoria monster, peso 100, grupo 1–3; evidence-ug/The_Undergarden-1.21.1-0.9.6.jar::data/undergarden/worldgen/biome/gronglegrowth.json; Bioma smogstem_forest, categoria monster, peso 100, grupo 1–3; evidence-ug/The_Undergarden-1.21.1-0.9.6.jar::data/undergarden/worldgen/biome/smogstem_forest.json; Bioma wigglewood_forest, categoria monster, peso 100, grupo 1–3; evidence-ug/The_Undergarden-1.21.1-0.9.6.jar::data/undergarden/worldgen/biome/wigglewood_forest.json; ",Comércio,undergarden:regalium_crystal,2,"Paga 1 Gold Ingot; limite da oferta 5 usos. 4 candidatos distintos selecionados aleatoriamente dentre 11; ofertas disponíveis no Undergarden, vivo e sem cliente atual.",Moeda das 11 ofertas possíveis de Stoneborn; também material de receitas versionadas.,Alta no recurso/código da build auditada; configuração efetiva do pack não confirmada,/images/bestiary/audited/ug/stoneborn.png,quek/undergarden/client/model/StonebornModel.class; quek/undergarden/client/render/entity/StonebornRenderer.class; assets/undergarden/textures/entity/stoneborn.png; assets/undergarden/textures/entity/stoneborn_eyes.png; quek/undergarden/client/render/layer/BasicEyesLayer.class; output-ug/proveniencia.json,evidence-ug/decompiled-full/quek/undergarden/entity/monster/stoneborn/trading/StonebornTrades.java; evidence-ug/decompiled-full/quek/undergarden/entity/monster/stoneborn/trading/BuyForRegaliumTrade.java; evidence-ug/decompiled-full/quek/undergarden/entity/monster/stoneborn/trading/SellForRegaliumTrade.java; evidence-ug/decompiled-full/quek/undergarden/entity/monster/stoneborn/Stoneborn.java; evidence-ug/decompiled-full/quek/undergarden/entity/monster/stoneborn/Stoneborn.java; evidence-ug/decompiled-full/quek/undergarden/registry/UGItems.java; evidence-ug/decompiled-full/quek/undergarden/registry/UGFoods.java,/bestiary/receitas/ug.html#receita-regalium-block | [Receita regalium_block](lote-5-mods-2026-10-06/ug-cards-2026-10-06.md#receita-regalium-block) — evidence-ug/The_Undergarden-1.21.1-0.9.6.jar::data/undergarden/recipe/regalium_block.json
Stoneborn,The Undergarden,"Comerciante; neutro em condições normais, defesa/raiva na classe","Bioma dense_forest, categoria monster, peso 100, grupo 1–3; evidence-ug/The_Undergarden-1.21.1-0.9.6.jar::data/undergarden/worldgen/biome/dense_forest.json; Bioma forgotten_field, categoria monster, peso 100, grupo 1–3; evidence-ug/The_Undergarden-1.21.1-0.9.6.jar::data/undergarden/worldgen/biome/forgotten_field.json; Bioma gronglegrowth, categoria monster, peso 100, grupo 1–3; evidence-ug/The_Undergarden-1.21.1-0.9.6.jar::data/undergarden/worldgen/biome/gronglegrowth.json; Bioma smogstem_forest, categoria monster, peso 100, grupo 1–3; evidence-ug/The_Undergarden-1.21.1-0.9.6.jar::data/undergarden/worldgen/biome/smogstem_forest.json; Bioma wigglewood_forest, categoria monster, peso 100, grupo 1–3; evidence-ug/The_Undergarden-1.21.1-0.9.6.jar::data/undergarden/worldgen/biome/wigglewood_forest.json; ",Comércio,undergarden:regalium_crystal,48,"Paga 1 Utherium Block; limite da oferta 2 usos. 4 candidatos distintos selecionados aleatoriamente dentre 11; ofertas disponíveis no Undergarden, vivo e sem cliente atual.",Moeda das 11 ofertas possíveis de Stoneborn; também material de receitas versionadas.,Alta no recurso/código da build auditada; configuração efetiva do pack não confirmada,/images/bestiary/audited/ug/stoneborn.png,quek/undergarden/client/model/StonebornModel.class; quek/undergarden/client/render/entity/StonebornRenderer.class; assets/undergarden/textures/entity/stoneborn.png; assets/undergarden/textures/entity/stoneborn_eyes.png; quek/undergarden/client/render/layer/BasicEyesLayer.class; output-ug/proveniencia.json,evidence-ug/decompiled-full/quek/undergarden/entity/monster/stoneborn/trading/StonebornTrades.java; evidence-ug/decompiled-full/quek/undergarden/entity/monster/stoneborn/trading/BuyForRegaliumTrade.java; evidence-ug/decompiled-full/quek/undergarden/entity/monster/stoneborn/trading/SellForRegaliumTrade.java; evidence-ug/decompiled-full/quek/undergarden/entity/monster/stoneborn/Stoneborn.java; evidence-ug/decompiled-full/quek/undergarden/entity/monster/stoneborn/Stoneborn.java; evidence-ug/decompiled-full/quek/undergarden/registry/UGItems.java; evidence-ug/decompiled-full/quek/undergarden/registry/UGFoods.java,/bestiary/receitas/ug.html#receita-regalium-block | [Receita regalium_block](lote-5-mods-2026-10-06/ug-cards-2026-10-06.md#receita-regalium-block) — evidence-ug/The_Undergarden-1.21.1-0.9.6.jar::data/undergarden/recipe/regalium_block.json
Minion,The Undergarden,Golem aliado construído; ataque à distância e cura com Forgotten Nugget,Construído: Carved Gloomgourd sobre Forgotten Block; CarvedGloomgourdBlock.getOrCreateMinionFull cria Minion e remove os blocos do padrão.,Recurso próprio ausente,Sem item no recurso próprio,0,Build 0.9.6; AbstractGolem; sem override de loot próprio em Minion; ; ver herança/mecanismos separados,Não aplicável,Alta no recurso/código da build auditada; configuração efetiva do pack não confirmada,/images/bestiary/audited/ug/minion.png,quek/undergarden/client/model/MinionModel.class; quek/undergarden/client/render/entity/MinionRenderer.class; assets/undergarden/textures/entity/minion.png; assets/undergarden/textures/entity/minion_eye.png; quek/undergarden/client/render/layer/BasicEyesLayer.class; output-ug/proveniencia.json,evidence-ug/The_Undergarden-1.21.1-0.9.6.jar::data/undergarden/loot_table/entities/minion.json; evidence-ug/decompiled-full/quek/undergarden/entity/Minion.java; evidence-ug/decompiled-full/quek/undergarden/registry/UGItems.java; evidence-ug/decompiled-full/quek/undergarden/registry/UGFoods.java,"Não aplicável: uso direto, interação ou sem receita identificada; fontes na linha"
Minion,The Undergarden,Golem aliado construído; ataque à distância e cura com Forgotten Nugget,Construído: Carved Gloomgourd sobre Forgotten Block; CarvedGloomgourdBlock.getOrCreateMinionFull cria Minion e remove os blocos do padrão.,Cura/companheiro,Cura do Minion,5,"Forgotten Nugget na mão; somente consome 1 se heal(5) alterar saúde, fora do criativo",Reparar golem com ataque à distância; interação não produz item,Alta no recurso/código da build auditada; configuração efetiva do pack não confirmada,/images/bestiary/audited/ug/minion.png,quek/undergarden/client/model/MinionModel.class; quek/undergarden/client/render/entity/MinionRenderer.class; assets/undergarden/textures/entity/minion.png; assets/undergarden/textures/entity/minion_eye.png; quek/undergarden/client/render/layer/BasicEyesLayer.class; output-ug/proveniencia.json,evidence-ug/decompiled-full/quek/undergarden/entity/Minion.java:mobInteract; evidence-ug/decompiled-full/quek/undergarden/entity/Minion.java; evidence-ug/decompiled-full/quek/undergarden/registry/UGItems.java; evidence-ug/decompiled-full/quek/undergarden/registry/UGFoods.java,"Não aplicável: uso direto, interação ou sem receita identificada; fontes na linha"
Forgotten Guardian,The Undergarden,Chefe hostil do encontro de estrutura,Estruturas com entidade/spawner data/undergarden/structure/catacombs/tunnel_guardian.nbt; ,Loot de morte,undergarden:forgotten_nugget,4–16,"Build 0.9.6; ; morte atribuída ao jogador; pool 1: 1 sorteio(s), peso bruto 1/1; peso condicionado aos candidatos elegíveis; reposição em múltiplos sorteios; set_count ",Material de Forgotten Ingot e cura de Minion: cada pepita consumida recupera 5 HP quando há saúde faltante.,Alta no recurso/código da build auditada; configuração efetiva do pack não confirmada,/images/bestiary/audited/ug/forgotten-guardian.png,quek/undergarden/client/model/ForgottenGuardianModel.class; quek/undergarden/client/render/entity/ForgottenGuardianRenderer.class; assets/undergarden/textures/entity/forgotten_guardian.png; assets/undergarden/textures/entity/forgotten_guardian_eyes.png; quek/undergarden/client/render/layer/BasicEyesLayer.class; output-ug/proveniencia.json,evidence-ug/The_Undergarden-1.21.1-0.9.6.jar::data/undergarden/loot_table/entities/forgotten_guardian.json; evidence-ug/decompiled-full/quek/undergarden/entity/monster/boss/ForgottenGuardian.java; evidence-ug/decompiled-full/quek/undergarden/registry/UGItems.java; evidence-ug/decompiled-full/quek/undergarden/registry/UGFoods.java,/bestiary/receitas/ug.html#receita-forgotten-nugget-to-ingot | [Receita forgotten_nugget_to_ingot](lote-5-mods-2026-10-06/ug-cards-2026-10-06.md#receita-forgotten-nugget-to-ingot) — evidence-ug/The_Undergarden-1.21.1-0.9.6.jar::data/undergarden/recipe/forgotten_nugget_to_ingot.json
Rotling,The Undergarden,Criatura hostil; alvos/ataques próprios na classe,"Bioma ancient_sea, categoria monster, peso 100, grupo 2–4; evidence-ug/The_Undergarden-1.21.1-0.9.6.jar::data/undergarden/worldgen/biome/ancient_sea.json; Bioma barren_abyss, categoria monster, peso 100, grupo 2–4; evidence-ug/The_Undergarden-1.21.1-0.9.6.jar::data/undergarden/worldgen/biome/barren_abyss.json; Bioma blood_mushroom_bog, categoria monster, peso 100, grupo 2–4; evidence-ug/The_Undergarden-1.21.1-0.9.6.jar::data/undergarden/worldgen/biome/blood_mushroom_bog.json; Bioma dead_sea, categoria monster, peso 100, grupo 2–4; evidence-ug/The_Undergarden-1.21.1-0.9.6.jar::data/undergarden/worldgen/biome/dead_sea.json; Bioma dense_forest, categoria monster, peso 100, grupo 2–4; evidence-ug/The_Undergarden-1.21.1-0.9.6.jar::data/undergarden/worldgen/biome/dense_forest.json; Bioma depths, categoria monster, peso 100, grupo 2–4; evidence-ug/The_Undergarden-1.21.1-0.9.6.jar::data/undergarden/worldgen/biome/depths.json; Bioma forgotten_field, categoria monster, peso 100, grupo 2–4; evidence-ug/The_Undergarden-1.21.1-0.9.6.jar::data/undergarden/worldgen/biome/forgotten_field.json; Bioma frostfields, categoria monster, peso 100, grupo 2–4; evidence-ug/The_Undergarden-1.21.1-0.9.6.jar::data/undergarden/worldgen/biome/frostfields.json; Bioma frosty_smogstem_forest, categoria monster, peso 100, grupo 2–4; evidence-ug/The_Undergarden-1.21.1-0.9.6.jar::data/undergarden/worldgen/biome/frosty_smogstem_forest.json; Bioma gronglegrowth, categoria monster, peso 100, grupo 2–4; evidence-ug/The_Undergarden-1.21.1-0.9.6.jar::data/undergarden/worldgen/biome/gronglegrowth.json; Bioma icy_sea, categoria monster, peso 100, grupo 2–4; evidence-ug/The_Undergarden-1.21.1-0.9.6.jar::data/undergarden/worldgen/biome/icy_sea.json; Bioma indigo_mushroom_bog, categoria monster, peso 100, grupo 2–4; evidence-ug/The_Undergarden-1.21.1-0.9.6.jar::data/undergarden/worldgen/biome/indigo_mushroom_bog.json; Bioma infected_depths, categoria monster, peso 100, grupo 2–4; evidence-ug/The_Undergarden-1.21.1-0.9.6.jar::data/undergarden/worldgen/biome/infected_depths.json; Bioma ink_mushroom_bog, categoria monster, peso 100, grupo 2–4; evidence-ug/The_Undergarden-1.21.1-0.9.6.jar::data/undergarden/worldgen/biome/ink_mushroom_bog.json; Bioma puff_mushroom_forest, categoria monster, peso 100, grupo 2–4; evidence-ug/The_Undergarden-1.21.1-0.9.6.jar::data/undergarden/worldgen/biome/puff_mushroom_forest.json; Bioma smogstem_forest, categoria monster, peso 100, grupo 2–4; evidence-ug/The_Undergarden-1.21.1-0.9.6.jar::data/undergarden/worldgen/biome/smogstem_forest.json; Bioma smog_spires, categoria monster, peso 100, grupo 2–4; evidence-ug/The_Undergarden-1.21.1-0.9.6.jar::data/undergarden/worldgen/biome/smog_spires.json; Bioma veil_mushroom_bog, categoria monster, peso 100, grupo 2–4; evidence-ug/The_Undergarden-1.21.1-0.9.6.jar::data/undergarden/worldgen/biome/veil_mushroom_bog.json; Bioma wigglewood_forest, categoria monster, peso 100, grupo 2–4; evidence-ug/The_Undergarden-1.21.1-0.9.6.jar::data/undergarden/worldgen/biome/wigglewood_forest.json; ",Loot de morte,undergarden:utheric_shard,0–2,"Build 0.9.6; ; morte atribuída ao jogador; pool 1: 1 sorteio(s), peso bruto 1/1; peso condicionado aos candidatos elegíveis; reposição em múltiplos sorteios; set_count ; Saque minecraft:looting: bônus Math.round(nível × sorteio 0–1); limite sem limite explícito","Ingrediente nas receitas versionadas para: undergarden:shard_torch, undergarden:utheric_cluster",Alta no recurso/código da build auditada; configuração efetiva do pack não confirmada,/images/bestiary/audited/ug/rotling.png,quek/undergarden/client/model/RotlingModel.class; quek/undergarden/client/render/entity/RotlingRenderer.class; assets/undergarden/textures/entity/rotling.png; assets/undergarden/textures/entity/rotling_eyes.png; quek/undergarden/client/render/layer/BasicEyesLayer.class; output-ug/proveniencia.json,evidence-ug/The_Undergarden-1.21.1-0.9.6.jar::data/undergarden/loot_table/entities/rotling.json; evidence-ug/decompiled-full/quek/undergarden/entity/monster/rotspawn/Rotling.java; evidence-ug/decompiled-full/quek/undergarden/registry/UGItems.java; evidence-ug/decompiled-full/quek/undergarden/registry/UGFoods.java,/bestiary/receitas/ug.html#receita-shard-torch | [Receita shard_torch](lote-5-mods-2026-10-06/ug-cards-2026-10-06.md#receita-shard-torch) — evidence-ug/The_Undergarden-1.21.1-0.9.6.jar::data/undergarden/recipe/shard_torch.json; [Receita utheric_cluster](lote-5-mods-2026-10-06/ug-cards-2026-10-06.md#receita-utheric-cluster) — evidence-ug/The_Undergarden-1.21.1-0.9.6.jar::data/undergarden/recipe/utheric_cluster.json
Rotwalker,The Undergarden,Criatura hostil; alvos/ataques próprios na classe,"Bioma ancient_sea, categoria monster, peso 100, grupo 4–4; evidence-ug/The_Undergarden-1.21.1-0.9.6.jar::data/undergarden/worldgen/biome/ancient_sea.json; Bioma barren_abyss, categoria monster, peso 100, grupo 4–4; evidence-ug/The_Undergarden-1.21.1-0.9.6.jar::data/undergarden/worldgen/biome/barren_abyss.json; Bioma blood_mushroom_bog, categoria monster, peso 100, grupo 4–4; evidence-ug/The_Undergarden-1.21.1-0.9.6.jar::data/undergarden/worldgen/biome/blood_mushroom_bog.json; Bioma dead_sea, categoria monster, peso 100, grupo 4–4; evidence-ug/The_Undergarden-1.21.1-0.9.6.jar::data/undergarden/worldgen/biome/dead_sea.json; Bioma dense_forest, categoria monster, peso 100, grupo 4–4; evidence-ug/The_Undergarden-1.21.1-0.9.6.jar::data/undergarden/worldgen/biome/dense_forest.json; Bioma depths, categoria monster, peso 100, grupo 4–4; evidence-ug/The_Undergarden-1.21.1-0.9.6.jar::data/undergarden/worldgen/biome/depths.json; Bioma forgotten_field, categoria monster, peso 100, grupo 4–4; evidence-ug/The_Undergarden-1.21.1-0.9.6.jar::data/undergarden/worldgen/biome/forgotten_field.json; Bioma frostfields, categoria monster, peso 100, grupo 4–4; evidence-ug/The_Undergarden-1.21.1-0.9.6.jar::data/undergarden/worldgen/biome/frostfields.json; Bioma frosty_smogstem_forest, categoria monster, peso 100, grupo 4–4; evidence-ug/The_Undergarden-1.21.1-0.9.6.jar::data/undergarden/worldgen/biome/frosty_smogstem_forest.json; Bioma gronglegrowth, categoria monster, peso 100, grupo 4–4; evidence-ug/The_Undergarden-1.21.1-0.9.6.jar::data/undergarden/worldgen/biome/gronglegrowth.json; Bioma icy_sea, categoria monster, peso 100, grupo 4–4; evidence-ug/The_Undergarden-1.21.1-0.9.6.jar::data/undergarden/worldgen/biome/icy_sea.json; Bioma indigo_mushroom_bog, categoria monster, peso 100, grupo 4–4; evidence-ug/The_Undergarden-1.21.1-0.9.6.jar::data/undergarden/worldgen/biome/indigo_mushroom_bog.json; Bioma infected_depths, categoria monster, peso 100, grupo 4–4; evidence-ug/The_Undergarden-1.21.1-0.9.6.jar::data/undergarden/worldgen/biome/infected_depths.json; Bioma ink_mushroom_bog, categoria monster, peso 100, grupo 4–4; evidence-ug/The_Undergarden-1.21.1-0.9.6.jar::data/undergarden/worldgen/biome/ink_mushroom_bog.json; Bioma puff_mushroom_forest, categoria monster, peso 100, grupo 4–4; evidence-ug/The_Undergarden-1.21.1-0.9.6.jar::data/undergarden/worldgen/biome/puff_mushroom_forest.json; Bioma smogstem_forest, categoria monster, peso 100, grupo 4–4; evidence-ug/The_Undergarden-1.21.1-0.9.6.jar::data/undergarden/worldgen/biome/smogstem_forest.json; Bioma smog_spires, categoria monster, peso 100, grupo 4–4; evidence-ug/The_Undergarden-1.21.1-0.9.6.jar::data/undergarden/worldgen/biome/smog_spires.json; Bioma veil_mushroom_bog, categoria monster, peso 100, grupo 4–4; evidence-ug/The_Undergarden-1.21.1-0.9.6.jar::data/undergarden/worldgen/biome/veil_mushroom_bog.json; Bioma wigglewood_forest, categoria monster, peso 100, grupo 4–4; evidence-ug/The_Undergarden-1.21.1-0.9.6.jar::data/undergarden/worldgen/biome/wigglewood_forest.json; ",Loot de morte,undergarden:utheric_shard,1–4,"Build 0.9.6; ; morte atribuída ao jogador; pool 1: 1 sorteio(s), peso bruto 1/1; peso condicionado aos candidatos elegíveis; reposição em múltiplos sorteios; set_count ; Saque minecraft:looting: bônus Math.round(nível × sorteio 0–1); limite sem limite explícito","Ingrediente nas receitas versionadas para: undergarden:shard_torch, undergarden:utheric_cluster",Alta no recurso/código da build auditada; configuração efetiva do pack não confirmada,/images/bestiary/audited/ug/rotwalker.png,quek/undergarden/client/model/RotwalkerModel.class; quek/undergarden/client/render/entity/RotwalkerRenderer.class; assets/undergarden/textures/entity/rotwalker.png; assets/undergarden/textures/entity/rotwalker_eyes.png; quek/undergarden/client/render/layer/BasicEyesLayer.class; output-ug/proveniencia.json,evidence-ug/The_Undergarden-1.21.1-0.9.6.jar::data/undergarden/loot_table/entities/rotwalker.json; evidence-ug/decompiled-full/quek/undergarden/entity/monster/rotspawn/Rotwalker.java; evidence-ug/decompiled-full/quek/undergarden/registry/UGItems.java; evidence-ug/decompiled-full/quek/undergarden/registry/UGFoods.java,/bestiary/receitas/ug.html#receita-shard-torch | [Receita shard_torch](lote-5-mods-2026-10-06/ug-cards-2026-10-06.md#receita-shard-torch) — evidence-ug/The_Undergarden-1.21.1-0.9.6.jar::data/undergarden/recipe/shard_torch.json; [Receita utheric_cluster](lote-5-mods-2026-10-06/ug-cards-2026-10-06.md#receita-utheric-cluster) — evidence-ug/The_Undergarden-1.21.1-0.9.6.jar::data/undergarden/recipe/utheric_cluster.json
Rotbeast,The Undergarden,Criatura hostil; alvos/ataques próprios na classe,"Bioma barren_abyss, categoria monster, peso 100, grupo 1–2; evidence-ug/The_Undergarden-1.21.1-0.9.6.jar::data/undergarden/worldgen/biome/barren_abyss.json; Bioma dead_sea, categoria monster, peso 100, grupo 1–2; evidence-ug/The_Undergarden-1.21.1-0.9.6.jar::data/undergarden/worldgen/biome/dead_sea.json; Bioma depths, categoria monster, peso 100, grupo 1–2; evidence-ug/The_Undergarden-1.21.1-0.9.6.jar::data/undergarden/worldgen/biome/depths.json; Bioma infected_depths, categoria monster, peso 100, grupo 1–2; evidence-ug/The_Undergarden-1.21.1-0.9.6.jar::data/undergarden/worldgen/biome/infected_depths.json; Bioma puff_mushroom_forest, categoria monster, peso 100, grupo 1–2; evidence-ug/The_Undergarden-1.21.1-0.9.6.jar::data/undergarden/worldgen/biome/puff_mushroom_forest.json; Bioma smog_spires, categoria monster, peso 100, grupo 1–2; evidence-ug/The_Undergarden-1.21.1-0.9.6.jar::data/undergarden/worldgen/biome/smog_spires.json; ",Loot de morte,undergarden:utheric_shard,2–8,"Build 0.9.6; ; morte atribuída ao jogador; pool 1: 1 sorteio(s), peso bruto 1/1; peso condicionado aos candidatos elegíveis; reposição em múltiplos sorteios; set_count ; Saque minecraft:looting: bônus Math.round(nível × sorteio 0–1); limite sem limite explícito","Ingrediente nas receitas versionadas para: undergarden:shard_torch, undergarden:utheric_cluster",Alta no recurso/código da build auditada; configuração efetiva do pack não confirmada,/images/bestiary/audited/ug/rotbeast.png,quek/undergarden/client/model/RotbeastModel.class; quek/undergarden/client/render/entity/RotbeastRenderer.class; assets/undergarden/textures/entity/rotbeast.png; assets/undergarden/textures/entity/rotbeast_eyes.png; quek/undergarden/client/render/layer/BasicEyesLayer.class; output-ug/proveniencia.json,evidence-ug/The_Undergarden-1.21.1-0.9.6.jar::data/undergarden/loot_table/entities/rotbeast.json; evidence-ug/decompiled-full/quek/undergarden/entity/monster/rotspawn/Rotbeast.java; evidence-ug/decompiled-full/quek/undergarden/registry/UGItems.java; evidence-ug/decompiled-full/quek/undergarden/registry/UGFoods.java,/bestiary/receitas/ug.html#receita-shard-torch | [Receita shard_torch](lote-5-mods-2026-10-06/ug-cards-2026-10-06.md#receita-shard-torch) — evidence-ug/The_Undergarden-1.21.1-0.9.6.jar::data/undergarden/recipe/shard_torch.json; [Receita utheric_cluster](lote-5-mods-2026-10-06/ug-cards-2026-10-06.md#receita-utheric-cluster) — evidence-ug/The_Undergarden-1.21.1-0.9.6.jar::data/undergarden/recipe/utheric_cluster.json
Rotbelcher,The Undergarden,Criatura hostil; alvos/ataques próprios na classe,"Bioma ancient_sea, categoria monster, peso 100, grupo 4–4; evidence-ug/The_Undergarden-1.21.1-0.9.6.jar::data/undergarden/worldgen/biome/ancient_sea.json; Bioma barren_abyss, categoria monster, peso 100, grupo 4–4; evidence-ug/The_Undergarden-1.21.1-0.9.6.jar::data/undergarden/worldgen/biome/barren_abyss.json; Bioma blood_mushroom_bog, categoria monster, peso 100, grupo 4–4; evidence-ug/The_Undergarden-1.21.1-0.9.6.jar::data/undergarden/worldgen/biome/blood_mushroom_bog.json; Bioma dead_sea, categoria monster, peso 100, grupo 4–4; evidence-ug/The_Undergarden-1.21.1-0.9.6.jar::data/undergarden/worldgen/biome/dead_sea.json; Bioma dense_forest, categoria monster, peso 100, grupo 4–4; evidence-ug/The_Undergarden-1.21.1-0.9.6.jar::data/undergarden/worldgen/biome/dense_forest.json; Bioma depths, categoria monster, peso 100, grupo 4–4; evidence-ug/The_Undergarden-1.21.1-0.9.6.jar::data/undergarden/worldgen/biome/depths.json; Bioma forgotten_field, categoria monster, peso 100, grupo 4–4; evidence-ug/The_Undergarden-1.21.1-0.9.6.jar::data/undergarden/worldgen/biome/forgotten_field.json; Bioma frostfields, categoria monster, peso 100, grupo 4–4; evidence-ug/The_Undergarden-1.21.1-0.9.6.jar::data/undergarden/worldgen/biome/frostfields.json; Bioma frosty_smogstem_forest, categoria monster, peso 100, grupo 4–4; evidence-ug/The_Undergarden-1.21.1-0.9.6.jar::data/undergarden/worldgen/biome/frosty_smogstem_forest.json; Bioma gronglegrowth, categoria monster, peso 100, grupo 4–4; evidence-ug/The_Undergarden-1.21.1-0.9.6.jar::data/undergarden/worldgen/biome/gronglegrowth.json; Bioma icy_sea, categoria monster, peso 100, grupo 4–4; evidence-ug/The_Undergarden-1.21.1-0.9.6.jar::data/undergarden/worldgen/biome/icy_sea.json; Bioma indigo_mushroom_bog, categoria monster, peso 100, grupo 4–4; evidence-ug/The_Undergarden-1.21.1-0.9.6.jar::data/undergarden/worldgen/biome/indigo_mushroom_bog.json; Bioma infected_depths, categoria monster, peso 100, grupo 4–4; evidence-ug/The_Undergarden-1.21.1-0.9.6.jar::data/undergarden/worldgen/biome/infected_depths.json; Bioma ink_mushroom_bog, categoria monster, peso 100, grupo 4–4; evidence-ug/The_Undergarden-1.21.1-0.9.6.jar::data/undergarden/worldgen/biome/ink_mushroom_bog.json; Bioma puff_mushroom_forest, categoria monster, peso 100, grupo 4–4; evidence-ug/The_Undergarden-1.21.1-0.9.6.jar::data/undergarden/worldgen/biome/puff_mushroom_forest.json; Bioma smogstem_forest, categoria monster, peso 100, grupo 4–4; evidence-ug/The_Undergarden-1.21.1-0.9.6.jar::data/undergarden/worldgen/biome/smogstem_forest.json; Bioma smog_spires, categoria monster, peso 100, grupo 4–4; evidence-ug/The_Undergarden-1.21.1-0.9.6.jar::data/undergarden/worldgen/biome/smog_spires.json; Bioma veil_mushroom_bog, categoria monster, peso 100, grupo 4–4; evidence-ug/The_Undergarden-1.21.1-0.9.6.jar::data/undergarden/worldgen/biome/veil_mushroom_bog.json; Bioma wigglewood_forest, categoria monster, peso 100, grupo 4–4; evidence-ug/The_Undergarden-1.21.1-0.9.6.jar::data/undergarden/worldgen/biome/wigglewood_forest.json; ",Loot de morte,undergarden:utheric_shard,1–6,"Build 0.9.6; ; morte atribuída ao jogador; pool 1: 1 sorteio(s), peso bruto 1/1; peso condicionado aos candidatos elegíveis; reposição em múltiplos sorteios; set_count ; Saque minecraft:looting: bônus Math.round(nível × sorteio 0–1); limite sem limite explícito","Ingrediente nas receitas versionadas para: undergarden:shard_torch, undergarden:utheric_cluster",Alta no recurso/código da build auditada; configuração efetiva do pack não confirmada,/images/bestiary/audited/ug/rotbelcher.png,quek/undergarden/client/model/RotbelcherModel.class; quek/undergarden/client/render/entity/RotbelcherRenderer.class; assets/undergarden/textures/entity/rotbelcher.png; assets/undergarden/textures/entity/rotbelcher_eyes.png; quek/undergarden/client/render/layer/BasicEyesLayer.class; output-ug/proveniencia.json,evidence-ug/The_Undergarden-1.21.1-0.9.6.jar::data/undergarden/loot_table/entities/rotbelcher.json; evidence-ug/decompiled-full/quek/undergarden/entity/monster/rotspawn/Rotbelcher.java; evidence-ug/decompiled-full/quek/undergarden/registry/UGItems.java; evidence-ug/decompiled-full/quek/undergarden/registry/UGFoods.java,/bestiary/receitas/ug.html#receita-shard-torch | [Receita shard_torch](lote-5-mods-2026-10-06/ug-cards-2026-10-06.md#receita-shard-torch) — evidence-ug/The_Undergarden-1.21.1-0.9.6.jar::data/undergarden/recipe/shard_torch.json; [Receita utheric_cluster](lote-5-mods-2026-10-06/ug-cards-2026-10-06.md#receita-utheric-cluster) — evidence-ug/The_Undergarden-1.21.1-0.9.6.jar::data/undergarden/recipe/utheric_cluster.json
Greater Dweller,The Undergarden,Animal neutro com raiva persistente; retalia agressão e caça jogador marcado,"Bioma depths, categoria undergarden:stupid, peso 100, grupo 2–4; evidence-ug/The_Undergarden-1.21.1-0.9.6.jar::data/undergarden/worldgen/biome/depths.json; Bioma puff_mushroom_forest, categoria undergarden:stupid, peso 100, grupo 2–4; evidence-ug/The_Undergarden-1.21.1-0.9.6.jar::data/undergarden/worldgen/biome/puff_mushroom_forest.json; Estruturas com entidade/spawner data/undergarden/structure/denizen_camp/hangout/dweller_farm.nbt; ",Loot de morte,minecraft:leather,0–4,"Build 0.9.6; ; pool 1: 1 sorteio(s), peso bruto 1/1; peso condicionado aos candidatos elegíveis; reposição em múltiplos sorteios; set_count ; Saque minecraft:looting: bônus Math.round(nível × sorteio 0–1); limite sem limite explícito","Armaduras de couro, livros e outros crafts vanilla",Alta no recurso/código da build auditada; configuração efetiva do pack não confirmada,/images/bestiary/audited/ug/greater-dweller.png,quek/undergarden/client/model/GreaterDwellerModel.class; quek/undergarden/client/render/entity/GreaterDwellerRenderer.class; assets/undergarden/textures/entity/greater_dweller.png; assets/undergarden/textures/entity/greater_dweller_eyes.png; quek/undergarden/client/render/layer/BasicEyesLayer.class; output-ug/proveniencia.json,evidence-ug/The_Undergarden-1.21.1-0.9.6.jar::data/undergarden/loot_table/entities/greater_dweller.json; evidence-ug/decompiled-full/quek/undergarden/entity/animal/GreaterDweller.java; evidence-ug/decompiled-full/quek/undergarden/registry/UGItems.java; evidence-ug/decompiled-full/quek/undergarden/registry/UGFoods.java,/bestiary/receitas/ug.html#receita-book | [Receita book](lote-5-mods-2026-10-06/ug-cards-2026-10-06.md#receita-book) — evidence/minecraft-1.21.1-client.jar::data/minecraft/recipe/book.json; [Receita item_frame](lote-5-mods-2026-10-06/ug-cards-2026-10-06.md#receita-item-frame) — evidence/minecraft-1.21.1-client.jar::data/minecraft/recipe/item_frame.json; [Receita leather_boots](lote-5-mods-2026-10-06/ug-cards-2026-10-06.md#receita-leather-boots) — evidence/minecraft-1.21.1-client.jar::data/minecraft/recipe/leather_boots.json; [Receita leather_chestplate](lote-5-mods-2026-10-06/ug-cards-2026-10-06.md#receita-leather-chestplate) — evidence/minecraft-1.21.1-client.jar::data/minecraft/recipe/leather_chestplate.json; [Receita leather_helmet](lote-5-mods-2026-10-06/ug-cards-2026-10-06.md#receita-leather-helmet) — evidence/minecraft-1.21.1-client.jar::data/minecraft/recipe/leather_helmet.json; [Receita leather_horse_armor](lote-5-mods-2026-10-06/ug-cards-2026-10-06.md#receita-leather-horse-armor) — evidence/minecraft-1.21.1-client.jar::data/minecraft/recipe/leather_horse_armor.json; [Receita leather_leggings](lote-5-mods-2026-10-06/ug-cards-2026-10-06.md#receita-leather-leggings) — evidence/minecraft-1.21.1-client.jar::data/minecraft/recipe/leather_leggings.json
Greater Dweller,The Undergarden,Animal neutro com raiva persistente; retalia agressão e caça jogador marcado,"Bioma depths, categoria undergarden:stupid, peso 100, grupo 2–4; evidence-ug/The_Undergarden-1.21.1-0.9.6.jar::data/undergarden/worldgen/biome/depths.json; Bioma puff_mushroom_forest, categoria undergarden:stupid, peso 100, grupo 2–4; evidence-ug/The_Undergarden-1.21.1-0.9.6.jar::data/undergarden/worldgen/biome/puff_mushroom_forest.json; Estruturas com entidade/spawner data/undergarden/structure/denizen_camp/hangout/dweller_farm.nbt; ",Loot de morte,undergarden:raw_dweller_meat,4–8,"Build 0.9.6; ; pool 2: 1 sorteio(s), peso bruto 1/1; peso condicionado aos candidatos elegíveis; reposição em múltiplos sorteios; set_count ; aplica receita de fundição ao item; função somente se (this satisfaz {""flags"": {""is_on_fire"": true}}) OU (direct_attacker satisfaz {""equipment"": {""mainhand"": {""predicates"": {""minecraft:enchantments"": [{""enchantments"": ""#minecraft:smelts_loot""}]}}}}); Saque minecraft:looting: bônus Math.round(nível × sorteio 0–1); limite sem limite explícito",Ingrediente nas receitas versionadas para: undergarden:dweller_steak,Alta no recurso/código da build auditada; configuração efetiva do pack não confirmada,/images/bestiary/audited/ug/greater-dweller.png,quek/undergarden/client/model/GreaterDwellerModel.class; quek/undergarden/client/render/entity/GreaterDwellerRenderer.class; assets/undergarden/textures/entity/greater_dweller.png; assets/undergarden/textures/entity/greater_dweller_eyes.png; quek/undergarden/client/render/layer/BasicEyesLayer.class; output-ug/proveniencia.json,evidence-ug/The_Undergarden-1.21.1-0.9.6.jar::data/undergarden/loot_table/entities/greater_dweller.json; evidence-ug/decompiled-full/quek/undergarden/entity/animal/GreaterDweller.java; evidence-ug/decompiled-full/quek/undergarden/registry/UGItems.java; evidence-ug/decompiled-full/quek/undergarden/registry/UGFoods.java,/bestiary/receitas/ug.html#receita-smelt-dweller-meat | [Receita smelt_dweller_meat](lote-5-mods-2026-10-06/ug-cards-2026-10-06.md#receita-smelt-dweller-meat) — evidence-ug/The_Undergarden-1.21.1-0.9.6.jar::data/undergarden/recipe/smelt_dweller_meat.json; [Receita campfire_dweller_meat](lote-5-mods-2026-10-06/ug-cards-2026-10-06.md#receita-campfire-dweller-meat) — evidence-ug/The_Undergarden-1.21.1-0.9.6.jar::data/undergarden/recipe/campfire_dweller_meat.json; [Receita smoke_dweller_meat](lote-5-mods-2026-10-06/ug-cards-2026-10-06.md#receita-smoke-dweller-meat) — evidence-ug/The_Undergarden-1.21.1-0.9.6.jar::data/undergarden/recipe/smoke_dweller_meat.json
Gwibling,The Undergarden,Animal; comportamento/interações específicos na classe,"Bioma ancient_sea, categoria water_ambient, peso 5, grupo 3–6; evidence-ug/The_Undergarden-1.21.1-0.9.6.jar::data/undergarden/worldgen/biome/ancient_sea.json; Bioma icy_sea, categoria water_ambient, peso 5, grupo 3–6; evidence-ug/The_Undergarden-1.21.1-0.9.6.jar::data/undergarden/worldgen/biome/icy_sea.json; ",Loot de morte,undergarden:raw_gwibling,1,"Build 0.9.6; ; morte atribuída ao jogador; pool 1: 1 sorteio(s), peso bruto 1/1; peso condicionado aos candidatos elegíveis; reposição em múltiplos sorteios; aplica receita de fundição ao item; função somente se (this satisfaz {""flags"": {""is_on_fire"": true}}) OU (direct_attacker satisfaz {""equipment"": {""mainhand"": {""predicates"": {""minecraft:enchantments"": [{""enchantments"": ""#minecraft:smelts_loot""}]}}}})",Ingrediente nas receitas versionadas para: undergarden:cooked_gwibling,Alta no recurso/código da build auditada; configuração efetiva do pack não confirmada,/images/bestiary/audited/ug/gwibling.png,quek/undergarden/client/model/GwiblingModel.class; quek/undergarden/client/render/entity/GwiblingRenderer.class; assets/undergarden/textures/entity/gwibling.png; assets/undergarden/textures/entity/gwibling_eyes.png; quek/undergarden/client/render/layer/BasicEyesLayer.class; output-ug/proveniencia.json,evidence-ug/The_Undergarden-1.21.1-0.9.6.jar::data/undergarden/loot_table/entities/gwibling.json; evidence-ug/decompiled-full/quek/undergarden/entity/animal/Gwibling.java; evidence-ug/decompiled-full/quek/undergarden/registry/UGItems.java; evidence-ug/decompiled-full/quek/undergarden/registry/UGFoods.java,/bestiary/receitas/ug.html#receita-smelt-gwibling | [Receita smelt_gwibling](lote-5-mods-2026-10-06/ug-cards-2026-10-06.md#receita-smelt-gwibling) — evidence-ug/The_Undergarden-1.21.1-0.9.6.jar::data/undergarden/recipe/smelt_gwibling.json; [Receita smoke_gwibling](lote-5-mods-2026-10-06/ug-cards-2026-10-06.md#receita-smoke-gwibling) — evidence-ug/The_Undergarden-1.21.1-0.9.6.jar::data/undergarden/recipe/smoke_gwibling.json; [Receita campfire_gwibling](lote-5-mods-2026-10-06/ug-cards-2026-10-06.md#receita-campfire-gwibling) — evidence-ug/The_Undergarden-1.21.1-0.9.6.jar::data/undergarden/recipe/campfire_gwibling.json
Gwibling,The Undergarden,Animal; comportamento/interações específicos na classe,"Bioma ancient_sea, categoria water_ambient, peso 5, grupo 3–6; evidence-ug/The_Undergarden-1.21.1-0.9.6.jar::data/undergarden/worldgen/biome/ancient_sea.json; Bioma icy_sea, categoria water_ambient, peso 5, grupo 3–6; evidence-ug/The_Undergarden-1.21.1-0.9.6.jar::data/undergarden/worldgen/biome/icy_sea.json; ",Loot de morte,minecraft:bone_meal,1,"Build 0.9.6; ; chance 5%; pool 2: 1 sorteio(s), peso bruto 1/1; peso condicionado aos candidatos elegíveis; reposição em múltiplos sorteios",Adubo/corante branco; crescimento de plantas,Alta no recurso/código da build auditada; configuração efetiva do pack não confirmada,/images/bestiary/audited/ug/gwibling.png,quek/undergarden/client/model/GwiblingModel.class; quek/undergarden/client/render/entity/GwiblingRenderer.class; assets/undergarden/textures/entity/gwibling.png; assets/undergarden/textures/entity/gwibling_eyes.png; quek/undergarden/client/render/layer/BasicEyesLayer.class; output-ug/proveniencia.json,evidence-ug/The_Undergarden-1.21.1-0.9.6.jar::data/undergarden/loot_table/entities/gwibling.json; evidence-ug/decompiled-full/quek/undergarden/entity/animal/Gwibling.java; evidence-ug/decompiled-full/quek/undergarden/registry/UGItems.java; evidence-ug/decompiled-full/quek/undergarden/registry/UGFoods.java,/bestiary/receitas/ug.html#receita-bone-block | [Receita bone_block](lote-5-mods-2026-10-06/ug-cards-2026-10-06.md#receita-bone-block) — evidence/minecraft-1.21.1-client.jar::data/minecraft/recipe/bone_block.json; [Receita white_dye](lote-5-mods-2026-10-06/ug-cards-2026-10-06.md#receita-white-dye) — evidence/minecraft-1.21.1-client.jar::data/minecraft/recipe/white_dye.json
Brute,The Undergarden,Animal neutro; retalia agressão e pode alertar outros Brutes,"Bioma dense_forest, categoria creature, peso 100, grupo 4–4; evidence-ug/The_Undergarden-1.21.1-0.9.6.jar::data/undergarden/worldgen/biome/dense_forest.json; Bioma forgotten_field, categoria creature, peso 100, grupo 4–4; evidence-ug/The_Undergarden-1.21.1-0.9.6.jar::data/undergarden/worldgen/biome/forgotten_field.json; Bioma frostfields, categoria creature, peso 100, grupo 4–4; evidence-ug/The_Undergarden-1.21.1-0.9.6.jar::data/undergarden/worldgen/biome/frostfields.json; Bioma frosty_smogstem_forest, categoria creature, peso 100, grupo 4–4; evidence-ug/The_Undergarden-1.21.1-0.9.6.jar::data/undergarden/worldgen/biome/frosty_smogstem_forest.json; Bioma gronglegrowth, categoria creature, peso 100, grupo 4–4; evidence-ug/The_Undergarden-1.21.1-0.9.6.jar::data/undergarden/worldgen/biome/gronglegrowth.json; Bioma smogstem_forest, categoria creature, peso 100, grupo 4–4; evidence-ug/The_Undergarden-1.21.1-0.9.6.jar::data/undergarden/worldgen/biome/smogstem_forest.json; Bioma wigglewood_forest, categoria creature, peso 100, grupo 4–4; evidence-ug/The_Undergarden-1.21.1-0.9.6.jar::data/undergarden/worldgen/biome/wigglewood_forest.json; ",Loot de morte,undergarden:brute_tusk,0–2,"Build 0.9.6; ; pool 1: 1 sorteio(s), peso bruto 1/1; peso condicionado aos candidatos elegíveis; reposição em múltiplos sorteios; set_count ; Saque minecraft:looting: bônus Math.round(nível × sorteio 0–1); limite sem limite explícito",Ingrediente nas receitas versionadas para: minecraft:bone_meal,Alta no recurso/código da build auditada; configuração efetiva do pack não confirmada,/images/bestiary/audited/ug/brute.png,quek/undergarden/client/model/BruteModel.class; quek/undergarden/client/render/entity/BruteRenderer.class; assets/undergarden/textures/entity/brute.png; assets/undergarden/textures/entity/brute_eyes.png; quek/undergarden/client/render/layer/BasicEyesLayer.class; output-ug/proveniencia.json,evidence-ug/The_Undergarden-1.21.1-0.9.6.jar::data/undergarden/loot_table/entities/brute.json; evidence-ug/decompiled-full/quek/undergarden/entity/animal/Brute.java; evidence-ug/decompiled-full/quek/undergarden/registry/UGItems.java; evidence-ug/decompiled-full/quek/undergarden/registry/UGFoods.java,/bestiary/receitas/ug.html#receita-tusk-to-bonemeal | [Receita tusk_to_bonemeal](lote-5-mods-2026-10-06/ug-cards-2026-10-06.md#receita-tusk-to-bonemeal) — evidence-ug/The_Undergarden-1.21.1-0.9.6.jar::data/undergarden/recipe/tusk_to_bonemeal.json
Scintling,The Undergarden,Animal; comportamento/interações específicos na classe,"Bioma ancient_sea, categoria ambient, peso 5, grupo 4–8; evidence-ug/The_Undergarden-1.21.1-0.9.6.jar::data/undergarden/worldgen/biome/ancient_sea.json; Bioma blood_mushroom_bog, categoria ambient, peso 5, grupo 4–8; evidence-ug/The_Undergarden-1.21.1-0.9.6.jar::data/undergarden/worldgen/biome/blood_mushroom_bog.json; Bioma dead_sea, categoria ambient, peso 5, grupo 4–8; evidence-ug/The_Undergarden-1.21.1-0.9.6.jar::data/undergarden/worldgen/biome/dead_sea.json; Bioma dense_forest, categoria ambient, peso 5, grupo 4–8; evidence-ug/The_Undergarden-1.21.1-0.9.6.jar::data/undergarden/worldgen/biome/dense_forest.json; Bioma forgotten_field, categoria ambient, peso 5, grupo 4–8; evidence-ug/The_Undergarden-1.21.1-0.9.6.jar::data/undergarden/worldgen/biome/forgotten_field.json; Bioma gronglegrowth, categoria ambient, peso 5, grupo 4–8; evidence-ug/The_Undergarden-1.21.1-0.9.6.jar::data/undergarden/worldgen/biome/gronglegrowth.json; Bioma indigo_mushroom_bog, categoria ambient, peso 5, grupo 4–8; evidence-ug/The_Undergarden-1.21.1-0.9.6.jar::data/undergarden/worldgen/biome/indigo_mushroom_bog.json; Bioma ink_mushroom_bog, categoria ambient, peso 5, grupo 4–8; evidence-ug/The_Undergarden-1.21.1-0.9.6.jar::data/undergarden/worldgen/biome/ink_mushroom_bog.json; Bioma smogstem_forest, categoria ambient, peso 5, grupo 4–8; evidence-ug/The_Undergarden-1.21.1-0.9.6.jar::data/undergarden/worldgen/biome/smogstem_forest.json; Bioma smog_spires, categoria ambient, peso 5, grupo 4–8; evidence-ug/The_Undergarden-1.21.1-0.9.6.jar::data/undergarden/worldgen/biome/smog_spires.json; Bioma veil_mushroom_bog, categoria ambient, peso 5, grupo 4–8; evidence-ug/The_Undergarden-1.21.1-0.9.6.jar::data/undergarden/worldgen/biome/veil_mushroom_bog.json; Bioma wigglewood_forest, categoria ambient, peso 5, grupo 4–8; evidence-ug/The_Undergarden-1.21.1-0.9.6.jar::data/undergarden/worldgen/biome/wigglewood_forest.json; ",Loot de morte,undergarden:goo_ball,1–2,"Build 0.9.6; ; pool 1: 1 sorteio(s), peso bruto 1/1; peso condicionado aos candidatos elegíveis; reposição em múltiplos sorteios; set_count ; Saque minecraft:looting: bônus Math.round(nível × sorteio 0–2); limite sem limite explícito",Alimento (UGFoods.GOO_BALL) e munição de Slingshot: GooBallItem/SlingshotItem.,Alta no recurso/código da build auditada; configuração efetiva do pack não confirmada,/images/bestiary/audited/ug/scintling.png,quek/undergarden/client/model/ScintlingModel.class; quek/undergarden/client/render/entity/ScintlingRenderer.class; assets/undergarden/textures/entity/scintling.png; assets/undergarden/textures/entity/scintling_glow.png; quek/undergarden/client/render/layer/BasicEyesLayer.class; output-ug/proveniencia.json,evidence-ug/The_Undergarden-1.21.1-0.9.6.jar::data/undergarden/loot_table/entities/scintling.json; evidence-ug/decompiled-full/quek/undergarden/entity/animal/Scintling.java; evidence-ug/decompiled-full/quek/undergarden/registry/UGItems.java; evidence-ug/decompiled-full/quek/undergarden/registry/UGFoods.java,/bestiary/receitas/ug.html#receita-goo-block | [Receita goo_block](lote-5-mods-2026-10-06/ug-cards-2026-10-06.md#receita-goo-block) — evidence-ug/The_Undergarden-1.21.1-0.9.6.jar::data/undergarden/recipe/goo_block.json; [Receita sticky_piston_from_goo_ball](lote-5-mods-2026-10-06/ug-cards-2026-10-06.md#receita-sticky-piston-from-goo-ball) — evidence-ug/The_Undergarden-1.21.1-0.9.6.jar::data/undergarden/recipe/sticky_piston_from_goo_ball.json; [Receita undergarden_lead](lote-5-mods-2026-10-06/ug-cards-2026-10-06.md#receita-undergarden-lead) — evidence-ug/The_Undergarden-1.21.1-0.9.6.jar::data/undergarden/recipe/undergarden_lead.json
Gloomper,The Undergarden,Animal; comportamento/interações específicos na classe,"Bioma dense_forest, categoria creature, peso 100, grupo 4–4; evidence-ug/The_Undergarden-1.21.1-0.9.6.jar::data/undergarden/worldgen/biome/dense_forest.json; Bioma forgotten_field, categoria creature, peso 100, grupo 4–4; evidence-ug/The_Undergarden-1.21.1-0.9.6.jar::data/undergarden/worldgen/biome/forgotten_field.json; Bioma gronglegrowth, categoria creature, peso 100, grupo 4–4; evidence-ug/The_Undergarden-1.21.1-0.9.6.jar::data/undergarden/worldgen/biome/gronglegrowth.json; Bioma indigo_mushroom_bog, categoria creature, peso 100, grupo 8–8; evidence-ug/The_Undergarden-1.21.1-0.9.6.jar::data/undergarden/worldgen/biome/indigo_mushroom_bog.json; Bioma smogstem_forest, categoria creature, peso 100, grupo 4–4; evidence-ug/The_Undergarden-1.21.1-0.9.6.jar::data/undergarden/worldgen/biome/smogstem_forest.json; Bioma veil_mushroom_bog, categoria creature, peso 100, grupo 8–8; evidence-ug/The_Undergarden-1.21.1-0.9.6.jar::data/undergarden/worldgen/biome/veil_mushroom_bog.json; Bioma wigglewood_forest, categoria creature, peso 100, grupo 4–4; evidence-ug/The_Undergarden-1.21.1-0.9.6.jar::data/undergarden/worldgen/biome/wigglewood_forest.json; ",Loot de morte,minecraft:leather,0–2,"Build 0.9.6; ; pool 1: 1 sorteio(s), peso bruto 1/1; peso condicionado aos candidatos elegíveis; reposição em múltiplos sorteios; set_count ; Saque minecraft:looting: bônus Math.round(nível × sorteio 0–1); limite sem limite explícito","Armaduras de couro, livros e outros crafts vanilla",Alta no recurso/código da build auditada; configuração efetiva do pack não confirmada,/images/bestiary/audited/ug/gloomper.png,quek/undergarden/client/model/GloomperModel.class; quek/undergarden/client/render/entity/GloomperRenderer.class; assets/undergarden/textures/entity/gloomper.png; assets/undergarden/textures/entity/gloomper_eyes.png; quek/undergarden/client/render/layer/BasicEyesLayer.class; output-ug/proveniencia.json,evidence-ug/The_Undergarden-1.21.1-0.9.6.jar::data/undergarden/loot_table/entities/gloomper.json; evidence-ug/decompiled-full/quek/undergarden/entity/animal/Gloomper.java; evidence-ug/decompiled-full/quek/undergarden/registry/UGItems.java; evidence-ug/decompiled-full/quek/undergarden/registry/UGFoods.java,/bestiary/receitas/ug.html#receita-book | [Receita book](lote-5-mods-2026-10-06/ug-cards-2026-10-06.md#receita-book) — evidence/minecraft-1.21.1-client.jar::data/minecraft/recipe/book.json; [Receita item_frame](lote-5-mods-2026-10-06/ug-cards-2026-10-06.md#receita-item-frame) — evidence/minecraft-1.21.1-client.jar::data/minecraft/recipe/item_frame.json; [Receita leather_boots](lote-5-mods-2026-10-06/ug-cards-2026-10-06.md#receita-leather-boots) — evidence/minecraft-1.21.1-client.jar::data/minecraft/recipe/leather_boots.json; [Receita leather_chestplate](lote-5-mods-2026-10-06/ug-cards-2026-10-06.md#receita-leather-chestplate) — evidence/minecraft-1.21.1-client.jar::data/minecraft/recipe/leather_chestplate.json; [Receita leather_helmet](lote-5-mods-2026-10-06/ug-cards-2026-10-06.md#receita-leather-helmet) — evidence/minecraft-1.21.1-client.jar::data/minecraft/recipe/leather_helmet.json; [Receita leather_horse_armor](lote-5-mods-2026-10-06/ug-cards-2026-10-06.md#receita-leather-horse-armor) — evidence/minecraft-1.21.1-client.jar::data/minecraft/recipe/leather_horse_armor.json; [Receita leather_leggings](lote-5-mods-2026-10-06/ug-cards-2026-10-06.md#receita-leather-leggings) — evidence/minecraft-1.21.1-client.jar::data/minecraft/recipe/leather_leggings.json
Gloomper,The Undergarden,Animal; comportamento/interações específicos na classe,"Bioma dense_forest, categoria creature, peso 100, grupo 4–4; evidence-ug/The_Undergarden-1.21.1-0.9.6.jar::data/undergarden/worldgen/biome/dense_forest.json; Bioma forgotten_field, categoria creature, peso 100, grupo 4–4; evidence-ug/The_Undergarden-1.21.1-0.9.6.jar::data/undergarden/worldgen/biome/forgotten_field.json; Bioma gronglegrowth, categoria creature, peso 100, grupo 4–4; evidence-ug/The_Undergarden-1.21.1-0.9.6.jar::data/undergarden/worldgen/biome/gronglegrowth.json; Bioma indigo_mushroom_bog, categoria creature, peso 100, grupo 8–8; evidence-ug/The_Undergarden-1.21.1-0.9.6.jar::data/undergarden/worldgen/biome/indigo_mushroom_bog.json; Bioma smogstem_forest, categoria creature, peso 100, grupo 4–4; evidence-ug/The_Undergarden-1.21.1-0.9.6.jar::data/undergarden/worldgen/biome/smogstem_forest.json; Bioma veil_mushroom_bog, categoria creature, peso 100, grupo 8–8; evidence-ug/The_Undergarden-1.21.1-0.9.6.jar::data/undergarden/worldgen/biome/veil_mushroom_bog.json; Bioma wigglewood_forest, categoria creature, peso 100, grupo 4–4; evidence-ug/The_Undergarden-1.21.1-0.9.6.jar::data/undergarden/worldgen/biome/wigglewood_forest.json; ",Loot de morte,undergarden:raw_gloomper_leg,1–2,"Build 0.9.6; ; pool 2: 1 sorteio(s), peso bruto 1/1; peso condicionado aos candidatos elegíveis; reposição em múltiplos sorteios; set_count ; aplica receita de fundição ao item; função somente se (this satisfaz {""flags"": {""is_on_fire"": true}}) OU (direct_attacker satisfaz {""equipment"": {""mainhand"": {""predicates"": {""minecraft:enchantments"": [{""enchantments"": ""#minecraft:smelts_loot""}]}}}}); Saque minecraft:looting: bônus Math.round(nível × sorteio 0–1); limite sem limite explícito",Ingrediente nas receitas versionadas para: undergarden:gloomper_leg,Alta no recurso/código da build auditada; configuração efetiva do pack não confirmada,/images/bestiary/audited/ug/gloomper.png,quek/undergarden/client/model/GloomperModel.class; quek/undergarden/client/render/entity/GloomperRenderer.class; assets/undergarden/textures/entity/gloomper.png; assets/undergarden/textures/entity/gloomper_eyes.png; quek/undergarden/client/render/layer/BasicEyesLayer.class; output-ug/proveniencia.json,evidence-ug/The_Undergarden-1.21.1-0.9.6.jar::data/undergarden/loot_table/entities/gloomper.json; evidence-ug/decompiled-full/quek/undergarden/entity/animal/Gloomper.java; evidence-ug/decompiled-full/quek/undergarden/registry/UGItems.java; evidence-ug/decompiled-full/quek/undergarden/registry/UGFoods.java,/bestiary/receitas/ug.html#receita-smelt-gloomper-leg | [Receita smelt_gloomper_leg](lote-5-mods-2026-10-06/ug-cards-2026-10-06.md#receita-smelt-gloomper-leg) — evidence-ug/The_Undergarden-1.21.1-0.9.6.jar::data/undergarden/recipe/smelt_gloomper_leg.json; [Receita smoke_gloomper_leg](lote-5-mods-2026-10-06/ug-cards-2026-10-06.md#receita-smoke-gloomper-leg) — evidence-ug/The_Undergarden-1.21.1-0.9.6.jar::data/undergarden/recipe/smoke_gloomper_leg.json; [Receita campfire_gloomper_leg](lote-5-mods-2026-10-06/ug-cards-2026-10-06.md#receita-campfire-gloomper-leg) — evidence-ug/The_Undergarden-1.21.1-0.9.6.jar::data/undergarden/recipe/campfire_gloomper_leg.json
Gloomper,The Undergarden,Animal; comportamento/interações específicos na classe,"Bioma dense_forest, categoria creature, peso 100, grupo 4–4; evidence-ug/The_Undergarden-1.21.1-0.9.6.jar::data/undergarden/worldgen/biome/dense_forest.json; Bioma forgotten_field, categoria creature, peso 100, grupo 4–4; evidence-ug/The_Undergarden-1.21.1-0.9.6.jar::data/undergarden/worldgen/biome/forgotten_field.json; Bioma gronglegrowth, categoria creature, peso 100, grupo 4–4; evidence-ug/The_Undergarden-1.21.1-0.9.6.jar::data/undergarden/worldgen/biome/gronglegrowth.json; Bioma indigo_mushroom_bog, categoria creature, peso 100, grupo 8–8; evidence-ug/The_Undergarden-1.21.1-0.9.6.jar::data/undergarden/worldgen/biome/indigo_mushroom_bog.json; Bioma smogstem_forest, categoria creature, peso 100, grupo 4–4; evidence-ug/The_Undergarden-1.21.1-0.9.6.jar::data/undergarden/worldgen/biome/smogstem_forest.json; Bioma veil_mushroom_bog, categoria creature, peso 100, grupo 8–8; evidence-ug/The_Undergarden-1.21.1-0.9.6.jar::data/undergarden/worldgen/biome/veil_mushroom_bog.json; Bioma wigglewood_forest, categoria creature, peso 100, grupo 4–4; evidence-ug/The_Undergarden-1.21.1-0.9.6.jar::data/undergarden/worldgen/biome/wigglewood_forest.json; ",Interação com disco,undergarden:music_disc_gloomper_secret,1,Gloomper vivo + Gloomper Anthem na mão; consome 1 fora do criativo; spawnAtLocation seguido de kill(); não é produção repetível no mesmo animal,"Disco de jukebox obtido pela interação Gloomper Anthem, além da rota documentada separadamente.",Alta no recurso/código da build auditada; configuração efetiva do pack não confirmada,/images/bestiary/audited/ug/gloomper.png,quek/undergarden/client/model/GloomperModel.class; quek/undergarden/client/render/entity/GloomperRenderer.class; assets/undergarden/textures/entity/gloomper.png; assets/undergarden/textures/entity/gloomper_eyes.png; quek/undergarden/client/render/layer/BasicEyesLayer.class; output-ug/proveniencia.json,evidence-ug/decompiled-full/quek/undergarden/entity/animal/Gloomper.java:mobInteract; evidence-ug/decompiled-full/quek/undergarden/entity/animal/Gloomper.java; evidence-ug/decompiled-full/quek/undergarden/registry/UGItems.java; evidence-ug/decompiled-full/quek/undergarden/registry/UGFoods.java,"Não aplicável: uso direto, interação ou sem receita identificada; fontes na linha"
Nargoyle,The Undergarden,Criatura hostil; alvos/ataques próprios na classe,"Bioma ancient_sea, categoria monster, peso 50, grupo 1–1; evidence-ug/The_Undergarden-1.21.1-0.9.6.jar::data/undergarden/worldgen/biome/ancient_sea.json; Bioma barren_abyss, categoria monster, peso 50, grupo 1–1; evidence-ug/The_Undergarden-1.21.1-0.9.6.jar::data/undergarden/worldgen/biome/barren_abyss.json; Bioma blood_mushroom_bog, categoria monster, peso 50, grupo 1–1; evidence-ug/The_Undergarden-1.21.1-0.9.6.jar::data/undergarden/worldgen/biome/blood_mushroom_bog.json; Bioma dead_sea, categoria monster, peso 50, grupo 1–1; evidence-ug/The_Undergarden-1.21.1-0.9.6.jar::data/undergarden/worldgen/biome/dead_sea.json; Bioma dense_forest, categoria monster, peso 50, grupo 1–1; evidence-ug/The_Undergarden-1.21.1-0.9.6.jar::data/undergarden/worldgen/biome/dense_forest.json; Bioma forgotten_field, categoria monster, peso 50, grupo 1–1; evidence-ug/The_Undergarden-1.21.1-0.9.6.jar::data/undergarden/worldgen/biome/forgotten_field.json; Bioma frostfields, categoria monster, peso 50, grupo 1–1; evidence-ug/The_Undergarden-1.21.1-0.9.6.jar::data/undergarden/worldgen/biome/frostfields.json; Bioma frosty_smogstem_forest, categoria monster, peso 50, grupo 1–1; evidence-ug/The_Undergarden-1.21.1-0.9.6.jar::data/undergarden/worldgen/biome/frosty_smogstem_forest.json; Bioma gronglegrowth, categoria monster, peso 50, grupo 1–1; evidence-ug/The_Undergarden-1.21.1-0.9.6.jar::data/undergarden/worldgen/biome/gronglegrowth.json; Bioma icy_sea, categoria monster, peso 50, grupo 1–1; evidence-ug/The_Undergarden-1.21.1-0.9.6.jar::data/undergarden/worldgen/biome/icy_sea.json; Bioma indigo_mushroom_bog, categoria monster, peso 50, grupo 1–1; evidence-ug/The_Undergarden-1.21.1-0.9.6.jar::data/undergarden/worldgen/biome/indigo_mushroom_bog.json; Bioma ink_mushroom_bog, categoria monster, peso 50, grupo 1–1; evidence-ug/The_Undergarden-1.21.1-0.9.6.jar::data/undergarden/worldgen/biome/ink_mushroom_bog.json; Bioma smogstem_forest, categoria monster, peso 50, grupo 1–1; evidence-ug/The_Undergarden-1.21.1-0.9.6.jar::data/undergarden/worldgen/biome/smogstem_forest.json; Bioma smog_spires, categoria monster, peso 50, grupo 1–1; evidence-ug/The_Undergarden-1.21.1-0.9.6.jar::data/undergarden/worldgen/biome/smog_spires.json; Bioma veil_mushroom_bog, categoria monster, peso 50, grupo 1–1; evidence-ug/The_Undergarden-1.21.1-0.9.6.jar::data/undergarden/worldgen/biome/veil_mushroom_bog.json; Bioma wigglewood_forest, categoria monster, peso 50, grupo 1–1; evidence-ug/The_Undergarden-1.21.1-0.9.6.jar::data/undergarden/worldgen/biome/wigglewood_forest.json; ",Tabela de morte vazia,Sem itens no JSON,0,Build 0.9.6; ; pools=[]; outras rotas separadas,Não aplicável,Alta no recurso/código da build auditada; configuração efetiva do pack não confirmada,/images/bestiary/audited/ug/nargoyle.png,quek/undergarden/client/model/NargoyleModel.class; quek/undergarden/client/render/entity/NargoyleRenderer.class; assets/undergarden/textures/entity/nargoyle.png; output-ug/proveniencia.json,evidence-ug/The_Undergarden-1.21.1-0.9.6.jar::data/undergarden/loot_table/entities/nargoyle.json; evidence-ug/decompiled-full/quek/undergarden/entity/monster/cavern/Nargoyle.java; evidence-ug/decompiled-full/quek/undergarden/registry/UGItems.java; evidence-ug/decompiled-full/quek/undergarden/registry/UGFoods.java,"Não aplicável: uso direto, interação ou sem receita identificada; fontes na linha"
Muncher,The Undergarden,Criatura hostil; alvos/ataques próprios na classe,"Bioma ancient_sea, categoria monster, peso 50, grupo 1–1; evidence-ug/The_Undergarden-1.21.1-0.9.6.jar::data/undergarden/worldgen/biome/ancient_sea.json; Bioma barren_abyss, categoria monster, peso 50, grupo 1–1; evidence-ug/The_Undergarden-1.21.1-0.9.6.jar::data/undergarden/worldgen/biome/barren_abyss.json; Bioma blood_mushroom_bog, categoria monster, peso 50, grupo 1–1; evidence-ug/The_Undergarden-1.21.1-0.9.6.jar::data/undergarden/worldgen/biome/blood_mushroom_bog.json; Bioma dead_sea, categoria monster, peso 50, grupo 1–1; evidence-ug/The_Undergarden-1.21.1-0.9.6.jar::data/undergarden/worldgen/biome/dead_sea.json; Bioma dense_forest, categoria monster, peso 50, grupo 1–1; evidence-ug/The_Undergarden-1.21.1-0.9.6.jar::data/undergarden/worldgen/biome/dense_forest.json; Bioma forgotten_field, categoria monster, peso 50, grupo 1–1; evidence-ug/The_Undergarden-1.21.1-0.9.6.jar::data/undergarden/worldgen/biome/forgotten_field.json; Bioma frostfields, categoria monster, peso 50, grupo 1–1; evidence-ug/The_Undergarden-1.21.1-0.9.6.jar::data/undergarden/worldgen/biome/frostfields.json; Bioma frosty_smogstem_forest, categoria monster, peso 50, grupo 1–1; evidence-ug/The_Undergarden-1.21.1-0.9.6.jar::data/undergarden/worldgen/biome/frosty_smogstem_forest.json; Bioma gronglegrowth, categoria monster, peso 50, grupo 1–1; evidence-ug/The_Undergarden-1.21.1-0.9.6.jar::data/undergarden/worldgen/biome/gronglegrowth.json; Bioma icy_sea, categoria monster, peso 50, grupo 1–1; evidence-ug/The_Undergarden-1.21.1-0.9.6.jar::data/undergarden/worldgen/biome/icy_sea.json; Bioma indigo_mushroom_bog, categoria monster, peso 50, grupo 1–1; evidence-ug/The_Undergarden-1.21.1-0.9.6.jar::data/undergarden/worldgen/biome/indigo_mushroom_bog.json; Bioma ink_mushroom_bog, categoria monster, peso 50, grupo 1–1; evidence-ug/The_Undergarden-1.21.1-0.9.6.jar::data/undergarden/worldgen/biome/ink_mushroom_bog.json; Bioma smogstem_forest, categoria monster, peso 50, grupo 1–1; evidence-ug/The_Undergarden-1.21.1-0.9.6.jar::data/undergarden/worldgen/biome/smogstem_forest.json; Bioma smog_spires, categoria monster, peso 50, grupo 1–1; evidence-ug/The_Undergarden-1.21.1-0.9.6.jar::data/undergarden/worldgen/biome/smog_spires.json; Bioma veil_mushroom_bog, categoria monster, peso 50, grupo 1–1; evidence-ug/The_Undergarden-1.21.1-0.9.6.jar::data/undergarden/worldgen/biome/veil_mushroom_bog.json; Bioma wigglewood_forest, categoria monster, peso 50, grupo 1–1; evidence-ug/The_Undergarden-1.21.1-0.9.6.jar::data/undergarden/worldgen/biome/wigglewood_forest.json; ",Loot de morte,undergarden:cloggrum_nugget,1–3,"Build 0.9.6; ; pool 1: 0–3 sorteio(s), peso bruto 1/1; peso condicionado aos candidatos elegíveis; reposição em múltiplos sorteios; set_count ","Ingrediente nas receitas versionadas para: undergarden:cloggrum_ingot, undergarden:cloggrum_lantern",Alta no recurso/código da build auditada; configuração efetiva do pack não confirmada,/images/bestiary/audited/ug/muncher.png,quek/undergarden/client/model/MuncherModel.class; quek/undergarden/client/render/entity/MuncherRenderer.class; assets/undergarden/textures/entity/muncher.png; assets/undergarden/textures/entity/muncher_eyes.png; quek/undergarden/client/render/layer/BasicEyesLayer.class; output-ug/proveniencia.json,evidence-ug/The_Undergarden-1.21.1-0.9.6.jar::data/undergarden/loot_table/entities/muncher.json; evidence-ug/decompiled-full/quek/undergarden/entity/monster/cavern/Muncher.java; evidence-ug/decompiled-full/quek/undergarden/registry/UGItems.java; evidence-ug/decompiled-full/quek/undergarden/registry/UGFoods.java,/bestiary/receitas/ug.html#receita-cloggrum-lantern | [Receita cloggrum_lantern](lote-5-mods-2026-10-06/ug-cards-2026-10-06.md#receita-cloggrum-lantern) — evidence-ug/The_Undergarden-1.21.1-0.9.6.jar::data/undergarden/recipe/cloggrum_lantern.json; [Receita cloggrum_nugget_to_ingot](lote-5-mods-2026-10-06/ug-cards-2026-10-06.md#receita-cloggrum-nugget-to-ingot) — evidence-ug/The_Undergarden-1.21.1-0.9.6.jar::data/undergarden/recipe/cloggrum_nugget_to_ingot.json
Muncher,The Undergarden,Criatura hostil; alvos/ataques próprios na classe,"Bioma ancient_sea, categoria monster, peso 50, grupo 1–1; evidence-ug/The_Undergarden-1.21.1-0.9.6.jar::data/undergarden/worldgen/biome/ancient_sea.json; Bioma barren_abyss, categoria monster, peso 50, grupo 1–1; evidence-ug/The_Undergarden-1.21.1-0.9.6.jar::data/undergarden/worldgen/biome/barren_abyss.json; Bioma blood_mushroom_bog, categoria monster, peso 50, grupo 1–1; evidence-ug/The_Undergarden-1.21.1-0.9.6.jar::data/undergarden/worldgen/biome/blood_mushroom_bog.json; Bioma dead_sea, categoria monster, peso 50, grupo 1–1; evidence-ug/The_Undergarden-1.21.1-0.9.6.jar::data/undergarden/worldgen/biome/dead_sea.json; Bioma dense_forest, categoria monster, peso 50, grupo 1–1; evidence-ug/The_Undergarden-1.21.1-0.9.6.jar::data/undergarden/worldgen/biome/dense_forest.json; Bioma forgotten_field, categoria monster, peso 50, grupo 1–1; evidence-ug/The_Undergarden-1.21.1-0.9.6.jar::data/undergarden/worldgen/biome/forgotten_field.json; Bioma frostfields, categoria monster, peso 50, grupo 1–1; evidence-ug/The_Undergarden-1.21.1-0.9.6.jar::data/undergarden/worldgen/biome/frostfields.json; Bioma frosty_smogstem_forest, categoria monster, peso 50, grupo 1–1; evidence-ug/The_Undergarden-1.21.1-0.9.6.jar::data/undergarden/worldgen/biome/frosty_smogstem_forest.json; Bioma gronglegrowth, categoria monster, peso 50, grupo 1–1; evidence-ug/The_Undergarden-1.21.1-0.9.6.jar::data/undergarden/worldgen/biome/gronglegrowth.json; Bioma icy_sea, categoria monster, peso 50, grupo 1–1; evidence-ug/The_Undergarden-1.21.1-0.9.6.jar::data/undergarden/worldgen/biome/icy_sea.json; Bioma indigo_mushroom_bog, categoria monster, peso 50, grupo 1–1; evidence-ug/The_Undergarden-1.21.1-0.9.6.jar::data/undergarden/worldgen/biome/indigo_mushroom_bog.json; Bioma ink_mushroom_bog, categoria monster, peso 50, grupo 1–1; evidence-ug/The_Undergarden-1.21.1-0.9.6.jar::data/undergarden/worldgen/biome/ink_mushroom_bog.json; Bioma smogstem_forest, categoria monster, peso 50, grupo 1–1; evidence-ug/The_Undergarden-1.21.1-0.9.6.jar::data/undergarden/worldgen/biome/smogstem_forest.json; Bioma smog_spires, categoria monster, peso 50, grupo 1–1; evidence-ug/The_Undergarden-1.21.1-0.9.6.jar::data/undergarden/worldgen/biome/smog_spires.json; Bioma veil_mushroom_bog, categoria monster, peso 50, grupo 1–1; evidence-ug/The_Undergarden-1.21.1-0.9.6.jar::data/undergarden/worldgen/biome/veil_mushroom_bog.json; Bioma wigglewood_forest, categoria monster, peso 50, grupo 1–1; evidence-ug/The_Undergarden-1.21.1-0.9.6.jar::data/undergarden/worldgen/biome/wigglewood_forest.json; ",Loot de morte,undergarden:froststeel_nugget,1–3,"Build 0.9.6; ; pool 2: 0–1 sorteio(s), peso bruto 1/1; peso condicionado aos candidatos elegíveis; reposição em múltiplos sorteios; set_count ",Ingrediente nas receitas versionadas para: undergarden:froststeel_ingot,Alta no recurso/código da build auditada; configuração efetiva do pack não confirmada,/images/bestiary/audited/ug/muncher.png,quek/undergarden/client/model/MuncherModel.class; quek/undergarden/client/render/entity/MuncherRenderer.class; assets/undergarden/textures/entity/muncher.png; assets/undergarden/textures/entity/muncher_eyes.png; quek/undergarden/client/render/layer/BasicEyesLayer.class; output-ug/proveniencia.json,evidence-ug/The_Undergarden-1.21.1-0.9.6.jar::data/undergarden/loot_table/entities/muncher.json; evidence-ug/decompiled-full/quek/undergarden/entity/monster/cavern/Muncher.java; evidence-ug/decompiled-full/quek/undergarden/registry/UGItems.java; evidence-ug/decompiled-full/quek/undergarden/registry/UGFoods.java,/bestiary/receitas/ug.html#receita-froststeel-nugget-to-ingot | [Receita froststeel_nugget_to_ingot](lote-5-mods-2026-10-06/ug-cards-2026-10-06.md#receita-froststeel-nugget-to-ingot) — evidence-ug/The_Undergarden-1.21.1-0.9.6.jar::data/undergarden/recipe/froststeel_nugget_to_ingot.json
Sploogie,The Undergarden,Criatura hostil; alvos/ataques próprios na classe,"Bioma ancient_sea, categoria monster, peso 50, grupo 1–1; evidence-ug/The_Undergarden-1.21.1-0.9.6.jar::data/undergarden/worldgen/biome/ancient_sea.json; Bioma barren_abyss, categoria monster, peso 50, grupo 1–1; evidence-ug/The_Undergarden-1.21.1-0.9.6.jar::data/undergarden/worldgen/biome/barren_abyss.json; Bioma blood_mushroom_bog, categoria monster, peso 50, grupo 1–1; evidence-ug/The_Undergarden-1.21.1-0.9.6.jar::data/undergarden/worldgen/biome/blood_mushroom_bog.json; Bioma dead_sea, categoria monster, peso 50, grupo 1–1; evidence-ug/The_Undergarden-1.21.1-0.9.6.jar::data/undergarden/worldgen/biome/dead_sea.json; Bioma dense_forest, categoria monster, peso 50, grupo 1–1; evidence-ug/The_Undergarden-1.21.1-0.9.6.jar::data/undergarden/worldgen/biome/dense_forest.json; Bioma forgotten_field, categoria monster, peso 50, grupo 1–1; evidence-ug/The_Undergarden-1.21.1-0.9.6.jar::data/undergarden/worldgen/biome/forgotten_field.json; Bioma frostfields, categoria monster, peso 50, grupo 1–1; evidence-ug/The_Undergarden-1.21.1-0.9.6.jar::data/undergarden/worldgen/biome/frostfields.json; Bioma frosty_smogstem_forest, categoria monster, peso 50, grupo 1–1; evidence-ug/The_Undergarden-1.21.1-0.9.6.jar::data/undergarden/worldgen/biome/frosty_smogstem_forest.json; Bioma gronglegrowth, categoria monster, peso 50, grupo 1–1; evidence-ug/The_Undergarden-1.21.1-0.9.6.jar::data/undergarden/worldgen/biome/gronglegrowth.json; Bioma icy_sea, categoria monster, peso 50, grupo 1–1; evidence-ug/The_Undergarden-1.21.1-0.9.6.jar::data/undergarden/worldgen/biome/icy_sea.json; Bioma indigo_mushroom_bog, categoria monster, peso 50, grupo 1–1; evidence-ug/The_Undergarden-1.21.1-0.9.6.jar::data/undergarden/worldgen/biome/indigo_mushroom_bog.json; Bioma ink_mushroom_bog, categoria monster, peso 50, grupo 1–1; evidence-ug/The_Undergarden-1.21.1-0.9.6.jar::data/undergarden/worldgen/biome/ink_mushroom_bog.json; Bioma smogstem_forest, categoria monster, peso 50, grupo 1–1; evidence-ug/The_Undergarden-1.21.1-0.9.6.jar::data/undergarden/worldgen/biome/smogstem_forest.json; Bioma smog_spires, categoria monster, peso 50, grupo 1–1; evidence-ug/The_Undergarden-1.21.1-0.9.6.jar::data/undergarden/worldgen/biome/smog_spires.json; Bioma veil_mushroom_bog, categoria monster, peso 50, grupo 1–1; evidence-ug/The_Undergarden-1.21.1-0.9.6.jar::data/undergarden/worldgen/biome/veil_mushroom_bog.json; Bioma wigglewood_forest, categoria monster, peso 50, grupo 1–1; evidence-ug/The_Undergarden-1.21.1-0.9.6.jar::data/undergarden/worldgen/biome/wigglewood_forest.json; ",Loot de morte,undergarden:depthrock_pebble,3–6,"Build 0.9.6; ; pool 1: 1 sorteio(s), peso bruto 1/1; peso condicionado aos candidatos elegíveis; reposição em múltiplos sorteios; set_count ; Saque minecraft:looting: bônus Math.round(nível × sorteio 1–2); limite sem limite explícito",Munição de Slingshot e item colocável como Depthrock Pebbles; classe DepthrockPebbleItem e projétil DepthrockPebble.,Alta no recurso/código da build auditada; configuração efetiva do pack não confirmada,/images/bestiary/audited/ug/sploogie.png,quek/undergarden/client/model/SploogieModel.class; quek/undergarden/client/render/entity/SploogieRenderer.class; assets/undergarden/textures/entity/sploogie.png; output-ug/proveniencia.json,evidence-ug/The_Undergarden-1.21.1-0.9.6.jar::data/undergarden/loot_table/entities/sploogie.json; evidence-ug/decompiled-full/quek/undergarden/entity/monster/cavern/Sploogie.java; evidence-ug/decompiled-full/quek/undergarden/registry/UGItems.java; evidence-ug/decompiled-full/quek/undergarden/registry/UGFoods.java,/bestiary/receitas/ug.html#receita-pebbles-to-depthrock | [Receita pebbles_to_depthrock](lote-5-mods-2026-10-06/ug-cards-2026-10-06.md#receita-pebbles-to-depthrock) — evidence-ug/The_Undergarden-1.21.1-0.9.6.jar::data/undergarden/recipe/pebbles_to_depthrock.json; [Receita coarse_deepsoil](lote-5-mods-2026-10-06/ug-cards-2026-10-06.md#receita-coarse-deepsoil) — evidence-ug/The_Undergarden-1.21.1-0.9.6.jar::data/undergarden/recipe/coarse_deepsoil.json
Gwib,The Undergarden,Predador aquático hostil; alvo Player e ataque melee,"Bioma ancient_sea, categoria water_creature, peso 10, grupo 1–1; evidence-ug/The_Undergarden-1.21.1-0.9.6.jar::data/undergarden/worldgen/biome/ancient_sea.json; Bioma icy_sea, categoria water_creature, peso 10, grupo 1–1; evidence-ug/The_Undergarden-1.21.1-0.9.6.jar::data/undergarden/worldgen/biome/icy_sea.json; ",Tabela de morte vazia,Sem itens no JSON,0,Build 0.9.6; ; pools=[]; outras rotas separadas,Não aplicável,Alta no recurso/código da build auditada; configuração efetiva do pack não confirmada,/images/bestiary/audited/ug/gwib.png,quek/undergarden/client/model/GwibModel.class; quek/undergarden/client/render/entity/GwibRenderer.class; assets/undergarden/textures/entity/gwib.png; assets/undergarden/textures/entity/gwib_eyes.png; quek/undergarden/client/render/layer/BasicEyesLayer.class; output-ug/proveniencia.json,evidence-ug/The_Undergarden-1.21.1-0.9.6.jar::data/undergarden/loot_table/entities/gwib.json; evidence-ug/decompiled-full/quek/undergarden/entity/animal/Gwib.java; evidence-ug/decompiled-full/quek/undergarden/registry/UGItems.java; evidence-ug/decompiled-full/quek/undergarden/registry/UGFoods.java,"Não aplicável: uso direto, interação ou sem receita identificada; fontes na linha"
Mog,The Undergarden,Animal; comportamento/interações específicos na classe,"Bioma dense_forest, categoria creature, peso 100, grupo 4–4; evidence-ug/The_Undergarden-1.21.1-0.9.6.jar::data/undergarden/worldgen/biome/dense_forest.json; Bioma forgotten_field, categoria creature, peso 100, grupo 4–4; evidence-ug/The_Undergarden-1.21.1-0.9.6.jar::data/undergarden/worldgen/biome/forgotten_field.json; Bioma gronglegrowth, categoria creature, peso 100, grupo 4–4; evidence-ug/The_Undergarden-1.21.1-0.9.6.jar::data/undergarden/worldgen/biome/gronglegrowth.json; Bioma smogstem_forest, categoria creature, peso 100, grupo 4–4; evidence-ug/The_Undergarden-1.21.1-0.9.6.jar::data/undergarden/worldgen/biome/smogstem_forest.json; Bioma wigglewood_forest, categoria creature, peso 100, grupo 4–4; evidence-ug/The_Undergarden-1.21.1-0.9.6.jar::data/undergarden/worldgen/biome/wigglewood_forest.json; ",Loot de morte,undergarden:depthrock_pebble,3–6,"Build 0.9.6; ; pool 1: 1 sorteio(s), peso bruto 1/1; peso condicionado aos candidatos elegíveis; reposição em múltiplos sorteios; set_count ; Saque minecraft:looting: bônus Math.round(nível × sorteio 1–2); limite sem limite explícito",Munição de Slingshot e item colocável como Depthrock Pebbles; classe DepthrockPebbleItem e projétil DepthrockPebble.,Alta no recurso/código da build auditada; configuração efetiva do pack não confirmada,/images/bestiary/audited/ug/mog.png,quek/undergarden/client/model/MogModel.class; quek/undergarden/client/render/entity/MogRenderer.class; assets/undergarden/textures/entity/mog.png; assets/undergarden/textures/entity/mog_eyes.png; quek/undergarden/client/render/layer/BasicEyesLayer.class; output-ug/proveniencia.json,evidence-ug/The_Undergarden-1.21.1-0.9.6.jar::data/undergarden/loot_table/entities/mog.json; evidence-ug/decompiled-full/quek/undergarden/entity/animal/Mog.java; evidence-ug/decompiled-full/quek/undergarden/registry/UGItems.java; evidence-ug/decompiled-full/quek/undergarden/registry/UGFoods.java,/bestiary/receitas/ug.html#receita-pebbles-to-depthrock | [Receita pebbles_to_depthrock](lote-5-mods-2026-10-06/ug-cards-2026-10-06.md#receita-pebbles-to-depthrock) — evidence-ug/The_Undergarden-1.21.1-0.9.6.jar::data/undergarden/recipe/pebbles_to_depthrock.json; [Receita coarse_deepsoil](lote-5-mods-2026-10-06/ug-cards-2026-10-06.md#receita-coarse-deepsoil) — evidence-ug/The_Undergarden-1.21.1-0.9.6.jar::data/undergarden/recipe/coarse_deepsoil.json
Mog,The Undergarden,Animal; comportamento/interações específicos na classe,"Bioma dense_forest, categoria creature, peso 100, grupo 4–4; evidence-ug/The_Undergarden-1.21.1-0.9.6.jar::data/undergarden/worldgen/biome/dense_forest.json; Bioma forgotten_field, categoria creature, peso 100, grupo 4–4; evidence-ug/The_Undergarden-1.21.1-0.9.6.jar::data/undergarden/worldgen/biome/forgotten_field.json; Bioma gronglegrowth, categoria creature, peso 100, grupo 4–4; evidence-ug/The_Undergarden-1.21.1-0.9.6.jar::data/undergarden/worldgen/biome/gronglegrowth.json; Bioma smogstem_forest, categoria creature, peso 100, grupo 4–4; evidence-ug/The_Undergarden-1.21.1-0.9.6.jar::data/undergarden/worldgen/biome/smogstem_forest.json; Bioma wigglewood_forest, categoria creature, peso 100, grupo 4–4; evidence-ug/The_Undergarden-1.21.1-0.9.6.jar::data/undergarden/worldgen/biome/wigglewood_forest.json; ",Loot de morte,undergarden:mogmoss,0–1,"Build 0.9.6; ; pool 2: 1 sorteio(s), peso bruto 1/1; peso condicionado aos candidatos elegíveis; reposição em múltiplos sorteios; set_count ","Ingrediente nas receitas versionadas para: undergarden:depthrock_bed, undergarden:mogmoss_rug, undergarden:slop_bowl",Alta no recurso/código da build auditada; configuração efetiva do pack não confirmada,/images/bestiary/audited/ug/mog.png,quek/undergarden/client/model/MogModel.class; quek/undergarden/client/render/entity/MogRenderer.class; assets/undergarden/textures/entity/mog.png; assets/undergarden/textures/entity/mog_eyes.png; quek/undergarden/client/render/layer/BasicEyesLayer.class; output-ug/proveniencia.json,evidence-ug/The_Undergarden-1.21.1-0.9.6.jar::data/undergarden/loot_table/entities/mog.json; evidence-ug/decompiled-full/quek/undergarden/entity/animal/Mog.java; evidence-ug/decompiled-full/quek/undergarden/registry/UGItems.java; evidence-ug/decompiled-full/quek/undergarden/registry/UGFoods.java,/bestiary/receitas/ug.html#receita-slop-bowl | [Receita slop_bowl](lote-5-mods-2026-10-06/ug-cards-2026-10-06.md#receita-slop-bowl) — evidence-ug/The_Undergarden-1.21.1-0.9.6.jar::data/undergarden/recipe/slop_bowl.json; [Receita mogmoss_rug](lote-5-mods-2026-10-06/ug-cards-2026-10-06.md#receita-mogmoss-rug) — evidence-ug/The_Undergarden-1.21.1-0.9.6.jar::data/undergarden/recipe/mogmoss_rug.json; [Receita depthrock_bed](lote-5-mods-2026-10-06/ug-cards-2026-10-06.md#receita-depthrock-bed) — evidence-ug/The_Undergarden-1.21.1-0.9.6.jar::data/undergarden/recipe/depthrock_bed.json
Smog Mog,The Undergarden,Animal; comportamento/interações específicos na classe,"Bioma barren_abyss, categoria creature, peso 100, grupo 2–4; evidence-ug/The_Undergarden-1.21.1-0.9.6.jar::data/undergarden/worldgen/biome/barren_abyss.json; Bioma smog_spires, categoria creature, peso 100, grupo 2–4; evidence-ug/The_Undergarden-1.21.1-0.9.6.jar::data/undergarden/worldgen/biome/smog_spires.json; ",Loot de morte,undergarden:depthrock_pebble,3–6,"Build 0.9.6; ; pool 1: 1 sorteio(s), peso bruto 1/1; peso condicionado aos candidatos elegíveis; reposição em múltiplos sorteios; set_count ; Saque minecraft:looting: bônus Math.round(nível × sorteio 1–2); limite sem limite explícito",Munição de Slingshot e item colocável como Depthrock Pebbles; classe DepthrockPebbleItem e projétil DepthrockPebble.,Alta no recurso/código da build auditada; configuração efetiva do pack não confirmada,/images/bestiary/audited/ug/smog-mog.png,quek/undergarden/client/model/SmogMogModel.class; quek/undergarden/client/render/entity/SmogMogRenderer.class; assets/undergarden/textures/entity/smog_mog.png; assets/undergarden/textures/entity/smog_mog_eyes.png; quek/undergarden/client/render/layer/BasicEyesLayer.class; output-ug/proveniencia.json,evidence-ug/The_Undergarden-1.21.1-0.9.6.jar::data/undergarden/loot_table/entities/smog_mog.json; evidence-ug/decompiled-full/quek/undergarden/entity/animal/SmogMog.java; evidence-ug/decompiled-full/quek/undergarden/registry/UGItems.java; evidence-ug/decompiled-full/quek/undergarden/registry/UGFoods.java,/bestiary/receitas/ug.html#receita-pebbles-to-depthrock | [Receita pebbles_to_depthrock](lote-5-mods-2026-10-06/ug-cards-2026-10-06.md#receita-pebbles-to-depthrock) — evidence-ug/The_Undergarden-1.21.1-0.9.6.jar::data/undergarden/recipe/pebbles_to_depthrock.json; [Receita coarse_deepsoil](lote-5-mods-2026-10-06/ug-cards-2026-10-06.md#receita-coarse-deepsoil) — evidence-ug/The_Undergarden-1.21.1-0.9.6.jar::data/undergarden/recipe/coarse_deepsoil.json
Smog Mog,The Undergarden,Animal; comportamento/interações específicos na classe,"Bioma barren_abyss, categoria creature, peso 100, grupo 2–4; evidence-ug/The_Undergarden-1.21.1-0.9.6.jar::data/undergarden/worldgen/biome/barren_abyss.json; Bioma smog_spires, categoria creature, peso 100, grupo 2–4; evidence-ug/The_Undergarden-1.21.1-0.9.6.jar::data/undergarden/worldgen/biome/smog_spires.json; ",Loot de morte,undergarden:blue_mogmoss,0–1,"Build 0.9.6; ; pool 2: 1 sorteio(s), peso bruto 1/1; peso condicionado aos candidatos elegíveis; reposição em múltiplos sorteios; set_count ","Ingrediente nas receitas versionadas para: undergarden:blue_mogmoss_rug, undergarden:slop_bowl",Alta no recurso/código da build auditada; configuração efetiva do pack não confirmada,/images/bestiary/audited/ug/smog-mog.png,quek/undergarden/client/model/SmogMogModel.class; quek/undergarden/client/render/entity/SmogMogRenderer.class; assets/undergarden/textures/entity/smog_mog.png; assets/undergarden/textures/entity/smog_mog_eyes.png; quek/undergarden/client/render/layer/BasicEyesLayer.class; output-ug/proveniencia.json,evidence-ug/The_Undergarden-1.21.1-0.9.6.jar::data/undergarden/loot_table/entities/smog_mog.json; evidence-ug/decompiled-full/quek/undergarden/entity/animal/SmogMog.java; evidence-ug/decompiled-full/quek/undergarden/registry/UGItems.java; evidence-ug/decompiled-full/quek/undergarden/registry/UGFoods.java,/bestiary/receitas/ug.html#receita-slop-bowl-blue-moss | [Receita slop_bowl_blue_moss](lote-5-mods-2026-10-06/ug-cards-2026-10-06.md#receita-slop-bowl-blue-moss) — evidence-ug/The_Undergarden-1.21.1-0.9.6.jar::data/undergarden/recipe/slop_bowl_blue_moss.json; [Receita blue_mogmoss_rug](lote-5-mods-2026-10-06/ug-cards-2026-10-06.md#receita-blue-mogmoss-rug) — evidence-ug/The_Undergarden-1.21.1-0.9.6.jar::data/undergarden/recipe/blue_mogmoss_rug.json
Forgotten,The Undergarden,Criatura hostil; alvos/ataques próprios na classe,Estruturas com entidade/spawner data/undergarden/structure/catacombs/chest_forgotten.nbt; Também variante equipada em Depleted Mine quando Y≤0; Forgotten.populateDefaultEquipmentSlots.,Tabela de morte vazia,Sem itens no JSON,0,Build 0.9.6; ; pools=[]; outras rotas separadas,Não aplicável,Alta no recurso/código da build auditada; configuração efetiva do pack não confirmada,/images/bestiary/audited/ug/forgotten.png,quek/undergarden/client/model/ForgottenModel.class; quek/undergarden/client/render/entity/ForgottenRenderer.class; assets/undergarden/textures/entity/forgotten.png; assets/undergarden/textures/entity/forgotten_eyes.png; quek/undergarden/client/render/layer/BasicEyesLayer.class; minecraft:HumanoidModel; output-ug/proveniencia.json,evidence-ug/The_Undergarden-1.21.1-0.9.6.jar::data/undergarden/loot_table/entities/forgotten.json; evidence-ug/decompiled-full/quek/undergarden/entity/monster/Forgotten.java; evidence-ug/decompiled-full/quek/undergarden/registry/UGItems.java; evidence-ug/decompiled-full/quek/undergarden/registry/UGFoods.java,"Não aplicável: uso direto, interação ou sem receita identificada; fontes na linha"
Forgotten,The Undergarden,Criatura hostil; alvos/ataques próprios na classe,Estruturas com entidade/spawner data/undergarden/structure/catacombs/chest_forgotten.nbt; Também variante equipada em Depleted Mine quando Y≤0; Forgotten.populateDefaultEquipmentSlots.,Equipamento na morte,undergarden:forgotten_pickaxe,0–1,"Depleted Mine, Y≤0: mão; Atribuição ao jogador/recentemente atingido; equipamento ainda no slot, não vazio nem PreventEquipmentDrop/Vanishing. Chance padrão por slot8.5%, +1p.p./nível de Saque pelo enchantment/equipment_drops vanilla1.21.1; danifica equipamento antes de entregar. Chance0 é descartada antes do bônus. Condições/snapshot NBT podem alterar estado.",Ferramenta de mineração,Alta no recurso/código da build auditada; configuração efetiva do pack não confirmada,/images/bestiary/audited/ug/forgotten.png,quek/undergarden/client/model/ForgottenModel.class; quek/undergarden/client/render/entity/ForgottenRenderer.class; assets/undergarden/textures/entity/forgotten.png; assets/undergarden/textures/entity/forgotten_eyes.png; quek/undergarden/client/render/layer/BasicEyesLayer.class; minecraft:HumanoidModel; output-ug/proveniencia.json,evidence-ug/decompiled-full/quek/undergarden/entity/monster/Forgotten.java:populateDefaultEquipmentSlots; evidence-ug/decompiled-full/quek/undergarden/registry/UGItems.java; evidence-vanilla-lote8/btp.java (Mob.dropCustomDeathLoot); evidence/minecraft-1.21.1-client.jar::data/minecraft/enchantment/looting.json; evidence-ug/decompiled-full/quek/undergarden/entity/monster/Forgotten.java,"Não aplicável: uso direto, interação ou sem receita identificada; fontes na linha"
Forgotten,The Undergarden,Criatura hostil; alvos/ataques próprios na classe,Estruturas com entidade/spawner data/undergarden/structure/catacombs/chest_forgotten.nbt; Também variante equipada em Depleted Mine quando Y≤0; Forgotten.populateDefaultEquipmentSlots.,Equipamento na morte,undergarden:cloggrum_chestplate,0–1,"Depleted Mine, Y≤0: peito; Atribuição ao jogador/recentemente atingido; equipamento ainda no slot, não vazio nem PreventEquipmentDrop/Vanishing. Chance padrão por slot8.5%, +1p.p./nível de Saque pelo enchantment/equipment_drops vanilla1.21.1; danifica equipamento antes de entregar. Chance0 é descartada antes do bônus. Condições/snapshot NBT podem alterar estado.",Peça de armadura equipável no slot correspondente,Alta no recurso/código da build auditada; configuração efetiva do pack não confirmada,/images/bestiary/audited/ug/forgotten.png,quek/undergarden/client/model/ForgottenModel.class; quek/undergarden/client/render/entity/ForgottenRenderer.class; assets/undergarden/textures/entity/forgotten.png; assets/undergarden/textures/entity/forgotten_eyes.png; quek/undergarden/client/render/layer/BasicEyesLayer.class; minecraft:HumanoidModel; output-ug/proveniencia.json,evidence-ug/decompiled-full/quek/undergarden/entity/monster/Forgotten.java:populateDefaultEquipmentSlots; evidence-ug/decompiled-full/quek/undergarden/registry/UGItems.java; evidence-vanilla-lote8/btp.java (Mob.dropCustomDeathLoot); evidence/minecraft-1.21.1-client.jar::data/minecraft/enchantment/looting.json; evidence-ug/decompiled-full/quek/undergarden/entity/monster/Forgotten.java,"Não aplicável: uso direto, interação ou sem receita identificada; fontes na linha"
Forgotten,The Undergarden,Criatura hostil; alvos/ataques próprios na classe,Estruturas com entidade/spawner data/undergarden/structure/catacombs/chest_forgotten.nbt; Também variante equipada em Depleted Mine quando Y≤0; Forgotten.populateDefaultEquipmentSlots.,Equipamento na morte,undergarden:cloggrum_battleaxe,0–1,"Fora da condição de mine: variante elite nextInt(50)==0 (2%); mão com chance1.0 (100% com atribuição elegível); Atribuição ao jogador/recentemente atingido; equipamento ainda no slot, não vazio nem PreventEquipmentDrop/Vanishing. Chance padrão por slot8.5%, +1p.p./nível de Saque pelo enchantment/equipment_drops vanilla1.21.1; danifica equipamento antes de entregar. Chance0 é descartada antes do bônus. Condições/snapshot NBT podem alterar estado.",Arma corpo a corpo,Alta no recurso/código da build auditada; configuração efetiva do pack não confirmada,/images/bestiary/audited/ug/forgotten.png,quek/undergarden/client/model/ForgottenModel.class; quek/undergarden/client/render/entity/ForgottenRenderer.class; assets/undergarden/textures/entity/forgotten.png; assets/undergarden/textures/entity/forgotten_eyes.png; quek/undergarden/client/render/layer/BasicEyesLayer.class; minecraft:HumanoidModel; output-ug/proveniencia.json,evidence-ug/decompiled-full/quek/undergarden/entity/monster/Forgotten.java:populateDefaultEquipmentSlots; evidence-ug/decompiled-full/quek/undergarden/registry/UGItems.java; evidence-vanilla-lote8/btp.java (Mob.dropCustomDeathLoot); evidence/minecraft-1.21.1-client.jar::data/minecraft/enchantment/looting.json; evidence-ug/decompiled-full/quek/undergarden/entity/monster/Forgotten.java,/bestiary/receitas/ug.html#receita-forgotten-battleaxe-smithing | [Receita forgotten_battleaxe_smithing](lote-5-mods-2026-10-06/ug-cards-2026-10-06.md#receita-forgotten-battleaxe-smithing) — evidence-ug/The_Undergarden-1.21.1-0.9.6.jar::data/undergarden/recipe/forgotten_battleaxe_smithing.json
Forgotten,The Undergarden,Criatura hostil; alvos/ataques próprios na classe,Estruturas com entidade/spawner data/undergarden/structure/catacombs/chest_forgotten.nbt; Também variante equipada em Depleted Mine quando Y≤0; Forgotten.populateDefaultEquipmentSlots.,Equipamento na morte,undergarden:ancient_helmet,0–1,"Elite2%: cabeça; fora elite/mine,50% de gerar em slot vazio; Atribuição ao jogador/recentemente atingido; equipamento ainda no slot, não vazio nem PreventEquipmentDrop/Vanishing. Chance padrão por slot8.5%, +1p.p./nível de Saque pelo enchantment/equipment_drops vanilla1.21.1; danifica equipamento antes de entregar. Chance0 é descartada antes do bônus. Condições/snapshot NBT podem alterar estado.",Peça de armadura equipável no slot correspondente,Alta no recurso/código da build auditada; configuração efetiva do pack não confirmada,/images/bestiary/audited/ug/forgotten.png,quek/undergarden/client/model/ForgottenModel.class; quek/undergarden/client/render/entity/ForgottenRenderer.class; assets/undergarden/textures/entity/forgotten.png; assets/undergarden/textures/entity/forgotten_eyes.png; quek/undergarden/client/render/layer/BasicEyesLayer.class; minecraft:HumanoidModel; output-ug/proveniencia.json,evidence-ug/decompiled-full/quek/undergarden/entity/monster/Forgotten.java:populateDefaultEquipmentSlots; evidence-ug/decompiled-full/quek/undergarden/registry/UGItems.java; evidence-vanilla-lote8/btp.java (Mob.dropCustomDeathLoot); evidence/minecraft-1.21.1-client.jar::data/minecraft/enchantment/looting.json; evidence-ug/decompiled-full/quek/undergarden/entity/monster/Forgotten.java,"Não aplicável: uso direto, interação ou sem receita identificada; fontes na linha"
Forgotten,The Undergarden,Criatura hostil; alvos/ataques próprios na classe,Estruturas com entidade/spawner data/undergarden/structure/catacombs/chest_forgotten.nbt; Também variante equipada em Depleted Mine quando Y≤0; Forgotten.populateDefaultEquipmentSlots.,Equipamento na morte,undergarden:ancient_chestplate,0–1,"Elite2%: peito; fora elite/mine,50% de gerar em slot vazio; Atribuição ao jogador/recentemente atingido; equipamento ainda no slot, não vazio nem PreventEquipmentDrop/Vanishing. Chance padrão por slot8.5%, +1p.p./nível de Saque pelo enchantment/equipment_drops vanilla1.21.1; danifica equipamento antes de entregar. Chance0 é descartada antes do bônus. Condições/snapshot NBT podem alterar estado.",Peça de armadura equipável no slot correspondente,Alta no recurso/código da build auditada; configuração efetiva do pack não confirmada,/images/bestiary/audited/ug/forgotten.png,quek/undergarden/client/model/ForgottenModel.class; quek/undergarden/client/render/entity/ForgottenRenderer.class; assets/undergarden/textures/entity/forgotten.png; assets/undergarden/textures/entity/forgotten_eyes.png; quek/undergarden/client/render/layer/BasicEyesLayer.class; minecraft:HumanoidModel; output-ug/proveniencia.json,evidence-ug/decompiled-full/quek/undergarden/entity/monster/Forgotten.java:populateDefaultEquipmentSlots; evidence-ug/decompiled-full/quek/undergarden/registry/UGItems.java; evidence-vanilla-lote8/btp.java (Mob.dropCustomDeathLoot); evidence/minecraft-1.21.1-client.jar::data/minecraft/enchantment/looting.json; evidence-ug/decompiled-full/quek/undergarden/entity/monster/Forgotten.java,"Não aplicável: uso direto, interação ou sem receita identificada; fontes na linha"
Forgotten,The Undergarden,Criatura hostil; alvos/ataques próprios na classe,Estruturas com entidade/spawner data/undergarden/structure/catacombs/chest_forgotten.nbt; Também variante equipada em Depleted Mine quando Y≤0; Forgotten.populateDefaultEquipmentSlots.,Equipamento na morte,undergarden:ancient_leggings,0–1,"Elite2%: pernas; fora elite/mine,50% de gerar em slot vazio; Atribuição ao jogador/recentemente atingido; equipamento ainda no slot, não vazio nem PreventEquipmentDrop/Vanishing. Chance padrão por slot8.5%, +1p.p./nível de Saque pelo enchantment/equipment_drops vanilla1.21.1; danifica equipamento antes de entregar. Chance0 é descartada antes do bônus. Condições/snapshot NBT podem alterar estado.",Peça de armadura equipável no slot correspondente,Alta no recurso/código da build auditada; configuração efetiva do pack não confirmada,/images/bestiary/audited/ug/forgotten.png,quek/undergarden/client/model/ForgottenModel.class; quek/undergarden/client/render/entity/ForgottenRenderer.class; assets/undergarden/textures/entity/forgotten.png; assets/undergarden/textures/entity/forgotten_eyes.png; quek/undergarden/client/render/layer/BasicEyesLayer.class; minecraft:HumanoidModel; output-ug/proveniencia.json,evidence-ug/decompiled-full/quek/undergarden/entity/monster/Forgotten.java:populateDefaultEquipmentSlots; evidence-ug/decompiled-full/quek/undergarden/registry/UGItems.java; evidence-vanilla-lote8/btp.java (Mob.dropCustomDeathLoot); evidence/minecraft-1.21.1-client.jar::data/minecraft/enchantment/looting.json; evidence-ug/decompiled-full/quek/undergarden/entity/monster/Forgotten.java,"Não aplicável: uso direto, interação ou sem receita identificada; fontes na linha"
Forgotten,The Undergarden,Criatura hostil; alvos/ataques próprios na classe,Estruturas com entidade/spawner data/undergarden/structure/catacombs/chest_forgotten.nbt; Também variante equipada em Depleted Mine quando Y≤0; Forgotten.populateDefaultEquipmentSlots.,Equipamento na morte,undergarden:cloggrum_sword,0–1,"Fora mine/elite: nextBoolean true,50% para selecionar arma; Atribuição ao jogador/recentemente atingido; equipamento ainda no slot, não vazio nem PreventEquipmentDrop/Vanishing. Chance padrão por slot8.5%, +1p.p./nível de Saque pelo enchantment/equipment_drops vanilla1.21.1; danifica equipamento antes de entregar. Chance0 é descartada antes do bônus. Condições/snapshot NBT podem alterar estado.",Arma corpo a corpo,Alta no recurso/código da build auditada; configuração efetiva do pack não confirmada,/images/bestiary/audited/ug/forgotten.png,quek/undergarden/client/model/ForgottenModel.class; quek/undergarden/client/render/entity/ForgottenRenderer.class; assets/undergarden/textures/entity/forgotten.png; assets/undergarden/textures/entity/forgotten_eyes.png; quek/undergarden/client/render/layer/BasicEyesLayer.class; minecraft:HumanoidModel; output-ug/proveniencia.json,evidence-ug/decompiled-full/quek/undergarden/entity/monster/Forgotten.java:populateDefaultEquipmentSlots; evidence-ug/decompiled-full/quek/undergarden/registry/UGItems.java; evidence-vanilla-lote8/btp.java (Mob.dropCustomDeathLoot); evidence/minecraft-1.21.1-client.jar::data/minecraft/enchantment/looting.json; evidence-ug/decompiled-full/quek/undergarden/entity/monster/Forgotten.java,/bestiary/receitas/ug.html#receita-forgotten-sword-smithing | [Receita forgotten_sword_smithing](lote-5-mods-2026-10-06/ug-cards-2026-10-06.md#receita-forgotten-sword-smithing) — evidence-ug/The_Undergarden-1.21.1-0.9.6.jar::data/undergarden/recipe/forgotten_sword_smithing.json
Forgotten,The Undergarden,Criatura hostil; alvos/ataques próprios na classe,Estruturas com entidade/spawner data/undergarden/structure/catacombs/chest_forgotten.nbt; Também variante equipada em Depleted Mine quando Y≤0; Forgotten.populateDefaultEquipmentSlots.,Equipamento na morte,undergarden:cloggrum_axe,0–1,"Fora mine/elite: nextBoolean false,50% para selecionar arma; Atribuição ao jogador/recentemente atingido; equipamento ainda no slot, não vazio nem PreventEquipmentDrop/Vanishing. Chance padrão por slot8.5%, +1p.p./nível de Saque pelo enchantment/equipment_drops vanilla1.21.1; danifica equipamento antes de entregar. Chance0 é descartada antes do bônus. Condições/snapshot NBT podem alterar estado.",Ferramenta/arma (axe),Alta no recurso/código da build auditada; configuração efetiva do pack não confirmada,/images/bestiary/audited/ug/forgotten.png,quek/undergarden/client/model/ForgottenModel.class; quek/undergarden/client/render/entity/ForgottenRenderer.class; assets/undergarden/textures/entity/forgotten.png; assets/undergarden/textures/entity/forgotten_eyes.png; quek/undergarden/client/render/layer/BasicEyesLayer.class; minecraft:HumanoidModel; output-ug/proveniencia.json,evidence-ug/decompiled-full/quek/undergarden/entity/monster/Forgotten.java:populateDefaultEquipmentSlots; evidence-ug/decompiled-full/quek/undergarden/registry/UGItems.java; evidence-vanilla-lote8/btp.java (Mob.dropCustomDeathLoot); evidence/minecraft-1.21.1-client.jar::data/minecraft/enchantment/looting.json; evidence-ug/decompiled-full/quek/undergarden/entity/monster/Forgotten.java,/bestiary/receitas/ug.html#receita-forgotten-axe-smithing | [Receita forgotten_axe_smithing](lote-5-mods-2026-10-06/ug-cards-2026-10-06.md#receita-forgotten-axe-smithing) — evidence-ug/The_Undergarden-1.21.1-0.9.6.jar::data/undergarden/recipe/forgotten_axe_smithing.json
Denizen,The Undergarden,Criatura hostil; alvos/ataques próprios na classe,"Bioma depths, categoria monster, peso 50, grupo 1–4; evidence-ug/The_Undergarden-1.21.1-0.9.6.jar::data/undergarden/worldgen/biome/depths.json; Bioma puff_mushroom_forest, categoria monster, peso 50, grupo 1–4; evidence-ug/The_Undergarden-1.21.1-0.9.6.jar::data/undergarden/worldgen/biome/puff_mushroom_forest.json; ",Loot de morte,undergarden:denizen_mask,1,"Build 0.9.6; ; morte atribuída ao jogador; sem Saque 5%; Saque I 6%, +1 p.p./nível acima de I; pool 1: 1 sorteio(s), peso bruto 1/1; peso condicionado aos candidatos elegíveis; reposição em múltiplos sorteios",Máscara equipável na cabeça: uso troca para EquipmentSlot.HEAD (DenizenMaskItem). Não foi atribuído bônus de combate sem código correspondente.,Alta no recurso/código da build auditada; configuração efetiva do pack não confirmada,/images/bestiary/audited/ug/denizen-short.png,quek/undergarden/client/model/DenizenModel.class; quek/undergarden/client/render/entity/DenizenRenderer.class; assets/undergarden/textures/entity/denizen.png; assets/undergarden/textures/entity/denizen_eyes.png; quek/undergarden/client/render/layer/DenizenEyesLayer.class; quek/undergarden/client/model/FixedHumanoidModel.class; quek/undergarden/client/model/Denizen2Model.class; assets/undergarden/textures/entity/denizen2.png; assets/undergarden/textures/entity/denizen2_eyes.png; output-ug/proveniencia.json,evidence-ug/The_Undergarden-1.21.1-0.9.6.jar::data/undergarden/loot_table/entities/denizen.json; evidence-ug/decompiled-full/quek/undergarden/entity/monster/denizen/Denizen.java; evidence-ug/decompiled-full/quek/undergarden/registry/UGItems.java; evidence-ug/decompiled-full/quek/undergarden/registry/UGFoods.java,"Não aplicável: uso direto, interação ou sem receita identificada; fontes na linha"
Denizen,The Undergarden,Criatura hostil; alvos/ataques próprios na classe,"Bioma depths, categoria monster, peso 50, grupo 1–4; evidence-ug/The_Undergarden-1.21.1-0.9.6.jar::data/undergarden/worldgen/biome/depths.json; Bioma puff_mushroom_forest, categoria monster, peso 50, grupo 1–4; evidence-ug/The_Undergarden-1.21.1-0.9.6.jar::data/undergarden/worldgen/biome/puff_mushroom_forest.json; ",Equipamento na morte,undergarden:spear,0–1,"Chance de equipar25% (dois nextBoolean true); outros50% sem arma; Atribuição ao jogador/recentemente atingido; equipamento ainda no slot, não vazio nem PreventEquipmentDrop/Vanishing. Chance padrão por slot8.5%, +1p.p./nível de Saque pelo enchantment/equipment_drops vanilla1.21.1; danifica equipamento antes de entregar. Chance0 é descartada antes do bônus. Condições/snapshot NBT podem alterar estado.",Arma/ferramenta empunhada; Spear tem uso de lança na classe registrada,Alta no recurso/código da build auditada; configuração efetiva do pack não confirmada,/images/bestiary/audited/ug/denizen-short.png,quek/undergarden/client/model/DenizenModel.class; quek/undergarden/client/render/entity/DenizenRenderer.class; assets/undergarden/textures/entity/denizen.png; assets/undergarden/textures/entity/denizen_eyes.png; quek/undergarden/client/render/layer/DenizenEyesLayer.class; quek/undergarden/client/model/FixedHumanoidModel.class; quek/undergarden/client/model/Denizen2Model.class; assets/undergarden/textures/entity/denizen2.png; assets/undergarden/textures/entity/denizen2_eyes.png; output-ug/proveniencia.json,evidence-ug/decompiled-full/quek/undergarden/entity/monster/denizen/Denizen.java:populateDefaultEquipmentSlots; evidence-vanilla-lote8/btp.java (Mob.dropCustomDeathLoot); evidence/minecraft-1.21.1-client.jar::data/minecraft/enchantment/looting.json; evidence-ug/decompiled-full/quek/undergarden/entity/monster/denizen/Denizen.java,"Não aplicável: uso direto, interação ou sem receita identificada; fontes na linha"
Denizen,The Undergarden,Criatura hostil; alvos/ataques próprios na classe,"Bioma depths, categoria monster, peso 50, grupo 1–4; evidence-ug/The_Undergarden-1.21.1-0.9.6.jar::data/undergarden/worldgen/biome/depths.json; Bioma puff_mushroom_forest, categoria monster, peso 50, grupo 1–4; evidence-ug/The_Undergarden-1.21.1-0.9.6.jar::data/undergarden/worldgen/biome/puff_mushroom_forest.json; ",Equipamento na morte,minecraft:wooden_sword,0–1,"Chance de equipar12.5% (true,false,true); outros50% sem arma; Atribuição ao jogador/recentemente atingido; equipamento ainda no slot, não vazio nem PreventEquipmentDrop/Vanishing. Chance padrão por slot8.5%, +1p.p./nível de Saque pelo enchantment/equipment_drops vanilla1.21.1; danifica equipamento antes de entregar. Chance0 é descartada antes do bônus. Condições/snapshot NBT podem alterar estado.",Arma/ferramenta empunhada; Spear tem uso de lança na classe registrada,Alta no recurso/código da build auditada; configuração efetiva do pack não confirmada,/images/bestiary/audited/ug/denizen-short.png,quek/undergarden/client/model/DenizenModel.class; quek/undergarden/client/render/entity/DenizenRenderer.class; assets/undergarden/textures/entity/denizen.png; assets/undergarden/textures/entity/denizen_eyes.png; quek/undergarden/client/render/layer/DenizenEyesLayer.class; quek/undergarden/client/model/FixedHumanoidModel.class; quek/undergarden/client/model/Denizen2Model.class; assets/undergarden/textures/entity/denizen2.png; assets/undergarden/textures/entity/denizen2_eyes.png; output-ug/proveniencia.json,evidence-ug/decompiled-full/quek/undergarden/entity/monster/denizen/Denizen.java:populateDefaultEquipmentSlots; evidence-vanilla-lote8/btp.java (Mob.dropCustomDeathLoot); evidence/minecraft-1.21.1-client.jar::data/minecraft/enchantment/looting.json; evidence-ug/decompiled-full/quek/undergarden/entity/monster/denizen/Denizen.java,Não aplicável: nenhuma receita que usa este item identificada nos JSONs vanilla1.21.1; uso direto descrito
Denizen,The Undergarden,Criatura hostil; alvos/ataques próprios na classe,"Bioma depths, categoria monster, peso 50, grupo 1–4; evidence-ug/The_Undergarden-1.21.1-0.9.6.jar::data/undergarden/worldgen/biome/depths.json; Bioma puff_mushroom_forest, categoria monster, peso 50, grupo 1–4; evidence-ug/The_Undergarden-1.21.1-0.9.6.jar::data/undergarden/worldgen/biome/puff_mushroom_forest.json; ",Equipamento na morte,minecraft:wooden_axe,0–1,"Chance de equipar12.5% (true,false,false); outros50% sem arma; Atribuição ao jogador/recentemente atingido; equipamento ainda no slot, não vazio nem PreventEquipmentDrop/Vanishing. Chance padrão por slot8.5%, +1p.p./nível de Saque pelo enchantment/equipment_drops vanilla1.21.1; danifica equipamento antes de entregar. Chance0 é descartada antes do bônus. Condições/snapshot NBT podem alterar estado.",Arma/ferramenta empunhada; Spear tem uso de lança na classe registrada,Alta no recurso/código da build auditada; configuração efetiva do pack não confirmada,/images/bestiary/audited/ug/denizen-short.png,quek/undergarden/client/model/DenizenModel.class; quek/undergarden/client/render/entity/DenizenRenderer.class; assets/undergarden/textures/entity/denizen.png; assets/undergarden/textures/entity/denizen_eyes.png; quek/undergarden/client/render/layer/DenizenEyesLayer.class; quek/undergarden/client/model/FixedHumanoidModel.class; quek/undergarden/client/model/Denizen2Model.class; assets/undergarden/textures/entity/denizen2.png; assets/undergarden/textures/entity/denizen2_eyes.png; output-ug/proveniencia.json,evidence-ug/decompiled-full/quek/undergarden/entity/monster/denizen/Denizen.java:populateDefaultEquipmentSlots; evidence-vanilla-lote8/btp.java (Mob.dropCustomDeathLoot); evidence/minecraft-1.21.1-client.jar::data/minecraft/enchantment/looting.json; evidence-ug/decompiled-full/quek/undergarden/entity/monster/denizen/Denizen.java,Não aplicável: nenhuma receita que usa este item identificada nos JSONs vanilla1.21.1; uso direto descrito
Mysterious Pot,The Undergarden,"Criatura disfarçada como vaso, ativação/fuga próprias; não classificada como animal de reprodução",Estruturas com entidade/spawner data/undergarden/structure/forgotten_vestige/mysterious_pot.nbt; ,Loot de morte,undergarden:cloggrum_nugget,1–9,"Build 0.9.6; ; pool 1: 1–3 sorteio(s), peso bruto 50/163; peso condicionado aos candidatos elegíveis; reposição em múltiplos sorteios; set_count ","Ingrediente nas receitas versionadas para: undergarden:cloggrum_ingot, undergarden:cloggrum_lantern",Alta no recurso/código da build auditada; configuração efetiva do pack não confirmada,/images/bestiary/audited/ug/mysterious-pot.png,quek/undergarden/client/model/MysteriousPotModel.class; quek/undergarden/client/render/entity/MysteriousPotRenderer.class; assets/undergarden/textures/entity/potguy.png; assets/undergarden/textures/entity/potguy_eyes.png; quek/undergarden/client/render/layer/BasicEyesLayer.class; output-ug/proveniencia.json,evidence-ug/The_Undergarden-1.21.1-0.9.6.jar::data/undergarden/loot_table/entities/mysterious_pot.json; evidence-ug/decompiled-full/quek/undergarden/entity/animal/MysteriousPot.java; evidence-ug/decompiled-full/quek/undergarden/registry/UGItems.java; evidence-ug/decompiled-full/quek/undergarden/registry/UGFoods.java,/bestiary/receitas/ug.html#receita-cloggrum-lantern | [Receita cloggrum_lantern](lote-5-mods-2026-10-06/ug-cards-2026-10-06.md#receita-cloggrum-lantern) — evidence-ug/The_Undergarden-1.21.1-0.9.6.jar::data/undergarden/recipe/cloggrum_lantern.json; [Receita cloggrum_nugget_to_ingot](lote-5-mods-2026-10-06/ug-cards-2026-10-06.md#receita-cloggrum-nugget-to-ingot) — evidence-ug/The_Undergarden-1.21.1-0.9.6.jar::data/undergarden/recipe/cloggrum_nugget_to_ingot.json
Mysterious Pot,The Undergarden,"Criatura disfarçada como vaso, ativação/fuga próprias; não classificada como animal de reprodução",Estruturas com entidade/spawner data/undergarden/structure/forgotten_vestige/mysterious_pot.nbt; ,Loot de morte,undergarden:froststeel_nugget,1–9,"Build 0.9.6; ; pool 1: 1–3 sorteio(s), peso bruto 50/163; peso condicionado aos candidatos elegíveis; reposição em múltiplos sorteios; set_count ",Ingrediente nas receitas versionadas para: undergarden:froststeel_ingot,Alta no recurso/código da build auditada; configuração efetiva do pack não confirmada,/images/bestiary/audited/ug/mysterious-pot.png,quek/undergarden/client/model/MysteriousPotModel.class; quek/undergarden/client/render/entity/MysteriousPotRenderer.class; assets/undergarden/textures/entity/potguy.png; assets/undergarden/textures/entity/potguy_eyes.png; quek/undergarden/client/render/layer/BasicEyesLayer.class; output-ug/proveniencia.json,evidence-ug/The_Undergarden-1.21.1-0.9.6.jar::data/undergarden/loot_table/entities/mysterious_pot.json; evidence-ug/decompiled-full/quek/undergarden/entity/animal/MysteriousPot.java; evidence-ug/decompiled-full/quek/undergarden/registry/UGItems.java; evidence-ug/decompiled-full/quek/undergarden/registry/UGFoods.java,/bestiary/receitas/ug.html#receita-froststeel-nugget-to-ingot | [Receita froststeel_nugget_to_ingot](lote-5-mods-2026-10-06/ug-cards-2026-10-06.md#receita-froststeel-nugget-to-ingot) — evidence-ug/The_Undergarden-1.21.1-0.9.6.jar::data/undergarden/recipe/froststeel_nugget_to_ingot.json
Mysterious Pot,The Undergarden,"Criatura disfarçada como vaso, ativação/fuga próprias; não classificada como animal de reprodução",Estruturas com entidade/spawner data/undergarden/structure/forgotten_vestige/mysterious_pot.nbt; ,Loot de morte,undergarden:regalium_crystal,1–3,"Build 0.9.6; ; pool 1: 1–3 sorteio(s), peso bruto 25/163; peso condicionado aos candidatos elegíveis; reposição em múltiplos sorteios; set_count ",Moeda das 11 ofertas possíveis de Stoneborn; também material de receitas versionadas.,Alta no recurso/código da build auditada; configuração efetiva do pack não confirmada,/images/bestiary/audited/ug/mysterious-pot.png,quek/undergarden/client/model/MysteriousPotModel.class; quek/undergarden/client/render/entity/MysteriousPotRenderer.class; assets/undergarden/textures/entity/potguy.png; assets/undergarden/textures/entity/potguy_eyes.png; quek/undergarden/client/render/layer/BasicEyesLayer.class; output-ug/proveniencia.json,evidence-ug/The_Undergarden-1.21.1-0.9.6.jar::data/undergarden/loot_table/entities/mysterious_pot.json; evidence-ug/decompiled-full/quek/undergarden/entity/animal/MysteriousPot.java; evidence-ug/decompiled-full/quek/undergarden/registry/UGItems.java; evidence-ug/decompiled-full/quek/undergarden/registry/UGFoods.java,/bestiary/receitas/ug.html#receita-regalium-block | [Receita regalium_block](lote-5-mods-2026-10-06/ug-cards-2026-10-06.md#receita-regalium-block) — evidence-ug/The_Undergarden-1.21.1-0.9.6.jar::data/undergarden/recipe/regalium_block.json
Mysterious Pot,The Undergarden,"Criatura disfarçada como vaso, ativação/fuga próprias; não classificada como animal de reprodução",Estruturas com entidade/spawner data/undergarden/structure/forgotten_vestige/mysterious_pot.nbt; ,Loot de morte,undergarden:utheric_shard,1–3,"Build 0.9.6; ; pool 1: 1–3 sorteio(s), peso bruto 25/163; peso condicionado aos candidatos elegíveis; reposição em múltiplos sorteios; set_count ","Ingrediente nas receitas versionadas para: undergarden:shard_torch, undergarden:utheric_cluster",Alta no recurso/código da build auditada; configuração efetiva do pack não confirmada,/images/bestiary/audited/ug/mysterious-pot.png,quek/undergarden/client/model/MysteriousPotModel.class; quek/undergarden/client/render/entity/MysteriousPotRenderer.class; assets/undergarden/textures/entity/potguy.png; assets/undergarden/textures/entity/potguy_eyes.png; quek/undergarden/client/render/layer/BasicEyesLayer.class; output-ug/proveniencia.json,evidence-ug/The_Undergarden-1.21.1-0.9.6.jar::data/undergarden/loot_table/entities/mysterious_pot.json; evidence-ug/decompiled-full/quek/undergarden/entity/animal/MysteriousPot.java; evidence-ug/decompiled-full/quek/undergarden/registry/UGItems.java; evidence-ug/decompiled-full/quek/undergarden/registry/UGFoods.java,/bestiary/receitas/ug.html#receita-shard-torch | [Receita shard_torch](lote-5-mods-2026-10-06/ug-cards-2026-10-06.md#receita-shard-torch) — evidence-ug/The_Undergarden-1.21.1-0.9.6.jar::data/undergarden/recipe/shard_torch.json; [Receita utheric_cluster](lote-5-mods-2026-10-06/ug-cards-2026-10-06.md#receita-utheric-cluster) — evidence-ug/The_Undergarden-1.21.1-0.9.6.jar::data/undergarden/recipe/utheric_cluster.json
Mysterious Pot,The Undergarden,"Criatura disfarçada como vaso, ativação/fuga próprias; não classificada como animal de reprodução",Estruturas com entidade/spawner data/undergarden/structure/forgotten_vestige/mysterious_pot.nbt; ,Loot de morte,minecraft:diamond,1,"Build 0.9.6; ; pool 1: 1–3 sorteio(s), peso bruto 5/163; peso condicionado aos candidatos elegíveis; reposição em múltiplos sorteios","Ferramentas, armaduras e crafts de diamante",Alta no recurso/código da build auditada; configuração efetiva do pack não confirmada,/images/bestiary/audited/ug/mysterious-pot.png,quek/undergarden/client/model/MysteriousPotModel.class; quek/undergarden/client/render/entity/MysteriousPotRenderer.class; assets/undergarden/textures/entity/potguy.png; assets/undergarden/textures/entity/potguy_eyes.png; quek/undergarden/client/render/layer/BasicEyesLayer.class; output-ug/proveniencia.json,evidence-ug/The_Undergarden-1.21.1-0.9.6.jar::data/undergarden/loot_table/entities/mysterious_pot.json; evidence-ug/decompiled-full/quek/undergarden/entity/animal/MysteriousPot.java; evidence-ug/decompiled-full/quek/undergarden/registry/UGItems.java; evidence-ug/decompiled-full/quek/undergarden/registry/UGFoods.java,/bestiary/receitas/ug.html#receita-bolt-armor-trim-smithing-template | [Receita bolt_armor_trim_smithing_template](lote-5-mods-2026-10-06/ug-cards-2026-10-06.md#receita-bolt-armor-trim-smithing-template) — evidence/minecraft-1.21.1-client.jar::data/minecraft/recipe/bolt_armor_trim_smithing_template.json; [Receita coast_armor_trim_smithing_template](lote-5-mods-2026-10-06/ug-cards-2026-10-06.md#receita-coast-armor-trim-smithing-template) — evidence/minecraft-1.21.1-client.jar::data/minecraft/recipe/coast_armor_trim_smithing_template.json; [Receita diamond_axe](lote-5-mods-2026-10-06/ug-cards-2026-10-06.md#receita-diamond-axe) — evidence/minecraft-1.21.1-client.jar::data/minecraft/recipe/diamond_axe.json; [Receita diamond_block](lote-5-mods-2026-10-06/ug-cards-2026-10-06.md#receita-diamond-block) — evidence/minecraft-1.21.1-client.jar::data/minecraft/recipe/diamond_block.json; [Receita diamond_boots](lote-5-mods-2026-10-06/ug-cards-2026-10-06.md#receita-diamond-boots) — evidence/minecraft-1.21.1-client.jar::data/minecraft/recipe/diamond_boots.json; [Receita diamond_chestplate](lote-5-mods-2026-10-06/ug-cards-2026-10-06.md#receita-diamond-chestplate) — evidence/minecraft-1.21.1-client.jar::data/minecraft/recipe/diamond_chestplate.json; [Receita diamond_helmet](lote-5-mods-2026-10-06/ug-cards-2026-10-06.md#receita-diamond-helmet) — evidence/minecraft-1.21.1-client.jar::data/minecraft/recipe/diamond_helmet.json; [Receita diamond_hoe](lote-5-mods-2026-10-06/ug-cards-2026-10-06.md#receita-diamond-hoe) — evidence/minecraft-1.21.1-client.jar::data/minecraft/recipe/diamond_hoe.json; [Receita diamond_leggings](lote-5-mods-2026-10-06/ug-cards-2026-10-06.md#receita-diamond-leggings) — evidence/minecraft-1.21.1-client.jar::data/minecraft/recipe/diamond_leggings.json; [Receita diamond_pickaxe](lote-5-mods-2026-10-06/ug-cards-2026-10-06.md#receita-diamond-pickaxe) — evidence/minecraft-1.21.1-client.jar::data/minecraft/recipe/diamond_pickaxe.json; [Receita diamond_shovel](lote-5-mods-2026-10-06/ug-cards-2026-10-06.md#receita-diamond-shovel) — evidence/minecraft-1.21.1-client.jar::data/minecraft/recipe/diamond_shovel.json; [Receita diamond_sword](lote-5-mods-2026-10-06/ug-cards-2026-10-06.md#receita-diamond-sword) — evidence/minecraft-1.21.1-client.jar::data/minecraft/recipe/diamond_sword.json; [Receita dune_armor_trim_smithing_template](lote-5-mods-2026-10-06/ug-cards-2026-10-06.md#receita-dune-armor-trim-smithing-template) — evidence/minecraft-1.21.1-client.jar::data/minecraft/recipe/dune_armor_trim_smithing_template.json; [Receita enchanting_table](lote-5-mods-2026-10-06/ug-cards-2026-10-06.md#receita-enchanting-table) — evidence/minecraft-1.21.1-client.jar::data/minecraft/recipe/enchanting_table.json; [Receita eye_armor_trim_smithing_template](lote-5-mods-2026-10-06/ug-cards-2026-10-06.md#receita-eye-armor-trim-smithing-template) — evidence/minecraft-1.21.1-client.jar::data/minecraft/recipe/eye_armor_trim_smithing_template.json; [Receita flow_armor_trim_smithing_template](lote-5-mods-2026-10-06/ug-cards-2026-10-06.md#receita-flow-armor-trim-smithing-template) — evidence/minecraft-1.21.1-client.jar::data/minecraft/recipe/flow_armor_trim_smithing_template.json; [Receita host_armor_trim_smithing_template](lote-5-mods-2026-10-06/ug-cards-2026-10-06.md#receita-host-armor-trim-smithing-template) — evidence/minecraft-1.21.1-client.jar::data/minecraft/recipe/host_armor_trim_smithing_template.json; [Receita jukebox](lote-5-mods-2026-10-06/ug-cards-2026-10-06.md#receita-jukebox) — evidence/minecraft-1.21.1-client.jar::data/minecraft/recipe/jukebox.json; [Receita netherite_upgrade_smithing_template](lote-5-mods-2026-10-06/ug-cards-2026-10-06.md#receita-netherite-upgrade-smithing-template) — evidence/minecraft-1.21.1-client.jar::data/minecraft/recipe/netherite_upgrade_smithing_template.json; [Receita raiser_armor_trim_smithing_template](lote-5-mods-2026-10-06/ug-cards-2026-10-06.md#receita-raiser-armor-trim-smithing-template) — evidence/minecraft-1.21.1-client.jar::data/minecraft/recipe/raiser_armor_trim_smithing_template.json; [Receita rib_armor_trim_smithing_template](lote-5-mods-2026-10-06/ug-cards-2026-10-06.md#receita-rib-armor-trim-smithing-template) — evidence/minecraft-1.21.1-client.jar::data/minecraft/recipe/rib_armor_trim_smithing_template.json; [Receita sentry_armor_trim_smithing_template](lote-5-mods-2026-10-06/ug-cards-2026-10-06.md#receita-sentry-armor-trim-smithing-template) — evidence/minecraft-1.21.1-client.jar::data/minecraft/recipe/sentry_armor_trim_smithing_template.json; [Receita shaper_armor_trim_smithing_template](lote-5-mods-2026-10-06/ug-cards-2026-10-06.md#receita-shaper-armor-trim-smithing-template) — evidence/minecraft-1.21.1-client.jar::data/minecraft/recipe/shaper_armor_trim_smithing_template.json; [Receita silence_armor_trim_smithing_template](lote-5-mods-2026-10-06/ug-cards-2026-10-06.md#receita-silence-armor-trim-smithing-template) — evidence/minecraft-1.21.1-client.jar::data/minecraft/recipe/silence_armor_trim_smithing_template.json; [Receita snout_armor_trim_smithing_template](lote-5-mods-2026-10-06/ug-cards-2026-10-06.md#receita-snout-armor-trim-smithing-template) — evidence/minecraft-1.21.1-client.jar::data/minecraft/recipe/snout_armor_trim_smithing_template.json; [Receita spire_armor_trim_smithing_template](lote-5-mods-2026-10-06/ug-cards-2026-10-06.md#receita-spire-armor-trim-smithing-template) — evidence/minecraft-1.21.1-client.jar::data/minecraft/recipe/spire_armor_trim_smithing_template.json; [Receita tide_armor_trim_smithing_template](lote-5-mods-2026-10-06/ug-cards-2026-10-06.md#receita-tide-armor-trim-smithing-template) — evidence/minecraft-1.21.1-client.jar::data/minecraft/recipe/tide_armor_trim_smithing_template.json; [Receita vex_armor_trim_smithing_template](lote-5-mods-2026-10-06/ug-cards-2026-10-06.md#receita-vex-armor-trim-smithing-template) — evidence/minecraft-1.21.1-client.jar::data/minecraft/recipe/vex_armor_trim_smithing_template.json; [Receita ward_armor_trim_smithing_template](lote-5-mods-2026-10-06/ug-cards-2026-10-06.md#receita-ward-armor-trim-smithing-template) — evidence/minecraft-1.21.1-client.jar::data/minecraft/recipe/ward_armor_trim_smithing_template.json; [Receita wayfinder_armor_trim_smithing_template](lote-5-mods-2026-10-06/ug-cards-2026-10-06.md#receita-wayfinder-armor-trim-smithing-template) — evidence/minecraft-1.21.1-client.jar::data/minecraft/recipe/wayfinder_armor_trim_smithing_template.json; [Receita wild_armor_trim_smithing_template](lote-5-mods-2026-10-06/ug-cards-2026-10-06.md#receita-wild-armor-trim-smithing-template) — evidence/minecraft-1.21.1-client.jar::data/minecraft/recipe/wild_armor_trim_smithing_template.json
Mysterious Pot,The Undergarden,"Criatura disfarçada como vaso, ativação/fuga próprias; não classificada como animal de reprodução",Estruturas com entidade/spawner data/undergarden/structure/forgotten_vestige/mysterious_pot.nbt; ,Loot de morte,undergarden:music_disc_mammoth,1,"Build 0.9.6; ; pool 1: 1–3 sorteio(s), peso bruto 4/163; peso condicionado aos candidatos elegíveis; reposição em múltiplos sorteios",Reproduzir a faixa em jukebox; item musical da versão auditada,Alta no recurso/código da build auditada; configuração efetiva do pack não confirmada,/images/bestiary/audited/ug/mysterious-pot.png,quek/undergarden/client/model/MysteriousPotModel.class; quek/undergarden/client/render/entity/MysteriousPotRenderer.class; assets/undergarden/textures/entity/potguy.png; assets/undergarden/textures/entity/potguy_eyes.png; quek/undergarden/client/render/layer/BasicEyesLayer.class; output-ug/proveniencia.json,evidence-ug/The_Undergarden-1.21.1-0.9.6.jar::data/undergarden/loot_table/entities/mysterious_pot.json; evidence-ug/decompiled-full/quek/undergarden/entity/animal/MysteriousPot.java; evidence-ug/decompiled-full/quek/undergarden/registry/UGItems.java; evidence-ug/decompiled-full/quek/undergarden/registry/UGFoods.java,"Não aplicável: uso direto, interação ou sem receita identificada; fontes na linha"
Mysterious Pot,The Undergarden,"Criatura disfarçada como vaso, ativação/fuga próprias; não classificada como animal de reprodução",Estruturas com entidade/spawner data/undergarden/structure/forgotten_vestige/mysterious_pot.nbt; ,Loot de morte,undergarden:music_disc_relict,1,"Build 0.9.6; ; pool 1: 1–3 sorteio(s), peso bruto 4/163; peso condicionado aos candidatos elegíveis; reposição em múltiplos sorteios",Reproduzir a faixa em jukebox; item musical da versão auditada,Alta no recurso/código da build auditada; configuração efetiva do pack não confirmada,/images/bestiary/audited/ug/mysterious-pot.png,quek/undergarden/client/model/MysteriousPotModel.class; quek/undergarden/client/render/entity/MysteriousPotRenderer.class; assets/undergarden/textures/entity/potguy.png; assets/undergarden/textures/entity/potguy_eyes.png; quek/undergarden/client/render/layer/BasicEyesLayer.class; output-ug/proveniencia.json,evidence-ug/The_Undergarden-1.21.1-0.9.6.jar::data/undergarden/loot_table/entities/mysterious_pot.json; evidence-ug/decompiled-full/quek/undergarden/entity/animal/MysteriousPot.java; evidence-ug/decompiled-full/quek/undergarden/registry/UGItems.java; evidence-ug/decompiled-full/quek/undergarden/registry/UGFoods.java,"Não aplicável: uso direto, interação ou sem receita identificada; fontes na linha"
